solid OpenSCAD_Model
  facet normal 0.9969173337331281 -0.07845909572784442 -1.3395055603553266e-19
    outer loop
      vertex 5.35 81.75999999999999 0
      vertex 5.391859641976532 82.29187718113678 0
      vertex 5.391859641976532 82.29187718113678 4
    endloop
  endfacet
  facet normal 0.9969173337331279 0.07845909572784648 0
    outer loop
      vertex 5.35 81.75999999999999 0
      vertex 5.35 81.75999999999999 4
      vertex 5.391859641976532 81.22812281886321 0
    endloop
  endfacet
  facet normal 0.9969173337331281 -0.07845909572784442 0
    outer loop
      vertex 5.35 81.75999999999999 0
      vertex 5.391859641976532 82.29187718113678 4
      vertex 5.35 81.75999999999999 4
    endloop
  endfacet
  facet normal 0.9969173337331279 0.07845909572784648 0
    outer loop
      vertex 5.391859641976532 81.22812281886321 0
      vertex 5.35 81.75999999999999 4
      vertex 5.391859641976532 81.22812281886321 4
    endloop
  endfacet
  facet normal 0.38268343236509644 -0.923879532511284 -1.93354448688792e-18
    outer loop
      vertex 7.206432300885541 84.78942218224044 0
      vertex 7.699342219125179 84.99359215540352 0
      vertex 7.699342219125179 84.99359215540352 4
    endloop
  endfacet
  facet normal 0.23344536385590947 -0.9723699203976758 -2.1683142962041982e-18
    outer loop
      vertex 7.699342219125179 84.99359215540352 0
      vertex 8.218122818863215 85.11814035802347 0
      vertex 8.218122818863215 85.11814035802347 4
    endloop
  endfacet
  facet normal 0.6494480483301922 -0.7604059656000236 -2.3511456913528387e-18
    outer loop
      vertex 6.345836943965738 84.16416305603425 0
      vertex 6.751530142205591 84.51065778087482 0
      vertex 6.751530142205591 84.51065778087482 4
    endloop
  endfacet
  facet normal 0.852640164354096 -0.5224985647159426 -3.3311323906484532e-18
    outer loop
      vertex 5.720577817759549 83.30356769911445 0
      vertex 5.999342219125179 83.75846985779441 0
      vertex 5.999342219125179 83.75846985779441 4
    endloop
  endfacet
  facet normal 0.7604059656000255 -0.64944804833019 0
    outer loop
      vertex 6.345836943965738 84.16416305603425 0
      vertex 6.345836943965738 84.16416305603425 4
      vertex 5.999342219125179 83.75846985779441 0
    endloop
  endfacet
  facet normal 0.5224985647159365 -0.8526401643540998 -2.451646079923231e-18
    outer loop
      vertex 6.751530142205591 84.51065778087482 0
      vertex 7.206432300885541 84.78942218224044 0
      vertex 7.206432300885541 84.78942218224044 4
    endloop
  endfacet
  facet normal 0.23344536385590947 -0.9723699203976758 0
    outer loop
      vertex 7.699342219125179 84.99359215540352 0
      vertex 8.218122818863215 85.11814035802347 4
      vertex 7.699342219125179 84.99359215540352 4
    endloop
  endfacet
  facet normal 0.6494480483301922 -0.7604059656000236 0
    outer loop
      vertex 6.345836943965738 84.16416305603425 0
      vertex 6.751530142205591 84.51065778087482 4
      vertex 6.345836943965738 84.16416305603425 4
    endloop
  endfacet
  facet normal 0.7604059656000255 -0.64944804833019 0
    outer loop
      vertex 5.999342219125179 83.75846985779441 0
      vertex 6.345836943965738 84.16416305603425 4
      vertex 5.999342219125179 83.75846985779441 4
    endloop
  endfacet
  facet normal 0.5224985647159365 -0.8526401643540998 0
    outer loop
      vertex 6.751530142205591 84.51065778087482 0
      vertex 7.206432300885541 84.78942218224044 4
      vertex 6.751530142205591 84.51065778087482 4
    endloop
  endfacet
  facet normal 0.38268343236509644 -0.923879532511284 0
    outer loop
      vertex 7.206432300885541 84.78942218224044 0
      vertex 7.699342219125179 84.99359215540352 4
      vertex 7.206432300885541 84.78942218224044 4
    endloop
  endfacet
  facet normal 0.07845909572784047 -0.9969173337331283 -4.757142827377941e-19
    outer loop
      vertex 8.218122818863215 85.11814035802347 0
      vertex 8.75 85.16 0
      vertex 8.75 85.16 4
    endloop
  endfacet
  facet normal -0.07845909572784047 -0.9969173337331283 4.757142827377941e-19
    outer loop
      vertex 8.75 85.16 0
      vertex 9.281877181136785 85.11814035802347 0
      vertex 9.281877181136785 85.11814035802347 4
    endloop
  endfacet
  facet normal -0.23344536385590905 -0.9723699203976757 2.3563462776146015e-18
    outer loop
      vertex 9.281877181136785 85.11814035802347 0
      vertex 9.800657780874822 84.99359215540352 0
      vertex 9.800657780874822 84.99359215540352 4
    endloop
  endfacet
  facet normal -0.38268343236509766 -0.9238795325112835 2.8033519848921234e-18
    outer loop
      vertex 9.800657780874822 84.99359215540352 0
      vertex 10.293567699114458 84.78942218224044 0
      vertex 10.293567699114458 84.78942218224044 4
    endloop
  endfacet
  facet normal -0.5224985647159365 -0.8526401643540998 2.451646079923231e-18
    outer loop
      vertex 10.293567699114458 84.78942218224044 0
      vertex 10.748469857794408 84.51065778087482 0
      vertex 10.748469857794408 84.51065778087482 4
    endloop
  endfacet
  facet normal 0.07845909572784047 -0.9969173337331283 0
    outer loop
      vertex 8.218122818863215 85.11814035802347 0
      vertex 8.75 85.16 4
      vertex 8.218122818863215 85.11814035802347 4
    endloop
  endfacet
  facet normal -0.07845909572784047 -0.9969173337331283 0
    outer loop
      vertex 8.75 85.16 0
      vertex 9.281877181136785 85.11814035802347 4
      vertex 8.75 85.16 4
    endloop
  endfacet
  facet normal -0.23344536385590905 -0.9723699203976757 0
    outer loop
      vertex 9.281877181136785 85.11814035802347 0
      vertex 9.800657780874822 84.99359215540352 4
      vertex 9.281877181136785 85.11814035802347 4
    endloop
  endfacet
  facet normal -0.38268343236509766 -0.9238795325112835 0
    outer loop
      vertex 9.800657780874822 84.99359215540352 0
      vertex 10.293567699114458 84.78942218224044 4
      vertex 9.800657780874822 84.99359215540352 4
    endloop
  endfacet
  facet normal -0.5224985647159365 -0.8526401643540998 0
    outer loop
      vertex 10.293567699114458 84.78942218224044 0
      vertex 10.748469857794408 84.51065778087482 4
      vertex 10.293567699114458 84.78942218224044 4
    endloop
  endfacet
  facet normal 0.9238795325112855 -0.3826834323650929 -2.794813439920586e-18
    outer loop
      vertex 5.516407844596478 82.81065778087482 0
      vertex 5.720577817759549 83.30356769911445 0
      vertex 5.720577817759549 83.30356769911445 4
    endloop
  endfacet
  facet normal 0.9723699203976764 -0.23344536385590592 0
    outer loop
      vertex 5.516407844596478 82.81065778087482 0
      vertex 5.516407844596478 82.81065778087482 4
      vertex 5.391859641976532 82.29187718113678 0
    endloop
  endfacet
  facet normal 0.9723699203976764 0.23344536385590592 0
    outer loop
      vertex 5.391859641976532 81.22812281886321 0
      vertex 5.391859641976532 81.22812281886321 4
      vertex 5.516407844596478 80.70934221912518 0
    endloop
  endfacet
  facet normal 0.852640164354096 -0.5224985647159426 0
    outer loop
      vertex 5.720577817759549 83.30356769911445 0
      vertex 5.999342219125179 83.75846985779441 4
      vertex 5.720577817759549 83.30356769911445 4
    endloop
  endfacet
  facet normal 0.9238795325112855 -0.3826834323650929 0
    outer loop
      vertex 5.516407844596478 82.81065778087482 0
      vertex 5.720577817759549 83.30356769911445 4
      vertex 5.516407844596478 82.81065778087482 4
    endloop
  endfacet
  facet normal 0.9723699203976764 -0.23344536385590592 0
    outer loop
      vertex 5.391859641976532 82.29187718113678 0
      vertex 5.516407844596478 82.81065778087482 4
      vertex 5.391859641976532 82.29187718113678 4
    endloop
  endfacet
  facet normal 0.9723699203976764 0.23344536385590592 0
    outer loop
      vertex 5.516407844596478 80.70934221912518 0
      vertex 5.391859641976532 81.22812281886321 4
      vertex 5.516407844596478 80.70934221912518 4
    endloop
  endfacet
  facet normal -0.6494480483301914 -0.7604059656000243 1.2088281990751514e-18
    outer loop
      vertex 10.748469857794408 84.51065778087482 0
      vertex 11.154163056034262 84.16416305603425 0
      vertex 11.154163056034262 84.16416305603425 4
    endloop
  endfacet
  facet normal -0.7604059656000255 -0.64944804833019 -2.6911596650354423e-18
    outer loop
      vertex 11.154163056034262 84.16416305603425 0
      vertex 11.500657780874821 83.75846985779441 0
      vertex 11.500657780874821 83.75846985779441 4
    endloop
  endfacet
  facet normal -0.6494480483301914 -0.7604059656000243 0
    outer loop
      vertex 10.748469857794408 84.51065778087482 0
      vertex 11.154163056034262 84.16416305603425 4
      vertex 10.748469857794408 84.51065778087482 4
    endloop
  endfacet
  facet normal -0.7604059656000255 -0.64944804833019 0
    outer loop
      vertex 11.154163056034262 84.16416305603425 0
      vertex 11.500657780874821 83.75846985779441 4
      vertex 11.154163056034262 84.16416305603425 4
    endloop
  endfacet
  facet normal -0.852640164354096 -0.5224985647159426 0
    outer loop
      vertex 11.500657780874821 83.75846985779441 0
      vertex 11.77942218224045 83.30356769911445 4
      vertex 11.500657780874821 83.75846985779441 4
    endloop
  endfacet
  facet normal -0.852640164354096 -0.5224985647159426 3.3311323906484532e-18
    outer loop
      vertex 11.500657780874821 83.75846985779441 0
      vertex 11.77942218224045 83.30356769911445 0
      vertex 11.77942218224045 83.30356769911445 4
    endloop
  endfacet
  facet normal -0.9238795325112861 -0.3826834323650915 -1.5598304679423213e-19
    outer loop
      vertex 11.77942218224045 83.30356769911445 0
      vertex 11.983592155403521 82.81065778087482 0
      vertex 11.983592155403521 82.81065778087482 4
    endloop
  endfacet
  facet normal -0.9723699203976757 -0.23344536385590905 2.3563462776146015e-18
    outer loop
      vertex 11.983592155403521 82.81065778087482 0
      vertex 12.10814035802347 82.29187718113678 0
      vertex 12.10814035802347 82.29187718113678 4
    endloop
  endfacet
  facet normal -0.9969173337331281 0.07845909572784483 4.876436785136246e-19
    outer loop
      vertex 12.15 81.75999999999999 0
      vertex 12.10814035802347 81.22812281886321 0
      vertex 12.10814035802347 81.22812281886321 4
    endloop
  endfacet
  facet normal -0.9723699203976757 0.23344536385590905 -2.3563462776146015e-18
    outer loop
      vertex 12.10814035802347 81.22812281886321 0
      vertex 11.983592155403521 80.70934221912518 0
      vertex 11.983592155403521 80.70934221912518 4
    endloop
  endfacet
  facet normal -0.9969173337331281 -0.07845909572784275 3.949748936286293e-19
    outer loop
      vertex 12.10814035802347 82.29187718113678 0
      vertex 12.15 81.75999999999999 0
      vertex 12.15 81.75999999999999 4
    endloop
  endfacet
  facet normal -0.9238795325112861 -0.3826834323650915 0
    outer loop
      vertex 11.77942218224045 83.30356769911445 0
      vertex 11.983592155403521 82.81065778087482 4
      vertex 11.77942218224045 83.30356769911445 4
    endloop
  endfacet
  facet normal -0.9723699203976757 -0.23344536385590905 0
    outer loop
      vertex 11.983592155403521 82.81065778087482 0
      vertex 12.10814035802347 82.29187718113678 4
      vertex 11.983592155403521 82.81065778087482 4
    endloop
  endfacet
  facet normal -0.9969173337331281 -0.07845909572784275 0
    outer loop
      vertex 12.10814035802347 82.29187718113678 0
      vertex 12.15 81.75999999999999 4
      vertex 12.10814035802347 82.29187718113678 4
    endloop
  endfacet
  facet normal -0.9723699203976757 0.23344536385590905 0
    outer loop
      vertex 12.10814035802347 81.22812281886321 0
      vertex 11.983592155403521 80.70934221912518 4
      vertex 12.10814035802347 81.22812281886321 4
    endloop
  endfacet
  facet normal -0.9969173337331281 0.07845909572784483 0
    outer loop
      vertex 12.15 81.75999999999999 0
      vertex 12.10814035802347 81.22812281886321 4
      vertex 12.15 81.75999999999999 4
    endloop
  endfacet
  facet normal 0.9238795325112855 0.3826834323650929 0
    outer loop
      vertex 5.516407844596478 80.70934221912518 0
      vertex 5.516407844596478 80.70934221912518 4
      vertex 5.720577817759549 80.21643230088554 0
    endloop
  endfacet
  facet normal 0.852640164354096 0.5224985647159426 0
    outer loop
      vertex 5.720577817759549 80.21643230088554 0
      vertex 5.720577817759549 80.21643230088554 4
      vertex 5.999342219125179 79.76153014220559 0
    endloop
  endfacet
  facet normal 0.7604059656000255 0.64944804833019 0
    outer loop
      vertex 5.999342219125179 79.76153014220559 0
      vertex 5.999342219125179 79.76153014220559 4
      vertex 6.345836943965738 79.35583694396574 0
    endloop
  endfacet
  facet normal 0.6494480483301922 0.7604059656000236 0
    outer loop
      vertex 6.345836943965738 79.35583694396574 0
      vertex 6.345836943965738 79.35583694396574 4
      vertex 6.751530142205591 79.00934221912517 0
    endloop
  endfacet
  facet normal 0.5224985647159365 0.8526401643540998 0
    outer loop
      vertex 6.751530142205591 79.00934221912517 0
      vertex 6.751530142205591 79.00934221912517 4
      vertex 7.206432300885541 78.73057781775955 0
    endloop
  endfacet
  facet normal 0.38268343236509644 0.923879532511284 0
    outer loop
      vertex 7.206432300885541 78.73057781775955 0
      vertex 7.206432300885541 78.73057781775955 4
      vertex 7.699342219125179 78.52640784459648 0
    endloop
  endfacet
  facet normal 0.23344536385590947 0.9723699203976758 0
    outer loop
      vertex 7.699342219125179 78.52640784459648 0
      vertex 7.699342219125179 78.52640784459648 4
      vertex 8.218122818863215 78.40185964197653 0
    endloop
  endfacet
  facet normal 0.9238795325112855 0.3826834323650929 0
    outer loop
      vertex 5.720577817759549 80.21643230088554 0
      vertex 5.516407844596478 80.70934221912518 4
      vertex 5.720577817759549 80.21643230088554 4
    endloop
  endfacet
  facet normal 0.852640164354096 0.5224985647159426 0
    outer loop
      vertex 5.999342219125179 79.76153014220559 0
      vertex 5.720577817759549 80.21643230088554 4
      vertex 5.999342219125179 79.76153014220559 4
    endloop
  endfacet
  facet normal 0.7604059656000255 0.64944804833019 0
    outer loop
      vertex 6.345836943965738 79.35583694396574 0
      vertex 5.999342219125179 79.76153014220559 4
      vertex 6.345836943965738 79.35583694396574 4
    endloop
  endfacet
  facet normal 0.6494480483301922 0.7604059656000236 0
    outer loop
      vertex 6.751530142205591 79.00934221912517 0
      vertex 6.345836943965738 79.35583694396574 4
      vertex 6.751530142205591 79.00934221912517 4
    endloop
  endfacet
  facet normal 0.5224985647159365 0.8526401643540998 0
    outer loop
      vertex 7.206432300885541 78.73057781775955 0
      vertex 6.751530142205591 79.00934221912517 4
      vertex 7.206432300885541 78.73057781775955 4
    endloop
  endfacet
  facet normal 0.38268343236509644 0.923879532511284 0
    outer loop
      vertex 7.699342219125179 78.52640784459648 0
      vertex 7.206432300885541 78.73057781775955 4
      vertex 7.699342219125179 78.52640784459648 4
    endloop
  endfacet
  facet normal 0.23344536385590947 0.9723699203976758 0
    outer loop
      vertex 8.218122818863215 78.40185964197653 0
      vertex 7.699342219125179 78.52640784459648 4
      vertex 8.218122818863215 78.40185964197653 4
    endloop
  endfacet
  facet normal 0.07845909572784047 0.9969173337331283 0
    outer loop
      vertex 8.218122818863215 78.40185964197653 0
      vertex 8.218122818863215 78.40185964197653 4
      vertex 8.75 78.36 0
    endloop
  endfacet
  facet normal -0.07845909572784047 0.9969173337331283 0
    outer loop
      vertex 8.75 78.36 0
      vertex 8.75 78.36 4
      vertex 9.281877181136785 78.40185964197653 0
    endloop
  endfacet
  facet normal -0.23344536385590905 0.9723699203976757 0
    outer loop
      vertex 9.281877181136785 78.40185964197653 0
      vertex 9.281877181136785 78.40185964197653 4
      vertex 9.800657780874822 78.52640784459648 0
    endloop
  endfacet
  facet normal -0.38268343236509766 0.9238795325112835 0
    outer loop
      vertex 9.800657780874822 78.52640784459648 0
      vertex 9.800657780874822 78.52640784459648 4
      vertex 10.293567699114458 78.73057781775955 0
    endloop
  endfacet
  facet normal -0.5224985647159365 0.8526401643540998 0
    outer loop
      vertex 10.293567699114458 78.73057781775955 0
      vertex 10.293567699114458 78.73057781775955 4
      vertex 10.748469857794408 79.00934221912517 0
    endloop
  endfacet
  facet normal 0.07845909572784047 0.9969173337331283 0
    outer loop
      vertex 8.75 78.36 0
      vertex 8.218122818863215 78.40185964197653 4
      vertex 8.75 78.36 4
    endloop
  endfacet
  facet normal -0.07845909572784047 0.9969173337331283 0
    outer loop
      vertex 9.281877181136785 78.40185964197653 0
      vertex 8.75 78.36 4
      vertex 9.281877181136785 78.40185964197653 4
    endloop
  endfacet
  facet normal -0.23344536385590905 0.9723699203976757 0
    outer loop
      vertex 9.800657780874822 78.52640784459648 0
      vertex 9.281877181136785 78.40185964197653 4
      vertex 9.800657780874822 78.52640784459648 4
    endloop
  endfacet
  facet normal -0.5224985647159365 0.8526401643540998 0
    outer loop
      vertex 10.748469857794408 79.00934221912517 0
      vertex 10.293567699114458 78.73057781775955 4
      vertex 10.748469857794408 79.00934221912517 4
    endloop
  endfacet
  facet normal -0.38268343236509766 0.9238795325112835 0
    outer loop
      vertex 10.293567699114458 78.73057781775955 0
      vertex 9.800657780874822 78.52640784459648 4
      vertex 10.293567699114458 78.73057781775955 4
    endloop
  endfacet
  facet normal -0.9238795325112861 0.3826834323650915 0
    outer loop
      vertex 11.77942218224045 80.21643230088554 0
      vertex 11.77942218224045 80.21643230088554 4
      vertex 11.983592155403521 80.70934221912518 0
    endloop
  endfacet
  facet normal -0.852640164354096 0.5224985647159426 -3.3311323906484532e-18
    outer loop
      vertex 11.77942218224045 80.21643230088554 0
      vertex 11.500657780874821 79.76153014220559 0
      vertex 11.500657780874821 79.76153014220559 4
    endloop
  endfacet
  facet normal -0.7604059656000255 0.64944804833019 0
    outer loop
      vertex 11.154163056034262 79.35583694396574 0
      vertex 11.154163056034262 79.35583694396574 4
      vertex 11.500657780874821 79.76153014220559 0
    endloop
  endfacet
  facet normal -0.6494480483301914 0.7604059656000243 0
    outer loop
      vertex 10.748469857794408 79.00934221912517 0
      vertex 10.748469857794408 79.00934221912517 4
      vertex 11.154163056034262 79.35583694396574 0
    endloop
  endfacet
  facet normal -0.9238795325112861 0.3826834323650915 0
    outer loop
      vertex 11.983592155403521 80.70934221912518 0
      vertex 11.77942218224045 80.21643230088554 4
      vertex 11.983592155403521 80.70934221912518 4
    endloop
  endfacet
  facet normal -0.852640164354096 0.5224985647159426 0
    outer loop
      vertex 11.77942218224045 80.21643230088554 0
      vertex 11.500657780874821 79.76153014220559 4
      vertex 11.77942218224045 80.21643230088554 4
    endloop
  endfacet
  facet normal -0.7604059656000255 0.64944804833019 0
    outer loop
      vertex 11.500657780874821 79.76153014220559 0
      vertex 11.154163056034262 79.35583694396574 4
      vertex 11.500657780874821 79.76153014220559 4
    endloop
  endfacet
  facet normal -0.6494480483301914 0.7604059656000243 0
    outer loop
      vertex 11.154163056034262 79.35583694396574 0
      vertex 10.748469857794408 79.00934221912517 4
      vertex 11.154163056034262 79.35583694396574 4
    endloop
  endfacet
  facet normal 0.23344536385590947 -0.9723699203976758 -2.1683142962041982e-18
    outer loop
      vertex 7.699342219125179 53.24359215540352 0
      vertex 8.218122818863215 53.36814035802347 0
      vertex 8.218122818863215 53.36814035802347 4
    endloop
  endfacet
  facet normal 0.6494480483301845 -0.7604059656000303 -4.97278575944634e-19
    outer loop
      vertex 6.345836943965738 52.41416305603426 0
      vertex 6.751530142205591 52.76065778087482 0
      vertex 6.751530142205591 52.76065778087482 4
    endloop
  endfacet
  facet normal 0.8526401643540924 -0.5224985647159486 4.944648866129541e-18
    outer loop
      vertex 5.720577817759549 51.55356769911446 0
      vertex 5.999342219125179 52.00846985779441 0
      vertex 5.999342219125179 52.00846985779441 4
    endloop
  endfacet
  facet normal 0.7604059656000312 -0.6494480483301834 0
    outer loop
      vertex 6.345836943965738 52.41416305603426 0
      vertex 6.345836943965738 52.41416305603426 4
      vertex 5.999342219125179 52.00846985779441 0
    endloop
  endfacet
  facet normal 0.5224985647159461 -0.8526401643540937 3.4653898769189964e-18
    outer loop
      vertex 6.751530142205591 52.76065778087482 0
      vertex 7.206432300885541 53.03942218224045 0
      vertex 7.206432300885541 53.03942218224045 4
    endloop
  endfacet
  facet normal 0.3826834323650851 -0.9238795325112887 2.1640840679216693e-18
    outer loop
      vertex 7.206432300885541 53.03942218224045 0
      vertex 7.699342219125179 53.24359215540352 0
      vertex 7.699342219125179 53.24359215540352 4
    endloop
  endfacet
  facet normal 0.23344536385590947 -0.9723699203976758 0
    outer loop
      vertex 7.699342219125179 53.24359215540352 0
      vertex 8.218122818863215 53.36814035802347 4
      vertex 7.699342219125179 53.24359215540352 4
    endloop
  endfacet
  facet normal 0.6494480483301845 -0.7604059656000303 0
    outer loop
      vertex 6.345836943965738 52.41416305603426 0
      vertex 6.751530142205591 52.76065778087482 4
      vertex 6.345836943965738 52.41416305603426 4
    endloop
  endfacet
  facet normal 0.7604059656000312 -0.6494480483301834 0
    outer loop
      vertex 5.999342219125179 52.00846985779441 0
      vertex 6.345836943965738 52.41416305603426 4
      vertex 5.999342219125179 52.00846985779441 4
    endloop
  endfacet
  facet normal 0.3826834323650851 -0.9238795325112887 0
    outer loop
      vertex 7.206432300885541 53.03942218224045 0
      vertex 7.699342219125179 53.24359215540352 4
      vertex 7.206432300885541 53.03942218224045 4
    endloop
  endfacet
  facet normal 0.5224985647159461 -0.8526401643540937 0
    outer loop
      vertex 6.751530142205591 52.76065778087482 0
      vertex 7.206432300885541 53.03942218224045 4
      vertex 6.751530142205591 52.76065778087482 4
    endloop
  endfacet
  facet normal 0.07845909572784047 -0.9969173337331283 -4.757142827377941e-19
    outer loop
      vertex 8.218122818863215 53.36814035802347 0
      vertex 8.75 53.41 0
      vertex 8.75 53.41 4
    endloop
  endfacet
  facet normal -0.07845909572784047 -0.9969173337331283 4.757142827377941e-19
    outer loop
      vertex 8.75 53.41 0
      vertex 9.281877181136785 53.36814035802347 0
      vertex 9.281877181136785 53.36814035802347 4
    endloop
  endfacet
  facet normal -0.23344536385590905 -0.9723699203976757 2.3563462776146015e-18
    outer loop
      vertex 9.281877181136785 53.36814035802347 0
      vertex 9.800657780874822 53.24359215540352 0
      vertex 9.800657780874822 53.24359215540352 4
    endloop
  endfacet
  facet normal -0.38268343236508634 -0.9238795325112883 -1.294276569923388e-18
    outer loop
      vertex 9.800657780874822 53.24359215540352 0
      vertex 10.293567699114458 53.03942218224045 0
      vertex 10.293567699114458 53.03942218224045 4
    endloop
  endfacet
  facet normal -0.5224985647159461 -0.8526401643540937 -3.4653898769189964e-18
    outer loop
      vertex 10.293567699114458 53.03942218224045 0
      vertex 10.748469857794408 52.76065778087482 0
      vertex 10.748469857794408 52.76065778087482 4
    endloop
  endfacet
  facet normal 0.07845909572784047 -0.9969173337331283 0
    outer loop
      vertex 8.218122818863215 53.36814035802347 0
      vertex 8.75 53.41 4
      vertex 8.218122818863215 53.36814035802347 4
    endloop
  endfacet
  facet normal -0.07845909572784047 -0.9969173337331283 0
    outer loop
      vertex 8.75 53.41 0
      vertex 9.281877181136785 53.36814035802347 4
      vertex 8.75 53.41 4
    endloop
  endfacet
  facet normal -0.23344536385590905 -0.9723699203976757 0
    outer loop
      vertex 9.281877181136785 53.36814035802347 0
      vertex 9.800657780874822 53.24359215540352 4
      vertex 9.281877181136785 53.36814035802347 4
    endloop
  endfacet
  facet normal -0.38268343236508634 -0.9238795325112883 0
    outer loop
      vertex 9.800657780874822 53.24359215540352 0
      vertex 10.293567699114458 53.03942218224045 4
      vertex 9.800657780874822 53.24359215540352 4
    endloop
  endfacet
  facet normal -0.5224985647159461 -0.8526401643540937 0
    outer loop
      vertex 10.293567699114458 53.03942218224045 0
      vertex 10.748469857794408 52.76065778087482 4
      vertex 10.293567699114458 53.03942218224045 4
    endloop
  endfacet
  facet normal 0.9969173337331279 -0.07845909572784544 3.073587300326346e-19
    outer loop
      vertex 5.35 50.01 0
      vertex 5.391859641976532 50.54187718113678 0
      vertex 5.391859641976532 50.54187718113678 4
    endloop
  endfacet
  facet normal 0.9969173337331279 0.07845909572784544 0
    outer loop
      vertex 5.35 50.01 0
      vertex 5.35 50.01 4
      vertex 5.391859641976532 49.47812281886321 0
    endloop
  endfacet
  facet normal 0.9969173337331279 -0.07845909572784544 0
    outer loop
      vertex 5.35 50.01 0
      vertex 5.391859641976532 50.54187718113678 4
      vertex 5.35 50.01 4
    endloop
  endfacet
  facet normal 0.9969173337331279 0.07845909572784544 0
    outer loop
      vertex 5.391859641976532 49.47812281886321 0
      vertex 5.35 50.01 4
      vertex 5.391859641976532 49.47812281886321 4
    endloop
  endfacet
  facet normal 0.9238795325112875 -0.3826834323650882 6.844165520814428e-19
    outer loop
      vertex 5.516407844596478 51.06065778087482 0
      vertex 5.720577817759549 51.55356769911446 0
      vertex 5.720577817759549 51.55356769911446 4
    endloop
  endfacet
  facet normal 0.9723699203976764 -0.23344536385590592 0
    outer loop
      vertex 5.516407844596478 51.06065778087482 0
      vertex 5.516407844596478 51.06065778087482 4
      vertex 5.391859641976532 50.54187718113678 0
    endloop
  endfacet
  facet normal 0.9723699203976764 0.23344536385590592 0
    outer loop
      vertex 5.391859641976532 49.47812281886321 0
      vertex 5.391859641976532 49.47812281886321 4
      vertex 5.516407844596478 48.959342219125176 0
    endloop
  endfacet
  facet normal 0.8526401643540924 -0.5224985647159486 0
    outer loop
      vertex 5.720577817759549 51.55356769911446 0
      vertex 5.999342219125179 52.00846985779441 4
      vertex 5.720577817759549 51.55356769911446 4
    endloop
  endfacet
  facet normal 0.9238795325112875 -0.3826834323650882 0
    outer loop
      vertex 5.516407844596478 51.06065778087482 0
      vertex 5.720577817759549 51.55356769911446 4
      vertex 5.516407844596478 51.06065778087482 4
    endloop
  endfacet
  facet normal 0.9723699203976764 -0.23344536385590592 0
    outer loop
      vertex 5.391859641976532 50.54187718113678 0
      vertex 5.516407844596478 51.06065778087482 4
      vertex 5.391859641976532 50.54187718113678 4
    endloop
  endfacet
  facet normal 0.9723699203976764 0.23344536385590592 0
    outer loop
      vertex 5.516407844596478 48.959342219125176 0
      vertex 5.391859641976532 49.47812281886321 4
      vertex 5.516407844596478 48.959342219125176 4
    endloop
  endfacet
  facet normal 0.9238795325112875 0.3826834323650882 0
    outer loop
      vertex 5.516407844596478 48.959342219125176 0
      vertex 5.516407844596478 48.959342219125176 4
      vertex 5.720577817759549 48.466432300885536 0
    endloop
  endfacet
  facet normal 0.8526401643540924 0.5224985647159486 0
    outer loop
      vertex 5.720577817759549 48.466432300885536 0
      vertex 5.720577817759549 48.466432300885536 4
      vertex 5.999342219125179 48.01153014220559 0
    endloop
  endfacet
  facet normal 0.7604059656000312 0.6494480483301834 0
    outer loop
      vertex 5.999342219125179 48.01153014220559 0
      vertex 5.999342219125179 48.01153014220559 4
      vertex 6.345836943965738 47.605836943965734 0
    endloop
  endfacet
  facet normal 0.6494480483301845 0.7604059656000303 0
    outer loop
      vertex 6.345836943965738 47.605836943965734 0
      vertex 6.345836943965738 47.605836943965734 4
      vertex 6.751530142205591 47.25934221912517 0
    endloop
  endfacet
  facet normal 0.5224985647159461 0.8526401643540937 0
    outer loop
      vertex 6.751530142205591 47.25934221912517 0
      vertex 6.751530142205591 47.25934221912517 4
      vertex 7.206432300885541 46.980577817759546 0
    endloop
  endfacet
  facet normal 0.3826834323650851 0.9238795325112887 0
    outer loop
      vertex 7.206432300885541 46.980577817759546 0
      vertex 7.206432300885541 46.980577817759546 4
      vertex 7.699342219125179 46.77640784459648 0
    endloop
  endfacet
  facet normal 0.23344536385590947 0.9723699203976758 0
    outer loop
      vertex 7.699342219125179 46.77640784459648 0
      vertex 7.699342219125179 46.77640784459648 4
      vertex 8.218122818863215 46.65185964197653 0
    endloop
  endfacet
  facet normal 0.9238795325112875 0.3826834323650882 0
    outer loop
      vertex 5.720577817759549 48.466432300885536 0
      vertex 5.516407844596478 48.959342219125176 4
      vertex 5.720577817759549 48.466432300885536 4
    endloop
  endfacet
  facet normal 0.8526401643540924 0.5224985647159486 0
    outer loop
      vertex 5.999342219125179 48.01153014220559 0
      vertex 5.720577817759549 48.466432300885536 4
      vertex 5.999342219125179 48.01153014220559 4
    endloop
  endfacet
  facet normal 0.7604059656000312 0.6494480483301834 0
    outer loop
      vertex 6.345836943965738 47.605836943965734 0
      vertex 5.999342219125179 48.01153014220559 4
      vertex 6.345836943965738 47.605836943965734 4
    endloop
  endfacet
  facet normal 0.6494480483301845 0.7604059656000303 0
    outer loop
      vertex 6.751530142205591 47.25934221912517 0
      vertex 6.345836943965738 47.605836943965734 4
      vertex 6.751530142205591 47.25934221912517 4
    endloop
  endfacet
  facet normal 0.5224985647159461 0.8526401643540937 0
    outer loop
      vertex 7.206432300885541 46.980577817759546 0
      vertex 6.751530142205591 47.25934221912517 4
      vertex 7.206432300885541 46.980577817759546 4
    endloop
  endfacet
  facet normal 0.3826834323650851 0.9238795325112887 0
    outer loop
      vertex 7.699342219125179 46.77640784459648 0
      vertex 7.206432300885541 46.980577817759546 4
      vertex 7.699342219125179 46.77640784459648 4
    endloop
  endfacet
  facet normal 0.23344536385590947 0.9723699203976758 0
    outer loop
      vertex 8.218122818863215 46.65185964197653 0
      vertex 7.699342219125179 46.77640784459648 4
      vertex 8.218122818863215 46.65185964197653 4
    endloop
  endfacet
  facet normal 0.07845909572784047 0.9969173337331283 0
    outer loop
      vertex 8.218122818863215 46.65185964197653 0
      vertex 8.218122818863215 46.65185964197653 4
      vertex 8.75 46.61 0
    endloop
  endfacet
  facet normal -0.07845909572784047 0.9969173337331283 0
    outer loop
      vertex 8.75 46.61 0
      vertex 8.75 46.61 4
      vertex 9.281877181136785 46.65185964197653 0
    endloop
  endfacet
  facet normal -0.38268343236508634 0.9238795325112883 1.294276569923388e-18
    outer loop
      vertex 10.293567699114458 46.980577817759546 0
      vertex 9.800657780874822 46.77640784459648 0
      vertex 9.800657780874822 46.77640784459648 4
    endloop
  endfacet
  facet normal -0.5224985647159461 0.8526401643540937 0
    outer loop
      vertex 10.293567699114458 46.980577817759546 0
      vertex 10.293567699114458 46.980577817759546 4
      vertex 10.748469857794408 47.25934221912517 0
    endloop
  endfacet
  facet normal -0.23344536385590905 0.9723699203976757 0
    outer loop
      vertex 9.281877181136785 46.65185964197653 0
      vertex 9.281877181136785 46.65185964197653 4
      vertex 9.800657780874822 46.77640784459648 0
    endloop
  endfacet
  facet normal 0.07845909572784047 0.9969173337331283 0
    outer loop
      vertex 8.75 46.61 0
      vertex 8.218122818863215 46.65185964197653 4
      vertex 8.75 46.61 4
    endloop
  endfacet
  facet normal -0.07845909572784047 0.9969173337331283 0
    outer loop
      vertex 9.281877181136785 46.65185964197653 0
      vertex 8.75 46.61 4
      vertex 9.281877181136785 46.65185964197653 4
    endloop
  endfacet
  facet normal -0.5224985647159461 0.8526401643540937 0
    outer loop
      vertex 10.748469857794408 47.25934221912517 0
      vertex 10.293567699114458 46.980577817759546 4
      vertex 10.748469857794408 47.25934221912517 4
    endloop
  endfacet
  facet normal -0.38268343236508634 0.9238795325112883 0
    outer loop
      vertex 10.293567699114458 46.980577817759546 0
      vertex 9.800657780874822 46.77640784459648 4
      vertex 10.293567699114458 46.980577817759546 4
    endloop
  endfacet
  facet normal -0.23344536385590905 0.9723699203976757 0
    outer loop
      vertex 9.800657780874822 46.77640784459648 0
      vertex 9.281877181136785 46.65185964197653 4
      vertex 9.800657780874822 46.77640784459648 4
    endloop
  endfacet
  facet normal -0.6494480483301838 -0.7604059656000309 -6.450389163301036e-19
    outer loop
      vertex 10.748469857794408 52.76065778087482 0
      vertex 11.154163056034262 52.41416305603426 0
      vertex 11.154163056034262 52.41416305603426 4
    endloop
  endfacet
  facet normal -0.7604059656000312 -0.6494480483301834 1.1761292893665809e-18
    outer loop
      vertex 11.154163056034262 52.41416305603426 0
      vertex 11.500657780874821 52.00846985779441 0
      vertex 11.500657780874821 52.00846985779441 4
    endloop
  endfacet
  facet normal -0.6494480483301838 -0.7604059656000309 0
    outer loop
      vertex 10.748469857794408 52.76065778087482 0
      vertex 11.154163056034262 52.41416305603426 4
      vertex 10.748469857794408 52.76065778087482 4
    endloop
  endfacet
  facet normal -0.7604059656000312 -0.6494480483301834 0
    outer loop
      vertex 11.154163056034262 52.41416305603426 0
      vertex 11.500657780874821 52.00846985779441 4
      vertex 11.154163056034262 52.41416305603426 4
    endloop
  endfacet
  facet normal -0.8526401643540924 -0.5224985647159486 0
    outer loop
      vertex 11.500657780874821 52.00846985779441 0
      vertex 11.77942218224045 51.55356769911446 4
      vertex 11.500657780874821 52.00846985779441 4
    endloop
  endfacet
  facet normal -0.8526401643540924 -0.5224985647159486 -4.944648866129541e-18
    outer loop
      vertex 11.500657780874821 52.00846985779441 0
      vertex 11.77942218224045 51.55356769911446 0
      vertex 11.77942218224045 51.55356769911446 4
    endloop
  endfacet
  facet normal -0.9238795325112881 -0.3826834323650868 2.8677014075037117e-18
    outer loop
      vertex 11.77942218224045 51.55356769911446 0
      vertex 11.983592155403521 51.06065778087482 0
      vertex 11.983592155403521 51.06065778087482 4
    endloop
  endfacet
  facet normal -0.9723699203976757 -0.23344536385590905 2.3563462776146015e-18
    outer loop
      vertex 11.983592155403521 51.06065778087482 0
      vertex 12.10814035802347 50.54187718113678 0
      vertex 12.10814035802347 50.54187718113678 4
    endloop
  endfacet
  facet normal -0.9969173337331281 0.07845909572784379 4.633439244249179e-20
    outer loop
      vertex 12.15 50.01 0
      vertex 12.10814035802347 49.47812281886321 0
      vertex 12.10814035802347 49.47812281886321 4
    endloop
  endfacet
  facet normal -0.9723699203976757 0.23344536385590905 0
    outer loop
      vertex 11.983592155403521 48.959342219125176 0
      vertex 11.983592155403521 48.959342219125176 4
      vertex 12.10814035802347 49.47812281886321 0
    endloop
  endfacet
  facet normal -0.9969173337331281 -0.07845909572784379 -4.633439244249179e-20
    outer loop
      vertex 12.10814035802347 50.54187718113678 0
      vertex 12.15 50.01 0
      vertex 12.15 50.01 4
    endloop
  endfacet
  facet normal -0.9238795325112881 -0.3826834323650868 0
    outer loop
      vertex 11.77942218224045 51.55356769911446 0
      vertex 11.983592155403521 51.06065778087482 4
      vertex 11.77942218224045 51.55356769911446 4
    endloop
  endfacet
  facet normal -0.9723699203976757 -0.23344536385590905 0
    outer loop
      vertex 11.983592155403521 51.06065778087482 0
      vertex 12.10814035802347 50.54187718113678 4
      vertex 11.983592155403521 51.06065778087482 4
    endloop
  endfacet
  facet normal -0.9969173337331281 -0.07845909572784379 0
    outer loop
      vertex 12.10814035802347 50.54187718113678 0
      vertex 12.15 50.01 4
      vertex 12.10814035802347 50.54187718113678 4
    endloop
  endfacet
  facet normal -0.9723699203976757 0.23344536385590905 0
    outer loop
      vertex 12.10814035802347 49.47812281886321 0
      vertex 11.983592155403521 48.959342219125176 4
      vertex 12.10814035802347 49.47812281886321 4
    endloop
  endfacet
  facet normal -0.9969173337331281 0.07845909572784379 0
    outer loop
      vertex 12.15 50.01 0
      vertex 12.10814035802347 49.47812281886321 4
      vertex 12.15 50.01 4
    endloop
  endfacet
  facet normal -0.9238795325112881 0.3826834323650868 0
    outer loop
      vertex 11.77942218224045 48.466432300885536 0
      vertex 11.77942218224045 48.466432300885536 4
      vertex 11.983592155403521 48.959342219125176 0
    endloop
  endfacet
  facet normal -0.7604059656000312 0.6494480483301834 0
    outer loop
      vertex 11.154163056034262 47.605836943965734 0
      vertex 11.154163056034262 47.605836943965734 4
      vertex 11.500657780874821 48.01153014220559 0
    endloop
  endfacet
  facet normal -0.8526401643540924 0.5224985647159486 4.944648866129541e-18
    outer loop
      vertex 11.77942218224045 48.466432300885536 0
      vertex 11.500657780874821 48.01153014220559 0
      vertex 11.500657780874821 48.01153014220559 4
    endloop
  endfacet
  facet normal -0.6494480483301838 0.7604059656000309 0
    outer loop
      vertex 10.748469857794408 47.25934221912517 0
      vertex 10.748469857794408 47.25934221912517 4
      vertex 11.154163056034262 47.605836943965734 0
    endloop
  endfacet
  facet normal -0.9238795325112881 0.3826834323650868 0
    outer loop
      vertex 11.983592155403521 48.959342219125176 0
      vertex 11.77942218224045 48.466432300885536 4
      vertex 11.983592155403521 48.959342219125176 4
    endloop
  endfacet
  facet normal -0.8526401643540924 0.5224985647159486 0
    outer loop
      vertex 11.77942218224045 48.466432300885536 0
      vertex 11.500657780874821 48.01153014220559 4
      vertex 11.77942218224045 48.466432300885536 4
    endloop
  endfacet
  facet normal -0.7604059656000312 0.6494480483301834 0
    outer loop
      vertex 11.500657780874821 48.01153014220559 0
      vertex 11.154163056034262 47.605836943965734 4
      vertex 11.500657780874821 48.01153014220559 4
    endloop
  endfacet
  facet normal -0.6494480483301838 0.7604059656000309 0
    outer loop
      vertex 11.154163056034262 47.605836943965734 0
      vertex 10.748469857794408 47.25934221912517 4
      vertex 11.154163056034262 47.605836943965734 4
    endloop
  endfacet
  facet normal 0.3826834323650851 -0.9238795325112887 2.1640840679216693e-18
    outer loop
      vertex 7.206432300885541 40.33942218224044 0
      vertex 7.699342219125179 40.54359215540351 0
      vertex 7.699342219125179 40.54359215540351 4
    endloop
  endfacet
  facet normal 0.23344536385590947 -0.9723699203976758 -2.1683142962041982e-18
    outer loop
      vertex 7.699342219125179 40.54359215540351 0
      vertex 8.218122818863215 40.66814035802346 0
      vertex 8.218122818863215 40.66814035802346 4
    endloop
  endfacet
  facet normal 0.3826834323650851 -0.9238795325112887 0
    outer loop
      vertex 7.206432300885541 40.33942218224044 0
      vertex 7.699342219125179 40.54359215540351 4
      vertex 7.206432300885541 40.33942218224044 4
    endloop
  endfacet
  facet normal 0.23344536385590947 -0.9723699203976758 0
    outer loop
      vertex 7.699342219125179 40.54359215540351 0
      vertex 8.218122818863215 40.66814035802346 4
      vertex 7.699342219125179 40.54359215540351 4
    endloop
  endfacet
  facet normal 0.07845909572784047 -0.9969173337331283 -4.757142827377941e-19
    outer loop
      vertex 8.218122818863215 40.66814035802346 0
      vertex 8.75 40.70999999999999 0
      vertex 8.75 40.70999999999999 4
    endloop
  endfacet
  facet normal -0.07845909572784047 -0.9969173337331283 4.757142827377941e-19
    outer loop
      vertex 8.75 40.70999999999999 0
      vertex 9.281877181136785 40.66814035802346 0
      vertex 9.281877181136785 40.66814035802346 4
    endloop
  endfacet
  facet normal -0.23344536385590905 -0.9723699203976757 2.3563462776146015e-18
    outer loop
      vertex 9.281877181136785 40.66814035802346 0
      vertex 9.800657780874822 40.54359215540351 0
      vertex 9.800657780874822 40.54359215540351 4
    endloop
  endfacet
  facet normal -0.38268343236508634 -0.9238795325112883 -1.294276569923388e-18
    outer loop
      vertex 9.800657780874822 40.54359215540351 0
      vertex 10.293567699114458 40.33942218224044 0
      vertex 10.293567699114458 40.33942218224044 4
    endloop
  endfacet
  facet normal 0.07845909572784047 -0.9969173337331283 0
    outer loop
      vertex 8.218122818863215 40.66814035802346 0
      vertex 8.75 40.70999999999999 4
      vertex 8.218122818863215 40.66814035802346 4
    endloop
  endfacet
  facet normal -0.07845909572784047 -0.9969173337331283 0
    outer loop
      vertex 8.75 40.70999999999999 0
      vertex 9.281877181136785 40.66814035802346 4
      vertex 8.75 40.70999999999999 4
    endloop
  endfacet
  facet normal -0.23344536385590905 -0.9723699203976757 0
    outer loop
      vertex 9.281877181136785 40.66814035802346 0
      vertex 9.800657780874822 40.54359215540351 4
      vertex 9.281877181136785 40.66814035802346 4
    endloop
  endfacet
  facet normal -0.38268343236508634 -0.9238795325112883 0
    outer loop
      vertex 9.800657780874822 40.54359215540351 0
      vertex 10.293567699114458 40.33942218224044 4
      vertex 9.800657780874822 40.54359215540351 4
    endloop
  endfacet
  facet normal 0.9969173337331279 -0.07845909572784544 3.073587300326346e-19
    outer loop
      vertex 5.35 37.30999999999999 0
      vertex 5.391859641976532 37.84187718113677 0
      vertex 5.391859641976532 37.84187718113677 4
    endloop
  endfacet
  facet normal 0.9969173337331279 -0.07845909572784544 0
    outer loop
      vertex 5.35 37.30999999999999 0
      vertex 5.391859641976532 37.84187718113677 4
      vertex 5.35 37.30999999999999 4
    endloop
  endfacet
  facet normal 0.9969173337331279 0.07845909572784544 0
    outer loop
      vertex 5.35 37.30999999999999 0
      vertex 5.35 37.30999999999999 4
      vertex 5.391859641976532 36.7781228188632 0
    endloop
  endfacet
  facet normal 0.9969173337331279 0.07845909572784544 0
    outer loop
      vertex 5.391859641976532 36.7781228188632 0
      vertex 5.35 37.30999999999999 4
      vertex 5.391859641976532 36.7781228188632 4
    endloop
  endfacet
  facet normal 0.6494480483301768 -0.7604059656000367 1.3565885394636026e-18
    outer loop
      vertex 6.345836943965738 39.71416305603425 0
      vertex 6.751530142205591 40.060657780874806 0
      vertex 6.751530142205591 40.060657780874806 4
    endloop
  endfacet
  facet normal 0.7604059656000312 -0.6494480483301834 -1.1761292893665809e-18
    outer loop
      vertex 5.999342219125179 39.3084698577944 0
      vertex 6.345836943965738 39.71416305603425 0
      vertex 6.345836943965738 39.71416305603425 4
    endloop
  endfacet
  facet normal 0.8526401643540924 -0.5224985647159486 4.944648866129541e-18
    outer loop
      vertex 5.720577817759549 38.85356769911445 0
      vertex 5.999342219125179 39.3084698577944 0
      vertex 5.999342219125179 39.3084698577944 4
    endloop
  endfacet
  facet normal 0.5224985647159558 -0.852640164354088 -3.623403058832785e-18
    outer loop
      vertex 6.751530142205591 40.060657780874806 0
      vertex 7.206432300885541 40.33942218224044 0
      vertex 7.206432300885541 40.33942218224044 4
    endloop
  endfacet
  facet normal 0.9238795325112875 -0.3826834323650882 0
    outer loop
      vertex 5.720577817759549 38.85356769911445 0
      vertex 5.720577817759549 38.85356769911445 4
      vertex 5.516407844596478 38.36065778087481 0
    endloop
  endfacet
  facet normal 0.9723699203976764 -0.23344536385590592 0
    outer loop
      vertex 5.516407844596478 38.36065778087481 0
      vertex 5.516407844596478 38.36065778087481 4
      vertex 5.391859641976532 37.84187718113677 0
    endloop
  endfacet
  facet normal 0.6494480483301768 -0.7604059656000367 0
    outer loop
      vertex 6.345836943965738 39.71416305603425 0
      vertex 6.751530142205591 40.060657780874806 4
      vertex 6.345836943965738 39.71416305603425 4
    endloop
  endfacet
  facet normal 0.8526401643540924 -0.5224985647159486 0
    outer loop
      vertex 5.720577817759549 38.85356769911445 0
      vertex 5.999342219125179 39.3084698577944 4
      vertex 5.720577817759549 38.85356769911445 4
    endloop
  endfacet
  facet normal 0.7604059656000312 -0.6494480483301834 0
    outer loop
      vertex 5.999342219125179 39.3084698577944 0
      vertex 6.345836943965738 39.71416305603425 4
      vertex 5.999342219125179 39.3084698577944 4
    endloop
  endfacet
  facet normal 0.5224985647159558 -0.852640164354088 0
    outer loop
      vertex 6.751530142205591 40.060657780874806 0
      vertex 7.206432300885541 40.33942218224044 4
      vertex 6.751530142205591 40.060657780874806 4
    endloop
  endfacet
  facet normal 0.9238795325112875 -0.3826834323650882 0
    outer loop
      vertex 5.516407844596478 38.36065778087481 0
      vertex 5.720577817759549 38.85356769911445 4
      vertex 5.516407844596478 38.36065778087481 4
    endloop
  endfacet
  facet normal 0.9723699203976764 -0.23344536385590592 0
    outer loop
      vertex 5.391859641976532 37.84187718113677 0
      vertex 5.516407844596478 38.36065778087481 4
      vertex 5.391859641976532 37.84187718113677 4
    endloop
  endfacet
  facet normal -0.5224985647159558 -0.852640164354088 3.623403058832785e-18
    outer loop
      vertex 10.293567699114458 40.33942218224044 0
      vertex 10.748469857794408 40.060657780874806 0
      vertex 10.748469857794408 40.060657780874806 4
    endloop
  endfacet
  facet normal -0.5224985647159558 -0.852640164354088 0
    outer loop
      vertex 10.293567699114458 40.33942218224044 0
      vertex 10.748469857794408 40.060657780874806 4
      vertex 10.293567699114458 40.33942218224044 4
    endloop
  endfacet
  facet normal 0.9723699203976764 0.23344536385590592 0
    outer loop
      vertex 5.391859641976532 36.7781228188632 0
      vertex 5.391859641976532 36.7781228188632 4
      vertex 5.516407844596478 36.259342219125166 0
    endloop
  endfacet
  facet normal 0.9238795325112875 0.3826834323650882 0
    outer loop
      vertex 5.516407844596478 36.259342219125166 0
      vertex 5.516407844596478 36.259342219125166 4
      vertex 5.720577817759549 35.766432300885526 0
    endloop
  endfacet
  facet normal 0.8526401643540924 0.5224985647159486 0
    outer loop
      vertex 5.720577817759549 35.766432300885526 0
      vertex 5.720577817759549 35.766432300885526 4
      vertex 5.999342219125179 35.31153014220558 0
    endloop
  endfacet
  facet normal 0.7604059656000312 0.6494480483301834 0
    outer loop
      vertex 5.999342219125179 35.31153014220558 0
      vertex 5.999342219125179 35.31153014220558 4
      vertex 6.345836943965738 34.905836943965724 0
    endloop
  endfacet
  facet normal 0.6494480483301768 0.7604059656000367 0
    outer loop
      vertex 6.345836943965738 34.905836943965724 0
      vertex 6.345836943965738 34.905836943965724 4
      vertex 6.751530142205591 34.55934221912517 0
    endloop
  endfacet
  facet normal 0.9723699203976764 0.23344536385590592 0
    outer loop
      vertex 5.516407844596478 36.259342219125166 0
      vertex 5.391859641976532 36.7781228188632 4
      vertex 5.516407844596478 36.259342219125166 4
    endloop
  endfacet
  facet normal 0.9238795325112875 0.3826834323650882 0
    outer loop
      vertex 5.720577817759549 35.766432300885526 0
      vertex 5.516407844596478 36.259342219125166 4
      vertex 5.720577817759549 35.766432300885526 4
    endloop
  endfacet
  facet normal 0.8526401643540924 0.5224985647159486 0
    outer loop
      vertex 5.999342219125179 35.31153014220558 0
      vertex 5.720577817759549 35.766432300885526 4
      vertex 5.999342219125179 35.31153014220558 4
    endloop
  endfacet
  facet normal 0.7604059656000312 0.6494480483301834 0
    outer loop
      vertex 6.345836943965738 34.905836943965724 0
      vertex 5.999342219125179 35.31153014220558 4
      vertex 6.345836943965738 34.905836943965724 4
    endloop
  endfacet
  facet normal 0.6494480483301768 0.7604059656000367 0
    outer loop
      vertex 6.751530142205591 34.55934221912517 0
      vertex 6.345836943965738 34.905836943965724 4
      vertex 6.751530142205591 34.55934221912517 4
    endloop
  endfacet
  facet normal -0.649448048330176 -0.7604059656000375 -2.4989060317353904e-18
    outer loop
      vertex 10.748469857794408 40.060657780874806 0
      vertex 11.154163056034262 39.71416305603425 0
      vertex 11.154163056034262 39.71416305603425 4
    endloop
  endfacet
  facet normal -0.7604059656000312 -0.6494480483301834 1.1761292893665809e-18
    outer loop
      vertex 11.154163056034262 39.71416305603425 0
      vertex 11.500657780874821 39.3084698577944 0
      vertex 11.500657780874821 39.3084698577944 4
    endloop
  endfacet
  facet normal -0.8526401643540924 -0.5224985647159486 -4.944648866129541e-18
    outer loop
      vertex 11.500657780874821 39.3084698577944 0
      vertex 11.77942218224045 38.85356769911445 0
      vertex 11.77942218224045 38.85356769911445 4
    endloop
  endfacet
  facet normal -0.9238795325112881 -0.3826834323650868 2.8677014075037117e-18
    outer loop
      vertex 11.77942218224045 38.85356769911445 0
      vertex 11.983592155403521 38.36065778087481 0
      vertex 11.983592155403521 38.36065778087481 4
    endloop
  endfacet
  facet normal -0.9723699203976757 -0.23344536385590905 2.3563462776146015e-18
    outer loop
      vertex 11.983592155403521 38.36065778087481 0
      vertex 12.10814035802347 37.84187718113677 0
      vertex 12.10814035802347 37.84187718113677 4
    endloop
  endfacet
  facet normal -0.9969173337331281 -0.07845909572784379 -4.633439244249179e-20
    outer loop
      vertex 12.10814035802347 37.84187718113677 0
      vertex 12.15 37.30999999999999 0
      vertex 12.15 37.30999999999999 4
    endloop
  endfacet
  facet normal -0.649448048330176 -0.7604059656000375 0
    outer loop
      vertex 10.748469857794408 40.060657780874806 0
      vertex 11.154163056034262 39.71416305603425 4
      vertex 10.748469857794408 40.060657780874806 4
    endloop
  endfacet
  facet normal -0.7604059656000312 -0.6494480483301834 0
    outer loop
      vertex 11.154163056034262 39.71416305603425 0
      vertex 11.500657780874821 39.3084698577944 4
      vertex 11.154163056034262 39.71416305603425 4
    endloop
  endfacet
  facet normal -0.8526401643540924 -0.5224985647159486 0
    outer loop
      vertex 11.500657780874821 39.3084698577944 0
      vertex 11.77942218224045 38.85356769911445 4
      vertex 11.500657780874821 39.3084698577944 4
    endloop
  endfacet
  facet normal -0.9238795325112881 -0.3826834323650868 0
    outer loop
      vertex 11.77942218224045 38.85356769911445 0
      vertex 11.983592155403521 38.36065778087481 4
      vertex 11.77942218224045 38.85356769911445 4
    endloop
  endfacet
  facet normal -0.9723699203976757 -0.23344536385590905 0
    outer loop
      vertex 11.983592155403521 38.36065778087481 0
      vertex 12.10814035802347 37.84187718113677 4
      vertex 11.983592155403521 38.36065778087481 4
    endloop
  endfacet
  facet normal -0.9969173337331281 -0.07845909572784379 0
    outer loop
      vertex 12.10814035802347 37.84187718113677 0
      vertex 12.15 37.30999999999999 4
      vertex 12.10814035802347 37.84187718113677 4
    endloop
  endfacet
  facet normal -0.9969173337331281 0.07845909572784379 4.633439244249179e-20
    outer loop
      vertex 12.15 37.30999999999999 0
      vertex 12.10814035802347 36.7781228188632 0
      vertex 12.10814035802347 36.7781228188632 4
    endloop
  endfacet
  facet normal -0.9723699203976757 0.23344536385590905 -2.3563462776146015e-18
    outer loop
      vertex 12.10814035802347 36.7781228188632 0
      vertex 11.983592155403521 36.259342219125166 0
      vertex 11.983592155403521 36.259342219125166 4
    endloop
  endfacet
  facet normal -0.9238795325112881 0.3826834323650868 0
    outer loop
      vertex 11.77942218224045 35.766432300885526 0
      vertex 11.77942218224045 35.766432300885526 4
      vertex 11.983592155403521 36.259342219125166 0
    endloop
  endfacet
  facet normal -0.8526401643540924 0.5224985647159486 0
    outer loop
      vertex 11.500657780874821 35.31153014220558 0
      vertex 11.500657780874821 35.31153014220558 4
      vertex 11.77942218224045 35.766432300885526 0
    endloop
  endfacet
  facet normal -0.7604059656000312 0.6494480483301834 0
    outer loop
      vertex 11.154163056034262 34.905836943965724 0
      vertex 11.154163056034262 34.905836943965724 4
      vertex 11.500657780874821 35.31153014220558 0
    endloop
  endfacet
  facet normal -0.649448048330176 0.7604059656000375 0
    outer loop
      vertex 10.748469857794408 34.55934221912517 0
      vertex 10.748469857794408 34.55934221912517 4
      vertex 11.154163056034262 34.905836943965724 0
    endloop
  endfacet
  facet normal -0.9723699203976757 0.23344536385590905 0
    outer loop
      vertex 12.10814035802347 36.7781228188632 0
      vertex 11.983592155403521 36.259342219125166 4
      vertex 12.10814035802347 36.7781228188632 4
    endloop
  endfacet
  facet normal -0.9238795325112881 0.3826834323650868 0
    outer loop
      vertex 11.983592155403521 36.259342219125166 0
      vertex 11.77942218224045 35.766432300885526 4
      vertex 11.983592155403521 36.259342219125166 4
    endloop
  endfacet
  facet normal -0.9969173337331281 0.07845909572784379 0
    outer loop
      vertex 12.15 37.30999999999999 0
      vertex 12.10814035802347 36.7781228188632 4
      vertex 12.15 37.30999999999999 4
    endloop
  endfacet
  facet normal -0.8526401643540924 0.5224985647159486 0
    outer loop
      vertex 11.77942218224045 35.766432300885526 0
      vertex 11.500657780874821 35.31153014220558 4
      vertex 11.77942218224045 35.766432300885526 4
    endloop
  endfacet
  facet normal -0.7604059656000312 0.6494480483301834 0
    outer loop
      vertex 11.500657780874821 35.31153014220558 0
      vertex 11.154163056034262 34.905836943965724 4
      vertex 11.500657780874821 35.31153014220558 4
    endloop
  endfacet
  facet normal -0.649448048330176 0.7604059656000375 0
    outer loop
      vertex 11.154163056034262 34.905836943965724 0
      vertex 10.748469857794408 34.55934221912517 4
      vertex 11.154163056034262 34.905836943965724 4
    endloop
  endfacet
  facet normal 0.5224985647159558 0.852640164354088 0
    outer loop
      vertex 6.751530142205591 34.55934221912517 0
      vertex 6.751530142205591 34.55934221912517 4
      vertex 7.206432300885541 34.280577817759536 0
    endloop
  endfacet
  facet normal 0.3826834323650851 0.9238795325112887 0
    outer loop
      vertex 7.206432300885541 34.280577817759536 0
      vertex 7.206432300885541 34.280577817759536 4
      vertex 7.699342219125179 34.07640784459647 0
    endloop
  endfacet
  facet normal 0.23344536385590947 0.9723699203976758 0
    outer loop
      vertex 7.699342219125179 34.07640784459647 0
      vertex 7.699342219125179 34.07640784459647 4
      vertex 8.218122818863215 33.95185964197652 0
    endloop
  endfacet
  facet normal 0.5224985647159558 0.852640164354088 0
    outer loop
      vertex 7.206432300885541 34.280577817759536 0
      vertex 6.751530142205591 34.55934221912517 4
      vertex 7.206432300885541 34.280577817759536 4
    endloop
  endfacet
  facet normal 0.3826834323650851 0.9238795325112887 0
    outer loop
      vertex 7.699342219125179 34.07640784459647 0
      vertex 7.206432300885541 34.280577817759536 4
      vertex 7.699342219125179 34.07640784459647 4
    endloop
  endfacet
  facet normal 0.23344536385590947 0.9723699203976758 0
    outer loop
      vertex 8.218122818863215 33.95185964197652 0
      vertex 7.699342219125179 34.07640784459647 4
      vertex 8.218122818863215 33.95185964197652 4
    endloop
  endfacet
  facet normal 0.07845909572784047 0.9969173337331283 0
    outer loop
      vertex 8.218122818863215 33.95185964197652 0
      vertex 8.218122818863215 33.95185964197652 4
      vertex 8.75 33.90999999999999 0
    endloop
  endfacet
  facet normal -0.07845909572784047 0.9969173337331283 0
    outer loop
      vertex 8.75 33.90999999999999 0
      vertex 8.75 33.90999999999999 4
      vertex 9.281877181136785 33.95185964197652 0
    endloop
  endfacet
  facet normal -0.23344536385590905 0.9723699203976757 0
    outer loop
      vertex 9.281877181136785 33.95185964197652 0
      vertex 9.281877181136785 33.95185964197652 4
      vertex 9.800657780874822 34.07640784459647 0
    endloop
  endfacet
  facet normal -0.38268343236508634 0.9238795325112883 0
    outer loop
      vertex 9.800657780874822 34.07640784459647 0
      vertex 9.800657780874822 34.07640784459647 4
      vertex 10.293567699114458 34.280577817759536 0
    endloop
  endfacet
  facet normal -0.5224985647159558 0.852640164354088 0
    outer loop
      vertex 10.293567699114458 34.280577817759536 0
      vertex 10.293567699114458 34.280577817759536 4
      vertex 10.748469857794408 34.55934221912517 0
    endloop
  endfacet
  facet normal 0.07845909572784047 0.9969173337331283 0
    outer loop
      vertex 8.75 33.90999999999999 0
      vertex 8.218122818863215 33.95185964197652 4
      vertex 8.75 33.90999999999999 4
    endloop
  endfacet
  facet normal -0.07845909572784047 0.9969173337331283 0
    outer loop
      vertex 9.281877181136785 33.95185964197652 0
      vertex 8.75 33.90999999999999 4
      vertex 9.281877181136785 33.95185964197652 4
    endloop
  endfacet
  facet normal -0.23344536385590905 0.9723699203976757 0
    outer loop
      vertex 9.800657780874822 34.07640784459647 0
      vertex 9.281877181136785 33.95185964197652 4
      vertex 9.800657780874822 34.07640784459647 4
    endloop
  endfacet
  facet normal -0.38268343236508634 0.9238795325112883 0
    outer loop
      vertex 10.293567699114458 34.280577817759536 0
      vertex 9.800657780874822 34.07640784459647 4
      vertex 10.293567699114458 34.280577817759536 4
    endloop
  endfacet
  facet normal -0.5224985647159558 0.852640164354088 0
    outer loop
      vertex 10.748469857794408 34.55934221912517 0
      vertex 10.293567699114458 34.280577817759536 4
      vertex 10.748469857794408 34.55934221912517 4
    endloop
  endfacet
  facet normal 0.9969173337331279 -0.07845909572784648 7.486680161008136e-19
    outer loop
      vertex 5.35 5.559999999999988 0
      vertex 5.391859641976532 6.091877181136766 0
      vertex 5.391859641976532 6.091877181136766 4
    endloop
  endfacet
  facet normal 0.38268343236509644 -0.923879532511284 -1.93354448688792e-18
    outer loop
      vertex 7.206432300885541 8.58942218224044 0
      vertex 7.699342219125179 8.793592155403516 0
      vertex 7.699342219125179 8.793592155403516 4
    endloop
  endfacet
  facet normal 0.23344536385588427 -0.9723699203976817 2.830254082823576e-18
    outer loop
      vertex 7.699342219125179 8.793592155403516 0
      vertex 8.218122818863215 8.91814035802345 0
      vertex 8.218122818863215 8.91814035802345 4
    endloop
  endfacet
  facet normal 0.38268343236509644 -0.923879532511284 0
    outer loop
      vertex 7.206432300885541 8.58942218224044 0
      vertex 7.699342219125179 8.793592155403516 4
      vertex 7.206432300885541 8.58942218224044 4
    endloop
  endfacet
  facet normal 0.23344536385588427 -0.9723699203976817 0
    outer loop
      vertex 7.699342219125179 8.793592155403516 0
      vertex 8.218122818863215 8.91814035802345 4
      vertex 7.699342219125179 8.793592155403516 4
    endloop
  endfacet
  facet normal 0.07845909572786695 -0.9969173337331262 4.492178955559932e-19
    outer loop
      vertex 8.218122818863215 8.91814035802345 0
      vertex 8.75 8.959999999999994 0
      vertex 8.75 8.959999999999994 4
    endloop
  endfacet
  facet normal -0.07845909572786695 -0.9969173337331262 -4.492178955559932e-19
    outer loop
      vertex 8.75 8.959999999999994 0
      vertex 9.281877181136785 8.91814035802345 0
      vertex 9.281877181136785 8.91814035802345 4
    endloop
  endfacet
  facet normal -0.23344536385588388 -0.9723699203976818 -2.6422221014072487e-18
    outer loop
      vertex 9.281877181136785 8.91814035802345 0
      vertex 9.800657780874822 8.793592155403516 0
      vertex 9.800657780874822 8.793592155403516 4
    endloop
  endfacet
  facet normal -0.38268343236509766 -0.9238795325112835 2.8033519848921234e-18
    outer loop
      vertex 9.800657780874822 8.793592155403516 0
      vertex 10.293567699114458 8.58942218224044 0
      vertex 10.293567699114458 8.58942218224044 4
    endloop
  endfacet
  facet normal 0.07845909572786695 -0.9969173337331262 0
    outer loop
      vertex 8.218122818863215 8.91814035802345 0
      vertex 8.75 8.959999999999994 4
      vertex 8.218122818863215 8.91814035802345 4
    endloop
  endfacet
  facet normal -0.07845909572786695 -0.9969173337331262 0
    outer loop
      vertex 8.75 8.959999999999994 0
      vertex 9.281877181136785 8.91814035802345 4
      vertex 8.75 8.959999999999994 4
    endloop
  endfacet
  facet normal -0.23344536385588388 -0.9723699203976818 0
    outer loop
      vertex 9.281877181136785 8.91814035802345 0
      vertex 9.800657780874822 8.793592155403516 4
      vertex 9.281877181136785 8.91814035802345 4
    endloop
  endfacet
  facet normal -0.38268343236509766 -0.9238795325112835 0
    outer loop
      vertex 9.800657780874822 8.793592155403516 0
      vertex 10.293567699114458 8.58942218224044 4
      vertex 9.800657780874822 8.793592155403516 4
    endloop
  endfacet
  facet normal 0.6494480483301768 -0.7604059656000367 0
    outer loop
      vertex 6.751530142205591 8.310657780874806 0
      vertex 6.751530142205591 8.310657780874806 4
      vertex 6.345836943965738 7.964163056034252 0
    endloop
  endfacet
  facet normal 0.8526401643540888 -0.5224985647159546 2.1460123031358059e-19
    outer loop
      vertex 5.720577817759549 7.10356769911445 0
      vertex 5.999342219125179 7.5584698577943925 0
      vertex 5.999342219125179 7.5584698577943925 4
    endloop
  endfacet
  facet normal 0.7604059656000367 -0.6494480483301768 -5.0434182437685254e-18
    outer loop
      vertex 5.999342219125179 7.5584698577943925 0
      vertex 6.345836943965738 7.964163056034252 0
      vertex 6.345836943965738 7.964163056034252 4
    endloop
  endfacet
  facet normal 0.5224985647159558 -0.852640164354088 -3.623403058832785e-18
    outer loop
      vertex 6.751530142205591 8.310657780874806 0
      vertex 7.206432300885541 8.58942218224044 0
      vertex 7.206432300885541 8.58942218224044 4
    endloop
  endfacet
  facet normal 0.9238795325112894 -0.3826834323650835 0
    outer loop
      vertex 5.720577817759549 7.10356769911445 0
      vertex 5.720577817759549 7.10356769911445 4
      vertex 5.516407844596478 6.610657780874803 0
    endloop
  endfacet
  facet normal 0.9723699203976764 -0.23344536385590592 0
    outer loop
      vertex 5.516407844596478 6.610657780874803 0
      vertex 5.516407844596478 6.610657780874803 4
      vertex 5.391859641976532 6.091877181136766 0
    endloop
  endfacet
  facet normal 0.6494480483301768 -0.7604059656000367 0
    outer loop
      vertex 6.345836943965738 7.964163056034252 0
      vertex 6.751530142205591 8.310657780874806 4
      vertex 6.345836943965738 7.964163056034252 4
    endloop
  endfacet
  facet normal 0.8526401643540888 -0.5224985647159546 0
    outer loop
      vertex 5.720577817759549 7.10356769911445 0
      vertex 5.999342219125179 7.5584698577943925 4
      vertex 5.720577817759549 7.10356769911445 4
    endloop
  endfacet
  facet normal 0.7604059656000367 -0.6494480483301768 0
    outer loop
      vertex 5.999342219125179 7.5584698577943925 0
      vertex 6.345836943965738 7.964163056034252 4
      vertex 5.999342219125179 7.5584698577943925 4
    endloop
  endfacet
  facet normal 0.5224985647159558 -0.852640164354088 0
    outer loop
      vertex 6.751530142205591 8.310657780874806 0
      vertex 7.206432300885541 8.58942218224044 4
      vertex 6.751530142205591 8.310657780874806 4
    endloop
  endfacet
  facet normal 0.9238795325112894 -0.3826834323650835 0
    outer loop
      vertex 5.516407844596478 6.610657780874803 0
      vertex 5.720577817759549 7.10356769911445 4
      vertex 5.516407844596478 6.610657780874803 4
    endloop
  endfacet
  facet normal 0.9723699203976764 -0.23344536385590592 0
    outer loop
      vertex 5.391859641976532 6.091877181136766 0
      vertex 5.516407844596478 6.610657780874803 4
      vertex 5.391859641976532 6.091877181136766 4
    endloop
  endfacet
  facet normal -0.5224985647159558 -0.852640164354088 3.623403058832785e-18
    outer loop
      vertex 10.293567699114458 8.58942218224044 0
      vertex 10.748469857794408 8.310657780874806 0
      vertex 10.748469857794408 8.310657780874806 4
    endloop
  endfacet
  facet normal -0.5224985647159558 -0.852640164354088 0
    outer loop
      vertex 10.293567699114458 8.58942218224044 0
      vertex 10.748469857794408 8.310657780874806 4
      vertex 10.293567699114458 8.58942218224044 4
    endloop
  endfacet
  facet normal 0.9969173337331279 0.07845909572784648 0
    outer loop
      vertex 5.35 5.559999999999988 0
      vertex 5.35 5.559999999999988 4
      vertex 5.391859641976532 5.02812281886321 0
    endloop
  endfacet
  facet normal 0.9969173337331279 -0.07845909572784648 0
    outer loop
      vertex 5.35 5.559999999999988 0
      vertex 5.391859641976532 6.091877181136766 4
      vertex 5.35 5.559999999999988 4
    endloop
  endfacet
  facet normal 0.9969173337331279 0.07845909572784648 0
    outer loop
      vertex 5.391859641976532 5.02812281886321 0
      vertex 5.35 5.559999999999988 4
      vertex 5.391859641976532 5.02812281886321 4
    endloop
  endfacet
  facet normal 0.9723699203976764 0.23344536385590592 0
    outer loop
      vertex 5.391859641976532 5.02812281886321 0
      vertex 5.391859641976532 5.02812281886321 4
      vertex 5.516407844596478 4.509342219125173 0
    endloop
  endfacet
  facet normal 0.9238795325112894 0.3826834323650835 0
    outer loop
      vertex 5.516407844596478 4.509342219125173 0
      vertex 5.516407844596478 4.509342219125173 4
      vertex 5.720577817759549 4.016432300885526 0
    endloop
  endfacet
  facet normal 0.8526401643540888 0.5224985647159546 0
    outer loop
      vertex 5.720577817759549 4.016432300885526 0
      vertex 5.720577817759549 4.016432300885526 4
      vertex 5.999342219125179 3.5615301422055836 0
    endloop
  endfacet
  facet normal 0.7604059656000367 0.6494480483301768 0
    outer loop
      vertex 5.999342219125179 3.5615301422055836 0
      vertex 5.999342219125179 3.5615301422055836 4
      vertex 6.345836943965738 3.155836943965724 0
    endloop
  endfacet
  facet normal 0.6494480483301768 0.7604059656000367 0
    outer loop
      vertex 6.345836943965738 3.155836943965724 0
      vertex 6.345836943965738 3.155836943965724 4
      vertex 6.751530142205591 2.8093422191251705 0
    endloop
  endfacet
  facet normal 0.9723699203976764 0.23344536385590592 0
    outer loop
      vertex 5.516407844596478 4.509342219125173 0
      vertex 5.391859641976532 5.02812281886321 4
      vertex 5.516407844596478 4.509342219125173 4
    endloop
  endfacet
  facet normal 0.9238795325112894 0.3826834323650835 0
    outer loop
      vertex 5.720577817759549 4.016432300885526 0
      vertex 5.516407844596478 4.509342219125173 4
      vertex 5.720577817759549 4.016432300885526 4
    endloop
  endfacet
  facet normal 0.8526401643540888 0.5224985647159546 0
    outer loop
      vertex 5.999342219125179 3.5615301422055836 0
      vertex 5.720577817759549 4.016432300885526 4
      vertex 5.999342219125179 3.5615301422055836 4
    endloop
  endfacet
  facet normal 0.7604059656000367 0.6494480483301768 0
    outer loop
      vertex 6.345836943965738 3.155836943965724 0
      vertex 5.999342219125179 3.5615301422055836 4
      vertex 6.345836943965738 3.155836943965724 4
    endloop
  endfacet
  facet normal 0.6494480483301768 0.7604059656000367 0
    outer loop
      vertex 6.751530142205591 2.8093422191251705 0
      vertex 6.345836943965738 3.155836943965724 4
      vertex 6.751530142205591 2.8093422191251705 4
    endloop
  endfacet
  facet normal 0.5224985647159558 0.852640164354088 0
    outer loop
      vertex 6.751530142205591 2.8093422191251705 0
      vertex 6.751530142205591 2.8093422191251705 4
      vertex 7.206432300885541 2.5305778177595357 0
    endloop
  endfacet
  facet normal 0.38268343236509644 0.923879532511284 0
    outer loop
      vertex 7.206432300885541 2.5305778177595357 0
      vertex 7.206432300885541 2.5305778177595357 4
      vertex 7.699342219125179 2.32640784459646 0
    endloop
  endfacet
  facet normal 0.23344536385588427 0.9723699203976817 0
    outer loop
      vertex 7.699342219125179 2.32640784459646 0
      vertex 7.699342219125179 2.32640784459646 4
      vertex 8.218122818863215 2.201859641976526 0
    endloop
  endfacet
  facet normal 0.5224985647159558 0.852640164354088 0
    outer loop
      vertex 7.206432300885541 2.5305778177595357 0
      vertex 6.751530142205591 2.8093422191251705 4
      vertex 7.206432300885541 2.5305778177595357 4
    endloop
  endfacet
  facet normal 0.38268343236509644 0.923879532511284 0
    outer loop
      vertex 7.699342219125179 2.32640784459646 0
      vertex 7.206432300885541 2.5305778177595357 4
      vertex 7.699342219125179 2.32640784459646 4
    endloop
  endfacet
  facet normal 0.23344536385588427 0.9723699203976817 0
    outer loop
      vertex 8.218122818863215 2.201859641976526 0
      vertex 7.699342219125179 2.32640784459646 4
      vertex 8.218122818863215 2.201859641976526 4
    endloop
  endfacet
  facet normal 0.07845909572786695 0.9969173337331262 0
    outer loop
      vertex 8.218122818863215 2.201859641976526 0
      vertex 8.218122818863215 2.201859641976526 4
      vertex 8.75 2.1599999999999824 0
    endloop
  endfacet
  facet normal -0.07845909572786695 0.9969173337331262 0
    outer loop
      vertex 8.75 2.1599999999999824 0
      vertex 8.75 2.1599999999999824 4
      vertex 9.281877181136785 2.201859641976526 0
    endloop
  endfacet
  facet normal -0.23344536385588388 0.9723699203976818 0
    outer loop
      vertex 9.281877181136785 2.201859641976526 0
      vertex 9.281877181136785 2.201859641976526 4
      vertex 9.800657780874822 2.32640784459646 0
    endloop
  endfacet
  facet normal -0.38268343236509766 0.9238795325112835 0
    outer loop
      vertex 9.800657780874822 2.32640784459646 0
      vertex 9.800657780874822 2.32640784459646 4
      vertex 10.293567699114458 2.5305778177595357 0
    endloop
  endfacet
  facet normal -0.5224985647159558 0.852640164354088 0
    outer loop
      vertex 10.293567699114458 2.5305778177595357 0
      vertex 10.293567699114458 2.5305778177595357 4
      vertex 10.748469857794408 2.8093422191251705 0
    endloop
  endfacet
  facet normal 0.07845909572786695 0.9969173337331262 0
    outer loop
      vertex 8.75 2.1599999999999824 0
      vertex 8.218122818863215 2.201859641976526 4
      vertex 8.75 2.1599999999999824 4
    endloop
  endfacet
  facet normal -0.07845909572786695 0.9969173337331262 0
    outer loop
      vertex 9.281877181136785 2.201859641976526 0
      vertex 8.75 2.1599999999999824 4
      vertex 9.281877181136785 2.201859641976526 4
    endloop
  endfacet
  facet normal -0.23344536385588388 0.9723699203976818 0
    outer loop
      vertex 9.800657780874822 2.32640784459646 0
      vertex 9.281877181136785 2.201859641976526 4
      vertex 9.800657780874822 2.32640784459646 4
    endloop
  endfacet
  facet normal -0.5224985647159558 0.852640164354088 0
    outer loop
      vertex 10.748469857794408 2.8093422191251705 0
      vertex 10.293567699114458 2.5305778177595357 4
      vertex 10.748469857794408 2.8093422191251705 4
    endloop
  endfacet
  facet normal -0.38268343236509766 0.9238795325112835 0
    outer loop
      vertex 10.293567699114458 2.5305778177595357 0
      vertex 9.800657780874822 2.32640784459646 4
      vertex 10.293567699114458 2.5305778177595357 4
    endloop
  endfacet
  facet normal -0.649448048330176 -0.7604059656000375 -2.4989060317353904e-18
    outer loop
      vertex 10.748469857794408 8.310657780874806 0
      vertex 11.154163056034262 7.964163056034252 0
      vertex 11.154163056034262 7.964163056034252 4
    endloop
  endfacet
  facet normal -0.7604059656000367 -0.6494480483301768 5.0434182437685254e-18
    outer loop
      vertex 11.154163056034262 7.964163056034252 0
      vertex 11.500657780874821 7.5584698577943925 0
      vertex 11.500657780874821 7.5584698577943925 4
    endloop
  endfacet
  facet normal -0.8526401643540888 -0.5224985647159546 -2.1460123031358059e-19
    outer loop
      vertex 11.500657780874821 7.5584698577943925 0
      vertex 11.77942218224045 7.10356769911445 0
      vertex 11.77942218224045 7.10356769911445 4
    endloop
  endfacet
  facet normal -0.9238795325112901 -0.38268343236508207 -6.1152858449532e-19
    outer loop
      vertex 11.77942218224045 7.10356769911445 0
      vertex 11.983592155403521 6.610657780874803 0
      vertex 11.983592155403521 6.610657780874803 4
    endloop
  endfacet
  facet normal -0.9723699203976757 -0.23344536385590905 2.3563462776146015e-18
    outer loop
      vertex 11.983592155403521 6.610657780874803 0
      vertex 12.10814035802347 6.091877181136766 0
      vertex 12.10814035802347 6.091877181136766 4
    endloop
  endfacet
  facet normal -0.649448048330176 -0.7604059656000375 0
    outer loop
      vertex 10.748469857794408 8.310657780874806 0
      vertex 11.154163056034262 7.964163056034252 4
      vertex 10.748469857794408 8.310657780874806 4
    endloop
  endfacet
  facet normal -0.7604059656000367 -0.6494480483301768 0
    outer loop
      vertex 11.154163056034262 7.964163056034252 0
      vertex 11.500657780874821 7.5584698577943925 4
      vertex 11.154163056034262 7.964163056034252 4
    endloop
  endfacet
  facet normal -0.8526401643540888 -0.5224985647159546 0
    outer loop
      vertex 11.500657780874821 7.5584698577943925 0
      vertex 11.77942218224045 7.10356769911445 4
      vertex 11.500657780874821 7.5584698577943925 4
    endloop
  endfacet
  facet normal -0.9238795325112901 -0.38268343236508207 0
    outer loop
      vertex 11.77942218224045 7.10356769911445 0
      vertex 11.983592155403521 6.610657780874803 4
      vertex 11.77942218224045 7.10356769911445 4
    endloop
  endfacet
  facet normal -0.9723699203976757 -0.23344536385590905 0
    outer loop
      vertex 11.983592155403521 6.610657780874803 0
      vertex 12.10814035802347 6.091877181136766 4
      vertex 11.983592155403521 6.610657780874803 4
    endloop
  endfacet
  facet normal -0.9969173337331281 -0.07845909572784483 0
    outer loop
      vertex 12.10814035802347 6.091877181136766 0
      vertex 12.15 5.559999999999988 4
      vertex 12.10814035802347 6.091877181136766 4
    endloop
  endfacet
  facet normal -0.9969173337331281 0.07845909572784483 4.876436785136246e-19
    outer loop
      vertex 12.15 5.559999999999988 0
      vertex 12.10814035802347 5.02812281886321 0
      vertex 12.10814035802347 5.02812281886321 4
    endloop
  endfacet
  facet normal -0.9723699203976757 0.23344536385590905 -2.3563462776146015e-18
    outer loop
      vertex 12.10814035802347 5.02812281886321 0
      vertex 11.983592155403521 4.509342219125173 0
      vertex 11.983592155403521 4.509342219125173 4
    endloop
  endfacet
  facet normal -0.9969173337331281 -0.07845909572784483 -4.876436785136246e-19
    outer loop
      vertex 12.10814035802347 6.091877181136766 0
      vertex 12.15 5.559999999999988 0
      vertex 12.15 5.559999999999988 4
    endloop
  endfacet
  facet normal -0.9238795325112901 0.38268343236508207 0
    outer loop
      vertex 11.77942218224045 4.016432300885526 0
      vertex 11.77942218224045 4.016432300885526 4
      vertex 11.983592155403521 4.509342219125173 0
    endloop
  endfacet
  facet normal -0.8526401643540888 0.5224985647159546 0
    outer loop
      vertex 11.500657780874821 3.5615301422055836 0
      vertex 11.500657780874821 3.5615301422055836 4
      vertex 11.77942218224045 4.016432300885526 0
    endloop
  endfacet
  facet normal -0.7604059656000367 0.6494480483301768 0
    outer loop
      vertex 11.154163056034262 3.155836943965724 0
      vertex 11.154163056034262 3.155836943965724 4
      vertex 11.500657780874821 3.5615301422055836 0
    endloop
  endfacet
  facet normal -0.649448048330176 0.7604059656000375 0
    outer loop
      vertex 10.748469857794408 2.8093422191251705 0
      vertex 10.748469857794408 2.8093422191251705 4
      vertex 11.154163056034262 3.155836943965724 0
    endloop
  endfacet
  facet normal -0.9723699203976757 0.23344536385590905 0
    outer loop
      vertex 12.10814035802347 5.02812281886321 0
      vertex 11.983592155403521 4.509342219125173 4
      vertex 12.10814035802347 5.02812281886321 4
    endloop
  endfacet
  facet normal -0.9238795325112901 0.38268343236508207 0
    outer loop
      vertex 11.983592155403521 4.509342219125173 0
      vertex 11.77942218224045 4.016432300885526 4
      vertex 11.983592155403521 4.509342219125173 4
    endloop
  endfacet
  facet normal -0.9969173337331281 0.07845909572784483 0
    outer loop
      vertex 12.15 5.559999999999988 0
      vertex 12.10814035802347 5.02812281886321 4
      vertex 12.15 5.559999999999988 4
    endloop
  endfacet
  facet normal -0.8526401643540888 0.5224985647159546 0
    outer loop
      vertex 11.77942218224045 4.016432300885526 0
      vertex 11.500657780874821 3.5615301422055836 4
      vertex 11.77942218224045 4.016432300885526 4
    endloop
  endfacet
  facet normal -0.7604059656000367 0.6494480483301768 0
    outer loop
      vertex 11.500657780874821 3.5615301422055836 0
      vertex 11.154163056034262 3.155836943965724 4
      vertex 11.500657780874821 3.5615301422055836 4
    endloop
  endfacet
  facet normal -0.649448048330176 0.7604059656000375 0
    outer loop
      vertex 11.154163056034262 3.155836943965724 0
      vertex 10.748469857794408 2.8093422191251705 4
      vertex 11.154163056034262 3.155836943965724 4
    endloop
  endfacet
  facet normal 0 0 -1
    outer loop
      vertex 0 88.11 0
      vertex 5.999342219125179 83.75846985779441 0
      vertex 5.720577817759549 83.30356769911445 0
    endloop
  endfacet
  facet normal 0 0 -1
    outer loop
      vertex 0 88.11 0
      vertex 7.206432300885541 84.78942218224044 0
      vertex 6.751530142205591 84.51065778087482 0
    endloop
  endfacet
  facet normal 0 0 -1
    outer loop
      vertex 0 88.11 0
      vertex 8.218122818863215 85.11814035802347 0
      vertex 7.699342219125179 84.99359215540352 0
    endloop
  endfacet
  facet normal 0 0 -1
    outer loop
      vertex 0 88.11 0
      vertex 7.699342219125179 84.99359215540352 0
      vertex 7.206432300885541 84.78942218224044 0
    endloop
  endfacet
  facet normal 0 0 -1
    outer loop
      vertex 0 88.11 0
      vertex 6.751530142205591 84.51065778087482 0
      vertex 6.345836943965738 84.16416305603425 0
    endloop
  endfacet
  facet normal 0 0 -1
    outer loop
      vertex 0 88.11 0
      vertex 6.345836943965738 84.16416305603425 0
      vertex 5.999342219125179 83.75846985779441 0
    endloop
  endfacet
  facet normal 0 0 -1
    outer loop
      vertex 0 88.11 0
      vertex 5.720577817759549 83.30356769911445 0
      vertex 5.516407844596478 82.81065778087482 0
    endloop
  endfacet
  facet normal 0 0 -1
    outer loop
      vertex 0 88.11 0
      vertex 5.516407844596478 82.81065778087482 0
      vertex 5.391859641976532 82.29187718113678 0
    endloop
  endfacet
  facet normal 0 0 -1
    outer loop
      vertex 0 88.11 0
      vertex 5.391859641976532 82.29187718113678 0
      vertex 5.35 81.75999999999999 0
    endloop
  endfacet
  facet normal 0 0 -1
    outer loop
      vertex 0 88.11 0
      vertex 5.35 81.75999999999999 0
      vertex 5.391859641976532 81.22812281886321 0
    endloop
  endfacet
  facet normal 0 0 1
    outer loop
      vertex 0 88.11 4
      vertex 5.720577817759549 83.30356769911445 4
      vertex 5.999342219125179 83.75846985779441 4
    endloop
  endfacet
  facet normal 0 0 1
    outer loop
      vertex 0 88.11 4
      vertex 6.751530142205591 84.51065778087482 4
      vertex 7.206432300885541 84.78942218224044 4
    endloop
  endfacet
  facet normal 0 0 1
    outer loop
      vertex 0 88.11 4
      vertex 7.699342219125179 84.99359215540352 4
      vertex 8.218122818863215 85.11814035802347 4
    endloop
  endfacet
  facet normal 0 0 1
    outer loop
      vertex 0 88.11 4
      vertex 7.206432300885541 84.78942218224044 4
      vertex 7.699342219125179 84.99359215540352 4
    endloop
  endfacet
  facet normal 0 0 1
    outer loop
      vertex 0 88.11 4
      vertex 6.345836943965738 84.16416305603425 4
      vertex 6.751530142205591 84.51065778087482 4
    endloop
  endfacet
  facet normal 0 0 1
    outer loop
      vertex 0 88.11 4
      vertex 5.999342219125179 83.75846985779441 4
      vertex 6.345836943965738 84.16416305603425 4
    endloop
  endfacet
  facet normal 0 0 1
    outer loop
      vertex 0 88.11 4
      vertex 5.516407844596478 82.81065778087482 4
      vertex 5.720577817759549 83.30356769911445 4
    endloop
  endfacet
  facet normal 0 0 1
    outer loop
      vertex 0 88.11 4
      vertex 5.391859641976532 82.29187718113678 4
      vertex 5.516407844596478 82.81065778087482 4
    endloop
  endfacet
  facet normal 0 0 1
    outer loop
      vertex 0 88.11 4
      vertex 5.35 81.75999999999999 4
      vertex 5.391859641976532 82.29187718113678 4
    endloop
  endfacet
  facet normal 0 0 1
    outer loop
      vertex 0 88.11 4
      vertex 5.391859641976532 81.22812281886321 4
      vertex 5.35 81.75999999999999 4
    endloop
  endfacet
  facet normal 0 0 -1
    outer loop
      vertex 0 88.11 0
      vertex 5.391859641976532 81.22812281886321 0
      vertex 5.516407844596478 80.70934221912518 0
    endloop
  endfacet
  facet normal 0 0 -1
    outer loop
      vertex 0 88.11 0
      vertex 8.75 85.16 0
      vertex 8.218122818863215 85.11814035802347 0
    endloop
  endfacet
  facet normal 0 1 0
    outer loop
      vertex 0 88.11 0
      vertex 0 88.11 4
      vertex 38.05000000000001 88.11 4
    endloop
  endfacet
  facet normal 0 0 -1
    outer loop
      vertex 0 88.11 0
      vertex 38.05000000000001 88.11 0
      vertex 8.75 85.16 0
    endloop
  endfacet
  facet normal 0 0 1
    outer loop
      vertex 0 88.11 4
      vertex 8.218122818863215 85.11814035802347 4
      vertex 38.05000000000001 88.11 4
    endloop
  endfacet
  facet normal 0 0 -1
    outer loop
      vertex 8.75 85.16 0
      vertex 38.05000000000001 88.11 0
      vertex 9.281877181136785 85.11814035802347 0
    endloop
  endfacet
  facet normal 0 0 1
    outer loop
      vertex 8.218122818863215 85.11814035802347 4
      vertex 8.75 85.16 4
      vertex 38.05000000000001 88.11 4
    endloop
  endfacet
  facet normal 0 0 1
    outer loop
      vertex 8.75 85.16 4
      vertex 9.281877181136785 85.11814035802347 4
      vertex 38.05000000000001 88.11 4
    endloop
  endfacet
  facet normal 0 0 -1
    outer loop
      vertex 9.281877181136785 85.11814035802347 0
      vertex 38.05000000000001 88.11 0
      vertex 9.800657780874822 84.99359215540352 0
    endloop
  endfacet
  facet normal 0 0 -1
    outer loop
      vertex 9.800657780874822 84.99359215540352 0
      vertex 38.05000000000001 88.11 0
      vertex 10.293567699114458 84.78942218224044 0
    endloop
  endfacet
  facet normal 0 0 -1
    outer loop
      vertex 10.293567699114458 84.78942218224044 0
      vertex 38.05000000000001 88.11 0
      vertex 10.748469857794408 84.51065778087482 0
    endloop
  endfacet
  facet normal 0 0 -1
    outer loop
      vertex 10.748469857794408 84.51065778087482 0
      vertex 38.05000000000001 88.11 0
      vertex 11.154163056034262 84.16416305603425 0
    endloop
  endfacet
  facet normal 0 0 -1
    outer loop
      vertex 11.154163056034262 84.16416305603425 0
      vertex 38.05000000000001 88.11 0
      vertex 11.500657780874821 83.75846985779441 0
    endloop
  endfacet
  facet normal 0 0 -1
    outer loop
      vertex 11.500657780874821 83.75846985779441 0
      vertex 38.05000000000001 88.11 0
      vertex 11.77942218224045 83.30356769911445 0
    endloop
  endfacet
  facet normal 0 0 -1
    outer loop
      vertex 11.77942218224045 83.30356769911445 0
      vertex 38.05000000000001 88.11 0
      vertex 11.983592155403521 82.81065778087482 0
    endloop
  endfacet
  facet normal 0 0 -1
    outer loop
      vertex 11.983592155403521 82.81065778087482 0
      vertex 38.05000000000001 88.11 0
      vertex 12.10814035802347 82.29187718113678 0
    endloop
  endfacet
  facet normal 0 0 1
    outer loop
      vertex 9.281877181136785 85.11814035802347 4
      vertex 9.800657780874822 84.99359215540352 4
      vertex 38.05000000000001 88.11 4
    endloop
  endfacet
  facet normal 0 0 1
    outer loop
      vertex 9.800657780874822 84.99359215540352 4
      vertex 10.293567699114458 84.78942218224044 4
      vertex 38.05000000000001 88.11 4
    endloop
  endfacet
  facet normal 0 0 1
    outer loop
      vertex 10.293567699114458 84.78942218224044 4
      vertex 10.748469857794408 84.51065778087482 4
      vertex 38.05000000000001 88.11 4
    endloop
  endfacet
  facet normal 0 0 1
    outer loop
      vertex 10.748469857794408 84.51065778087482 4
      vertex 11.154163056034262 84.16416305603425 4
      vertex 38.05000000000001 88.11 4
    endloop
  endfacet
  facet normal 0 0 1
    outer loop
      vertex 11.154163056034262 84.16416305603425 4
      vertex 11.500657780874821 83.75846985779441 4
      vertex 38.05000000000001 88.11 4
    endloop
  endfacet
  facet normal 0 0 1
    outer loop
      vertex 11.500657780874821 83.75846985779441 4
      vertex 11.77942218224045 83.30356769911445 4
      vertex 38.05000000000001 88.11 4
    endloop
  endfacet
  facet normal 0 0 1
    outer loop
      vertex 11.77942218224045 83.30356769911445 4
      vertex 11.983592155403521 82.81065778087482 4
      vertex 38.05000000000001 88.11 4
    endloop
  endfacet
  facet normal 0 0 1
    outer loop
      vertex 11.983592155403521 82.81065778087482 4
      vertex 12.10814035802347 82.29187718113678 4
      vertex 38.05000000000001 88.11 4
    endloop
  endfacet
  facet normal 0 0 1
    outer loop
      vertex 12.10814035802347 82.29187718113678 4
      vertex 12.15 81.75999999999999 4
      vertex 38.05000000000001 88.11 4
    endloop
  endfacet
  facet normal 0 0 1
    outer loop
      vertex 12.15 81.75999999999999 4
      vertex 12.10814035802347 81.22812281886321 4
      vertex 38.05000000000001 88.11 4
    endloop
  endfacet
  facet normal 0 0 1
    outer loop
      vertex 0 88.11 4
      vertex 5.391859641976532 50.54187718113678 4
      vertex 5.391859641976532 81.22812281886321 4
    endloop
  endfacet
  facet normal 0 0 1
    outer loop
      vertex 5.391859641976532 81.22812281886321 4
      vertex 5.516407844596478 51.06065778087482 4
      vertex 5.516407844596478 80.70934221912518 4
    endloop
  endfacet
  facet normal 0 0 1
    outer loop
      vertex 5.516407844596478 80.70934221912518 4
      vertex 5.720577817759549 51.55356769911446 4
      vertex 5.720577817759549 80.21643230088554 4
    endloop
  endfacet
  facet normal 0 0 1
    outer loop
      vertex 5.720577817759549 80.21643230088554 4
      vertex 5.999342219125179 52.00846985779441 4
      vertex 5.999342219125179 79.76153014220559 4
    endloop
  endfacet
  facet normal 0 0 1
    outer loop
      vertex 5.999342219125179 79.76153014220559 4
      vertex 6.345836943965738 52.41416305603426 4
      vertex 6.345836943965738 79.35583694396574 4
    endloop
  endfacet
  facet normal 0 0 1
    outer loop
      vertex 6.345836943965738 79.35583694396574 4
      vertex 6.751530142205591 52.76065778087482 4
      vertex 6.751530142205591 79.00934221912517 4
    endloop
  endfacet
  facet normal 0 0 1
    outer loop
      vertex 6.751530142205591 79.00934221912517 4
      vertex 7.206432300885541 53.03942218224045 4
      vertex 7.206432300885541 78.73057781775955 4
    endloop
  endfacet
  facet normal 0 0 1
    outer loop
      vertex 7.206432300885541 78.73057781775955 4
      vertex 7.699342219125179 53.24359215540352 4
      vertex 7.699342219125179 78.52640784459648 4
    endloop
  endfacet
  facet normal 0 0 1
    outer loop
      vertex 7.699342219125179 78.52640784459648 4
      vertex 8.218122818863215 53.36814035802347 4
      vertex 8.218122818863215 78.40185964197653 4
    endloop
  endfacet
  facet normal 0 0 1
    outer loop
      vertex 8.218122818863215 78.40185964197653 4
      vertex 8.75 53.41 4
      vertex 8.75 78.36 4
    endloop
  endfacet
  facet normal 0 0 1
    outer loop
      vertex 8.75 78.36 4
      vertex 9.281877181136785 53.36814035802347 4
      vertex 9.281877181136785 78.40185964197653 4
    endloop
  endfacet
  facet normal 0 0 1
    outer loop
      vertex 9.281877181136785 78.40185964197653 4
      vertex 9.800657780874822 53.24359215540352 4
      vertex 9.800657780874822 78.52640784459648 4
    endloop
  endfacet
  facet normal 0 0 1
    outer loop
      vertex 10.293567699114458 78.73057781775955 4
      vertex 10.748469857794408 52.76065778087482 4
      vertex 10.748469857794408 79.00934221912517 4
    endloop
  endfacet
  facet normal 0 0 1
    outer loop
      vertex 9.800657780874822 78.52640784459648 4
      vertex 10.293567699114458 53.03942218224045 4
      vertex 10.293567699114458 78.73057781775955 4
    endloop
  endfacet
  facet normal 0 0 1
    outer loop
      vertex 12.10814035802347 81.22812281886321 4
      vertex 11.983592155403521 80.70934221912518 4
      vertex 12.10814035802347 50.54187718113678 4
    endloop
  endfacet
  facet normal 0 0 1
    outer loop
      vertex 11.77942218224045 80.21643230088554 4
      vertex 11.983592155403521 51.06065778087482 4
      vertex 11.983592155403521 80.70934221912518 4
    endloop
  endfacet
  facet normal 0 0 1
    outer loop
      vertex 10.748469857794408 79.00934221912517 4
      vertex 11.154163056034262 52.41416305603426 4
      vertex 11.154163056034262 79.35583694396574 4
    endloop
  endfacet
  facet normal 0 0 1
    outer loop
      vertex 11.154163056034262 79.35583694396574 4
      vertex 11.500657780874821 52.00846985779441 4
      vertex 11.500657780874821 79.76153014220559 4
    endloop
  endfacet
  facet normal 0 0 1
    outer loop
      vertex 11.77942218224045 80.21643230088554 4
      vertex 11.500657780874821 79.76153014220559 4
      vertex 11.77942218224045 51.55356769911446 4
    endloop
  endfacet
  facet normal 0 0 1
    outer loop
      vertex 12.10814035802347 81.22812281886321 4
      vertex 12.10814035802347 50.54187718113678 4
      vertex 38.05000000000001 88.11 4
    endloop
  endfacet
  facet normal 0 1 0
    outer loop
      vertex 0 88.11 0
      vertex 38.05000000000001 88.11 4
      vertex 38.05000000000001 88.11 0
    endloop
  endfacet
  facet normal 0 0 -1
    outer loop
      vertex 0 88.11 0
      vertex 7.699342219125179 53.24359215540352 0
      vertex 7.206432300885541 53.03942218224045 0
    endloop
  endfacet
  facet normal 0 0 -1
    outer loop
      vertex 0 88.11 0
      vertex 8.218122818863215 53.36814035802347 0
      vertex 7.699342219125179 53.24359215540352 0
    endloop
  endfacet
  facet normal 0 0 -1
    outer loop
      vertex 0 88.11 0
      vertex 5.999342219125179 52.00846985779441 0
      vertex 5.720577817759549 51.55356769911446 0
    endloop
  endfacet
  facet normal 0 0 -1
    outer loop
      vertex 0 88.11 0
      vertex 5.720577817759549 51.55356769911446 0
      vertex 5.516407844596478 51.06065778087482 0
    endloop
  endfacet
  facet normal 0 0 -1
    outer loop
      vertex 0 88.11 0
      vertex 6.751530142205591 52.76065778087482 0
      vertex 6.345836943965738 52.41416305603426 0
    endloop
  endfacet
  facet normal 0 0 -1
    outer loop
      vertex 0 88.11 0
      vertex 7.206432300885541 53.03942218224045 0
      vertex 6.751530142205591 52.76065778087482 0
    endloop
  endfacet
  facet normal 0 0 -1
    outer loop
      vertex 0 88.11 0
      vertex 6.345836943965738 52.41416305603426 0
      vertex 5.999342219125179 52.00846985779441 0
    endloop
  endfacet
  facet normal 0 0 -1
    outer loop
      vertex 0 88.11 0
      vertex 8.75 53.41 0
      vertex 8.218122818863215 53.36814035802347 0
    endloop
  endfacet
  facet normal 0 0 -1
    outer loop
      vertex 0 88.11 0
      vertex 9.281877181136785 53.36814035802347 0
      vertex 8.75 53.41 0
    endloop
  endfacet
  facet normal 0 0 -1
    outer loop
      vertex 0 88.11 0
      vertex 9.800657780874822 53.24359215540352 0
      vertex 9.281877181136785 53.36814035802347 0
    endloop
  endfacet
  facet normal 0 0 -1
    outer loop
      vertex 0 88.11 0
      vertex 10.293567699114458 53.03942218224045 0
      vertex 9.800657780874822 53.24359215540352 0
    endloop
  endfacet
  facet normal 0 0 -1
    outer loop
      vertex 0 88.11 0
      vertex 10.748469857794408 52.76065778087482 0
      vertex 10.293567699114458 53.03942218224045 0
    endloop
  endfacet
  facet normal 0 0 -1
    outer loop
      vertex 0 88.11 0
      vertex 11.154163056034262 52.41416305603426 0
      vertex 10.748469857794408 52.76065778087482 0
    endloop
  endfacet
  facet normal 0 0 -1
    outer loop
      vertex 0 88.11 0
      vertex 11.500657780874821 52.00846985779441 0
      vertex 11.154163056034262 52.41416305603426 0
    endloop
  endfacet
  facet normal 0 0 -1
    outer loop
      vertex 0 88.11 0
      vertex 11.77942218224045 51.55356769911446 0
      vertex 11.500657780874821 52.00846985779441 0
    endloop
  endfacet
  facet normal 0 0 -1
    outer loop
      vertex 0 88.11 0
      vertex 5.516407844596478 51.06065778087482 0
      vertex 5.391859641976532 50.54187718113678 0
    endloop
  endfacet
  facet normal 0 0 1
    outer loop
      vertex 0 88.11 4
      vertex 5.35 50.01 4
      vertex 5.391859641976532 50.54187718113678 4
    endloop
  endfacet
  facet normal 0 0 1
    outer loop
      vertex 0 88.11 4
      vertex 5.391859641976532 49.47812281886321 4
      vertex 5.35 50.01 4
    endloop
  endfacet
  facet normal -1 0 0
    outer loop
      vertex 0 88.11 0
      vertex 0 0 4
      vertex 0 88.11 4
    endloop
  endfacet
  facet normal 0 0 1
    outer loop
      vertex 0 88.11 4
      vertex 5.516407844596478 38.36065778087481 4
      vertex 5.391859641976532 49.47812281886321 4
    endloop
  endfacet
  facet normal 0 0 1
    outer loop
      vertex 5.720577817759549 80.21643230088554 4
      vertex 5.720577817759549 51.55356769911446 4
      vertex 5.999342219125179 52.00846985779441 4
    endloop
  endfacet
  facet normal 0 0 1
    outer loop
      vertex 5.999342219125179 79.76153014220559 4
      vertex 5.999342219125179 52.00846985779441 4
      vertex 6.345836943965738 52.41416305603426 4
    endloop
  endfacet
  facet normal 0 0 1
    outer loop
      vertex 6.345836943965738 79.35583694396574 4
      vertex 6.345836943965738 52.41416305603426 4
      vertex 6.751530142205591 52.76065778087482 4
    endloop
  endfacet
  facet normal 0 0 1
    outer loop
      vertex 5.516407844596478 80.70934221912518 4
      vertex 5.516407844596478 51.06065778087482 4
      vertex 5.720577817759549 51.55356769911446 4
    endloop
  endfacet
  facet normal 0 0 1
    outer loop
      vertex 5.391859641976532 81.22812281886321 4
      vertex 5.391859641976532 50.54187718113678 4
      vertex 5.516407844596478 51.06065778087482 4
    endloop
  endfacet
  facet normal 0 0 1
    outer loop
      vertex 6.751530142205591 79.00934221912517 4
      vertex 6.751530142205591 52.76065778087482 4
      vertex 7.206432300885541 53.03942218224045 4
    endloop
  endfacet
  facet normal 0 0 1
    outer loop
      vertex 7.206432300885541 78.73057781775955 4
      vertex 7.206432300885541 53.03942218224045 4
      vertex 7.699342219125179 53.24359215540352 4
    endloop
  endfacet
  facet normal 0 0 1
    outer loop
      vertex 7.699342219125179 78.52640784459648 4
      vertex 7.699342219125179 53.24359215540352 4
      vertex 8.218122818863215 53.36814035802347 4
    endloop
  endfacet
  facet normal 0 0 1
    outer loop
      vertex 8.218122818863215 78.40185964197653 4
      vertex 8.218122818863215 53.36814035802347 4
      vertex 8.75 53.41 4
    endloop
  endfacet
  facet normal 0 0 1
    outer loop
      vertex 8.75 78.36 4
      vertex 8.75 53.41 4
      vertex 9.281877181136785 53.36814035802347 4
    endloop
  endfacet
  facet normal 0 0 1
    outer loop
      vertex 9.281877181136785 78.40185964197653 4
      vertex 9.281877181136785 53.36814035802347 4
      vertex 9.800657780874822 53.24359215540352 4
    endloop
  endfacet
  facet normal 0 0 1
    outer loop
      vertex 9.800657780874822 78.52640784459648 4
      vertex 9.800657780874822 53.24359215540352 4
      vertex 10.293567699114458 53.03942218224045 4
    endloop
  endfacet
  facet normal 0 0 1
    outer loop
      vertex 10.293567699114458 78.73057781775955 4
      vertex 10.293567699114458 53.03942218224045 4
      vertex 10.748469857794408 52.76065778087482 4
    endloop
  endfacet
  facet normal 0 0 1
    outer loop
      vertex 10.748469857794408 79.00934221912517 4
      vertex 10.748469857794408 52.76065778087482 4
      vertex 11.154163056034262 52.41416305603426 4
    endloop
  endfacet
  facet normal 0 0 1
    outer loop
      vertex 11.154163056034262 79.35583694396574 4
      vertex 11.154163056034262 52.41416305603426 4
      vertex 11.500657780874821 52.00846985779441 4
    endloop
  endfacet
  facet normal 0 0 1
    outer loop
      vertex 11.500657780874821 79.76153014220559 4
      vertex 11.500657780874821 52.00846985779441 4
      vertex 11.77942218224045 51.55356769911446 4
    endloop
  endfacet
  facet normal 0 0 1
    outer loop
      vertex 11.77942218224045 80.21643230088554 4
      vertex 11.77942218224045 51.55356769911446 4
      vertex 11.983592155403521 51.06065778087482 4
    endloop
  endfacet
  facet normal 0 0 1
    outer loop
      vertex 11.983592155403521 80.70934221912518 4
      vertex 11.983592155403521 51.06065778087482 4
      vertex 12.10814035802347 50.54187718113678 4
    endloop
  endfacet
  facet normal 0 0 1
    outer loop
      vertex 12.10814035802347 50.54187718113678 4
      vertex 12.15 50.01 4
      vertex 38.05000000000001 88.11 4
    endloop
  endfacet
  facet normal 0 0 1
    outer loop
      vertex 12.15 50.01 4
      vertex 12.10814035802347 49.47812281886321 4
      vertex 38.05000000000001 88.11 4
    endloop
  endfacet
  facet normal 0 0 1
    outer loop
      vertex 12.10814035802347 49.47812281886321 4
      vertex 12.10814035802347 37.84187718113677 4
      vertex 38.05000000000001 88.11 4
    endloop
  endfacet
  facet normal 0 0 1
    outer loop
      vertex 0 88.11 4
      vertex 5.391859641976532 37.84187718113677 4
      vertex 5.516407844596478 38.36065778087481 4
    endloop
  endfacet
  facet normal 0 0 1
    outer loop
      vertex 0 88.11 4
      vertex 5.35 37.30999999999999 4
      vertex 5.391859641976532 37.84187718113677 4
    endloop
  endfacet
  facet normal 0 0 1
    outer loop
      vertex 0 88.11 4
      vertex 5.391859641976532 36.7781228188632 4
      vertex 5.35 37.30999999999999 4
    endloop
  endfacet
  facet normal 0 0 -1
    outer loop
      vertex 0 88.11 0
      vertex 5.391859641976532 50.54187718113678 0
      vertex 0 0 0
    endloop
  endfacet
  facet normal 0 0 -1
    outer loop
      vertex 0 88.11 0
      vertex 5.516407844596478 80.70934221912518 0
      vertex 38.05000000000001 0 0
    endloop
  endfacet
  facet normal 0 0 -1
    outer loop
      vertex 5.516407844596478 80.70934221912518 0
      vertex 5.720577817759549 80.21643230088554 0
      vertex 38.05000000000001 0 0
    endloop
  endfacet
  facet normal 0 0 -1
    outer loop
      vertex 5.720577817759549 80.21643230088554 0
      vertex 5.999342219125179 79.76153014220559 0
      vertex 38.05000000000001 0 0
    endloop
  endfacet
  facet normal 0 0 -1
    outer loop
      vertex 5.999342219125179 79.76153014220559 0
      vertex 6.345836943965738 79.35583694396574 0
      vertex 38.05000000000001 0 0
    endloop
  endfacet
  facet normal 0 0 -1
    outer loop
      vertex 6.345836943965738 79.35583694396574 0
      vertex 6.751530142205591 79.00934221912517 0
      vertex 38.05000000000001 0 0
    endloop
  endfacet
  facet normal 0 0 -1
    outer loop
      vertex 6.751530142205591 79.00934221912517 0
      vertex 7.206432300885541 78.73057781775955 0
      vertex 38.05000000000001 0 0
    endloop
  endfacet
  facet normal 0 0 -1
    outer loop
      vertex 7.206432300885541 78.73057781775955 0
      vertex 7.699342219125179 78.52640784459648 0
      vertex 38.05000000000001 0 0
    endloop
  endfacet
  facet normal 0 0 -1
    outer loop
      vertex 7.699342219125179 78.52640784459648 0
      vertex 8.218122818863215 78.40185964197653 0
      vertex 38.05000000000001 0 0
    endloop
  endfacet
  facet normal 0 0 -1
    outer loop
      vertex 8.218122818863215 78.40185964197653 0
      vertex 8.75 78.36 0
      vertex 38.05000000000001 0 0
    endloop
  endfacet
  facet normal 0 0 -1
    outer loop
      vertex 8.75 78.36 0
      vertex 9.281877181136785 78.40185964197653 0
      vertex 38.05000000000001 0 0
    endloop
  endfacet
  facet normal 0 0 -1
    outer loop
      vertex 12.10814035802347 82.29187718113678 0
      vertex 38.05000000000001 0 0
      vertex 12.15 81.75999999999999 0
    endloop
  endfacet
  facet normal 0 0 -1
    outer loop
      vertex 12.15 81.75999999999999 0
      vertex 38.05000000000001 0 0
      vertex 12.10814035802347 81.22812281886321 0
    endloop
  endfacet
  facet normal 0 0 -1
    outer loop
      vertex 12.10814035802347 81.22812281886321 0
      vertex 38.05000000000001 0 0
      vertex 11.983592155403521 80.70934221912518 0
    endloop
  endfacet
  facet normal 0 0 -1
    outer loop
      vertex 11.77942218224045 80.21643230088554 0
      vertex 11.983592155403521 80.70934221912518 0
      vertex 38.05000000000001 0 0
    endloop
  endfacet
  facet normal 0 0 -1
    outer loop
      vertex 11.77942218224045 80.21643230088554 0
      vertex 38.05000000000001 0 0
      vertex 11.500657780874821 79.76153014220559 0
    endloop
  endfacet
  facet normal 0 0 -1
    outer loop
      vertex 10.293567699114458 78.73057781775955 0
      vertex 10.748469857794408 79.00934221912517 0
      vertex 38.05000000000001 0 0
    endloop
  endfacet
  facet normal 0 0 -1
    outer loop
      vertex 10.748469857794408 79.00934221912517 0
      vertex 11.154163056034262 79.35583694396574 0
      vertex 38.05000000000001 0 0
    endloop
  endfacet
  facet normal 0 0 -1
    outer loop
      vertex 9.281877181136785 78.40185964197653 0
      vertex 9.800657780874822 78.52640784459648 0
      vertex 38.05000000000001 0 0
    endloop
  endfacet
  facet normal 0 0 -1
    outer loop
      vertex 9.800657780874822 78.52640784459648 0
      vertex 10.293567699114458 78.73057781775955 0
      vertex 38.05000000000001 0 0
    endloop
  endfacet
  facet normal 0 0 -1
    outer loop
      vertex 11.154163056034262 79.35583694396574 0
      vertex 11.500657780874821 79.76153014220559 0
      vertex 38.05000000000001 0 0
    endloop
  endfacet
  facet normal 0 0 1
    outer loop
      vertex 12.10814035802347 37.84187718113677 4
      vertex 12.15 37.30999999999999 4
      vertex 38.05000000000001 88.11 4
    endloop
  endfacet
  facet normal 0 0 1
    outer loop
      vertex 12.15 37.30999999999999 4
      vertex 12.10814035802347 36.7781228188632 4
      vertex 38.05000000000001 88.11 4
    endloop
  endfacet
  facet normal 0 0 1
    outer loop
      vertex 12.10814035802347 36.7781228188632 4
      vertex 11.983592155403521 36.259342219125166 4
      vertex 38.05000000000001 88.11 4
    endloop
  endfacet
  facet normal 0 0 -1
    outer loop
      vertex 0 88.11 0
      vertex 38.05000000000001 0 0
      vertex 11.77942218224045 51.55356769911446 0
    endloop
  endfacet
  facet normal 0 0 1
    outer loop
      vertex 12.10814035802347 5.02812281886321 4
      vertex 38.05000000000001 86.11 4
      vertex 38.05000000000001 88.11 4
    endloop
  endfacet
  facet normal 0 0 -1
    outer loop
      vertex 12.10814035802347 82.29187718113678 0
      vertex 38.05000000000001 88.11 0
      vertex 38.05000000000001 0 0
    endloop
  endfacet
  facet normal 0 0 1
    outer loop
      vertex 0 88.11 4
      vertex 0 0 4
      vertex 5.391859641976532 36.7781228188632 4
    endloop
  endfacet
  facet normal 0 0 -1
    outer loop
      vertex 5.516407844596478 48.959342219125176 0
      vertex 5.720577817759549 48.466432300885536 0
      vertex 5.516407844596478 38.36065778087481 0
    endloop
  endfacet
  facet normal 0 0 -1
    outer loop
      vertex 5.720577817759549 48.466432300885536 0
      vertex 5.999342219125179 48.01153014220559 0
      vertex 5.720577817759549 38.85356769911445 0
    endloop
  endfacet
  facet normal 0 0 -1
    outer loop
      vertex 5.999342219125179 48.01153014220559 0
      vertex 6.345836943965738 47.605836943965734 0
      vertex 5.999342219125179 39.3084698577944 0
    endloop
  endfacet
  facet normal 0 0 -1
    outer loop
      vertex 6.345836943965738 47.605836943965734 0
      vertex 6.751530142205591 47.25934221912517 0
      vertex 6.345836943965738 39.71416305603425 0
    endloop
  endfacet
  facet normal 0 0 -1
    outer loop
      vertex 6.751530142205591 47.25934221912517 0
      vertex 7.206432300885541 46.980577817759546 0
      vertex 6.751530142205591 40.060657780874806 0
    endloop
  endfacet
  facet normal 0 0 -1
    outer loop
      vertex 7.206432300885541 46.980577817759546 0
      vertex 7.699342219125179 46.77640784459648 0
      vertex 7.206432300885541 40.33942218224044 0
    endloop
  endfacet
  facet normal 0 0 -1
    outer loop
      vertex 7.699342219125179 46.77640784459648 0
      vertex 8.218122818863215 46.65185964197653 0
      vertex 7.699342219125179 40.54359215540351 0
    endloop
  endfacet
  facet normal 0 0 1
    outer loop
      vertex 5.391859641976532 49.47812281886321 4
      vertex 5.516407844596478 38.36065778087481 4
      vertex 5.516407844596478 48.959342219125176 4
    endloop
  endfacet
  facet normal 0 0 1
    outer loop
      vertex 5.516407844596478 48.959342219125176 4
      vertex 5.720577817759549 38.85356769911445 4
      vertex 5.720577817759549 48.466432300885536 4
    endloop
  endfacet
  facet normal 0 0 1
    outer loop
      vertex 5.720577817759549 48.466432300885536 4
      vertex 5.999342219125179 39.3084698577944 4
      vertex 5.999342219125179 48.01153014220559 4
    endloop
  endfacet
  facet normal 0 0 1
    outer loop
      vertex 5.999342219125179 48.01153014220559 4
      vertex 6.345836943965738 39.71416305603425 4
      vertex 6.345836943965738 47.605836943965734 4
    endloop
  endfacet
  facet normal 0 0 1
    outer loop
      vertex 6.345836943965738 47.605836943965734 4
      vertex 6.751530142205591 40.060657780874806 4
      vertex 6.751530142205591 47.25934221912517 4
    endloop
  endfacet
  facet normal 0 0 1
    outer loop
      vertex 6.751530142205591 47.25934221912517 4
      vertex 7.206432300885541 40.33942218224044 4
      vertex 7.206432300885541 46.980577817759546 4
    endloop
  endfacet
  facet normal 0 0 1
    outer loop
      vertex 7.206432300885541 46.980577817759546 4
      vertex 7.699342219125179 40.54359215540351 4
      vertex 7.699342219125179 46.77640784459648 4
    endloop
  endfacet
  facet normal 0 0 1
    outer loop
      vertex 7.699342219125179 46.77640784459648 4
      vertex 8.218122818863215 40.66814035802346 4
      vertex 8.218122818863215 46.65185964197653 4
    endloop
  endfacet
  facet normal 0 0 -1
    outer loop
      vertex 8.218122818863215 46.65185964197653 0
      vertex 8.75 46.61 0
      vertex 8.218122818863215 40.66814035802346 0
    endloop
  endfacet
  facet normal 0 0 -1
    outer loop
      vertex 8.75 46.61 0
      vertex 9.281877181136785 46.65185964197653 0
      vertex 8.75 40.70999999999999 0
    endloop
  endfacet
  facet normal 0 0 -1
    outer loop
      vertex 9.281877181136785 46.65185964197653 0
      vertex 9.800657780874822 46.77640784459648 0
      vertex 9.281877181136785 40.66814035802346 0
    endloop
  endfacet
  facet normal 0 0 -1
    outer loop
      vertex 10.293567699114458 46.980577817759546 0
      vertex 9.800657780874822 40.54359215540351 0
      vertex 9.800657780874822 46.77640784459648 0
    endloop
  endfacet
  facet normal 0 0 -1
    outer loop
      vertex 10.293567699114458 46.980577817759546 0
      vertex 10.748469857794408 47.25934221912517 0
      vertex 10.293567699114458 40.33942218224044 0
    endloop
  endfacet
  facet normal 0 0 1
    outer loop
      vertex 8.218122818863215 46.65185964197653 4
      vertex 8.75 40.70999999999999 4
      vertex 8.75 46.61 4
    endloop
  endfacet
  facet normal 0 0 1
    outer loop
      vertex 8.75 46.61 4
      vertex 9.281877181136785 40.66814035802346 4
      vertex 9.281877181136785 46.65185964197653 4
    endloop
  endfacet
  facet normal 0 0 1
    outer loop
      vertex 9.281877181136785 46.65185964197653 4
      vertex 9.800657780874822 40.54359215540351 4
      vertex 9.800657780874822 46.77640784459648 4
    endloop
  endfacet
  facet normal 0 0 1
    outer loop
      vertex 10.293567699114458 46.980577817759546 4
      vertex 9.800657780874822 46.77640784459648 4
      vertex 10.293567699114458 40.33942218224044 4
    endloop
  endfacet
  facet normal 0 0 1
    outer loop
      vertex 10.293567699114458 46.980577817759546 4
      vertex 10.748469857794408 40.060657780874806 4
      vertex 10.748469857794408 47.25934221912517 4
    endloop
  endfacet
  facet normal 0 0 -1
    outer loop
      vertex 5.720577817759549 48.466432300885536 0
      vertex 5.720577817759549 38.85356769911445 0
      vertex 5.516407844596478 38.36065778087481 0
    endloop
  endfacet
  facet normal 0 0 -1
    outer loop
      vertex 5.999342219125179 48.01153014220559 0
      vertex 5.999342219125179 39.3084698577944 0
      vertex 5.720577817759549 38.85356769911445 0
    endloop
  endfacet
  facet normal 0 0 -1
    outer loop
      vertex 6.345836943965738 47.605836943965734 0
      vertex 6.345836943965738 39.71416305603425 0
      vertex 5.999342219125179 39.3084698577944 0
    endloop
  endfacet
  facet normal 0 0 -1
    outer loop
      vertex 6.751530142205591 47.25934221912517 0
      vertex 6.751530142205591 40.060657780874806 0
      vertex 6.345836943965738 39.71416305603425 0
    endloop
  endfacet
  facet normal 0 0 -1
    outer loop
      vertex 7.206432300885541 46.980577817759546 0
      vertex 7.206432300885541 40.33942218224044 0
      vertex 6.751530142205591 40.060657780874806 0
    endloop
  endfacet
  facet normal 0 0 -1
    outer loop
      vertex 7.699342219125179 46.77640784459648 0
      vertex 7.699342219125179 40.54359215540351 0
      vertex 7.206432300885541 40.33942218224044 0
    endloop
  endfacet
  facet normal 0 0 -1
    outer loop
      vertex 8.218122818863215 46.65185964197653 0
      vertex 8.218122818863215 40.66814035802346 0
      vertex 7.699342219125179 40.54359215540351 0
    endloop
  endfacet
  facet normal 0 0 -1
    outer loop
      vertex 5.516407844596478 48.959342219125176 0
      vertex 5.516407844596478 38.36065778087481 0
      vertex 5.391859641976532 37.84187718113677 0
    endloop
  endfacet
  facet normal 0 0 1
    outer loop
      vertex 6.345836943965738 47.605836943965734 4
      vertex 6.345836943965738 39.71416305603425 4
      vertex 6.751530142205591 40.060657780874806 4
    endloop
  endfacet
  facet normal 0 0 1
    outer loop
      vertex 5.720577817759549 48.466432300885536 4
      vertex 5.720577817759549 38.85356769911445 4
      vertex 5.999342219125179 39.3084698577944 4
    endloop
  endfacet
  facet normal 0 0 1
    outer loop
      vertex 5.516407844596478 48.959342219125176 4
      vertex 5.516407844596478 38.36065778087481 4
      vertex 5.720577817759549 38.85356769911445 4
    endloop
  endfacet
  facet normal 0 0 1
    outer loop
      vertex 5.999342219125179 48.01153014220559 4
      vertex 5.999342219125179 39.3084698577944 4
      vertex 6.345836943965738 39.71416305603425 4
    endloop
  endfacet
  facet normal 0 0 1
    outer loop
      vertex 6.751530142205591 47.25934221912517 4
      vertex 6.751530142205591 40.060657780874806 4
      vertex 7.206432300885541 40.33942218224044 4
    endloop
  endfacet
  facet normal 0 0 1
    outer loop
      vertex 7.206432300885541 46.980577817759546 4
      vertex 7.206432300885541 40.33942218224044 4
      vertex 7.699342219125179 40.54359215540351 4
    endloop
  endfacet
  facet normal 0 0 1
    outer loop
      vertex 7.699342219125179 46.77640784459648 4
      vertex 7.699342219125179 40.54359215540351 4
      vertex 8.218122818863215 40.66814035802346 4
    endloop
  endfacet
  facet normal 0 0 -1
    outer loop
      vertex 8.75 46.61 0
      vertex 8.75 40.70999999999999 0
      vertex 8.218122818863215 40.66814035802346 0
    endloop
  endfacet
  facet normal 0 0 -1
    outer loop
      vertex 9.281877181136785 46.65185964197653 0
      vertex 9.281877181136785 40.66814035802346 0
      vertex 8.75 40.70999999999999 0
    endloop
  endfacet
  facet normal 0 0 -1
    outer loop
      vertex 9.800657780874822 46.77640784459648 0
      vertex 9.800657780874822 40.54359215540351 0
      vertex 9.281877181136785 40.66814035802346 0
    endloop
  endfacet
  facet normal 0 0 -1
    outer loop
      vertex 10.293567699114458 46.980577817759546 0
      vertex 10.293567699114458 40.33942218224044 0
      vertex 9.800657780874822 40.54359215540351 0
    endloop
  endfacet
  facet normal 0 0 -1
    outer loop
      vertex 10.748469857794408 47.25934221912517 0
      vertex 10.748469857794408 40.060657780874806 0
      vertex 10.293567699114458 40.33942218224044 0
    endloop
  endfacet
  facet normal 0 0 1
    outer loop
      vertex 8.218122818863215 46.65185964197653 4
      vertex 8.218122818863215 40.66814035802346 4
      vertex 8.75 40.70999999999999 4
    endloop
  endfacet
  facet normal 0 0 1
    outer loop
      vertex 8.75 46.61 4
      vertex 8.75 40.70999999999999 4
      vertex 9.281877181136785 40.66814035802346 4
    endloop
  endfacet
  facet normal 0 0 1
    outer loop
      vertex 9.281877181136785 46.65185964197653 4
      vertex 9.281877181136785 40.66814035802346 4
      vertex 9.800657780874822 40.54359215540351 4
    endloop
  endfacet
  facet normal 0 0 1
    outer loop
      vertex 9.800657780874822 46.77640784459648 4
      vertex 9.800657780874822 40.54359215540351 4
      vertex 10.293567699114458 40.33942218224044 4
    endloop
  endfacet
  facet normal 0 0 1
    outer loop
      vertex 10.293567699114458 46.980577817759546 4
      vertex 10.293567699114458 40.33942218224044 4
      vertex 10.748469857794408 40.060657780874806 4
    endloop
  endfacet
  facet normal 0 0 -1
    outer loop
      vertex 11.77942218224045 48.466432300885536 0
      vertex 11.983592155403521 48.959342219125176 0
      vertex 11.77942218224045 38.85356769911445 0
    endloop
  endfacet
  facet normal 0 0 -1
    outer loop
      vertex 11.154163056034262 47.605836943965734 0
      vertex 11.500657780874821 48.01153014220559 0
      vertex 11.154163056034262 39.71416305603425 0
    endloop
  endfacet
  facet normal 0 0 -1
    outer loop
      vertex 10.748469857794408 47.25934221912517 0
      vertex 11.154163056034262 47.605836943965734 0
      vertex 10.748469857794408 40.060657780874806 0
    endloop
  endfacet
  facet normal 0 0 -1
    outer loop
      vertex 11.77942218224045 48.466432300885536 0
      vertex 11.500657780874821 39.3084698577944 0
      vertex 11.500657780874821 48.01153014220559 0
    endloop
  endfacet
  facet normal 0 0 1
    outer loop
      vertex 11.983592155403521 48.959342219125176 4
      vertex 12.10814035802347 37.84187718113677 4
      vertex 12.10814035802347 49.47812281886321 4
    endloop
  endfacet
  facet normal 0 0 1
    outer loop
      vertex 10.748469857794408 47.25934221912517 4
      vertex 11.154163056034262 39.71416305603425 4
      vertex 11.154163056034262 47.605836943965734 4
    endloop
  endfacet
  facet normal 0 0 1
    outer loop
      vertex 11.154163056034262 47.605836943965734 4
      vertex 11.500657780874821 39.3084698577944 4
      vertex 11.500657780874821 48.01153014220559 4
    endloop
  endfacet
  facet normal 0 0 1
    outer loop
      vertex 11.77942218224045 48.466432300885536 4
      vertex 11.500657780874821 48.01153014220559 4
      vertex 11.77942218224045 38.85356769911445 4
    endloop
  endfacet
  facet normal 0 0 1
    outer loop
      vertex 11.77942218224045 48.466432300885536 4
      vertex 11.983592155403521 38.36065778087481 4
      vertex 11.983592155403521 48.959342219125176 4
    endloop
  endfacet
  facet normal 0 0 -1
    outer loop
      vertex 11.154163056034262 47.605836943965734 0
      vertex 11.154163056034262 39.71416305603425 0
      vertex 10.748469857794408 40.060657780874806 0
    endloop
  endfacet
  facet normal 0 0 -1
    outer loop
      vertex 11.500657780874821 48.01153014220559 0
      vertex 11.500657780874821 39.3084698577944 0
      vertex 11.154163056034262 39.71416305603425 0
    endloop
  endfacet
  facet normal 0 0 -1
    outer loop
      vertex 11.77942218224045 48.466432300885536 0
      vertex 11.77942218224045 38.85356769911445 0
      vertex 11.500657780874821 39.3084698577944 0
    endloop
  endfacet
  facet normal 0 0 -1
    outer loop
      vertex 11.983592155403521 48.959342219125176 0
      vertex 11.983592155403521 38.36065778087481 0
      vertex 11.77942218224045 38.85356769911445 0
    endloop
  endfacet
  facet normal 0 0 1
    outer loop
      vertex 10.748469857794408 47.25934221912517 4
      vertex 10.748469857794408 40.060657780874806 4
      vertex 11.154163056034262 39.71416305603425 4
    endloop
  endfacet
  facet normal 0 0 1
    outer loop
      vertex 11.154163056034262 47.605836943965734 4
      vertex 11.154163056034262 39.71416305603425 4
      vertex 11.500657780874821 39.3084698577944 4
    endloop
  endfacet
  facet normal 0 0 1
    outer loop
      vertex 11.500657780874821 48.01153014220559 4
      vertex 11.500657780874821 39.3084698577944 4
      vertex 11.77942218224045 38.85356769911445 4
    endloop
  endfacet
  facet normal 0 0 1
    outer loop
      vertex 11.77942218224045 48.466432300885536 4
      vertex 11.77942218224045 38.85356769911445 4
      vertex 11.983592155403521 38.36065778087481 4
    endloop
  endfacet
  facet normal 0 0 1
    outer loop
      vertex 11.983592155403521 48.959342219125176 4
      vertex 11.983592155403521 38.36065778087481 4
      vertex 12.10814035802347 37.84187718113677 4
    endloop
  endfacet
  facet normal 0 0 1
    outer loop
      vertex 0 0 4
      vertex 38.05000000000001 88.11 4
      vertex 11.983592155403521 36.259342219125166 4
    endloop
  endfacet
  facet normal 0 0 1
    outer loop
      vertex 5.999342219125179 7.5584698577943925 4
      vertex 6.345836943965738 7.964163056034252 4
      vertex 38.05000000000001 88.11 4
    endloop
  endfacet
  facet normal 0 0 1
    outer loop
      vertex 6.751530142205591 8.310657780874806 4
      vertex 7.206432300885541 8.58942218224044 4
      vertex 38.05000000000001 88.11 4
    endloop
  endfacet
  facet normal 0 0 1
    outer loop
      vertex 6.751530142205591 8.310657780874806 4
      vertex 38.05000000000001 88.11 4
      vertex 6.345836943965738 7.964163056034252 4
    endloop
  endfacet
  facet normal 0 0 1
    outer loop
      vertex 7.699342219125179 8.793592155403516 4
      vertex 8.218122818863215 8.91814035802345 4
      vertex 38.05000000000001 88.11 4
    endloop
  endfacet
  facet normal 0 0 1
    outer loop
      vertex 8.218122818863215 8.91814035802345 4
      vertex 8.75 8.959999999999994 4
      vertex 38.05000000000001 88.11 4
    endloop
  endfacet
  facet normal 0 0 1
    outer loop
      vertex 8.75 8.959999999999994 4
      vertex 9.281877181136785 8.91814035802345 4
      vertex 38.05000000000001 88.11 4
    endloop
  endfacet
  facet normal 0 0 1
    outer loop
      vertex 7.206432300885541 8.58942218224044 4
      vertex 7.699342219125179 8.793592155403516 4
      vertex 38.05000000000001 88.11 4
    endloop
  endfacet
  facet normal 0 0 1
    outer loop
      vertex 9.281877181136785 8.91814035802345 4
      vertex 9.800657780874822 8.793592155403516 4
      vertex 38.05000000000001 88.11 4
    endloop
  endfacet
  facet normal 0 0 1
    outer loop
      vertex 9.800657780874822 8.793592155403516 4
      vertex 10.293567699114458 8.58942218224044 4
      vertex 38.05000000000001 88.11 4
    endloop
  endfacet
  facet normal 0 0 1
    outer loop
      vertex 10.293567699114458 8.58942218224044 4
      vertex 10.748469857794408 8.310657780874806 4
      vertex 38.05000000000001 88.11 4
    endloop
  endfacet
  facet normal 0 0 1
    outer loop
      vertex 10.748469857794408 8.310657780874806 4
      vertex 11.154163056034262 7.964163056034252 4
      vertex 38.05000000000001 88.11 4
    endloop
  endfacet
  facet normal 0 0 1
    outer loop
      vertex 11.154163056034262 7.964163056034252 4
      vertex 11.500657780874821 7.5584698577943925 4
      vertex 38.05000000000001 88.11 4
    endloop
  endfacet
  facet normal 0 0 -1
    outer loop
      vertex 5.35 50.01 0
      vertex 0 0 0
      vertex 5.391859641976532 50.54187718113678 0
    endloop
  endfacet
  facet normal 0 0 -1
    outer loop
      vertex 5.35 50.01 0
      vertex 5.391859641976532 49.47812281886321 0
      vertex 0 0 0
    endloop
  endfacet
  facet normal 0 0 -1
    outer loop
      vertex 5.391859641976532 49.47812281886321 0
      vertex 5.516407844596478 48.959342219125176 0
      vertex 0 0 0
    endloop
  endfacet
  facet normal -1 0 0
    outer loop
      vertex 0 88.11 0
      vertex 0 0 0
      vertex 0 0 4
    endloop
  endfacet
  facet normal 0 0 -1
    outer loop
      vertex 5.516407844596478 48.959342219125176 0
      vertex 5.391859641976532 37.84187718113677 0
      vertex 0 0 0
    endloop
  endfacet
  facet normal 0 0 -1
    outer loop
      vertex 5.35 37.30999999999999 0
      vertex 0 0 0
      vertex 5.391859641976532 37.84187718113677 0
    endloop
  endfacet
  facet normal 0 0 -1
    outer loop
      vertex 5.35 37.30999999999999 0
      vertex 5.391859641976532 36.7781228188632 0
      vertex 0 0 0
    endloop
  endfacet
  facet normal 0 0 -1
    outer loop
      vertex 5.391859641976532 36.7781228188632 0
      vertex 5.516407844596478 36.259342219125166 0
      vertex 0 0 0
    endloop
  endfacet
  facet normal 0 0 1
    outer loop
      vertex 5.391859641976532 36.7781228188632 4
      vertex 0 0 4
      vertex 5.516407844596478 36.259342219125166 4
    endloop
  endfacet
  facet normal 0 0 1
    outer loop
      vertex 5.516407844596478 36.259342219125166 4
      vertex 0 0 4
      vertex 5.720577817759549 35.766432300885526 4
    endloop
  endfacet
  facet normal 0 0 1
    outer loop
      vertex 5.720577817759549 35.766432300885526 4
      vertex 0 0 4
      vertex 5.999342219125179 35.31153014220558 4
    endloop
  endfacet
  facet normal 0 0 1
    outer loop
      vertex 5.999342219125179 35.31153014220558 4
      vertex 0 0 4
      vertex 6.345836943965738 34.905836943965724 4
    endloop
  endfacet
  facet normal 0 0 1
    outer loop
      vertex 6.345836943965738 34.905836943965724 4
      vertex 0 0 4
      vertex 6.751530142205591 34.55934221912517 4
    endloop
  endfacet
  facet normal 0 0 -1
    outer loop
      vertex 5.516407844596478 36.259342219125166 0
      vertex 5.720577817759549 35.766432300885526 0
      vertex 5.516407844596478 6.610657780874803 0
    endloop
  endfacet
  facet normal 0 0 -1
    outer loop
      vertex 5.720577817759549 35.766432300885526 0
      vertex 5.999342219125179 35.31153014220558 0
      vertex 5.720577817759549 7.10356769911445 0
    endloop
  endfacet
  facet normal 0 0 -1
    outer loop
      vertex 5.999342219125179 35.31153014220558 0
      vertex 6.345836943965738 34.905836943965724 0
      vertex 5.999342219125179 7.5584698577943925 0
    endloop
  endfacet
  facet normal 0 0 -1
    outer loop
      vertex 6.345836943965738 34.905836943965724 0
      vertex 6.751530142205591 34.55934221912517 0
      vertex 6.345836943965738 7.964163056034252 0
    endloop
  endfacet
  facet normal 0 0 -1
    outer loop
      vertex 6.751530142205591 34.55934221912517 0
      vertex 7.206432300885541 34.280577817759536 0
      vertex 6.751530142205591 8.310657780874806 0
    endloop
  endfacet
  facet normal 0 0 -1
    outer loop
      vertex 7.206432300885541 34.280577817759536 0
      vertex 7.699342219125179 34.07640784459647 0
      vertex 7.206432300885541 8.58942218224044 0
    endloop
  endfacet
  facet normal 0 0 -1
    outer loop
      vertex 7.699342219125179 34.07640784459647 0
      vertex 8.218122818863215 33.95185964197652 0
      vertex 7.699342219125179 8.793592155403516 0
    endloop
  endfacet
  facet normal 0 0 1
    outer loop
      vertex 0 0 4
      vertex 11.983592155403521 36.259342219125166 4
      vertex 11.77942218224045 35.766432300885526 4
    endloop
  endfacet
  facet normal 0 0 1
    outer loop
      vertex 0 0 4
      vertex 11.154163056034262 34.905836943965724 4
      vertex 10.748469857794408 34.55934221912517 4
    endloop
  endfacet
  facet normal 0 0 1
    outer loop
      vertex 0 0 4
      vertex 11.500657780874821 35.31153014220558 4
      vertex 11.154163056034262 34.905836943965724 4
    endloop
  endfacet
  facet normal 0 0 1
    outer loop
      vertex 0 0 4
      vertex 11.77942218224045 35.766432300885526 4
      vertex 11.500657780874821 35.31153014220558 4
    endloop
  endfacet
  facet normal 0 0 -1
    outer loop
      vertex 8.218122818863215 33.95185964197652 0
      vertex 8.75 33.90999999999999 0
      vertex 8.218122818863215 8.91814035802345 0
    endloop
  endfacet
  facet normal 0 0 -1
    outer loop
      vertex 8.75 33.90999999999999 0
      vertex 9.281877181136785 33.95185964197652 0
      vertex 8.75 8.959999999999994 0
    endloop
  endfacet
  facet normal 0 0 -1
    outer loop
      vertex 9.281877181136785 33.95185964197652 0
      vertex 9.800657780874822 34.07640784459647 0
      vertex 9.281877181136785 8.91814035802345 0
    endloop
  endfacet
  facet normal 0 0 -1
    outer loop
      vertex 9.800657780874822 34.07640784459647 0
      vertex 10.293567699114458 34.280577817759536 0
      vertex 9.800657780874822 8.793592155403516 0
    endloop
  endfacet
  facet normal 0 0 -1
    outer loop
      vertex 10.293567699114458 34.280577817759536 0
      vertex 10.748469857794408 34.55934221912517 0
      vertex 10.293567699114458 8.58942218224044 0
    endloop
  endfacet
  facet normal 0 0 1
    outer loop
      vertex 0 0 4
      vertex 5.516407844596478 6.610657780874803 4
      vertex 38.05000000000001 88.11 4
    endloop
  endfacet
  facet normal 0 0 1
    outer loop
      vertex 5.720577817759549 7.10356769911445 4
      vertex 5.999342219125179 7.5584698577943925 4
      vertex 38.05000000000001 88.11 4
    endloop
  endfacet
  facet normal 0 0 1
    outer loop
      vertex 5.720577817759549 7.10356769911445 4
      vertex 38.05000000000001 88.11 4
      vertex 5.516407844596478 6.610657780874803 4
    endloop
  endfacet
  facet normal 0 0 -1
    outer loop
      vertex 11.77942218224045 51.55356769911446 0
      vertex 38.05000000000001 0 0
      vertex 11.983592155403521 51.06065778087482 0
    endloop
  endfacet
  facet normal 0 0 -1
    outer loop
      vertex 11.983592155403521 51.06065778087482 0
      vertex 38.05000000000001 0 0
      vertex 12.10814035802347 50.54187718113678 0
    endloop
  endfacet
  facet normal 0 0 -1
    outer loop
      vertex 12.10814035802347 50.54187718113678 0
      vertex 38.05000000000001 0 0
      vertex 12.15 50.01 0
    endloop
  endfacet
  facet normal 0 0 -1
    outer loop
      vertex 12.15 50.01 0
      vertex 38.05000000000001 0 0
      vertex 12.10814035802347 49.47812281886321 0
    endloop
  endfacet
  facet normal 0 0 -1
    outer loop
      vertex 11.983592155403521 48.959342219125176 0
      vertex 12.10814035802347 49.47812281886321 0
      vertex 38.05000000000001 0 0
    endloop
  endfacet
  facet normal 0 0 1
    outer loop
      vertex 11.500657780874821 7.5584698577943925 4
      vertex 11.77942218224045 7.10356769911445 4
      vertex 38.05000000000001 88.11 4
    endloop
  endfacet
  facet normal 0 0 1
    outer loop
      vertex 11.77942218224045 7.10356769911445 4
      vertex 11.983592155403521 6.610657780874803 4
      vertex 38.05000000000001 88.11 4
    endloop
  endfacet
  facet normal 0 0 1
    outer loop
      vertex 11.983592155403521 6.610657780874803 4
      vertex 12.10814035802347 6.091877181136766 4
      vertex 38.05000000000001 88.11 4
    endloop
  endfacet
  facet normal 0 0 1
    outer loop
      vertex 12.10814035802347 6.091877181136766 4
      vertex 12.15 5.559999999999988 4
      vertex 38.05000000000001 88.11 4
    endloop
  endfacet
  facet normal 0 0 1
    outer loop
      vertex 12.15 5.559999999999988 4
      vertex 12.10814035802347 5.02812281886321 4
      vertex 38.05000000000001 88.11 4
    endloop
  endfacet
  facet normal 0 0 -1
    outer loop
      vertex 11.983592155403521 48.959342219125176 0
      vertex 38.05000000000001 0 0
      vertex 11.983592155403521 38.36065778087481 0
    endloop
  endfacet
  facet normal 0 0 -1
    outer loop
      vertex 10.748469857794408 34.55934221912517 0
      vertex 11.154163056034262 34.905836943965724 0
      vertex 10.748469857794408 8.310657780874806 0
    endloop
  endfacet
  facet normal 0 0 -1
    outer loop
      vertex 11.154163056034262 34.905836943965724 0
      vertex 11.500657780874821 35.31153014220558 0
      vertex 11.154163056034262 7.964163056034252 0
    endloop
  endfacet
  facet normal 0 0 -1
    outer loop
      vertex 11.77942218224045 35.766432300885526 0
      vertex 11.983592155403521 36.259342219125166 0
      vertex 11.77942218224045 7.10356769911445 0
    endloop
  endfacet
  facet normal 0 0 -1
    outer loop
      vertex 11.500657780874821 35.31153014220558 0
      vertex 11.77942218224045 35.766432300885526 0
      vertex 11.500657780874821 7.5584698577943925 0
    endloop
  endfacet
  facet normal 0 0 -1
    outer loop
      vertex 11.983592155403521 38.36065778087481 0
      vertex 38.05000000000001 0 0
      vertex 12.10814035802347 37.84187718113677 0
    endloop
  endfacet
  facet normal 0 0 -1
    outer loop
      vertex 12.10814035802347 37.84187718113677 0
      vertex 38.05000000000001 0 0
      vertex 12.15 37.30999999999999 0
    endloop
  endfacet
  facet normal 0 0 -1
    outer loop
      vertex 12.15 37.30999999999999 0
      vertex 38.05000000000001 0 0
      vertex 12.10814035802347 36.7781228188632 0
    endloop
  endfacet
  facet normal 0 0 -1
    outer loop
      vertex 12.10814035802347 36.7781228188632 0
      vertex 38.05000000000001 0 0
      vertex 11.983592155403521 36.259342219125166 0
    endloop
  endfacet
  facet normal 0 0 1
    outer loop
      vertex 12.10814035802347 5.02812281886321 4
      vertex 38.05000000000001 43.66 4
      vertex 38.05000000000001 86.11 4
    endloop
  endfacet
  facet normal 0 0 1
    outer loop
      vertex 12.10814035802347 5.02812281886321 4
      vertex 38.05000000000001 40.66 4
      vertex 38.05000000000001 43.66 4
    endloop
  endfacet
  facet normal 0 0 1
    outer loop
      vertex 6.751530142205591 34.55934221912517 4
      vertex 0 0 4
      vertex 7.206432300885541 34.280577817759536 4
    endloop
  endfacet
  facet normal 0 0 1
    outer loop
      vertex 7.206432300885541 34.280577817759536 4
      vertex 0 0 4
      vertex 7.699342219125179 34.07640784459647 4
    endloop
  endfacet
  facet normal 0 0 1
    outer loop
      vertex 7.699342219125179 34.07640784459647 4
      vertex 0 0 4
      vertex 8.218122818863215 33.95185964197652 4
    endloop
  endfacet
  facet normal 0 0 1
    outer loop
      vertex 8.218122818863215 33.95185964197652 4
      vertex 0 0 4
      vertex 8.75 33.90999999999999 4
    endloop
  endfacet
  facet normal 0 0 1
    outer loop
      vertex 8.75 33.90999999999999 4
      vertex 0 0 4
      vertex 9.281877181136785 33.95185964197652 4
    endloop
  endfacet
  facet normal 0 0 1
    outer loop
      vertex 9.281877181136785 33.95185964197652 4
      vertex 0 0 4
      vertex 9.800657780874822 34.07640784459647 4
    endloop
  endfacet
  facet normal 0 0 1
    outer loop
      vertex 0 0 4
      vertex 10.293567699114458 34.280577817759536 4
      vertex 9.800657780874822 34.07640784459647 4
    endloop
  endfacet
  facet normal 0 0 1
    outer loop
      vertex 0 0 4
      vertex 10.748469857794408 34.55934221912517 4
      vertex 10.293567699114458 34.280577817759536 4
    endloop
  endfacet
  facet normal 0 0 -1
    outer loop
      vertex 9.281877181136785 33.95185964197652 0
      vertex 9.281877181136785 8.91814035802345 0
      vertex 8.75 8.959999999999994 0
    endloop
  endfacet
  facet normal 0 0 -1
    outer loop
      vertex 5.516407844596478 36.259342219125166 0
      vertex 5.516407844596478 6.610657780874803 0
      vertex 0 0 0
    endloop
  endfacet
  facet normal 0 0 -1
    outer loop
      vertex 5.999342219125179 35.31153014220558 0
      vertex 5.999342219125179 7.5584698577943925 0
      vertex 5.720577817759549 7.10356769911445 0
    endloop
  endfacet
  facet normal 0 0 -1
    outer loop
      vertex 6.751530142205591 34.55934221912517 0
      vertex 6.751530142205591 8.310657780874806 0
      vertex 6.345836943965738 7.964163056034252 0
    endloop
  endfacet
  facet normal 0 0 -1
    outer loop
      vertex 6.345836943965738 34.905836943965724 0
      vertex 6.345836943965738 7.964163056034252 0
      vertex 5.999342219125179 7.5584698577943925 0
    endloop
  endfacet
  facet normal 0 0 -1
    outer loop
      vertex 5.720577817759549 35.766432300885526 0
      vertex 5.720577817759549 7.10356769911445 0
      vertex 5.516407844596478 6.610657780874803 0
    endloop
  endfacet
  facet normal 0 0 -1
    outer loop
      vertex 7.206432300885541 34.280577817759536 0
      vertex 7.206432300885541 8.58942218224044 0
      vertex 6.751530142205591 8.310657780874806 0
    endloop
  endfacet
  facet normal 0 0 -1
    outer loop
      vertex 7.699342219125179 34.07640784459647 0
      vertex 7.699342219125179 8.793592155403516 0
      vertex 7.206432300885541 8.58942218224044 0
    endloop
  endfacet
  facet normal 0 0 -1
    outer loop
      vertex 8.218122818863215 33.95185964197652 0
      vertex 8.218122818863215 8.91814035802345 0
      vertex 7.699342219125179 8.793592155403516 0
    endloop
  endfacet
  facet normal 0 0 -1
    outer loop
      vertex 8.75 33.90999999999999 0
      vertex 8.75 8.959999999999994 0
      vertex 8.218122818863215 8.91814035802345 0
    endloop
  endfacet
  facet normal 0 0 -1
    outer loop
      vertex 9.281877181136785 8.91814035802345 0
      vertex 9.800657780874822 34.07640784459647 0
      vertex 9.800657780874822 8.793592155403516 0
    endloop
  endfacet
  facet normal 0 0 -1
    outer loop
      vertex 10.293567699114458 34.280577817759536 0
      vertex 10.293567699114458 8.58942218224044 0
      vertex 9.800657780874822 8.793592155403516 0
    endloop
  endfacet
  facet normal 0 0 -1
    outer loop
      vertex 10.748469857794408 34.55934221912517 0
      vertex 10.748469857794408 8.310657780874806 0
      vertex 10.293567699114458 8.58942218224044 0
    endloop
  endfacet
  facet normal 0 0 -1
    outer loop
      vertex 11.154163056034262 34.905836943965724 0
      vertex 11.154163056034262 7.964163056034252 0
      vertex 10.748469857794408 8.310657780874806 0
    endloop
  endfacet
  facet normal 0 0 -1
    outer loop
      vertex 11.500657780874821 35.31153014220558 0
      vertex 11.500657780874821 7.5584698577943925 0
      vertex 11.154163056034262 7.964163056034252 0
    endloop
  endfacet
  facet normal 0 0 -1
    outer loop
      vertex 11.77942218224045 35.766432300885526 0
      vertex 11.77942218224045 7.10356769911445 0
      vertex 11.500657780874821 7.5584698577943925 0
    endloop
  endfacet
  facet normal 0 0 -1
    outer loop
      vertex 11.983592155403521 36.259342219125166 0
      vertex 11.983592155403521 6.610657780874803 0
      vertex 11.77942218224045 7.10356769911445 0
    endloop
  endfacet
  facet normal 0 0 -1
    outer loop
      vertex 11.983592155403521 36.259342219125166 0
      vertex 38.05000000000001 0 0
      vertex 11.983592155403521 6.610657780874803 0
    endloop
  endfacet
  facet normal 0 0 -1
    outer loop
      vertex 0 0 0
      vertex 5.516407844596478 6.610657780874803 0
      vertex 5.391859641976532 6.091877181136766 0
    endloop
  endfacet
  facet normal 0 0 -1
    outer loop
      vertex 0 0 0
      vertex 5.391859641976532 6.091877181136766 0
      vertex 5.35 5.559999999999988 0
    endloop
  endfacet
  facet normal 0 0 -1
    outer loop
      vertex 0 0 0
      vertex 5.35 5.559999999999988 0
      vertex 5.391859641976532 5.02812281886321 0
    endloop
  endfacet
  facet normal 0 0 -1
    outer loop
      vertex 0 0 0
      vertex 5.391859641976532 5.02812281886321 0
      vertex 5.516407844596478 4.509342219125173 0
    endloop
  endfacet
  facet normal 0 0 1
    outer loop
      vertex 0 0 4
      vertex 5.391859641976532 6.091877181136766 4
      vertex 5.516407844596478 6.610657780874803 4
    endloop
  endfacet
  facet normal 0 0 1
    outer loop
      vertex 0 0 4
      vertex 5.35 5.559999999999988 4
      vertex 5.391859641976532 6.091877181136766 4
    endloop
  endfacet
  facet normal 0 0 1
    outer loop
      vertex 0 0 4
      vertex 5.391859641976532 5.02812281886321 4
      vertex 5.35 5.559999999999988 4
    endloop
  endfacet
  facet normal 0 0 1
    outer loop
      vertex 0 0 4
      vertex 5.516407844596478 4.509342219125173 4
      vertex 5.391859641976532 5.02812281886321 4
    endloop
  endfacet
  facet normal 0 0 -1
    outer loop
      vertex 0 0 0
      vertex 5.516407844596478 4.509342219125173 0
      vertex 5.720577817759549 4.016432300885526 0
    endloop
  endfacet
  facet normal 0 0 -1
    outer loop
      vertex 0 0 0
      vertex 5.720577817759549 4.016432300885526 0
      vertex 5.999342219125179 3.5615301422055836 0
    endloop
  endfacet
  facet normal 0 0 -1
    outer loop
      vertex 0 0 0
      vertex 5.999342219125179 3.5615301422055836 0
      vertex 6.345836943965738 3.155836943965724 0
    endloop
  endfacet
  facet normal 0 0 -1
    outer loop
      vertex 0 0 0
      vertex 6.345836943965738 3.155836943965724 0
      vertex 6.751530142205591 2.8093422191251705 0
    endloop
  endfacet
  facet normal 0 0 -1
    outer loop
      vertex 0 0 0
      vertex 6.751530142205591 2.8093422191251705 0
      vertex 7.206432300885541 2.5305778177595357 0
    endloop
  endfacet
  facet normal 0 0 -1
    outer loop
      vertex 0 0 0
      vertex 7.206432300885541 2.5305778177595357 0
      vertex 7.699342219125179 2.32640784459646 0
    endloop
  endfacet
  facet normal 0 0 -1
    outer loop
      vertex 0 0 0
      vertex 7.699342219125179 2.32640784459646 0
      vertex 8.218122818863215 2.201859641976526 0
    endloop
  endfacet
  facet normal 0 0 1
    outer loop
      vertex 0 0 4
      vertex 5.720577817759549 4.016432300885526 4
      vertex 5.516407844596478 4.509342219125173 4
    endloop
  endfacet
  facet normal 0 0 1
    outer loop
      vertex 0 0 4
      vertex 5.999342219125179 3.5615301422055836 4
      vertex 5.720577817759549 4.016432300885526 4
    endloop
  endfacet
  facet normal 0 0 1
    outer loop
      vertex 0 0 4
      vertex 6.345836943965738 3.155836943965724 4
      vertex 5.999342219125179 3.5615301422055836 4
    endloop
  endfacet
  facet normal 0 0 1
    outer loop
      vertex 0 0 4
      vertex 6.751530142205591 2.8093422191251705 4
      vertex 6.345836943965738 3.155836943965724 4
    endloop
  endfacet
  facet normal 0 0 1
    outer loop
      vertex 0 0 4
      vertex 7.206432300885541 2.5305778177595357 4
      vertex 6.751530142205591 2.8093422191251705 4
    endloop
  endfacet
  facet normal 0 0 1
    outer loop
      vertex 0 0 4
      vertex 7.699342219125179 2.32640784459646 4
      vertex 7.206432300885541 2.5305778177595357 4
    endloop
  endfacet
  facet normal 0 0 1
    outer loop
      vertex 0 0 4
      vertex 8.218122818863215 2.201859641976526 4
      vertex 7.699342219125179 2.32640784459646 4
    endloop
  endfacet
  facet normal 0 0 -1
    outer loop
      vertex 0 0 0
      vertex 8.218122818863215 2.201859641976526 0
      vertex 8.75 2.1599999999999824 0
    endloop
  endfacet
  facet normal 0 0 -1
    outer loop
      vertex 0 0 0
      vertex 8.75 2.1599999999999824 0
      vertex 9.281877181136785 2.201859641976526 0
    endloop
  endfacet
  facet normal 0 0 1
    outer loop
      vertex 0 0 4
      vertex 8.75 2.1599999999999824 4
      vertex 8.218122818863215 2.201859641976526 4
    endloop
  endfacet
  facet normal 0 -1 0
    outer loop
      vertex 0 0 0
      vertex 38.05000000000001 0 0
      vertex 0 0 4
    endloop
  endfacet
  facet normal 0 0 -1
    outer loop
      vertex 0 0 0
      vertex 9.281877181136785 2.201859641976526 0
      vertex 38.05000000000001 0 0
    endloop
  endfacet
  facet normal 0 0 1
    outer loop
      vertex 0 0 4
      vertex 38.05000000000001 0 4
      vertex 8.75 2.1599999999999824 4
    endloop
  endfacet
  facet normal 0 0 -1
    outer loop
      vertex 11.983592155403521 6.610657780874803 0
      vertex 38.05000000000001 0 0
      vertex 12.10814035802347 6.091877181136766 0
    endloop
  endfacet
  facet normal 0 0 -1
    outer loop
      vertex 12.10814035802347 6.091877181136766 0
      vertex 38.05000000000001 0 0
      vertex 12.15 5.559999999999988 0
    endloop
  endfacet
  facet normal 0 0 -1
    outer loop
      vertex 12.15 5.559999999999988 0
      vertex 38.05000000000001 0 0
      vertex 12.10814035802347 5.02812281886321 0
    endloop
  endfacet
  facet normal 0 0 -1
    outer loop
      vertex 12.10814035802347 5.02812281886321 0
      vertex 38.05000000000001 0 0
      vertex 11.983592155403521 4.509342219125173 0
    endloop
  endfacet
  facet normal 0 0 1
    outer loop
      vertex 12.10814035802347 5.02812281886321 4
      vertex 11.983592155403521 4.509342219125173 4
      vertex 38.05000000000001 0 4
    endloop
  endfacet
  facet normal 0 0 1
    outer loop
      vertex 8.75 2.1599999999999824 4
      vertex 38.05000000000001 0 4
      vertex 9.281877181136785 2.201859641976526 4
    endloop
  endfacet
  facet normal 0 0 -1
    outer loop
      vertex 9.281877181136785 2.201859641976526 0
      vertex 9.800657780874822 2.32640784459646 0
      vertex 38.05000000000001 0 0
    endloop
  endfacet
  facet normal 0 0 -1
    outer loop
      vertex 9.800657780874822 2.32640784459646 0
      vertex 10.293567699114458 2.5305778177595357 0
      vertex 38.05000000000001 0 0
    endloop
  endfacet
  facet normal 0 0 -1
    outer loop
      vertex 10.748469857794408 2.8093422191251705 0
      vertex 11.154163056034262 3.155836943965724 0
      vertex 38.05000000000001 0 0
    endloop
  endfacet
  facet normal 0 0 -1
    outer loop
      vertex 10.293567699114458 2.5305778177595357 0
      vertex 10.748469857794408 2.8093422191251705 0
      vertex 38.05000000000001 0 0
    endloop
  endfacet
  facet normal 0 0 -1
    outer loop
      vertex 11.500657780874821 3.5615301422055836 0
      vertex 11.77942218224045 4.016432300885526 0
      vertex 38.05000000000001 0 0
    endloop
  endfacet
  facet normal 0 0 -1
    outer loop
      vertex 11.77942218224045 4.016432300885526 0
      vertex 11.983592155403521 4.509342219125173 0
      vertex 38.05000000000001 0 0
    endloop
  endfacet
  facet normal 0 0 -1
    outer loop
      vertex 11.154163056034262 3.155836943965724 0
      vertex 11.500657780874821 3.5615301422055836 0
      vertex 38.05000000000001 0 0
    endloop
  endfacet
  facet normal 0 0 1
    outer loop
      vertex 9.281877181136785 2.201859641976526 4
      vertex 38.05000000000001 0 4
      vertex 9.800657780874822 2.32640784459646 4
    endloop
  endfacet
  facet normal 0 0 1
    outer loop
      vertex 9.800657780874822 2.32640784459646 4
      vertex 38.05000000000001 0 4
      vertex 10.293567699114458 2.5305778177595357 4
    endloop
  endfacet
  facet normal 0 0 1
    outer loop
      vertex 10.748469857794408 2.8093422191251705 4
      vertex 38.05000000000001 0 4
      vertex 11.154163056034262 3.155836943965724 4
    endloop
  endfacet
  facet normal 0 0 1
    outer loop
      vertex 10.293567699114458 2.5305778177595357 4
      vertex 38.05000000000001 0 4
      vertex 10.748469857794408 2.8093422191251705 4
    endloop
  endfacet
  facet normal 0 0 1
    outer loop
      vertex 11.500657780874821 3.5615301422055836 4
      vertex 38.05000000000001 0 4
      vertex 11.77942218224045 4.016432300885526 4
    endloop
  endfacet
  facet normal 0 0 1
    outer loop
      vertex 11.77942218224045 4.016432300885526 4
      vertex 38.05000000000001 0 4
      vertex 11.983592155403521 4.509342219125173 4
    endloop
  endfacet
  facet normal 0 0 1
    outer loop
      vertex 11.154163056034262 3.155836943965724 4
      vertex 38.05000000000001 0 4
      vertex 11.500657780874821 3.5615301422055836 4
    endloop
  endfacet
  facet normal 0 0 1
    outer loop
      vertex 12.10814035802347 5.02812281886321 4
      vertex 38.05000000000001 0 4
      vertex 38.05000000000001 40.66 4
    endloop
  endfacet
  facet normal 0 -1 0
    outer loop
      vertex 0 0 4
      vertex 38.05000000000001 0 0
      vertex 38.05000000000001 0 4
    endloop
  endfacet
  facet normal 0 1 0
    outer loop
      vertex 41.05000000000001 88.11 4
      vertex 38.05000000000001 88.11 0
      vertex 38.05000000000001 88.11 4
    endloop
  endfacet
  facet normal 0 0 1
    outer loop
      vertex 41.05000000000001 86.11 4
      vertex 41.05000000000001 43.66 4
      vertex 47.30000000000001 82.11 4
    endloop
  endfacet
  facet normal 0 0 -1
    outer loop
      vertex 47.30000000000001 82.11 0
      vertex 47.30000000000001 49.11 0
      vertex 38.05000000000001 88.11 0
    endloop
  endfacet
  facet normal 0 1 0
    outer loop
      vertex 41.05000000000001 88.11 4
      vertex 172.55 88.11 0
      vertex 38.05000000000001 88.11 0
    endloop
  endfacet
  facet normal 0 0 -1
    outer loop
      vertex 47.30000000000001 82.11 0
      vertex 38.05000000000001 88.11 0
      vertex 172.55 88.11 0
    endloop
  endfacet
  facet normal 0 0 1
    outer loop
      vertex 41.05000000000001 86.11 4
      vertex 47.30000000000001 82.11 4
      vertex 163.3 82.11 4
    endloop
  endfacet
  facet normal 0 0 1
    outer loop
      vertex 47.30000000000001 82.11 4
      vertex 41.05000000000001 43.66 4
      vertex 47.30000000000001 49.11 4
    endloop
  endfacet
  facet normal 0 0 -1
    outer loop
      vertex 47.30000000000001 49.11 0
      vertex 38.05000000000001 0 0
      vertex 38.05000000000001 88.11 0
    endloop
  endfacet
  facet normal 0 -1 0
    outer loop
      vertex 40.95968923481945 0 3.9134664911577866
      vertex 38.05000000000001 0 4
      vertex 38.05000000000001 0 0
    endloop
  endfacet
  facet normal 0 0 -1
    outer loop
      vertex 47.30000000000001 49.11 0
      vertex 56.30000000000001 40.66 0
      vertex 56.30000000000001 16.659999999999997 0
    endloop
  endfacet
  facet normal 0 0 1
    outer loop
      vertex 41.05000000000001 40.66 4
      vertex 41.05000000000001 0 4
      vertex 56.30000000000001 40.66 4
    endloop
  endfacet
  facet normal 0 0 1
    outer loop
      vertex 47.30000000000001 49.11 4
      vertex 41.05000000000001 43.66 4
      vertex 166.55 43.66 4
    endloop
  endfacet
  facet normal 0 0 -1
    outer loop
      vertex 47.30000000000001 49.11 0
      vertex 56.30000000000001 16.659999999999997 0
      vertex 38.05000000000001 0 0
    endloop
  endfacet
  facet normal 0 0 1
    outer loop
      vertex 56.30000000000001 40.66 4
      vertex 41.05000000000001 0 4
      vertex 56.30000000000001 16.659999999999997 4
    endloop
  endfacet
  facet normal 0 0 -1
    outer loop
      vertex 56.30000000000001 16.659999999999997 0
      vertex 154.3 16.659999999999997 0
      vertex 38.05000000000001 0 0
    endloop
  endfacet
  facet normal 0 -1 0
    outer loop
      vertex 40.95968923481945 0 3.9134664911577866
      vertex 166.55 0 4
      vertex 41.05000000000001 0 4
    endloop
  endfacet
  facet normal 0 -1 0
    outer loop
      vertex 40.95968923481945 0 3.9134664911577866
      vertex 38.05000000000001 0 0
      vertex 172.55 0 0
    endloop
  endfacet
  facet normal 0 1 0
    outer loop
      vertex 41.05000000000001 88.11 4
      vertex 172.55 88.11 4
      vertex 172.55 88.11 0
    endloop
  endfacet
  facet normal 0 0 1
    outer loop
      vertex 41.05000000000001 86.11 4
      vertex 163.3 82.11 4
      vertex 166.55 86.11 4
    endloop
  endfacet
  facet normal 0 0 -1
    outer loop
      vertex 47.30000000000001 82.11 0
      vertex 172.55 88.11 0
      vertex 163.3 82.11 0
    endloop
  endfacet
  facet normal 0 0 -1
    outer loop
      vertex 47.30000000000001 49.11 0
      vertex 163.3 49.11 0
      vertex 56.30000000000001 40.66 0
    endloop
  endfacet
  facet normal 0 0 1
    outer loop
      vertex 47.30000000000001 49.11 4
      vertex 166.55 43.66 4
      vertex 163.3 49.11 4
    endloop
  endfacet
  facet normal 0 0 1
    outer loop
      vertex 163.3 82.11 4
      vertex 163.3 49.11 4
      vertex 166.55 86.11 4
    endloop
  endfacet
  facet normal 0 0 1
    outer loop
      vertex 166.55 86.11 4
      vertex 163.3 49.11 4
      vertex 166.55 43.66 4
    endloop
  endfacet
  facet normal 1 0 0
    outer loop
      vertex 172.55 88.11 0
      vertex 172.55 88.11 4
      vertex 172.55 0 0
    endloop
  endfacet
  facet normal 1 0 0
    outer loop
      vertex 172.55 88.11 4
      vertex 172.55 86.11 4
      vertex 172.55 0 0
    endloop
  endfacet
  facet normal 0 0 -1
    outer loop
      vertex 163.3 82.11 0
      vertex 172.55 88.11 0
      vertex 172.55 0 0
    endloop
  endfacet
  facet normal 0 0 -1
    outer loop
      vertex 56.30000000000001 40.66 0
      vertex 163.3 49.11 0
      vertex 154.3 40.66 0
    endloop
  endfacet
  facet normal 0 0 1
    outer loop
      vertex 41.05000000000001 0 4
      vertex 166.55 0 4
      vertex 56.30000000000001 16.659999999999997 4
    endloop
  endfacet
  facet normal 0 0 1
    outer loop
      vertex 56.30000000000001 16.659999999999997 4
      vertex 166.55 0 4
      vertex 154.3 16.659999999999997 4
    endloop
  endfacet
  facet normal 0 0 -1
    outer loop
      vertex 154.3 16.659999999999997 0
      vertex 172.55 0 0
      vertex 38.05000000000001 0 0
    endloop
  endfacet
  facet normal 0 -1 0
    outer loop
      vertex 40.95968923481945 0 3.9134664911577866
      vertex 172.55 0 0
      vertex 166.55 0 4
    endloop
  endfacet
  facet normal 0 0 -1
    outer loop
      vertex 163.3 82.11 0
      vertex 172.55 0 0
      vertex 163.3 49.11 0
    endloop
  endfacet
  facet normal 1 0 0
    outer loop
      vertex 172.55 86.11 4
      vertex 172.55 43.66 4
      vertex 172.55 0 0
    endloop
  endfacet
  facet normal 0 0 1
    outer loop
      vertex 154.3 40.66 4
      vertex 154.3 16.659999999999997 4
      vertex 166.55 40.66 4
    endloop
  endfacet
  facet normal 0 0 -1
    outer loop
      vertex 163.3 49.11 0
      vertex 172.55 0 0
      vertex 154.3 40.66 0
    endloop
  endfacet
  facet normal 1 0 0
    outer loop
      vertex 172.55 43.66 4
      vertex 172.55 40.66 4
      vertex 172.55 0 0
    endloop
  endfacet
  facet normal 0 0 -1
    outer loop
      vertex 154.3 40.66 0
      vertex 172.55 0 0
      vertex 154.3 16.659999999999997 0
    endloop
  endfacet
  facet normal 0 0 1
    outer loop
      vertex 166.55 40.66 4
      vertex 154.3 16.659999999999997 4
      vertex 166.55 0 4
    endloop
  endfacet
  facet normal 1 0 0
    outer loop
      vertex 172.55 40.66 4
      vertex 172.55 0 4
      vertex 172.55 0 0
    endloop
  endfacet
  facet normal 0 -1 0
    outer loop
      vertex 166.55 0 4
      vertex 172.55 0 0
      vertex 172.55 0 4
    endloop
  endfacet
  facet normal 0 1 0
    outer loop
      vertex 41.05000000000001 88.11 6.810408921933085
      vertex 38.05000000000001 88.11 4
      vertex 38.05000000000001 88.11 66.015625
    endloop
  endfacet
  facet normal 0 1 0
    outer loop
      vertex 41.05000000000001 88.11 6.810408921933085
      vertex 38.05000000000001 88.11 66.015625
      vertex 49.45000000000001 88.11 61
    endloop
  endfacet
  facet normal -1 0 0
    outer loop
      vertex 38.05000000000001 86.11 130
      vertex 38.05000000000001 88.11 4
      vertex 38.05000000000001 86.11 4
    endloop
  endfacet
  facet normal 0 1 0
    outer loop
      vertex 41.05000000000001 88.11 4
      vertex 41.05000000000001 88.11 6.810408921933085
      vertex 172.55 88.11 4
    endloop
  endfacet
  facet normal 0 1 0
    outer loop
      vertex 41.05000000000001 88.11 6.810408921933085
      vertex 50.91446609406727 88.11 57.46446609406726
      vertex 51.95000000000001 88.11 56.66987298107781
    endloop
  endfacet
  facet normal 0 1 0
    outer loop
      vertex 41.05000000000001 88.11 6.810408921933085
      vertex 51.95000000000001 88.11 56.66987298107781
      vertex 53.15590477448741 88.11 56.170370868554656
    endloop
  endfacet
  facet normal 0 1 0
    outer loop
      vertex 41.05000000000001 88.11 6.810408921933085
      vertex 53.15590477448741 88.11 56.170370868554656
      vertex 54.45000000000001 88.11 56
    endloop
  endfacet
  facet normal 0 1 0
    outer loop
      vertex 41.05000000000001 88.11 6.810408921933085
      vertex 54.45000000000001 88.11 56
      vertex 55.74409522551261 88.11 56.170370868554656
    endloop
  endfacet
  facet normal 0 1 0
    outer loop
      vertex 41.05000000000001 88.11 6.810408921933085
      vertex 55.74409522551261 88.11 56.170370868554656
      vertex 56.95000000000001 88.11 56.66987298107781
    endloop
  endfacet
  facet normal 0 1 0
    outer loop
      vertex 41.05000000000001 88.11 6.810408921933085
      vertex 49.62037086855467 88.11 59.705904774487394
      vertex 50.11987298107782 88.11 58.5
    endloop
  endfacet
  facet normal 0 1 0
    outer loop
      vertex 41.05000000000001 88.11 6.810408921933085
      vertex 49.45000000000001 88.11 61
      vertex 49.62037086855467 88.11 59.705904774487394
    endloop
  endfacet
  facet normal 0 1 0
    outer loop
      vertex 41.05000000000001 88.11 6.810408921933085
      vertex 50.11987298107782 88.11 58.5
      vertex 50.91446609406727 88.11 57.46446609406726
    endloop
  endfacet
  facet normal 0 -1 0
    outer loop
      vertex 41.05000000000001 86.11 4
      vertex 53.97164570954365 86.11 59.845150584360894
      vertex 53.566116523516826 86.11 60.116116523516816
    endloop
  endfacet
  facet normal 0 -1 0
    outer loop
      vertex 41.05000000000001 86.11 4
      vertex 53.566116523516826 86.11 60.116116523516816
      vertex 53.2951505843609 86.11 60.52164570954364
    endloop
  endfacet
  facet normal 0 -1 0
    outer loop
      vertex 41.05000000000001 86.11 4
      vertex 54.45000000000001 86.11 59.75
      vertex 53.97164570954365 86.11 59.845150584360894
    endloop
  endfacet
  facet normal 0 -1 0
    outer loop
      vertex 41.05000000000001 86.11 4
      vertex 53.2951505843609 86.11 60.52164570954364
      vertex 53.20000000000001 86.11 61
    endloop
  endfacet
  facet normal 0 -1 0
    outer loop
      vertex 41.05000000000001 86.11 4
      vertex 53.20000000000001 86.11 61
      vertex 53.2951505843609 86.11 61.47835429045636
    endloop
  endfacet
  facet normal 0 -1 0
    outer loop
      vertex 41.05000000000001 86.11 4
      vertex 54.92835429045637 86.11 59.845150584360894
      vertex 54.45000000000001 86.11 59.75
    endloop
  endfacet
  facet normal 0 -1 0
    outer loop
      vertex 41.05000000000001 86.11 4
      vertex 55.333883476483194 86.11 60.116116523516816
      vertex 54.92835429045637 86.11 59.845150584360894
    endloop
  endfacet
  facet normal 0 -1 0
    outer loop
      vertex 41.05000000000001 86.11 4
      vertex 55.60484941563912 86.11 60.52164570954364
      vertex 55.333883476483194 86.11 60.116116523516816
    endloop
  endfacet
  facet normal 0 1 0
    outer loop
      vertex 49.45000000000001 88.11 61
      vertex 38.05000000000001 88.11 66.015625
      vertex 49.62037086855467 88.11 62.294095225512606
    endloop
  endfacet
  facet normal 0 1 0
    outer loop
      vertex 49.62037086855467 88.11 62.294095225512606
      vertex 38.05000000000001 88.11 66.015625
      vertex 50.11987298107782 88.11 63.5
    endloop
  endfacet
  facet normal 0 1 0
    outer loop
      vertex 50.11987298107782 88.11 63.5
      vertex 38.05000000000001 88.11 66.015625
      vertex 50.91446609406727 88.11 64.53553390593274
    endloop
  endfacet
  facet normal -1 0 0
    outer loop
      vertex 38.05000000000001 88.11 66.015625
      vertex 38.05000000000001 88.11 4
      vertex 38.05000000000001 86.11 130
    endloop
  endfacet
  facet normal -1 0 0
    outer loop
      vertex 38.05000000000001 88.11 66.015625
      vertex 38.05000000000001 86.11 130
      vertex 38.05000000000001 88.11 130
    endloop
  endfacet
  facet normal 0 0 1
    outer loop
      vertex 38.05000000000001 88.11 130
      vertex 38.05000000000001 86.11 130
      vertex 41.05000000000001 88.11 130
    endloop
  endfacet
  facet normal 0 1 0
    outer loop
      vertex 50.91446609406727 88.11 64.53553390593274
      vertex 38.05000000000001 88.11 66.015625
      vertex 51.95000000000001 88.11 65.3301270189222
    endloop
  endfacet
  facet normal 0 -1 0
    outer loop
      vertex 41.05000000000001 86.11 4
      vertex 53.2951505843609 86.11 61.47835429045636
      vertex 41.05000000000001 86.11 130
    endloop
  endfacet
  facet normal 0 -1 0
    outer loop
      vertex 53.2951505843609 86.11 61.47835429045636
      vertex 53.566116523516826 86.11 61.883883476483184
      vertex 41.05000000000001 86.11 130
    endloop
  endfacet
  facet normal 0 -1 0
    outer loop
      vertex 53.566116523516826 86.11 61.883883476483184
      vertex 53.97164570954365 86.11 62.154849415639106
      vertex 41.05000000000001 86.11 130
    endloop
  endfacet
  facet normal 0 -1 0
    outer loop
      vertex 53.97164570954365 86.11 62.154849415639106
      vertex 54.45000000000001 86.11 62.25
      vertex 41.05000000000001 86.11 130
    endloop
  endfacet
  facet normal 0 -1 0
    outer loop
      vertex 54.45000000000001 86.11 62.25
      vertex 54.92835429045637 86.11 62.154849415639106
      vertex 41.05000000000001 86.11 130
    endloop
  endfacet
  facet normal 0 -1 0
    outer loop
      vertex 55.333883476483194 86.11 61.883883476483184
      vertex 41.05000000000001 86.11 130
      vertex 54.92835429045637 86.11 62.154849415639106
    endloop
  endfacet
  facet normal 0 1 0
    outer loop
      vertex 38.05000000000001 88.11 66.015625
      vertex 41.05000000000001 88.11 130
      vertex 172.55 88.11 130
    endloop
  endfacet
  facet normal 0 0 1
    outer loop
      vertex 41.05000000000001 88.11 130
      vertex 38.05000000000001 86.11 130
      vertex 172.55 88.11 130
    endloop
  endfacet
  facet normal 0 0 1
    outer loop
      vertex 38.05000000000001 86.11 130
      vertex 41.05000000000001 86.11 130
      vertex 172.55 88.11 130
    endloop
  endfacet
  facet normal 0 1 0
    outer loop
      vertex 41.05000000000001 88.11 6.810408921933085
      vertex 152.61446609406727 88.11 57.46446609406726
      vertex 172.55 88.11 4
    endloop
  endfacet
  facet normal 0 -1 0
    outer loop
      vertex 41.05000000000001 86.11 4
      vertex 166.55 86.11 4
      vertex 156.15 86.11 59.75
    endloop
  endfacet
  facet normal 0 1 0
    outer loop
      vertex 41.05000000000001 88.11 6.810408921933085
      vertex 56.95000000000001 88.11 56.66987298107781
      vertex 172.55 88.11 130
    endloop
  endfacet
  facet normal 0 -1 0
    outer loop
      vertex 41.05000000000001 86.11 4
      vertex 166.55 86.11 130
      vertex 55.60484941563912 86.11 60.52164570954364
    endloop
  endfacet
  facet normal 0 1 0
    outer loop
      vertex 41.05000000000001 88.11 6.810408921933085
      vertex 151.15 88.11 61
      vertex 151.32037086855468 88.11 59.705904774487394
    endloop
  endfacet
  facet normal 0 1 0
    outer loop
      vertex 41.05000000000001 88.11 6.810408921933085
      vertex 151.81987298107782 88.11 58.5
      vertex 152.61446609406727 88.11 57.46446609406726
    endloop
  endfacet
  facet normal 0 1 0
    outer loop
      vertex 41.05000000000001 88.11 6.810408921933085
      vertex 151.32037086855468 88.11 59.705904774487394
      vertex 151.81987298107782 88.11 58.5
    endloop
  endfacet
  facet normal 0 1 0
    outer loop
      vertex 41.05000000000001 88.11 6.810408921933085
      vertex 151.32037086855468 88.11 62.294095225512606
      vertex 151.15 88.11 61
    endloop
  endfacet
  facet normal 0 -1 0
    outer loop
      vertex 41.05000000000001 86.11 4
      vertex 155.2661165235168 86.11 60.116116523516816
      vertex 154.99515058436089 86.11 60.52164570954364
    endloop
  endfacet
  facet normal 0 -1 0
    outer loop
      vertex 41.05000000000001 86.11 4
      vertex 154.99515058436089 86.11 60.52164570954364
      vertex 154.9 86.11 61
    endloop
  endfacet
  facet normal 0 -1 0
    outer loop
      vertex 41.05000000000001 86.11 4
      vertex 155.67164570954364 86.11 59.845150584360894
      vertex 155.2661165235168 86.11 60.116116523516816
    endloop
  endfacet
  facet normal 0 -1 0
    outer loop
      vertex 41.05000000000001 86.11 4
      vertex 156.15 86.11 59.75
      vertex 155.67164570954364 86.11 59.845150584360894
    endloop
  endfacet
  facet normal 0 1 0
    outer loop
      vertex 172.55 88.11 4
      vertex 152.61446609406727 88.11 57.46446609406726
      vertex 153.65 88.11 56.66987298107781
    endloop
  endfacet
  facet normal 0 1 0
    outer loop
      vertex 172.55 88.11 4
      vertex 153.65 88.11 56.66987298107781
      vertex 154.85590477448739 88.11 56.170370868554656
    endloop
  endfacet
  facet normal 0 1 0
    outer loop
      vertex 172.55 88.11 4
      vertex 154.85590477448739 88.11 56.170370868554656
      vertex 156.15 88.11 56
    endloop
  endfacet
  facet normal 0 -1 0
    outer loop
      vertex 166.55 86.11 4
      vertex 156.62835429045637 86.11 59.845150584360894
      vertex 156.15 86.11 59.75
    endloop
  endfacet
  facet normal 0 -1 0
    outer loop
      vertex 166.55 86.11 4
      vertex 157.0338834764832 86.11 60.116116523516816
      vertex 156.62835429045637 86.11 59.845150584360894
    endloop
  endfacet
  facet normal 0 -1 0
    outer loop
      vertex 166.55 86.11 4
      vertex 157.30484941563913 86.11 60.52164570954364
      vertex 157.0338834764832 86.11 60.116116523516816
    endloop
  endfacet
  facet normal 0 -1 0
    outer loop
      vertex 166.55 86.11 4
      vertex 157.4 86.11 61
      vertex 157.30484941563913 86.11 60.52164570954364
    endloop
  endfacet
  facet normal 0 1 0
    outer loop
      vertex 172.55 88.11 4
      vertex 156.15 88.11 56
      vertex 157.44409522551263 88.11 56.170370868554656
    endloop
  endfacet
  facet normal 0 1 0
    outer loop
      vertex 172.55 88.11 4
      vertex 157.44409522551263 88.11 56.170370868554656
      vertex 158.65 88.11 56.66987298107781
    endloop
  endfacet
  facet normal 0 1 0
    outer loop
      vertex 172.55 88.11 4
      vertex 158.65 88.11 56.66987298107781
      vertex 159.68553390593274 88.11 57.46446609406726
    endloop
  endfacet
  facet normal 0 1 0
    outer loop
      vertex 172.55 88.11 4
      vertex 159.68553390593274 88.11 57.46446609406726
      vertex 160.4801270189222 88.11 58.5
    endloop
  endfacet
  facet normal 0 1 0
    outer loop
      vertex 172.55 88.11 4
      vertex 160.4801270189222 88.11 58.5
      vertex 160.97962913144534 88.11 59.705904774487394
    endloop
  endfacet
  facet normal 1 0 0
    outer loop
      vertex 172.55 88.11 4
      vertex 172.55 88.11 130
      vertex 172.55 86.11 4
    endloop
  endfacet
  facet normal 0 1 0
    outer loop
      vertex 172.55 88.11 4
      vertex 160.97962913144534 88.11 59.705904774487394
      vertex 172.55 88.11 130
    endloop
  endfacet
  facet normal 0 1 0
    outer loop
      vertex 38.05000000000001 88.11 66.015625
      vertex 172.55 88.11 130
      vertex 51.95000000000001 88.11 65.3301270189222
    endloop
  endfacet
  facet normal 0 1 0
    outer loop
      vertex 56.95000000000001 88.11 56.66987298107781
      vertex 57.98553390593275 88.11 57.46446609406726
      vertex 172.55 88.11 130
    endloop
  endfacet
  facet normal 0 1 0
    outer loop
      vertex 57.98553390593275 88.11 57.46446609406726
      vertex 58.7801270189222 88.11 58.5
      vertex 172.55 88.11 130
    endloop
  endfacet
  facet normal 0 1 0
    outer loop
      vertex 58.7801270189222 88.11 58.5
      vertex 59.27962913144535 88.11 59.705904774487394
      vertex 172.55 88.11 130
    endloop
  endfacet
  facet normal 0 1 0
    outer loop
      vertex 58.7801270189222 88.11 63.5
      vertex 172.55 88.11 130
      vertex 59.27962913144535 88.11 62.294095225512606
    endloop
  endfacet
  facet normal 0 1 0
    outer loop
      vertex 51.95000000000001 88.11 65.3301270189222
      vertex 172.55 88.11 130
      vertex 53.15590477448741 88.11 65.82962913144534
    endloop
  endfacet
  facet normal 0 1 0
    outer loop
      vertex 53.15590477448741 88.11 65.82962913144534
      vertex 172.55 88.11 130
      vertex 54.45000000000001 88.11 66
    endloop
  endfacet
  facet normal 0 1 0
    outer loop
      vertex 54.45000000000001 88.11 66
      vertex 172.55 88.11 130
      vertex 55.74409522551261 88.11 65.82962913144534
    endloop
  endfacet
  facet normal 0 1 0
    outer loop
      vertex 55.74409522551261 88.11 65.82962913144534
      vertex 172.55 88.11 130
      vertex 56.95000000000001 88.11 65.3301270189222
    endloop
  endfacet
  facet normal 0 1 0
    outer loop
      vertex 57.98553390593275 88.11 64.53553390593274
      vertex 172.55 88.11 130
      vertex 58.7801270189222 88.11 63.5
    endloop
  endfacet
  facet normal 0 1 0
    outer loop
      vertex 57.98553390593275 88.11 64.53553390593274
      vertex 56.95000000000001 88.11 65.3301270189222
      vertex 172.55 88.11 130
    endloop
  endfacet
  facet normal 0 -1 0
    outer loop
      vertex 55.60484941563912 86.11 60.52164570954364
      vertex 166.55 86.11 130
      vertex 55.70000000000001 86.11 61
    endloop
  endfacet
  facet normal 0 -1 0
    outer loop
      vertex 55.70000000000001 86.11 61
      vertex 166.55 86.11 130
      vertex 55.60484941563912 86.11 61.47835429045636
    endloop
  endfacet
  facet normal 0 -1 0
    outer loop
      vertex 55.333883476483194 86.11 61.883883476483184
      vertex 55.60484941563912 86.11 61.47835429045636
      vertex 166.55 86.11 130
    endloop
  endfacet
  facet normal 0 1 0
    outer loop
      vertex 59.27962913144535 88.11 59.705904774487394
      vertex 59.45000000000001 88.11 61
      vertex 172.55 88.11 130
    endloop
  endfacet
  facet normal 0 1 0
    outer loop
      vertex 59.45000000000001 88.11 61
      vertex 59.27962913144535 88.11 62.294095225512606
      vertex 172.55 88.11 130
    endloop
  endfacet
  facet normal 0 1 0
    outer loop
      vertex 41.05000000000001 88.11 6.810408921933085
      vertex 172.55 88.11 130
      vertex 151.32037086855468 88.11 62.294095225512606
    endloop
  endfacet
  facet normal 0 -1 0
    outer loop
      vertex 41.05000000000001 86.11 4
      vertex 154.9 86.11 61
      vertex 166.55 86.11 130
    endloop
  endfacet
  facet normal 0 -1 0
    outer loop
      vertex 55.333883476483194 86.11 61.883883476483184
      vertex 166.55 86.11 130
      vertex 41.05000000000001 86.11 130
    endloop
  endfacet
  facet normal 0 0 1
    outer loop
      vertex 41.05000000000001 86.11 130
      vertex 166.55 86.11 130
      vertex 172.55 88.11 130
    endloop
  endfacet
  facet normal 1 0 0
    outer loop
      vertex 172.55 86.11 4
      vertex 172.55 88.11 130
      vertex 172.55 86.11 65.56996935648621
    endloop
  endfacet
  facet normal 0 -1 0
    outer loop
      vertex 166.55 86.11 4
      vertex 166.55 86.11 130
      vertex 157.4 86.11 61
    endloop
  endfacet
  facet normal 0 1 0
    outer loop
      vertex 151.32037086855468 88.11 62.294095225512606
      vertex 172.55 88.11 130
      vertex 151.81987298107782 88.11 63.5
    endloop
  endfacet
  facet normal 0 1 0
    outer loop
      vertex 151.81987298107782 88.11 63.5
      vertex 172.55 88.11 130
      vertex 152.61446609406727 88.11 64.53553390593274
    endloop
  endfacet
  facet normal 0 1 0
    outer loop
      vertex 152.61446609406727 88.11 64.53553390593274
      vertex 172.55 88.11 130
      vertex 153.65 88.11 65.3301270189222
    endloop
  endfacet
  facet normal 0 1 0
    outer loop
      vertex 153.65 88.11 65.3301270189222
      vertex 172.55 88.11 130
      vertex 154.85590477448739 88.11 65.82962913144534
    endloop
  endfacet
  facet normal 0 1 0
    outer loop
      vertex 154.85590477448739 88.11 65.82962913144534
      vertex 172.55 88.11 130
      vertex 156.15 88.11 66
    endloop
  endfacet
  facet normal 0 -1 0
    outer loop
      vertex 154.9 86.11 61
      vertex 154.99515058436089 86.11 61.47835429045636
      vertex 166.55 86.11 130
    endloop
  endfacet
  facet normal 0 -1 0
    outer loop
      vertex 154.99515058436089 86.11 61.47835429045636
      vertex 155.2661165235168 86.11 61.883883476483184
      vertex 166.55 86.11 130
    endloop
  endfacet
  facet normal 0 -1 0
    outer loop
      vertex 155.2661165235168 86.11 61.883883476483184
      vertex 155.67164570954364 86.11 62.154849415639106
      vertex 166.55 86.11 130
    endloop
  endfacet
  facet normal 0 -1 0
    outer loop
      vertex 155.67164570954364 86.11 62.154849415639106
      vertex 156.15 86.11 62.25
      vertex 166.55 86.11 130
    endloop
  endfacet
  facet normal 0 -1 0
    outer loop
      vertex 156.15 86.11 62.25
      vertex 156.62835429045637 86.11 62.154849415639106
      vertex 166.55 86.11 130
    endloop
  endfacet
  facet normal 0 -1 0
    outer loop
      vertex 156.62835429045637 86.11 62.154849415639106
      vertex 157.0338834764832 86.11 61.883883476483184
      vertex 166.55 86.11 130
    endloop
  endfacet
  facet normal 0 -1 0
    outer loop
      vertex 157.0338834764832 86.11 61.883883476483184
      vertex 157.30484941563913 86.11 61.47835429045636
      vertex 166.55 86.11 130
    endloop
  endfacet
  facet normal 0 -1 0
    outer loop
      vertex 157.30484941563913 86.11 61.47835429045636
      vertex 157.4 86.11 61
      vertex 166.55 86.11 130
    endloop
  endfacet
  facet normal 0 1 0
    outer loop
      vertex 160.97962913144534 88.11 59.705904774487394
      vertex 161.15 88.11 61
      vertex 172.55 88.11 130
    endloop
  endfacet
  facet normal 0 1 0
    outer loop
      vertex 160.97962913144534 88.11 62.294095225512606
      vertex 172.55 88.11 130
      vertex 161.15 88.11 61
    endloop
  endfacet
  facet normal 0 1 0
    outer loop
      vertex 160.97962913144534 88.11 62.294095225512606
      vertex 160.4801270189222 88.11 63.5
      vertex 172.55 88.11 130
    endloop
  endfacet
  facet normal 0 1 0
    outer loop
      vertex 156.15 88.11 66
      vertex 172.55 88.11 130
      vertex 157.44409522551263 88.11 65.82962913144534
    endloop
  endfacet
  facet normal 0 1 0
    outer loop
      vertex 157.44409522551263 88.11 65.82962913144534
      vertex 172.55 88.11 130
      vertex 158.65 88.11 65.3301270189222
    endloop
  endfacet
  facet normal 0 1 0
    outer loop
      vertex 159.68553390593274 88.11 64.53553390593274
      vertex 172.55 88.11 130
      vertex 160.4801270189222 88.11 63.5
    endloop
  endfacet
  facet normal 0 1 0
    outer loop
      vertex 159.68553390593274 88.11 64.53553390593274
      vertex 158.65 88.11 65.3301270189222
      vertex 172.55 88.11 130
    endloop
  endfacet
  facet normal 1 0 0
    outer loop
      vertex 172.55 88.11 130
      vertex 172.55 86.11 130
      vertex 172.55 86.11 127.13993871297242
    endloop
  endfacet
  facet normal -1 0 0
    outer loop
      vertex 38.05000000000001 40.66 130
      vertex 38.05000000000001 43.66 4
      vertex 38.05000000000001 40.66 4
    endloop
  endfacet
  facet normal 0 -1 0
    outer loop
      vertex 41.05000000000001 40.66 4
      vertex 56.30000000000001 40.66 4
      vertex 59.30000000000001 40.66 35
    endloop
  endfacet
  facet normal 0 -1 0
    outer loop
      vertex 41.05000000000001 40.66 4
      vertex 59.30000000000001 40.66 35
      vertex 41.05000000000001 40.66 130
    endloop
  endfacet
  facet normal 0 1 0
    outer loop
      vertex 41.05000000000001 43.66 4
      vertex 41.05000000000001 43.66 130
      vertex 166.55 43.66 4
    endloop
  endfacet
  facet normal -1 0 0
    outer loop
      vertex 38.05000000000001 43.66 130
      vertex 38.05000000000001 43.66 4
      vertex 38.05000000000001 40.66 130
    endloop
  endfacet
  facet normal 0 0 1
    outer loop
      vertex 38.05000000000001 43.66 130
      vertex 38.05000000000001 40.66 130
      vertex 39.53655090228125 43.66 130
    endloop
  endfacet
  facet normal 0 0 1
    outer loop
      vertex 39.53655090228125 43.66 130
      vertex 38.05000000000001 40.66 130
      vertex 41.05000000000001 43.66 130
    endloop
  endfacet
  facet normal 0 -1 0
    outer loop
      vertex 59.30000000000001 40.66 35
      vertex 59.30000000000001 40.66 127
      vertex 41.05000000000001 40.66 130
    endloop
  endfacet
  facet normal 0 0 1
    outer loop
      vertex 41.05000000000001 43.66 130
      vertex 38.05000000000001 40.66 130
      vertex 166.55 43.66 130
    endloop
  endfacet
  facet normal 0 0 1
    outer loop
      vertex 38.05000000000001 40.66 130
      vertex 41.05000000000001 40.66 130
      vertex 169.41640817765247 42.09320408882622 130
    endloop
  endfacet
  facet normal 0 -1 0
    outer loop
      vertex 56.30000000000001 40.66 4
      vertex 154.3 40.66 4
      vertex 59.30000000000001 40.66 35
    endloop
  endfacet
  facet normal 0 -1 0
    outer loop
      vertex 59.30000000000001 40.66 35
      vertex 154.3 40.66 4
      vertex 151.3 40.66 35
    endloop
  endfacet
  facet normal 0 -1 0
    outer loop
      vertex 154.3 40.66 4
      vertex 166.55 40.66 4
      vertex 151.3 40.66 35
    endloop
  endfacet
  facet normal 1 0 0
    outer loop
      vertex 172.55 43.66 4
      vertex 172.55 42.09320408882622 64.19457173070144
      vertex 172.55 40.66 4
    endloop
  endfacet
  facet normal 1 0 0
    outer loop
      vertex 172.55 40.66 4
      vertex 172.55 42.09320408882622 64.19457173070144
      vertex 172.55 40.66 33.07252298263534
    endloop
  endfacet
  facet normal 0 -1 0
    outer loop
      vertex 166.55 40.66 4
      vertex 166.55 40.66 130
      vertex 151.3 40.66 35
    endloop
  endfacet
  facet normal 0 1 0
    outer loop
      vertex 41.05000000000001 43.66 130
      vertex 166.55 43.66 130
      vertex 166.55 43.66 4
    endloop
  endfacet
  facet normal 0 -1 0
    outer loop
      vertex 41.05000000000001 40.66 130
      vertex 59.30000000000001 40.66 127
      vertex 166.55 40.66 130
    endloop
  endfacet
  facet normal 0 0 1
    outer loop
      vertex 38.05000000000001 40.66 130
      vertex 172.55 43.66 130
      vertex 166.55 43.66 130
    endloop
  endfacet
  facet normal 0 0 1
    outer loop
      vertex 38.05000000000001 40.66 130
      vertex 169.41640817765247 42.09320408882622 130
      vertex 172.55 43.66 130
    endloop
  endfacet
  facet normal 0 -1 0
    outer loop
      vertex 59.30000000000001 40.66 127
      vertex 151.3 40.66 127
      vertex 166.55 40.66 130
    endloop
  endfacet
  facet normal 0 0 1
    outer loop
      vertex 41.05000000000001 40.66 130
      vertex 166.55 40.66 130
      vertex 169.41640817765247 42.09320408882622 130
    endloop
  endfacet
  facet normal 1 0 0
    outer loop
      vertex 172.55 43.66 4
      vertex 172.55 43.66 130
      vertex 172.55 42.09320408882622 64.19457173070144
    endloop
  endfacet
  facet normal 0 -1 0
    outer loop
      vertex 151.3 40.66 35
      vertex 166.55 40.66 130
      vertex 151.3 40.66 127
    endloop
  endfacet
  facet normal 1 0 0
    outer loop
      vertex 172.55 40.66 62.14504596527068
      vertex 172.55 42.09320408882622 64.19457173070144
      vertex 172.55 40.66 130
    endloop
  endfacet
  facet normal 1 0 0
    outer loop
      vertex 172.55 42.09320408882622 64.19457173070144
      vertex 172.55 43.66 130
      vertex 172.55 42.09320408882622 130
    endloop
  endfacet
  facet normal 1 0 0
    outer loop
      vertex 172.55 42.09320408882622 64.19457173070144
      vertex 172.55 42.09320408882622 130
      vertex 172.55 40.66 130
    endloop
  endfacet
  facet normal 0 0 1
    outer loop
      vertex 172.55 43.66 130
      vertex 169.41640817765247 42.09320408882622 130
      vertex 172.55 42.09320408882622 130
    endloop
  endfacet
  facet normal 0 1 0
    outer loop
      vertex 41.05000000000001 88.11 4
      vertex 38.05000000000001 88.11 4
      vertex 41.05000000000001 88.11 6.810408921933085
    endloop
  endfacet
  facet normal -1 0 0
    outer loop
      vertex 38.05000000000001 86.11 130
      vertex 38.05000000000001 86.11 4
      vertex 38.05000000000001 43.66 4
    endloop
  endfacet
  facet normal 1 0 0
    outer loop
      vertex 41.05000000000001 86.11 4
      vertex 41.05000000000001 43.66 130
      vertex 41.05000000000001 43.66 4
    endloop
  endfacet
  facet normal -1 0 0
    outer loop
      vertex 38.05000000000001 0 130
      vertex 38.05000000000001 40.66 4
      vertex 38.05000000000001 0 4
    endloop
  endfacet
  facet normal 1 0 0
    outer loop
      vertex 41.05000000000001 40.66 4
      vertex 41.05000000000001 0 130
      vertex 41.05000000000001 0 4
    endloop
  endfacet
  facet normal 0 -1 0
    outer loop
      vertex 40.95968923481945 0 3.9134664911577866
      vertex 38.05000000000001 0 130
      vertex 38.05000000000001 0 4
    endloop
  endfacet
  facet normal 0 -1 0
    outer loop
      vertex 40.95968923481945 0 3.9134664911577866
      vertex 41.05000000000001 0 4
      vertex 38.05000000000001 0 130
    endloop
  endfacet
  facet normal 1 0 0
    outer loop
      vertex 41.05000000000001 86.11 4
      vertex 41.05000000000001 86.11 130
      vertex 41.05000000000001 43.66 130
    endloop
  endfacet
  facet normal -1 0 0
    outer loop
      vertex 38.05000000000001 86.11 130
      vertex 38.05000000000001 43.66 4
      vertex 38.05000000000001 43.66 130
    endloop
  endfacet
  facet normal 0 1 0
    outer loop
      vertex 38.05000000000001 88.11 66.015625
      vertex 38.05000000000001 88.11 130
      vertex 41.05000000000001 88.11 130
    endloop
  endfacet
  facet normal 0 0 1
    outer loop
      vertex 38.05000000000001 86.11 130
      vertex 39.53655090228125 43.66 130
      vertex 41.05000000000001 86.11 130
    endloop
  endfacet
  facet normal 0 0 1
    outer loop
      vertex 38.05000000000001 86.11 130
      vertex 38.05000000000001 43.66 130
      vertex 39.53655090228125 43.66 130
    endloop
  endfacet
  facet normal 0 0 1
    outer loop
      vertex 41.05000000000001 86.11 130
      vertex 39.53655090228125 43.66 130
      vertex 41.05000000000001 43.66 130
    endloop
  endfacet
  facet normal -1 0 0
    outer loop
      vertex 38.05000000000001 40.66 130
      vertex 38.05000000000001 40.66 4
      vertex 38.05000000000001 0 130
    endloop
  endfacet
  facet normal 1 0 0
    outer loop
      vertex 41.05000000000001 40.66 4
      vertex 41.05000000000001 40.66 130
      vertex 41.05000000000001 0 130
    endloop
  endfacet
  facet normal 0 -1 0
    outer loop
      vertex 41.05000000000001 0 4
      vertex 41.05000000000001 0 130
      vertex 38.05000000000001 0 130
    endloop
  endfacet
  facet normal 0 0 1
    outer loop
      vertex 38.05000000000001 40.66 130
      vertex 38.05000000000001 0 130
      vertex 41.05000000000001 40.66 130
    endloop
  endfacet
  facet normal 0 0 1
    outer loop
      vertex 41.05000000000001 40.66 130
      vertex 38.05000000000001 0 130
      vertex 41.05000000000001 0 130
    endloop
  endfacet
  facet normal -1 0 0
    outer loop
      vertex 166.55 86.11 4
      vertex 166.55 72.46455173280957 19.15
      vertex 166.55 75.75544826719043 19.15
    endloop
  endfacet
  facet normal -1 0 0
    outer loop
      vertex 166.55 86.11 4
      vertex 166.55 75.75544826719043 19.15
      vertex 166.55 77.40089653438086 22
    endloop
  endfacet
  facet normal 1 0 0
    outer loop
      vertex 172.55 86.11 4
      vertex 172.55 75.7773349766855 21.66834645257258
      vertex 172.55 75.68059520526919 21.349438164979347
    endloop
  endfacet
  facet normal 1 0 0
    outer loop
      vertex 172.55 86.11 4
      vertex 172.55 75.81 22
      vertex 172.55 75.7773349766855 21.66834645257258
    endloop
  endfacet
  facet normal 1 0 0
    outer loop
      vertex 172.55 86.11 4
      vertex 172.55 75.7773349766855 22.33165354742742
      vertex 172.55 75.81 22
    endloop
  endfacet
  facet normal 1 0 0
    outer loop
      vertex 172.55 86.11 4
      vertex 172.55 75.31208152801713 20.797918471982868
      vertex 172.55 75.05446939613333 20.586501659085673
    endloop
  endfacet
  facet normal 1 0 0
    outer loop
      vertex 172.55 86.11 4
      vertex 172.55 75.05446939613333 20.586501659085673
      vertex 172.55 74.76056183502065 20.429404794730814
    endloop
  endfacet
  facet normal 1 0 0
    outer loop
      vertex 172.55 86.11 4
      vertex 172.55 74.76056183502065 20.429404794730814
      vertex 172.55 74.44165354742742 20.332665023314508
    endloop
  endfacet
  facet normal 1 0 0
    outer loop
      vertex 172.55 86.11 4
      vertex 172.55 74.44165354742742 20.332665023314508
      vertex 172.55 74.11 20.3
    endloop
  endfacet
  facet normal 1 0 0
    outer loop
      vertex 172.55 86.11 4
      vertex 172.55 74.11 20.3
      vertex 172.55 73.77834645257258 20.332665023314508
    endloop
  endfacet
  facet normal 1 0 0
    outer loop
      vertex 172.55 86.11 4
      vertex 172.55 73.77834645257258 20.332665023314508
      vertex 172.55 73.45943816497935 20.429404794730814
    endloop
  endfacet
  facet normal 1 0 0
    outer loop
      vertex 172.55 86.11 4
      vertex 172.55 75.52349834091433 21.055530603866675
      vertex 172.55 75.31208152801713 20.797918471982868
    endloop
  endfacet
  facet normal 1 0 0
    outer loop
      vertex 172.55 86.11 4
      vertex 172.55 75.68059520526919 21.349438164979347
      vertex 172.55 75.52349834091433 21.055530603866675
    endloop
  endfacet
  facet normal 1 0 0
    outer loop
      vertex 172.55 86.11 4
      vertex 172.55 73.45943816497935 20.429404794730814
      vertex 172.55 73.16553060386667 20.586501659085673
    endloop
  endfacet
  facet normal 1 0 0
    outer loop
      vertex 172.55 86.11 4
      vertex 172.55 73.16553060386667 20.586501659085673
      vertex 172.55 72.90791847198287 20.797918471982868
    endloop
  endfacet
  facet normal 1 0 0
    outer loop
      vertex 172.55 86.11 4
      vertex 172.55 86.11 65.56996935648621
      vertex 172.55 75.52349834091433 22.944469396133325
    endloop
  endfacet
  facet normal 1 0 0
    outer loop
      vertex 172.55 86.11 4
      vertex 172.55 75.68059520526919 22.650561835020653
      vertex 172.55 75.7773349766855 22.33165354742742
    endloop
  endfacet
  facet normal 1 0 0
    outer loop
      vertex 172.55 86.11 4
      vertex 172.55 75.52349834091433 22.944469396133325
      vertex 172.55 75.68059520526919 22.650561835020653
    endloop
  endfacet
  facet normal -1 0 0
    outer loop
      vertex 166.55 86.11 4
      vertex 166.55 77.40089653438086 22
      vertex 166.55 77.40089653438086 69
    endloop
  endfacet
  facet normal 1 0 0
    outer loop
      vertex 172.55 73.45943816497935 23.570595205269186
      vertex 172.55 66.61 35.133974596215566
      vertex 172.55 73.16553060386667 23.413498340914327
    endloop
  endfacet
  facet normal 1 0 0
    outer loop
      vertex 172.55 72.69650165908567 22.944469396133325
      vertex 172.55 72.90791847198287 23.202081528017132
      vertex 172.55 66.11 35
    endloop
  endfacet
  facet normal 1 0 0
    outer loop
      vertex 172.55 72.90791847198287 23.202081528017132
      vertex 172.55 73.16553060386667 23.413498340914327
      vertex 172.55 66.36881904510253 35.034074173710934
    endloop
  endfacet
  facet normal 1 0 0
    outer loop
      vertex 172.55 74.11 23.7
      vertex 172.55 66.81710678118654 35.292893218813454
      vertex 172.55 73.77834645257258 23.667334976685492
    endloop
  endfacet
  facet normal 1 0 0
    outer loop
      vertex 172.55 73.77834645257258 23.667334976685492
      vertex 172.55 66.61 35.133974596215566
      vertex 172.55 73.45943816497935 23.570595205269186
    endloop
  endfacet
  facet normal 1 0 0
    outer loop
      vertex 172.55 74.11 23.7
      vertex 172.55 66.97602540378443 35.5
      vertex 172.55 66.81710678118654 35.292893218813454
    endloop
  endfacet
  facet normal 1 0 0
    outer loop
      vertex 172.55 74.11 23.7
      vertex 172.55 67.07592582628907 35.74118095489748
      vertex 172.55 66.97602540378443 35.5
    endloop
  endfacet
  facet normal 1 0 0
    outer loop
      vertex 172.55 74.11 23.7
      vertex 172.55 67.11 36
      vertex 172.55 67.07592582628907 35.74118095489748
    endloop
  endfacet
  facet normal 1 0 0
    outer loop
      vertex 172.55 74.11 23.7
      vertex 172.55 67.07592582628907 36.25881904510252
      vertex 172.55 67.11 36
    endloop
  endfacet
  facet normal 1 0 0
    outer loop
      vertex 172.55 74.11 23.7
      vertex 172.55 66.97602540378443 36.5
      vertex 172.55 67.07592582628907 36.25881904510252
    endloop
  endfacet
  facet normal -1 0 0
    outer loop
      vertex 166.55 86.11 4
      vertex 166.55 43.66 4
      vertex 166.55 72.46455173280957 19.15
    endloop
  endfacet
  facet normal 1 0 0
    outer loop
      vertex 172.55 86.11 4
      vertex 172.55 72.90791847198287 20.797918471982868
      vertex 172.55 43.66 4
    endloop
  endfacet
  facet normal -1 0 0
    outer loop
      vertex 166.55 72.46455173280957 19.15
      vertex 166.55 43.66 4
      vertex 166.55 70.81910346561914 22
    endloop
  endfacet
  facet normal 1 0 0
    outer loop
      vertex 172.55 72.90791847198287 20.797918471982868
      vertex 172.55 72.69650165908567 21.055530603866675
      vertex 172.55 43.66 4
    endloop
  endfacet
  facet normal 1 0 0
    outer loop
      vertex 172.55 72.69650165908567 21.055530603866675
      vertex 172.55 72.53940479473081 21.349438164979347
      vertex 172.55 43.66 4
    endloop
  endfacet
  facet normal 1 0 0
    outer loop
      vertex 172.55 72.53940479473081 21.349438164979347
      vertex 172.55 72.4426650233145 21.66834645257258
      vertex 172.55 43.66 4
    endloop
  endfacet
  facet normal 1 0 0
    outer loop
      vertex 172.55 72.4426650233145 21.66834645257258
      vertex 172.55 72.41 22
      vertex 172.55 43.66 4
    endloop
  endfacet
  facet normal 1 0 0
    outer loop
      vertex 172.55 72.41 22
      vertex 172.55 72.4426650233145 22.33165354742742
      vertex 172.55 43.66 4
    endloop
  endfacet
  facet normal 1 0 0
    outer loop
      vertex 172.55 72.4426650233145 22.33165354742742
      vertex 172.55 72.53940479473081 22.650561835020653
      vertex 172.55 43.66 4
    endloop
  endfacet
  facet normal 1 0 0
    outer loop
      vertex 172.55 72.69650165908567 22.944469396133325
      vertex 172.55 43.66 4
      vertex 172.55 72.53940479473081 22.650561835020653
    endloop
  endfacet
  facet normal 1 0 0
    outer loop
      vertex 172.55 72.69650165908567 22.944469396133325
      vertex 172.55 66.11 35
      vertex 172.55 43.66 4
    endloop
  endfacet
  facet normal 1 0 0
    outer loop
      vertex 172.55 73.77834645257258 23.667334976685492
      vertex 172.55 66.81710678118654 35.292893218813454
      vertex 172.55 66.61 35.133974596215566
    endloop
  endfacet
  facet normal 1 0 0
    outer loop
      vertex 172.55 73.16553060386667 23.413498340914327
      vertex 172.55 66.61 35.133974596215566
      vertex 172.55 66.36881904510253 35.034074173710934
    endloop
  endfacet
  facet normal 1 0 0
    outer loop
      vertex 172.55 72.90791847198287 23.202081528017132
      vertex 172.55 66.36881904510253 35.034074173710934
      vertex 172.55 66.11 35
    endloop
  endfacet
  facet normal -1 0 0
    outer loop
      vertex 166.55 70.81910346561914 22
      vertex 166.55 43.66 4
      vertex 166.55 70.81910346561914 69
    endloop
  endfacet
  facet normal 1 0 0
    outer loop
      vertex 172.55 66.11 35
      vertex 172.55 65.85118095489747 35.034074173710934
      vertex 172.55 43.66 4
    endloop
  endfacet
  facet normal 1 0 0
    outer loop
      vertex 172.55 65.85118095489747 35.034074173710934
      vertex 172.55 65.61 35.133974596215566
      vertex 172.55 43.66 4
    endloop
  endfacet
  facet normal 1 0 0
    outer loop
      vertex 172.55 65.61 35.133974596215566
      vertex 172.55 65.40289321881346 35.292893218813454
      vertex 172.55 43.66 4
    endloop
  endfacet
  facet normal 1 0 0
    outer loop
      vertex 172.55 65.40289321881346 35.292893218813454
      vertex 172.55 65.24397459621557 35.5
      vertex 172.55 43.66 4
    endloop
  endfacet
  facet normal 1 0 0
    outer loop
      vertex 172.55 65.24397459621557 35.5
      vertex 172.55 65.14407417371093 35.74118095489748
      vertex 172.55 43.66 4
    endloop
  endfacet
  facet normal 1 0 0
    outer loop
      vertex 172.55 65.14407417371093 35.74118095489748
      vertex 172.55 65.11 36
      vertex 172.55 43.66 4
    endloop
  endfacet
  facet normal 1 0 0
    outer loop
      vertex 172.55 65.11 36
      vertex 172.55 65.14407417371093 36.25881904510252
      vertex 172.55 43.66 4
    endloop
  endfacet
  facet normal -1 0 0
    outer loop
      vertex 166.55 77.40089653438086 22
      vertex 166.55 75.75544826719043 24.85
      vertex 166.55 77.40089653438086 69
    endloop
  endfacet
  facet normal 1 0 0
    outer loop
      vertex 172.55 75.52349834091433 22.944469396133325
      vertex 172.55 86.11 65.56996935648621
      vertex 172.55 75.31208152801713 23.202081528017132
    endloop
  endfacet
  facet normal 1 0 0
    outer loop
      vertex 172.55 75.31208152801713 23.202081528017132
      vertex 172.55 86.11 65.56996935648621
      vertex 172.55 75.05446939613333 23.413498340914327
    endloop
  endfacet
  facet normal 1 0 0
    outer loop
      vertex 172.55 75.05446939613333 23.413498340914327
      vertex 172.55 86.11 65.56996935648621
      vertex 172.55 74.76056183502065 23.570595205269186
    endloop
  endfacet
  facet normal 1 0 0
    outer loop
      vertex 172.55 74.76056183502065 23.570595205269186
      vertex 172.55 86.11 65.56996935648621
      vertex 172.55 74.44165354742742 23.667334976685492
    endloop
  endfacet
  facet normal 1 0 0
    outer loop
      vertex 172.55 74.44165354742742 23.667334976685492
      vertex 172.55 86.11 65.56996935648621
      vertex 172.55 74.11 23.7
    endloop
  endfacet
  facet normal -1 0 0
    outer loop
      vertex 166.55 75.75544826719043 24.85
      vertex 166.55 72.46455173280957 24.85
      vertex 166.55 75.75544826719043 66.15
    endloop
  endfacet
  facet normal -1 0 0
    outer loop
      vertex 166.55 70.81910346561914 22
      vertex 166.55 72.46455173280957 66.15
      vertex 166.55 72.46455173280957 24.85
    endloop
  endfacet
  facet normal 1 0 0
    outer loop
      vertex 172.55 74.11 23.7
      vertex 172.55 86.11 65.56996935648621
      vertex 172.55 66.97602540378443 36.5
    endloop
  endfacet
  facet normal 1 0 0
    outer loop
      vertex 172.55 66.97602540378443 36.5
      vertex 172.55 86.11 65.56996935648621
      vertex 172.55 66.81710678118654 36.707106781186546
    endloop
  endfacet
  facet normal 1 0 0
    outer loop
      vertex 172.55 66.81710678118654 36.707106781186546
      vertex 172.55 86.11 65.56996935648621
      vertex 172.55 66.61 36.86602540378444
    endloop
  endfacet
  facet normal 1 0 0
    outer loop
      vertex 172.55 66.61 36.86602540378444
      vertex 172.55 86.11 65.56996935648621
      vertex 172.55 66.36881904510253 36.965925826289066
    endloop
  endfacet
  facet normal -1 0 0
    outer loop
      vertex 166.55 75.75544826719043 24.85
      vertex 166.55 75.75544826719043 66.15
      vertex 166.55 77.40089653438086 69
    endloop
  endfacet
  facet normal -1 0 0
    outer loop
      vertex 166.55 72.46455173280957 24.85
      vertex 166.55 72.46455173280957 66.15
      vertex 166.55 75.75544826719043 66.15
    endloop
  endfacet
  facet normal -1 0 0
    outer loop
      vertex 166.55 70.81910346561914 22
      vertex 166.55 70.81910346561914 69
      vertex 166.55 72.46455173280957 66.15
    endloop
  endfacet
  facet normal 1 0 0
    outer loop
      vertex 172.55 66.36881904510253 36.965925826289066
      vertex 172.55 86.11 65.56996935648621
      vertex 172.55 75.68059520526919 68.34943816497935
    endloop
  endfacet
  facet normal 1 0 0
    outer loop
      vertex 172.55 66.36881904510253 36.965925826289066
      vertex 172.55 75.05446939613333 67.58650165908567
      vertex 172.55 74.76056183502065 67.42940479473081
    endloop
  endfacet
  facet normal 1 0 0
    outer loop
      vertex 172.55 66.36881904510253 36.965925826289066
      vertex 172.55 75.52349834091433 68.05553060386667
      vertex 172.55 75.31208152801713 67.79791847198287
    endloop
  endfacet
  facet normal 1 0 0
    outer loop
      vertex 172.55 66.36881904510253 36.965925826289066
      vertex 172.55 75.68059520526919 68.34943816497935
      vertex 172.55 75.52349834091433 68.05553060386667
    endloop
  endfacet
  facet normal 1 0 0
    outer loop
      vertex 172.55 66.36881904510253 36.965925826289066
      vertex 172.55 75.31208152801713 67.79791847198287
      vertex 172.55 75.05446939613333 67.58650165908567
    endloop
  endfacet
  facet normal 1 0 0
    outer loop
      vertex 172.55 66.36881904510253 36.965925826289066
      vertex 172.55 74.76056183502065 67.42940479473081
      vertex 172.55 74.44165354742742 67.33266502331452
    endloop
  endfacet
  facet normal 1 0 0
    outer loop
      vertex 172.55 66.36881904510253 36.965925826289066
      vertex 172.55 74.44165354742742 67.33266502331452
      vertex 172.55 74.11 67.3
    endloop
  endfacet
  facet normal 1 0 0
    outer loop
      vertex 172.55 66.36881904510253 36.965925826289066
      vertex 172.55 74.11 67.3
      vertex 172.55 73.77834645257258 67.33266502331452
    endloop
  endfacet
  facet normal 1 0 0
    outer loop
      vertex 172.55 66.36881904510253 36.965925826289066
      vertex 172.55 73.77834645257258 67.33266502331452
      vertex 172.55 73.45943816497935 67.42940479473081
    endloop
  endfacet
  facet normal 1 0 0
    outer loop
      vertex 172.55 66.11 37
      vertex 172.55 73.45943816497935 67.42940479473081
      vertex 172.55 73.16553060386667 67.58650165908567
    endloop
  endfacet
  facet normal 1 0 0
    outer loop
      vertex 172.55 65.85118095489747 36.965925826289066
      vertex 172.55 73.16553060386667 67.58650165908567
      vertex 172.55 72.90791847198287 67.79791847198287
    endloop
  endfacet
  facet normal 1 0 0
    outer loop
      vertex 172.55 65.61 36.86602540378444
      vertex 172.55 72.90791847198287 67.79791847198287
      vertex 172.55 72.69650165908567 68.05553060386667
    endloop
  endfacet
  facet normal 1 0 0
    outer loop
      vertex 172.55 65.61 36.86602540378444
      vertex 172.55 72.69650165908567 68.05553060386667
      vertex 172.55 72.53940479473081 68.34943816497935
    endloop
  endfacet
  facet normal 1 0 0
    outer loop
      vertex 172.55 65.40289321881346 36.707106781186546
      vertex 172.55 72.53940479473081 68.34943816497935
      vertex 172.55 72.4426650233145 68.66834645257258
    endloop
  endfacet
  facet normal 1 0 0
    outer loop
      vertex 172.55 65.24397459621557 36.5
      vertex 172.55 72.4426650233145 68.66834645257258
      vertex 172.55 72.41 69
    endloop
  endfacet
  facet normal 1 0 0
    outer loop
      vertex 172.55 65.24397459621557 36.5
      vertex 172.55 72.41 69
      vertex 172.55 72.4426650233145 69.33165354742742
    endloop
  endfacet
  facet normal 1 0 0
    outer loop
      vertex 172.55 65.14407417371093 36.25881904510252
      vertex 172.55 72.4426650233145 69.33165354742742
      vertex 172.55 43.66 4
    endloop
  endfacet
  facet normal 1 0 0
    outer loop
      vertex 172.55 66.36881904510253 36.965925826289066
      vertex 172.55 73.45943816497935 67.42940479473081
      vertex 172.55 66.11 37
    endloop
  endfacet
  facet normal 1 0 0
    outer loop
      vertex 172.55 66.11 37
      vertex 172.55 73.16553060386667 67.58650165908567
      vertex 172.55 65.85118095489747 36.965925826289066
    endloop
  endfacet
  facet normal 1 0 0
    outer loop
      vertex 172.55 65.85118095489747 36.965925826289066
      vertex 172.55 72.90791847198287 67.79791847198287
      vertex 172.55 65.61 36.86602540378444
    endloop
  endfacet
  facet normal 1 0 0
    outer loop
      vertex 172.55 65.61 36.86602540378444
      vertex 172.55 72.53940479473081 68.34943816497935
      vertex 172.55 65.40289321881346 36.707106781186546
    endloop
  endfacet
  facet normal 1 0 0
    outer loop
      vertex 172.55 65.24397459621557 36.5
      vertex 172.55 65.40289321881346 36.707106781186546
      vertex 172.55 72.4426650233145 68.66834645257258
    endloop
  endfacet
  facet normal 1 0 0
    outer loop
      vertex 172.55 65.14407417371093 36.25881904510252
      vertex 172.55 65.24397459621557 36.5
      vertex 172.55 72.4426650233145 69.33165354742742
    endloop
  endfacet
  facet normal 1 0 0
    outer loop
      vertex 172.55 43.66 4
      vertex 172.55 72.4426650233145 69.33165354742742
      vertex 172.55 72.53940479473081 69.65056183502065
    endloop
  endfacet
  facet normal -1 0 0
    outer loop
      vertex 166.55 40.66 4
      vertex 166.55 31.305448267190428 19.15
      vertex 166.55 32.95089653438087 22
    endloop
  endfacet
  facet normal -1 0 0
    outer loop
      vertex 166.55 40.66 4
      vertex 166.55 28.014551732809565 19.15
      vertex 166.55 31.305448267190428 19.15
    endloop
  endfacet
  facet normal 1 0 0
    outer loop
      vertex 172.55 40.66 4
      vertex 172.55 30.86208152801713 20.797918471982868
      vertex 172.55 30.604469396133318 20.586501659085673
    endloop
  endfacet
  facet normal 1 0 0
    outer loop
      vertex 172.55 40.66 4
      vertex 172.55 30.604469396133318 20.586501659085673
      vertex 172.55 30.31056183502065 20.429404794730814
    endloop
  endfacet
  facet normal 1 0 0
    outer loop
      vertex 172.55 40.66 4
      vertex 172.55 31.073498340914327 21.055530603866675
      vertex 172.55 30.86208152801713 20.797918471982868
    endloop
  endfacet
  facet normal 1 0 0
    outer loop
      vertex 172.55 40.66 4
      vertex 172.55 31.230595205269182 21.349438164979347
      vertex 172.55 31.073498340914327 21.055530603866675
    endloop
  endfacet
  facet normal 1 0 0
    outer loop
      vertex 172.55 40.66 4
      vertex 172.55 31.327334976685485 21.66834645257258
      vertex 172.55 31.230595205269182 21.349438164979347
    endloop
  endfacet
  facet normal 1 0 0
    outer loop
      vertex 172.55 40.66 4
      vertex 172.55 31.36 22
      vertex 172.55 31.327334976685485 21.66834645257258
    endloop
  endfacet
  facet normal 1 0 0
    outer loop
      vertex 172.55 40.66 4
      vertex 172.55 31.327334976685485 22.33165354742742
      vertex 172.55 31.36 22
    endloop
  endfacet
  facet normal 1 0 0
    outer loop
      vertex 172.55 40.66 4
      vertex 172.55 30.31056183502065 20.429404794730814
      vertex 172.55 0 4
    endloop
  endfacet
  facet normal 1 0 0
    outer loop
      vertex 172.55 40.66 4
      vertex 172.55 40.66 33.07252298263534
      vertex 172.55 31.230595205269182 22.650561835020653
    endloop
  endfacet
  facet normal -1 0 0
    outer loop
      vertex 166.55 40.66 4
      vertex 166.55 32.95089653438087 22
      vertex 166.55 32.95089653438087 69
    endloop
  endfacet
  facet normal 1 0 0
    outer loop
      vertex 172.55 40.66 4
      vertex 172.55 31.230595205269182 22.650561835020653
      vertex 172.55 31.327334976685485 22.33165354742742
    endloop
  endfacet
  facet normal 1 0 0
    outer loop
      vertex 172.55 28.715530603866675 23.413498340914327
      vertex 172.55 40.66 33.07252298263534
      vertex 172.55 0 4
    endloop
  endfacet
  facet normal 1 0 0
    outer loop
      vertex 172.55 31.230595205269182 22.650561835020653
      vertex 172.55 40.66 33.07252298263534
      vertex 172.55 31.073498340914327 22.944469396133325
    endloop
  endfacet
  facet normal 1 0 0
    outer loop
      vertex 172.55 31.073498340914327 22.944469396133325
      vertex 172.55 40.66 33.07252298263534
      vertex 172.55 30.86208152801713 23.202081528017132
    endloop
  endfacet
  facet normal 1 0 0
    outer loop
      vertex 172.55 30.86208152801713 23.202081528017132
      vertex 172.55 40.66 33.07252298263534
      vertex 172.55 30.604469396133318 23.413498340914327
    endloop
  endfacet
  facet normal 1 0 0
    outer loop
      vertex 172.55 30.604469396133318 23.413498340914327
      vertex 172.55 40.66 33.07252298263534
      vertex 172.55 30.31056183502065 23.570595205269186
    endloop
  endfacet
  facet normal 1 0 0
    outer loop
      vertex 172.55 30.31056183502065 23.570595205269186
      vertex 172.55 40.66 33.07252298263534
      vertex 172.55 29.99165354742741 23.667334976685492
    endloop
  endfacet
  facet normal 1 0 0
    outer loop
      vertex 172.55 29.99165354742741 23.667334976685492
      vertex 172.55 40.66 33.07252298263534
      vertex 172.55 29.659999999999997 23.7
    endloop
  endfacet
  facet normal 1 0 0
    outer loop
      vertex 172.55 29.659999999999997 23.7
      vertex 172.55 40.66 33.07252298263534
      vertex 172.55 29.328346452572582 23.667334976685492
    endloop
  endfacet
  facet normal 1 0 0
    outer loop
      vertex 172.55 29.328346452572582 23.667334976685492
      vertex 172.55 40.66 33.07252298263534
      vertex 172.55 29.009438164979343 23.570595205269186
    endloop
  endfacet
  facet normal 1 0 0
    outer loop
      vertex 172.55 29.009438164979343 23.570595205269186
      vertex 172.55 40.66 33.07252298263534
      vertex 172.55 28.715530603866675 23.413498340914327
    endloop
  endfacet
  facet normal -1 0 0
    outer loop
      vertex 166.55 40.66 4
      vertex 166.55 0 4
      vertex 166.55 28.014551732809565 19.15
    endloop
  endfacet
  facet normal -1 0 0
    outer loop
      vertex 166.55 28.014551732809565 19.15
      vertex 166.55 0 4
      vertex 166.55 26.369103465619126 22
    endloop
  endfacet
  facet normal 1 0 0
    outer loop
      vertex 172.55 30.31056183502065 20.429404794730814
      vertex 172.55 29.99165354742741 20.332665023314508
      vertex 172.55 0 4
    endloop
  endfacet
  facet normal 1 0 0
    outer loop
      vertex 172.55 29.659999999999997 20.3
      vertex 172.55 0 4
      vertex 172.55 29.99165354742741 20.332665023314508
    endloop
  endfacet
  facet normal 1 0 0
    outer loop
      vertex 172.55 29.659999999999997 20.3
      vertex 172.55 29.328346452572582 20.332665023314508
      vertex 172.55 0 4
    endloop
  endfacet
  facet normal 1 0 0
    outer loop
      vertex 172.55 29.328346452572582 20.332665023314508
      vertex 172.55 29.009438164979343 20.429404794730814
      vertex 172.55 0 4
    endloop
  endfacet
  facet normal 1 0 0
    outer loop
      vertex 172.55 29.009438164979343 20.429404794730814
      vertex 172.55 28.715530603866675 20.586501659085673
      vertex 172.55 0 4
    endloop
  endfacet
  facet normal 1 0 0
    outer loop
      vertex 172.55 28.715530603866675 20.586501659085673
      vertex 172.55 28.457918471982865 20.797918471982868
      vertex 172.55 0 4
    endloop
  endfacet
  facet normal 1 0 0
    outer loop
      vertex 172.55 28.457918471982865 20.797918471982868
      vertex 172.55 28.246501659085666 21.055530603866675
      vertex 172.55 0 4
    endloop
  endfacet
  facet normal 1 0 0
    outer loop
      vertex 172.55 28.246501659085666 21.055530603866675
      vertex 172.55 28.08940479473081 21.349438164979347
      vertex 172.55 0 4
    endloop
  endfacet
  facet normal 1 0 0
    outer loop
      vertex 172.55 28.08940479473081 21.349438164979347
      vertex 172.55 27.99266502331451 21.66834645257258
      vertex 172.55 0 4
    endloop
  endfacet
  facet normal 1 0 0
    outer loop
      vertex 172.55 27.99266502331451 21.66834645257258
      vertex 172.55 27.959999999999994 22
      vertex 172.55 0 4
    endloop
  endfacet
  facet normal 1 0 0
    outer loop
      vertex 172.55 27.959999999999994 22
      vertex 172.55 27.99266502331451 22.33165354742742
      vertex 172.55 0 4
    endloop
  endfacet
  facet normal 1 0 0
    outer loop
      vertex 172.55 28.457918471982865 23.202081528017132
      vertex 172.55 0 4
      vertex 172.55 28.246501659085666 22.944469396133325
    endloop
  endfacet
  facet normal 1 0 0
    outer loop
      vertex 172.55 28.08940479473081 22.650561835020653
      vertex 172.55 28.246501659085666 22.944469396133325
      vertex 172.55 0 4
    endloop
  endfacet
  facet normal 1 0 0
    outer loop
      vertex 172.55 28.457918471982865 23.202081528017132
      vertex 172.55 28.715530603866675 23.413498340914327
      vertex 172.55 0 4
    endloop
  endfacet
  facet normal 1 0 0
    outer loop
      vertex 172.55 27.99266502331451 22.33165354742742
      vertex 172.55 28.08940479473081 22.650561835020653
      vertex 172.55 0 4
    endloop
  endfacet
  facet normal 1 0 0
    outer loop
      vertex 172.55 0 4
      vertex 172.55 40.66 33.07252298263534
      vertex 172.55 21.659999999999997 35
    endloop
  endfacet
  facet normal -1 0 0
    outer loop
      vertex 166.55 26.369103465619126 22
      vertex 166.55 0 4
      vertex 166.55 26.369103465619126 69
    endloop
  endfacet
  facet normal 1 0 0
    outer loop
      vertex 172.55 0 4
      vertex 172.55 21.659999999999997 35
      vertex 172.55 21.40118095489747 35.034074173710934
    endloop
  endfacet
  facet normal 1 0 0
    outer loop
      vertex 172.55 0 4
      vertex 172.55 21.40118095489747 35.034074173710934
      vertex 172.55 21.159999999999997 35.133974596215566
    endloop
  endfacet
  facet normal 1 0 0
    outer loop
      vertex 172.55 0 4
      vertex 172.55 21.159999999999997 35.133974596215566
      vertex 172.55 20.952893218813443 35.292893218813454
    endloop
  endfacet
  facet normal 1 0 0
    outer loop
      vertex 172.55 0 4
      vertex 172.55 20.952893218813443 35.292893218813454
      vertex 172.55 20.793974596215563 35.5
    endloop
  endfacet
  facet normal 1 0 0
    outer loop
      vertex 172.55 0 4
      vertex 172.55 20.793974596215563 35.5
      vertex 172.55 20.69407417371093 35.74118095489748
    endloop
  endfacet
  facet normal 1 0 0
    outer loop
      vertex 172.55 0 4
      vertex 172.55 20.69407417371093 35.74118095489748
      vertex 172.55 20.659999999999997 36
    endloop
  endfacet
  facet normal 1 0 0
    outer loop
      vertex 172.55 40.66 33.07252298263534
      vertex 172.55 40.66 62.14504596527068
      vertex 172.55 22.625925826289063 36.25881904510252
    endloop
  endfacet
  facet normal -1 0 0
    outer loop
      vertex 166.55 32.95089653438087 22
      vertex 166.55 31.305448267190428 24.85
      vertex 166.55 32.95089653438087 69
    endloop
  endfacet
  facet normal -1 0 0
    outer loop
      vertex 166.55 31.305448267190428 24.85
      vertex 166.55 28.014551732809565 24.85
      vertex 166.55 31.305448267190428 66.15
    endloop
  endfacet
  facet normal -1 0 0
    outer loop
      vertex 166.55 26.369103465619126 22
      vertex 166.55 28.014551732809565 66.15
      vertex 166.55 28.014551732809565 24.85
    endloop
  endfacet
  facet normal 1 0 0
    outer loop
      vertex 172.55 40.66 33.07252298263534
      vertex 172.55 22.36710678118655 35.292893218813454
      vertex 172.55 22.159999999999997 35.133974596215566
    endloop
  endfacet
  facet normal 1 0 0
    outer loop
      vertex 172.55 40.66 33.07252298263534
      vertex 172.55 22.159999999999997 35.133974596215566
      vertex 172.55 21.918819045102524 35.034074173710934
    endloop
  endfacet
  facet normal 1 0 0
    outer loop
      vertex 172.55 40.66 33.07252298263534
      vertex 172.55 21.918819045102524 35.034074173710934
      vertex 172.55 21.659999999999997 35
    endloop
  endfacet
  facet normal 1 0 0
    outer loop
      vertex 172.55 40.66 33.07252298263534
      vertex 172.55 22.52602540378443 35.5
      vertex 172.55 22.36710678118655 35.292893218813454
    endloop
  endfacet
  facet normal 1 0 0
    outer loop
      vertex 172.55 40.66 33.07252298263534
      vertex 172.55 22.625925826289063 35.74118095489748
      vertex 172.55 22.52602540378443 35.5
    endloop
  endfacet
  facet normal 1 0 0
    outer loop
      vertex 172.55 40.66 33.07252298263534
      vertex 172.55 22.659999999999997 36
      vertex 172.55 22.625925826289063 35.74118095489748
    endloop
  endfacet
  facet normal 1 0 0
    outer loop
      vertex 172.55 40.66 33.07252298263534
      vertex 172.55 22.625925826289063 36.25881904510252
      vertex 172.55 22.659999999999997 36
    endloop
  endfacet
  facet normal 1 0 0
    outer loop
      vertex 172.55 40.66 62.14504596527068
      vertex 172.55 22.52602540378443 36.5
      vertex 172.55 22.625925826289063 36.25881904510252
    endloop
  endfacet
  facet normal 1 0 0
    outer loop
      vertex 172.55 40.66 62.14504596527068
      vertex 172.55 22.36710678118655 36.707106781186546
      vertex 172.55 22.52602540378443 36.5
    endloop
  endfacet
  facet normal 1 0 0
    outer loop
      vertex 172.55 40.66 62.14504596527068
      vertex 172.55 22.159999999999997 36.86602540378444
      vertex 172.55 22.36710678118655 36.707106781186546
    endloop
  endfacet
  facet normal 1 0 0
    outer loop
      vertex 172.55 40.66 62.14504596527068
      vertex 172.55 21.918819045102524 36.965925826289066
      vertex 172.55 22.159999999999997 36.86602540378444
    endloop
  endfacet
  facet normal 1 0 0
    outer loop
      vertex 172.55 40.66 62.14504596527068
      vertex 172.55 21.659999999999997 37
      vertex 172.55 21.918819045102524 36.965925826289066
    endloop
  endfacet
  facet normal 1 0 0
    outer loop
      vertex 172.55 40.66 62.14504596527068
      vertex 172.55 21.40118095489747 36.965925826289066
      vertex 172.55 21.659999999999997 37
    endloop
  endfacet
  facet normal 1 0 0
    outer loop
      vertex 172.55 21.40118095489747 36.965925826289066
      vertex 172.55 28.715530603866675 67.58650165908567
      vertex 172.55 21.159999999999997 36.86602540378444
    endloop
  endfacet
  facet normal 1 0 0
    outer loop
      vertex 172.55 20.952893218813443 36.707106781186546
      vertex 172.55 21.159999999999997 36.86602540378444
      vertex 172.55 28.457918471982865 67.79791847198287
    endloop
  endfacet
  facet normal 1 0 0
    outer loop
      vertex 172.55 20.793974596215563 36.5
      vertex 172.55 20.952893218813443 36.707106781186546
      vertex 172.55 28.246501659085666 68.05553060386667
    endloop
  endfacet
  facet normal 1 0 0
    outer loop
      vertex 172.55 20.69407417371093 36.25881904510252
      vertex 172.55 20.793974596215563 36.5
      vertex 172.55 28.08940479473081 68.34943816497935
    endloop
  endfacet
  facet normal 1 0 0
    outer loop
      vertex 172.55 40.66 33.07252298263534
      vertex 172.55 42.09320408882622 64.19457173070144
      vertex 172.55 40.66 62.14504596527068
    endloop
  endfacet
  facet normal -1 0 0
    outer loop
      vertex 166.55 28.014551732809565 24.85
      vertex 166.55 28.014551732809565 66.15
      vertex 166.55 31.305448267190428 66.15
    endloop
  endfacet
  facet normal -1 0 0
    outer loop
      vertex 166.55 31.305448267190428 24.85
      vertex 166.55 31.305448267190428 66.15
      vertex 166.55 32.95089653438087 69
    endloop
  endfacet
  facet normal 1 0 0
    outer loop
      vertex 172.55 40.66 62.14504596527068
      vertex 172.55 29.659999999999997 67.3
      vertex 172.55 21.40118095489747 36.965925826289066
    endloop
  endfacet
  facet normal -1 0 0
    outer loop
      vertex 166.55 26.369103465619126 22
      vertex 166.55 26.369103465619126 69
      vertex 166.55 28.014551732809565 66.15
    endloop
  endfacet
  facet normal 1 0 0
    outer loop
      vertex 172.55 21.40118095489747 36.965925826289066
      vertex 172.55 29.659999999999997 67.3
      vertex 172.55 29.328346452572582 67.33266502331452
    endloop
  endfacet
  facet normal 1 0 0
    outer loop
      vertex 172.55 21.40118095489747 36.965925826289066
      vertex 172.55 29.328346452572582 67.33266502331452
      vertex 172.55 29.009438164979343 67.42940479473081
    endloop
  endfacet
  facet normal 1 0 0
    outer loop
      vertex 172.55 21.40118095489747 36.965925826289066
      vertex 172.55 29.009438164979343 67.42940479473081
      vertex 172.55 28.715530603866675 67.58650165908567
    endloop
  endfacet
  facet normal 1 0 0
    outer loop
      vertex 172.55 21.159999999999997 36.86602540378444
      vertex 172.55 28.715530603866675 67.58650165908567
      vertex 172.55 28.457918471982865 67.79791847198287
    endloop
  endfacet
  facet normal 1 0 0
    outer loop
      vertex 172.55 20.952893218813443 36.707106781186546
      vertex 172.55 28.457918471982865 67.79791847198287
      vertex 172.55 28.246501659085666 68.05553060386667
    endloop
  endfacet
  facet normal 1 0 0
    outer loop
      vertex 172.55 20.793974596215563 36.5
      vertex 172.55 28.246501659085666 68.05553060386667
      vertex 172.55 28.08940479473081 68.34943816497935
    endloop
  endfacet
  facet normal 1 0 0
    outer loop
      vertex 172.55 20.69407417371093 36.25881904510252
      vertex 172.55 28.08940479473081 68.34943816497935
      vertex 172.55 27.99266502331451 68.66834645257258
    endloop
  endfacet
  facet normal 1 0 0
    outer loop
      vertex 172.55 20.69407417371093 36.25881904510252
      vertex 172.55 27.99266502331451 68.66834645257258
      vertex 172.55 27.959999999999994 69
    endloop
  endfacet
  facet normal 1 0 0
    outer loop
      vertex 172.55 20.69407417371093 36.25881904510252
      vertex 172.55 27.959999999999994 69
      vertex 172.55 27.99266502331451 69.33165354742742
    endloop
  endfacet
  facet normal 0 -1 0
    outer loop
      vertex 166.55 0 4
      vertex 172.55 0 4
      vertex 166.55 0 130
    endloop
  endfacet
  facet normal 1 0 0
    outer loop
      vertex 172.55 0 4
      vertex 172.55 20.659999999999997 36
      vertex 172.55 0 130
    endloop
  endfacet
  facet normal -1 0 0
    outer loop
      vertex 166.55 86.11 4
      vertex 166.55 77.40089653438086 69
      vertex 166.55 86.11 130
    endloop
  endfacet
  facet normal 1 0 0
    outer loop
      vertex 172.55 86.11 65.56996935648621
      vertex 172.55 75.7773349766855 68.66834645257258
      vertex 172.55 75.68059520526919 68.34943816497935
    endloop
  endfacet
  facet normal 1 0 0
    outer loop
      vertex 172.55 86.11 65.56996935648621
      vertex 172.55 75.81 69
      vertex 172.55 75.7773349766855 68.66834645257258
    endloop
  endfacet
  facet normal 1 0 0
    outer loop
      vertex 172.55 86.11 65.56996935648621
      vertex 172.55 75.7773349766855 69.33165354742742
      vertex 172.55 75.81 69
    endloop
  endfacet
  facet normal 1 0 0
    outer loop
      vertex 172.55 86.11 65.56996935648621
      vertex 172.55 75.68059520526919 69.65056183502065
      vertex 172.55 75.7773349766855 69.33165354742742
    endloop
  endfacet
  facet normal 1 0 0
    outer loop
      vertex 172.55 86.11 65.56996935648621
      vertex 172.55 75.52349834091433 69.94446939613333
      vertex 172.55 75.68059520526919 69.65056183502065
    endloop
  endfacet
  facet normal 1 0 0
    outer loop
      vertex 172.55 86.11 65.56996935648621
      vertex 172.55 75.31208152801713 70.20208152801713
      vertex 172.55 75.52349834091433 69.94446939613333
    endloop
  endfacet
  facet normal 1 0 0
    outer loop
      vertex 172.55 86.11 65.56996935648621
      vertex 172.55 75.05446939613333 70.41349834091433
      vertex 172.55 75.31208152801713 70.20208152801713
    endloop
  endfacet
  facet normal 1 0 0
    outer loop
      vertex 172.55 86.11 65.56996935648621
      vertex 172.55 88.11 130
      vertex 172.55 75.05446939613333 70.41349834091433
    endloop
  endfacet
  facet normal 1 0 0
    outer loop
      vertex 172.55 43.66 4
      vertex 172.55 88.11 130
      vertex 172.55 86.11 127.13993871297242
    endloop
  endfacet
  facet normal -1 0 0
    outer loop
      vertex 166.55 77.40089653438086 69
      vertex 166.55 75.75544826719043 71.85
      vertex 166.55 86.11 130
    endloop
  endfacet
  facet normal -1 0 0
    outer loop
      vertex 166.55 75.75544826719043 71.85
      vertex 166.55 72.46455173280957 71.85
      vertex 166.55 86.11 130
    endloop
  endfacet
  facet normal -1 0 0
    outer loop
      vertex 166.55 70.81910346561914 69
      vertex 166.55 86.11 130
      vertex 166.55 72.46455173280957 71.85
    endloop
  endfacet
  facet normal 1 0 0
    outer loop
      vertex 172.55 75.05446939613333 70.41349834091433
      vertex 172.55 88.11 130
      vertex 172.55 74.76056183502065 70.57059520526919
    endloop
  endfacet
  facet normal 1 0 0
    outer loop
      vertex 172.55 72.69650165908567 69.94446939613333
      vertex 172.55 88.11 130
      vertex 172.55 72.53940479473081 69.65056183502065
    endloop
  endfacet
  facet normal 1 0 0
    outer loop
      vertex 172.55 73.45943816497935 70.57059520526919
      vertex 172.55 88.11 130
      vertex 172.55 73.16553060386667 70.41349834091433
    endloop
  endfacet
  facet normal 1 0 0
    outer loop
      vertex 172.55 72.69650165908567 69.94446939613333
      vertex 172.55 72.90791847198287 70.20208152801713
      vertex 172.55 88.11 130
    endloop
  endfacet
  facet normal 1 0 0
    outer loop
      vertex 172.55 73.16553060386667 70.41349834091433
      vertex 172.55 88.11 130
      vertex 172.55 72.90791847198287 70.20208152801713
    endloop
  endfacet
  facet normal 1 0 0
    outer loop
      vertex 172.55 74.76056183502065 70.57059520526919
      vertex 172.55 88.11 130
      vertex 172.55 74.44165354742742 70.6673349766855
    endloop
  endfacet
  facet normal 1 0 0
    outer loop
      vertex 172.55 74.44165354742742 70.6673349766855
      vertex 172.55 88.11 130
      vertex 172.55 74.11 70.7
    endloop
  endfacet
  facet normal 1 0 0
    outer loop
      vertex 172.55 74.11 70.7
      vertex 172.55 88.11 130
      vertex 172.55 73.77834645257258 70.6673349766855
    endloop
  endfacet
  facet normal 1 0 0
    outer loop
      vertex 172.55 73.45943816497935 70.57059520526919
      vertex 172.55 73.77834645257258 70.6673349766855
      vertex 172.55 88.11 130
    endloop
  endfacet
  facet normal -1 0 0
    outer loop
      vertex 166.55 43.66 4
      vertex 166.55 86.11 130
      vertex 166.55 70.81910346561914 69
    endloop
  endfacet
  facet normal 1 0 0
    outer loop
      vertex 172.55 43.66 4
      vertex 172.55 72.53940479473081 69.65056183502065
      vertex 172.55 88.11 130
    endloop
  endfacet
  facet normal 1 0 0
    outer loop
      vertex 172.55 43.66 4
      vertex 172.55 66.97602540378443 105.5
      vertex 172.55 66.81710678118654 105.29289321881345
    endloop
  endfacet
  facet normal 1 0 0
    outer loop
      vertex 172.55 43.66 4
      vertex 172.55 66.81710678118654 105.29289321881345
      vertex 172.55 66.61 105.13397459621557
    endloop
  endfacet
  facet normal 1 0 0
    outer loop
      vertex 172.55 43.66 4
      vertex 172.55 66.36881904510253 105.03407417371093
      vertex 172.55 66.11 105
    endloop
  endfacet
  facet normal 1 0 0
    outer loop
      vertex 172.55 43.66 4
      vertex 172.55 66.61 105.13397459621557
      vertex 172.55 66.36881904510253 105.03407417371093
    endloop
  endfacet
  facet normal 1 0 0
    outer loop
      vertex 172.55 43.66 4
      vertex 172.55 66.11 105
      vertex 172.55 65.85118095489747 105.03407417371093
    endloop
  endfacet
  facet normal 1 0 0
    outer loop
      vertex 172.55 43.66 4
      vertex 172.55 65.85118095489747 105.03407417371093
      vertex 172.55 65.61 105.13397459621557
    endloop
  endfacet
  facet normal 1 0 0
    outer loop
      vertex 172.55 43.66 4
      vertex 172.55 65.61 105.13397459621557
      vertex 172.55 65.40289321881346 105.29289321881345
    endloop
  endfacet
  facet normal 1 0 0
    outer loop
      vertex 172.55 43.66 4
      vertex 172.55 65.40289321881346 105.29289321881345
      vertex 172.55 65.24397459621557 105.5
    endloop
  endfacet
  facet normal 1 0 0
    outer loop
      vertex 172.55 43.66 4
      vertex 172.55 65.24397459621557 105.5
      vertex 172.55 65.14407417371093 105.74118095489747
    endloop
  endfacet
  facet normal 1 0 0
    outer loop
      vertex 172.55 43.66 4
      vertex 172.55 65.14407417371093 105.74118095489747
      vertex 172.55 65.11 106
    endloop
  endfacet
  facet normal 1 0 0
    outer loop
      vertex 172.55 43.66 4
      vertex 172.55 65.11 106
      vertex 172.55 65.14407417371093 106.25881904510253
    endloop
  endfacet
  facet normal -1 0 0
    outer loop
      vertex 166.55 43.66 4
      vertex 166.55 75.75544826719043 117.15
      vertex 166.55 77.40089653438086 120
    endloop
  endfacet
  facet normal -1 0 0
    outer loop
      vertex 166.55 43.66 4
      vertex 166.55 72.46455173280957 117.15
      vertex 166.55 75.75544826719043 117.15
    endloop
  endfacet
  facet normal 1 0 0
    outer loop
      vertex 172.55 43.66 4
      vertex 172.55 75.52349834091433 119.05553060386667
      vertex 172.55 75.31208152801713 118.79791847198287
    endloop
  endfacet
  facet normal 1 0 0
    outer loop
      vertex 172.55 43.66 4
      vertex 172.55 75.68059520526919 119.34943816497935
      vertex 172.55 75.52349834091433 119.05553060386667
    endloop
  endfacet
  facet normal 1 0 0
    outer loop
      vertex 172.55 43.66 4
      vertex 172.55 75.7773349766855 119.66834645257258
      vertex 172.55 75.68059520526919 119.34943816497935
    endloop
  endfacet
  facet normal 1 0 0
    outer loop
      vertex 172.55 43.66 4
      vertex 172.55 75.31208152801713 118.79791847198287
      vertex 172.55 75.05446939613333 118.58650165908567
    endloop
  endfacet
  facet normal 1 0 0
    outer loop
      vertex 172.55 43.66 4
      vertex 172.55 75.05446939613333 118.58650165908567
      vertex 172.55 74.76056183502065 118.42940479473081
    endloop
  endfacet
  facet normal 1 0 0
    outer loop
      vertex 172.55 43.66 4
      vertex 172.55 74.76056183502065 118.42940479473081
      vertex 172.55 74.44165354742742 118.3326650233145
    endloop
  endfacet
  facet normal 1 0 0
    outer loop
      vertex 172.55 43.66 4
      vertex 172.55 74.44165354742742 118.3326650233145
      vertex 172.55 66.97602540378443 105.5
    endloop
  endfacet
  facet normal 1 0 0
    outer loop
      vertex 172.55 43.66 4
      vertex 172.55 65.14407417371093 106.25881904510253
      vertex 172.55 43.66 130
    endloop
  endfacet
  facet normal -1 0 0
    outer loop
      vertex 166.55 43.66 4
      vertex 166.55 77.40089653438086 120
      vertex 166.55 86.11 130
    endloop
  endfacet
  facet normal 1 0 0
    outer loop
      vertex 172.55 43.66 4
      vertex 172.55 86.11 127.13993871297242
      vertex 172.55 75.7773349766855 119.66834645257258
    endloop
  endfacet
  facet normal -1 0 0
    outer loop
      vertex 166.55 43.66 4
      vertex 166.55 43.66 130
      vertex 166.55 72.46455173280957 117.15
    endloop
  endfacet
  facet normal 1 0 0
    outer loop
      vertex 172.55 74.44165354742742 118.3326650233145
      vertex 172.55 67.07592582628907 105.74118095489747
      vertex 172.55 66.97602540378443 105.5
    endloop
  endfacet
  facet normal 1 0 0
    outer loop
      vertex 172.55 74.44165354742742 118.3326650233145
      vertex 172.55 67.11 106
      vertex 172.55 67.07592582628907 105.74118095489747
    endloop
  endfacet
  facet normal 1 0 0
    outer loop
      vertex 172.55 74.44165354742742 118.3326650233145
      vertex 172.55 67.07592582628907 106.25881904510253
      vertex 172.55 67.11 106
    endloop
  endfacet
  facet normal 1 0 0
    outer loop
      vertex 172.55 74.11 118.3
      vertex 172.55 66.97602540378443 106.5
      vertex 172.55 67.07592582628907 106.25881904510253
    endloop
  endfacet
  facet normal 1 0 0
    outer loop
      vertex 172.55 73.77834645257258 118.3326650233145
      vertex 172.55 66.81710678118654 106.70710678118655
      vertex 172.55 66.97602540378443 106.5
    endloop
  endfacet
  facet normal 1 0 0
    outer loop
      vertex 172.55 74.44165354742742 118.3326650233145
      vertex 172.55 74.11 118.3
      vertex 172.55 67.07592582628907 106.25881904510253
    endloop
  endfacet
  facet normal 1 0 0
    outer loop
      vertex 172.55 74.11 118.3
      vertex 172.55 73.77834645257258 118.3326650233145
      vertex 172.55 66.97602540378443 106.5
    endloop
  endfacet
  facet normal 1 0 0
    outer loop
      vertex 172.55 73.77834645257258 118.3326650233145
      vertex 172.55 73.45943816497935 118.42940479473081
      vertex 172.55 66.81710678118654 106.70710678118655
    endloop
  endfacet
  facet normal 1 0 0
    outer loop
      vertex 172.55 73.45943816497935 118.42940479473081
      vertex 172.55 73.16553060386667 118.58650165908567
      vertex 172.55 66.61 106.86602540378443
    endloop
  endfacet
  facet normal 1 0 0
    outer loop
      vertex 172.55 73.16553060386667 118.58650165908567
      vertex 172.55 72.90791847198287 118.79791847198287
      vertex 172.55 66.61 106.86602540378443
    endloop
  endfacet
  facet normal 1 0 0
    outer loop
      vertex 172.55 72.90791847198287 118.79791847198287
      vertex 172.55 72.69650165908567 119.05553060386667
      vertex 172.55 66.36881904510253 106.96592582628907
    endloop
  endfacet
  facet normal 1 0 0
    outer loop
      vertex 172.55 72.69650165908567 119.05553060386667
      vertex 172.55 72.53940479473081 119.34943816497935
      vertex 172.55 66.11 107
    endloop
  endfacet
  facet normal 1 0 0
    outer loop
      vertex 172.55 72.53940479473081 119.34943816497935
      vertex 172.55 72.4426650233145 119.66834645257258
      vertex 172.55 66.11 107
    endloop
  endfacet
  facet normal 1 0 0
    outer loop
      vertex 172.55 72.4426650233145 119.66834645257258
      vertex 172.55 72.41 120
      vertex 172.55 66.11 107
    endloop
  endfacet
  facet normal 1 0 0
    outer loop
      vertex 172.55 72.41 120
      vertex 172.55 72.4426650233145 120.33165354742742
      vertex 172.55 66.11 107
    endloop
  endfacet
  facet normal 1 0 0
    outer loop
      vertex 172.55 72.4426650233145 120.33165354742742
      vertex 172.55 72.53940479473081 120.65056183502065
      vertex 172.55 66.11 107
    endloop
  endfacet
  facet normal -1 0 0
    outer loop
      vertex 166.55 86.11 130
      vertex 166.55 77.40089653438086 120
      vertex 166.55 75.75544826719043 122.85
    endloop
  endfacet
  facet normal -1 0 0
    outer loop
      vertex 166.55 86.11 130
      vertex 166.55 75.75544826719043 122.85
      vertex 166.55 72.46455173280957 122.85
    endloop
  endfacet
  facet normal 1 0 0
    outer loop
      vertex 172.55 86.11 127.13993871297242
      vertex 172.55 75.81 120
      vertex 172.55 75.7773349766855 119.66834645257258
    endloop
  endfacet
  facet normal 1 0 0
    outer loop
      vertex 172.55 86.11 127.13993871297242
      vertex 172.55 75.7773349766855 120.33165354742742
      vertex 172.55 75.81 120
    endloop
  endfacet
  facet normal 1 0 0
    outer loop
      vertex 172.55 86.11 127.13993871297242
      vertex 172.55 75.68059520526919 120.65056183502065
      vertex 172.55 75.7773349766855 120.33165354742742
    endloop
  endfacet
  facet normal 1 0 0
    outer loop
      vertex 172.55 86.11 127.13993871297242
      vertex 172.55 75.52349834091433 120.94446939613333
      vertex 172.55 75.68059520526919 120.65056183502065
    endloop
  endfacet
  facet normal 1 0 0
    outer loop
      vertex 172.55 86.11 127.13993871297242
      vertex 172.55 75.31208152801713 121.20208152801713
      vertex 172.55 75.52349834091433 120.94446939613333
    endloop
  endfacet
  facet normal 1 0 0
    outer loop
      vertex 172.55 86.11 127.13993871297242
      vertex 172.55 75.05446939613333 121.41349834091433
      vertex 172.55 75.31208152801713 121.20208152801713
    endloop
  endfacet
  facet normal 1 0 0
    outer loop
      vertex 172.55 86.11 127.13993871297242
      vertex 172.55 74.76056183502065 121.57059520526919
      vertex 172.55 75.05446939613333 121.41349834091433
    endloop
  endfacet
  facet normal 1 0 0
    outer loop
      vertex 172.55 86.11 127.13993871297242
      vertex 172.55 74.44165354742742 121.6673349766855
      vertex 172.55 74.76056183502065 121.57059520526919
    endloop
  endfacet
  facet normal 1 0 0
    outer loop
      vertex 172.55 86.11 127.13993871297242
      vertex 172.55 74.11 121.7
      vertex 172.55 74.44165354742742 121.6673349766855
    endloop
  endfacet
  facet normal 0 0 1
    outer loop
      vertex 172.55 88.11 130
      vertex 166.55 86.11 130
      vertex 166.55 43.66 130
    endloop
  endfacet
  facet normal 0 0 1
    outer loop
      vertex 172.55 88.11 130
      vertex 166.55 43.66 130
      vertex 172.55 86.11 130
    endloop
  endfacet
  facet normal 1 0 0
    outer loop
      vertex 172.55 86.11 127.13993871297242
      vertex 172.55 86.11 130
      vertex 172.55 43.66 130
    endloop
  endfacet
  facet normal 1 0 0
    outer loop
      vertex 172.55 73.45943816497935 118.42940479473081
      vertex 172.55 66.61 106.86602540378443
      vertex 172.55 66.81710678118654 106.70710678118655
    endloop
  endfacet
  facet normal 1 0 0
    outer loop
      vertex 172.55 72.90791847198287 118.79791847198287
      vertex 172.55 66.36881904510253 106.96592582628907
      vertex 172.55 66.61 106.86602540378443
    endloop
  endfacet
  facet normal 1 0 0
    outer loop
      vertex 172.55 72.69650165908567 119.05553060386667
      vertex 172.55 66.11 107
      vertex 172.55 66.36881904510253 106.96592582628907
    endloop
  endfacet
  facet normal 1 0 0
    outer loop
      vertex 172.55 66.11 107
      vertex 172.55 43.66 130
      vertex 172.55 65.85118095489747 106.96592582628907
    endloop
  endfacet
  facet normal 1 0 0
    outer loop
      vertex 172.55 65.85118095489747 106.96592582628907
      vertex 172.55 43.66 130
      vertex 172.55 65.61 106.86602540378443
    endloop
  endfacet
  facet normal 1 0 0
    outer loop
      vertex 172.55 65.14407417371093 106.25881904510253
      vertex 172.55 65.24397459621557 106.5
      vertex 172.55 43.66 130
    endloop
  endfacet
  facet normal 1 0 0
    outer loop
      vertex 172.55 65.24397459621557 106.5
      vertex 172.55 65.40289321881346 106.70710678118655
      vertex 172.55 43.66 130
    endloop
  endfacet
  facet normal 1 0 0
    outer loop
      vertex 172.55 65.61 106.86602540378443
      vertex 172.55 43.66 130
      vertex 172.55 65.40289321881346 106.70710678118655
    endloop
  endfacet
  facet normal 1 0 0
    outer loop
      vertex 172.55 72.53940479473081 120.65056183502065
      vertex 172.55 43.66 130
      vertex 172.55 66.11 107
    endloop
  endfacet
  facet normal -1 0 0
    outer loop
      vertex 166.55 86.11 130
      vertex 166.55 72.46455173280957 122.85
      vertex 166.55 43.66 130
    endloop
  endfacet
  facet normal 1 0 0
    outer loop
      vertex 172.55 73.77834645257258 121.6673349766855
      vertex 172.55 43.66 130
      vertex 172.55 73.45943816497935 121.57059520526919
    endloop
  endfacet
  facet normal 1 0 0
    outer loop
      vertex 172.55 73.45943816497935 121.57059520526919
      vertex 172.55 43.66 130
      vertex 172.55 73.16553060386667 121.41349834091433
    endloop
  endfacet
  facet normal 1 0 0
    outer loop
      vertex 172.55 74.11 121.7
      vertex 172.55 43.66 130
      vertex 172.55 73.77834645257258 121.6673349766855
    endloop
  endfacet
  facet normal 1 0 0
    outer loop
      vertex 172.55 86.11 127.13993871297242
      vertex 172.55 43.66 130
      vertex 172.55 74.11 121.7
    endloop
  endfacet
  facet normal -1 0 0
    outer loop
      vertex 166.55 72.46455173280957 117.15
      vertex 166.55 43.66 130
      vertex 166.55 70.81910346561914 120
    endloop
  endfacet
  facet normal -1 0 0
    outer loop
      vertex 166.55 70.81910346561914 120
      vertex 166.55 43.66 130
      vertex 166.55 72.46455173280957 122.85
    endloop
  endfacet
  facet normal 1 0 0
    outer loop
      vertex 172.55 72.53940479473081 120.65056183502065
      vertex 172.55 72.69650165908567 120.94446939613333
      vertex 172.55 43.66 130
    endloop
  endfacet
  facet normal 1 0 0
    outer loop
      vertex 172.55 72.69650165908567 120.94446939613333
      vertex 172.55 72.90791847198287 121.20208152801713
      vertex 172.55 43.66 130
    endloop
  endfacet
  facet normal 1 0 0
    outer loop
      vertex 172.55 72.90791847198287 121.20208152801713
      vertex 172.55 73.16553060386667 121.41349834091433
      vertex 172.55 43.66 130
    endloop
  endfacet
  facet normal 0 0 1
    outer loop
      vertex 172.55 86.11 130
      vertex 166.55 43.66 130
      vertex 172.55 43.66 130
    endloop
  endfacet
  facet normal -1 0 0
    outer loop
      vertex 166.55 40.66 4
      vertex 166.55 32.95089653438087 69
      vertex 166.55 40.66 130
    endloop
  endfacet
  facet normal 1 0 0
    outer loop
      vertex 172.55 40.66 62.14504596527068
      vertex 172.55 31.073498340914327 68.05553060386667
      vertex 172.55 30.86208152801713 67.79791847198287
    endloop
  endfacet
  facet normal 1 0 0
    outer loop
      vertex 172.55 40.66 62.14504596527068
      vertex 172.55 30.604469396133318 67.58650165908567
      vertex 172.55 30.31056183502065 67.42940479473081
    endloop
  endfacet
  facet normal 1 0 0
    outer loop
      vertex 172.55 40.66 62.14504596527068
      vertex 172.55 30.86208152801713 67.79791847198287
      vertex 172.55 30.604469396133318 67.58650165908567
    endloop
  endfacet
  facet normal 1 0 0
    outer loop
      vertex 172.55 40.66 62.14504596527068
      vertex 172.55 30.31056183502065 67.42940479473081
      vertex 172.55 29.99165354742741 67.33266502331452
    endloop
  endfacet
  facet normal 1 0 0
    outer loop
      vertex 172.55 40.66 62.14504596527068
      vertex 172.55 29.99165354742741 67.33266502331452
      vertex 172.55 29.659999999999997 67.3
    endloop
  endfacet
  facet normal 1 0 0
    outer loop
      vertex 172.55 40.66 62.14504596527068
      vertex 172.55 31.230595205269182 68.34943816497935
      vertex 172.55 31.073498340914327 68.05553060386667
    endloop
  endfacet
  facet normal 1 0 0
    outer loop
      vertex 172.55 40.66 62.14504596527068
      vertex 172.55 31.327334976685485 68.66834645257258
      vertex 172.55 31.230595205269182 68.34943816497935
    endloop
  endfacet
  facet normal 1 0 0
    outer loop
      vertex 172.55 40.66 62.14504596527068
      vertex 172.55 31.36 69
      vertex 172.55 31.327334976685485 68.66834645257258
    endloop
  endfacet
  facet normal 1 0 0
    outer loop
      vertex 172.55 40.66 62.14504596527068
      vertex 172.55 31.327334976685485 69.33165354742742
      vertex 172.55 31.36 69
    endloop
  endfacet
  facet normal 1 0 0
    outer loop
      vertex 172.55 40.66 62.14504596527068
      vertex 172.55 31.230595205269182 69.65056183502065
      vertex 172.55 31.327334976685485 69.33165354742742
    endloop
  endfacet
  facet normal -1 0 0
    outer loop
      vertex 166.55 32.95089653438087 69
      vertex 166.55 31.305448267190428 71.85
      vertex 166.55 40.66 130
    endloop
  endfacet
  facet normal -1 0 0
    outer loop
      vertex 166.55 0 4
      vertex 166.55 32.95089653438087 120
      vertex 166.55 40.66 130
    endloop
  endfacet
  facet normal 1 0 0
    outer loop
      vertex 172.55 40.66 62.14504596527068
      vertex 172.55 0 130
      vertex 172.55 31.230595205269182 69.65056183502065
    endloop
  endfacet
  facet normal -1 0 0
    outer loop
      vertex 166.55 31.305448267190428 71.85
      vertex 166.55 28.014551732809565 71.85
      vertex 166.55 40.66 130
    endloop
  endfacet
  facet normal -1 0 0
    outer loop
      vertex 166.55 26.369103465619126 69
      vertex 166.55 40.66 130
      vertex 166.55 28.014551732809565 71.85
    endloop
  endfacet
  facet normal 1 0 0
    outer loop
      vertex 172.55 40.66 62.14504596527068
      vertex 172.55 29.659999999999997 118.3
      vertex 172.55 22.625925826289063 106.25881904510253
    endloop
  endfacet
  facet normal 1 0 0
    outer loop
      vertex 172.55 40.66 62.14504596527068
      vertex 172.55 22.159999999999997 105.13397459621557
      vertex 172.55 21.918819045102524 105.03407417371093
    endloop
  endfacet
  facet normal 1 0 0
    outer loop
      vertex 172.55 40.66 62.14504596527068
      vertex 172.55 22.36710678118655 105.29289321881345
      vertex 172.55 22.159999999999997 105.13397459621557
    endloop
  endfacet
  facet normal 1 0 0
    outer loop
      vertex 172.55 40.66 62.14504596527068
      vertex 172.55 21.918819045102524 105.03407417371093
      vertex 172.55 21.659999999999997 105
    endloop
  endfacet
  facet normal 1 0 0
    outer loop
      vertex 172.55 40.66 62.14504596527068
      vertex 172.55 22.52602540378443 105.5
      vertex 172.55 22.36710678118655 105.29289321881345
    endloop
  endfacet
  facet normal 1 0 0
    outer loop
      vertex 172.55 40.66 62.14504596527068
      vertex 172.55 22.625925826289063 105.74118095489747
      vertex 172.55 22.52602540378443 105.5
    endloop
  endfacet
  facet normal 1 0 0
    outer loop
      vertex 172.55 40.66 62.14504596527068
      vertex 172.55 22.659999999999997 106
      vertex 172.55 22.625925826289063 105.74118095489747
    endloop
  endfacet
  facet normal 1 0 0
    outer loop
      vertex 172.55 40.66 62.14504596527068
      vertex 172.55 21.659999999999997 105
      vertex 172.55 21.40118095489747 105.03407417371093
    endloop
  endfacet
  facet normal 1 0 0
    outer loop
      vertex 172.55 40.66 62.14504596527068
      vertex 172.55 21.40118095489747 105.03407417371093
      vertex 172.55 21.159999999999997 105.13397459621557
    endloop
  endfacet
  facet normal 1 0 0
    outer loop
      vertex 172.55 40.66 62.14504596527068
      vertex 172.55 21.159999999999997 105.13397459621557
      vertex 172.55 20.952893218813443 105.29289321881345
    endloop
  endfacet
  facet normal 1 0 0
    outer loop
      vertex 172.55 40.66 62.14504596527068
      vertex 172.55 22.625925826289063 106.25881904510253
      vertex 172.55 22.659999999999997 106
    endloop
  endfacet
  facet normal -1 0 0
    outer loop
      vertex 166.55 0 4
      vertex 166.55 40.66 130
      vertex 166.55 26.369103465619126 69
    endloop
  endfacet
  facet normal 1 0 0
    outer loop
      vertex 172.55 20.659999999999997 36
      vertex 172.55 20.69407417371093 36.25881904510252
      vertex 172.55 0 130
    endloop
  endfacet
  facet normal -1 0 0
    outer loop
      vertex 166.55 0 4
      vertex 166.55 31.305448267190428 117.15
      vertex 166.55 32.95089653438087 120
    endloop
  endfacet
  facet normal -1 0 0
    outer loop
      vertex 166.55 0 4
      vertex 166.55 28.014551732809565 117.15
      vertex 166.55 31.305448267190428 117.15
    endloop
  endfacet
  facet normal 1 0 0
    outer loop
      vertex 172.55 20.69407417371093 36.25881904510252
      vertex 172.55 27.99266502331451 69.33165354742742
      vertex 172.55 0 130
    endloop
  endfacet
  facet normal 1 0 0
    outer loop
      vertex 172.55 31.230595205269182 69.65056183502065
      vertex 172.55 0 130
      vertex 172.55 31.073498340914327 69.94446939613333
    endloop
  endfacet
  facet normal 1 0 0
    outer loop
      vertex 172.55 31.073498340914327 69.94446939613333
      vertex 172.55 0 130
      vertex 172.55 30.86208152801713 70.20208152801713
    endloop
  endfacet
  facet normal 1 0 0
    outer loop
      vertex 172.55 30.86208152801713 70.20208152801713
      vertex 172.55 0 130
      vertex 172.55 30.604469396133318 70.41349834091433
    endloop
  endfacet
  facet normal 1 0 0
    outer loop
      vertex 172.55 30.604469396133318 70.41349834091433
      vertex 172.55 0 130
      vertex 172.55 30.31056183502065 70.57059520526919
    endloop
  endfacet
  facet normal 1 0 0
    outer loop
      vertex 172.55 28.08940479473081 69.65056183502065
      vertex 172.55 28.246501659085666 69.94446939613333
      vertex 172.55 0 130
    endloop
  endfacet
  facet normal 1 0 0
    outer loop
      vertex 172.55 29.009438164979343 70.57059520526919
      vertex 172.55 0 130
      vertex 172.55 28.715530603866675 70.41349834091433
    endloop
  endfacet
  facet normal 1 0 0
    outer loop
      vertex 172.55 28.246501659085666 69.94446939613333
      vertex 172.55 28.457918471982865 70.20208152801713
      vertex 172.55 0 130
    endloop
  endfacet
  facet normal 1 0 0
    outer loop
      vertex 172.55 28.457918471982865 70.20208152801713
      vertex 172.55 28.715530603866675 70.41349834091433
      vertex 172.55 0 130
    endloop
  endfacet
  facet normal 1 0 0
    outer loop
      vertex 172.55 30.31056183502065 70.57059520526919
      vertex 172.55 0 130
      vertex 172.55 29.99165354742741 70.6673349766855
    endloop
  endfacet
  facet normal 1 0 0
    outer loop
      vertex 172.55 29.99165354742741 70.6673349766855
      vertex 172.55 0 130
      vertex 172.55 29.659999999999997 70.7
    endloop
  endfacet
  facet normal 1 0 0
    outer loop
      vertex 172.55 29.659999999999997 70.7
      vertex 172.55 0 130
      vertex 172.55 29.328346452572582 70.6673349766855
    endloop
  endfacet
  facet normal 1 0 0
    outer loop
      vertex 172.55 29.009438164979343 70.57059520526919
      vertex 172.55 29.328346452572582 70.6673349766855
      vertex 172.55 0 130
    endloop
  endfacet
  facet normal 1 0 0
    outer loop
      vertex 172.55 28.08940479473081 69.65056183502065
      vertex 172.55 0 130
      vertex 172.55 27.99266502331451 69.33165354742742
    endloop
  endfacet
  facet normal -1 0 0
    outer loop
      vertex 166.55 0 4
      vertex 166.55 0 130
      vertex 166.55 28.014551732809565 117.15
    endloop
  endfacet
  facet normal 0 -1 0
    outer loop
      vertex 172.55 0 4
      vertex 172.55 0 130
      vertex 166.55 0 130
    endloop
  endfacet
  facet normal 1 0 0
    outer loop
      vertex 172.55 40.66 62.14504596527068
      vertex 172.55 40.66 130
      vertex 172.55 31.327334976685485 120.33165354742742
    endloop
  endfacet
  facet normal 1 0 0
    outer loop
      vertex 172.55 40.66 62.14504596527068
      vertex 172.55 31.073498340914327 119.05553060386667
      vertex 172.55 30.86208152801713 118.79791847198287
    endloop
  endfacet
  facet normal 1 0 0
    outer loop
      vertex 172.55 40.66 62.14504596527068
      vertex 172.55 30.604469396133318 118.58650165908567
      vertex 172.55 30.31056183502065 118.42940479473081
    endloop
  endfacet
  facet normal 1 0 0
    outer loop
      vertex 172.55 40.66 62.14504596527068
      vertex 172.55 30.86208152801713 118.79791847198287
      vertex 172.55 30.604469396133318 118.58650165908567
    endloop
  endfacet
  facet normal 1 0 0
    outer loop
      vertex 172.55 40.66 62.14504596527068
      vertex 172.55 31.230595205269182 119.34943816497935
      vertex 172.55 31.073498340914327 119.05553060386667
    endloop
  endfacet
  facet normal 1 0 0
    outer loop
      vertex 172.55 40.66 62.14504596527068
      vertex 172.55 31.327334976685485 119.66834645257258
      vertex 172.55 31.230595205269182 119.34943816497935
    endloop
  endfacet
  facet normal 1 0 0
    outer loop
      vertex 172.55 40.66 62.14504596527068
      vertex 172.55 30.31056183502065 118.42940479473081
      vertex 172.55 29.99165354742741 118.3326650233145
    endloop
  endfacet
  facet normal 1 0 0
    outer loop
      vertex 172.55 40.66 62.14504596527068
      vertex 172.55 29.99165354742741 118.3326650233145
      vertex 172.55 29.659999999999997 118.3
    endloop
  endfacet
  facet normal 1 0 0
    outer loop
      vertex 172.55 40.66 62.14504596527068
      vertex 172.55 31.36 120
      vertex 172.55 31.327334976685485 119.66834645257258
    endloop
  endfacet
  facet normal 1 0 0
    outer loop
      vertex 172.55 40.66 62.14504596527068
      vertex 172.55 31.327334976685485 120.33165354742742
      vertex 172.55 31.36 120
    endloop
  endfacet
  facet normal 1 0 0
    outer loop
      vertex 172.55 29.659999999999997 118.3
      vertex 172.55 22.52602540378443 106.5
      vertex 172.55 22.625925826289063 106.25881904510253
    endloop
  endfacet
  facet normal 1 0 0
    outer loop
      vertex 172.55 29.328346452572582 118.3326650233145
      vertex 172.55 22.36710678118655 106.70710678118655
      vertex 172.55 22.52602540378443 106.5
    endloop
  endfacet
  facet normal 1 0 0
    outer loop
      vertex 172.55 29.009438164979343 118.42940479473081
      vertex 172.55 22.159999999999997 106.86602540378443
      vertex 172.55 22.36710678118655 106.70710678118655
    endloop
  endfacet
  facet normal 1 0 0
    outer loop
      vertex 172.55 28.715530603866675 118.58650165908567
      vertex 172.55 21.918819045102524 106.96592582628907
      vertex 172.55 22.159999999999997 106.86602540378443
    endloop
  endfacet
  facet normal 1 0 0
    outer loop
      vertex 172.55 28.457918471982865 118.79791847198287
      vertex 172.55 21.659999999999997 107
      vertex 172.55 21.918819045102524 106.96592582628907
    endloop
  endfacet
  facet normal 0 0 1
    outer loop
      vertex 169.41640817765247 42.09320408882622 130
      vertex 172.55 40.66 130
      vertex 172.55 42.09320408882622 130
    endloop
  endfacet
  facet normal -1 0 0
    outer loop
      vertex 166.55 40.66 130
      vertex 166.55 32.95089653438087 120
      vertex 166.55 31.305448267190428 122.85
    endloop
  endfacet
  facet normal 1 0 0
    outer loop
      vertex 172.55 29.659999999999997 118.3
      vertex 172.55 29.328346452572582 118.3326650233145
      vertex 172.55 22.52602540378443 106.5
    endloop
  endfacet
  facet normal 1 0 0
    outer loop
      vertex 172.55 29.328346452572582 118.3326650233145
      vertex 172.55 29.009438164979343 118.42940479473081
      vertex 172.55 22.36710678118655 106.70710678118655
    endloop
  endfacet
  facet normal 1 0 0
    outer loop
      vertex 172.55 29.009438164979343 118.42940479473081
      vertex 172.55 28.715530603866675 118.58650165908567
      vertex 172.55 22.159999999999997 106.86602540378443
    endloop
  endfacet
  facet normal 1 0 0
    outer loop
      vertex 172.55 28.715530603866675 118.58650165908567
      vertex 172.55 28.457918471982865 118.79791847198287
      vertex 172.55 21.918819045102524 106.96592582628907
    endloop
  endfacet
  facet normal 1 0 0
    outer loop
      vertex 172.55 28.457918471982865 118.79791847198287
      vertex 172.55 28.246501659085666 119.05553060386667
      vertex 172.55 21.659999999999997 107
    endloop
  endfacet
  facet normal 1 0 0
    outer loop
      vertex 172.55 28.246501659085666 119.05553060386667
      vertex 172.55 28.08940479473081 119.34943816497935
      vertex 172.55 21.659999999999997 107
    endloop
  endfacet
  facet normal 1 0 0
    outer loop
      vertex 172.55 28.08940479473081 119.34943816497935
      vertex 172.55 27.99266502331451 119.66834645257258
      vertex 172.55 21.659999999999997 107
    endloop
  endfacet
  facet normal 1 0 0
    outer loop
      vertex 172.55 28.08940479473081 120.65056183502065
      vertex 172.55 21.659999999999997 107
      vertex 172.55 27.99266502331451 120.33165354742742
    endloop
  endfacet
  facet normal 1 0 0
    outer loop
      vertex 172.55 27.99266502331451 119.66834645257258
      vertex 172.55 27.959999999999994 120
      vertex 172.55 21.659999999999997 107
    endloop
  endfacet
  facet normal 1 0 0
    outer loop
      vertex 172.55 27.959999999999994 120
      vertex 172.55 27.99266502331451 120.33165354742742
      vertex 172.55 21.659999999999997 107
    endloop
  endfacet
  facet normal -1 0 0
    outer loop
      vertex 166.55 40.66 130
      vertex 166.55 31.305448267190428 122.85
      vertex 166.55 28.014551732809565 122.85
    endloop
  endfacet
  facet normal 1 0 0
    outer loop
      vertex 172.55 40.66 130
      vertex 172.55 31.230595205269182 120.65056183502065
      vertex 172.55 31.327334976685485 120.33165354742742
    endloop
  endfacet
  facet normal 1 0 0
    outer loop
      vertex 172.55 40.66 130
      vertex 172.55 31.073498340914327 120.94446939613333
      vertex 172.55 31.230595205269182 120.65056183502065
    endloop
  endfacet
  facet normal 1 0 0
    outer loop
      vertex 172.55 40.66 130
      vertex 172.55 30.86208152801713 121.20208152801713
      vertex 172.55 31.073498340914327 120.94446939613333
    endloop
  endfacet
  facet normal 1 0 0
    outer loop
      vertex 172.55 40.66 130
      vertex 172.55 30.604469396133318 121.41349834091433
      vertex 172.55 30.86208152801713 121.20208152801713
    endloop
  endfacet
  facet normal 1 0 0
    outer loop
      vertex 172.55 40.66 130
      vertex 172.55 30.31056183502065 121.57059520526919
      vertex 172.55 30.604469396133318 121.41349834091433
    endloop
  endfacet
  facet normal 1 0 0
    outer loop
      vertex 172.55 40.66 130
      vertex 172.55 29.99165354742741 121.6673349766855
      vertex 172.55 30.31056183502065 121.57059520526919
    endloop
  endfacet
  facet normal 1 0 0
    outer loop
      vertex 172.55 40.66 130
      vertex 172.55 29.659999999999997 121.7
      vertex 172.55 29.99165354742741 121.6673349766855
    endloop
  endfacet
  facet normal 0 0 1
    outer loop
      vertex 166.55 40.66 130
      vertex 166.55 0 130
      vertex 169.41640817765247 42.09320408882622 130
    endloop
  endfacet
  facet normal 0 0 1
    outer loop
      vertex 169.41640817765247 42.09320408882622 130
      vertex 172.55 0 130
      vertex 172.55 40.66 130
    endloop
  endfacet
  facet normal 1 0 0
    outer loop
      vertex 172.55 40.66 130
      vertex 172.55 0 130
      vertex 172.55 29.659999999999997 121.7
    endloop
  endfacet
  facet normal 1 0 0
    outer loop
      vertex 172.55 40.66 62.14504596527068
      vertex 172.55 20.952893218813443 105.29289321881345
      vertex 172.55 0 130
    endloop
  endfacet
  facet normal 1 0 0
    outer loop
      vertex 172.55 20.952893218813443 105.29289321881345
      vertex 172.55 20.793974596215563 105.5
      vertex 172.55 0 130
    endloop
  endfacet
  facet normal 1 0 0
    outer loop
      vertex 172.55 20.793974596215563 105.5
      vertex 172.55 20.69407417371093 105.74118095489747
      vertex 172.55 0 130
    endloop
  endfacet
  facet normal 1 0 0
    outer loop
      vertex 172.55 20.69407417371093 105.74118095489747
      vertex 172.55 20.659999999999997 106
      vertex 172.55 0 130
    endloop
  endfacet
  facet normal 1 0 0
    outer loop
      vertex 172.55 20.659999999999997 106
      vertex 172.55 20.69407417371093 106.25881904510253
      vertex 172.55 0 130
    endloop
  endfacet
  facet normal 1 0 0
    outer loop
      vertex 172.55 20.69407417371093 106.25881904510253
      vertex 172.55 20.793974596215563 106.5
      vertex 172.55 0 130
    endloop
  endfacet
  facet normal 1 0 0
    outer loop
      vertex 172.55 21.659999999999997 107
      vertex 172.55 0 130
      vertex 172.55 21.40118095489747 106.96592582628907
    endloop
  endfacet
  facet normal 1 0 0
    outer loop
      vertex 172.55 21.40118095489747 106.96592582628907
      vertex 172.55 0 130
      vertex 172.55 21.159999999999997 106.86602540378443
    endloop
  endfacet
  facet normal 1 0 0
    outer loop
      vertex 172.55 21.159999999999997 106.86602540378443
      vertex 172.55 0 130
      vertex 172.55 20.952893218813443 106.70710678118655
    endloop
  endfacet
  facet normal 1 0 0
    outer loop
      vertex 172.55 20.793974596215563 106.5
      vertex 172.55 20.952893218813443 106.70710678118655
      vertex 172.55 0 130
    endloop
  endfacet
  facet normal 1 0 0
    outer loop
      vertex 172.55 28.08940479473081 120.65056183502065
      vertex 172.55 0 130
      vertex 172.55 21.659999999999997 107
    endloop
  endfacet
  facet normal -1 0 0
    outer loop
      vertex 166.55 28.014551732809565 117.15
      vertex 166.55 0 130
      vertex 166.55 26.369103465619126 120
    endloop
  endfacet
  facet normal -1 0 0
    outer loop
      vertex 166.55 26.369103465619126 120
      vertex 166.55 0 130
      vertex 166.55 28.014551732809565 122.85
    endloop
  endfacet
  facet normal -1 0 0
    outer loop
      vertex 166.55 40.66 130
      vertex 166.55 28.014551732809565 122.85
      vertex 166.55 0 130
    endloop
  endfacet
  facet normal 1 0 0
    outer loop
      vertex 172.55 28.08940479473081 120.65056183502065
      vertex 172.55 28.246501659085666 120.94446939613333
      vertex 172.55 0 130
    endloop
  endfacet
  facet normal 1 0 0
    outer loop
      vertex 172.55 29.328346452572582 121.6673349766855
      vertex 172.55 0 130
      vertex 172.55 29.009438164979343 121.57059520526919
    endloop
  endfacet
  facet normal 1 0 0
    outer loop
      vertex 172.55 29.659999999999997 121.7
      vertex 172.55 0 130
      vertex 172.55 29.328346452572582 121.6673349766855
    endloop
  endfacet
  facet normal 1 0 0
    outer loop
      vertex 172.55 29.009438164979343 121.57059520526919
      vertex 172.55 0 130
      vertex 172.55 28.715530603866675 121.41349834091433
    endloop
  endfacet
  facet normal 1 0 0
    outer loop
      vertex 172.55 28.457918471982865 121.20208152801713
      vertex 172.55 0 130
      vertex 172.55 28.246501659085666 120.94446939613333
    endloop
  endfacet
  facet normal 1 0 0
    outer loop
      vertex 172.55 28.457918471982865 121.20208152801713
      vertex 172.55 28.715530603866675 121.41349834091433
      vertex 172.55 0 130
    endloop
  endfacet
  facet normal 0 0 1
    outer loop
      vertex 169.41640817765247 42.09320408882622 130
      vertex 166.55 0 130
      vertex 172.55 0 130
    endloop
  endfacet
  facet normal 0 -0.8819212643483619 0.4713967368259847
    outer loop
      vertex 169.35000000000002 75.52349834091433 21.055530603866675
      vertex 172.55 75.52349834091433 21.055530603866675
      vertex 169.35000000000002 75.68059520526919 21.349438164979347
    endloop
  endfacet
  facet normal -2.998113398528351e-18 -0.47139673682598854 0.8819212643483599
    outer loop
      vertex 169.35000000000002 75.05446939613333 20.586501659085673
      vertex 169.35000000000002 74.76056183502065 20.429404794730814
      vertex 172.55 74.76056183502065 20.429404794730814
    endloop
  endfacet
  facet normal -2.9450330270347175e-18 -0.6343932841636484 0.7730104533627347
    outer loop
      vertex 169.35000000000002 75.31208152801713 20.797918471982868
      vertex 169.35000000000002 75.05446939613333 20.586501659085673
      vertex 172.55 75.05446939613333 20.586501659085673
    endloop
  endfacet
  facet normal 0 -0.7730104533627337 0.6343932841636495
    outer loop
      vertex 169.35000000000002 75.31208152801713 20.797918471982868
      vertex 172.55 75.31208152801713 20.797918471982868
      vertex 169.35000000000002 75.52349834091433 21.055530603866675
    endloop
  endfacet
  facet normal 0 -0.9569403357322045 0.2902846772544774
    outer loop
      vertex 169.35000000000002 75.68059520526919 21.349438164979347
      vertex 172.55 75.68059520526919 21.349438164979347
      vertex 169.35000000000002 75.7773349766855 21.66834645257258
    endloop
  endfacet
  facet normal 0 -0.9951847266721973 0.098017140329558
    outer loop
      vertex 169.35000000000002 75.7773349766855 21.66834645257258
      vertex 172.55 75.7773349766855 21.66834645257258
      vertex 169.35000000000002 75.81 22
    endloop
  endfacet
  facet normal 0 -0.9951847266721973 -0.098017140329558
    outer loop
      vertex 169.35000000000002 75.81 22
      vertex 172.55 75.81 22
      vertex 169.35000000000002 75.7773349766855 22.33165354742742
    endloop
  endfacet
  facet normal 0 -0.8819212643483619 0.4713967368259847
    outer loop
      vertex 169.35000000000002 75.68059520526919 21.349438164979347
      vertex 172.55 75.52349834091433 21.055530603866675
      vertex 172.55 75.68059520526919 21.349438164979347
    endloop
  endfacet
  facet normal 0 -0.6343932841636484 0.7730104533627347
    outer loop
      vertex 169.35000000000002 75.31208152801713 20.797918471982868
      vertex 172.55 75.05446939613333 20.586501659085673
      vertex 172.55 75.31208152801713 20.797918471982868
    endloop
  endfacet
  facet normal 0 -0.47139673682598854 0.8819212643483599
    outer loop
      vertex 169.35000000000002 75.05446939613333 20.586501659085673
      vertex 172.55 74.76056183502065 20.429404794730814
      vertex 172.55 75.05446939613333 20.586501659085673
    endloop
  endfacet
  facet normal 0 -0.7730104533627337 0.6343932841636495
    outer loop
      vertex 169.35000000000002 75.52349834091433 21.055530603866675
      vertex 172.55 75.31208152801713 20.797918471982868
      vertex 172.55 75.52349834091433 21.055530603866675
    endloop
  endfacet
  facet normal 0 -0.9569403357322045 0.2902846772544774
    outer loop
      vertex 169.35000000000002 75.7773349766855 21.66834645257258
      vertex 172.55 75.68059520526919 21.349438164979347
      vertex 172.55 75.7773349766855 21.66834645257258
    endloop
  endfacet
  facet normal 0 -0.9951847266721973 0.098017140329558
    outer loop
      vertex 169.35000000000002 75.81 22
      vertex 172.55 75.7773349766855 21.66834645257258
      vertex 172.55 75.81 22
    endloop
  endfacet
  facet normal 0 -0.9951847266721973 -0.098017140329558
    outer loop
      vertex 169.35000000000002 75.7773349766855 22.33165354742742
      vertex 172.55 75.81 22
      vertex 172.55 75.7773349766855 22.33165354742742
    endloop
  endfacet
  facet normal 0 -0.9569403357322045 -0.2902846772544774
    outer loop
      vertex 169.35000000000002 75.7773349766855 22.33165354742742
      vertex 172.55 75.7773349766855 22.33165354742742
      vertex 169.35000000000002 75.68059520526919 22.650561835020653
    endloop
  endfacet
  facet normal 0 -0.8819212643483619 -0.4713967368259847
    outer loop
      vertex 169.35000000000002 75.68059520526919 22.650561835020653
      vertex 172.55 75.68059520526919 22.650561835020653
      vertex 169.35000000000002 75.52349834091433 22.944469396133325
    endloop
  endfacet
  facet normal 0 -0.7730104533627337 -0.6343932841636495
    outer loop
      vertex 169.35000000000002 75.52349834091433 22.944469396133325
      vertex 172.55 75.52349834091433 22.944469396133325
      vertex 169.35000000000002 75.31208152801713 23.202081528017132
    endloop
  endfacet
  facet normal 0 -0.6343932841636484 -0.7730104533627347
    outer loop
      vertex 169.35000000000002 75.31208152801713 23.202081528017132
      vertex 172.55 75.31208152801713 23.202081528017132
      vertex 169.35000000000002 75.05446939613333 23.413498340914327
    endloop
  endfacet
  facet normal 0 -0.47139673682598854 -0.8819212643483599
    outer loop
      vertex 169.35000000000002 75.05446939613333 23.413498340914327
      vertex 172.55 75.05446939613333 23.413498340914327
      vertex 169.35000000000002 74.76056183502065 23.570595205269186
    endloop
  endfacet
  facet normal 0 -0.9569403357322045 -0.2902846772544774
    outer loop
      vertex 169.35000000000002 75.68059520526919 22.650561835020653
      vertex 172.55 75.7773349766855 22.33165354742742
      vertex 172.55 75.68059520526919 22.650561835020653
    endloop
  endfacet
  facet normal 0 -0.8819212643483619 -0.4713967368259847
    outer loop
      vertex 169.35000000000002 75.52349834091433 22.944469396133325
      vertex 172.55 75.68059520526919 22.650561835020653
      vertex 172.55 75.52349834091433 22.944469396133325
    endloop
  endfacet
  facet normal 0 -0.7730104533627337 -0.6343932841636495
    outer loop
      vertex 169.35000000000002 75.31208152801713 23.202081528017132
      vertex 172.55 75.52349834091433 22.944469396133325
      vertex 172.55 75.31208152801713 23.202081528017132
    endloop
  endfacet
  facet normal 0 -0.6343932841636484 -0.7730104533627347
    outer loop
      vertex 169.35000000000002 75.05446939613333 23.413498340914327
      vertex 172.55 75.31208152801713 23.202081528017132
      vertex 172.55 75.05446939613333 23.413498340914327
    endloop
  endfacet
  facet normal 2.998113398528351e-18 -0.47139673682598854 -0.8819212643483599
    outer loop
      vertex 172.55 75.05446939613333 23.413498340914327
      vertex 172.55 74.76056183502065 23.570595205269186
      vertex 169.35000000000002 74.76056183502065 23.570595205269186
    endloop
  endfacet
  facet normal 0 -0.09801714032955695 0.9951847266721973
    outer loop
      vertex 169.35000000000002 74.11 20.3
      vertex 172.55 74.11 20.3
      vertex 169.35000000000002 74.44165354742742 20.332665023314508
    endloop
  endfacet
  facet normal 0 0.09801714032955695 0.9951847266721973
    outer loop
      vertex 169.35000000000002 74.11 20.3
      vertex 172.55 73.77834645257258 20.332665023314508
      vertex 172.55 74.11 20.3
    endloop
  endfacet
  facet normal -1.2189073244541284e-18 -0.2902846772544705 0.9569403357322064
    outer loop
      vertex 169.35000000000002 74.76056183502065 20.429404794730814
      vertex 169.35000000000002 74.44165354742742 20.332665023314508
      vertex 172.55 74.44165354742742 20.332665023314508
    endloop
  endfacet
  facet normal -3.914523862214406e-19 0.09801714032955695 0.9951847266721973
    outer loop
      vertex 169.35000000000002 74.11 20.3
      vertex 169.35000000000002 73.77834645257258 20.332665023314508
      vertex 172.55 73.77834645257258 20.332665023314508
    endloop
  endfacet
  facet normal 1.2189073244541284e-18 0.2902846772544705 0.9569403357322064
    outer loop
      vertex 169.35000000000002 73.77834645257258 20.332665023314508
      vertex 169.35000000000002 73.45943816497935 20.429404794730814
      vertex 172.55 73.45943816497935 20.429404794730814
    endloop
  endfacet
  facet normal 0 -0.2902846772544705 0.9569403357322064
    outer loop
      vertex 169.35000000000002 74.76056183502065 20.429404794730814
      vertex 172.55 74.44165354742742 20.332665023314508
      vertex 172.55 74.76056183502065 20.429404794730814
    endloop
  endfacet
  facet normal 3.914523862214406e-19 -0.09801714032955695 0.9951847266721973
    outer loop
      vertex 172.55 74.11 20.3
      vertex 172.55 74.44165354742742 20.332665023314508
      vertex 169.35000000000002 74.44165354742742 20.332665023314508
    endloop
  endfacet
  facet normal 0 0.2902846772544705 0.9569403357322064
    outer loop
      vertex 169.35000000000002 73.77834645257258 20.332665023314508
      vertex 172.55 73.45943816497935 20.429404794730814
      vertex 172.55 73.77834645257258 20.332665023314508
    endloop
  endfacet
  facet normal 2.998113398528351e-18 0.47139673682598854 0.8819212643483599
    outer loop
      vertex 169.35000000000002 73.45943816497935 20.429404794730814
      vertex 169.35000000000002 73.16553060386667 20.586501659085673
      vertex 172.55 73.16553060386667 20.586501659085673
    endloop
  endfacet
  facet normal 2.9450330270347175e-18 0.6343932841636484 0.7730104533627347
    outer loop
      vertex 169.35000000000002 73.16553060386667 20.586501659085673
      vertex 169.35000000000002 72.90791847198287 20.797918471982868
      vertex 172.55 72.90791847198287 20.797918471982868
    endloop
  endfacet
  facet normal 2.015751026470662e-18 0.7730104533627337 0.6343932841636495
    outer loop
      vertex 169.35000000000002 72.90791847198287 20.797918471982868
      vertex 169.35000000000002 72.69650165908567 21.055530603866675
      vertex 172.55 72.69650165908567 21.055530603866675
    endloop
  endfacet
  facet normal 2.4402688101916208e-18 0.8819212643483619 0.4713967368259847
    outer loop
      vertex 169.35000000000002 72.69650165908567 21.055530603866675
      vertex 169.35000000000002 72.53940479473081 21.349438164979347
      vertex 172.55 72.53940479473081 21.349438164979347
    endloop
  endfacet
  facet normal -8.099153432109001e-19 0.9569403357322045 0.2902846772544774
    outer loop
      vertex 169.35000000000002 72.53940479473081 21.349438164979347
      vertex 169.35000000000002 72.4426650233145 21.66834645257258
      vertex 172.55 72.4426650233145 21.66834645257258
    endloop
  endfacet
  facet normal -5.57425141823127e-19 0.9951847266721973 0.098017140329558
    outer loop
      vertex 169.35000000000002 72.4426650233145 21.66834645257258
      vertex 169.35000000000002 72.41 22
      vertex 172.55 72.41 22
    endloop
  endfacet
  facet normal 5.57425141823127e-19 0.9951847266721973 -0.098017140329558
    outer loop
      vertex 169.35000000000002 72.41 22
      vertex 169.35000000000002 72.4426650233145 22.33165354742742
      vertex 172.55 72.4426650233145 22.33165354742742
    endloop
  endfacet
  facet normal 0 0.47139673682598854 0.8819212643483599
    outer loop
      vertex 169.35000000000002 73.45943816497935 20.429404794730814
      vertex 172.55 73.16553060386667 20.586501659085673
      vertex 172.55 73.45943816497935 20.429404794730814
    endloop
  endfacet
  facet normal 0 0.6343932841636484 0.7730104533627347
    outer loop
      vertex 169.35000000000002 73.16553060386667 20.586501659085673
      vertex 172.55 72.90791847198287 20.797918471982868
      vertex 172.55 73.16553060386667 20.586501659085673
    endloop
  endfacet
  facet normal 0 0.7730104533627337 0.6343932841636495
    outer loop
      vertex 169.35000000000002 72.90791847198287 20.797918471982868
      vertex 172.55 72.69650165908567 21.055530603866675
      vertex 172.55 72.90791847198287 20.797918471982868
    endloop
  endfacet
  facet normal 0 0.8819212643483619 0.4713967368259847
    outer loop
      vertex 169.35000000000002 72.69650165908567 21.055530603866675
      vertex 172.55 72.53940479473081 21.349438164979347
      vertex 172.55 72.69650165908567 21.055530603866675
    endloop
  endfacet
  facet normal 0 0.9569403357322045 0.2902846772544774
    outer loop
      vertex 169.35000000000002 72.53940479473081 21.349438164979347
      vertex 172.55 72.4426650233145 21.66834645257258
      vertex 172.55 72.53940479473081 21.349438164979347
    endloop
  endfacet
  facet normal 0 0.9951847266721973 0.098017140329558
    outer loop
      vertex 169.35000000000002 72.4426650233145 21.66834645257258
      vertex 172.55 72.41 22
      vertex 172.55 72.4426650233145 21.66834645257258
    endloop
  endfacet
  facet normal 0 0.9951847266721973 -0.098017140329558
    outer loop
      vertex 169.35000000000002 72.41 22
      vertex 172.55 72.4426650233145 22.33165354742742
      vertex 172.55 72.41 22
    endloop
  endfacet
  facet normal 0 -0.2902846772544705 -0.9569403357322064
    outer loop
      vertex 169.35000000000002 74.76056183502065 23.570595205269186
      vertex 172.55 74.76056183502065 23.570595205269186
      vertex 169.35000000000002 74.44165354742742 23.667334976685492
    endloop
  endfacet
  facet normal 0 -0.09801714032955695 -0.9951847266721973
    outer loop
      vertex 169.35000000000002 74.44165354742742 23.667334976685492
      vertex 172.55 74.44165354742742 23.667334976685492
      vertex 169.35000000000002 74.11 23.7
    endloop
  endfacet
  facet normal 0 0.09801714032955695 -0.9951847266721973
    outer loop
      vertex 169.35000000000002 74.11 23.7
      vertex 172.55 74.11 23.7
      vertex 169.35000000000002 73.77834645257258 23.667334976685492
    endloop
  endfacet
  facet normal 0 0.2902846772544705 -0.9569403357322064
    outer loop
      vertex 169.35000000000002 73.77834645257258 23.667334976685492
      vertex 172.55 73.77834645257258 23.667334976685492
      vertex 169.35000000000002 73.45943816497935 23.570595205269186
    endloop
  endfacet
  facet normal 0 -0.2902846772544705 -0.9569403357322064
    outer loop
      vertex 169.35000000000002 74.44165354742742 23.667334976685492
      vertex 172.55 74.76056183502065 23.570595205269186
      vertex 172.55 74.44165354742742 23.667334976685492
    endloop
  endfacet
  facet normal 0 -0.09801714032955695 -0.9951847266721973
    outer loop
      vertex 169.35000000000002 74.11 23.7
      vertex 172.55 74.44165354742742 23.667334976685492
      vertex 172.55 74.11 23.7
    endloop
  endfacet
  facet normal 0 0.09801714032955695 -0.9951847266721973
    outer loop
      vertex 169.35000000000002 73.77834645257258 23.667334976685492
      vertex 172.55 74.11 23.7
      vertex 172.55 73.77834645257258 23.667334976685492
    endloop
  endfacet
  facet normal 0 0.2902846772544705 -0.9569403357322064
    outer loop
      vertex 169.35000000000002 73.45943816497935 23.570595205269186
      vertex 172.55 73.77834645257258 23.667334976685492
      vertex 172.55 73.45943816497935 23.570595205269186
    endloop
  endfacet
  facet normal -2.9450330270347175e-18 0.6343932841636484 -0.7730104533627347
    outer loop
      vertex 169.35000000000002 72.90791847198287 23.202081528017132
      vertex 169.35000000000002 73.16553060386667 23.413498340914327
      vertex 172.55 73.16553060386667 23.413498340914327
    endloop
  endfacet
  facet normal -2.015751026470662e-18 0.7730104533627337 -0.6343932841636495
    outer loop
      vertex 169.35000000000002 72.69650165908567 22.944469396133325
      vertex 169.35000000000002 72.90791847198287 23.202081528017132
      vertex 172.55 72.90791847198287 23.202081528017132
    endloop
  endfacet
  facet normal 8.099153432109001e-19 0.9569403357322045 -0.2902846772544774
    outer loop
      vertex 169.35000000000002 72.4426650233145 22.33165354742742
      vertex 169.35000000000002 72.53940479473081 22.650561835020653
      vertex 172.55 72.53940479473081 22.650561835020653
    endloop
  endfacet
  facet normal 0 0.8819212643483619 -0.4713967368259847
    outer loop
      vertex 169.35000000000002 72.69650165908567 22.944469396133325
      vertex 172.55 72.69650165908567 22.944469396133325
      vertex 169.35000000000002 72.53940479473081 22.650561835020653
    endloop
  endfacet
  facet normal 0 0.47139673682598854 -0.8819212643483599
    outer loop
      vertex 169.35000000000002 73.45943816497935 23.570595205269186
      vertex 172.55 73.45943816497935 23.570595205269186
      vertex 169.35000000000002 73.16553060386667 23.413498340914327
    endloop
  endfacet
  facet normal 0 0.7730104533627337 -0.6343932841636495
    outer loop
      vertex 169.35000000000002 72.69650165908567 22.944469396133325
      vertex 172.55 72.90791847198287 23.202081528017132
      vertex 172.55 72.69650165908567 22.944469396133325
    endloop
  endfacet
  facet normal 0 0.6343932841636484 -0.7730104533627347
    outer loop
      vertex 169.35000000000002 72.90791847198287 23.202081528017132
      vertex 172.55 73.16553060386667 23.413498340914327
      vertex 172.55 72.90791847198287 23.202081528017132
    endloop
  endfacet
  facet normal 0 0.9569403357322045 -0.2902846772544774
    outer loop
      vertex 169.35000000000002 72.4426650233145 22.33165354742742
      vertex 172.55 72.53940479473081 22.650561835020653
      vertex 172.55 72.4426650233145 22.33165354742742
    endloop
  endfacet
  facet normal 0 0.8819212643483619 -0.4713967368259847
    outer loop
      vertex 169.35000000000002 72.53940479473081 22.650561835020653
      vertex 172.55 72.69650165908567 22.944469396133325
      vertex 172.55 72.53940479473081 22.650561835020653
    endloop
  endfacet
  facet normal 0 0.47139673682598854 -0.8819212643483599
    outer loop
      vertex 169.35000000000002 73.16553060386667 23.413498340914327
      vertex 172.55 73.45943816497935 23.570595205269186
      vertex 172.55 73.16553060386667 23.413498340914327
    endloop
  endfacet
  facet normal 0 -0.866025403784439 0.49999999999999944
    outer loop
      vertex 166.55 75.75544826719043 19.15
      vertex 169.35000000000002 75.75544826719043 19.15
      vertex 166.55 77.40089653438086 22
    endloop
  endfacet
  facet normal -1 0 0
    outer loop
      vertex 169.35000000000002 75.75544826719043 19.15
      vertex 169.35000000000002 75.05446939613333 20.586501659085673
      vertex 169.35000000000002 75.31208152801713 20.797918471982868
    endloop
  endfacet
  facet normal -1 0 0
    outer loop
      vertex 169.35000000000002 75.75544826719043 19.15
      vertex 169.35000000000002 74.76056183502065 20.429404794730814
      vertex 169.35000000000002 75.05446939613333 20.586501659085673
    endloop
  endfacet
  facet normal -1 0 0
    outer loop
      vertex 169.35000000000002 75.75544826719043 19.15
      vertex 169.35000000000002 74.44165354742742 20.332665023314508
      vertex 169.35000000000002 74.76056183502065 20.429404794730814
    endloop
  endfacet
  facet normal 0 -0.866025403784439 0.49999999999999944
    outer loop
      vertex 166.55 77.40089653438086 22
      vertex 169.35000000000002 75.75544826719043 19.15
      vertex 169.35000000000002 77.40089653438086 22
    endloop
  endfacet
  facet normal -1 0 0
    outer loop
      vertex 169.35000000000002 75.75544826719043 19.15
      vertex 169.35000000000002 75.68059520526919 21.349438164979347
      vertex 169.35000000000002 77.40089653438086 22
    endloop
  endfacet
  facet normal -1 0 0
    outer loop
      vertex 169.35000000000002 77.40089653438086 22
      vertex 169.35000000000002 75.68059520526919 21.349438164979347
      vertex 169.35000000000002 75.7773349766855 21.66834645257258
    endloop
  endfacet
  facet normal -1 0 0
    outer loop
      vertex 169.35000000000002 77.40089653438086 22
      vertex 169.35000000000002 75.7773349766855 21.66834645257258
      vertex 169.35000000000002 75.81 22
    endloop
  endfacet
  facet normal -1 0 0
    outer loop
      vertex 169.35000000000002 77.40089653438086 22
      vertex 169.35000000000002 75.81 22
      vertex 169.35000000000002 75.7773349766855 22.33165354742742
    endloop
  endfacet
  facet normal -1 0 0
    outer loop
      vertex 169.35000000000002 77.40089653438086 22
      vertex 169.35000000000002 75.7773349766855 22.33165354742742
      vertex 169.35000000000002 75.68059520526919 22.650561835020653
    endloop
  endfacet
  facet normal -1 0 0
    outer loop
      vertex 169.35000000000002 75.75544826719043 19.15
      vertex 169.35000000000002 75.52349834091433 21.055530603866675
      vertex 169.35000000000002 75.68059520526919 21.349438164979347
    endloop
  endfacet
  facet normal -1 0 0
    outer loop
      vertex 169.35000000000002 75.75544826719043 19.15
      vertex 169.35000000000002 75.31208152801713 20.797918471982868
      vertex 169.35000000000002 75.52349834091433 21.055530603866675
    endloop
  endfacet
  facet normal 0 -0.866025403784439 -0.49999999999999944
    outer loop
      vertex 166.55 77.40089653438086 22
      vertex 169.35000000000002 77.40089653438086 22
      vertex 166.55 75.75544826719043 24.85
    endloop
  endfacet
  facet normal -3.153584345535923e-18 -0.866025403784439 -0.49999999999999944
    outer loop
      vertex 169.35000000000002 77.40089653438086 22
      vertex 169.35000000000002 75.75544826719043 24.85
      vertex 166.55 75.75544826719043 24.85
    endloop
  endfacet
  facet normal -1 0 0
    outer loop
      vertex 169.35000000000002 77.40089653438086 22
      vertex 169.35000000000002 75.68059520526919 22.650561835020653
      vertex 169.35000000000002 75.52349834091433 22.944469396133325
    endloop
  endfacet
  facet normal -1 0 0
    outer loop
      vertex 169.35000000000002 77.40089653438086 22
      vertex 169.35000000000002 75.52349834091433 22.944469396133325
      vertex 169.35000000000002 75.31208152801713 23.202081528017132
    endloop
  endfacet
  facet normal -1 0 0
    outer loop
      vertex 169.35000000000002 77.40089653438086 22
      vertex 169.35000000000002 75.31208152801713 23.202081528017132
      vertex 169.35000000000002 75.75544826719043 24.85
    endloop
  endfacet
  facet normal -1 0 0
    outer loop
      vertex 169.35000000000002 75.31208152801713 23.202081528017132
      vertex 169.35000000000002 75.05446939613333 23.413498340914327
      vertex 169.35000000000002 75.75544826719043 24.85
    endloop
  endfacet
  facet normal -1 0 0
    outer loop
      vertex 169.35000000000002 75.05446939613333 23.413498340914327
      vertex 169.35000000000002 74.76056183502065 23.570595205269186
      vertex 169.35000000000002 75.75544826719043 24.85
    endloop
  endfacet
  facet normal 0 0 1
    outer loop
      vertex 166.55 75.75544826719043 19.15
      vertex 169.35000000000002 72.46455173280957 19.15
      vertex 169.35000000000002 75.75544826719043 19.15
    endloop
  endfacet
  facet normal 0 0 1
    outer loop
      vertex 166.55 75.75544826719043 19.15
      vertex 166.55 72.46455173280957 19.15
      vertex 169.35000000000002 72.46455173280957 19.15
    endloop
  endfacet
  facet normal -1 0 0
    outer loop
      vertex 169.35000000000002 75.75544826719043 19.15
      vertex 169.35000000000002 74.11 20.3
      vertex 169.35000000000002 74.44165354742742 20.332665023314508
    endloop
  endfacet
  facet normal -1 0 0
    outer loop
      vertex 169.35000000000002 75.75544826719043 19.15
      vertex 169.35000000000002 73.77834645257258 20.332665023314508
      vertex 169.35000000000002 74.11 20.3
    endloop
  endfacet
  facet normal -1 0 0
    outer loop
      vertex 169.35000000000002 75.75544826719043 19.15
      vertex 169.35000000000002 73.45943816497935 20.429404794730814
      vertex 169.35000000000002 73.77834645257258 20.332665023314508
    endloop
  endfacet
  facet normal -1 0 0
    outer loop
      vertex 169.35000000000002 75.75544826719043 19.15
      vertex 169.35000000000002 72.46455173280957 19.15
      vertex 169.35000000000002 73.45943816497935 20.429404794730814
    endloop
  endfacet
  facet normal -1 0 0
    outer loop
      vertex 169.35000000000002 72.46455173280957 19.15
      vertex 169.35000000000002 73.16553060386667 20.586501659085673
      vertex 169.35000000000002 73.45943816497935 20.429404794730814
    endloop
  endfacet
  facet normal -1 0 0
    outer loop
      vertex 169.35000000000002 72.46455173280957 19.15
      vertex 169.35000000000002 72.90791847198287 20.797918471982868
      vertex 169.35000000000002 73.16553060386667 20.586501659085673
    endloop
  endfacet
  facet normal 0 0.866025403784439 0.49999999999999944
    outer loop
      vertex 166.55 72.46455173280957 19.15
      vertex 169.35000000000002 70.81910346561914 22
      vertex 169.35000000000002 72.46455173280957 19.15
    endloop
  endfacet
  facet normal -1 0 0
    outer loop
      vertex 169.35000000000002 72.46455173280957 19.15
      vertex 169.35000000000002 70.81910346561914 22
      vertex 169.35000000000002 72.90791847198287 20.797918471982868
    endloop
  endfacet
  facet normal -1 0 0
    outer loop
      vertex 169.35000000000002 72.90791847198287 20.797918471982868
      vertex 169.35000000000002 70.81910346561914 22
      vertex 169.35000000000002 72.69650165908567 21.055530603866675
    endloop
  endfacet
  facet normal -1 0 0
    outer loop
      vertex 169.35000000000002 72.69650165908567 21.055530603866675
      vertex 169.35000000000002 70.81910346561914 22
      vertex 169.35000000000002 72.53940479473081 21.349438164979347
    endloop
  endfacet
  facet normal -1 0 0
    outer loop
      vertex 169.35000000000002 74.76056183502065 23.570595205269186
      vertex 169.35000000000002 74.44165354742742 23.667334976685492
      vertex 169.35000000000002 72.46455173280957 24.85
    endloop
  endfacet
  facet normal -1 0 0
    outer loop
      vertex 169.35000000000002 74.44165354742742 23.667334976685492
      vertex 169.35000000000002 74.11 23.7
      vertex 169.35000000000002 72.46455173280957 24.85
    endloop
  endfacet
  facet normal -1 0 0
    outer loop
      vertex 169.35000000000002 74.11 23.7
      vertex 169.35000000000002 73.77834645257258 23.667334976685492
      vertex 169.35000000000002 72.46455173280957 24.85
    endloop
  endfacet
  facet normal -1 0 0
    outer loop
      vertex 169.35000000000002 72.69650165908567 22.944469396133325
      vertex 169.35000000000002 72.46455173280957 24.85
      vertex 169.35000000000002 72.90791847198287 23.202081528017132
    endloop
  endfacet
  facet normal -1 0 0
    outer loop
      vertex 169.35000000000002 72.90791847198287 23.202081528017132
      vertex 169.35000000000002 72.46455173280957 24.85
      vertex 169.35000000000002 73.16553060386667 23.413498340914327
    endloop
  endfacet
  facet normal -1 0 0
    outer loop
      vertex 169.35000000000002 73.77834645257258 23.667334976685492
      vertex 169.35000000000002 73.45943816497935 23.570595205269186
      vertex 169.35000000000002 72.46455173280957 24.85
    endloop
  endfacet
  facet normal -1 0 0
    outer loop
      vertex 169.35000000000002 73.45943816497935 23.570595205269186
      vertex 169.35000000000002 73.16553060386667 23.413498340914327
      vertex 169.35000000000002 72.46455173280957 24.85
    endloop
  endfacet
  facet normal -1 0 0
    outer loop
      vertex 169.35000000000002 72.69650165908567 22.944469396133325
      vertex 169.35000000000002 72.53940479473081 22.650561835020653
      vertex 169.35000000000002 72.46455173280957 24.85
    endloop
  endfacet
  facet normal -3.153584345535923e-18 0.866025403784439 0.49999999999999944
    outer loop
      vertex 166.55 72.46455173280957 19.15
      vertex 166.55 70.81910346561914 22
      vertex 169.35000000000002 70.81910346561914 22
    endloop
  endfacet
  facet normal -1 0 0
    outer loop
      vertex 169.35000000000002 72.53940479473081 21.349438164979347
      vertex 169.35000000000002 70.81910346561914 22
      vertex 169.35000000000002 72.4426650233145 21.66834645257258
    endloop
  endfacet
  facet normal -1 0 0
    outer loop
      vertex 169.35000000000002 72.4426650233145 21.66834645257258
      vertex 169.35000000000002 70.81910346561914 22
      vertex 169.35000000000002 72.41 22
    endloop
  endfacet
  facet normal -1 0 0
    outer loop
      vertex 169.35000000000002 72.41 22
      vertex 169.35000000000002 70.81910346561914 22
      vertex 169.35000000000002 72.4426650233145 22.33165354742742
    endloop
  endfacet
  facet normal -1 0 0
    outer loop
      vertex 169.35000000000002 72.4426650233145 22.33165354742742
      vertex 169.35000000000002 70.81910346561914 22
      vertex 169.35000000000002 72.53940479473081 22.650561835020653
    endloop
  endfacet
  facet normal 0 0.866025403784439 -0.49999999999999944
    outer loop
      vertex 166.55 70.81910346561914 22
      vertex 169.35000000000002 72.46455173280957 24.85
      vertex 169.35000000000002 70.81910346561914 22
    endloop
  endfacet
  facet normal 3.153584345535923e-18 0.866025403784439 -0.49999999999999944
    outer loop
      vertex 166.55 70.81910346561914 22
      vertex 166.55 72.46455173280957 24.85
      vertex 169.35000000000002 72.46455173280957 24.85
    endloop
  endfacet
  facet normal -1 0 0
    outer loop
      vertex 169.35000000000002 72.53940479473081 22.650561835020653
      vertex 169.35000000000002 70.81910346561914 22
      vertex 169.35000000000002 72.46455173280957 24.85
    endloop
  endfacet
  facet normal 0 0 -1
    outer loop
      vertex 166.55 75.75544826719043 24.85
      vertex 169.35000000000002 75.75544826719043 24.85
      vertex 166.55 72.46455173280957 24.85
    endloop
  endfacet
  facet normal 0 0 -1
    outer loop
      vertex 169.35000000000002 75.75544826719043 24.85
      vertex 169.35000000000002 72.46455173280957 24.85
      vertex 166.55 72.46455173280957 24.85
    endloop
  endfacet
  facet normal -1 0 0
    outer loop
      vertex 169.35000000000002 74.76056183502065 23.570595205269186
      vertex 169.35000000000002 72.46455173280957 24.85
      vertex 169.35000000000002 75.75544826719043 24.85
    endloop
  endfacet
  facet normal 0 -0.09801714032955904 0.9951847266721972
    outer loop
      vertex 169.35000000000002 29.659999999999997 20.3
      vertex 172.55 29.659999999999997 20.3
      vertex 169.35000000000002 29.99165354742741 20.332665023314508
    endloop
  endfacet
  facet normal 0 0.09801714032955904 0.9951847266721972
    outer loop
      vertex 169.35000000000002 29.659999999999997 20.3
      vertex 172.55 29.328346452572582 20.332665023314508
      vertex 172.55 29.659999999999997 20.3
    endloop
  endfacet
  facet normal 0 -0.8819212643483619 0.4713967368259847
    outer loop
      vertex 169.35000000000002 31.073498340914327 21.055530603866675
      vertex 172.55 31.073498340914327 21.055530603866675
      vertex 169.35000000000002 31.230595205269182 21.349438164979347
    endloop
  endfacet
  facet normal 2.4855135480465274e-19 -0.6343932841636378 0.7730104533627431
    outer loop
      vertex 169.35000000000002 30.86208152801713 20.797918471982868
      vertex 169.35000000000002 30.604469396133318 20.586501659085673
      vertex 172.55 30.604469396133318 20.586501659085673
    endloop
  endfacet
  facet normal -2.1339556153761333e-18 -0.47139673682599736 0.8819212643483552
    outer loop
      vertex 169.35000000000002 30.604469396133318 20.586501659085673
      vertex 169.35000000000002 30.31056183502065 20.429404794730814
      vertex 172.55 30.31056183502065 20.429404794730814
    endloop
  endfacet
  facet normal -2.015751026470662e-18 -0.7730104533627337 0.6343932841636495
    outer loop
      vertex 169.35000000000002 31.073498340914327 21.055530603866675
      vertex 169.35000000000002 30.86208152801713 20.797918471982868
      vertex 172.55 30.86208152801713 20.797918471982868
    endloop
  endfacet
  facet normal 0 -0.9951847266721952 0.09801714032957912
    outer loop
      vertex 169.35000000000002 31.327334976685485 21.66834645257258
      vertex 172.55 31.327334976685485 21.66834645257258
      vertex 169.35000000000002 31.36 22
    endloop
  endfacet
  facet normal 4.059385006547761e-19 -0.9569403357322103 0.29028467725445783
    outer loop
      vertex 169.35000000000002 31.327334976685485 21.66834645257258
      vertex 169.35000000000002 31.230595205269182 21.349438164979347
      vertex 172.55 31.230595205269182 21.349438164979347
    endloop
  endfacet
  facet normal 0 -0.9951847266721952 -0.09801714032957912
    outer loop
      vertex 169.35000000000002 31.36 22
      vertex 172.55 31.36 22
      vertex 169.35000000000002 31.327334976685485 22.33165354742742
    endloop
  endfacet
  facet normal 0 -0.7730104533627337 0.6343932841636495
    outer loop
      vertex 169.35000000000002 31.073498340914327 21.055530603866675
      vertex 172.55 30.86208152801713 20.797918471982868
      vertex 172.55 31.073498340914327 21.055530603866675
    endloop
  endfacet
  facet normal 0 -0.8819212643483619 0.4713967368259847
    outer loop
      vertex 169.35000000000002 31.230595205269182 21.349438164979347
      vertex 172.55 31.073498340914327 21.055530603866675
      vertex 172.55 31.230595205269182 21.349438164979347
    endloop
  endfacet
  facet normal 0 -0.6343932841636378 0.7730104533627431
    outer loop
      vertex 169.35000000000002 30.86208152801713 20.797918471982868
      vertex 172.55 30.604469396133318 20.586501659085673
      vertex 172.55 30.86208152801713 20.797918471982868
    endloop
  endfacet
  facet normal 0 -0.47139673682599736 0.8819212643483552
    outer loop
      vertex 169.35000000000002 30.604469396133318 20.586501659085673
      vertex 172.55 30.31056183502065 20.429404794730814
      vertex 172.55 30.604469396133318 20.586501659085673
    endloop
  endfacet
  facet normal 0 -0.9569403357322103 0.29028467725445783
    outer loop
      vertex 169.35000000000002 31.327334976685485 21.66834645257258
      vertex 172.55 31.230595205269182 21.349438164979347
      vertex 172.55 31.327334976685485 21.66834645257258
    endloop
  endfacet
  facet normal 0 -0.9951847266721952 0.09801714032957912
    outer loop
      vertex 169.35000000000002 31.36 22
      vertex 172.55 31.327334976685485 21.66834645257258
      vertex 172.55 31.36 22
    endloop
  endfacet
  facet normal 0 -0.9951847266721952 -0.09801714032957912
    outer loop
      vertex 169.35000000000002 31.327334976685485 22.33165354742742
      vertex 172.55 31.36 22
      vertex 172.55 31.327334976685485 22.33165354742742
    endloop
  endfacet
  facet normal -8.185778990650363e-19 -0.29028467725446455 0.956940335732208
    outer loop
      vertex 169.35000000000002 30.31056183502065 20.429404794730814
      vertex 169.35000000000002 29.99165354742741 20.332665023314508
      vertex 172.55 29.99165354742741 20.332665023314508
    endloop
  endfacet
  facet normal -7.2339789742481685e-19 0.09801714032955904 0.9951847266721972
    outer loop
      vertex 169.35000000000002 29.659999999999997 20.3
      vertex 169.35000000000002 29.328346452572582 20.332665023314508
      vertex 172.55 29.328346452572582 20.332665023314508
    endloop
  endfacet
  facet normal 8.185778990650363e-19 0.29028467725446455 0.956940335732208
    outer loop
      vertex 169.35000000000002 29.328346452572582 20.332665023314508
      vertex 169.35000000000002 29.009438164979343 20.429404794730814
      vertex 172.55 29.009438164979343 20.429404794730814
    endloop
  endfacet
  facet normal 2.1339556153761333e-18 0.47139673682599736 0.8819212643483552
    outer loop
      vertex 169.35000000000002 29.009438164979343 20.429404794730814
      vertex 169.35000000000002 28.715530603866675 20.586501659085673
      vertex 172.55 28.715530603866675 20.586501659085673
    endloop
  endfacet
  facet normal 0 -0.29028467725446455 0.956940335732208
    outer loop
      vertex 169.35000000000002 30.31056183502065 20.429404794730814
      vertex 172.55 29.99165354742741 20.332665023314508
      vertex 172.55 30.31056183502065 20.429404794730814
    endloop
  endfacet
  facet normal 7.2339789742481685e-19 -0.09801714032955904 0.9951847266721972
    outer loop
      vertex 172.55 29.659999999999997 20.3
      vertex 172.55 29.99165354742741 20.332665023314508
      vertex 169.35000000000002 29.99165354742741 20.332665023314508
    endloop
  endfacet
  facet normal 0 0.29028467725446455 0.956940335732208
    outer loop
      vertex 169.35000000000002 29.328346452572582 20.332665023314508
      vertex 172.55 29.009438164979343 20.429404794730814
      vertex 172.55 29.328346452572582 20.332665023314508
    endloop
  endfacet
  facet normal 0 0.47139673682599736 0.8819212643483552
    outer loop
      vertex 169.35000000000002 29.009438164979343 20.429404794730814
      vertex 172.55 28.715530603866675 20.586501659085673
      vertex 172.55 29.009438164979343 20.429404794730814
    endloop
  endfacet
  facet normal 0 -0.9569403357322103 -0.29028467725445783
    outer loop
      vertex 169.35000000000002 31.327334976685485 22.33165354742742
      vertex 172.55 31.327334976685485 22.33165354742742
      vertex 169.35000000000002 31.230595205269182 22.650561835020653
    endloop
  endfacet
  facet normal 0 -0.8819212643483619 -0.4713967368259847
    outer loop
      vertex 169.35000000000002 31.230595205269182 22.650561835020653
      vertex 172.55 31.230595205269182 22.650561835020653
      vertex 169.35000000000002 31.073498340914327 22.944469396133325
    endloop
  endfacet
  facet normal 0 -0.7730104533627337 -0.6343932841636495
    outer loop
      vertex 169.35000000000002 31.073498340914327 22.944469396133325
      vertex 172.55 31.073498340914327 22.944469396133325
      vertex 169.35000000000002 30.86208152801713 23.202081528017132
    endloop
  endfacet
  facet normal 0 -0.6343932841636378 -0.7730104533627431
    outer loop
      vertex 169.35000000000002 30.86208152801713 23.202081528017132
      vertex 172.55 30.86208152801713 23.202081528017132
      vertex 169.35000000000002 30.604469396133318 23.413498340914327
    endloop
  endfacet
  facet normal 0 -0.47139673682599736 -0.8819212643483552
    outer loop
      vertex 169.35000000000002 30.604469396133318 23.413498340914327
      vertex 172.55 30.604469396133318 23.413498340914327
      vertex 169.35000000000002 30.31056183502065 23.570595205269186
    endloop
  endfacet
  facet normal 0 -0.9569403357322103 -0.29028467725445783
    outer loop
      vertex 169.35000000000002 31.230595205269182 22.650561835020653
      vertex 172.55 31.327334976685485 22.33165354742742
      vertex 172.55 31.230595205269182 22.650561835020653
    endloop
  endfacet
  facet normal 0 -0.8819212643483619 -0.4713967368259847
    outer loop
      vertex 169.35000000000002 31.073498340914327 22.944469396133325
      vertex 172.55 31.230595205269182 22.650561835020653
      vertex 172.55 31.073498340914327 22.944469396133325
    endloop
  endfacet
  facet normal 0 -0.7730104533627337 -0.6343932841636495
    outer loop
      vertex 169.35000000000002 30.86208152801713 23.202081528017132
      vertex 172.55 31.073498340914327 22.944469396133325
      vertex 172.55 30.86208152801713 23.202081528017132
    endloop
  endfacet
  facet normal 0 -0.6343932841636378 -0.7730104533627431
    outer loop
      vertex 169.35000000000002 30.604469396133318 23.413498340914327
      vertex 172.55 30.86208152801713 23.202081528017132
      vertex 172.55 30.604469396133318 23.413498340914327
    endloop
  endfacet
  facet normal 0 -0.47139673682599736 -0.8819212643483552
    outer loop
      vertex 169.35000000000002 30.31056183502065 23.570595205269186
      vertex 172.55 30.604469396133318 23.413498340914327
      vertex 172.55 30.31056183502065 23.570595205269186
    endloop
  endfacet
  facet normal 0 -0.29028467725446455 -0.956940335732208
    outer loop
      vertex 169.35000000000002 30.31056183502065 23.570595205269186
      vertex 172.55 30.31056183502065 23.570595205269186
      vertex 169.35000000000002 29.99165354742741 23.667334976685492
    endloop
  endfacet
  facet normal 0 -0.09801714032955904 -0.9951847266721972
    outer loop
      vertex 169.35000000000002 29.99165354742741 23.667334976685492
      vertex 172.55 29.99165354742741 23.667334976685492
      vertex 169.35000000000002 29.659999999999997 23.7
    endloop
  endfacet
  facet normal 0 0.09801714032955904 -0.9951847266721972
    outer loop
      vertex 169.35000000000002 29.659999999999997 23.7
      vertex 172.55 29.659999999999997 23.7
      vertex 169.35000000000002 29.328346452572582 23.667334976685492
    endloop
  endfacet
  facet normal 0 0.29028467725446455 -0.956940335732208
    outer loop
      vertex 169.35000000000002 29.328346452572582 23.667334976685492
      vertex 172.55 29.328346452572582 23.667334976685492
      vertex 169.35000000000002 29.009438164979343 23.570595205269186
    endloop
  endfacet
  facet normal 0 0.47139673682599736 -0.8819212643483552
    outer loop
      vertex 169.35000000000002 29.009438164979343 23.570595205269186
      vertex 172.55 29.009438164979343 23.570595205269186
      vertex 169.35000000000002 28.715530603866675 23.413498340914327
    endloop
  endfacet
  facet normal 0 -0.29028467725446455 -0.956940335732208
    outer loop
      vertex 169.35000000000002 29.99165354742741 23.667334976685492
      vertex 172.55 30.31056183502065 23.570595205269186
      vertex 172.55 29.99165354742741 23.667334976685492
    endloop
  endfacet
  facet normal 0 -0.09801714032955904 -0.9951847266721972
    outer loop
      vertex 169.35000000000002 29.659999999999997 23.7
      vertex 172.55 29.99165354742741 23.667334976685492
      vertex 172.55 29.659999999999997 23.7
    endloop
  endfacet
  facet normal 0 0.09801714032955904 -0.9951847266721972
    outer loop
      vertex 169.35000000000002 29.328346452572582 23.667334976685492
      vertex 172.55 29.659999999999997 23.7
      vertex 172.55 29.328346452572582 23.667334976685492
    endloop
  endfacet
  facet normal 0 0.29028467725446455 -0.956940335732208
    outer loop
      vertex 169.35000000000002 29.009438164979343 23.570595205269186
      vertex 172.55 29.328346452572582 23.667334976685492
      vertex 172.55 29.009438164979343 23.570595205269186
    endloop
  endfacet
  facet normal -2.1339556153761333e-18 0.47139673682599736 -0.8819212643483552
    outer loop
      vertex 172.55 29.009438164979343 23.570595205269186
      vertex 172.55 28.715530603866675 23.413498340914327
      vertex 169.35000000000002 28.715530603866675 23.413498340914327
    endloop
  endfacet
  facet normal -2.4855135480465274e-19 0.6343932841636378 0.7730104533627431
    outer loop
      vertex 169.35000000000002 28.715530603866675 20.586501659085673
      vertex 169.35000000000002 28.457918471982865 20.797918471982868
      vertex 172.55 28.457918471982865 20.797918471982868
    endloop
  endfacet
  facet normal 2.015751026470662e-18 0.7730104533627337 0.6343932841636495
    outer loop
      vertex 169.35000000000002 28.457918471982865 20.797918471982868
      vertex 169.35000000000002 28.246501659085666 21.055530603866675
      vertex 172.55 28.246501659085666 21.055530603866675
    endloop
  endfacet
  facet normal 2.4402688101916208e-18 0.8819212643483619 0.4713967368259847
    outer loop
      vertex 169.35000000000002 28.246501659085666 21.055530603866675
      vertex 169.35000000000002 28.08940479473081 21.349438164979347
      vertex 172.55 28.08940479473081 21.349438164979347
    endloop
  endfacet
  facet normal -4.059385006547761e-19 0.9569403357322103 0.29028467725445783
    outer loop
      vertex 169.35000000000002 28.08940479473081 21.349438164979347
      vertex 169.35000000000002 27.99266502331451 21.66834645257258
      vertex 172.55 27.99266502331451 21.66834645257258
    endloop
  endfacet
  facet normal 3.324765326394497e-19 0.9951847266721952 0.09801714032957912
    outer loop
      vertex 169.35000000000002 27.99266502331451 21.66834645257258
      vertex 169.35000000000002 27.959999999999994 22
      vertex 172.55 27.959999999999994 22
    endloop
  endfacet
  facet normal -3.324765326394497e-19 0.9951847266721952 -0.09801714032957912
    outer loop
      vertex 169.35000000000002 27.959999999999994 22
      vertex 169.35000000000002 27.99266502331451 22.33165354742742
      vertex 172.55 27.99266502331451 22.33165354742742
    endloop
  endfacet
  facet normal 0 0.6343932841636378 0.7730104533627431
    outer loop
      vertex 169.35000000000002 28.715530603866675 20.586501659085673
      vertex 172.55 28.457918471982865 20.797918471982868
      vertex 172.55 28.715530603866675 20.586501659085673
    endloop
  endfacet
  facet normal 0 0.7730104533627337 0.6343932841636495
    outer loop
      vertex 169.35000000000002 28.457918471982865 20.797918471982868
      vertex 172.55 28.246501659085666 21.055530603866675
      vertex 172.55 28.457918471982865 20.797918471982868
    endloop
  endfacet
  facet normal 0 0.8819212643483619 0.4713967368259847
    outer loop
      vertex 169.35000000000002 28.246501659085666 21.055530603866675
      vertex 172.55 28.08940479473081 21.349438164979347
      vertex 172.55 28.246501659085666 21.055530603866675
    endloop
  endfacet
  facet normal 0 0.9569403357322103 0.29028467725445783
    outer loop
      vertex 169.35000000000002 28.08940479473081 21.349438164979347
      vertex 172.55 27.99266502331451 21.66834645257258
      vertex 172.55 28.08940479473081 21.349438164979347
    endloop
  endfacet
  facet normal 0 0.9951847266721952 0.09801714032957912
    outer loop
      vertex 169.35000000000002 27.99266502331451 21.66834645257258
      vertex 172.55 27.959999999999994 22
      vertex 172.55 27.99266502331451 21.66834645257258
    endloop
  endfacet
  facet normal 0 0.9951847266721952 -0.09801714032957912
    outer loop
      vertex 169.35000000000002 27.959999999999994 22
      vertex 172.55 27.99266502331451 22.33165354742742
      vertex 172.55 27.959999999999994 22
    endloop
  endfacet
  facet normal -2.4402688101916208e-18 0.8819212643483619 -0.4713967368259847
    outer loop
      vertex 169.35000000000002 28.08940479473081 22.650561835020653
      vertex 169.35000000000002 28.246501659085666 22.944469396133325
      vertex 172.55 28.246501659085666 22.944469396133325
    endloop
  endfacet
  facet normal 2.4855135480465274e-19 0.6343932841636378 -0.7730104533627431
    outer loop
      vertex 169.35000000000002 28.457918471982865 23.202081528017132
      vertex 169.35000000000002 28.715530603866675 23.413498340914327
      vertex 172.55 28.715530603866675 23.413498340914327
    endloop
  endfacet
  facet normal 0 0.7730104533627337 -0.6343932841636495
    outer loop
      vertex 169.35000000000002 28.457918471982865 23.202081528017132
      vertex 172.55 28.457918471982865 23.202081528017132
      vertex 169.35000000000002 28.246501659085666 22.944469396133325
    endloop
  endfacet
  facet normal 4.059385006547761e-19 0.9569403357322103 -0.29028467725445783
    outer loop
      vertex 169.35000000000002 27.99266502331451 22.33165354742742
      vertex 169.35000000000002 28.08940479473081 22.650561835020653
      vertex 172.55 28.08940479473081 22.650561835020653
    endloop
  endfacet
  facet normal 0 0.8819212643483619 -0.4713967368259847
    outer loop
      vertex 169.35000000000002 28.08940479473081 22.650561835020653
      vertex 172.55 28.246501659085666 22.944469396133325
      vertex 172.55 28.08940479473081 22.650561835020653
    endloop
  endfacet
  facet normal 0 0.6343932841636378 -0.7730104533627431
    outer loop
      vertex 169.35000000000002 28.457918471982865 23.202081528017132
      vertex 172.55 28.715530603866675 23.413498340914327
      vertex 172.55 28.457918471982865 23.202081528017132
    endloop
  endfacet
  facet normal 0 0.7730104533627337 -0.6343932841636495
    outer loop
      vertex 169.35000000000002 28.246501659085666 22.944469396133325
      vertex 172.55 28.457918471982865 23.202081528017132
      vertex 172.55 28.246501659085666 22.944469396133325
    endloop
  endfacet
  facet normal 0 0.9569403357322103 -0.29028467725445783
    outer loop
      vertex 169.35000000000002 27.99266502331451 22.33165354742742
      vertex 172.55 28.08940479473081 22.650561835020653
      vertex 172.55 27.99266502331451 22.33165354742742
    endloop
  endfacet
  facet normal 0 -0.866025403784438 0.5000000000000011
    outer loop
      vertex 166.55 31.305448267190428 19.15
      vertex 169.35000000000002 31.305448267190428 19.15
      vertex 166.55 32.95089653438087 22
    endloop
  endfacet
  facet normal -1 0 0
    outer loop
      vertex 169.35000000000002 31.305448267190428 19.15
      vertex 169.35000000000002 30.31056183502065 20.429404794730814
      vertex 169.35000000000002 30.604469396133318 20.586501659085673
    endloop
  endfacet
  facet normal -1 0 0
    outer loop
      vertex 169.35000000000002 31.305448267190428 19.15
      vertex 169.35000000000002 30.604469396133318 20.586501659085673
      vertex 169.35000000000002 30.86208152801713 20.797918471982868
    endloop
  endfacet
  facet normal -1 0 0
    outer loop
      vertex 169.35000000000002 31.305448267190428 19.15
      vertex 169.35000000000002 29.99165354742741 20.332665023314508
      vertex 169.35000000000002 30.31056183502065 20.429404794730814
    endloop
  endfacet
  facet normal -1 0 0
    outer loop
      vertex 169.35000000000002 31.305448267190428 19.15
      vertex 169.35000000000002 29.659999999999997 20.3
      vertex 169.35000000000002 29.99165354742741 20.332665023314508
    endloop
  endfacet
  facet normal 0 0 1
    outer loop
      vertex 166.55 31.305448267190428 19.15
      vertex 169.35000000000002 28.014551732809565 19.15
      vertex 169.35000000000002 31.305448267190428 19.15
    endloop
  endfacet
  facet normal 0 0 1
    outer loop
      vertex 166.55 31.305448267190428 19.15
      vertex 166.55 28.014551732809565 19.15
      vertex 169.35000000000002 28.014551732809565 19.15
    endloop
  endfacet
  facet normal -1 0 0
    outer loop
      vertex 169.35000000000002 31.305448267190428 19.15
      vertex 169.35000000000002 28.014551732809565 19.15
      vertex 169.35000000000002 29.328346452572582 20.332665023314508
    endloop
  endfacet
  facet normal -1 0 0
    outer loop
      vertex 169.35000000000002 31.305448267190428 19.15
      vertex 169.35000000000002 29.328346452572582 20.332665023314508
      vertex 169.35000000000002 29.659999999999997 20.3
    endloop
  endfacet
  facet normal 0 -0.866025403784438 0.5000000000000011
    outer loop
      vertex 166.55 32.95089653438087 22
      vertex 169.35000000000002 31.305448267190428 19.15
      vertex 169.35000000000002 32.95089653438087 22
    endloop
  endfacet
  facet normal -1 0 0
    outer loop
      vertex 169.35000000000002 31.305448267190428 19.15
      vertex 169.35000000000002 31.230595205269182 21.349438164979347
      vertex 169.35000000000002 32.95089653438087 22
    endloop
  endfacet
  facet normal -1 0 0
    outer loop
      vertex 169.35000000000002 32.95089653438087 22
      vertex 169.35000000000002 31.230595205269182 21.349438164979347
      vertex 169.35000000000002 31.327334976685485 21.66834645257258
    endloop
  endfacet
  facet normal -1 0 0
    outer loop
      vertex 169.35000000000002 32.95089653438087 22
      vertex 169.35000000000002 31.327334976685485 21.66834645257258
      vertex 169.35000000000002 31.36 22
    endloop
  endfacet
  facet normal -1 0 0
    outer loop
      vertex 169.35000000000002 32.95089653438087 22
      vertex 169.35000000000002 31.36 22
      vertex 169.35000000000002 31.327334976685485 22.33165354742742
    endloop
  endfacet
  facet normal -1 0 0
    outer loop
      vertex 169.35000000000002 32.95089653438087 22
      vertex 169.35000000000002 31.327334976685485 22.33165354742742
      vertex 169.35000000000002 31.230595205269182 22.650561835020653
    endloop
  endfacet
  facet normal 0 -0.866025403784438 -0.5000000000000011
    outer loop
      vertex 166.55 32.95089653438087 22
      vertex 169.35000000000002 32.95089653438087 22
      vertex 166.55 31.305448267190428 24.85
    endloop
  endfacet
  facet normal 1.612423707184197e-17 -0.866025403784438 -0.5000000000000011
    outer loop
      vertex 169.35000000000002 32.95089653438087 22
      vertex 169.35000000000002 31.305448267190428 24.85
      vertex 166.55 31.305448267190428 24.85
    endloop
  endfacet
  facet normal -1 0 0
    outer loop
      vertex 169.35000000000002 32.95089653438087 22
      vertex 169.35000000000002 31.230595205269182 22.650561835020653
      vertex 169.35000000000002 31.073498340914327 22.944469396133325
    endloop
  endfacet
  facet normal -1 0 0
    outer loop
      vertex 169.35000000000002 31.305448267190428 19.15
      vertex 169.35000000000002 31.073498340914327 21.055530603866675
      vertex 169.35000000000002 31.230595205269182 21.349438164979347
    endloop
  endfacet
  facet normal -1 0 0
    outer loop
      vertex 169.35000000000002 31.305448267190428 19.15
      vertex 169.35000000000002 30.86208152801713 20.797918471982868
      vertex 169.35000000000002 31.073498340914327 21.055530603866675
    endloop
  endfacet
  facet normal -1 0 0
    outer loop
      vertex 169.35000000000002 32.95089653438087 22
      vertex 169.35000000000002 31.073498340914327 22.944469396133325
      vertex 169.35000000000002 30.86208152801713 23.202081528017132
    endloop
  endfacet
  facet normal -1 0 0
    outer loop
      vertex 169.35000000000002 32.95089653438087 22
      vertex 169.35000000000002 30.86208152801713 23.202081528017132
      vertex 169.35000000000002 30.604469396133318 23.413498340914327
    endloop
  endfacet
  facet normal -1 0 0
    outer loop
      vertex 169.35000000000002 32.95089653438087 22
      vertex 169.35000000000002 30.604469396133318 23.413498340914327
      vertex 169.35000000000002 31.305448267190428 24.85
    endloop
  endfacet
  facet normal -1 0 0
    outer loop
      vertex 169.35000000000002 30.604469396133318 23.413498340914327
      vertex 169.35000000000002 30.31056183502065 23.570595205269186
      vertex 169.35000000000002 31.305448267190428 24.85
    endloop
  endfacet
  facet normal -1 0 0
    outer loop
      vertex 169.35000000000002 30.31056183502065 23.570595205269186
      vertex 169.35000000000002 29.99165354742741 23.667334976685492
      vertex 169.35000000000002 31.305448267190428 24.85
    endloop
  endfacet
  facet normal -1 0 0
    outer loop
      vertex 169.35000000000002 29.99165354742741 23.667334976685492
      vertex 169.35000000000002 29.659999999999997 23.7
      vertex 169.35000000000002 28.014551732809565 24.85
    endloop
  endfacet
  facet normal -1 0 0
    outer loop
      vertex 169.35000000000002 29.659999999999997 23.7
      vertex 169.35000000000002 29.328346452572582 23.667334976685492
      vertex 169.35000000000002 28.014551732809565 24.85
    endloop
  endfacet
  facet normal 0 0.866025403784438 0.5000000000000011
    outer loop
      vertex 166.55 28.014551732809565 19.15
      vertex 169.35000000000002 26.369103465619126 22
      vertex 169.35000000000002 28.014551732809565 19.15
    endloop
  endfacet
  facet normal -1 0 0
    outer loop
      vertex 169.35000000000002 29.328346452572582 20.332665023314508
      vertex 169.35000000000002 28.014551732809565 19.15
      vertex 169.35000000000002 29.009438164979343 20.429404794730814
    endloop
  endfacet
  facet normal -1 0 0
    outer loop
      vertex 169.35000000000002 29.009438164979343 20.429404794730814
      vertex 169.35000000000002 28.014551732809565 19.15
      vertex 169.35000000000002 28.715530603866675 20.586501659085673
    endloop
  endfacet
  facet normal -1 0 0
    outer loop
      vertex 169.35000000000002 28.014551732809565 19.15
      vertex 169.35000000000002 26.369103465619126 22
      vertex 169.35000000000002 28.715530603866675 20.586501659085673
    endloop
  endfacet
  facet normal -1 0 0
    outer loop
      vertex 169.35000000000002 28.715530603866675 20.586501659085673
      vertex 169.35000000000002 26.369103465619126 22
      vertex 169.35000000000002 28.457918471982865 20.797918471982868
    endloop
  endfacet
  facet normal -1 0 0
    outer loop
      vertex 169.35000000000002 28.457918471982865 20.797918471982868
      vertex 169.35000000000002 26.369103465619126 22
      vertex 169.35000000000002 28.246501659085666 21.055530603866675
    endloop
  endfacet
  facet normal -1 0 0
    outer loop
      vertex 169.35000000000002 28.246501659085666 21.055530603866675
      vertex 169.35000000000002 26.369103465619126 22
      vertex 169.35000000000002 28.08940479473081 21.349438164979347
    endloop
  endfacet
  facet normal -1 0 0
    outer loop
      vertex 169.35000000000002 28.08940479473081 21.349438164979347
      vertex 169.35000000000002 26.369103465619126 22
      vertex 169.35000000000002 27.99266502331451 21.66834645257258
    endloop
  endfacet
  facet normal -1 0 0
    outer loop
      vertex 169.35000000000002 27.99266502331451 21.66834645257258
      vertex 169.35000000000002 26.369103465619126 22
      vertex 169.35000000000002 27.959999999999994 22
    endloop
  endfacet
  facet normal -1 0 0
    outer loop
      vertex 169.35000000000002 27.959999999999994 22
      vertex 169.35000000000002 26.369103465619126 22
      vertex 169.35000000000002 27.99266502331451 22.33165354742742
    endloop
  endfacet
  facet normal -1 0 0
    outer loop
      vertex 169.35000000000002 27.99266502331451 22.33165354742742
      vertex 169.35000000000002 26.369103465619126 22
      vertex 169.35000000000002 28.08940479473081 22.650561835020653
    endloop
  endfacet
  facet normal 1.612423707184197e-17 0.866025403784438 0.5000000000000011
    outer loop
      vertex 166.55 28.014551732809565 19.15
      vertex 166.55 26.369103465619126 22
      vertex 169.35000000000002 26.369103465619126 22
    endloop
  endfacet
  facet normal -1.612423707184197e-17 0.866025403784438 -0.5000000000000011
    outer loop
      vertex 166.55 26.369103465619126 22
      vertex 166.55 28.014551732809565 24.85
      vertex 169.35000000000002 28.014551732809565 24.85
    endloop
  endfacet
  facet normal -1 0 0
    outer loop
      vertex 169.35000000000002 26.369103465619126 22
      vertex 169.35000000000002 28.014551732809565 24.85
      vertex 169.35000000000002 28.08940479473081 22.650561835020653
    endloop
  endfacet
  facet normal -1 0 0
    outer loop
      vertex 169.35000000000002 28.08940479473081 22.650561835020653
      vertex 169.35000000000002 28.014551732809565 24.85
      vertex 169.35000000000002 28.246501659085666 22.944469396133325
    endloop
  endfacet
  facet normal -1 0 0
    outer loop
      vertex 169.35000000000002 28.457918471982865 23.202081528017132
      vertex 169.35000000000002 28.014551732809565 24.85
      vertex 169.35000000000002 28.715530603866675 23.413498340914327
    endloop
  endfacet
  facet normal -1 0 0
    outer loop
      vertex 169.35000000000002 28.457918471982865 23.202081528017132
      vertex 169.35000000000002 28.246501659085666 22.944469396133325
      vertex 169.35000000000002 28.014551732809565 24.85
    endloop
  endfacet
  facet normal -1 0 0
    outer loop
      vertex 169.35000000000002 29.328346452572582 23.667334976685492
      vertex 169.35000000000002 29.009438164979343 23.570595205269186
      vertex 169.35000000000002 28.014551732809565 24.85
    endloop
  endfacet
  facet normal -1 0 0
    outer loop
      vertex 169.35000000000002 29.009438164979343 23.570595205269186
      vertex 169.35000000000002 28.715530603866675 23.413498340914327
      vertex 169.35000000000002 28.014551732809565 24.85
    endloop
  endfacet
  facet normal 0 0.866025403784438 -0.5000000000000011
    outer loop
      vertex 166.55 26.369103465619126 22
      vertex 169.35000000000002 28.014551732809565 24.85
      vertex 169.35000000000002 26.369103465619126 22
    endloop
  endfacet
  facet normal 0 0 -1
    outer loop
      vertex 166.55 31.305448267190428 24.85
      vertex 169.35000000000002 31.305448267190428 24.85
      vertex 166.55 28.014551732809565 24.85
    endloop
  endfacet
  facet normal 0 0 -1
    outer loop
      vertex 169.35000000000002 31.305448267190428 24.85
      vertex 169.35000000000002 28.014551732809565 24.85
      vertex 166.55 28.014551732809565 24.85
    endloop
  endfacet
  facet normal -1 0 0
    outer loop
      vertex 169.35000000000002 29.99165354742741 23.667334976685492
      vertex 169.35000000000002 28.014551732809565 24.85
      vertex 169.35000000000002 31.305448267190428 24.85
    endloop
  endfacet
  facet normal 3.809913656052713e-19 -0.47139673682598027 0.8819212643483644
    outer loop
      vertex 169.35000000000002 75.05446939613333 67.58650165908567
      vertex 169.35000000000002 74.76056183502065 67.42940479473081
      vertex 172.55 74.76056183502065 67.42940479473081
    endloop
  endfacet
  facet normal 0 -0.7730104533627293 0.6343932841636546
    outer loop
      vertex 169.35000000000002 75.31208152801713 67.79791847198287
      vertex 172.55 75.31208152801713 67.79791847198287
      vertex 169.35000000000002 75.52349834091433 68.05553060386667
    endloop
  endfacet
  facet normal 2.8941349173675333e-18 -0.6343932841636546 0.7730104533627293
    outer loop
      vertex 169.35000000000002 75.31208152801713 67.79791847198287
      vertex 169.35000000000002 75.05446939613333 67.58650165908567
      vertex 172.55 75.05446939613333 67.58650165908567
    endloop
  endfacet
  facet normal 3.809913656052713e-19 -0.8819212643483644 0.47139673682598027
    outer loop
      vertex 169.35000000000002 75.68059520526919 68.34943816497935
      vertex 169.35000000000002 75.52349834091433 68.05553060386667
      vertex 172.55 75.52349834091433 68.05553060386667
    endloop
  endfacet
  facet normal 0 -0.9569403357322034 0.29028467725448026
    outer loop
      vertex 169.35000000000002 75.68059520526919 68.34943816497935
      vertex 172.55 75.68059520526919 68.34943816497935
      vertex 169.35000000000002 75.7773349766855 68.66834645257258
    endloop
  endfacet
  facet normal 0 -0.9951847266721973 0.09801714032955695
    outer loop
      vertex 169.35000000000002 75.7773349766855 68.66834645257258
      vertex 172.55 75.7773349766855 68.66834645257258
      vertex 169.35000000000002 75.81 69
    endloop
  endfacet
  facet normal 0 -0.47139673682598027 0.8819212643483644
    outer loop
      vertex 169.35000000000002 75.05446939613333 67.58650165908567
      vertex 172.55 74.76056183502065 67.42940479473081
      vertex 172.55 75.05446939613333 67.58650165908567
    endloop
  endfacet
  facet normal 0 -0.6343932841636546 0.7730104533627293
    outer loop
      vertex 169.35000000000002 75.31208152801713 67.79791847198287
      vertex 172.55 75.05446939613333 67.58650165908567
      vertex 172.55 75.31208152801713 67.79791847198287
    endloop
  endfacet
  facet normal 0 -0.7730104533627293 0.6343932841636546
    outer loop
      vertex 169.35000000000002 75.52349834091433 68.05553060386667
      vertex 172.55 75.31208152801713 67.79791847198287
      vertex 172.55 75.52349834091433 68.05553060386667
    endloop
  endfacet
  facet normal 0 -0.8819212643483644 0.47139673682598027
    outer loop
      vertex 169.35000000000002 75.68059520526919 68.34943816497935
      vertex 172.55 75.52349834091433 68.05553060386667
      vertex 172.55 75.68059520526919 68.34943816497935
    endloop
  endfacet
  facet normal 0 -0.9569403357322034 0.29028467725448026
    outer loop
      vertex 169.35000000000002 75.7773349766855 68.66834645257258
      vertex 172.55 75.68059520526919 68.34943816497935
      vertex 172.55 75.7773349766855 68.66834645257258
    endloop
  endfacet
  facet normal 0 -0.9951847266721973 0.09801714032955695
    outer loop
      vertex 169.35000000000002 75.81 69
      vertex 172.55 75.7773349766855 68.66834645257258
      vertex 172.55 75.81 69
    endloop
  endfacet
  facet normal 0 -0.9951847266721973 -0.09801714032955695
    outer loop
      vertex 169.35000000000002 75.81 69
      vertex 172.55 75.81 69
      vertex 169.35000000000002 75.7773349766855 69.33165354742742
    endloop
  endfacet
  facet normal 0 -0.9569403357322034 -0.29028467725448026
    outer loop
      vertex 169.35000000000002 75.7773349766855 69.33165354742742
      vertex 172.55 75.7773349766855 69.33165354742742
      vertex 169.35000000000002 75.68059520526919 69.65056183502065
    endloop
  endfacet
  facet normal 0 -0.8819212643483644 -0.47139673682598027
    outer loop
      vertex 169.35000000000002 75.68059520526919 69.65056183502065
      vertex 172.55 75.68059520526919 69.65056183502065
      vertex 169.35000000000002 75.52349834091433 69.94446939613333
    endloop
  endfacet
  facet normal 0 -0.7730104533627293 -0.6343932841636546
    outer loop
      vertex 169.35000000000002 75.52349834091433 69.94446939613333
      vertex 172.55 75.52349834091433 69.94446939613333
      vertex 169.35000000000002 75.31208152801713 70.20208152801713
    endloop
  endfacet
  facet normal 0 -0.6343932841636546 -0.7730104533627293
    outer loop
      vertex 169.35000000000002 75.31208152801713 70.20208152801713
      vertex 172.55 75.31208152801713 70.20208152801713
      vertex 169.35000000000002 75.05446939613333 70.41349834091433
    endloop
  endfacet
  facet normal 0 -0.47139673682598027 -0.8819212643483644
    outer loop
      vertex 169.35000000000002 75.05446939613333 70.41349834091433
      vertex 172.55 75.05446939613333 70.41349834091433
      vertex 169.35000000000002 74.76056183502065 70.57059520526919
    endloop
  endfacet
  facet normal -3.914523862214406e-19 -0.9951847266721973 -0.09801714032955695
    outer loop
      vertex 172.55 75.81 69
      vertex 172.55 75.7773349766855 69.33165354742742
      vertex 169.35000000000002 75.7773349766855 69.33165354742742
    endloop
  endfacet
  facet normal 0 -0.9569403357322034 -0.29028467725448026
    outer loop
      vertex 169.35000000000002 75.68059520526919 69.65056183502065
      vertex 172.55 75.7773349766855 69.33165354742742
      vertex 172.55 75.68059520526919 69.65056183502065
    endloop
  endfacet
  facet normal 0 -0.8819212643483644 -0.47139673682598027
    outer loop
      vertex 169.35000000000002 75.52349834091433 69.94446939613333
      vertex 172.55 75.68059520526919 69.65056183502065
      vertex 172.55 75.52349834091433 69.94446939613333
    endloop
  endfacet
  facet normal 0 -0.7730104533627293 -0.6343932841636546
    outer loop
      vertex 169.35000000000002 75.31208152801713 70.20208152801713
      vertex 172.55 75.52349834091433 69.94446939613333
      vertex 172.55 75.31208152801713 70.20208152801713
    endloop
  endfacet
  facet normal 0 -0.6343932841636546 -0.7730104533627293
    outer loop
      vertex 169.35000000000002 75.05446939613333 70.41349834091433
      vertex 172.55 75.31208152801713 70.20208152801713
      vertex 172.55 75.05446939613333 70.41349834091433
    endloop
  endfacet
  facet normal -3.809913656052713e-19 -0.47139673682598027 -0.8819212643483644
    outer loop
      vertex 172.55 75.05446939613333 70.41349834091433
      vertex 172.55 74.76056183502065 70.57059520526919
      vertex 169.35000000000002 74.76056183502065 70.57059520526919
    endloop
  endfacet
  facet normal -1.9820305456038559e-19 -0.29028467725444124 0.9569403357322154
    outer loop
      vertex 169.35000000000002 74.76056183502065 67.42940479473081
      vertex 169.35000000000002 74.44165354742742 67.33266502331452
      vertex 172.55 74.44165354742742 67.33266502331452
    endloop
  endfacet
  facet normal 2.383185710360521e-19 -0.0980171403295992 0.9951847266721932
    outer loop
      vertex 169.35000000000002 74.44165354742742 67.33266502331452
      vertex 169.35000000000002 74.11 67.3
      vertex 172.55 74.11 67.3
    endloop
  endfacet
  facet normal -2.383185710360521e-19 0.0980171403295992 0.9951847266721932
    outer loop
      vertex 169.35000000000002 74.11 67.3
      vertex 169.35000000000002 73.77834645257258 67.33266502331452
      vertex 172.55 73.77834645257258 67.33266502331452
    endloop
  endfacet
  facet normal 1.9820305456038559e-19 0.29028467725444124 0.9569403357322154
    outer loop
      vertex 169.35000000000002 73.77834645257258 67.33266502331452
      vertex 169.35000000000002 73.45943816497935 67.42940479473081
      vertex 172.55 73.45943816497935 67.42940479473081
    endloop
  endfacet
  facet normal 0 -0.29028467725444124 0.9569403357322154
    outer loop
      vertex 169.35000000000002 74.76056183502065 67.42940479473081
      vertex 172.55 74.44165354742742 67.33266502331452
      vertex 172.55 74.76056183502065 67.42940479473081
    endloop
  endfacet
  facet normal 0 -0.0980171403295992 0.9951847266721932
    outer loop
      vertex 169.35000000000002 74.44165354742742 67.33266502331452
      vertex 172.55 74.11 67.3
      vertex 172.55 74.44165354742742 67.33266502331452
    endloop
  endfacet
  facet normal 0 0.0980171403295992 0.9951847266721932
    outer loop
      vertex 169.35000000000002 74.11 67.3
      vertex 172.55 73.77834645257258 67.33266502331452
      vertex 172.55 74.11 67.3
    endloop
  endfacet
  facet normal 0 0.29028467725444124 0.9569403357322154
    outer loop
      vertex 169.35000000000002 73.77834645257258 67.33266502331452
      vertex 172.55 73.45943816497935 67.42940479473081
      vertex 172.55 73.77834645257258 67.33266502331452
    endloop
  endfacet
  facet normal -3.809913656052713e-19 0.47139673682598027 0.8819212643483644
    outer loop
      vertex 169.35000000000002 73.45943816497935 67.42940479473081
      vertex 169.35000000000002 73.16553060386667 67.58650165908567
      vertex 172.55 73.16553060386667 67.58650165908567
    endloop
  endfacet
  facet normal -2.8941349173675333e-18 0.6343932841636546 0.7730104533627293
    outer loop
      vertex 169.35000000000002 73.16553060386667 67.58650165908567
      vertex 169.35000000000002 72.90791847198287 67.79791847198287
      vertex 172.55 72.90791847198287 67.79791847198287
    endloop
  endfacet
  facet normal -2.8941349173675333e-18 0.7730104533627293 0.6343932841636546
    outer loop
      vertex 169.35000000000002 72.90791847198287 67.79791847198287
      vertex 169.35000000000002 72.69650165908567 68.05553060386667
      vertex 172.55 72.69650165908567 68.05553060386667
    endloop
  endfacet
  facet normal -3.809913656052713e-19 0.8819212643483644 0.47139673682598027
    outer loop
      vertex 169.35000000000002 72.69650165908567 68.05553060386667
      vertex 169.35000000000002 72.53940479473081 68.34943816497935
      vertex 172.55 72.53940479473081 68.34943816497935
    endloop
  endfacet
  facet normal -6.097506305045356e-19 0.9569403357322034 0.29028467725448026
    outer loop
      vertex 169.35000000000002 72.53940479473081 68.34943816497935
      vertex 169.35000000000002 72.4426650233145 68.66834645257258
      vertex 172.55 72.4426650233145 68.66834645257258
    endloop
  endfacet
  facet normal -3.914523862214406e-19 0.9951847266721973 0.09801714032955695
    outer loop
      vertex 169.35000000000002 72.4426650233145 68.66834645257258
      vertex 169.35000000000002 72.41 69
      vertex 172.55 72.41 69
    endloop
  endfacet
  facet normal 0 0.47139673682598027 0.8819212643483644
    outer loop
      vertex 169.35000000000002 73.45943816497935 67.42940479473081
      vertex 172.55 73.16553060386667 67.58650165908567
      vertex 172.55 73.45943816497935 67.42940479473081
    endloop
  endfacet
  facet normal 0 0.6343932841636546 0.7730104533627293
    outer loop
      vertex 169.35000000000002 73.16553060386667 67.58650165908567
      vertex 172.55 72.90791847198287 67.79791847198287
      vertex 172.55 73.16553060386667 67.58650165908567
    endloop
  endfacet
  facet normal 0 0.7730104533627293 0.6343932841636546
    outer loop
      vertex 169.35000000000002 72.90791847198287 67.79791847198287
      vertex 172.55 72.69650165908567 68.05553060386667
      vertex 172.55 72.90791847198287 67.79791847198287
    endloop
  endfacet
  facet normal 0 0.8819212643483644 0.47139673682598027
    outer loop
      vertex 169.35000000000002 72.69650165908567 68.05553060386667
      vertex 172.55 72.53940479473081 68.34943816497935
      vertex 172.55 72.69650165908567 68.05553060386667
    endloop
  endfacet
  facet normal 0 0.9569403357322034 0.29028467725448026
    outer loop
      vertex 169.35000000000002 72.53940479473081 68.34943816497935
      vertex 172.55 72.4426650233145 68.66834645257258
      vertex 172.55 72.53940479473081 68.34943816497935
    endloop
  endfacet
  facet normal 0 0.9951847266721973 0.09801714032955695
    outer loop
      vertex 169.35000000000002 72.4426650233145 68.66834645257258
      vertex 172.55 72.41 69
      vertex 172.55 72.4426650233145 68.66834645257258
    endloop
  endfacet
  facet normal 0 -0.29028467725448026 -0.9569403357322034
    outer loop
      vertex 169.35000000000002 74.76056183502065 70.57059520526919
      vertex 172.55 74.76056183502065 70.57059520526919
      vertex 169.35000000000002 74.44165354742742 70.6673349766855
    endloop
  endfacet
  facet normal 0 -0.09801714032955695 -0.9951847266721973
    outer loop
      vertex 169.35000000000002 74.44165354742742 70.6673349766855
      vertex 172.55 74.44165354742742 70.6673349766855
      vertex 169.35000000000002 74.11 70.7
    endloop
  endfacet
  facet normal 0 0.09801714032955695 -0.9951847266721973
    outer loop
      vertex 169.35000000000002 74.11 70.7
      vertex 172.55 74.11 70.7
      vertex 169.35000000000002 73.77834645257258 70.6673349766855
    endloop
  endfacet
  facet normal 6.097506305045356e-19 0.29028467725448026 -0.9569403357322034
    outer loop
      vertex 169.35000000000002 73.45943816497935 70.57059520526919
      vertex 169.35000000000002 73.77834645257258 70.6673349766855
      vertex 172.55 73.77834645257258 70.6673349766855
    endloop
  endfacet
  facet normal 0 -0.29028467725448026 -0.9569403357322034
    outer loop
      vertex 169.35000000000002 74.44165354742742 70.6673349766855
      vertex 172.55 74.76056183502065 70.57059520526919
      vertex 172.55 74.44165354742742 70.6673349766855
    endloop
  endfacet
  facet normal 0 -0.09801714032955695 -0.9951847266721973
    outer loop
      vertex 169.35000000000002 74.11 70.7
      vertex 172.55 74.44165354742742 70.6673349766855
      vertex 172.55 74.11 70.7
    endloop
  endfacet
  facet normal 0 0.09801714032955695 -0.9951847266721973
    outer loop
      vertex 169.35000000000002 73.77834645257258 70.6673349766855
      vertex 172.55 74.11 70.7
      vertex 172.55 73.77834645257258 70.6673349766855
    endloop
  endfacet
  facet normal 0 0.29028467725448026 -0.9569403357322034
    outer loop
      vertex 169.35000000000002 73.45943816497935 70.57059520526919
      vertex 172.55 73.77834645257258 70.6673349766855
      vertex 172.55 73.45943816497935 70.57059520526919
    endloop
  endfacet
  facet normal 3.914523862214406e-19 0.9951847266721973 -0.09801714032955695
    outer loop
      vertex 169.35000000000002 72.41 69
      vertex 169.35000000000002 72.4426650233145 69.33165354742742
      vertex 172.55 72.4426650233145 69.33165354742742
    endloop
  endfacet
  facet normal 6.097506305045356e-19 0.9569403357322034 -0.29028467725448026
    outer loop
      vertex 169.35000000000002 72.4426650233145 69.33165354742742
      vertex 169.35000000000002 72.53940479473081 69.65056183502065
      vertex 172.55 72.53940479473081 69.65056183502065
    endloop
  endfacet
  facet normal 0 0.8819212643483644 -0.47139673682598027
    outer loop
      vertex 169.35000000000002 72.69650165908567 69.94446939613333
      vertex 172.55 72.69650165908567 69.94446939613333
      vertex 169.35000000000002 72.53940479473081 69.65056183502065
    endloop
  endfacet
  facet normal 0 0.47139673682598027 -0.8819212643483644
    outer loop
      vertex 169.35000000000002 73.45943816497935 70.57059520526919
      vertex 172.55 73.45943816497935 70.57059520526919
      vertex 169.35000000000002 73.16553060386667 70.41349834091433
    endloop
  endfacet
  facet normal 0 0.6343932841636546 -0.7730104533627293
    outer loop
      vertex 169.35000000000002 73.16553060386667 70.41349834091433
      vertex 172.55 73.16553060386667 70.41349834091433
      vertex 169.35000000000002 72.90791847198287 70.20208152801713
    endloop
  endfacet
  facet normal 2.8941349173675333e-18 0.7730104533627293 -0.6343932841636546
    outer loop
      vertex 169.35000000000002 72.69650165908567 69.94446939613333
      vertex 169.35000000000002 72.90791847198287 70.20208152801713
      vertex 172.55 72.90791847198287 70.20208152801713
    endloop
  endfacet
  facet normal 0 0.7730104533627293 -0.6343932841636546
    outer loop
      vertex 169.35000000000002 72.69650165908567 69.94446939613333
      vertex 172.55 72.90791847198287 70.20208152801713
      vertex 172.55 72.69650165908567 69.94446939613333
    endloop
  endfacet
  facet normal 0 0.9951847266721973 -0.09801714032955695
    outer loop
      vertex 169.35000000000002 72.41 69
      vertex 172.55 72.4426650233145 69.33165354742742
      vertex 172.55 72.41 69
    endloop
  endfacet
  facet normal 0 0.9569403357322034 -0.29028467725448026
    outer loop
      vertex 169.35000000000002 72.4426650233145 69.33165354742742
      vertex 172.55 72.53940479473081 69.65056183502065
      vertex 172.55 72.4426650233145 69.33165354742742
    endloop
  endfacet
  facet normal 0 0.8819212643483644 -0.47139673682598027
    outer loop
      vertex 169.35000000000002 72.53940479473081 69.65056183502065
      vertex 172.55 72.69650165908567 69.94446939613333
      vertex 172.55 72.53940479473081 69.65056183502065
    endloop
  endfacet
  facet normal 0 0.47139673682598027 -0.8819212643483644
    outer loop
      vertex 169.35000000000002 73.16553060386667 70.41349834091433
      vertex 172.55 73.45943816497935 70.57059520526919
      vertex 172.55 73.16553060386667 70.41349834091433
    endloop
  endfacet
  facet normal 0 0.6343932841636546 -0.7730104533627293
    outer loop
      vertex 169.35000000000002 72.90791847198287 70.20208152801713
      vertex 172.55 73.16553060386667 70.41349834091433
      vertex 172.55 72.90791847198287 70.20208152801713
    endloop
  endfacet
  facet normal -1 0 0
    outer loop
      vertex 169.35000000000002 75.75544826719043 66.15
      vertex 169.35000000000002 74.44165354742742 67.33266502331452
      vertex 169.35000000000002 74.76056183502065 67.42940479473081
    endloop
  endfacet
  facet normal 0 -0.8660254037844384 0.5000000000000003
    outer loop
      vertex 166.55 75.75544826719043 66.15
      vertex 169.35000000000002 75.75544826719043 66.15
      vertex 166.55 77.40089653438086 69
    endloop
  endfacet
  facet normal 0 -0.8660254037844384 0.5000000000000003
    outer loop
      vertex 166.55 77.40089653438086 69
      vertex 169.35000000000002 75.75544826719043 66.15
      vertex 169.35000000000002 77.40089653438086 69
    endloop
  endfacet
  facet normal -1 0 0
    outer loop
      vertex 169.35000000000002 75.75544826719043 66.15
      vertex 169.35000000000002 75.68059520526919 68.34943816497935
      vertex 169.35000000000002 77.40089653438086 69
    endloop
  endfacet
  facet normal -1 0 0
    outer loop
      vertex 169.35000000000002 77.40089653438086 69
      vertex 169.35000000000002 75.68059520526919 68.34943816497935
      vertex 169.35000000000002 75.7773349766855 68.66834645257258
    endloop
  endfacet
  facet normal -1 0 0
    outer loop
      vertex 169.35000000000002 77.40089653438086 69
      vertex 169.35000000000002 75.7773349766855 68.66834645257258
      vertex 169.35000000000002 75.81 69
    endloop
  endfacet
  facet normal -1 0 0
    outer loop
      vertex 169.35000000000002 75.75544826719043 66.15
      vertex 169.35000000000002 75.52349834091433 68.05553060386667
      vertex 169.35000000000002 75.68059520526919 68.34943816497935
    endloop
  endfacet
  facet normal -1 0 0
    outer loop
      vertex 169.35000000000002 75.75544826719043 66.15
      vertex 169.35000000000002 75.05446939613333 67.58650165908567
      vertex 169.35000000000002 75.31208152801713 67.79791847198287
    endloop
  endfacet
  facet normal -1 0 0
    outer loop
      vertex 169.35000000000002 75.75544826719043 66.15
      vertex 169.35000000000002 75.31208152801713 67.79791847198287
      vertex 169.35000000000002 75.52349834091433 68.05553060386667
    endloop
  endfacet
  facet normal -1 0 0
    outer loop
      vertex 169.35000000000002 75.75544826719043 66.15
      vertex 169.35000000000002 74.76056183502065 67.42940479473081
      vertex 169.35000000000002 75.05446939613333 67.58650165908567
    endloop
  endfacet
  facet normal 0 -0.8660254037844384 -0.5000000000000003
    outer loop
      vertex 166.55 77.40089653438086 69
      vertex 169.35000000000002 77.40089653438086 69
      vertex 166.55 75.75544826719043 71.85
    endloop
  endfacet
  facet normal 0 -0.8660254037844384 -0.5000000000000003
    outer loop
      vertex 166.55 75.75544826719043 71.85
      vertex 169.35000000000002 77.40089653438086 69
      vertex 169.35000000000002 75.75544826719043 71.85
    endloop
  endfacet
  facet normal -1 0 0
    outer loop
      vertex 169.35000000000002 77.40089653438086 69
      vertex 169.35000000000002 75.81 69
      vertex 169.35000000000002 75.7773349766855 69.33165354742742
    endloop
  endfacet
  facet normal -1 0 0
    outer loop
      vertex 169.35000000000002 77.40089653438086 69
      vertex 169.35000000000002 75.7773349766855 69.33165354742742
      vertex 169.35000000000002 75.68059520526919 69.65056183502065
    endloop
  endfacet
  facet normal -1 0 0
    outer loop
      vertex 169.35000000000002 77.40089653438086 69
      vertex 169.35000000000002 75.68059520526919 69.65056183502065
      vertex 169.35000000000002 75.52349834091433 69.94446939613333
    endloop
  endfacet
  facet normal -1 0 0
    outer loop
      vertex 169.35000000000002 77.40089653438086 69
      vertex 169.35000000000002 75.52349834091433 69.94446939613333
      vertex 169.35000000000002 75.31208152801713 70.20208152801713
    endloop
  endfacet
  facet normal -1 0 0
    outer loop
      vertex 169.35000000000002 77.40089653438086 69
      vertex 169.35000000000002 75.31208152801713 70.20208152801713
      vertex 169.35000000000002 75.75544826719043 71.85
    endloop
  endfacet
  facet normal -1 0 0
    outer loop
      vertex 169.35000000000002 75.31208152801713 70.20208152801713
      vertex 169.35000000000002 75.05446939613333 70.41349834091433
      vertex 169.35000000000002 75.75544826719043 71.85
    endloop
  endfacet
  facet normal -1 0 0
    outer loop
      vertex 169.35000000000002 75.05446939613333 70.41349834091433
      vertex 169.35000000000002 74.76056183502065 70.57059520526919
      vertex 169.35000000000002 75.75544826719043 71.85
    endloop
  endfacet
  facet normal 0 0 1
    outer loop
      vertex 166.55 75.75544826719043 66.15
      vertex 169.35000000000002 72.46455173280957 66.15
      vertex 169.35000000000002 75.75544826719043 66.15
    endloop
  endfacet
  facet normal 0 0 1
    outer loop
      vertex 166.55 75.75544826719043 66.15
      vertex 166.55 72.46455173280957 66.15
      vertex 169.35000000000002 72.46455173280957 66.15
    endloop
  endfacet
  facet normal -1 0 0
    outer loop
      vertex 169.35000000000002 75.75544826719043 66.15
      vertex 169.35000000000002 74.11 67.3
      vertex 169.35000000000002 74.44165354742742 67.33266502331452
    endloop
  endfacet
  facet normal -1 0 0
    outer loop
      vertex 169.35000000000002 75.75544826719043 66.15
      vertex 169.35000000000002 73.77834645257258 67.33266502331452
      vertex 169.35000000000002 74.11 67.3
    endloop
  endfacet
  facet normal -1 0 0
    outer loop
      vertex 169.35000000000002 75.75544826719043 66.15
      vertex 169.35000000000002 73.45943816497935 67.42940479473081
      vertex 169.35000000000002 73.77834645257258 67.33266502331452
    endloop
  endfacet
  facet normal -1 0 0
    outer loop
      vertex 169.35000000000002 75.75544826719043 66.15
      vertex 169.35000000000002 72.46455173280957 66.15
      vertex 169.35000000000002 73.45943816497935 67.42940479473081
    endloop
  endfacet
  facet normal -1 0 0
    outer loop
      vertex 169.35000000000002 72.46455173280957 66.15
      vertex 169.35000000000002 73.16553060386667 67.58650165908567
      vertex 169.35000000000002 73.45943816497935 67.42940479473081
    endloop
  endfacet
  facet normal -1 0 0
    outer loop
      vertex 169.35000000000002 72.46455173280957 66.15
      vertex 169.35000000000002 72.90791847198287 67.79791847198287
      vertex 169.35000000000002 73.16553060386667 67.58650165908567
    endloop
  endfacet
  facet normal -1 0 0
    outer loop
      vertex 169.35000000000002 72.46455173280957 66.15
      vertex 169.35000000000002 70.81910346561914 69
      vertex 169.35000000000002 72.90791847198287 67.79791847198287
    endloop
  endfacet
  facet normal -1 0 0
    outer loop
      vertex 169.35000000000002 72.90791847198287 67.79791847198287
      vertex 169.35000000000002 70.81910346561914 69
      vertex 169.35000000000002 72.69650165908567 68.05553060386667
    endloop
  endfacet
  facet normal -1 0 0
    outer loop
      vertex 169.35000000000002 72.69650165908567 68.05553060386667
      vertex 169.35000000000002 70.81910346561914 69
      vertex 169.35000000000002 72.53940479473081 68.34943816497935
    endloop
  endfacet
  facet normal 0 0.8660254037844384 0.5000000000000003
    outer loop
      vertex 166.55 72.46455173280957 66.15
      vertex 169.35000000000002 70.81910346561914 69
      vertex 169.35000000000002 72.46455173280957 66.15
    endloop
  endfacet
  facet normal 1.2614337382143714e-17 0.8660254037844384 0.5000000000000003
    outer loop
      vertex 166.55 72.46455173280957 66.15
      vertex 166.55 70.81910346561914 69
      vertex 169.35000000000002 70.81910346561914 69
    endloop
  endfacet
  facet normal -1 0 0
    outer loop
      vertex 169.35000000000002 72.53940479473081 68.34943816497935
      vertex 169.35000000000002 70.81910346561914 69
      vertex 169.35000000000002 72.4426650233145 68.66834645257258
    endloop
  endfacet
  facet normal -1 0 0
    outer loop
      vertex 169.35000000000002 72.4426650233145 68.66834645257258
      vertex 169.35000000000002 70.81910346561914 69
      vertex 169.35000000000002 72.41 69
    endloop
  endfacet
  facet normal -1 0 0
    outer loop
      vertex 169.35000000000002 74.76056183502065 70.57059520526919
      vertex 169.35000000000002 74.44165354742742 70.6673349766855
      vertex 169.35000000000002 72.46455173280957 71.85
    endloop
  endfacet
  facet normal -1 0 0
    outer loop
      vertex 169.35000000000002 74.44165354742742 70.6673349766855
      vertex 169.35000000000002 74.11 70.7
      vertex 169.35000000000002 72.46455173280957 71.85
    endloop
  endfacet
  facet normal -1 0 0
    outer loop
      vertex 169.35000000000002 74.11 70.7
      vertex 169.35000000000002 73.77834645257258 70.6673349766855
      vertex 169.35000000000002 72.46455173280957 71.85
    endloop
  endfacet
  facet normal -1 0 0
    outer loop
      vertex 169.35000000000002 73.45943816497935 70.57059520526919
      vertex 169.35000000000002 72.46455173280957 71.85
      vertex 169.35000000000002 73.77834645257258 70.6673349766855
    endloop
  endfacet
  facet normal -1 0 0
    outer loop
      vertex 169.35000000000002 72.69650165908567 69.94446939613333
      vertex 169.35000000000002 72.46455173280957 71.85
      vertex 169.35000000000002 72.90791847198287 70.20208152801713
    endloop
  endfacet
  facet normal -1 0 0
    outer loop
      vertex 169.35000000000002 73.16553060386667 70.41349834091433
      vertex 169.35000000000002 72.90791847198287 70.20208152801713
      vertex 169.35000000000002 72.46455173280957 71.85
    endloop
  endfacet
  facet normal -1 0 0
    outer loop
      vertex 169.35000000000002 73.45943816497935 70.57059520526919
      vertex 169.35000000000002 73.16553060386667 70.41349834091433
      vertex 169.35000000000002 72.46455173280957 71.85
    endloop
  endfacet
  facet normal -1 0 0
    outer loop
      vertex 169.35000000000002 72.69650165908567 69.94446939613333
      vertex 169.35000000000002 72.53940479473081 69.65056183502065
      vertex 169.35000000000002 72.46455173280957 71.85
    endloop
  endfacet
  facet normal 0 0 -1
    outer loop
      vertex 166.55 75.75544826719043 71.85
      vertex 169.35000000000002 75.75544826719043 71.85
      vertex 166.55 72.46455173280957 71.85
    endloop
  endfacet
  facet normal 0 0 -1
    outer loop
      vertex 169.35000000000002 75.75544826719043 71.85
      vertex 169.35000000000002 72.46455173280957 71.85
      vertex 166.55 72.46455173280957 71.85
    endloop
  endfacet
  facet normal -1 0 0
    outer loop
      vertex 169.35000000000002 75.75544826719043 71.85
      vertex 169.35000000000002 74.76056183502065 70.57059520526919
      vertex 169.35000000000002 72.46455173280957 71.85
    endloop
  endfacet
  facet normal 0 0.8660254037844384 -0.5000000000000003
    outer loop
      vertex 166.55 70.81910346561914 69
      vertex 169.35000000000002 72.46455173280957 71.85
      vertex 169.35000000000002 70.81910346561914 69
    endloop
  endfacet
  facet normal -1.2614337382143714e-17 0.8660254037844384 -0.5000000000000003
    outer loop
      vertex 166.55 70.81910346561914 69
      vertex 166.55 72.46455173280957 71.85
      vertex 169.35000000000002 72.46455173280957 71.85
    endloop
  endfacet
  facet normal -1 0 0
    outer loop
      vertex 169.35000000000002 72.41 69
      vertex 169.35000000000002 70.81910346561914 69
      vertex 169.35000000000002 72.4426650233145 69.33165354742742
    endloop
  endfacet
  facet normal -1 0 0
    outer loop
      vertex 169.35000000000002 70.81910346561914 69
      vertex 169.35000000000002 72.53940479473081 69.65056183502065
      vertex 169.35000000000002 72.4426650233145 69.33165354742742
    endloop
  endfacet
  facet normal -1 0 0
    outer loop
      vertex 169.35000000000002 70.81910346561914 69
      vertex 169.35000000000002 72.46455173280957 71.85
      vertex 169.35000000000002 72.53940479473081 69.65056183502065
    endloop
  endfacet
  facet normal 0 -0.47139673682598915 0.8819212643483596
    outer loop
      vertex 169.35000000000002 30.31056183502065 67.42940479473081
      vertex 172.55 30.31056183502065 67.42940479473081
      vertex 169.35000000000002 30.604469396133318 67.58650165908567
    endloop
  endfacet
  facet normal 0 -0.6343932841636442 0.773010453362738
    outer loop
      vertex 169.35000000000002 30.604469396133318 67.58650165908567
      vertex 172.55 30.604469396133318 67.58650165908567
      vertex 169.35000000000002 30.86208152801713 67.79791847198287
    endloop
  endfacet
  facet normal 0 -0.7730104533627293 0.6343932841636546
    outer loop
      vertex 169.35000000000002 30.86208152801713 67.79791847198287
      vertex 172.55 30.86208152801713 67.79791847198287
      vertex 169.35000000000002 31.073498340914327 68.05553060386667
    endloop
  endfacet
  facet normal 0 -0.8819212643483644 0.47139673682598027
    outer loop
      vertex 169.35000000000002 31.073498340914327 68.05553060386667
      vertex 172.55 31.073498340914327 68.05553060386667
      vertex 169.35000000000002 31.230595205269182 68.34943816497935
    endloop
  endfacet
  facet normal 0 -0.9569403357322094 0.2902846772544608
    outer loop
      vertex 169.35000000000002 31.230595205269182 68.34943816497935
      vertex 172.55 31.230595205269182 68.34943816497935
      vertex 169.35000000000002 31.327334976685485 68.66834645257258
    endloop
  endfacet
  facet normal 0 -0.9951847266721952 0.09801714032957808
    outer loop
      vertex 169.35000000000002 31.327334976685485 68.66834645257258
      vertex 172.55 31.327334976685485 68.66834645257258
      vertex 169.35000000000002 31.36 69
    endloop
  endfacet
  facet normal 0 -0.7730104533627293 0.6343932841636546
    outer loop
      vertex 169.35000000000002 31.073498340914327 68.05553060386667
      vertex 172.55 30.86208152801713 67.79791847198287
      vertex 172.55 31.073498340914327 68.05553060386667
    endloop
  endfacet
  facet normal 0 -0.47139673682598915 0.8819212643483596
    outer loop
      vertex 169.35000000000002 30.604469396133318 67.58650165908567
      vertex 172.55 30.31056183502065 67.42940479473081
      vertex 172.55 30.604469396133318 67.58650165908567
    endloop
  endfacet
  facet normal 0 -0.6343932841636442 0.773010453362738
    outer loop
      vertex 169.35000000000002 30.86208152801713 67.79791847198287
      vertex 172.55 30.604469396133318 67.58650165908567
      vertex 172.55 30.86208152801713 67.79791847198287
    endloop
  endfacet
  facet normal 0 -0.8819212643483644 0.47139673682598027
    outer loop
      vertex 169.35000000000002 31.230595205269182 68.34943816497935
      vertex 172.55 31.073498340914327 68.05553060386667
      vertex 172.55 31.230595205269182 68.34943816497935
    endloop
  endfacet
  facet normal 0 -0.9951847266721952 0.09801714032957808
    outer loop
      vertex 169.35000000000002 31.36 69
      vertex 172.55 31.327334976685485 68.66834645257258
      vertex 172.55 31.36 69
    endloop
  endfacet
  facet normal 0 -0.9569403357322094 0.2902846772544608
    outer loop
      vertex 169.35000000000002 31.327334976685485 68.66834645257258
      vertex 172.55 31.230595205269182 68.34943816497935
      vertex 172.55 31.327334976685485 68.66834645257258
    endloop
  endfacet
  facet normal 2.0212637075767599e-19 -0.2902846772544353 0.956940335732217
    outer loop
      vertex 169.35000000000002 30.31056183502065 67.42940479473081
      vertex 169.35000000000002 29.99165354742741 67.33266502331452
      vertex 172.55 29.99165354742741 67.33266502331452
    endloop
  endfacet
  facet normal 5.702640821447391e-19 -0.09801714032960125 0.9951847266721928
    outer loop
      vertex 169.35000000000002 29.99165354742741 67.33266502331452
      vertex 169.35000000000002 29.659999999999997 67.3
      vertex 172.55 29.659999999999997 67.3
    endloop
  endfacet
  facet normal -5.702640821447391e-19 0.09801714032960125 0.9951847266721928
    outer loop
      vertex 169.35000000000002 29.659999999999997 67.3
      vertex 169.35000000000002 29.328346452572582 67.33266502331452
      vertex 172.55 29.328346452572582 67.33266502331452
    endloop
  endfacet
  facet normal -2.0212637075767599e-19 0.2902846772544353 0.956940335732217
    outer loop
      vertex 169.35000000000002 29.328346452572582 67.33266502331452
      vertex 169.35000000000002 29.009438164979343 67.42940479473081
      vertex 172.55 29.009438164979343 67.42940479473081
    endloop
  endfacet
  facet normal -1.2451491487812276e-18 0.47139673682598915 0.8819212643483596
    outer loop
      vertex 169.35000000000002 29.009438164979343 67.42940479473081
      vertex 169.35000000000002 28.715530603866675 67.58650165908567
      vertex 172.55 28.715530603866675 67.58650165908567
    endloop
  endfacet
  facet normal 0 -0.2902846772544353 0.956940335732217
    outer loop
      vertex 169.35000000000002 30.31056183502065 67.42940479473081
      vertex 172.55 29.99165354742741 67.33266502331452
      vertex 172.55 30.31056183502065 67.42940479473081
    endloop
  endfacet
  facet normal 0 -0.09801714032960125 0.9951847266721928
    outer loop
      vertex 169.35000000000002 29.99165354742741 67.33266502331452
      vertex 172.55 29.659999999999997 67.3
      vertex 172.55 29.99165354742741 67.33266502331452
    endloop
  endfacet
  facet normal 0 0.09801714032960125 0.9951847266721928
    outer loop
      vertex 169.35000000000002 29.659999999999997 67.3
      vertex 172.55 29.328346452572582 67.33266502331452
      vertex 172.55 29.659999999999997 67.3
    endloop
  endfacet
  facet normal 0 0.2902846772544353 0.956940335732217
    outer loop
      vertex 169.35000000000002 29.328346452572582 67.33266502331452
      vertex 172.55 29.009438164979343 67.42940479473081
      vertex 172.55 29.328346452572582 67.33266502331452
    endloop
  endfacet
  facet normal 0 0.47139673682598915 0.8819212643483596
    outer loop
      vertex 169.35000000000002 29.009438164979343 67.42940479473081
      vertex 172.55 28.715530603866675 67.58650165908567
      vertex 172.55 29.009438164979343 67.42940479473081
    endloop
  endfacet
  facet normal 0 -0.9951847266721952 -0.09801714032957808
    outer loop
      vertex 169.35000000000002 31.36 69
      vertex 172.55 31.36 69
      vertex 169.35000000000002 31.327334976685485 69.33165354742742
    endloop
  endfacet
  facet normal 0 -0.9569403357322094 -0.2902846772544608
    outer loop
      vertex 169.35000000000002 31.327334976685485 69.33165354742742
      vertex 172.55 31.327334976685485 69.33165354742742
      vertex 169.35000000000002 31.230595205269182 69.65056183502065
    endloop
  endfacet
  facet normal 0 -0.8819212643483644 -0.47139673682598027
    outer loop
      vertex 169.35000000000002 31.230595205269182 69.65056183502065
      vertex 172.55 31.230595205269182 69.65056183502065
      vertex 169.35000000000002 31.073498340914327 69.94446939613333
    endloop
  endfacet
  facet normal 0 -0.7730104533627293 -0.6343932841636546
    outer loop
      vertex 169.35000000000002 31.073498340914327 69.94446939613333
      vertex 172.55 31.073498340914327 69.94446939613333
      vertex 169.35000000000002 30.86208152801713 70.20208152801713
    endloop
  endfacet
  facet normal 0 -0.6343932841636442 -0.773010453362738
    outer loop
      vertex 169.35000000000002 30.86208152801713 70.20208152801713
      vertex 172.55 30.86208152801713 70.20208152801713
      vertex 169.35000000000002 30.604469396133318 70.41349834091433
    endloop
  endfacet
  facet normal 0 -0.47139673682598915 -0.8819212643483596
    outer loop
      vertex 169.35000000000002 30.604469396133318 70.41349834091433
      vertex 172.55 30.604469396133318 70.41349834091433
      vertex 169.35000000000002 30.31056183502065 70.57059520526919
    endloop
  endfacet
  facet normal 4.984492882174551e-19 -0.9951847266721952 -0.09801714032957808
    outer loop
      vertex 172.55 31.36 69
      vertex 172.55 31.327334976685485 69.33165354742742
      vertex 169.35000000000002 31.327334976685485 69.33165354742742
    endloop
  endfacet
  facet normal 0 -0.9569403357322094 -0.2902846772544608
    outer loop
      vertex 169.35000000000002 31.230595205269182 69.65056183502065
      vertex 172.55 31.327334976685485 69.33165354742742
      vertex 172.55 31.230595205269182 69.65056183502065
    endloop
  endfacet
  facet normal 0 -0.8819212643483644 -0.47139673682598027
    outer loop
      vertex 169.35000000000002 31.073498340914327 69.94446939613333
      vertex 172.55 31.230595205269182 69.65056183502065
      vertex 172.55 31.073498340914327 69.94446939613333
    endloop
  endfacet
  facet normal 0 -0.7730104533627293 -0.6343932841636546
    outer loop
      vertex 169.35000000000002 30.86208152801713 70.20208152801713
      vertex 172.55 31.073498340914327 69.94446939613333
      vertex 172.55 30.86208152801713 70.20208152801713
    endloop
  endfacet
  facet normal 0 -0.6343932841636442 -0.773010453362738
    outer loop
      vertex 169.35000000000002 30.604469396133318 70.41349834091433
      vertex 172.55 30.86208152801713 70.20208152801713
      vertex 172.55 30.604469396133318 70.41349834091433
    endloop
  endfacet
  facet normal 0 -0.47139673682598915 -0.8819212643483596
    outer loop
      vertex 169.35000000000002 30.31056183502065 70.57059520526919
      vertex 172.55 30.604469396133318 70.41349834091433
      vertex 172.55 30.31056183502065 70.57059520526919
    endloop
  endfacet
  facet normal 0 -0.2902846772544743 -0.956940335732205
    outer loop
      vertex 169.35000000000002 30.31056183502065 70.57059520526919
      vertex 172.55 30.31056183502065 70.57059520526919
      vertex 169.35000000000002 29.99165354742741 70.6673349766855
    endloop
  endfacet
  facet normal 0 -0.09801714032955904 -0.9951847266721972
    outer loop
      vertex 169.35000000000002 29.99165354742741 70.6673349766855
      vertex 172.55 29.99165354742741 70.6673349766855
      vertex 169.35000000000002 29.659999999999997 70.7
    endloop
  endfacet
  facet normal 0 0.09801714032955904 -0.9951847266721972
    outer loop
      vertex 169.35000000000002 29.659999999999997 70.7
      vertex 172.55 29.659999999999997 70.7
      vertex 169.35000000000002 29.328346452572582 70.6673349766855
    endloop
  endfacet
  facet normal 0 0.47139673682598915 -0.8819212643483596
    outer loop
      vertex 169.35000000000002 29.009438164979343 70.57059520526919
      vertex 172.55 29.009438164979343 70.57059520526919
      vertex 169.35000000000002 28.715530603866675 70.41349834091433
    endloop
  endfacet
  facet normal 1.0100800559172602e-18 0.2902846772544743 -0.956940335732205
    outer loop
      vertex 169.35000000000002 29.009438164979343 70.57059520526919
      vertex 169.35000000000002 29.328346452572582 70.6673349766855
      vertex 172.55 29.328346452572582 70.6673349766855
    endloop
  endfacet
  facet normal 0 -0.2902846772544743 -0.956940335732205
    outer loop
      vertex 169.35000000000002 29.99165354742741 70.6673349766855
      vertex 172.55 30.31056183502065 70.57059520526919
      vertex 172.55 29.99165354742741 70.6673349766855
    endloop
  endfacet
  facet normal 0 -0.09801714032955904 -0.9951847266721972
    outer loop
      vertex 169.35000000000002 29.659999999999997 70.7
      vertex 172.55 29.99165354742741 70.6673349766855
      vertex 172.55 29.659999999999997 70.7
    endloop
  endfacet
  facet normal 1.2451491487812276e-18 0.47139673682598915 -0.8819212643483596
    outer loop
      vertex 172.55 29.009438164979343 70.57059520526919
      vertex 172.55 28.715530603866675 70.41349834091433
      vertex 169.35000000000002 28.715530603866675 70.41349834091433
    endloop
  endfacet
  facet normal 0 0.09801714032955904 -0.9951847266721972
    outer loop
      vertex 169.35000000000002 29.328346452572582 70.6673349766855
      vertex 172.55 29.659999999999997 70.7
      vertex 172.55 29.328346452572582 70.6673349766855
    endloop
  endfacet
  facet normal 0 0.2902846772544743 -0.956940335732205
    outer loop
      vertex 169.35000000000002 29.009438164979343 70.57059520526919
      vertex 172.55 29.328346452572582 70.6673349766855
      vertex 172.55 29.009438164979343 70.57059520526919
    endloop
  endfacet
  facet normal 4.1895883553915933e-19 0.6343932841636442 0.773010453362738
    outer loop
      vertex 169.35000000000002 28.715530603866675 67.58650165908567
      vertex 169.35000000000002 28.457918471982865 67.79791847198287
      vertex 172.55 28.457918471982865 67.79791847198287
    endloop
  endfacet
  facet normal -2.8941349173675333e-18 0.7730104533627293 0.6343932841636546
    outer loop
      vertex 169.35000000000002 28.457918471982865 67.79791847198287
      vertex 169.35000000000002 28.246501659085666 68.05553060386667
      vertex 172.55 28.246501659085666 68.05553060386667
    endloop
  endfacet
  facet normal -3.809913656052713e-19 0.8819212643483644 0.47139673682598027
    outer loop
      vertex 169.35000000000002 28.246501659085666 68.05553060386667
      vertex 169.35000000000002 28.08940479473081 68.34943816497935
      vertex 172.55 28.08940479473081 68.34943816497935
    endloop
  endfacet
  facet normal -2.057737879720775e-19 0.9569403357322094 0.2902846772544608
    outer loop
      vertex 169.35000000000002 28.08940479473081 68.34943816497935
      vertex 169.35000000000002 27.99266502331451 68.66834645257258
      vertex 172.55 27.99266502331451 68.66834645257258
    endloop
  endfacet
  facet normal 4.984492882174551e-19 0.9951847266721952 0.09801714032957808
    outer loop
      vertex 169.35000000000002 27.99266502331451 68.66834645257258
      vertex 169.35000000000002 27.959999999999994 69
      vertex 172.55 27.959999999999994 69
    endloop
  endfacet
  facet normal 0 0.6343932841636442 0.773010453362738
    outer loop
      vertex 169.35000000000002 28.715530603866675 67.58650165908567
      vertex 172.55 28.457918471982865 67.79791847198287
      vertex 172.55 28.715530603866675 67.58650165908567
    endloop
  endfacet
  facet normal 0 0.7730104533627293 0.6343932841636546
    outer loop
      vertex 169.35000000000002 28.457918471982865 67.79791847198287
      vertex 172.55 28.246501659085666 68.05553060386667
      vertex 172.55 28.457918471982865 67.79791847198287
    endloop
  endfacet
  facet normal 0 0.8819212643483644 0.47139673682598027
    outer loop
      vertex 169.35000000000002 28.246501659085666 68.05553060386667
      vertex 172.55 28.08940479473081 68.34943816497935
      vertex 172.55 28.246501659085666 68.05553060386667
    endloop
  endfacet
  facet normal 0 0.9569403357322094 0.2902846772544608
    outer loop
      vertex 169.35000000000002 28.08940479473081 68.34943816497935
      vertex 172.55 27.99266502331451 68.66834645257258
      vertex 172.55 28.08940479473081 68.34943816497935
    endloop
  endfacet
  facet normal 0 0.9951847266721952 0.09801714032957808
    outer loop
      vertex 169.35000000000002 27.99266502331451 68.66834645257258
      vertex 172.55 27.959999999999994 69
      vertex 172.55 27.99266502331451 68.66834645257258
    endloop
  endfacet
  facet normal 3.809913656052713e-19 0.8819212643483644 -0.47139673682598027
    outer loop
      vertex 169.35000000000002 28.08940479473081 69.65056183502065
      vertex 169.35000000000002 28.246501659085666 69.94446939613333
      vertex 172.55 28.246501659085666 69.94446939613333
    endloop
  endfacet
  facet normal -4.984492882174551e-19 0.9951847266721952 -0.09801714032957808
    outer loop
      vertex 169.35000000000002 27.959999999999994 69
      vertex 169.35000000000002 27.99266502331451 69.33165354742742
      vertex 172.55 27.99266502331451 69.33165354742742
    endloop
  endfacet
  facet normal 0 0.9569403357322094 -0.2902846772544608
    outer loop
      vertex 169.35000000000002 28.08940479473081 69.65056183502065
      vertex 172.55 28.08940479473081 69.65056183502065
      vertex 169.35000000000002 27.99266502331451 69.33165354742742
    endloop
  endfacet
  facet normal -4.1895883553915933e-19 0.6343932841636442 -0.773010453362738
    outer loop
      vertex 169.35000000000002 28.457918471982865 70.20208152801713
      vertex 169.35000000000002 28.715530603866675 70.41349834091433
      vertex 172.55 28.715530603866675 70.41349834091433
    endloop
  endfacet
  facet normal 2.8941349173675333e-18 0.7730104533627293 -0.6343932841636546
    outer loop
      vertex 169.35000000000002 28.246501659085666 69.94446939613333
      vertex 169.35000000000002 28.457918471982865 70.20208152801713
      vertex 172.55 28.457918471982865 70.20208152801713
    endloop
  endfacet
  facet normal 0 0.8819212643483644 -0.47139673682598027
    outer loop
      vertex 169.35000000000002 28.08940479473081 69.65056183502065
      vertex 172.55 28.246501659085666 69.94446939613333
      vertex 172.55 28.08940479473081 69.65056183502065
    endloop
  endfacet
  facet normal 0 0.7730104533627293 -0.6343932841636546
    outer loop
      vertex 169.35000000000002 28.246501659085666 69.94446939613333
      vertex 172.55 28.457918471982865 70.20208152801713
      vertex 172.55 28.246501659085666 69.94446939613333
    endloop
  endfacet
  facet normal 0 0.9951847266721952 -0.09801714032957808
    outer loop
      vertex 169.35000000000002 27.959999999999994 69
      vertex 172.55 27.99266502331451 69.33165354742742
      vertex 172.55 27.959999999999994 69
    endloop
  endfacet
  facet normal 0 0.9569403357322094 -0.2902846772544608
    outer loop
      vertex 169.35000000000002 27.99266502331451 69.33165354742742
      vertex 172.55 28.08940479473081 69.65056183502065
      vertex 172.55 27.99266502331451 69.33165354742742
    endloop
  endfacet
  facet normal 0 0.6343932841636442 -0.773010453362738
    outer loop
      vertex 169.35000000000002 28.457918471982865 70.20208152801713
      vertex 172.55 28.715530603866675 70.41349834091433
      vertex 172.55 28.457918471982865 70.20208152801713
    endloop
  endfacet
  facet normal -3.189215879952711e-17 -0.8660254037844376 0.500000000000002
    outer loop
      vertex 166.55 32.95089653438087 69
      vertex 166.55 31.305448267190428 66.15
      vertex 169.35000000000002 31.305448267190428 66.15
    endloop
  endfacet
  facet normal 0 -0.8660254037844376 0.500000000000002
    outer loop
      vertex 166.55 32.95089653438087 69
      vertex 169.35000000000002 31.305448267190428 66.15
      vertex 169.35000000000002 32.95089653438087 69
    endloop
  endfacet
  facet normal -1 0 0
    outer loop
      vertex 169.35000000000002 32.95089653438087 69
      vertex 169.35000000000002 31.305448267190428 66.15
      vertex 169.35000000000002 31.230595205269182 68.34943816497935
    endloop
  endfacet
  facet normal -1 0 0
    outer loop
      vertex 169.35000000000002 32.95089653438087 69
      vertex 169.35000000000002 31.230595205269182 68.34943816497935
      vertex 169.35000000000002 31.327334976685485 68.66834645257258
    endloop
  endfacet
  facet normal -1 0 0
    outer loop
      vertex 169.35000000000002 32.95089653438087 69
      vertex 169.35000000000002 31.327334976685485 68.66834645257258
      vertex 169.35000000000002 31.36 69
    endloop
  endfacet
  facet normal -1 0 0
    outer loop
      vertex 169.35000000000002 31.305448267190428 66.15
      vertex 169.35000000000002 29.99165354742741 67.33266502331452
      vertex 169.35000000000002 30.31056183502065 67.42940479473081
    endloop
  endfacet
  facet normal -1 0 0
    outer loop
      vertex 169.35000000000002 31.305448267190428 66.15
      vertex 169.35000000000002 29.659999999999997 67.3
      vertex 169.35000000000002 29.99165354742741 67.33266502331452
    endloop
  endfacet
  facet normal 0 0 1
    outer loop
      vertex 166.55 31.305448267190428 66.15
      vertex 169.35000000000002 28.014551732809565 66.15
      vertex 169.35000000000002 31.305448267190428 66.15
    endloop
  endfacet
  facet normal 0 0 1
    outer loop
      vertex 166.55 31.305448267190428 66.15
      vertex 166.55 28.014551732809565 66.15
      vertex 169.35000000000002 28.014551732809565 66.15
    endloop
  endfacet
  facet normal -1 0 0
    outer loop
      vertex 169.35000000000002 31.305448267190428 66.15
      vertex 169.35000000000002 29.328346452572582 67.33266502331452
      vertex 169.35000000000002 29.659999999999997 67.3
    endloop
  endfacet
  facet normal -1 0 0
    outer loop
      vertex 169.35000000000002 31.305448267190428 66.15
      vertex 169.35000000000002 28.014551732809565 66.15
      vertex 169.35000000000002 29.328346452572582 67.33266502331452
    endloop
  endfacet
  facet normal -1 0 0
    outer loop
      vertex 169.35000000000002 31.305448267190428 66.15
      vertex 169.35000000000002 31.073498340914327 68.05553060386667
      vertex 169.35000000000002 31.230595205269182 68.34943816497935
    endloop
  endfacet
  facet normal -1 0 0
    outer loop
      vertex 169.35000000000002 31.305448267190428 66.15
      vertex 169.35000000000002 30.86208152801713 67.79791847198287
      vertex 169.35000000000002 31.073498340914327 68.05553060386667
    endloop
  endfacet
  facet normal -1 0 0
    outer loop
      vertex 169.35000000000002 31.305448267190428 66.15
      vertex 169.35000000000002 30.604469396133318 67.58650165908567
      vertex 169.35000000000002 30.86208152801713 67.79791847198287
    endloop
  endfacet
  facet normal -1 0 0
    outer loop
      vertex 169.35000000000002 31.305448267190428 66.15
      vertex 169.35000000000002 30.31056183502065 67.42940479473081
      vertex 169.35000000000002 30.604469396133318 67.58650165908567
    endloop
  endfacet
  facet normal 0 -0.8660254037844376 -0.500000000000002
    outer loop
      vertex 166.55 32.95089653438087 69
      vertex 169.35000000000002 32.95089653438087 69
      vertex 166.55 31.305448267190428 71.85
    endloop
  endfacet
  facet normal 0 -0.8660254037844376 -0.500000000000002
    outer loop
      vertex 166.55 31.305448267190428 71.85
      vertex 169.35000000000002 32.95089653438087 69
      vertex 169.35000000000002 31.305448267190428 71.85
    endloop
  endfacet
  facet normal -1 0 0
    outer loop
      vertex 169.35000000000002 32.95089653438087 69
      vertex 169.35000000000002 31.36 69
      vertex 169.35000000000002 31.327334976685485 69.33165354742742
    endloop
  endfacet
  facet normal -1 0 0
    outer loop
      vertex 169.35000000000002 32.95089653438087 69
      vertex 169.35000000000002 31.327334976685485 69.33165354742742
      vertex 169.35000000000002 31.230595205269182 69.65056183502065
    endloop
  endfacet
  facet normal -1 0 0
    outer loop
      vertex 169.35000000000002 32.95089653438087 69
      vertex 169.35000000000002 31.230595205269182 69.65056183502065
      vertex 169.35000000000002 31.073498340914327 69.94446939613333
    endloop
  endfacet
  facet normal -1 0 0
    outer loop
      vertex 169.35000000000002 32.95089653438087 69
      vertex 169.35000000000002 31.073498340914327 69.94446939613333
      vertex 169.35000000000002 30.86208152801713 70.20208152801713
    endloop
  endfacet
  facet normal -1 0 0
    outer loop
      vertex 169.35000000000002 32.95089653438087 69
      vertex 169.35000000000002 30.86208152801713 70.20208152801713
      vertex 169.35000000000002 30.604469396133318 70.41349834091433
    endloop
  endfacet
  facet normal -1 0 0
    outer loop
      vertex 169.35000000000002 32.95089653438087 69
      vertex 169.35000000000002 30.604469396133318 70.41349834091433
      vertex 169.35000000000002 31.305448267190428 71.85
    endloop
  endfacet
  facet normal -1 0 0
    outer loop
      vertex 169.35000000000002 30.604469396133318 70.41349834091433
      vertex 169.35000000000002 30.31056183502065 70.57059520526919
      vertex 169.35000000000002 31.305448267190428 71.85
    endloop
  endfacet
  facet normal -1 0 0
    outer loop
      vertex 169.35000000000002 30.31056183502065 70.57059520526919
      vertex 169.35000000000002 29.99165354742741 70.6673349766855
      vertex 169.35000000000002 31.305448267190428 71.85
    endloop
  endfacet
  facet normal -1 0 0
    outer loop
      vertex 169.35000000000002 29.99165354742741 70.6673349766855
      vertex 169.35000000000002 29.659999999999997 70.7
      vertex 169.35000000000002 28.014551732809565 71.85
    endloop
  endfacet
  facet normal -1 0 0
    outer loop
      vertex 169.35000000000002 29.659999999999997 70.7
      vertex 169.35000000000002 29.328346452572582 70.6673349766855
      vertex 169.35000000000002 28.014551732809565 71.85
    endloop
  endfacet
  facet normal 0 0 -1
    outer loop
      vertex 166.55 31.305448267190428 71.85
      vertex 169.35000000000002 31.305448267190428 71.85
      vertex 166.55 28.014551732809565 71.85
    endloop
  endfacet
  facet normal 0 0 -1
    outer loop
      vertex 169.35000000000002 31.305448267190428 71.85
      vertex 169.35000000000002 28.014551732809565 71.85
      vertex 166.55 28.014551732809565 71.85
    endloop
  endfacet
  facet normal -1 0 0
    outer loop
      vertex 169.35000000000002 29.99165354742741 70.6673349766855
      vertex 169.35000000000002 28.014551732809565 71.85
      vertex 169.35000000000002 31.305448267190428 71.85
    endloop
  endfacet
  facet normal -1 0 0
    outer loop
      vertex 169.35000000000002 29.328346452572582 67.33266502331452
      vertex 169.35000000000002 28.014551732809565 66.15
      vertex 169.35000000000002 29.009438164979343 67.42940479473081
    endloop
  endfacet
  facet normal 0 0.8660254037844376 0.500000000000002
    outer loop
      vertex 166.55 28.014551732809565 66.15
      vertex 169.35000000000002 26.369103465619126 69
      vertex 169.35000000000002 28.014551732809565 66.15
    endloop
  endfacet
  facet normal -1 0 0
    outer loop
      vertex 169.35000000000002 29.009438164979343 67.42940479473081
      vertex 169.35000000000002 28.014551732809565 66.15
      vertex 169.35000000000002 28.715530603866675 67.58650165908567
    endloop
  endfacet
  facet normal -1 0 0
    outer loop
      vertex 169.35000000000002 28.014551732809565 66.15
      vertex 169.35000000000002 26.369103465619126 69
      vertex 169.35000000000002 28.715530603866675 67.58650165908567
    endloop
  endfacet
  facet normal -1 0 0
    outer loop
      vertex 169.35000000000002 28.715530603866675 67.58650165908567
      vertex 169.35000000000002 26.369103465619126 69
      vertex 169.35000000000002 28.457918471982865 67.79791847198287
    endloop
  endfacet
  facet normal -1 0 0
    outer loop
      vertex 169.35000000000002 28.457918471982865 67.79791847198287
      vertex 169.35000000000002 26.369103465619126 69
      vertex 169.35000000000002 28.246501659085666 68.05553060386667
    endloop
  endfacet
  facet normal -1 0 0
    outer loop
      vertex 169.35000000000002 28.246501659085666 68.05553060386667
      vertex 169.35000000000002 26.369103465619126 69
      vertex 169.35000000000002 28.08940479473081 68.34943816497935
    endloop
  endfacet
  facet normal -1 0 0
    outer loop
      vertex 169.35000000000002 28.08940479473081 68.34943816497935
      vertex 169.35000000000002 26.369103465619126 69
      vertex 169.35000000000002 27.99266502331451 68.66834645257258
    endloop
  endfacet
  facet normal -1 0 0
    outer loop
      vertex 169.35000000000002 27.99266502331451 68.66834645257258
      vertex 169.35000000000002 26.369103465619126 69
      vertex 169.35000000000002 27.959999999999994 69
    endloop
  endfacet
  facet normal 3.189215879952711e-17 0.8660254037844376 0.500000000000002
    outer loop
      vertex 166.55 28.014551732809565 66.15
      vertex 166.55 26.369103465619126 69
      vertex 169.35000000000002 26.369103465619126 69
    endloop
  endfacet
  facet normal -3.189215879952711e-17 0.8660254037844376 -0.500000000000002
    outer loop
      vertex 166.55 26.369103465619126 69
      vertex 166.55 28.014551732809565 71.85
      vertex 169.35000000000002 28.014551732809565 71.85
    endloop
  endfacet
  facet normal -1 0 0
    outer loop
      vertex 169.35000000000002 27.959999999999994 69
      vertex 169.35000000000002 26.369103465619126 69
      vertex 169.35000000000002 27.99266502331451 69.33165354742742
    endloop
  endfacet
  facet normal -1 0 0
    outer loop
      vertex 169.35000000000002 26.369103465619126 69
      vertex 169.35000000000002 28.08940479473081 69.65056183502065
      vertex 169.35000000000002 27.99266502331451 69.33165354742742
    endloop
  endfacet
  facet normal -1 0 0
    outer loop
      vertex 169.35000000000002 28.08940479473081 69.65056183502065
      vertex 169.35000000000002 28.014551732809565 71.85
      vertex 169.35000000000002 28.246501659085666 69.94446939613333
    endloop
  endfacet
  facet normal -1 0 0
    outer loop
      vertex 169.35000000000002 29.009438164979343 70.57059520526919
      vertex 169.35000000000002 28.014551732809565 71.85
      vertex 169.35000000000002 29.328346452572582 70.6673349766855
    endloop
  endfacet
  facet normal -1 0 0
    outer loop
      vertex 169.35000000000002 29.009438164979343 70.57059520526919
      vertex 169.35000000000002 28.715530603866675 70.41349834091433
      vertex 169.35000000000002 28.014551732809565 71.85
    endloop
  endfacet
  facet normal -1 0 0
    outer loop
      vertex 169.35000000000002 28.457918471982865 70.20208152801713
      vertex 169.35000000000002 28.014551732809565 71.85
      vertex 169.35000000000002 28.715530603866675 70.41349834091433
    endloop
  endfacet
  facet normal -1 0 0
    outer loop
      vertex 169.35000000000002 28.246501659085666 69.94446939613333
      vertex 169.35000000000002 28.014551732809565 71.85
      vertex 169.35000000000002 28.457918471982865 70.20208152801713
    endloop
  endfacet
  facet normal -1 0 0
    outer loop
      vertex 169.35000000000002 26.369103465619126 69
      vertex 169.35000000000002 28.014551732809565 71.85
      vertex 169.35000000000002 28.08940479473081 69.65056183502065
    endloop
  endfacet
  facet normal 0 0.8660254037844376 -0.500000000000002
    outer loop
      vertex 166.55 26.369103465619126 69
      vertex 169.35000000000002 28.014551732809565 71.85
      vertex 169.35000000000002 26.369103465619126 69
    endloop
  endfacet
  facet normal 3.809913656052713e-19 -0.47139673682598027 0.8819212643483644
    outer loop
      vertex 169.35000000000002 75.05446939613333 118.58650165908567
      vertex 169.35000000000002 74.76056183502065 118.42940479473081
      vertex 172.55 74.76056183502065 118.42940479473081
    endloop
  endfacet
  facet normal 2.8941349173675333e-18 -0.6343932841636546 0.7730104533627293
    outer loop
      vertex 169.35000000000002 75.31208152801713 118.79791847198287
      vertex 169.35000000000002 75.05446939613333 118.58650165908567
      vertex 172.55 75.05446939613333 118.58650165908567
    endloop
  endfacet
  facet normal 3.809913656052713e-19 -0.8819212643483644 0.47139673682598027
    outer loop
      vertex 169.35000000000002 75.68059520526919 119.34943816497935
      vertex 169.35000000000002 75.52349834091433 119.05553060386667
      vertex 172.55 75.52349834091433 119.05553060386667
    endloop
  endfacet
  facet normal 0 -0.9569403357322034 0.29028467725448026
    outer loop
      vertex 169.35000000000002 75.68059520526919 119.34943816497935
      vertex 172.55 75.68059520526919 119.34943816497935
      vertex 169.35000000000002 75.7773349766855 119.66834645257258
    endloop
  endfacet
  facet normal 0 -0.9951847266721973 0.09801714032955695
    outer loop
      vertex 169.35000000000002 75.7773349766855 119.66834645257258
      vertex 172.55 75.7773349766855 119.66834645257258
      vertex 169.35000000000002 75.81 120
    endloop
  endfacet
  facet normal 0 -0.7730104533627293 0.6343932841636546
    outer loop
      vertex 169.35000000000002 75.31208152801713 118.79791847198287
      vertex 172.55 75.31208152801713 118.79791847198287
      vertex 169.35000000000002 75.52349834091433 119.05553060386667
    endloop
  endfacet
  facet normal 0 -0.6343932841636546 0.7730104533627293
    outer loop
      vertex 169.35000000000002 75.31208152801713 118.79791847198287
      vertex 172.55 75.05446939613333 118.58650165908567
      vertex 172.55 75.31208152801713 118.79791847198287
    endloop
  endfacet
  facet normal 0 -0.47139673682598027 0.8819212643483644
    outer loop
      vertex 169.35000000000002 75.05446939613333 118.58650165908567
      vertex 172.55 74.76056183502065 118.42940479473081
      vertex 172.55 75.05446939613333 118.58650165908567
    endloop
  endfacet
  facet normal 0 -0.8819212643483644 0.47139673682598027
    outer loop
      vertex 169.35000000000002 75.68059520526919 119.34943816497935
      vertex 172.55 75.52349834091433 119.05553060386667
      vertex 172.55 75.68059520526919 119.34943816497935
    endloop
  endfacet
  facet normal 0 -0.9569403357322034 0.29028467725448026
    outer loop
      vertex 169.35000000000002 75.7773349766855 119.66834645257258
      vertex 172.55 75.68059520526919 119.34943816497935
      vertex 172.55 75.7773349766855 119.66834645257258
    endloop
  endfacet
  facet normal 0 -0.7730104533627293 0.6343932841636546
    outer loop
      vertex 169.35000000000002 75.52349834091433 119.05553060386667
      vertex 172.55 75.31208152801713 118.79791847198287
      vertex 172.55 75.52349834091433 119.05553060386667
    endloop
  endfacet
  facet normal 0 -0.9951847266721973 -0.09801714032955695
    outer loop
      vertex 169.35000000000002 75.81 120
      vertex 172.55 75.81 120
      vertex 169.35000000000002 75.7773349766855 120.33165354742742
    endloop
  endfacet
  facet normal 0 -0.9569403357322034 -0.29028467725448026
    outer loop
      vertex 169.35000000000002 75.7773349766855 120.33165354742742
      vertex 172.55 75.7773349766855 120.33165354742742
      vertex 169.35000000000002 75.68059520526919 120.65056183502065
    endloop
  endfacet
  facet normal 0 -0.8819212643483644 -0.47139673682598027
    outer loop
      vertex 169.35000000000002 75.68059520526919 120.65056183502065
      vertex 172.55 75.68059520526919 120.65056183502065
      vertex 169.35000000000002 75.52349834091433 120.94446939613333
    endloop
  endfacet
  facet normal 0 -0.7730104533627293 -0.6343932841636546
    outer loop
      vertex 169.35000000000002 75.52349834091433 120.94446939613333
      vertex 172.55 75.52349834091433 120.94446939613333
      vertex 169.35000000000002 75.31208152801713 121.20208152801713
    endloop
  endfacet
  facet normal 0 -0.6343932841636546 -0.7730104533627293
    outer loop
      vertex 169.35000000000002 75.31208152801713 121.20208152801713
      vertex 172.55 75.31208152801713 121.20208152801713
      vertex 169.35000000000002 75.05446939613333 121.41349834091433
    endloop
  endfacet
  facet normal 0 -0.47139673682598027 -0.8819212643483644
    outer loop
      vertex 169.35000000000002 75.05446939613333 121.41349834091433
      vertex 172.55 75.05446939613333 121.41349834091433
      vertex 169.35000000000002 74.76056183502065 121.57059520526919
    endloop
  endfacet
  facet normal 0 -0.9951847266721973 0.09801714032955695
    outer loop
      vertex 169.35000000000002 75.81 120
      vertex 172.55 75.7773349766855 119.66834645257258
      vertex 172.55 75.81 120
    endloop
  endfacet
  facet normal 0 -0.9951847266721973 -0.09801714032955695
    outer loop
      vertex 169.35000000000002 75.7773349766855 120.33165354742742
      vertex 172.55 75.81 120
      vertex 172.55 75.7773349766855 120.33165354742742
    endloop
  endfacet
  facet normal 0 -0.9569403357322034 -0.29028467725448026
    outer loop
      vertex 169.35000000000002 75.68059520526919 120.65056183502065
      vertex 172.55 75.7773349766855 120.33165354742742
      vertex 172.55 75.68059520526919 120.65056183502065
    endloop
  endfacet
  facet normal 0 -0.8819212643483644 -0.47139673682598027
    outer loop
      vertex 169.35000000000002 75.52349834091433 120.94446939613333
      vertex 172.55 75.68059520526919 120.65056183502065
      vertex 172.55 75.52349834091433 120.94446939613333
    endloop
  endfacet
  facet normal 0 -0.7730104533627293 -0.6343932841636546
    outer loop
      vertex 169.35000000000002 75.31208152801713 121.20208152801713
      vertex 172.55 75.52349834091433 120.94446939613333
      vertex 172.55 75.31208152801713 121.20208152801713
    endloop
  endfacet
  facet normal 0 -0.6343932841636546 -0.7730104533627293
    outer loop
      vertex 169.35000000000002 75.05446939613333 121.41349834091433
      vertex 172.55 75.31208152801713 121.20208152801713
      vertex 172.55 75.05446939613333 121.41349834091433
    endloop
  endfacet
  facet normal -3.809913656052713e-19 -0.47139673682598027 -0.8819212643483644
    outer loop
      vertex 172.55 75.05446939613333 121.41349834091433
      vertex 172.55 74.76056183502065 121.57059520526919
      vertex 169.35000000000002 74.76056183502065 121.57059520526919
    endloop
  endfacet
  facet normal 3.914523862214406e-19 -0.09801714032955695 0.9951847266721973
    outer loop
      vertex 169.35000000000002 74.44165354742742 118.3326650233145
      vertex 169.35000000000002 74.11 118.3
      vertex 172.55 74.11 118.3
    endloop
  endfacet
  facet normal 6.097506305045356e-19 -0.29028467725448026 0.9569403357322034
    outer loop
      vertex 169.35000000000002 74.76056183502065 118.42940479473081
      vertex 169.35000000000002 74.44165354742742 118.3326650233145
      vertex 172.55 74.44165354742742 118.3326650233145
    endloop
  endfacet
  facet normal -3.914523862214406e-19 0.09801714032955695 0.9951847266721973
    outer loop
      vertex 169.35000000000002 74.11 118.3
      vertex 169.35000000000002 73.77834645257258 118.3326650233145
      vertex 172.55 73.77834645257258 118.3326650233145
    endloop
  endfacet
  facet normal -6.097506305045356e-19 0.29028467725448026 0.9569403357322034
    outer loop
      vertex 169.35000000000002 73.77834645257258 118.3326650233145
      vertex 169.35000000000002 73.45943816497935 118.42940479473081
      vertex 172.55 73.45943816497935 118.42940479473081
    endloop
  endfacet
  facet normal 0 -0.29028467725448026 0.9569403357322034
    outer loop
      vertex 169.35000000000002 74.76056183502065 118.42940479473081
      vertex 172.55 74.44165354742742 118.3326650233145
      vertex 172.55 74.76056183502065 118.42940479473081
    endloop
  endfacet
  facet normal 0 -0.09801714032955695 0.9951847266721973
    outer loop
      vertex 169.35000000000002 74.44165354742742 118.3326650233145
      vertex 172.55 74.11 118.3
      vertex 172.55 74.44165354742742 118.3326650233145
    endloop
  endfacet
  facet normal 0 0.09801714032955695 0.9951847266721973
    outer loop
      vertex 169.35000000000002 74.11 118.3
      vertex 172.55 73.77834645257258 118.3326650233145
      vertex 172.55 74.11 118.3
    endloop
  endfacet
  facet normal 0 0.29028467725448026 0.9569403357322034
    outer loop
      vertex 169.35000000000002 73.77834645257258 118.3326650233145
      vertex 172.55 73.45943816497935 118.42940479473081
      vertex 172.55 73.77834645257258 118.3326650233145
    endloop
  endfacet
  facet normal -3.809913656052713e-19 0.47139673682598027 0.8819212643483644
    outer loop
      vertex 169.35000000000002 73.45943816497935 118.42940479473081
      vertex 169.35000000000002 73.16553060386667 118.58650165908567
      vertex 172.55 73.16553060386667 118.58650165908567
    endloop
  endfacet
  facet normal -2.8941349173675333e-18 0.6343932841636546 0.7730104533627293
    outer loop
      vertex 169.35000000000002 73.16553060386667 118.58650165908567
      vertex 169.35000000000002 72.90791847198287 118.79791847198287
      vertex 172.55 72.90791847198287 118.79791847198287
    endloop
  endfacet
  facet normal -2.8941349173675333e-18 0.7730104533627293 0.6343932841636546
    outer loop
      vertex 169.35000000000002 72.90791847198287 118.79791847198287
      vertex 169.35000000000002 72.69650165908567 119.05553060386667
      vertex 172.55 72.69650165908567 119.05553060386667
    endloop
  endfacet
  facet normal -3.809913656052713e-19 0.8819212643483644 0.47139673682598027
    outer loop
      vertex 169.35000000000002 72.69650165908567 119.05553060386667
      vertex 169.35000000000002 72.53940479473081 119.34943816497935
      vertex 172.55 72.53940479473081 119.34943816497935
    endloop
  endfacet
  facet normal -6.097506305045356e-19 0.9569403357322034 0.29028467725448026
    outer loop
      vertex 169.35000000000002 72.53940479473081 119.34943816497935
      vertex 169.35000000000002 72.4426650233145 119.66834645257258
      vertex 172.55 72.4426650233145 119.66834645257258
    endloop
  endfacet
  facet normal 0 0.47139673682598027 0.8819212643483644
    outer loop
      vertex 169.35000000000002 73.45943816497935 118.42940479473081
      vertex 172.55 73.16553060386667 118.58650165908567
      vertex 172.55 73.45943816497935 118.42940479473081
    endloop
  endfacet
  facet normal 0 0.6343932841636546 0.7730104533627293
    outer loop
      vertex 169.35000000000002 73.16553060386667 118.58650165908567
      vertex 172.55 72.90791847198287 118.79791847198287
      vertex 172.55 73.16553060386667 118.58650165908567
    endloop
  endfacet
  facet normal 0 0.7730104533627293 0.6343932841636546
    outer loop
      vertex 169.35000000000002 72.90791847198287 118.79791847198287
      vertex 172.55 72.69650165908567 119.05553060386667
      vertex 172.55 72.90791847198287 118.79791847198287
    endloop
  endfacet
  facet normal 0 0.8819212643483644 0.47139673682598027
    outer loop
      vertex 169.35000000000002 72.69650165908567 119.05553060386667
      vertex 172.55 72.53940479473081 119.34943816497935
      vertex 172.55 72.69650165908567 119.05553060386667
    endloop
  endfacet
  facet normal 0 0.9569403357322034 0.29028467725448026
    outer loop
      vertex 169.35000000000002 72.53940479473081 119.34943816497935
      vertex 172.55 72.4426650233145 119.66834645257258
      vertex 172.55 72.53940479473081 119.34943816497935
    endloop
  endfacet
  facet normal 0 0.9951847266721973 0.09801714032955695
    outer loop
      vertex 169.35000000000002 72.4426650233145 119.66834645257258
      vertex 172.55 72.41 120
      vertex 172.55 72.4426650233145 119.66834645257258
    endloop
  endfacet
  facet normal 0 -0.29028467725448026 -0.9569403357322034
    outer loop
      vertex 169.35000000000002 74.76056183502065 121.57059520526919
      vertex 172.55 74.76056183502065 121.57059520526919
      vertex 169.35000000000002 74.44165354742742 121.6673349766855
    endloop
  endfacet
  facet normal 0 -0.09801714032955695 -0.9951847266721973
    outer loop
      vertex 169.35000000000002 74.44165354742742 121.6673349766855
      vertex 172.55 74.44165354742742 121.6673349766855
      vertex 169.35000000000002 74.11 121.7
    endloop
  endfacet
  facet normal 0 0.09801714032955695 -0.9951847266721973
    outer loop
      vertex 169.35000000000002 74.11 121.7
      vertex 172.55 74.11 121.7
      vertex 169.35000000000002 73.77834645257258 121.6673349766855
    endloop
  endfacet
  facet normal 0 0.29028467725448026 -0.9569403357322034
    outer loop
      vertex 169.35000000000002 73.77834645257258 121.6673349766855
      vertex 172.55 73.77834645257258 121.6673349766855
      vertex 169.35000000000002 73.45943816497935 121.57059520526919
    endloop
  endfacet
  facet normal 0 -0.29028467725448026 -0.9569403357322034
    outer loop
      vertex 169.35000000000002 74.44165354742742 121.6673349766855
      vertex 172.55 74.76056183502065 121.57059520526919
      vertex 172.55 74.44165354742742 121.6673349766855
    endloop
  endfacet
  facet normal 0 -0.09801714032955695 -0.9951847266721973
    outer loop
      vertex 169.35000000000002 74.11 121.7
      vertex 172.55 74.44165354742742 121.6673349766855
      vertex 172.55 74.11 121.7
    endloop
  endfacet
  facet normal 0 0.09801714032955695 -0.9951847266721973
    outer loop
      vertex 169.35000000000002 73.77834645257258 121.6673349766855
      vertex 172.55 74.11 121.7
      vertex 172.55 73.77834645257258 121.6673349766855
    endloop
  endfacet
  facet normal 0 0.29028467725448026 -0.9569403357322034
    outer loop
      vertex 169.35000000000002 73.45943816497935 121.57059520526919
      vertex 172.55 73.77834645257258 121.6673349766855
      vertex 172.55 73.45943816497935 121.57059520526919
    endloop
  endfacet
  facet normal -3.914523862214406e-19 0.9951847266721973 0.09801714032955695
    outer loop
      vertex 169.35000000000002 72.4426650233145 119.66834645257258
      vertex 169.35000000000002 72.41 120
      vertex 172.55 72.41 120
    endloop
  endfacet
  facet normal 3.914523862214406e-19 0.9951847266721973 -0.09801714032955695
    outer loop
      vertex 169.35000000000002 72.41 120
      vertex 169.35000000000002 72.4426650233145 120.33165354742742
      vertex 172.55 72.4426650233145 120.33165354742742
    endloop
  endfacet
  facet normal 6.097506305045356e-19 0.9569403357322034 -0.29028467725448026
    outer loop
      vertex 169.35000000000002 72.4426650233145 120.33165354742742
      vertex 169.35000000000002 72.53940479473081 120.65056183502065
      vertex 172.55 72.53940479473081 120.65056183502065
    endloop
  endfacet
  facet normal 3.809913656052713e-19 0.8819212643483644 -0.47139673682598027
    outer loop
      vertex 169.35000000000002 72.53940479473081 120.65056183502065
      vertex 169.35000000000002 72.69650165908567 120.94446939613333
      vertex 172.55 72.69650165908567 120.94446939613333
    endloop
  endfacet
  facet normal 2.8941349173675333e-18 0.6343932841636546 -0.7730104533627293
    outer loop
      vertex 169.35000000000002 72.90791847198287 121.20208152801713
      vertex 169.35000000000002 73.16553060386667 121.41349834091433
      vertex 172.55 73.16553060386667 121.41349834091433
    endloop
  endfacet
  facet normal 2.8941349173675333e-18 0.7730104533627293 -0.6343932841636546
    outer loop
      vertex 169.35000000000002 72.69650165908567 120.94446939613333
      vertex 169.35000000000002 72.90791847198287 121.20208152801713
      vertex 172.55 72.90791847198287 121.20208152801713
    endloop
  endfacet
  facet normal 0 0.47139673682598027 -0.8819212643483644
    outer loop
      vertex 169.35000000000002 73.45943816497935 121.57059520526919
      vertex 172.55 73.45943816497935 121.57059520526919
      vertex 169.35000000000002 73.16553060386667 121.41349834091433
    endloop
  endfacet
  facet normal 0 0.9951847266721973 -0.09801714032955695
    outer loop
      vertex 169.35000000000002 72.41 120
      vertex 172.55 72.4426650233145 120.33165354742742
      vertex 172.55 72.41 120
    endloop
  endfacet
  facet normal 0 0.9569403357322034 -0.29028467725448026
    outer loop
      vertex 169.35000000000002 72.4426650233145 120.33165354742742
      vertex 172.55 72.53940479473081 120.65056183502065
      vertex 172.55 72.4426650233145 120.33165354742742
    endloop
  endfacet
  facet normal 0 0.8819212643483644 -0.47139673682598027
    outer loop
      vertex 169.35000000000002 72.53940479473081 120.65056183502065
      vertex 172.55 72.69650165908567 120.94446939613333
      vertex 172.55 72.53940479473081 120.65056183502065
    endloop
  endfacet
  facet normal 0 0.7730104533627293 -0.6343932841636546
    outer loop
      vertex 169.35000000000002 72.69650165908567 120.94446939613333
      vertex 172.55 72.90791847198287 121.20208152801713
      vertex 172.55 72.69650165908567 120.94446939613333
    endloop
  endfacet
  facet normal 0 0.6343932841636546 -0.7730104533627293
    outer loop
      vertex 169.35000000000002 72.90791847198287 121.20208152801713
      vertex 172.55 73.16553060386667 121.41349834091433
      vertex 172.55 72.90791847198287 121.20208152801713
    endloop
  endfacet
  facet normal 0 0.47139673682598027 -0.8819212643483644
    outer loop
      vertex 169.35000000000002 73.16553060386667 121.41349834091433
      vertex 172.55 73.45943816497935 121.57059520526919
      vertex 172.55 73.16553060386667 121.41349834091433
    endloop
  endfacet
  facet normal 0 -0.8660254037844384 0.5000000000000003
    outer loop
      vertex 166.55 75.75544826719043 117.15
      vertex 169.35000000000002 75.75544826719043 117.15
      vertex 166.55 77.40089653438086 120
    endloop
  endfacet
  facet normal 0 -0.8660254037844384 0.5000000000000003
    outer loop
      vertex 166.55 77.40089653438086 120
      vertex 169.35000000000002 75.75544826719043 117.15
      vertex 169.35000000000002 77.40089653438086 120
    endloop
  endfacet
  facet normal -1 0 0
    outer loop
      vertex 169.35000000000002 75.75544826719043 117.15
      vertex 169.35000000000002 75.68059520526919 119.34943816497935
      vertex 169.35000000000002 77.40089653438086 120
    endloop
  endfacet
  facet normal -1 0 0
    outer loop
      vertex 169.35000000000002 75.68059520526919 119.34943816497935
      vertex 169.35000000000002 75.7773349766855 119.66834645257258
      vertex 169.35000000000002 77.40089653438086 120
    endloop
  endfacet
  facet normal -1 0 0
    outer loop
      vertex 169.35000000000002 75.75544826719043 117.15
      vertex 169.35000000000002 75.52349834091433 119.05553060386667
      vertex 169.35000000000002 75.68059520526919 119.34943816497935
    endloop
  endfacet
  facet normal -1 0 0
    outer loop
      vertex 169.35000000000002 75.75544826719043 117.15
      vertex 169.35000000000002 75.05446939613333 118.58650165908567
      vertex 169.35000000000002 75.31208152801713 118.79791847198287
    endloop
  endfacet
  facet normal -1 0 0
    outer loop
      vertex 169.35000000000002 75.75544826719043 117.15
      vertex 169.35000000000002 74.76056183502065 118.42940479473081
      vertex 169.35000000000002 75.05446939613333 118.58650165908567
    endloop
  endfacet
  facet normal -1 0 0
    outer loop
      vertex 169.35000000000002 75.75544826719043 117.15
      vertex 169.35000000000002 74.44165354742742 118.3326650233145
      vertex 169.35000000000002 74.76056183502065 118.42940479473081
    endloop
  endfacet
  facet normal -1 0 0
    outer loop
      vertex 169.35000000000002 75.75544826719043 117.15
      vertex 169.35000000000002 75.31208152801713 118.79791847198287
      vertex 169.35000000000002 75.52349834091433 119.05553060386667
    endloop
  endfacet
  facet normal 0 -0.8660254037844384 -0.5000000000000003
    outer loop
      vertex 166.55 77.40089653438086 120
      vertex 169.35000000000002 77.40089653438086 120
      vertex 166.55 75.75544826719043 122.85
    endloop
  endfacet
  facet normal -1 0 0
    outer loop
      vertex 169.35000000000002 75.7773349766855 119.66834645257258
      vertex 169.35000000000002 75.81 120
      vertex 169.35000000000002 77.40089653438086 120
    endloop
  endfacet
  facet normal -1 0 0
    outer loop
      vertex 169.35000000000002 77.40089653438086 120
      vertex 169.35000000000002 75.81 120
      vertex 169.35000000000002 75.7773349766855 120.33165354742742
    endloop
  endfacet
  facet normal -1 0 0
    outer loop
      vertex 169.35000000000002 77.40089653438086 120
      vertex 169.35000000000002 75.7773349766855 120.33165354742742
      vertex 169.35000000000002 75.68059520526919 120.65056183502065
    endloop
  endfacet
  facet normal -1 0 0
    outer loop
      vertex 169.35000000000002 77.40089653438086 120
      vertex 169.35000000000002 75.68059520526919 120.65056183502065
      vertex 169.35000000000002 75.52349834091433 120.94446939613333
    endloop
  endfacet
  facet normal -1 0 0
    outer loop
      vertex 169.35000000000002 77.40089653438086 120
      vertex 169.35000000000002 75.52349834091433 120.94446939613333
      vertex 169.35000000000002 75.31208152801713 121.20208152801713
    endloop
  endfacet
  facet normal -1 0 0
    outer loop
      vertex 169.35000000000002 77.40089653438086 120
      vertex 169.35000000000002 75.31208152801713 121.20208152801713
      vertex 169.35000000000002 75.75544826719043 122.85
    endloop
  endfacet
  facet normal -1 0 0
    outer loop
      vertex 169.35000000000002 75.31208152801713 121.20208152801713
      vertex 169.35000000000002 75.05446939613333 121.41349834091433
      vertex 169.35000000000002 75.75544826719043 122.85
    endloop
  endfacet
  facet normal 0 0 1
    outer loop
      vertex 166.55 75.75544826719043 117.15
      vertex 169.35000000000002 72.46455173280957 117.15
      vertex 169.35000000000002 75.75544826719043 117.15
    endloop
  endfacet
  facet normal 0 0 1
    outer loop
      vertex 166.55 75.75544826719043 117.15
      vertex 166.55 72.46455173280957 117.15
      vertex 169.35000000000002 72.46455173280957 117.15
    endloop
  endfacet
  facet normal -1 0 0
    outer loop
      vertex 169.35000000000002 75.75544826719043 117.15
      vertex 169.35000000000002 72.46455173280957 117.15
      vertex 169.35000000000002 73.45943816497935 118.42940479473081
    endloop
  endfacet
  facet normal -1 0 0
    outer loop
      vertex 169.35000000000002 75.75544826719043 117.15
      vertex 169.35000000000002 74.11 118.3
      vertex 169.35000000000002 74.44165354742742 118.3326650233145
    endloop
  endfacet
  facet normal -1 0 0
    outer loop
      vertex 169.35000000000002 75.75544826719043 117.15
      vertex 169.35000000000002 73.77834645257258 118.3326650233145
      vertex 169.35000000000002 74.11 118.3
    endloop
  endfacet
  facet normal -1 0 0
    outer loop
      vertex 169.35000000000002 75.75544826719043 117.15
      vertex 169.35000000000002 73.45943816497935 118.42940479473081
      vertex 169.35000000000002 73.77834645257258 118.3326650233145
    endloop
  endfacet
  facet normal -1 0 0
    outer loop
      vertex 169.35000000000002 72.46455173280957 117.15
      vertex 169.35000000000002 73.16553060386667 118.58650165908567
      vertex 169.35000000000002 73.45943816497935 118.42940479473081
    endloop
  endfacet
  facet normal -1 0 0
    outer loop
      vertex 169.35000000000002 72.46455173280957 117.15
      vertex 169.35000000000002 72.90791847198287 118.79791847198287
      vertex 169.35000000000002 73.16553060386667 118.58650165908567
    endloop
  endfacet
  facet normal -1 0 0
    outer loop
      vertex 169.35000000000002 72.46455173280957 117.15
      vertex 169.35000000000002 70.81910346561914 120
      vertex 169.35000000000002 72.90791847198287 118.79791847198287
    endloop
  endfacet
  facet normal -1 0 0
    outer loop
      vertex 169.35000000000002 72.90791847198287 118.79791847198287
      vertex 169.35000000000002 70.81910346561914 120
      vertex 169.35000000000002 72.69650165908567 119.05553060386667
    endloop
  endfacet
  facet normal -1 0 0
    outer loop
      vertex 169.35000000000002 72.69650165908567 119.05553060386667
      vertex 169.35000000000002 70.81910346561914 120
      vertex 169.35000000000002 72.53940479473081 119.34943816497935
    endloop
  endfacet
  facet normal -1 0 0
    outer loop
      vertex 169.35000000000002 72.69650165908567 120.94446939613333
      vertex 169.35000000000002 72.46455173280957 122.85
      vertex 169.35000000000002 72.90791847198287 121.20208152801713
    endloop
  endfacet
  facet normal -1 0 0
    outer loop
      vertex 169.35000000000002 72.90791847198287 121.20208152801713
      vertex 169.35000000000002 72.46455173280957 122.85
      vertex 169.35000000000002 73.16553060386667 121.41349834091433
    endloop
  endfacet
  facet normal -1 0 0
    outer loop
      vertex 169.35000000000002 72.53940479473081 120.65056183502065
      vertex 169.35000000000002 72.46455173280957 122.85
      vertex 169.35000000000002 72.69650165908567 120.94446939613333
    endloop
  endfacet
  facet normal 0 0.8660254037844384 0.5000000000000003
    outer loop
      vertex 166.55 72.46455173280957 117.15
      vertex 169.35000000000002 70.81910346561914 120
      vertex 169.35000000000002 72.46455173280957 117.15
    endloop
  endfacet
  facet normal 1.2614337382143714e-17 0.8660254037844384 0.5000000000000003
    outer loop
      vertex 166.55 72.46455173280957 117.15
      vertex 166.55 70.81910346561914 120
      vertex 169.35000000000002 70.81910346561914 120
    endloop
  endfacet
  facet normal -1 0 0
    outer loop
      vertex 169.35000000000002 72.53940479473081 119.34943816497935
      vertex 169.35000000000002 70.81910346561914 120
      vertex 169.35000000000002 72.4426650233145 119.66834645257258
    endloop
  endfacet
  facet normal 0 0.8660254037844384 -0.5000000000000003
    outer loop
      vertex 166.55 70.81910346561914 120
      vertex 169.35000000000002 72.46455173280957 122.85
      vertex 169.35000000000002 70.81910346561914 120
    endloop
  endfacet
  facet normal -1 0 0
    outer loop
      vertex 169.35000000000002 72.4426650233145 119.66834645257258
      vertex 169.35000000000002 70.81910346561914 120
      vertex 169.35000000000002 72.41 120
    endloop
  endfacet
  facet normal -1 0 0
    outer loop
      vertex 169.35000000000002 72.41 120
      vertex 169.35000000000002 70.81910346561914 120
      vertex 169.35000000000002 72.4426650233145 120.33165354742742
    endloop
  endfacet
  facet normal -1 0 0
    outer loop
      vertex 169.35000000000002 72.4426650233145 120.33165354742742
      vertex 169.35000000000002 70.81910346561914 120
      vertex 169.35000000000002 72.53940479473081 120.65056183502065
    endloop
  endfacet
  facet normal -1 0 0
    outer loop
      vertex 169.35000000000002 72.53940479473081 120.65056183502065
      vertex 169.35000000000002 70.81910346561914 120
      vertex 169.35000000000002 72.46455173280957 122.85
    endloop
  endfacet
  facet normal 1.2614337382143714e-17 -0.8660254037844384 -0.5000000000000003
    outer loop
      vertex 169.35000000000002 77.40089653438086 120
      vertex 169.35000000000002 75.75544826719043 122.85
      vertex 166.55 75.75544826719043 122.85
    endloop
  endfacet
  facet normal -1 0 0
    outer loop
      vertex 169.35000000000002 75.05446939613333 121.41349834091433
      vertex 169.35000000000002 74.76056183502065 121.57059520526919
      vertex 169.35000000000002 75.75544826719043 122.85
    endloop
  endfacet
  facet normal 0 0 -1
    outer loop
      vertex 166.55 75.75544826719043 122.85
      vertex 169.35000000000002 75.75544826719043 122.85
      vertex 166.55 72.46455173280957 122.85
    endloop
  endfacet
  facet normal 0 0 -1
    outer loop
      vertex 169.35000000000002 75.75544826719043 122.85
      vertex 169.35000000000002 72.46455173280957 122.85
      vertex 166.55 72.46455173280957 122.85
    endloop
  endfacet
  facet normal -1 0 0
    outer loop
      vertex 169.35000000000002 74.76056183502065 121.57059520526919
      vertex 169.35000000000002 72.46455173280957 122.85
      vertex 169.35000000000002 75.75544826719043 122.85
    endloop
  endfacet
  facet normal -1 0 0
    outer loop
      vertex 169.35000000000002 74.76056183502065 121.57059520526919
      vertex 169.35000000000002 74.44165354742742 121.6673349766855
      vertex 169.35000000000002 72.46455173280957 122.85
    endloop
  endfacet
  facet normal -1 0 0
    outer loop
      vertex 169.35000000000002 74.44165354742742 121.6673349766855
      vertex 169.35000000000002 74.11 121.7
      vertex 169.35000000000002 72.46455173280957 122.85
    endloop
  endfacet
  facet normal -1 0 0
    outer loop
      vertex 169.35000000000002 74.11 121.7
      vertex 169.35000000000002 73.77834645257258 121.6673349766855
      vertex 169.35000000000002 72.46455173280957 122.85
    endloop
  endfacet
  facet normal -1 0 0
    outer loop
      vertex 169.35000000000002 73.77834645257258 121.6673349766855
      vertex 169.35000000000002 73.45943816497935 121.57059520526919
      vertex 169.35000000000002 72.46455173280957 122.85
    endloop
  endfacet
  facet normal -1 0 0
    outer loop
      vertex 169.35000000000002 73.45943816497935 121.57059520526919
      vertex 169.35000000000002 73.16553060386667 121.41349834091433
      vertex 169.35000000000002 72.46455173280957 122.85
    endloop
  endfacet
  facet normal -1.2614337382143714e-17 0.8660254037844384 -0.5000000000000003
    outer loop
      vertex 166.55 70.81910346561914 120
      vertex 166.55 72.46455173280957 122.85
      vertex 169.35000000000002 72.46455173280957 122.85
    endloop
  endfacet
  facet normal -4.1895883553915933e-19 -0.6343932841636442 0.773010453362738
    outer loop
      vertex 169.35000000000002 30.86208152801713 118.79791847198287
      vertex 169.35000000000002 30.604469396133318 118.58650165908567
      vertex 172.55 30.604469396133318 118.58650165908567
    endloop
  endfacet
  facet normal 1.2451491487812276e-18 -0.47139673682598915 0.8819212643483596
    outer loop
      vertex 169.35000000000002 30.604469396133318 118.58650165908567
      vertex 169.35000000000002 30.31056183502065 118.42940479473081
      vertex 172.55 30.31056183502065 118.42940479473081
    endloop
  endfacet
  facet normal 0 -0.8819212643483644 0.47139673682598027
    outer loop
      vertex 169.35000000000002 31.073498340914327 119.05553060386667
      vertex 172.55 31.073498340914327 119.05553060386667
      vertex 169.35000000000002 31.230595205269182 119.34943816497935
    endloop
  endfacet
  facet normal 0 -0.9951847266721952 0.09801714032957808
    outer loop
      vertex 169.35000000000002 31.327334976685485 119.66834645257258
      vertex 172.55 31.327334976685485 119.66834645257258
      vertex 169.35000000000002 31.36 120
    endloop
  endfacet
  facet normal 2.057737879720775e-19 -0.9569403357322094 0.2902846772544608
    outer loop
      vertex 169.35000000000002 31.327334976685485 119.66834645257258
      vertex 169.35000000000002 31.230595205269182 119.34943816497935
      vertex 172.55 31.230595205269182 119.34943816497935
    endloop
  endfacet
  facet normal 0 -0.7730104533627293 0.6343932841636546
    outer loop
      vertex 169.35000000000002 30.86208152801713 118.79791847198287
      vertex 172.55 30.86208152801713 118.79791847198287
      vertex 169.35000000000002 31.073498340914327 119.05553060386667
    endloop
  endfacet
  facet normal 0 -0.6343932841636442 0.773010453362738
    outer loop
      vertex 169.35000000000002 30.86208152801713 118.79791847198287
      vertex 172.55 30.604469396133318 118.58650165908567
      vertex 172.55 30.86208152801713 118.79791847198287
    endloop
  endfacet
  facet normal 0 -0.47139673682598915 0.8819212643483596
    outer loop
      vertex 169.35000000000002 30.604469396133318 118.58650165908567
      vertex 172.55 30.31056183502065 118.42940479473081
      vertex 172.55 30.604469396133318 118.58650165908567
    endloop
  endfacet
  facet normal 0 -0.7730104533627293 0.6343932841636546
    outer loop
      vertex 169.35000000000002 31.073498340914327 119.05553060386667
      vertex 172.55 30.86208152801713 118.79791847198287
      vertex 172.55 31.073498340914327 119.05553060386667
    endloop
  endfacet
  facet normal 0 -0.8819212643483644 0.47139673682598027
    outer loop
      vertex 169.35000000000002 31.230595205269182 119.34943816497935
      vertex 172.55 31.073498340914327 119.05553060386667
      vertex 172.55 31.230595205269182 119.34943816497935
    endloop
  endfacet
  facet normal 0 -0.9569403357322094 0.2902846772544608
    outer loop
      vertex 169.35000000000002 31.327334976685485 119.66834645257258
      vertex 172.55 31.230595205269182 119.34943816497935
      vertex 172.55 31.327334976685485 119.66834645257258
    endloop
  endfacet
  facet normal 0 -0.09801714032955904 0.9951847266721972
    outer loop
      vertex 169.35000000000002 29.659999999999997 118.3
      vertex 172.55 29.659999999999997 118.3
      vertex 169.35000000000002 29.99165354742741 118.3326650233145
    endloop
  endfacet
  facet normal 1.0100800559172602e-18 -0.2902846772544743 0.956940335732205
    outer loop
      vertex 169.35000000000002 30.31056183502065 118.42940479473081
      vertex 169.35000000000002 29.99165354742741 118.3326650233145
      vertex 172.55 29.99165354742741 118.3326650233145
    endloop
  endfacet
  facet normal -7.2339789742481685e-19 0.09801714032955904 0.9951847266721972
    outer loop
      vertex 169.35000000000002 29.659999999999997 118.3
      vertex 169.35000000000002 29.328346452572582 118.3326650233145
      vertex 172.55 29.328346452572582 118.3326650233145
    endloop
  endfacet
  facet normal -1.0100800559172602e-18 0.2902846772544743 0.956940335732205
    outer loop
      vertex 169.35000000000002 29.328346452572582 118.3326650233145
      vertex 169.35000000000002 29.009438164979343 118.42940479473081
      vertex 172.55 29.009438164979343 118.42940479473081
    endloop
  endfacet
  facet normal -1.2451491487812276e-18 0.47139673682598915 0.8819212643483596
    outer loop
      vertex 169.35000000000002 29.009438164979343 118.42940479473081
      vertex 169.35000000000002 28.715530603866675 118.58650165908567
      vertex 172.55 28.715530603866675 118.58650165908567
    endloop
  endfacet
  facet normal 0 0.09801714032955904 0.9951847266721972
    outer loop
      vertex 169.35000000000002 29.659999999999997 118.3
      vertex 172.55 29.328346452572582 118.3326650233145
      vertex 172.55 29.659999999999997 118.3
    endloop
  endfacet
  facet normal 0 -0.2902846772544743 0.956940335732205
    outer loop
      vertex 169.35000000000002 30.31056183502065 118.42940479473081
      vertex 172.55 29.99165354742741 118.3326650233145
      vertex 172.55 30.31056183502065 118.42940479473081
    endloop
  endfacet
  facet normal 0 -0.09801714032955904 0.9951847266721972
    outer loop
      vertex 169.35000000000002 29.99165354742741 118.3326650233145
      vertex 172.55 29.659999999999997 118.3
      vertex 172.55 29.99165354742741 118.3326650233145
    endloop
  endfacet
  facet normal 0 0.2902846772544743 0.956940335732205
    outer loop
      vertex 169.35000000000002 29.328346452572582 118.3326650233145
      vertex 172.55 29.009438164979343 118.42940479473081
      vertex 172.55 29.328346452572582 118.3326650233145
    endloop
  endfacet
  facet normal 0 0.47139673682598915 0.8819212643483596
    outer loop
      vertex 169.35000000000002 29.009438164979343 118.42940479473081
      vertex 172.55 28.715530603866675 118.58650165908567
      vertex 172.55 29.009438164979343 118.42940479473081
    endloop
  endfacet
  facet normal 0 -0.9951847266721952 -0.09801714032957808
    outer loop
      vertex 169.35000000000002 31.36 120
      vertex 172.55 31.36 120
      vertex 169.35000000000002 31.327334976685485 120.33165354742742
    endloop
  endfacet
  facet normal 0 -0.9569403357322094 -0.2902846772544608
    outer loop
      vertex 169.35000000000002 31.327334976685485 120.33165354742742
      vertex 172.55 31.327334976685485 120.33165354742742
      vertex 169.35000000000002 31.230595205269182 120.65056183502065
    endloop
  endfacet
  facet normal 0 -0.8819212643483644 -0.47139673682598027
    outer loop
      vertex 169.35000000000002 31.230595205269182 120.65056183502065
      vertex 172.55 31.230595205269182 120.65056183502065
      vertex 169.35000000000002 31.073498340914327 120.94446939613333
    endloop
  endfacet
  facet normal 0 -0.7730104533627293 -0.6343932841636546
    outer loop
      vertex 169.35000000000002 31.073498340914327 120.94446939613333
      vertex 172.55 31.073498340914327 120.94446939613333
      vertex 169.35000000000002 30.86208152801713 121.20208152801713
    endloop
  endfacet
  facet normal 0 -0.6343932841636442 -0.773010453362738
    outer loop
      vertex 169.35000000000002 30.86208152801713 121.20208152801713
      vertex 172.55 30.86208152801713 121.20208152801713
      vertex 169.35000000000002 30.604469396133318 121.41349834091433
    endloop
  endfacet
  facet normal 0 -0.47139673682598915 -0.8819212643483596
    outer loop
      vertex 169.35000000000002 30.604469396133318 121.41349834091433
      vertex 172.55 30.604469396133318 121.41349834091433
      vertex 169.35000000000002 30.31056183502065 121.57059520526919
    endloop
  endfacet
  facet normal 0 -0.9951847266721952 0.09801714032957808
    outer loop
      vertex 169.35000000000002 31.36 120
      vertex 172.55 31.327334976685485 119.66834645257258
      vertex 172.55 31.36 120
    endloop
  endfacet
  facet normal 0 -0.9951847266721952 -0.09801714032957808
    outer loop
      vertex 169.35000000000002 31.327334976685485 120.33165354742742
      vertex 172.55 31.36 120
      vertex 172.55 31.327334976685485 120.33165354742742
    endloop
  endfacet
  facet normal 0 -0.9569403357322094 -0.2902846772544608
    outer loop
      vertex 169.35000000000002 31.230595205269182 120.65056183502065
      vertex 172.55 31.327334976685485 120.33165354742742
      vertex 172.55 31.230595205269182 120.65056183502065
    endloop
  endfacet
  facet normal 0 -0.8819212643483644 -0.47139673682598027
    outer loop
      vertex 169.35000000000002 31.073498340914327 120.94446939613333
      vertex 172.55 31.230595205269182 120.65056183502065
      vertex 172.55 31.073498340914327 120.94446939613333
    endloop
  endfacet
  facet normal 0 -0.7730104533627293 -0.6343932841636546
    outer loop
      vertex 169.35000000000002 30.86208152801713 121.20208152801713
      vertex 172.55 31.073498340914327 120.94446939613333
      vertex 172.55 30.86208152801713 121.20208152801713
    endloop
  endfacet
  facet normal 0 -0.6343932841636442 -0.773010453362738
    outer loop
      vertex 169.35000000000002 30.604469396133318 121.41349834091433
      vertex 172.55 30.86208152801713 121.20208152801713
      vertex 172.55 30.604469396133318 121.41349834091433
    endloop
  endfacet
  facet normal 0 -0.47139673682598915 -0.8819212643483596
    outer loop
      vertex 169.35000000000002 30.31056183502065 121.57059520526919
      vertex 172.55 30.604469396133318 121.41349834091433
      vertex 172.55 30.31056183502065 121.57059520526919
    endloop
  endfacet
  facet normal 0 -0.2902846772544743 -0.956940335732205
    outer loop
      vertex 169.35000000000002 30.31056183502065 121.57059520526919
      vertex 172.55 30.31056183502065 121.57059520526919
      vertex 169.35000000000002 29.99165354742741 121.6673349766855
    endloop
  endfacet
  facet normal 0 -0.09801714032955904 -0.9951847266721972
    outer loop
      vertex 169.35000000000002 29.99165354742741 121.6673349766855
      vertex 172.55 29.99165354742741 121.6673349766855
      vertex 169.35000000000002 29.659999999999997 121.7
    endloop
  endfacet
  facet normal 0 0.09801714032955904 -0.9951847266721972
    outer loop
      vertex 169.35000000000002 29.659999999999997 121.7
      vertex 172.55 29.659999999999997 121.7
      vertex 169.35000000000002 29.328346452572582 121.6673349766855
    endloop
  endfacet
  facet normal 0 0.2902846772544743 -0.956940335732205
    outer loop
      vertex 169.35000000000002 29.328346452572582 121.6673349766855
      vertex 172.55 29.328346452572582 121.6673349766855
      vertex 169.35000000000002 29.009438164979343 121.57059520526919
    endloop
  endfacet
  facet normal 0 0.47139673682598915 -0.8819212643483596
    outer loop
      vertex 169.35000000000002 29.009438164979343 121.57059520526919
      vertex 172.55 29.009438164979343 121.57059520526919
      vertex 169.35000000000002 28.715530603866675 121.41349834091433
    endloop
  endfacet
  facet normal 0 -0.2902846772544743 -0.956940335732205
    outer loop
      vertex 169.35000000000002 29.99165354742741 121.6673349766855
      vertex 172.55 30.31056183502065 121.57059520526919
      vertex 172.55 29.99165354742741 121.6673349766855
    endloop
  endfacet
  facet normal 0 -0.09801714032955904 -0.9951847266721972
    outer loop
      vertex 169.35000000000002 29.659999999999997 121.7
      vertex 172.55 29.99165354742741 121.6673349766855
      vertex 172.55 29.659999999999997 121.7
    endloop
  endfacet
  facet normal 0 0.09801714032955904 -0.9951847266721972
    outer loop
      vertex 169.35000000000002 29.328346452572582 121.6673349766855
      vertex 172.55 29.659999999999997 121.7
      vertex 172.55 29.328346452572582 121.6673349766855
    endloop
  endfacet
  facet normal 0 0.2902846772544743 -0.956940335732205
    outer loop
      vertex 169.35000000000002 29.009438164979343 121.57059520526919
      vertex 172.55 29.328346452572582 121.6673349766855
      vertex 172.55 29.009438164979343 121.57059520526919
    endloop
  endfacet
  facet normal 1.2451491487812276e-18 0.47139673682598915 -0.8819212643483596
    outer loop
      vertex 172.55 29.009438164979343 121.57059520526919
      vertex 172.55 28.715530603866675 121.41349834091433
      vertex 169.35000000000002 28.715530603866675 121.41349834091433
    endloop
  endfacet
  facet normal 4.1895883553915933e-19 0.6343932841636442 0.773010453362738
    outer loop
      vertex 169.35000000000002 28.715530603866675 118.58650165908567
      vertex 169.35000000000002 28.457918471982865 118.79791847198287
      vertex 172.55 28.457918471982865 118.79791847198287
    endloop
  endfacet
  facet normal -2.8941349173675333e-18 0.7730104533627293 0.6343932841636546
    outer loop
      vertex 169.35000000000002 28.457918471982865 118.79791847198287
      vertex 169.35000000000002 28.246501659085666 119.05553060386667
      vertex 172.55 28.246501659085666 119.05553060386667
    endloop
  endfacet
  facet normal -3.809913656052713e-19 0.8819212643483644 0.47139673682598027
    outer loop
      vertex 169.35000000000002 28.246501659085666 119.05553060386667
      vertex 169.35000000000002 28.08940479473081 119.34943816497935
      vertex 172.55 28.08940479473081 119.34943816497935
    endloop
  endfacet
  facet normal -2.057737879720775e-19 0.9569403357322094 0.2902846772544608
    outer loop
      vertex 169.35000000000002 28.08940479473081 119.34943816497935
      vertex 169.35000000000002 27.99266502331451 119.66834645257258
      vertex 172.55 27.99266502331451 119.66834645257258
    endloop
  endfacet
  facet normal 0 0.6343932841636442 0.773010453362738
    outer loop
      vertex 169.35000000000002 28.715530603866675 118.58650165908567
      vertex 172.55 28.457918471982865 118.79791847198287
      vertex 172.55 28.715530603866675 118.58650165908567
    endloop
  endfacet
  facet normal 0 0.7730104533627293 0.6343932841636546
    outer loop
      vertex 169.35000000000002 28.457918471982865 118.79791847198287
      vertex 172.55 28.246501659085666 119.05553060386667
      vertex 172.55 28.457918471982865 118.79791847198287
    endloop
  endfacet
  facet normal 0 0.8819212643483644 0.47139673682598027
    outer loop
      vertex 169.35000000000002 28.246501659085666 119.05553060386667
      vertex 172.55 28.08940479473081 119.34943816497935
      vertex 172.55 28.246501659085666 119.05553060386667
    endloop
  endfacet
  facet normal 0 0.9569403357322094 0.2902846772544608
    outer loop
      vertex 169.35000000000002 28.08940479473081 119.34943816497935
      vertex 172.55 27.99266502331451 119.66834645257258
      vertex 172.55 28.08940479473081 119.34943816497935
    endloop
  endfacet
  facet normal 0 0.9951847266721952 0.09801714032957808
    outer loop
      vertex 169.35000000000002 27.99266502331451 119.66834645257258
      vertex 172.55 27.959999999999994 120
      vertex 172.55 27.99266502331451 119.66834645257258
    endloop
  endfacet
  facet normal 3.809913656052713e-19 0.8819212643483644 -0.47139673682598027
    outer loop
      vertex 169.35000000000002 28.08940479473081 120.65056183502065
      vertex 169.35000000000002 28.246501659085666 120.94446939613333
      vertex 172.55 28.246501659085666 120.94446939613333
    endloop
  endfacet
  facet normal 4.984492882174551e-19 0.9951847266721952 0.09801714032957808
    outer loop
      vertex 169.35000000000002 27.99266502331451 119.66834645257258
      vertex 169.35000000000002 27.959999999999994 120
      vertex 172.55 27.959999999999994 120
    endloop
  endfacet
  facet normal -4.984492882174551e-19 0.9951847266721952 -0.09801714032957808
    outer loop
      vertex 169.35000000000002 27.959999999999994 120
      vertex 169.35000000000002 27.99266502331451 120.33165354742742
      vertex 172.55 27.99266502331451 120.33165354742742
    endloop
  endfacet
  facet normal 0 0.9569403357322094 -0.2902846772544608
    outer loop
      vertex 169.35000000000002 28.08940479473081 120.65056183502065
      vertex 172.55 28.08940479473081 120.65056183502065
      vertex 169.35000000000002 27.99266502331451 120.33165354742742
    endloop
  endfacet
  facet normal -4.1895883553915933e-19 0.6343932841636442 -0.773010453362738
    outer loop
      vertex 169.35000000000002 28.457918471982865 121.20208152801713
      vertex 169.35000000000002 28.715530603866675 121.41349834091433
      vertex 172.55 28.715530603866675 121.41349834091433
    endloop
  endfacet
  facet normal 0 0.7730104533627293 -0.6343932841636546
    outer loop
      vertex 169.35000000000002 28.457918471982865 121.20208152801713
      vertex 172.55 28.457918471982865 121.20208152801713
      vertex 169.35000000000002 28.246501659085666 120.94446939613333
    endloop
  endfacet
  facet normal 0 0.8819212643483644 -0.47139673682598027
    outer loop
      vertex 169.35000000000002 28.08940479473081 120.65056183502065
      vertex 172.55 28.246501659085666 120.94446939613333
      vertex 172.55 28.08940479473081 120.65056183502065
    endloop
  endfacet
  facet normal 0 0.9951847266721952 -0.09801714032957808
    outer loop
      vertex 169.35000000000002 27.959999999999994 120
      vertex 172.55 27.99266502331451 120.33165354742742
      vertex 172.55 27.959999999999994 120
    endloop
  endfacet
  facet normal 0 0.9569403357322094 -0.2902846772544608
    outer loop
      vertex 169.35000000000002 27.99266502331451 120.33165354742742
      vertex 172.55 28.08940479473081 120.65056183502065
      vertex 172.55 27.99266502331451 120.33165354742742
    endloop
  endfacet
  facet normal 0 0.6343932841636442 -0.773010453362738
    outer loop
      vertex 169.35000000000002 28.457918471982865 121.20208152801713
      vertex 172.55 28.715530603866675 121.41349834091433
      vertex 172.55 28.457918471982865 121.20208152801713
    endloop
  endfacet
  facet normal 0 0.7730104533627293 -0.6343932841636546
    outer loop
      vertex 169.35000000000002 28.246501659085666 120.94446939613333
      vertex 172.55 28.457918471982865 121.20208152801713
      vertex 172.55 28.246501659085666 120.94446939613333
    endloop
  endfacet
  facet normal 0 0 1
    outer loop
      vertex 166.55 31.305448267190428 117.15
      vertex 169.35000000000002 28.014551732809565 117.15
      vertex 169.35000000000002 31.305448267190428 117.15
    endloop
  endfacet
  facet normal 0 0 1
    outer loop
      vertex 166.55 31.305448267190428 117.15
      vertex 166.55 28.014551732809565 117.15
      vertex 169.35000000000002 28.014551732809565 117.15
    endloop
  endfacet
  facet normal -1 0 0
    outer loop
      vertex 169.35000000000002 31.305448267190428 117.15
      vertex 169.35000000000002 28.014551732809565 117.15
      vertex 169.35000000000002 29.328346452572582 118.3326650233145
    endloop
  endfacet
  facet normal 0 -0.8660254037844376 0.500000000000002
    outer loop
      vertex 166.55 31.305448267190428 117.15
      vertex 169.35000000000002 31.305448267190428 117.15
      vertex 166.55 32.95089653438087 120
    endloop
  endfacet
  facet normal 0 -0.8660254037844376 0.500000000000002
    outer loop
      vertex 166.55 32.95089653438087 120
      vertex 169.35000000000002 31.305448267190428 117.15
      vertex 169.35000000000002 32.95089653438087 120
    endloop
  endfacet
  facet normal -1 0 0
    outer loop
      vertex 169.35000000000002 31.305448267190428 117.15
      vertex 169.35000000000002 31.230595205269182 119.34943816497935
      vertex 169.35000000000002 32.95089653438087 120
    endloop
  endfacet
  facet normal -1 0 0
    outer loop
      vertex 169.35000000000002 32.95089653438087 120
      vertex 169.35000000000002 31.230595205269182 119.34943816497935
      vertex 169.35000000000002 31.327334976685485 119.66834645257258
    endloop
  endfacet
  facet normal 0 -0.8660254037844376 -0.500000000000002
    outer loop
      vertex 166.55 32.95089653438087 120
      vertex 169.35000000000002 32.95089653438087 120
      vertex 166.55 31.305448267190428 122.85
    endloop
  endfacet
  facet normal -1 0 0
    outer loop
      vertex 169.35000000000002 32.95089653438087 120
      vertex 169.35000000000002 31.327334976685485 119.66834645257258
      vertex 169.35000000000002 31.36 120
    endloop
  endfacet
  facet normal -1 0 0
    outer loop
      vertex 169.35000000000002 32.95089653438087 120
      vertex 169.35000000000002 31.36 120
      vertex 169.35000000000002 31.327334976685485 120.33165354742742
    endloop
  endfacet
  facet normal -1 0 0
    outer loop
      vertex 169.35000000000002 32.95089653438087 120
      vertex 169.35000000000002 31.327334976685485 120.33165354742742
      vertex 169.35000000000002 31.230595205269182 120.65056183502065
    endloop
  endfacet
  facet normal -1 0 0
    outer loop
      vertex 169.35000000000002 32.95089653438087 120
      vertex 169.35000000000002 31.230595205269182 120.65056183502065
      vertex 169.35000000000002 31.073498340914327 120.94446939613333
    endloop
  endfacet
  facet normal -1 0 0
    outer loop
      vertex 169.35000000000002 31.305448267190428 117.15
      vertex 169.35000000000002 31.073498340914327 119.05553060386667
      vertex 169.35000000000002 31.230595205269182 119.34943816497935
    endloop
  endfacet
  facet normal -1 0 0
    outer loop
      vertex 169.35000000000002 31.305448267190428 117.15
      vertex 169.35000000000002 30.86208152801713 118.79791847198287
      vertex 169.35000000000002 31.073498340914327 119.05553060386667
    endloop
  endfacet
  facet normal -1 0 0
    outer loop
      vertex 169.35000000000002 31.305448267190428 117.15
      vertex 169.35000000000002 30.31056183502065 118.42940479473081
      vertex 169.35000000000002 30.604469396133318 118.58650165908567
    endloop
  endfacet
  facet normal -1 0 0
    outer loop
      vertex 169.35000000000002 31.305448267190428 117.15
      vertex 169.35000000000002 30.604469396133318 118.58650165908567
      vertex 169.35000000000002 30.86208152801713 118.79791847198287
    endloop
  endfacet
  facet normal -1 0 0
    outer loop
      vertex 169.35000000000002 31.305448267190428 117.15
      vertex 169.35000000000002 29.99165354742741 118.3326650233145
      vertex 169.35000000000002 30.31056183502065 118.42940479473081
    endloop
  endfacet
  facet normal -1 0 0
    outer loop
      vertex 169.35000000000002 31.305448267190428 117.15
      vertex 169.35000000000002 29.659999999999997 118.3
      vertex 169.35000000000002 29.99165354742741 118.3326650233145
    endloop
  endfacet
  facet normal -1 0 0
    outer loop
      vertex 169.35000000000002 31.305448267190428 117.15
      vertex 169.35000000000002 29.328346452572582 118.3326650233145
      vertex 169.35000000000002 29.659999999999997 118.3
    endloop
  endfacet
  facet normal -1 0 0
    outer loop
      vertex 169.35000000000002 32.95089653438087 120
      vertex 169.35000000000002 31.073498340914327 120.94446939613333
      vertex 169.35000000000002 30.86208152801713 121.20208152801713
    endloop
  endfacet
  facet normal -1 0 0
    outer loop
      vertex 169.35000000000002 32.95089653438087 120
      vertex 169.35000000000002 30.86208152801713 121.20208152801713
      vertex 169.35000000000002 30.604469396133318 121.41349834091433
    endloop
  endfacet
  facet normal -1 0 0
    outer loop
      vertex 169.35000000000002 32.95089653438087 120
      vertex 169.35000000000002 30.604469396133318 121.41349834091433
      vertex 169.35000000000002 31.305448267190428 122.85
    endloop
  endfacet
  facet normal 0 0.8660254037844376 0.500000000000002
    outer loop
      vertex 166.55 28.014551732809565 117.15
      vertex 169.35000000000002 26.369103465619126 120
      vertex 169.35000000000002 28.014551732809565 117.15
    endloop
  endfacet
  facet normal -1 0 0
    outer loop
      vertex 169.35000000000002 29.328346452572582 118.3326650233145
      vertex 169.35000000000002 28.014551732809565 117.15
      vertex 169.35000000000002 29.009438164979343 118.42940479473081
    endloop
  endfacet
  facet normal -1 0 0
    outer loop
      vertex 169.35000000000002 29.009438164979343 118.42940479473081
      vertex 169.35000000000002 28.014551732809565 117.15
      vertex 169.35000000000002 28.715530603866675 118.58650165908567
    endloop
  endfacet
  facet normal -1 0 0
    outer loop
      vertex 169.35000000000002 28.014551732809565 117.15
      vertex 169.35000000000002 26.369103465619126 120
      vertex 169.35000000000002 28.715530603866675 118.58650165908567
    endloop
  endfacet
  facet normal -1 0 0
    outer loop
      vertex 169.35000000000002 28.715530603866675 118.58650165908567
      vertex 169.35000000000002 26.369103465619126 120
      vertex 169.35000000000002 28.457918471982865 118.79791847198287
    endloop
  endfacet
  facet normal -1 0 0
    outer loop
      vertex 169.35000000000002 28.457918471982865 118.79791847198287
      vertex 169.35000000000002 26.369103465619126 120
      vertex 169.35000000000002 28.246501659085666 119.05553060386667
    endloop
  endfacet
  facet normal -1 0 0
    outer loop
      vertex 169.35000000000002 28.246501659085666 119.05553060386667
      vertex 169.35000000000002 26.369103465619126 120
      vertex 169.35000000000002 28.08940479473081 119.34943816497935
    endloop
  endfacet
  facet normal -1 0 0
    outer loop
      vertex 169.35000000000002 28.08940479473081 119.34943816497935
      vertex 169.35000000000002 26.369103465619126 120
      vertex 169.35000000000002 27.99266502331451 119.66834645257258
    endloop
  endfacet
  facet normal 3.189215879952711e-17 0.8660254037844376 0.500000000000002
    outer loop
      vertex 166.55 28.014551732809565 117.15
      vertex 166.55 26.369103465619126 120
      vertex 169.35000000000002 26.369103465619126 120
    endloop
  endfacet
  facet normal -1 0 0
    outer loop
      vertex 169.35000000000002 27.99266502331451 119.66834645257258
      vertex 169.35000000000002 26.369103465619126 120
      vertex 169.35000000000002 27.959999999999994 120
    endloop
  endfacet
  facet normal -1 0 0
    outer loop
      vertex 169.35000000000002 27.959999999999994 120
      vertex 169.35000000000002 26.369103465619126 120
      vertex 169.35000000000002 27.99266502331451 120.33165354742742
    endloop
  endfacet
  facet normal -1 0 0
    outer loop
      vertex 169.35000000000002 28.08940479473081 120.65056183502065
      vertex 169.35000000000002 27.99266502331451 120.33165354742742
      vertex 169.35000000000002 26.369103465619126 120
    endloop
  endfacet
  facet normal -1 0 0
    outer loop
      vertex 169.35000000000002 28.08940479473081 120.65056183502065
      vertex 169.35000000000002 28.014551732809565 122.85
      vertex 169.35000000000002 28.246501659085666 120.94446939613333
    endloop
  endfacet
  facet normal -1 0 0
    outer loop
      vertex 169.35000000000002 28.457918471982865 121.20208152801713
      vertex 169.35000000000002 28.014551732809565 122.85
      vertex 169.35000000000002 28.715530603866675 121.41349834091433
    endloop
  endfacet
  facet normal -1 0 0
    outer loop
      vertex 169.35000000000002 28.457918471982865 121.20208152801713
      vertex 169.35000000000002 28.246501659085666 120.94446939613333
      vertex 169.35000000000002 28.014551732809565 122.85
    endloop
  endfacet
  facet normal -1 0 0
    outer loop
      vertex 169.35000000000002 28.08940479473081 120.65056183502065
      vertex 169.35000000000002 26.369103465619126 120
      vertex 169.35000000000002 28.014551732809565 122.85
    endloop
  endfacet
  facet normal 0 0.8660254037844376 -0.500000000000002
    outer loop
      vertex 166.55 26.369103465619126 120
      vertex 169.35000000000002 28.014551732809565 122.85
      vertex 169.35000000000002 26.369103465619126 120
    endloop
  endfacet
  facet normal 3.189215879952711e-17 -0.8660254037844376 -0.500000000000002
    outer loop
      vertex 169.35000000000002 32.95089653438087 120
      vertex 169.35000000000002 31.305448267190428 122.85
      vertex 166.55 31.305448267190428 122.85
    endloop
  endfacet
  facet normal -1 0 0
    outer loop
      vertex 169.35000000000002 30.604469396133318 121.41349834091433
      vertex 169.35000000000002 30.31056183502065 121.57059520526919
      vertex 169.35000000000002 31.305448267190428 122.85
    endloop
  endfacet
  facet normal -1 0 0
    outer loop
      vertex 169.35000000000002 30.31056183502065 121.57059520526919
      vertex 169.35000000000002 29.99165354742741 121.6673349766855
      vertex 169.35000000000002 31.305448267190428 122.85
    endloop
  endfacet
  facet normal 0 0 -1
    outer loop
      vertex 166.55 31.305448267190428 122.85
      vertex 169.35000000000002 31.305448267190428 122.85
      vertex 166.55 28.014551732809565 122.85
    endloop
  endfacet
  facet normal 0 0 -1
    outer loop
      vertex 169.35000000000002 31.305448267190428 122.85
      vertex 169.35000000000002 28.014551732809565 122.85
      vertex 166.55 28.014551732809565 122.85
    endloop
  endfacet
  facet normal -1 0 0
    outer loop
      vertex 169.35000000000002 29.99165354742741 121.6673349766855
      vertex 169.35000000000002 28.014551732809565 122.85
      vertex 169.35000000000002 31.305448267190428 122.85
    endloop
  endfacet
  facet normal -1 0 0
    outer loop
      vertex 169.35000000000002 29.99165354742741 121.6673349766855
      vertex 169.35000000000002 29.659999999999997 121.7
      vertex 169.35000000000002 28.014551732809565 122.85
    endloop
  endfacet
  facet normal -1 0 0
    outer loop
      vertex 169.35000000000002 29.659999999999997 121.7
      vertex 169.35000000000002 29.328346452572582 121.6673349766855
      vertex 169.35000000000002 28.014551732809565 122.85
    endloop
  endfacet
  facet normal -3.189215879952711e-17 0.8660254037844376 -0.500000000000002
    outer loop
      vertex 166.55 26.369103465619126 120
      vertex 166.55 28.014551732809565 122.85
      vertex 169.35000000000002 28.014551732809565 122.85
    endloop
  endfacet
  facet normal -1 0 0
    outer loop
      vertex 169.35000000000002 29.328346452572582 121.6673349766855
      vertex 169.35000000000002 29.009438164979343 121.57059520526919
      vertex 169.35000000000002 28.014551732809565 122.85
    endloop
  endfacet
  facet normal -1 0 0
    outer loop
      vertex 169.35000000000002 29.009438164979343 121.57059520526919
      vertex 169.35000000000002 28.715530603866675 121.41349834091433
      vertex 169.35000000000002 28.014551732809565 122.85
    endloop
  endfacet
  facet normal 1 0 0
    outer loop
      vertex 167.55 66.36881904510253 35.034074173710934
      vertex 167.55 66.61 35.133974596215566
      vertex 167.55 65.85118095489747 35.034074173710934
    endloop
  endfacet
  facet normal 1 0 0
    outer loop
      vertex 167.55 66.81710678118654 35.292893218813454
      vertex 167.55 65.61 35.133974596215566
      vertex 167.55 66.61 35.133974596215566
    endloop
  endfacet
  facet normal 1 0 0
    outer loop
      vertex 167.55 66.97602540378443 35.5
      vertex 167.55 65.40289321881346 35.292893218813454
      vertex 167.55 66.81710678118654 35.292893218813454
    endloop
  endfacet
  facet normal 1 0 0
    outer loop
      vertex 167.55 66.97602540378443 35.5
      vertex 167.55 67.07592582628907 35.74118095489748
      vertex 167.55 65.24397459621557 35.5
    endloop
  endfacet
  facet normal 1 0 0
    outer loop
      vertex 167.55 67.07592582628907 35.74118095489748
      vertex 167.55 67.11 36
      vertex 167.55 65.14407417371093 35.74118095489748
    endloop
  endfacet
  facet normal 1 0 0
    outer loop
      vertex 167.55 67.11 36
      vertex 167.55 67.07592582628907 36.25881904510252
      vertex 167.55 65.11 36
    endloop
  endfacet
  facet normal 1 0 0
    outer loop
      vertex 167.55 67.07592582628907 36.25881904510252
      vertex 167.55 66.97602540378443 36.5
      vertex 167.55 65.14407417371093 36.25881904510252
    endloop
  endfacet
  facet normal -2.0370123868900118e-20 -0.6087614290087283 0.7933533402912292
    outer loop
      vertex 167.55 66.81710678118654 35.292893218813454
      vertex 167.55 66.61 35.133974596215566
      vertex 172.55 66.61 35.133974596215566
    endloop
  endfacet
  facet normal -1.030356177946072e-18 -0.7933533402912262 0.6087614290087323
    outer loop
      vertex 167.55 66.97602540378443 35.5
      vertex 167.55 66.81710678118654 35.292893218813454
      vertex 172.55 66.81710678118654 35.292893218813454
    endloop
  endfacet
  facet normal 0 -0.382683432365106 0.92387953251128
    outer loop
      vertex 167.55 66.36881904510253 35.034074173710934
      vertex 172.55 66.36881904510253 35.034074173710934
      vertex 167.55 66.61 35.133974596215566
    endloop
  endfacet
  facet normal 0 -0.923879532511284 0.3826834323650964
    outer loop
      vertex 167.55 66.97602540378443 35.5
      vertex 172.55 66.97602540378443 35.5
      vertex 167.55 67.07592582628907 35.74118095489748
    endloop
  endfacet
  facet normal 0 -0.991444861373809 0.1305261922200607
    outer loop
      vertex 167.55 67.07592582628907 35.74118095489748
      vertex 172.55 67.07592582628907 35.74118095489748
      vertex 167.55 67.11 36
    endloop
  endfacet
  facet normal 0 -0.991444861373809 -0.1305261922200607
    outer loop
      vertex 167.55 67.11 36
      vertex 172.55 67.11 36
      vertex 167.55 67.07592582628907 36.25881904510252
    endloop
  endfacet
  facet normal 0 -0.923879532511284 -0.3826834323650964
    outer loop
      vertex 167.55 67.07592582628907 36.25881904510252
      vertex 172.55 67.07592582628907 36.25881904510252
      vertex 167.55 66.97602540378443 36.5
    endloop
  endfacet
  facet normal 0 -0.1305261922200572 0.9914448613738096
    outer loop
      vertex 167.55 66.36881904510253 35.034074173710934
      vertex 172.55 66.11 35
      vertex 172.55 66.36881904510253 35.034074173710934
    endloop
  endfacet
  facet normal 0 -0.6087614290087283 0.7933533402912292
    outer loop
      vertex 167.55 66.81710678118654 35.292893218813454
      vertex 172.55 66.61 35.133974596215566
      vertex 172.55 66.81710678118654 35.292893218813454
    endloop
  endfacet
  facet normal 0 -0.7933533402912262 0.6087614290087323
    outer loop
      vertex 167.55 66.97602540378443 35.5
      vertex 172.55 66.81710678118654 35.292893218813454
      vertex 172.55 66.97602540378443 35.5
    endloop
  endfacet
  facet normal 0 -0.382683432365106 0.92387953251128
    outer loop
      vertex 167.55 66.61 35.133974596215566
      vertex 172.55 66.36881904510253 35.034074173710934
      vertex 172.55 66.61 35.133974596215566
    endloop
  endfacet
  facet normal 0 -0.923879532511284 0.3826834323650964
    outer loop
      vertex 167.55 67.07592582628907 35.74118095489748
      vertex 172.55 66.97602540378443 35.5
      vertex 172.55 67.07592582628907 35.74118095489748
    endloop
  endfacet
  facet normal 0 -0.991444861373809 0.1305261922200607
    outer loop
      vertex 167.55 67.11 36
      vertex 172.55 67.07592582628907 35.74118095489748
      vertex 172.55 67.11 36
    endloop
  endfacet
  facet normal 0 -0.991444861373809 -0.1305261922200607
    outer loop
      vertex 167.55 67.07592582628907 36.25881904510252
      vertex 172.55 67.11 36
      vertex 172.55 67.07592582628907 36.25881904510252
    endloop
  endfacet
  facet normal 0 -0.923879532511284 -0.3826834323650964
    outer loop
      vertex 167.55 66.97602540378443 36.5
      vertex 172.55 67.07592582628907 36.25881904510252
      vertex 172.55 66.97602540378443 36.5
    endloop
  endfacet
  facet normal 1 0 0
    outer loop
      vertex 167.55 66.36881904510253 35.034074173710934
      vertex 167.55 65.85118095489747 35.034074173710934
      vertex 167.55 66.11 35
    endloop
  endfacet
  facet normal 1 0 0
    outer loop
      vertex 167.55 66.61 35.133974596215566
      vertex 167.55 65.61 35.133974596215566
      vertex 167.55 65.85118095489747 35.034074173710934
    endloop
  endfacet
  facet normal 1 0 0
    outer loop
      vertex 167.55 66.81710678118654 35.292893218813454
      vertex 167.55 65.40289321881346 35.292893218813454
      vertex 167.55 65.61 35.133974596215566
    endloop
  endfacet
  facet normal 1 0 0
    outer loop
      vertex 167.55 66.97602540378443 35.5
      vertex 167.55 65.24397459621557 35.5
      vertex 167.55 65.40289321881346 35.292893218813454
    endloop
  endfacet
  facet normal 1 0 0
    outer loop
      vertex 167.55 67.07592582628907 35.74118095489748
      vertex 167.55 65.14407417371093 35.74118095489748
      vertex 167.55 65.24397459621557 35.5
    endloop
  endfacet
  facet normal 1 0 0
    outer loop
      vertex 167.55 67.11 36
      vertex 167.55 65.11 36
      vertex 167.55 65.14407417371093 35.74118095489748
    endloop
  endfacet
  facet normal 1 0 0
    outer loop
      vertex 167.55 67.07592582628907 36.25881904510252
      vertex 167.55 65.14407417371093 36.25881904510252
      vertex 167.55 65.11 36
    endloop
  endfacet
  facet normal 1 0 0
    outer loop
      vertex 167.55 66.97602540378443 36.5
      vertex 167.55 65.24397459621557 36.5
      vertex 167.55 65.14407417371093 36.25881904510252
    endloop
  endfacet
  facet normal -1.1793753144539266e-19 -0.1305261922200572 0.9914448613738096
    outer loop
      vertex 167.55 66.36881904510253 35.034074173710934
      vertex 167.55 66.11 35
      vertex 172.55 66.11 35
    endloop
  endfacet
  facet normal 1.1793753144539266e-19 0.1305261922200572 0.9914448613738096
    outer loop
      vertex 167.55 66.11 35
      vertex 167.55 65.85118095489747 35.034074173710934
      vertex 172.55 65.85118095489747 35.034074173710934
    endloop
  endfacet
  facet normal 5.164895368125772e-19 0.382683432365106 0.92387953251128
    outer loop
      vertex 167.55 65.85118095489747 35.034074173710934
      vertex 167.55 65.61 35.133974596215566
      vertex 172.55 65.61 35.133974596215566
    endloop
  endfacet
  facet normal 2.0370123868900118e-20 0.6087614290087283 0.7933533402912292
    outer loop
      vertex 167.55 65.61 35.133974596215566
      vertex 167.55 65.40289321881346 35.292893218813454
      vertex 172.55 65.40289321881346 35.292893218813454
    endloop
  endfacet
  facet normal 1.030356177946072e-18 0.7933533402912262 0.6087614290087323
    outer loop
      vertex 167.55 65.40289321881346 35.292893218813454
      vertex 167.55 65.24397459621557 35.5
      vertex 172.55 65.24397459621557 35.5
    endloop
  endfacet
  facet normal -1.0678797507612338e-18 0.923879532511284 0.3826834323650964
    outer loop
      vertex 167.55 65.24397459621557 35.5
      vertex 167.55 65.14407417371093 35.74118095489748
      vertex 172.55 65.14407417371093 35.74118095489748
    endloop
  endfacet
  facet normal -4.564457020512369e-19 0.991444861373809 0.1305261922200607
    outer loop
      vertex 167.55 65.14407417371093 35.74118095489748
      vertex 167.55 65.11 36
      vertex 172.55 65.11 36
    endloop
  endfacet
  facet normal 4.564457020512369e-19 0.991444861373809 -0.1305261922200607
    outer loop
      vertex 167.55 65.11 36
      vertex 167.55 65.14407417371093 36.25881904510252
      vertex 172.55 65.14407417371093 36.25881904510252
    endloop
  endfacet
  facet normal 1.0678797507612338e-18 0.923879532511284 -0.3826834323650964
    outer loop
      vertex 167.55 65.14407417371093 36.25881904510252
      vertex 167.55 65.24397459621557 36.5
      vertex 172.55 65.24397459621557 36.5
    endloop
  endfacet
  facet normal 0 0.1305261922200572 0.9914448613738096
    outer loop
      vertex 167.55 66.11 35
      vertex 172.55 65.85118095489747 35.034074173710934
      vertex 172.55 66.11 35
    endloop
  endfacet
  facet normal 0 0.382683432365106 0.92387953251128
    outer loop
      vertex 167.55 65.85118095489747 35.034074173710934
      vertex 172.55 65.61 35.133974596215566
      vertex 172.55 65.85118095489747 35.034074173710934
    endloop
  endfacet
  facet normal 0 0.6087614290087283 0.7933533402912292
    outer loop
      vertex 167.55 65.61 35.133974596215566
      vertex 172.55 65.40289321881346 35.292893218813454
      vertex 172.55 65.61 35.133974596215566
    endloop
  endfacet
  facet normal 0 0.7933533402912262 0.6087614290087323
    outer loop
      vertex 167.55 65.40289321881346 35.292893218813454
      vertex 172.55 65.24397459621557 35.5
      vertex 172.55 65.40289321881346 35.292893218813454
    endloop
  endfacet
  facet normal 0 0.923879532511284 0.3826834323650964
    outer loop
      vertex 167.55 65.24397459621557 35.5
      vertex 172.55 65.14407417371093 35.74118095489748
      vertex 172.55 65.24397459621557 35.5
    endloop
  endfacet
  facet normal 0 0.991444861373809 0.1305261922200607
    outer loop
      vertex 167.55 65.14407417371093 35.74118095489748
      vertex 172.55 65.11 36
      vertex 172.55 65.14407417371093 35.74118095489748
    endloop
  endfacet
  facet normal 0 0.923879532511284 -0.3826834323650964
    outer loop
      vertex 167.55 65.14407417371093 36.25881904510252
      vertex 172.55 65.24397459621557 36.5
      vertex 172.55 65.14407417371093 36.25881904510252
    endloop
  endfacet
  facet normal 0 0.991444861373809 -0.1305261922200607
    outer loop
      vertex 167.55 65.11 36
      vertex 172.55 65.14407417371093 36.25881904510252
      vertex 172.55 65.11 36
    endloop
  endfacet
  facet normal 1 0 0
    outer loop
      vertex 167.55 66.97602540378443 36.5
      vertex 167.55 66.81710678118654 36.707106781186546
      vertex 167.55 65.24397459621557 36.5
    endloop
  endfacet
  facet normal 1 0 0
    outer loop
      vertex 167.55 66.81710678118654 36.707106781186546
      vertex 167.55 66.61 36.86602540378444
      vertex 167.55 65.40289321881346 36.707106781186546
    endloop
  endfacet
  facet normal 0 -0.7933533402912262 -0.6087614290087323
    outer loop
      vertex 167.55 66.97602540378443 36.5
      vertex 172.55 66.97602540378443 36.5
      vertex 167.55 66.81710678118654 36.707106781186546
    endloop
  endfacet
  facet normal 0 -0.6087614290087455 -0.7933533402912161
    outer loop
      vertex 167.55 66.81710678118654 36.707106781186546
      vertex 172.55 66.81710678118654 36.707106781186546
      vertex 167.55 66.61 36.86602540378444
    endloop
  endfacet
  facet normal 0 -0.3826834323650828 -0.9238795325112895
    outer loop
      vertex 167.55 66.61 36.86602540378444
      vertex 172.55 66.61 36.86602540378444
      vertex 167.55 66.36881904510253 36.965925826289066
    endloop
  endfacet
  facet normal 0 -0.1305261922200572 -0.9914448613738096
    outer loop
      vertex 167.55 66.36881904510253 36.965925826289066
      vertex 172.55 66.36881904510253 36.965925826289066
      vertex 167.55 66.11 37
    endloop
  endfacet
  facet normal 0 -0.7933533402912262 -0.6087614290087323
    outer loop
      vertex 167.55 66.81710678118654 36.707106781186546
      vertex 172.55 66.97602540378443 36.5
      vertex 172.55 66.81710678118654 36.707106781186546
    endloop
  endfacet
  facet normal 0 -0.6087614290087455 -0.7933533402912161
    outer loop
      vertex 167.55 66.61 36.86602540378444
      vertex 172.55 66.81710678118654 36.707106781186546
      vertex 172.55 66.61 36.86602540378444
    endloop
  endfacet
  facet normal 0 -0.3826834323650828 -0.9238795325112895
    outer loop
      vertex 167.55 66.36881904510253 36.965925826289066
      vertex 172.55 66.61 36.86602540378444
      vertex 172.55 66.36881904510253 36.965925826289066
    endloop
  endfacet
  facet normal 1 0 0
    outer loop
      vertex 167.55 66.61 36.86602540378444
      vertex 167.55 65.61 36.86602540378444
      vertex 167.55 65.40289321881346 36.707106781186546
    endloop
  endfacet
  facet normal 1 0 0
    outer loop
      vertex 167.55 66.61 36.86602540378444
      vertex 167.55 66.36881904510253 36.965925826289066
      vertex 167.55 65.61 36.86602540378444
    endloop
  endfacet
  facet normal 1 0 0
    outer loop
      vertex 167.55 66.36881904510253 36.965925826289066
      vertex 167.55 66.11 37
      vertex 167.55 65.85118095489747 36.965925826289066
    endloop
  endfacet
  facet normal 1 0 0
    outer loop
      vertex 167.55 66.36881904510253 36.965925826289066
      vertex 167.55 65.85118095489747 36.965925826289066
      vertex 167.55 65.61 36.86602540378444
    endloop
  endfacet
  facet normal 1 0 0
    outer loop
      vertex 167.55 65.24397459621557 36.5
      vertex 167.55 66.81710678118654 36.707106781186546
      vertex 167.55 65.40289321881346 36.707106781186546
    endloop
  endfacet
  facet normal 0 0.1305261922200572 -0.9914448613738096
    outer loop
      vertex 167.55 66.11 37
      vertex 172.55 66.11 37
      vertex 167.55 65.85118095489747 36.965925826289066
    endloop
  endfacet
  facet normal 0 0.6087614290087455 -0.7933533402912161
    outer loop
      vertex 167.55 65.61 36.86602540378444
      vertex 172.55 65.61 36.86602540378444
      vertex 167.55 65.40289321881346 36.707106781186546
    endloop
  endfacet
  facet normal 0 0.3826834323650828 -0.9238795325112895
    outer loop
      vertex 167.55 65.85118095489747 36.965925826289066
      vertex 172.55 65.85118095489747 36.965925826289066
      vertex 167.55 65.61 36.86602540378444
    endloop
  endfacet
  facet normal -1.030356177946072e-18 0.7933533402912262 -0.6087614290087323
    outer loop
      vertex 167.55 65.24397459621557 36.5
      vertex 167.55 65.40289321881346 36.707106781186546
      vertex 172.55 65.40289321881346 36.707106781186546
    endloop
  endfacet
  facet normal 0 -0.1305261922200572 -0.9914448613738096
    outer loop
      vertex 167.55 66.11 37
      vertex 172.55 66.36881904510253 36.965925826289066
      vertex 172.55 66.11 37
    endloop
  endfacet
  facet normal 0 0.1305261922200572 -0.9914448613738096
    outer loop
      vertex 167.55 65.85118095489747 36.965925826289066
      vertex 172.55 66.11 37
      vertex 172.55 65.85118095489747 36.965925826289066
    endloop
  endfacet
  facet normal 0 0.3826834323650828 -0.9238795325112895
    outer loop
      vertex 167.55 65.61 36.86602540378444
      vertex 172.55 65.85118095489747 36.965925826289066
      vertex 172.55 65.61 36.86602540378444
    endloop
  endfacet
  facet normal 0 0.6087614290087455 -0.7933533402912161
    outer loop
      vertex 167.55 65.40289321881346 36.707106781186546
      vertex 172.55 65.61 36.86602540378444
      vertex 172.55 65.40289321881346 36.707106781186546
    endloop
  endfacet
  facet normal 0 0.7933533402912262 -0.6087614290087323
    outer loop
      vertex 167.55 65.24397459621557 36.5
      vertex 172.55 65.40289321881346 36.707106781186546
      vertex 172.55 65.24397459621557 36.5
    endloop
  endfacet
  facet normal 1 0 0
    outer loop
      vertex 167.55 21.918819045102524 35.034074173710934
      vertex 167.55 21.40118095489747 35.034074173710934
      vertex 167.55 21.659999999999997 35
    endloop
  endfacet
  facet normal 1 0 0
    outer loop
      vertex 167.55 22.36710678118655 35.292893218813454
      vertex 167.55 22.52602540378443 35.5
      vertex 167.55 20.952893218813443 35.292893218813454
    endloop
  endfacet
  facet normal 1 0 0
    outer loop
      vertex 167.55 21.918819045102524 35.034074173710934
      vertex 167.55 22.159999999999997 35.133974596215566
      vertex 167.55 21.40118095489747 35.034074173710934
    endloop
  endfacet
  facet normal 1 0 0
    outer loop
      vertex 167.55 22.36710678118655 35.292893218813454
      vertex 167.55 21.159999999999997 35.133974596215566
      vertex 167.55 22.159999999999997 35.133974596215566
    endloop
  endfacet
  facet normal 1 0 0
    outer loop
      vertex 167.55 22.52602540378443 35.5
      vertex 167.55 22.625925826289063 35.74118095489748
      vertex 167.55 20.793974596215563 35.5
    endloop
  endfacet
  facet normal 1 0 0
    outer loop
      vertex 167.55 22.625925826289063 35.74118095489748
      vertex 167.55 22.659999999999997 36
      vertex 167.55 20.69407417371093 35.74118095489748
    endloop
  endfacet
  facet normal 1 0 0
    outer loop
      vertex 167.55 22.659999999999997 36
      vertex 167.55 22.625925826289063 36.25881904510252
      vertex 167.55 20.659999999999997 36
    endloop
  endfacet
  facet normal 1 0 0
    outer loop
      vertex 167.55 22.625925826289063 36.25881904510252
      vertex 167.55 22.52602540378443 36.5
      vertex 167.55 20.69407417371093 36.25881904510252
    endloop
  endfacet
  facet normal 0 -0.7933533402912525 0.6087614290086981
    outer loop
      vertex 167.55 22.36710678118655 35.292893218813454
      vertex 172.55 22.36710678118655 35.292893218813454
      vertex 167.55 22.52602540378443 35.5
    endloop
  endfacet
  facet normal -1.1793753144539266e-19 -0.1305261922200572 0.9914448613738096
    outer loop
      vertex 167.55 21.918819045102524 35.034074173710934
      vertex 167.55 21.659999999999997 35
      vertex 172.55 21.659999999999997 35
    endloop
  endfacet
  facet normal 2.4534157529984387e-18 -0.6087614290087021 0.7933533402912495
    outer loop
      vertex 167.55 22.36710678118655 35.292893218813454
      vertex 167.55 22.159999999999997 35.133974596215566
      vertex 172.55 22.159999999999997 35.133974596215566
    endloop
  endfacet
  facet normal 0 -0.382683432365106 0.92387953251128
    outer loop
      vertex 167.55 21.918819045102524 35.034074173710934
      vertex 172.55 21.918819045102524 35.034074173710934
      vertex 167.55 22.159999999999997 35.133974596215566
    endloop
  endfacet
  facet normal 0 -0.923879532511284 0.3826834323650964
    outer loop
      vertex 167.55 22.52602540378443 35.5
      vertex 172.55 22.52602540378443 35.5
      vertex 167.55 22.625925826289063 35.74118095489748
    endloop
  endfacet
  facet normal 0 -0.991444861373809 0.1305261922200607
    outer loop
      vertex 167.55 22.625925826289063 35.74118095489748
      vertex 172.55 22.625925826289063 35.74118095489748
      vertex 167.55 22.659999999999997 36
    endloop
  endfacet
  facet normal 0 -0.991444861373809 -0.1305261922200607
    outer loop
      vertex 167.55 22.659999999999997 36
      vertex 172.55 22.659999999999997 36
      vertex 167.55 22.625925826289063 36.25881904510252
    endloop
  endfacet
  facet normal 0 -0.923879532511284 -0.3826834323650964
    outer loop
      vertex 167.55 22.625925826289063 36.25881904510252
      vertex 172.55 22.625925826289063 36.25881904510252
      vertex 167.55 22.52602540378443 36.5
    endloop
  endfacet
  facet normal 1 0 0
    outer loop
      vertex 167.55 22.159999999999997 35.133974596215566
      vertex 167.55 21.159999999999997 35.133974596215566
      vertex 167.55 21.40118095489747 35.034074173710934
    endloop
  endfacet
  facet normal 1 0 0
    outer loop
      vertex 167.55 22.36710678118655 35.292893218813454
      vertex 167.55 20.952893218813443 35.292893218813454
      vertex 167.55 21.159999999999997 35.133974596215566
    endloop
  endfacet
  facet normal 1 0 0
    outer loop
      vertex 167.55 22.52602540378443 35.5
      vertex 167.55 20.793974596215563 35.5
      vertex 167.55 20.952893218813443 35.292893218813454
    endloop
  endfacet
  facet normal 1 0 0
    outer loop
      vertex 167.55 22.625925826289063 35.74118095489748
      vertex 167.55 20.69407417371093 35.74118095489748
      vertex 167.55 20.793974596215563 35.5
    endloop
  endfacet
  facet normal 1 0 0
    outer loop
      vertex 167.55 22.659999999999997 36
      vertex 167.55 20.659999999999997 36
      vertex 167.55 20.69407417371093 35.74118095489748
    endloop
  endfacet
  facet normal 1 0 0
    outer loop
      vertex 167.55 22.625925826289063 36.25881904510252
      vertex 167.55 20.69407417371093 36.25881904510252
      vertex 167.55 20.659999999999997 36
    endloop
  endfacet
  facet normal 1 0 0
    outer loop
      vertex 167.55 22.52602540378443 36.5
      vertex 167.55 20.793974596215563 36.5
      vertex 167.55 20.69407417371093 36.25881904510252
    endloop
  endfacet
  facet normal 1.1793753144539266e-19 0.1305261922200572 0.9914448613738096
    outer loop
      vertex 167.55 21.659999999999997 35
      vertex 167.55 21.40118095489747 35.034074173710934
      vertex 172.55 21.40118095489747 35.034074173710934
    endloop
  endfacet
  facet normal 5.164895368125772e-19 0.382683432365106 0.92387953251128
    outer loop
      vertex 167.55 21.40118095489747 35.034074173710934
      vertex 167.55 21.159999999999997 35.133974596215566
      vertex 172.55 21.159999999999997 35.133974596215566
    endloop
  endfacet
  facet normal -2.4534157529984387e-18 0.6087614290087021 0.7933533402912495
    outer loop
      vertex 167.55 21.159999999999997 35.133974596215566
      vertex 167.55 20.952893218813443 35.292893218813454
      vertex 172.55 20.952893218813443 35.292893218813454
    endloop
  endfacet
  facet normal 1.8526912972180566e-18 0.7933533402912525 0.6087614290086981
    outer loop
      vertex 167.55 20.952893218813443 35.292893218813454
      vertex 167.55 20.793974596215563 35.5
      vertex 172.55 20.793974596215563 35.5
    endloop
  endfacet
  facet normal -1.0678797507612338e-18 0.923879532511284 0.3826834323650964
    outer loop
      vertex 167.55 20.793974596215563 35.5
      vertex 167.55 20.69407417371093 35.74118095489748
      vertex 172.55 20.69407417371093 35.74118095489748
    endloop
  endfacet
  facet normal -4.564457020512369e-19 0.991444861373809 0.1305261922200607
    outer loop
      vertex 167.55 20.69407417371093 35.74118095489748
      vertex 167.55 20.659999999999997 36
      vertex 172.55 20.659999999999997 36
    endloop
  endfacet
  facet normal 4.564457020512369e-19 0.991444861373809 -0.1305261922200607
    outer loop
      vertex 167.55 20.659999999999997 36
      vertex 167.55 20.69407417371093 36.25881904510252
      vertex 172.55 20.69407417371093 36.25881904510252
    endloop
  endfacet
  facet normal 1.0678797507612338e-18 0.923879532511284 -0.3826834323650964
    outer loop
      vertex 167.55 20.69407417371093 36.25881904510252
      vertex 167.55 20.793974596215563 36.5
      vertex 172.55 20.793974596215563 36.5
    endloop
  endfacet
  facet normal 0 -0.7933533402912525 0.6087614290086981
    outer loop
      vertex 167.55 22.52602540378443 35.5
      vertex 172.55 22.36710678118655 35.292893218813454
      vertex 172.55 22.52602540378443 35.5
    endloop
  endfacet
  facet normal 0 -0.1305261922200572 0.9914448613738096
    outer loop
      vertex 167.55 21.918819045102524 35.034074173710934
      vertex 172.55 21.659999999999997 35
      vertex 172.55 21.918819045102524 35.034074173710934
    endloop
  endfacet
  facet normal 0 -0.6087614290087021 0.7933533402912495
    outer loop
      vertex 167.55 22.36710678118655 35.292893218813454
      vertex 172.55 22.159999999999997 35.133974596215566
      vertex 172.55 22.36710678118655 35.292893218813454
    endloop
  endfacet
  facet normal 0 -0.382683432365106 0.92387953251128
    outer loop
      vertex 167.55 22.159999999999997 35.133974596215566
      vertex 172.55 21.918819045102524 35.034074173710934
      vertex 172.55 22.159999999999997 35.133974596215566
    endloop
  endfacet
  facet normal 0 -0.923879532511284 0.3826834323650964
    outer loop
      vertex 167.55 22.625925826289063 35.74118095489748
      vertex 172.55 22.52602540378443 35.5
      vertex 172.55 22.625925826289063 35.74118095489748
    endloop
  endfacet
  facet normal 0 -0.991444861373809 0.1305261922200607
    outer loop
      vertex 167.55 22.659999999999997 36
      vertex 172.55 22.625925826289063 35.74118095489748
      vertex 172.55 22.659999999999997 36
    endloop
  endfacet
  facet normal 0 -0.991444861373809 -0.1305261922200607
    outer loop
      vertex 167.55 22.625925826289063 36.25881904510252
      vertex 172.55 22.659999999999997 36
      vertex 172.55 22.625925826289063 36.25881904510252
    endloop
  endfacet
  facet normal 0 -0.923879532511284 -0.3826834323650964
    outer loop
      vertex 167.55 22.52602540378443 36.5
      vertex 172.55 22.625925826289063 36.25881904510252
      vertex 172.55 22.52602540378443 36.5
    endloop
  endfacet
  facet normal 0 0.1305261922200572 0.9914448613738096
    outer loop
      vertex 167.55 21.659999999999997 35
      vertex 172.55 21.40118095489747 35.034074173710934
      vertex 172.55 21.659999999999997 35
    endloop
  endfacet
  facet normal 0 0.382683432365106 0.92387953251128
    outer loop
      vertex 167.55 21.40118095489747 35.034074173710934
      vertex 172.55 21.159999999999997 35.133974596215566
      vertex 172.55 21.40118095489747 35.034074173710934
    endloop
  endfacet
  facet normal 0 0.6087614290087021 0.7933533402912495
    outer loop
      vertex 167.55 21.159999999999997 35.133974596215566
      vertex 172.55 20.952893218813443 35.292893218813454
      vertex 172.55 21.159999999999997 35.133974596215566
    endloop
  endfacet
  facet normal 0 0.7933533402912525 0.6087614290086981
    outer loop
      vertex 167.55 20.952893218813443 35.292893218813454
      vertex 172.55 20.793974596215563 35.5
      vertex 172.55 20.952893218813443 35.292893218813454
    endloop
  endfacet
  facet normal 0 0.923879532511284 0.3826834323650964
    outer loop
      vertex 167.55 20.793974596215563 35.5
      vertex 172.55 20.69407417371093 35.74118095489748
      vertex 172.55 20.793974596215563 35.5
    endloop
  endfacet
  facet normal 0 0.991444861373809 0.1305261922200607
    outer loop
      vertex 167.55 20.69407417371093 35.74118095489748
      vertex 172.55 20.659999999999997 36
      vertex 172.55 20.69407417371093 35.74118095489748
    endloop
  endfacet
  facet normal 0 0.991444861373809 -0.1305261922200607
    outer loop
      vertex 167.55 20.659999999999997 36
      vertex 172.55 20.69407417371093 36.25881904510252
      vertex 172.55 20.659999999999997 36
    endloop
  endfacet
  facet normal 0 0.923879532511284 -0.3826834323650964
    outer loop
      vertex 167.55 20.69407417371093 36.25881904510252
      vertex 172.55 20.793974596215563 36.5
      vertex 172.55 20.69407417371093 36.25881904510252
    endloop
  endfacet
  facet normal 1 0 0
    outer loop
      vertex 167.55 22.52602540378443 36.5
      vertex 167.55 22.36710678118655 36.707106781186546
      vertex 167.55 20.793974596215563 36.5
    endloop
  endfacet
  facet normal 1 0 0
    outer loop
      vertex 167.55 22.36710678118655 36.707106781186546
      vertex 167.55 22.159999999999997 36.86602540378444
      vertex 167.55 20.952893218813443 36.707106781186546
    endloop
  endfacet
  facet normal 1 0 0
    outer loop
      vertex 167.55 22.159999999999997 36.86602540378444
      vertex 167.55 21.918819045102524 36.965925826289066
      vertex 167.55 21.159999999999997 36.86602540378444
    endloop
  endfacet
  facet normal 1 0 0
    outer loop
      vertex 167.55 21.918819045102524 36.965925826289066
      vertex 167.55 21.659999999999997 37
      vertex 167.55 21.40118095489747 36.965925826289066
    endloop
  endfacet
  facet normal 0 -0.7933533402912525 -0.6087614290086981
    outer loop
      vertex 167.55 22.52602540378443 36.5
      vertex 172.55 22.52602540378443 36.5
      vertex 167.55 22.36710678118655 36.707106781186546
    endloop
  endfacet
  facet normal 0 -0.6087614290087192 -0.7933533402912363
    outer loop
      vertex 167.55 22.36710678118655 36.707106781186546
      vertex 172.55 22.36710678118655 36.707106781186546
      vertex 167.55 22.159999999999997 36.86602540378444
    endloop
  endfacet
  facet normal 0 -0.3826834323650828 -0.9238795325112895
    outer loop
      vertex 167.55 22.159999999999997 36.86602540378444
      vertex 172.55 22.159999999999997 36.86602540378444
      vertex 167.55 21.918819045102524 36.965925826289066
    endloop
  endfacet
  facet normal 0 -0.1305261922200572 -0.9914448613738096
    outer loop
      vertex 167.55 21.918819045102524 36.965925826289066
      vertex 172.55 21.918819045102524 36.965925826289066
      vertex 167.55 21.659999999999997 37
    endloop
  endfacet
  facet normal 1 0 0
    outer loop
      vertex 167.55 22.159999999999997 36.86602540378444
      vertex 167.55 21.159999999999997 36.86602540378444
      vertex 167.55 20.952893218813443 36.707106781186546
    endloop
  endfacet
  facet normal 1 0 0
    outer loop
      vertex 167.55 20.793974596215563 36.5
      vertex 167.55 22.36710678118655 36.707106781186546
      vertex 167.55 20.952893218813443 36.707106781186546
    endloop
  endfacet
  facet normal 1 0 0
    outer loop
      vertex 167.55 21.918819045102524 36.965925826289066
      vertex 167.55 21.40118095489747 36.965925826289066
      vertex 167.55 21.159999999999997 36.86602540378444
    endloop
  endfacet
  facet normal 0 0.1305261922200572 -0.9914448613738096
    outer loop
      vertex 167.55 21.659999999999997 37
      vertex 172.55 21.659999999999997 37
      vertex 167.55 21.40118095489747 36.965925826289066
    endloop
  endfacet
  facet normal 0 0.3826834323650828 -0.9238795325112895
    outer loop
      vertex 167.55 21.40118095489747 36.965925826289066
      vertex 172.55 21.40118095489747 36.965925826289066
      vertex 167.55 21.159999999999997 36.86602540378444
    endloop
  endfacet
  facet normal -2.4515097916204734e-18 0.6087614290087192 -0.7933533402912363
    outer loop
      vertex 167.55 20.952893218813443 36.707106781186546
      vertex 167.55 21.159999999999997 36.86602540378444
      vertex 172.55 21.159999999999997 36.86602540378444
    endloop
  endfacet
  facet normal -1.8526912972180566e-18 0.7933533402912525 -0.6087614290086981
    outer loop
      vertex 167.55 20.793974596215563 36.5
      vertex 167.55 20.952893218813443 36.707106781186546
      vertex 172.55 20.952893218813443 36.707106781186546
    endloop
  endfacet
  facet normal 0 -0.7933533402912525 -0.6087614290086981
    outer loop
      vertex 167.55 22.36710678118655 36.707106781186546
      vertex 172.55 22.52602540378443 36.5
      vertex 172.55 22.36710678118655 36.707106781186546
    endloop
  endfacet
  facet normal 0 -0.6087614290087192 -0.7933533402912363
    outer loop
      vertex 167.55 22.159999999999997 36.86602540378444
      vertex 172.55 22.36710678118655 36.707106781186546
      vertex 172.55 22.159999999999997 36.86602540378444
    endloop
  endfacet
  facet normal 0 -0.3826834323650828 -0.9238795325112895
    outer loop
      vertex 167.55 21.918819045102524 36.965925826289066
      vertex 172.55 22.159999999999997 36.86602540378444
      vertex 172.55 21.918819045102524 36.965925826289066
    endloop
  endfacet
  facet normal 0 -0.1305261922200572 -0.9914448613738096
    outer loop
      vertex 167.55 21.659999999999997 37
      vertex 172.55 21.918819045102524 36.965925826289066
      vertex 172.55 21.659999999999997 37
    endloop
  endfacet
  facet normal 0 0.1305261922200572 -0.9914448613738096
    outer loop
      vertex 167.55 21.40118095489747 36.965925826289066
      vertex 172.55 21.659999999999997 37
      vertex 172.55 21.40118095489747 36.965925826289066
    endloop
  endfacet
  facet normal 0 0.3826834323650828 -0.9238795325112895
    outer loop
      vertex 167.55 21.159999999999997 36.86602540378444
      vertex 172.55 21.40118095489747 36.965925826289066
      vertex 172.55 21.159999999999997 36.86602540378444
    endloop
  endfacet
  facet normal 0 0.6087614290087192 -0.7933533402912363
    outer loop
      vertex 167.55 20.952893218813443 36.707106781186546
      vertex 172.55 21.159999999999997 36.86602540378444
      vertex 172.55 20.952893218813443 36.707106781186546
    endloop
  endfacet
  facet normal 0 0.7933533402912525 -0.6087614290086981
    outer loop
      vertex 167.55 20.793974596215563 36.5
      vertex 172.55 20.952893218813443 36.707106781186546
      vertex 172.55 20.793974596215563 36.5
    endloop
  endfacet
  facet normal 1 0 0
    outer loop
      vertex 167.55 66.36881904510253 105.03407417371093
      vertex 167.55 66.61 105.13397459621557
      vertex 167.55 65.85118095489747 105.03407417371093
    endloop
  endfacet
  facet normal 1 0 0
    outer loop
      vertex 167.55 66.97602540378443 105.5
      vertex 167.55 65.40289321881346 105.29289321881345
      vertex 167.55 66.81710678118654 105.29289321881345
    endloop
  endfacet
  facet normal 1 0 0
    outer loop
      vertex 167.55 66.81710678118654 105.29289321881345
      vertex 167.55 65.61 105.13397459621557
      vertex 167.55 66.61 105.13397459621557
    endloop
  endfacet
  facet normal 1 0 0
    outer loop
      vertex 167.55 66.97602540378443 105.5
      vertex 167.55 67.07592582628907 105.74118095489747
      vertex 167.55 65.24397459621557 105.5
    endloop
  endfacet
  facet normal 0 -0.92387953251128 0.382683432365106
    outer loop
      vertex 167.55 66.97602540378443 105.5
      vertex 172.55 66.97602540378443 105.5
      vertex 167.55 67.07592582628907 105.74118095489747
    endloop
  endfacet
  facet normal 0 -0.382683432365106 0.92387953251128
    outer loop
      vertex 167.55 66.36881904510253 105.03407417371093
      vertex 172.55 66.36881904510253 105.03407417371093
      vertex 167.55 66.61 105.13397459621557
    endloop
  endfacet
  facet normal -2.4515097916204734e-18 -0.7933533402912363 0.6087614290087192
    outer loop
      vertex 167.55 66.97602540378443 105.5
      vertex 167.55 66.81710678118654 105.29289321881345
      vertex 172.55 66.81710678118654 105.29289321881345
    endloop
  endfacet
  facet normal -4.3153768346620485e-19 -0.6087614290087112 0.7933533402912424
    outer loop
      vertex 167.55 66.81710678118654 105.29289321881345
      vertex 167.55 66.61 105.13397459621557
      vertex 172.55 66.61 105.13397459621557
    endloop
  endfacet
  facet normal 0 -0.382683432365106 0.92387953251128
    outer loop
      vertex 167.55 66.61 105.13397459621557
      vertex 172.55 66.36881904510253 105.03407417371093
      vertex 172.55 66.61 105.13397459621557
    endloop
  endfacet
  facet normal 0 -0.1305261922200572 0.9914448613738096
    outer loop
      vertex 167.55 66.36881904510253 105.03407417371093
      vertex 172.55 66.11 105
      vertex 172.55 66.36881904510253 105.03407417371093
    endloop
  endfacet
  facet normal 0 -0.6087614290087112 0.7933533402912424
    outer loop
      vertex 167.55 66.81710678118654 105.29289321881345
      vertex 172.55 66.61 105.13397459621557
      vertex 172.55 66.81710678118654 105.29289321881345
    endloop
  endfacet
  facet normal 0 -0.7933533402912363 0.6087614290087192
    outer loop
      vertex 167.55 66.97602540378443 105.5
      vertex 172.55 66.81710678118654 105.29289321881345
      vertex 172.55 66.97602540378443 105.5
    endloop
  endfacet
  facet normal 1 0 0
    outer loop
      vertex 167.55 66.36881904510253 105.03407417371093
      vertex 167.55 65.85118095489747 105.03407417371093
      vertex 167.55 66.11 105
    endloop
  endfacet
  facet normal 1 0 0
    outer loop
      vertex 167.55 66.61 105.13397459621557
      vertex 167.55 65.61 105.13397459621557
      vertex 167.55 65.85118095489747 105.03407417371093
    endloop
  endfacet
  facet normal 1 0 0
    outer loop
      vertex 167.55 66.81710678118654 105.29289321881345
      vertex 167.55 65.40289321881346 105.29289321881345
      vertex 167.55 65.61 105.13397459621557
    endloop
  endfacet
  facet normal 1 0 0
    outer loop
      vertex 167.55 66.97602540378443 105.5
      vertex 167.55 65.24397459621557 105.5
      vertex 167.55 65.40289321881346 105.29289321881345
    endloop
  endfacet
  facet normal -1.1793753144539266e-19 -0.1305261922200572 0.9914448613738096
    outer loop
      vertex 167.55 66.36881904510253 105.03407417371093
      vertex 167.55 66.11 105
      vertex 172.55 66.11 105
    endloop
  endfacet
  facet normal 1.1793753144539266e-19 0.1305261922200572 0.9914448613738096
    outer loop
      vertex 167.55 66.11 105
      vertex 167.55 65.85118095489747 105.03407417371093
      vertex 172.55 65.85118095489747 105.03407417371093
    endloop
  endfacet
  facet normal 5.164895368125772e-19 0.382683432365106 0.92387953251128
    outer loop
      vertex 167.55 65.85118095489747 105.03407417371093
      vertex 167.55 65.61 105.13397459621557
      vertex 172.55 65.61 105.13397459621557
    endloop
  endfacet
  facet normal 4.3153768346620485e-19 0.6087614290087112 0.7933533402912424
    outer loop
      vertex 167.55 65.61 105.13397459621557
      vertex 167.55 65.40289321881346 105.29289321881345
      vertex 172.55 65.40289321881346 105.29289321881345
    endloop
  endfacet
  facet normal 2.4515097916204734e-18 0.7933533402912363 0.6087614290087192
    outer loop
      vertex 167.55 65.40289321881346 105.29289321881345
      vertex 167.55 65.24397459621557 105.5
      vertex 172.55 65.24397459621557 105.5
    endloop
  endfacet
  facet normal 0 0.1305261922200572 0.9914448613738096
    outer loop
      vertex 167.55 66.11 105
      vertex 172.55 65.85118095489747 105.03407417371093
      vertex 172.55 66.11 105
    endloop
  endfacet
  facet normal 0 0.382683432365106 0.92387953251128
    outer loop
      vertex 167.55 65.85118095489747 105.03407417371093
      vertex 172.55 65.61 105.13397459621557
      vertex 172.55 65.85118095489747 105.03407417371093
    endloop
  endfacet
  facet normal 0 0.6087614290087112 0.7933533402912424
    outer loop
      vertex 167.55 65.61 105.13397459621557
      vertex 172.55 65.40289321881346 105.29289321881345
      vertex 172.55 65.61 105.13397459621557
    endloop
  endfacet
  facet normal 0 0.7933533402912363 0.6087614290087192
    outer loop
      vertex 167.55 65.40289321881346 105.29289321881345
      vertex 172.55 65.24397459621557 105.5
      vertex 172.55 65.40289321881346 105.29289321881345
    endloop
  endfacet
  facet normal 0 0.92387953251128 0.382683432365106
    outer loop
      vertex 167.55 65.24397459621557 105.5
      vertex 172.55 65.14407417371093 105.74118095489747
      vertex 172.55 65.24397459621557 105.5
    endloop
  endfacet
  facet normal 1 0 0
    outer loop
      vertex 167.55 67.07592582628907 105.74118095489747
      vertex 167.55 67.11 106
      vertex 167.55 65.14407417371093 105.74118095489747
    endloop
  endfacet
  facet normal 1 0 0
    outer loop
      vertex 167.55 67.11 106
      vertex 167.55 67.07592582628907 106.25881904510253
      vertex 167.55 65.11 106
    endloop
  endfacet
  facet normal 1 0 0
    outer loop
      vertex 167.55 67.07592582628907 106.25881904510253
      vertex 167.55 66.97602540378443 106.5
      vertex 167.55 65.14407417371093 106.25881904510253
    endloop
  endfacet
  facet normal 1 0 0
    outer loop
      vertex 167.55 66.97602540378443 106.5
      vertex 167.55 66.81710678118654 106.70710678118655
      vertex 167.55 65.24397459621557 106.5
    endloop
  endfacet
  facet normal 1 0 0
    outer loop
      vertex 167.55 66.81710678118654 106.70710678118655
      vertex 167.55 66.61 106.86602540378443
      vertex 167.55 65.40289321881346 106.70710678118655
    endloop
  endfacet
  facet normal 0 -0.9914448613738096 0.1305261922200572
    outer loop
      vertex 167.55 67.07592582628907 105.74118095489747
      vertex 172.55 67.07592582628907 105.74118095489747
      vertex 167.55 67.11 106
    endloop
  endfacet
  facet normal 0 -0.9914448613738096 -0.1305261922200572
    outer loop
      vertex 167.55 67.11 106
      vertex 172.55 67.11 106
      vertex 167.55 67.07592582628907 106.25881904510253
    endloop
  endfacet
  facet normal 0 -0.92387953251128 -0.382683432365106
    outer loop
      vertex 167.55 67.07592582628907 106.25881904510253
      vertex 172.55 67.07592582628907 106.25881904510253
      vertex 167.55 66.97602540378443 106.5
    endloop
  endfacet
  facet normal 0 -0.7933533402912363 -0.6087614290087192
    outer loop
      vertex 167.55 66.97602540378443 106.5
      vertex 172.55 66.97602540378443 106.5
      vertex 167.55 66.81710678118654 106.70710678118655
    endloop
  endfacet
  facet normal 0 -0.6087614290087112 -0.7933533402912424
    outer loop
      vertex 167.55 66.81710678118654 106.70710678118655
      vertex 172.55 66.81710678118654 106.70710678118655
      vertex 167.55 66.61 106.86602540378443
    endloop
  endfacet
  facet normal 0 -0.382683432365106 -0.92387953251128
    outer loop
      vertex 167.55 66.61 106.86602540378443
      vertex 172.55 66.61 106.86602540378443
      vertex 167.55 66.36881904510253 106.96592582628907
    endloop
  endfacet
  facet normal 0 -0.1305261922200572 -0.9914448613738096
    outer loop
      vertex 167.55 66.36881904510253 106.96592582628907
      vertex 172.55 66.36881904510253 106.96592582628907
      vertex 167.55 66.11 107
    endloop
  endfacet
  facet normal -5.164895368125772e-19 -0.92387953251128 0.382683432365106
    outer loop
      vertex 172.55 66.97602540378443 105.5
      vertex 172.55 67.07592582628907 105.74118095489747
      vertex 167.55 67.07592582628907 105.74118095489747
    endloop
  endfacet
  facet normal 0 -0.9914448613738096 0.1305261922200572
    outer loop
      vertex 167.55 67.11 106
      vertex 172.55 67.07592582628907 105.74118095489747
      vertex 172.55 67.11 106
    endloop
  endfacet
  facet normal 0 -0.9914448613738096 -0.1305261922200572
    outer loop
      vertex 167.55 67.07592582628907 106.25881904510253
      vertex 172.55 67.11 106
      vertex 172.55 67.07592582628907 106.25881904510253
    endloop
  endfacet
  facet normal 0 -0.92387953251128 -0.382683432365106
    outer loop
      vertex 167.55 66.97602540378443 106.5
      vertex 172.55 67.07592582628907 106.25881904510253
      vertex 172.55 66.97602540378443 106.5
    endloop
  endfacet
  facet normal 0 -0.7933533402912363 -0.6087614290087192
    outer loop
      vertex 167.55 66.81710678118654 106.70710678118655
      vertex 172.55 66.97602540378443 106.5
      vertex 172.55 66.81710678118654 106.70710678118655
    endloop
  endfacet
  facet normal 0 -0.6087614290087112 -0.7933533402912424
    outer loop
      vertex 167.55 66.61 106.86602540378443
      vertex 172.55 66.81710678118654 106.70710678118655
      vertex 172.55 66.61 106.86602540378443
    endloop
  endfacet
  facet normal 0 -0.382683432365106 -0.92387953251128
    outer loop
      vertex 167.55 66.36881904510253 106.96592582628907
      vertex 172.55 66.61 106.86602540378443
      vertex 172.55 66.36881904510253 106.96592582628907
    endloop
  endfacet
  facet normal 1 0 0
    outer loop
      vertex 167.55 65.24397459621557 105.5
      vertex 167.55 67.07592582628907 105.74118095489747
      vertex 167.55 65.14407417371093 105.74118095489747
    endloop
  endfacet
  facet normal 1 0 0
    outer loop
      vertex 167.55 67.11 106
      vertex 167.55 65.11 106
      vertex 167.55 65.14407417371093 105.74118095489747
    endloop
  endfacet
  facet normal 1 0 0
    outer loop
      vertex 167.55 67.07592582628907 106.25881904510253
      vertex 167.55 65.14407417371093 106.25881904510253
      vertex 167.55 65.11 106
    endloop
  endfacet
  facet normal 1 0 0
    outer loop
      vertex 167.55 66.97602540378443 106.5
      vertex 167.55 65.24397459621557 106.5
      vertex 167.55 65.14407417371093 106.25881904510253
    endloop
  endfacet
  facet normal 1 0 0
    outer loop
      vertex 167.55 66.81710678118654 106.70710678118655
      vertex 167.55 65.40289321881346 106.70710678118655
      vertex 167.55 65.24397459621557 106.5
    endloop
  endfacet
  facet normal 1 0 0
    outer loop
      vertex 167.55 66.61 106.86602540378443
      vertex 167.55 65.61 106.86602540378443
      vertex 167.55 65.40289321881346 106.70710678118655
    endloop
  endfacet
  facet normal 1 0 0
    outer loop
      vertex 167.55 66.61 106.86602540378443
      vertex 167.55 66.36881904510253 106.96592582628907
      vertex 167.55 65.61 106.86602540378443
    endloop
  endfacet
  facet normal 1 0 0
    outer loop
      vertex 167.55 66.36881904510253 106.96592582628907
      vertex 167.55 66.11 107
      vertex 167.55 65.85118095489747 106.96592582628907
    endloop
  endfacet
  facet normal 1 0 0
    outer loop
      vertex 167.55 66.36881904510253 106.96592582628907
      vertex 167.55 65.85118095489747 106.96592582628907
      vertex 167.55 65.61 106.86602540378443
    endloop
  endfacet
  facet normal 5.164895368125772e-19 0.92387953251128 0.382683432365106
    outer loop
      vertex 167.55 65.24397459621557 105.5
      vertex 167.55 65.14407417371093 105.74118095489747
      vertex 172.55 65.14407417371093 105.74118095489747
    endloop
  endfacet
  facet normal 1.1793753144539266e-19 0.9914448613738096 0.1305261922200572
    outer loop
      vertex 167.55 65.14407417371093 105.74118095489747
      vertex 167.55 65.11 106
      vertex 172.55 65.11 106
    endloop
  endfacet
  facet normal -1.1793753144539266e-19 0.9914448613738096 -0.1305261922200572
    outer loop
      vertex 167.55 65.11 106
      vertex 167.55 65.14407417371093 106.25881904510253
      vertex 172.55 65.14407417371093 106.25881904510253
    endloop
  endfacet
  facet normal -2.4515097916204734e-18 0.7933533402912363 -0.6087614290087192
    outer loop
      vertex 167.55 65.24397459621557 106.5
      vertex 167.55 65.40289321881346 106.70710678118655
      vertex 172.55 65.40289321881346 106.70710678118655
    endloop
  endfacet
  facet normal -5.164895368125772e-19 0.92387953251128 -0.382683432365106
    outer loop
      vertex 167.55 65.14407417371093 106.25881904510253
      vertex 167.55 65.24397459621557 106.5
      vertex 172.55 65.24397459621557 106.5
    endloop
  endfacet
  facet normal 0 0.1305261922200572 -0.9914448613738096
    outer loop
      vertex 167.55 66.11 107
      vertex 172.55 66.11 107
      vertex 167.55 65.85118095489747 106.96592582628907
    endloop
  endfacet
  facet normal 0 0.6087614290087112 -0.7933533402912424
    outer loop
      vertex 167.55 65.61 106.86602540378443
      vertex 172.55 65.61 106.86602540378443
      vertex 167.55 65.40289321881346 106.70710678118655
    endloop
  endfacet
  facet normal 0 0.382683432365106 -0.92387953251128
    outer loop
      vertex 167.55 65.85118095489747 106.96592582628907
      vertex 172.55 65.85118095489747 106.96592582628907
      vertex 167.55 65.61 106.86602540378443
    endloop
  endfacet
  facet normal 0 0.9914448613738096 0.1305261922200572
    outer loop
      vertex 167.55 65.14407417371093 105.74118095489747
      vertex 172.55 65.11 106
      vertex 172.55 65.14407417371093 105.74118095489747
    endloop
  endfacet
  facet normal 0 0.9914448613738096 -0.1305261922200572
    outer loop
      vertex 167.55 65.11 106
      vertex 172.55 65.14407417371093 106.25881904510253
      vertex 172.55 65.11 106
    endloop
  endfacet
  facet normal 0 0.92387953251128 -0.382683432365106
    outer loop
      vertex 167.55 65.14407417371093 106.25881904510253
      vertex 172.55 65.24397459621557 106.5
      vertex 172.55 65.14407417371093 106.25881904510253
    endloop
  endfacet
  facet normal 0 0.7933533402912363 -0.6087614290087192
    outer loop
      vertex 167.55 65.24397459621557 106.5
      vertex 172.55 65.40289321881346 106.70710678118655
      vertex 172.55 65.24397459621557 106.5
    endloop
  endfacet
  facet normal 0 -0.1305261922200572 -0.9914448613738096
    outer loop
      vertex 167.55 66.11 107
      vertex 172.55 66.36881904510253 106.96592582628907
      vertex 172.55 66.11 107
    endloop
  endfacet
  facet normal 0 0.1305261922200572 -0.9914448613738096
    outer loop
      vertex 167.55 65.85118095489747 106.96592582628907
      vertex 172.55 66.11 107
      vertex 172.55 65.85118095489747 106.96592582628907
    endloop
  endfacet
  facet normal 0 0.382683432365106 -0.92387953251128
    outer loop
      vertex 167.55 65.61 106.86602540378443
      vertex 172.55 65.85118095489747 106.96592582628907
      vertex 172.55 65.61 106.86602540378443
    endloop
  endfacet
  facet normal 0 0.6087614290087112 -0.7933533402912424
    outer loop
      vertex 167.55 65.40289321881346 106.70710678118655
      vertex 172.55 65.61 106.86602540378443
      vertex 172.55 65.40289321881346 106.70710678118655
    endloop
  endfacet
  facet normal 1 0 0
    outer loop
      vertex 167.55 21.918819045102524 105.03407417371093
      vertex 167.55 22.159999999999997 105.13397459621557
      vertex 167.55 21.40118095489747 105.03407417371093
    endloop
  endfacet
  facet normal 1 0 0
    outer loop
      vertex 167.55 21.918819045102524 105.03407417371093
      vertex 167.55 21.40118095489747 105.03407417371093
      vertex 167.55 21.659999999999997 105
    endloop
  endfacet
  facet normal 1 0 0
    outer loop
      vertex 167.55 22.36710678118655 105.29289321881345
      vertex 167.55 22.52602540378443 105.5
      vertex 167.55 20.952893218813443 105.29289321881345
    endloop
  endfacet
  facet normal 1 0 0
    outer loop
      vertex 167.55 22.52602540378443 105.5
      vertex 167.55 22.625925826289063 105.74118095489747
      vertex 167.55 20.793974596215563 105.5
    endloop
  endfacet
  facet normal 1 0 0
    outer loop
      vertex 167.55 22.36710678118655 105.29289321881345
      vertex 167.55 21.159999999999997 105.13397459621557
      vertex 167.55 22.159999999999997 105.13397459621557
    endloop
  endfacet
  facet normal 0 -0.7933533402912626 0.6087614290086849
    outer loop
      vertex 167.55 22.36710678118655 105.29289321881345
      vertex 172.55 22.36710678118655 105.29289321881345
      vertex 167.55 22.52602540378443 105.5
    endloop
  endfacet
  facet normal 0 -0.92387953251128 0.382683432365106
    outer loop
      vertex 167.55 22.52602540378443 105.5
      vertex 172.55 22.52602540378443 105.5
      vertex 167.55 22.625925826289063 105.74118095489747
    endloop
  endfacet
  facet normal 0 -0.382683432365106 0.92387953251128
    outer loop
      vertex 167.55 21.918819045102524 105.03407417371093
      vertex 172.55 21.918819045102524 105.03407417371093
      vertex 167.55 22.159999999999997 105.13397459621557
    endloop
  endfacet
  facet normal -1.1793753144539266e-19 -0.1305261922200572 0.9914448613738096
    outer loop
      vertex 167.55 21.918819045102524 105.03407417371093
      vertex 167.55 21.659999999999997 105
      vertex 172.55 21.659999999999997 105
    endloop
  endfacet
  facet normal 2.042248193323833e-18 -0.6087614290086849 0.7933533402912626
    outer loop
      vertex 167.55 22.36710678118655 105.29289321881345
      vertex 167.55 22.159999999999997 105.13397459621557
      vertex 172.55 22.159999999999997 105.13397459621557
    endloop
  endfacet
  facet normal 1 0 0
    outer loop
      vertex 167.55 22.159999999999997 105.13397459621557
      vertex 167.55 21.159999999999997 105.13397459621557
      vertex 167.55 21.40118095489747 105.03407417371093
    endloop
  endfacet
  facet normal 1 0 0
    outer loop
      vertex 167.55 22.36710678118655 105.29289321881345
      vertex 167.55 20.952893218813443 105.29289321881345
      vertex 167.55 21.159999999999997 105.13397459621557
    endloop
  endfacet
  facet normal 1 0 0
    outer loop
      vertex 167.55 22.52602540378443 105.5
      vertex 167.55 20.793974596215563 105.5
      vertex 167.55 20.952893218813443 105.29289321881345
    endloop
  endfacet
  facet normal 1.1793753144539266e-19 0.1305261922200572 0.9914448613738096
    outer loop
      vertex 167.55 21.659999999999997 105
      vertex 167.55 21.40118095489747 105.03407417371093
      vertex 172.55 21.40118095489747 105.03407417371093
    endloop
  endfacet
  facet normal 5.164895368125772e-19 0.382683432365106 0.92387953251128
    outer loop
      vertex 167.55 21.40118095489747 105.03407417371093
      vertex 167.55 21.159999999999997 105.13397459621557
      vertex 172.55 21.159999999999997 105.13397459621557
    endloop
  endfacet
  facet normal -2.042248193323833e-18 0.6087614290086849 0.7933533402912626
    outer loop
      vertex 167.55 21.159999999999997 105.13397459621557
      vertex 167.55 20.952893218813443 105.29289321881345
      vertex 172.55 20.952893218813443 105.29289321881345
    endloop
  endfacet
  facet normal -2.042248193323833e-18 0.7933533402912626 0.6087614290086849
    outer loop
      vertex 167.55 20.952893218813443 105.29289321881345
      vertex 167.55 20.793974596215563 105.5
      vertex 172.55 20.793974596215563 105.5
    endloop
  endfacet
  facet normal 0 -0.7933533402912626 0.6087614290086849
    outer loop
      vertex 167.55 22.52602540378443 105.5
      vertex 172.55 22.36710678118655 105.29289321881345
      vertex 172.55 22.52602540378443 105.5
    endloop
  endfacet
  facet normal 0 -0.382683432365106 0.92387953251128
    outer loop
      vertex 167.55 22.159999999999997 105.13397459621557
      vertex 172.55 21.918819045102524 105.03407417371093
      vertex 172.55 22.159999999999997 105.13397459621557
    endloop
  endfacet
  facet normal 0 -0.1305261922200572 0.9914448613738096
    outer loop
      vertex 167.55 21.918819045102524 105.03407417371093
      vertex 172.55 21.659999999999997 105
      vertex 172.55 21.918819045102524 105.03407417371093
    endloop
  endfacet
  facet normal 0 -0.6087614290086849 0.7933533402912626
    outer loop
      vertex 167.55 22.36710678118655 105.29289321881345
      vertex 172.55 22.159999999999997 105.13397459621557
      vertex 172.55 22.36710678118655 105.29289321881345
    endloop
  endfacet
  facet normal 0 0.1305261922200572 0.9914448613738096
    outer loop
      vertex 167.55 21.659999999999997 105
      vertex 172.55 21.40118095489747 105.03407417371093
      vertex 172.55 21.659999999999997 105
    endloop
  endfacet
  facet normal 0 0.382683432365106 0.92387953251128
    outer loop
      vertex 167.55 21.40118095489747 105.03407417371093
      vertex 172.55 21.159999999999997 105.13397459621557
      vertex 172.55 21.40118095489747 105.03407417371093
    endloop
  endfacet
  facet normal 0 0.6087614290086849 0.7933533402912626
    outer loop
      vertex 167.55 21.159999999999997 105.13397459621557
      vertex 172.55 20.952893218813443 105.29289321881345
      vertex 172.55 21.159999999999997 105.13397459621557
    endloop
  endfacet
  facet normal 0 0.7933533402912626 0.6087614290086849
    outer loop
      vertex 167.55 20.952893218813443 105.29289321881345
      vertex 172.55 20.793974596215563 105.5
      vertex 172.55 20.952893218813443 105.29289321881345
    endloop
  endfacet
  facet normal 0 0.92387953251128 0.382683432365106
    outer loop
      vertex 167.55 20.793974596215563 105.5
      vertex 172.55 20.69407417371093 105.74118095489747
      vertex 172.55 20.793974596215563 105.5
    endloop
  endfacet
  facet normal 1 0 0
    outer loop
      vertex 167.55 22.625925826289063 105.74118095489747
      vertex 167.55 22.659999999999997 106
      vertex 167.55 20.69407417371093 105.74118095489747
    endloop
  endfacet
  facet normal 1 0 0
    outer loop
      vertex 167.55 22.659999999999997 106
      vertex 167.55 22.625925826289063 106.25881904510253
      vertex 167.55 20.659999999999997 106
    endloop
  endfacet
  facet normal 1 0 0
    outer loop
      vertex 167.55 22.625925826289063 106.25881904510253
      vertex 167.55 22.52602540378443 106.5
      vertex 167.55 20.69407417371093 106.25881904510253
    endloop
  endfacet
  facet normal 1 0 0
    outer loop
      vertex 167.55 22.52602540378443 106.5
      vertex 167.55 22.36710678118655 106.70710678118655
      vertex 167.55 20.793974596215563 106.5
    endloop
  endfacet
  facet normal 1 0 0
    outer loop
      vertex 167.55 22.36710678118655 106.70710678118655
      vertex 167.55 22.159999999999997 106.86602540378443
      vertex 167.55 20.952893218813443 106.70710678118655
    endloop
  endfacet
  facet normal 1 0 0
    outer loop
      vertex 167.55 22.159999999999997 106.86602540378443
      vertex 167.55 21.918819045102524 106.96592582628907
      vertex 167.55 21.159999999999997 106.86602540378443
    endloop
  endfacet
  facet normal 1 0 0
    outer loop
      vertex 167.55 21.918819045102524 106.96592582628907
      vertex 167.55 21.659999999999997 107
      vertex 167.55 21.40118095489747 106.96592582628907
    endloop
  endfacet
  facet normal 0 -0.9914448613738096 0.1305261922200572
    outer loop
      vertex 167.55 22.625925826289063 105.74118095489747
      vertex 172.55 22.625925826289063 105.74118095489747
      vertex 167.55 22.659999999999997 106
    endloop
  endfacet
  facet normal 0 -0.9914448613738096 -0.1305261922200572
    outer loop
      vertex 167.55 22.659999999999997 106
      vertex 172.55 22.659999999999997 106
      vertex 167.55 22.625925826289063 106.25881904510253
    endloop
  endfacet
  facet normal 0 -0.92387953251128 -0.382683432365106
    outer loop
      vertex 167.55 22.625925826289063 106.25881904510253
      vertex 172.55 22.625925826289063 106.25881904510253
      vertex 167.55 22.52602540378443 106.5
    endloop
  endfacet
  facet normal 0 -0.7933533402912626 -0.6087614290086849
    outer loop
      vertex 167.55 22.52602540378443 106.5
      vertex 172.55 22.52602540378443 106.5
      vertex 167.55 22.36710678118655 106.70710678118655
    endloop
  endfacet
  facet normal 0 -0.6087614290086849 -0.7933533402912626
    outer loop
      vertex 167.55 22.36710678118655 106.70710678118655
      vertex 172.55 22.36710678118655 106.70710678118655
      vertex 167.55 22.159999999999997 106.86602540378443
    endloop
  endfacet
  facet normal 0 -0.382683432365106 -0.92387953251128
    outer loop
      vertex 167.55 22.159999999999997 106.86602540378443
      vertex 172.55 22.159999999999997 106.86602540378443
      vertex 167.55 21.918819045102524 106.96592582628907
    endloop
  endfacet
  facet normal 0 -0.1305261922200572 -0.9914448613738096
    outer loop
      vertex 167.55 21.918819045102524 106.96592582628907
      vertex 172.55 21.918819045102524 106.96592582628907
      vertex 167.55 21.659999999999997 107
    endloop
  endfacet
  facet normal 1 0 0
    outer loop
      vertex 167.55 20.793974596215563 105.5
      vertex 167.55 22.625925826289063 105.74118095489747
      vertex 167.55 20.69407417371093 105.74118095489747
    endloop
  endfacet
  facet normal 1 0 0
    outer loop
      vertex 167.55 22.659999999999997 106
      vertex 167.55 20.659999999999997 106
      vertex 167.55 20.69407417371093 105.74118095489747
    endloop
  endfacet
  facet normal 1 0 0
    outer loop
      vertex 167.55 22.625925826289063 106.25881904510253
      vertex 167.55 20.69407417371093 106.25881904510253
      vertex 167.55 20.659999999999997 106
    endloop
  endfacet
  facet normal 1 0 0
    outer loop
      vertex 167.55 22.52602540378443 106.5
      vertex 167.55 20.793974596215563 106.5
      vertex 167.55 20.69407417371093 106.25881904510253
    endloop
  endfacet
  facet normal 1 0 0
    outer loop
      vertex 167.55 22.36710678118655 106.70710678118655
      vertex 167.55 20.952893218813443 106.70710678118655
      vertex 167.55 20.793974596215563 106.5
    endloop
  endfacet
  facet normal 1 0 0
    outer loop
      vertex 167.55 22.159999999999997 106.86602540378443
      vertex 167.55 21.159999999999997 106.86602540378443
      vertex 167.55 20.952893218813443 106.70710678118655
    endloop
  endfacet
  facet normal 1 0 0
    outer loop
      vertex 167.55 21.918819045102524 106.96592582628907
      vertex 167.55 21.40118095489747 106.96592582628907
      vertex 167.55 21.159999999999997 106.86602540378443
    endloop
  endfacet
  facet normal 2.042248193323833e-18 0.7933533402912626 -0.6087614290086849
    outer loop
      vertex 167.55 20.793974596215563 106.5
      vertex 167.55 20.952893218813443 106.70710678118655
      vertex 172.55 20.952893218813443 106.70710678118655
    endloop
  endfacet
  facet normal 5.164895368125772e-19 0.92387953251128 0.382683432365106
    outer loop
      vertex 167.55 20.793974596215563 105.5
      vertex 167.55 20.69407417371093 105.74118095489747
      vertex 172.55 20.69407417371093 105.74118095489747
    endloop
  endfacet
  facet normal 1.1793753144539266e-19 0.9914448613738096 0.1305261922200572
    outer loop
      vertex 167.55 20.69407417371093 105.74118095489747
      vertex 167.55 20.659999999999997 106
      vertex 172.55 20.659999999999997 106
    endloop
  endfacet
  facet normal -1.1793753144539266e-19 0.9914448613738096 -0.1305261922200572
    outer loop
      vertex 167.55 20.659999999999997 106
      vertex 167.55 20.69407417371093 106.25881904510253
      vertex 172.55 20.69407417371093 106.25881904510253
    endloop
  endfacet
  facet normal -5.164895368125772e-19 0.92387953251128 -0.382683432365106
    outer loop
      vertex 167.55 20.69407417371093 106.25881904510253
      vertex 167.55 20.793974596215563 106.5
      vertex 172.55 20.793974596215563 106.5
    endloop
  endfacet
  facet normal 0 0.1305261922200572 -0.9914448613738096
    outer loop
      vertex 167.55 21.659999999999997 107
      vertex 172.55 21.659999999999997 107
      vertex 167.55 21.40118095489747 106.96592582628907
    endloop
  endfacet
  facet normal 0 0.382683432365106 -0.92387953251128
    outer loop
      vertex 167.55 21.40118095489747 106.96592582628907
      vertex 172.55 21.40118095489747 106.96592582628907
      vertex 167.55 21.159999999999997 106.86602540378443
    endloop
  endfacet
  facet normal 0 0.6087614290086849 -0.7933533402912626
    outer loop
      vertex 167.55 21.159999999999997 106.86602540378443
      vertex 172.55 21.159999999999997 106.86602540378443
      vertex 167.55 20.952893218813443 106.70710678118655
    endloop
  endfacet
  facet normal -5.164895368125772e-19 -0.92387953251128 0.382683432365106
    outer loop
      vertex 172.55 22.52602540378443 105.5
      vertex 172.55 22.625925826289063 105.74118095489747
      vertex 167.55 22.625925826289063 105.74118095489747
    endloop
  endfacet
  facet normal 0 -0.9914448613738096 0.1305261922200572
    outer loop
      vertex 167.55 22.659999999999997 106
      vertex 172.55 22.625925826289063 105.74118095489747
      vertex 172.55 22.659999999999997 106
    endloop
  endfacet
  facet normal 0 -0.9914448613738096 -0.1305261922200572
    outer loop
      vertex 167.55 22.625925826289063 106.25881904510253
      vertex 172.55 22.659999999999997 106
      vertex 172.55 22.625925826289063 106.25881904510253
    endloop
  endfacet
  facet normal 0 -0.92387953251128 -0.382683432365106
    outer loop
      vertex 167.55 22.52602540378443 106.5
      vertex 172.55 22.625925826289063 106.25881904510253
      vertex 172.55 22.52602540378443 106.5
    endloop
  endfacet
  facet normal 0 -0.7933533402912626 -0.6087614290086849
    outer loop
      vertex 167.55 22.36710678118655 106.70710678118655
      vertex 172.55 22.52602540378443 106.5
      vertex 172.55 22.36710678118655 106.70710678118655
    endloop
  endfacet
  facet normal 0 -0.6087614290086849 -0.7933533402912626
    outer loop
      vertex 167.55 22.159999999999997 106.86602540378443
      vertex 172.55 22.36710678118655 106.70710678118655
      vertex 172.55 22.159999999999997 106.86602540378443
    endloop
  endfacet
  facet normal 0 -0.382683432365106 -0.92387953251128
    outer loop
      vertex 167.55 21.918819045102524 106.96592582628907
      vertex 172.55 22.159999999999997 106.86602540378443
      vertex 172.55 21.918819045102524 106.96592582628907
    endloop
  endfacet
  facet normal 0 -0.1305261922200572 -0.9914448613738096
    outer loop
      vertex 167.55 21.659999999999997 107
      vertex 172.55 21.918819045102524 106.96592582628907
      vertex 172.55 21.659999999999997 107
    endloop
  endfacet
  facet normal 0 0.9914448613738096 0.1305261922200572
    outer loop
      vertex 167.55 20.69407417371093 105.74118095489747
      vertex 172.55 20.659999999999997 106
      vertex 172.55 20.69407417371093 105.74118095489747
    endloop
  endfacet
  facet normal 0 0.9914448613738096 -0.1305261922200572
    outer loop
      vertex 167.55 20.659999999999997 106
      vertex 172.55 20.69407417371093 106.25881904510253
      vertex 172.55 20.659999999999997 106
    endloop
  endfacet
  facet normal 0 0.92387953251128 -0.382683432365106
    outer loop
      vertex 167.55 20.69407417371093 106.25881904510253
      vertex 172.55 20.793974596215563 106.5
      vertex 172.55 20.69407417371093 106.25881904510253
    endloop
  endfacet
  facet normal 0 0.7933533402912626 -0.6087614290086849
    outer loop
      vertex 167.55 20.793974596215563 106.5
      vertex 172.55 20.952893218813443 106.70710678118655
      vertex 172.55 20.793974596215563 106.5
    endloop
  endfacet
  facet normal 0 0.1305261922200572 -0.9914448613738096
    outer loop
      vertex 167.55 21.40118095489747 106.96592582628907
      vertex 172.55 21.659999999999997 107
      vertex 172.55 21.40118095489747 106.96592582628907
    endloop
  endfacet
  facet normal 0 0.382683432365106 -0.92387953251128
    outer loop
      vertex 167.55 21.159999999999997 106.86602540378443
      vertex 172.55 21.40118095489747 106.96592582628907
      vertex 172.55 21.159999999999997 106.86602540378443
    endloop
  endfacet
  facet normal 0 0.6087614290086849 -0.7933533402912626
    outer loop
      vertex 167.55 20.952893218813443 106.70710678118655
      vertex 172.55 21.159999999999997 106.86602540378443
      vertex 172.55 20.952893218813443 106.70710678118655
    endloop
  endfacet
  facet normal -0.3826834323650918 1.03990345543707e-17 -0.923879532511286
    outer loop
      vertex 51.95000000000001 92.11 56.66987298107781
      vertex 53.15590477448741 92.11 56.170370868554656
      vertex 53.15590477448741 88.11 56.170370868554656
    endloop
  endfacet
  facet normal -0.3826834323650918 0 -0.923879532511286
    outer loop
      vertex 51.95000000000001 92.11 56.66987298107781
      vertex 53.15590477448741 88.11 56.170370868554656
      vertex 51.95000000000001 88.11 56.66987298107781
    endloop
  endfacet
  facet normal -0.13052619222005002 0 -0.9914448613738106
    outer loop
      vertex 53.15590477448741 92.11 56.170370868554656
      vertex 54.45000000000001 88.11 56
      vertex 53.15590477448741 88.11 56.170370868554656
    endloop
  endfacet
  facet normal -0.793353340291236 0 -0.6087614290087194
    outer loop
      vertex 50.11987298107782 92.11 58.5
      vertex 50.91446609406727 92.11 57.46446609406726
      vertex 50.11987298107782 88.11 58.5
    endloop
  endfacet
  facet normal -0.793353340291236 -7.519256111034418e-18 -0.6087614290087194
    outer loop
      vertex 50.11987298107782 88.11 58.5
      vertex 50.91446609406727 92.11 57.46446609406726
      vertex 50.91446609406727 88.11 57.46446609406726
    endloop
  endfacet
  facet normal -0.9238795325112872 0 -0.38268343236508906
    outer loop
      vertex 50.11987298107782 92.11 58.5
      vertex 50.11987298107782 88.11 58.5
      vertex 49.62037086855467 88.11 59.705904774487394
    endloop
  endfacet
  facet normal -0.9238795325112872 -7.759872569608347e-18 -0.38268343236508906
    outer loop
      vertex 50.11987298107782 92.11 58.5
      vertex 49.62037086855467 88.11 59.705904774487394
      vertex 49.62037086855467 92.11 59.705904774487394
    endloop
  endfacet
  facet normal -0.9914448613738099 2.3885386436246488e-18 -0.13052619222005465
    outer loop
      vertex 49.62037086855467 92.11 59.705904774487394
      vertex 49.45000000000001 88.11 61
      vertex 49.45000000000001 92.11 61
    endloop
  endfacet
  facet normal 0 1 0
    outer loop
      vertex 50.11987298107782 92.11 58.5
      vertex 49.62037086855467 92.11 59.705904774487394
      vertex 50.11987298107782 92.11 63.5
    endloop
  endfacet
  facet normal 0 1 0
    outer loop
      vertex 50.11987298107782 92.11 58.5
      vertex 50.91446609406727 92.11 64.53553390593274
      vertex 50.91446609406727 92.11 57.46446609406726
    endloop
  endfacet
  facet normal -0.9914448613738099 0 -0.13052619222005465
    outer loop
      vertex 49.62037086855467 92.11 59.705904774487394
      vertex 49.62037086855467 88.11 59.705904774487394
      vertex 49.45000000000001 88.11 61
    endloop
  endfacet
  facet normal -0.6087614290087194 0 -0.793353340291236
    outer loop
      vertex 51.95000000000001 92.11 56.66987298107781
      vertex 51.95000000000001 88.11 56.66987298107781
      vertex 50.91446609406727 92.11 57.46446609406726
    endloop
  endfacet
  facet normal 0 1 0
    outer loop
      vertex 53.15590477448741 92.11 56.170370868554656
      vertex 53.566116523516826 92.11 60.116116523516816
      vertex 53.97164570954365 92.11 59.845150584360894
    endloop
  endfacet
  facet normal 0 1 0
    outer loop
      vertex 53.15590477448741 92.11 56.170370868554656
      vertex 53.97164570954365 92.11 59.845150584360894
      vertex 54.45000000000001 92.11 59.75
    endloop
  endfacet
  facet normal -0.6087614290087194 -7.519256111034418e-18 -0.793353340291236
    outer loop
      vertex 51.95000000000001 88.11 56.66987298107781
      vertex 50.91446609406727 88.11 57.46446609406726
      vertex 50.91446609406727 92.11 57.46446609406726
    endloop
  endfacet
  facet normal 0 1 0
    outer loop
      vertex 51.95000000000001 92.11 56.66987298107781
      vertex 50.91446609406727 92.11 57.46446609406726
      vertex 51.95000000000001 92.11 65.3301270189222
    endloop
  endfacet
  facet normal 0 1 0
    outer loop
      vertex 53.15590477448741 92.11 56.170370868554656
      vertex 53.20000000000001 92.11 61
      vertex 53.2951505843609 92.11 60.52164570954364
    endloop
  endfacet
  facet normal 0 1 0
    outer loop
      vertex 51.95000000000001 92.11 56.66987298107781
      vertex 53.15590477448741 92.11 65.82962913144534
      vertex 53.15590477448741 92.11 56.170370868554656
    endloop
  endfacet
  facet normal 0 1 0
    outer loop
      vertex 53.15590477448741 92.11 56.170370868554656
      vertex 53.2951505843609 92.11 60.52164570954364
      vertex 53.566116523516826 92.11 60.116116523516816
    endloop
  endfacet
  facet normal 0 1 0
    outer loop
      vertex 49.62037086855467 92.11 59.705904774487394
      vertex 49.45000000000001 92.11 61
      vertex 49.62037086855467 92.11 62.294095225512606
    endloop
  endfacet
  facet normal 0 1 0
    outer loop
      vertex 49.62037086855467 92.11 59.705904774487394
      vertex 49.62037086855467 92.11 62.294095225512606
      vertex 50.11987298107782 92.11 63.5
    endloop
  endfacet
  facet normal -0.9914448613738099 -2.3885386436246488e-18 0.13052619222005465
    outer loop
      vertex 49.45000000000001 92.11 61
      vertex 49.62037086855467 88.11 62.294095225512606
      vertex 49.62037086855467 92.11 62.294095225512606
    endloop
  endfacet
  facet normal 0 1 0
    outer loop
      vertex 50.11987298107782 92.11 58.5
      vertex 50.11987298107782 92.11 63.5
      vertex 50.91446609406727 92.11 64.53553390593274
    endloop
  endfacet
  facet normal -0.9914448613738099 0 0.13052619222005465
    outer loop
      vertex 49.45000000000001 92.11 61
      vertex 49.45000000000001 88.11 61
      vertex 49.62037086855467 88.11 62.294095225512606
    endloop
  endfacet
  facet normal -0.9238795325112872 0 0.38268343236508906
    outer loop
      vertex 49.62037086855467 92.11 62.294095225512606
      vertex 49.62037086855467 88.11 62.294095225512606
      vertex 50.11987298107782 88.11 63.5
    endloop
  endfacet
  facet normal -0.9238795325112872 7.759872569608347e-18 0.38268343236508906
    outer loop
      vertex 49.62037086855467 92.11 62.294095225512606
      vertex 50.11987298107782 88.11 63.5
      vertex 50.11987298107782 92.11 63.5
    endloop
  endfacet
  facet normal -0.793353340291236 7.519256111034418e-18 0.6087614290087194
    outer loop
      vertex 50.11987298107782 92.11 63.5
      vertex 50.91446609406727 88.11 64.53553390593274
      vertex 50.91446609406727 92.11 64.53553390593274
    endloop
  endfacet
  facet normal -0.793353340291236 0 0.6087614290087194
    outer loop
      vertex 50.11987298107782 92.11 63.5
      vertex 50.11987298107782 88.11 63.5
      vertex 50.91446609406727 88.11 64.53553390593274
    endloop
  endfacet
  facet normal 0 1 0
    outer loop
      vertex 50.91446609406727 92.11 57.46446609406726
      vertex 50.91446609406727 92.11 64.53553390593274
      vertex 51.95000000000001 92.11 65.3301270189222
    endloop
  endfacet
  facet normal 0 1 0
    outer loop
      vertex 51.95000000000001 92.11 56.66987298107781
      vertex 51.95000000000001 92.11 65.3301270189222
      vertex 53.15590477448741 92.11 65.82962913144534
    endloop
  endfacet
  facet normal 0 1 0
    outer loop
      vertex 53.15590477448741 92.11 56.170370868554656
      vertex 53.15590477448741 92.11 65.82962913144534
      vertex 53.20000000000001 92.11 61
    endloop
  endfacet
  facet normal 0 1 0
    outer loop
      vertex 53.20000000000001 92.11 61
      vertex 53.15590477448741 92.11 65.82962913144534
      vertex 53.2951505843609 92.11 61.47835429045636
    endloop
  endfacet
  facet normal -0.6087614290087229 0 0.7933533402912335
    outer loop
      vertex 50.91446609406727 92.11 64.53553390593274
      vertex 50.91446609406727 88.11 64.53553390593274
      vertex 51.95000000000001 92.11 65.3301270189222
    endloop
  endfacet
  facet normal 0 1 0
    outer loop
      vertex 53.2951505843609 92.11 61.47835429045636
      vertex 53.15590477448741 92.11 65.82962913144534
      vertex 53.566116523516826 92.11 61.883883476483184
    endloop
  endfacet
  facet normal 0 1 0
    outer loop
      vertex 53.566116523516826 92.11 61.883883476483184
      vertex 53.15590477448741 92.11 65.82962913144534
      vertex 54.45000000000001 92.11 66
    endloop
  endfacet
  facet normal -0.13052619222005002 1.8745791940700374e-18 -0.9914448613738106
    outer loop
      vertex 53.15590477448741 92.11 56.170370868554656
      vertex 54.45000000000001 92.11 56
      vertex 54.45000000000001 88.11 56
    endloop
  endfacet
  facet normal 0.13052619222005002 -1.8745791940700374e-18 -0.9914448613738106
    outer loop
      vertex 54.45000000000001 92.11 56
      vertex 55.74409522551261 92.11 56.170370868554656
      vertex 55.74409522551261 88.11 56.170370868554656
    endloop
  endfacet
  facet normal 0.3826834323650918 -1.03990345543707e-17 -0.923879532511286
    outer loop
      vertex 55.74409522551261 92.11 56.170370868554656
      vertex 56.95000000000001 92.11 56.66987298107781
      vertex 56.95000000000001 88.11 56.66987298107781
    endloop
  endfacet
  facet normal 0.13052619222005002 0 -0.9914448613738106
    outer loop
      vertex 54.45000000000001 92.11 56
      vertex 55.74409522551261 88.11 56.170370868554656
      vertex 54.45000000000001 88.11 56
    endloop
  endfacet
  facet normal 0.3826834323650918 0 -0.923879532511286
    outer loop
      vertex 55.74409522551261 92.11 56.170370868554656
      vertex 56.95000000000001 88.11 56.66987298107781
      vertex 55.74409522551261 88.11 56.170370868554656
    endloop
  endfacet
  facet normal 0 1 0
    outer loop
      vertex 53.15590477448741 92.11 56.170370868554656
      vertex 54.45000000000001 92.11 59.75
      vertex 54.45000000000001 92.11 56
    endloop
  endfacet
  facet normal 0 1 0
    outer loop
      vertex 54.45000000000001 92.11 56
      vertex 55.333883476483194 92.11 60.116116523516816
      vertex 55.74409522551261 92.11 56.170370868554656
    endloop
  endfacet
  facet normal 0 1 0
    outer loop
      vertex 54.45000000000001 92.11 56
      vertex 54.45000000000001 92.11 59.75
      vertex 54.92835429045637 92.11 59.845150584360894
    endloop
  endfacet
  facet normal 0 1 0
    outer loop
      vertex 54.45000000000001 92.11 56
      vertex 54.92835429045637 92.11 59.845150584360894
      vertex 55.333883476483194 92.11 60.116116523516816
    endloop
  endfacet
  facet normal 0 1 0
    outer loop
      vertex 55.74409522551261 92.11 56.170370868554656
      vertex 55.333883476483194 92.11 60.116116523516816
      vertex 55.60484941563912 92.11 60.52164570954364
    endloop
  endfacet
  facet normal 0 1 0
    outer loop
      vertex 55.74409522551261 92.11 56.170370868554656
      vertex 55.60484941563912 92.11 60.52164570954364
      vertex 55.70000000000001 92.11 61
    endloop
  endfacet
  facet normal 0 1 0
    outer loop
      vertex 55.74409522551261 92.11 56.170370868554656
      vertex 56.95000000000001 92.11 65.3301270189222
      vertex 56.95000000000001 92.11 56.66987298107781
    endloop
  endfacet
  facet normal 0.6087614290087194 7.519256111034418e-18 -0.793353340291236
    outer loop
      vertex 56.95000000000001 92.11 56.66987298107781
      vertex 57.98553390593275 92.11 57.46446609406726
      vertex 57.98553390593275 88.11 57.46446609406726
    endloop
  endfacet
  facet normal 0.793353340291236 0 -0.6087614290087194
    outer loop
      vertex 57.98553390593275 92.11 57.46446609406726
      vertex 58.7801270189222 92.11 58.5
      vertex 57.98553390593275 88.11 57.46446609406726
    endloop
  endfacet
  facet normal 0.9238795325112872 0 -0.38268343236508906
    outer loop
      vertex 58.7801270189222 92.11 58.5
      vertex 59.27962913144535 92.11 59.705904774487394
      vertex 58.7801270189222 88.11 58.5
    endloop
  endfacet
  facet normal 0.6087614290087194 0 -0.793353340291236
    outer loop
      vertex 56.95000000000001 92.11 56.66987298107781
      vertex 57.98553390593275 88.11 57.46446609406726
      vertex 56.95000000000001 88.11 56.66987298107781
    endloop
  endfacet
  facet normal 0.793353340291236 0 -0.6087614290087194
    outer loop
      vertex 58.7801270189222 92.11 58.5
      vertex 58.7801270189222 88.11 58.5
      vertex 57.98553390593275 88.11 57.46446609406726
    endloop
  endfacet
  facet normal 0 1 0
    outer loop
      vertex 56.95000000000001 92.11 56.66987298107781
      vertex 57.98553390593275 92.11 64.53553390593274
      vertex 57.98553390593275 92.11 57.46446609406726
    endloop
  endfacet
  facet normal 0 1 0
    outer loop
      vertex 57.98553390593275 92.11 57.46446609406726
      vertex 58.7801270189222 92.11 63.5
      vertex 58.7801270189222 92.11 58.5
    endloop
  endfacet
  facet normal 0 1 0
    outer loop
      vertex 58.7801270189222 92.11 58.5
      vertex 59.27962913144535 92.11 62.294095225512606
      vertex 59.27962913144535 92.11 59.705904774487394
    endloop
  endfacet
  facet normal 0.9238795325112872 7.759872569608347e-18 -0.38268343236508906
    outer loop
      vertex 58.7801270189222 88.11 58.5
      vertex 59.27962913144535 92.11 59.705904774487394
      vertex 59.27962913144535 88.11 59.705904774487394
    endloop
  endfacet
  facet normal 0 1 0
    outer loop
      vertex 55.74409522551261 92.11 56.170370868554656
      vertex 55.70000000000001 92.11 61
      vertex 55.74409522551261 92.11 65.82962913144534
    endloop
  endfacet
  facet normal 0 1 0
    outer loop
      vertex 55.70000000000001 92.11 61
      vertex 55.60484941563912 92.11 61.47835429045636
      vertex 55.74409522551261 92.11 65.82962913144534
    endloop
  endfacet
  facet normal 0 1 0
    outer loop
      vertex 55.74409522551261 92.11 56.170370868554656
      vertex 55.74409522551261 92.11 65.82962913144534
      vertex 56.95000000000001 92.11 65.3301270189222
    endloop
  endfacet
  facet normal 0 1 0
    outer loop
      vertex 53.566116523516826 92.11 61.883883476483184
      vertex 54.45000000000001 92.11 66
      vertex 53.97164570954365 92.11 62.154849415639106
    endloop
  endfacet
  facet normal 0 1 0
    outer loop
      vertex 53.97164570954365 92.11 62.154849415639106
      vertex 54.45000000000001 92.11 66
      vertex 54.45000000000001 92.11 62.25
    endloop
  endfacet
  facet normal 0 1 0
    outer loop
      vertex 54.45000000000001 92.11 62.25
      vertex 55.74409522551261 92.11 65.82962913144534
      vertex 54.92835429045637 92.11 62.154849415639106
    endloop
  endfacet
  facet normal 0 1 0
    outer loop
      vertex 54.45000000000001 92.11 62.25
      vertex 54.45000000000001 92.11 66
      vertex 55.74409522551261 92.11 65.82962913144534
    endloop
  endfacet
  facet normal 0 1 0
    outer loop
      vertex 55.333883476483194 92.11 61.883883476483184
      vertex 55.74409522551261 92.11 65.82962913144534
      vertex 55.60484941563912 92.11 61.47835429045636
    endloop
  endfacet
  facet normal 0 1 0
    outer loop
      vertex 55.333883476483194 92.11 61.883883476483184
      vertex 54.92835429045637 92.11 62.154849415639106
      vertex 55.74409522551261 92.11 65.82962913144534
    endloop
  endfacet
  facet normal 0 1 0
    outer loop
      vertex 56.95000000000001 92.11 56.66987298107781
      vertex 56.95000000000001 92.11 65.3301270189222
      vertex 57.98553390593275 92.11 64.53553390593274
    endloop
  endfacet
  facet normal 0 1 0
    outer loop
      vertex 57.98553390593275 92.11 57.46446609406726
      vertex 57.98553390593275 92.11 64.53553390593274
      vertex 58.7801270189222 92.11 63.5
    endloop
  endfacet
  facet normal 0 1 0
    outer loop
      vertex 58.7801270189222 92.11 58.5
      vertex 58.7801270189222 92.11 63.5
      vertex 59.27962913144535 92.11 62.294095225512606
    endloop
  endfacet
  facet normal 0.9238795325112872 -7.759872569608347e-18 0.38268343236508906
    outer loop
      vertex 58.7801270189222 92.11 63.5
      vertex 59.27962913144535 88.11 62.294095225512606
      vertex 59.27962913144535 92.11 62.294095225512606
    endloop
  endfacet
  facet normal 0.793353340291236 -7.519256111034418e-18 0.6087614290087194
    outer loop
      vertex 57.98553390593275 92.11 64.53553390593274
      vertex 58.7801270189222 88.11 63.5
      vertex 58.7801270189222 92.11 63.5
    endloop
  endfacet
  facet normal 0.6087614290087229 0 0.7933533402912335
    outer loop
      vertex 57.98553390593275 92.11 64.53553390593274
      vertex 56.95000000000001 88.11 65.3301270189222
      vertex 57.98553390593275 88.11 64.53553390593274
    endloop
  endfacet
  facet normal 0.9238795325112872 0 0.38268343236508906
    outer loop
      vertex 58.7801270189222 92.11 63.5
      vertex 58.7801270189222 88.11 63.5
      vertex 59.27962913144535 88.11 62.294095225512606
    endloop
  endfacet
  facet normal 0.793353340291236 0 0.6087614290087194
    outer loop
      vertex 57.98553390593275 92.11 64.53553390593274
      vertex 57.98553390593275 88.11 64.53553390593274
      vertex 58.7801270189222 88.11 63.5
    endloop
  endfacet
  facet normal 0.9914448613738099 0 -0.13052619222005465
    outer loop
      vertex 59.27962913144535 92.11 59.705904774487394
      vertex 59.45000000000001 92.11 61
      vertex 59.27962913144535 88.11 59.705904774487394
    endloop
  endfacet
  facet normal 0.9914448613738099 -2.3885386436246488e-18 -0.13052619222005465
    outer loop
      vertex 59.27962913144535 88.11 59.705904774487394
      vertex 59.45000000000001 92.11 61
      vertex 59.45000000000001 88.11 61
    endloop
  endfacet
  facet normal 0 1 0
    outer loop
      vertex 59.27962913144535 92.11 59.705904774487394
      vertex 59.27962913144535 92.11 62.294095225512606
      vertex 59.45000000000001 92.11 61
    endloop
  endfacet
  facet normal 0.9914448613738099 0 0.13052619222005465
    outer loop
      vertex 59.45000000000001 92.11 61
      vertex 59.27962913144535 92.11 62.294095225512606
      vertex 59.45000000000001 88.11 61
    endloop
  endfacet
  facet normal 0.9914448613738099 0 0.13052619222005465
    outer loop
      vertex 59.27962913144535 92.11 62.294095225512606
      vertex 59.27962913144535 88.11 62.294095225512606
      vertex 59.45000000000001 88.11 61
    endloop
  endfacet
  facet normal -0.3826834323650871 0 0.9238795325112878
    outer loop
      vertex 51.95000000000001 92.11 65.3301270189222
      vertex 51.95000000000001 88.11 65.3301270189222
      vertex 53.15590477448741 92.11 65.82962913144534
    endloop
  endfacet
  facet normal -0.13052619222005002 0 0.9914448613738106
    outer loop
      vertex 53.15590477448741 92.11 65.82962913144534
      vertex 53.15590477448741 88.11 65.82962913144534
      vertex 54.45000000000001 92.11 66
    endloop
  endfacet
  facet normal -0.6087614290087229 -7.915063752291876e-18 0.7933533402912335
    outer loop
      vertex 50.91446609406727 88.11 64.53553390593274
      vertex 51.95000000000001 88.11 65.3301270189222
      vertex 51.95000000000001 92.11 65.3301270189222
    endloop
  endfacet
  facet normal -0.3826834323650871 0 0.9238795325112878
    outer loop
      vertex 53.15590477448741 92.11 65.82962913144534
      vertex 51.95000000000001 88.11 65.3301270189222
      vertex 53.15590477448741 88.11 65.82962913144534
    endloop
  endfacet
  facet normal 0.13052619222005002 0 0.9914448613738106
    outer loop
      vertex 54.45000000000001 92.11 66
      vertex 54.45000000000001 88.11 66
      vertex 55.74409522551261 92.11 65.82962913144534
    endloop
  endfacet
  facet normal 0.3826834323650871 0 0.9238795325112878
    outer loop
      vertex 55.74409522551261 92.11 65.82962913144534
      vertex 55.74409522551261 88.11 65.82962913144534
      vertex 56.95000000000001 92.11 65.3301270189222
    endloop
  endfacet
  facet normal -0.13052619222005002 0 0.9914448613738106
    outer loop
      vertex 54.45000000000001 92.11 66
      vertex 53.15590477448741 88.11 65.82962913144534
      vertex 54.45000000000001 88.11 66
    endloop
  endfacet
  facet normal 0.13052619222005002 1.8745791940700374e-18 0.9914448613738106
    outer loop
      vertex 54.45000000000001 88.11 66
      vertex 55.74409522551261 88.11 65.82962913144534
      vertex 55.74409522551261 92.11 65.82962913144534
    endloop
  endfacet
  facet normal 0.3826834323650871 0 0.9238795325112878
    outer loop
      vertex 56.95000000000001 92.11 65.3301270189222
      vertex 55.74409522551261 88.11 65.82962913144534
      vertex 56.95000000000001 88.11 65.3301270189222
    endloop
  endfacet
  facet normal 0.6087614290087229 7.915063752291876e-18 0.7933533402912335
    outer loop
      vertex 57.98553390593275 92.11 64.53553390593274
      vertex 56.95000000000001 92.11 65.3301270189222
      vertex 56.95000000000001 88.11 65.3301270189222
    endloop
  endfacet
  facet normal -0.3826834323650975 8.366279726303144e-18 -0.9238795325112835
    outer loop
      vertex 153.65 92.11 56.66987298107781
      vertex 154.85590477448739 92.11 56.170370868554656
      vertex 154.85590477448739 88.11 56.170370868554656
    endloop
  endfacet
  facet normal -0.1305261922200479 -2.6166000606266033e-18 -0.9914448613738109
    outer loop
      vertex 154.85590477448739 92.11 56.170370868554656
      vertex 156.15 92.11 56
      vertex 156.15 88.11 56
    endloop
  endfacet
  facet normal -0.3826834323650975 0 -0.9238795325112835
    outer loop
      vertex 153.65 92.11 56.66987298107781
      vertex 154.85590477448739 88.11 56.170370868554656
      vertex 153.65 88.11 56.66987298107781
    endloop
  endfacet
  facet normal -0.1305261922200479 0 -0.9914448613738109
    outer loop
      vertex 154.85590477448739 92.11 56.170370868554656
      vertex 156.15 88.11 56
      vertex 154.85590477448739 88.11 56.170370868554656
    endloop
  endfacet
  facet normal 0.1305261922200479 2.6166000606266033e-18 -0.9914448613738109
    outer loop
      vertex 156.15 92.11 56
      vertex 157.44409522551263 92.11 56.170370868554656
      vertex 157.44409522551263 88.11 56.170370868554656
    endloop
  endfacet
  facet normal 0.3826834323650975 -8.366279726303144e-18 -0.9238795325112835
    outer loop
      vertex 157.44409522551263 92.11 56.170370868554656
      vertex 158.65 92.11 56.66987298107781
      vertex 158.65 88.11 56.66987298107781
    endloop
  endfacet
  facet normal 0.1305261922200479 0 -0.9914448613738109
    outer loop
      vertex 156.15 92.11 56
      vertex 157.44409522551263 88.11 56.170370868554656
      vertex 156.15 88.11 56
    endloop
  endfacet
  facet normal 0.3826834323650975 0 -0.9238795325112835
    outer loop
      vertex 157.44409522551263 92.11 56.170370868554656
      vertex 158.65 88.11 56.66987298107781
      vertex 157.44409522551263 88.11 56.170370868554656
    endloop
  endfacet
  facet normal -0.7933533402912387 0 -0.608761429008716
    outer loop
      vertex 151.81987298107782 92.11 58.5
      vertex 152.61446609406727 92.11 57.46446609406726
      vertex 151.81987298107782 88.11 58.5
    endloop
  endfacet
  facet normal -0.6087614290087194 0 -0.793353340291236
    outer loop
      vertex 153.65 92.11 56.66987298107781
      vertex 153.65 88.11 56.66987298107781
      vertex 152.61446609406727 92.11 57.46446609406726
    endloop
  endfacet
  facet normal -0.9238795325112872 -7.759872569608347e-18 -0.38268343236508906
    outer loop
      vertex 151.32037086855468 88.11 59.705904774487394
      vertex 151.81987298107782 92.11 58.5
      vertex 151.81987298107782 88.11 58.5
    endloop
  endfacet
  facet normal -0.6087614290087194 -7.519256111034418e-18 -0.793353340291236
    outer loop
      vertex 153.65 88.11 56.66987298107781
      vertex 152.61446609406727 88.11 57.46446609406726
      vertex 152.61446609406727 92.11 57.46446609406726
    endloop
  endfacet
  facet normal -0.7933533402912387 0 -0.608761429008716
    outer loop
      vertex 152.61446609406727 92.11 57.46446609406726
      vertex 152.61446609406727 88.11 57.46446609406726
      vertex 151.81987298107782 88.11 58.5
    endloop
  endfacet
  facet normal -0.9238795325112872 0 -0.38268343236508906
    outer loop
      vertex 151.32037086855468 92.11 59.705904774487394
      vertex 151.81987298107782 92.11 58.5
      vertex 151.32037086855468 88.11 59.705904774487394
    endloop
  endfacet
  facet normal 0 1 0
    outer loop
      vertex 151.32037086855468 92.11 59.705904774487394
      vertex 151.81987298107782 92.11 63.5
      vertex 151.81987298107782 92.11 58.5
    endloop
  endfacet
  facet normal -0.9914448613738093 8.554957752157362e-19 -0.13052619222006
    outer loop
      vertex 151.32037086855468 92.11 59.705904774487394
      vertex 151.15 88.11 61
      vertex 151.15 92.11 61
    endloop
  endfacet
  facet normal 0 1 0
    outer loop
      vertex 153.65 92.11 56.66987298107781
      vertex 152.61446609406727 92.11 57.46446609406726
      vertex 153.65 92.11 65.3301270189222
    endloop
  endfacet
  facet normal 0 1 0
    outer loop
      vertex 151.81987298107782 92.11 58.5
      vertex 152.61446609406727 92.11 64.53553390593274
      vertex 152.61446609406727 92.11 57.46446609406726
    endloop
  endfacet
  facet normal -0.9914448613738093 0 -0.13052619222006
    outer loop
      vertex 151.32037086855468 92.11 59.705904774487394
      vertex 151.32037086855468 88.11 59.705904774487394
      vertex 151.15 88.11 61
    endloop
  endfacet
  facet normal 0 1 0
    outer loop
      vertex 154.85590477448739 92.11 56.170370868554656
      vertex 156.15 92.11 59.75
      vertex 156.15 92.11 56
    endloop
  endfacet
  facet normal 0 1 0
    outer loop
      vertex 154.85590477448739 92.11 56.170370868554656
      vertex 155.2661165235168 92.11 60.116116523516816
      vertex 155.67164570954364 92.11 59.845150584360894
    endloop
  endfacet
  facet normal 0 1 0
    outer loop
      vertex 154.85590477448739 92.11 56.170370868554656
      vertex 155.67164570954364 92.11 59.845150584360894
      vertex 156.15 92.11 59.75
    endloop
  endfacet
  facet normal 0 1 0
    outer loop
      vertex 156.15 92.11 56
      vertex 156.15 92.11 59.75
      vertex 156.62835429045637 92.11 59.845150584360894
    endloop
  endfacet
  facet normal 0 1 0
    outer loop
      vertex 154.85590477448739 92.11 56.170370868554656
      vertex 154.9 92.11 61
      vertex 154.99515058436089 92.11 60.52164570954364
    endloop
  endfacet
  facet normal 0 1 0
    outer loop
      vertex 153.65 92.11 56.66987298107781
      vertex 154.85590477448739 92.11 65.82962913144534
      vertex 154.85590477448739 92.11 56.170370868554656
    endloop
  endfacet
  facet normal 0 1 0
    outer loop
      vertex 154.85590477448739 92.11 56.170370868554656
      vertex 154.99515058436089 92.11 60.52164570954364
      vertex 155.2661165235168 92.11 60.116116523516816
    endloop
  endfacet
  facet normal 0 1 0
    outer loop
      vertex 151.32037086855468 92.11 59.705904774487394
      vertex 151.15 92.11 61
      vertex 151.32037086855468 92.11 62.294095225512606
    endloop
  endfacet
  facet normal 0 1 0
    outer loop
      vertex 151.32037086855468 92.11 59.705904774487394
      vertex 151.32037086855468 92.11 62.294095225512606
      vertex 151.81987298107782 92.11 63.5
    endloop
  endfacet
  facet normal -0.9914448613738093 -8.554957752157362e-19 0.13052619222006
    outer loop
      vertex 151.15 92.11 61
      vertex 151.32037086855468 88.11 62.294095225512606
      vertex 151.32037086855468 92.11 62.294095225512606
    endloop
  endfacet
  facet normal 0 1 0
    outer loop
      vertex 151.81987298107782 92.11 58.5
      vertex 151.81987298107782 92.11 63.5
      vertex 152.61446609406727 92.11 64.53553390593274
    endloop
  endfacet
  facet normal 0 1 0
    outer loop
      vertex 152.61446609406727 92.11 57.46446609406726
      vertex 152.61446609406727 92.11 64.53553390593274
      vertex 153.65 92.11 65.3301270189222
    endloop
  endfacet
  facet normal -0.9914448613738093 0 0.13052619222006
    outer loop
      vertex 151.15 92.11 61
      vertex 151.15 88.11 61
      vertex 151.32037086855468 88.11 62.294095225512606
    endloop
  endfacet
  facet normal -0.9238795325112872 0 0.38268343236508906
    outer loop
      vertex 151.32037086855468 92.11 62.294095225512606
      vertex 151.32037086855468 88.11 62.294095225512606
      vertex 151.81987298107782 88.11 63.5
    endloop
  endfacet
  facet normal -0.9238795325112872 7.759872569608347e-18 0.38268343236508906
    outer loop
      vertex 151.32037086855468 92.11 62.294095225512606
      vertex 151.81987298107782 88.11 63.5
      vertex 151.81987298107782 92.11 63.5
    endloop
  endfacet
  facet normal -0.7933533402912387 1.6892035571861516e-18 0.608761429008716
    outer loop
      vertex 151.81987298107782 92.11 63.5
      vertex 152.61446609406727 88.11 64.53553390593274
      vertex 152.61446609406727 92.11 64.53553390593274
    endloop
  endfacet
  facet normal -0.6087614290087229 0 0.7933533402912335
    outer loop
      vertex 152.61446609406727 92.11 64.53553390593274
      vertex 152.61446609406727 88.11 64.53553390593274
      vertex 153.65 92.11 65.3301270189222
    endloop
  endfacet
  facet normal -0.7933533402912387 0 0.608761429008716
    outer loop
      vertex 151.81987298107782 92.11 63.5
      vertex 151.81987298107782 88.11 63.5
      vertex 152.61446609406727 88.11 64.53553390593274
    endloop
  endfacet
  facet normal 0 1 0
    outer loop
      vertex 154.85590477448739 92.11 56.170370868554656
      vertex 154.85590477448739 92.11 65.82962913144534
      vertex 154.9 92.11 61
    endloop
  endfacet
  facet normal 0 1 0
    outer loop
      vertex 153.65 92.11 56.66987298107781
      vertex 153.65 92.11 65.3301270189222
      vertex 154.85590477448739 92.11 65.82962913144534
    endloop
  endfacet
  facet normal 0 1 0
    outer loop
      vertex 154.9 92.11 61
      vertex 154.85590477448739 92.11 65.82962913144534
      vertex 154.99515058436089 92.11 61.47835429045636
    endloop
  endfacet
  facet normal 0 1 0
    outer loop
      vertex 154.99515058436089 92.11 61.47835429045636
      vertex 154.85590477448739 92.11 65.82962913144534
      vertex 155.2661165235168 92.11 61.883883476483184
    endloop
  endfacet
  facet normal 0 1 0
    outer loop
      vertex 155.2661165235168 92.11 61.883883476483184
      vertex 156.15 92.11 66
      vertex 155.67164570954364 92.11 62.154849415639106
    endloop
  endfacet
  facet normal 0 1 0
    outer loop
      vertex 155.67164570954364 92.11 62.154849415639106
      vertex 156.15 92.11 66
      vertex 156.15 92.11 62.25
    endloop
  endfacet
  facet normal 0 1 0
    outer loop
      vertex 155.2661165235168 92.11 61.883883476483184
      vertex 154.85590477448739 92.11 65.82962913144534
      vertex 156.15 92.11 66
    endloop
  endfacet
  facet normal 0 1 0
    outer loop
      vertex 156.15 92.11 56
      vertex 157.0338834764832 92.11 60.116116523516816
      vertex 157.44409522551263 92.11 56.170370868554656
    endloop
  endfacet
  facet normal 0 1 0
    outer loop
      vertex 156.15 92.11 56
      vertex 156.62835429045637 92.11 59.845150584360894
      vertex 157.0338834764832 92.11 60.116116523516816
    endloop
  endfacet
  facet normal 0.6087614290087194 0 -0.793353340291236
    outer loop
      vertex 158.65 92.11 56.66987298107781
      vertex 159.68553390593274 88.11 57.46446609406726
      vertex 158.65 88.11 56.66987298107781
    endloop
  endfacet
  facet normal 0 1 0
    outer loop
      vertex 157.44409522551263 92.11 56.170370868554656
      vertex 157.0338834764832 92.11 60.116116523516816
      vertex 157.30484941563913 92.11 60.52164570954364
    endloop
  endfacet
  facet normal 0 1 0
    outer loop
      vertex 157.44409522551263 92.11 56.170370868554656
      vertex 157.30484941563913 92.11 60.52164570954364
      vertex 157.4 92.11 61
    endloop
  endfacet
  facet normal 0 1 0
    outer loop
      vertex 157.44409522551263 92.11 56.170370868554656
      vertex 158.65 92.11 65.3301270189222
      vertex 158.65 92.11 56.66987298107781
    endloop
  endfacet
  facet normal 0.6087614290087194 7.519256111034418e-18 -0.793353340291236
    outer loop
      vertex 158.65 92.11 56.66987298107781
      vertex 159.68553390593274 92.11 57.46446609406726
      vertex 159.68553390593274 88.11 57.46446609406726
    endloop
  endfacet
  facet normal 0.7933533402912387 0 -0.608761429008716
    outer loop
      vertex 159.68553390593274 92.11 57.46446609406726
      vertex 160.4801270189222 92.11 58.5
      vertex 159.68553390593274 88.11 57.46446609406726
    endloop
  endfacet
  facet normal 0.9238795325112872 0 -0.38268343236508906
    outer loop
      vertex 160.4801270189222 92.11 58.5
      vertex 160.97962913144534 92.11 59.705904774487394
      vertex 160.4801270189222 88.11 58.5
    endloop
  endfacet
  facet normal 0.7933533402912387 1.6892035571861516e-18 -0.608761429008716
    outer loop
      vertex 159.68553390593274 88.11 57.46446609406726
      vertex 160.4801270189222 92.11 58.5
      vertex 160.4801270189222 88.11 58.5
    endloop
  endfacet
  facet normal 0 1 0
    outer loop
      vertex 158.65 92.11 56.66987298107781
      vertex 159.68553390593274 92.11 64.53553390593274
      vertex 159.68553390593274 92.11 57.46446609406726
    endloop
  endfacet
  facet normal 0 1 0
    outer loop
      vertex 159.68553390593274 92.11 57.46446609406726
      vertex 160.4801270189222 92.11 63.5
      vertex 160.4801270189222 92.11 58.5
    endloop
  endfacet
  facet normal 0 1 0
    outer loop
      vertex 160.4801270189222 92.11 58.5
      vertex 160.97962913144534 92.11 62.294095225512606
      vertex 160.97962913144534 92.11 59.705904774487394
    endloop
  endfacet
  facet normal 0.9914448613738093 0 -0.13052619222006
    outer loop
      vertex 160.97962913144534 92.11 59.705904774487394
      vertex 161.15 92.11 61
      vertex 160.97962913144534 88.11 59.705904774487394
    endloop
  endfacet
  facet normal 0.9238795325112872 0 -0.38268343236508906
    outer loop
      vertex 160.97962913144534 92.11 59.705904774487394
      vertex 160.97962913144534 88.11 59.705904774487394
      vertex 160.4801270189222 88.11 58.5
    endloop
  endfacet
  facet normal 0.9914448613738093 -8.554957752157362e-19 -0.13052619222006
    outer loop
      vertex 160.97962913144534 88.11 59.705904774487394
      vertex 161.15 92.11 61
      vertex 161.15 88.11 61
    endloop
  endfacet
  facet normal 0 1 0
    outer loop
      vertex 157.44409522551263 92.11 56.170370868554656
      vertex 157.4 92.11 61
      vertex 157.44409522551263 92.11 65.82962913144534
    endloop
  endfacet
  facet normal 0 1 0
    outer loop
      vertex 157.30484941563913 92.11 61.47835429045636
      vertex 157.44409522551263 92.11 65.82962913144534
      vertex 157.4 92.11 61
    endloop
  endfacet
  facet normal 0 1 0
    outer loop
      vertex 157.44409522551263 92.11 56.170370868554656
      vertex 157.44409522551263 92.11 65.82962913144534
      vertex 158.65 92.11 65.3301270189222
    endloop
  endfacet
  facet normal 0 1 0
    outer loop
      vertex 158.65 92.11 56.66987298107781
      vertex 158.65 92.11 65.3301270189222
      vertex 159.68553390593274 92.11 64.53553390593274
    endloop
  endfacet
  facet normal 0 1 0
    outer loop
      vertex 156.15 92.11 62.25
      vertex 157.44409522551263 92.11 65.82962913144534
      vertex 156.62835429045637 92.11 62.154849415639106
    endloop
  endfacet
  facet normal 0 1 0
    outer loop
      vertex 156.62835429045637 92.11 62.154849415639106
      vertex 157.44409522551263 92.11 65.82962913144534
      vertex 157.0338834764832 92.11 61.883883476483184
    endloop
  endfacet
  facet normal 0 1 0
    outer loop
      vertex 157.0338834764832 92.11 61.883883476483184
      vertex 157.44409522551263 92.11 65.82962913144534
      vertex 157.30484941563913 92.11 61.47835429045636
    endloop
  endfacet
  facet normal 0 1 0
    outer loop
      vertex 156.15 92.11 62.25
      vertex 156.15 92.11 66
      vertex 157.44409522551263 92.11 65.82962913144534
    endloop
  endfacet
  facet normal 0 1 0
    outer loop
      vertex 159.68553390593274 92.11 57.46446609406726
      vertex 159.68553390593274 92.11 64.53553390593274
      vertex 160.4801270189222 92.11 63.5
    endloop
  endfacet
  facet normal 0 1 0
    outer loop
      vertex 160.4801270189222 92.11 58.5
      vertex 160.4801270189222 92.11 63.5
      vertex 160.97962913144534 92.11 62.294095225512606
    endloop
  endfacet
  facet normal 0 1 0
    outer loop
      vertex 160.97962913144534 92.11 59.705904774487394
      vertex 160.97962913144534 92.11 62.294095225512606
      vertex 161.15 92.11 61
    endloop
  endfacet
  facet normal 0.9914448613738093 8.554957752157362e-19 0.13052619222006
    outer loop
      vertex 160.97962913144534 92.11 62.294095225512606
      vertex 161.15 88.11 61
      vertex 161.15 92.11 61
    endloop
  endfacet
  facet normal 0.9238795325112872 0 0.38268343236508906
    outer loop
      vertex 160.97962913144534 92.11 62.294095225512606
      vertex 160.4801270189222 92.11 63.5
      vertex 160.97962913144534 88.11 62.294095225512606
    endloop
  endfacet
  facet normal 0.9914448613738093 0 0.13052619222006
    outer loop
      vertex 160.97962913144534 92.11 62.294095225512606
      vertex 160.97962913144534 88.11 62.294095225512606
      vertex 161.15 88.11 61
    endloop
  endfacet
  facet normal 0.7933533402912387 -1.6892035571861516e-18 0.608761429008716
    outer loop
      vertex 159.68553390593274 92.11 64.53553390593274
      vertex 160.4801270189222 88.11 63.5
      vertex 160.4801270189222 92.11 63.5
    endloop
  endfacet
  facet normal 0.6087614290087229 0 0.7933533402912335
    outer loop
      vertex 159.68553390593274 92.11 64.53553390593274
      vertex 158.65 88.11 65.3301270189222
      vertex 159.68553390593274 88.11 64.53553390593274
    endloop
  endfacet
  facet normal 0.7933533402912387 0 0.608761429008716
    outer loop
      vertex 159.68553390593274 92.11 64.53553390593274
      vertex 159.68553390593274 88.11 64.53553390593274
      vertex 160.4801270189222 88.11 63.5
    endloop
  endfacet
  facet normal 0.9238795325112872 0 0.38268343236508906
    outer loop
      vertex 160.4801270189222 92.11 63.5
      vertex 160.4801270189222 88.11 63.5
      vertex 160.97962913144534 88.11 62.294095225512606
    endloop
  endfacet
  facet normal -0.6087614290087229 -7.915063752291876e-18 0.7933533402912335
    outer loop
      vertex 152.61446609406727 88.11 64.53553390593274
      vertex 153.65 88.11 65.3301270189222
      vertex 153.65 92.11 65.3301270189222
    endloop
  endfacet
  facet normal -0.3826834323650929 0 0.9238795325112855
    outer loop
      vertex 153.65 92.11 65.3301270189222
      vertex 153.65 88.11 65.3301270189222
      vertex 154.85590477448739 92.11 65.82962913144534
    endloop
  endfacet
  facet normal -0.1305261922200479 0 0.9914448613738109
    outer loop
      vertex 154.85590477448739 92.11 65.82962913144534
      vertex 154.85590477448739 88.11 65.82962913144534
      vertex 156.15 92.11 66
    endloop
  endfacet
  facet normal -0.3826834323650929 0 0.9238795325112855
    outer loop
      vertex 154.85590477448739 92.11 65.82962913144534
      vertex 153.65 88.11 65.3301270189222
      vertex 154.85590477448739 88.11 65.82962913144534
    endloop
  endfacet
  facet normal -0.1305261922200479 2.6166000606266033e-18 0.9914448613738109
    outer loop
      vertex 154.85590477448739 88.11 65.82962913144534
      vertex 156.15 88.11 66
      vertex 156.15 92.11 66
    endloop
  endfacet
  facet normal 0.1305261922200479 0 0.9914448613738109
    outer loop
      vertex 156.15 92.11 66
      vertex 156.15 88.11 66
      vertex 157.44409522551263 92.11 65.82962913144534
    endloop
  endfacet
  facet normal 0.3826834323650929 0 0.9238795325112855
    outer loop
      vertex 157.44409522551263 92.11 65.82962913144534
      vertex 157.44409522551263 88.11 65.82962913144534
      vertex 158.65 92.11 65.3301270189222
    endloop
  endfacet
  facet normal 0.6087614290087229 7.915063752291876e-18 0.7933533402912335
    outer loop
      vertex 159.68553390593274 92.11 64.53553390593274
      vertex 158.65 92.11 65.3301270189222
      vertex 158.65 88.11 65.3301270189222
    endloop
  endfacet
  facet normal 0.1305261922200479 0 0.9914448613738109
    outer loop
      vertex 157.44409522551263 92.11 65.82962913144534
      vertex 156.15 88.11 66
      vertex 157.44409522551263 88.11 65.82962913144534
    endloop
  endfacet
  facet normal 0.3826834323650929 0 0.9238795325112855
    outer loop
      vertex 158.65 92.11 65.3301270189222
      vertex 157.44409522551263 88.11 65.82962913144534
      vertex 158.65 88.11 65.3301270189222
    endloop
  endfacet
  facet normal 0.980785280403232 -9.869029883997838e-19 0.19509032201612075
    outer loop
      vertex 53.2951505843609 92.11 60.52164570954364
      vertex 53.20000000000001 92.11 61
      vertex 53.20000000000001 86.11 61
    endloop
  endfacet
  facet normal 0.8314696123025431 -1.9136393677530883e-18 0.5555702330196054
    outer loop
      vertex 53.566116523516826 92.11 60.116116523516816
      vertex 53.2951505843609 92.11 60.52164570954364
      vertex 53.2951505843609 86.11 60.52164570954364
    endloop
  endfacet
  facet normal 0.5555702330195953 0 0.8314696123025499
    outer loop
      vertex 53.566116523516826 92.11 60.116116523516816
      vertex 53.566116523516826 86.11 60.116116523516816
      vertex 53.97164570954365 92.11 59.845150584360894
    endloop
  endfacet
  facet normal 0.8314696123025431 0 0.5555702330196054
    outer loop
      vertex 53.566116523516826 92.11 60.116116523516816
      vertex 53.2951505843609 86.11 60.52164570954364
      vertex 53.566116523516826 86.11 60.116116523516816
    endloop
  endfacet
  facet normal 0.5555702330195953 0 0.8314696123025499
    outer loop
      vertex 53.97164570954365 92.11 59.845150584360894
      vertex 53.566116523516826 86.11 60.116116523516816
      vertex 53.97164570954365 86.11 59.845150584360894
    endloop
  endfacet
  facet normal 0.980785280403232 0 0.19509032201612075
    outer loop
      vertex 53.2951505843609 92.11 60.52164570954364
      vertex 53.20000000000001 86.11 61
      vertex 53.2951505843609 86.11 60.52164570954364
    endloop
  endfacet
  facet normal 0.980785280403232 9.869029883997838e-19 -0.19509032201612075
    outer loop
      vertex 53.20000000000001 92.11 61
      vertex 53.2951505843609 92.11 61.47835429045636
      vertex 53.2951505843609 86.11 61.47835429045636
    endloop
  endfacet
  facet normal 0.8314696123025431 1.9136393677530883e-18 -0.5555702330196054
    outer loop
      vertex 53.2951505843609 92.11 61.47835429045636
      vertex 53.566116523516826 92.11 61.883883476483184
      vertex 53.566116523516826 86.11 61.883883476483184
    endloop
  endfacet
  facet normal 0.5555702330195953 -1.0785119573668205e-18 -0.8314696123025499
    outer loop
      vertex 53.566116523516826 92.11 61.883883476483184
      vertex 53.97164570954365 92.11 62.154849415639106
      vertex 53.97164570954365 86.11 62.154849415639106
    endloop
  endfacet
  facet normal 0.980785280403232 0 -0.19509032201612075
    outer loop
      vertex 53.20000000000001 92.11 61
      vertex 53.2951505843609 86.11 61.47835429045636
      vertex 53.20000000000001 86.11 61
    endloop
  endfacet
  facet normal 0.8314696123025431 0 -0.5555702330196054
    outer loop
      vertex 53.2951505843609 92.11 61.47835429045636
      vertex 53.566116523516826 86.11 61.883883476483184
      vertex 53.2951505843609 86.11 61.47835429045636
    endloop
  endfacet
  facet normal 0.5555702330195953 0 -0.8314696123025499
    outer loop
      vertex 53.566116523516826 92.11 61.883883476483184
      vertex 53.97164570954365 86.11 62.154849415639106
      vertex 53.566116523516826 86.11 61.883883476483184
    endloop
  endfacet
  facet normal 0.19509032201613477 0 0.9807852804032292
    outer loop
      vertex 53.97164570954365 92.11 59.845150584360894
      vertex 53.97164570954365 86.11 59.845150584360894
      vertex 54.45000000000001 92.11 59.75
    endloop
  endfacet
  facet normal -0.19509032201613477 0 0.9807852804032292
    outer loop
      vertex 54.45000000000001 92.11 59.75
      vertex 54.45000000000001 86.11 59.75
      vertex 54.92835429045637 92.11 59.845150584360894
    endloop
  endfacet
  facet normal -0.5555702330195953 0 0.8314696123025499
    outer loop
      vertex 54.92835429045637 92.11 59.845150584360894
      vertex 54.92835429045637 86.11 59.845150584360894
      vertex 55.333883476483194 92.11 60.116116523516816
    endloop
  endfacet
  facet normal -0.8314696123025431 0 0.5555702330196054
    outer loop
      vertex 55.333883476483194 92.11 60.116116523516816
      vertex 55.333883476483194 86.11 60.116116523516816
      vertex 55.60484941563912 92.11 60.52164570954364
    endloop
  endfacet
  facet normal -0.980785280403232 0 0.19509032201612075
    outer loop
      vertex 55.60484941563912 92.11 60.52164570954364
      vertex 55.60484941563912 86.11 60.52164570954364
      vertex 55.70000000000001 92.11 61
    endloop
  endfacet
  facet normal 0.19509032201613477 0 0.9807852804032292
    outer loop
      vertex 54.45000000000001 92.11 59.75
      vertex 53.97164570954365 86.11 59.845150584360894
      vertex 54.45000000000001 86.11 59.75
    endloop
  endfacet
  facet normal -0.19509032201613477 5.951696045097941e-19 0.9807852804032292
    outer loop
      vertex 54.45000000000001 86.11 59.75
      vertex 54.92835429045637 86.11 59.845150584360894
      vertex 54.92835429045637 92.11 59.845150584360894
    endloop
  endfacet
  facet normal -0.5555702330195953 0 0.8314696123025499
    outer loop
      vertex 55.333883476483194 92.11 60.116116523516816
      vertex 54.92835429045637 86.11 59.845150584360894
      vertex 55.333883476483194 86.11 60.116116523516816
    endloop
  endfacet
  facet normal -0.8314696123025431 0 0.5555702330196054
    outer loop
      vertex 55.60484941563912 92.11 60.52164570954364
      vertex 55.333883476483194 86.11 60.116116523516816
      vertex 55.60484941563912 86.11 60.52164570954364
    endloop
  endfacet
  facet normal -0.980785280403232 0 0.19509032201612075
    outer loop
      vertex 55.70000000000001 92.11 61
      vertex 55.60484941563912 86.11 60.52164570954364
      vertex 55.70000000000001 86.11 61
    endloop
  endfacet
  facet normal 0.19509032201613477 5.951696045097941e-19 -0.9807852804032292
    outer loop
      vertex 53.97164570954365 92.11 62.154849415639106
      vertex 54.45000000000001 92.11 62.25
      vertex 54.45000000000001 86.11 62.25
    endloop
  endfacet
  facet normal -0.19509032201613477 -5.951696045097941e-19 -0.9807852804032292
    outer loop
      vertex 54.45000000000001 92.11 62.25
      vertex 54.92835429045637 92.11 62.154849415639106
      vertex 54.92835429045637 86.11 62.154849415639106
    endloop
  endfacet
  facet normal -0.5555702330195953 0 -0.8314696123025499
    outer loop
      vertex 55.333883476483194 92.11 61.883883476483184
      vertex 55.333883476483194 86.11 61.883883476483184
      vertex 54.92835429045637 92.11 62.154849415639106
    endloop
  endfacet
  facet normal -0.980785280403232 0 -0.19509032201612075
    outer loop
      vertex 55.70000000000001 92.11 61
      vertex 55.70000000000001 86.11 61
      vertex 55.60484941563912 92.11 61.47835429045636
    endloop
  endfacet
  facet normal -0.8314696123025431 -1.9136393677530883e-18 -0.5555702330196054
    outer loop
      vertex 55.333883476483194 92.11 61.883883476483184
      vertex 55.60484941563912 92.11 61.47835429045636
      vertex 55.60484941563912 86.11 61.47835429045636
    endloop
  endfacet
  facet normal 0.19509032201613477 0 -0.9807852804032292
    outer loop
      vertex 53.97164570954365 92.11 62.154849415639106
      vertex 54.45000000000001 86.11 62.25
      vertex 53.97164570954365 86.11 62.154849415639106
    endloop
  endfacet
  facet normal -0.19509032201613477 0 -0.9807852804032292
    outer loop
      vertex 54.45000000000001 92.11 62.25
      vertex 54.92835429045637 86.11 62.154849415639106
      vertex 54.45000000000001 86.11 62.25
    endloop
  endfacet
  facet normal -0.5555702330195953 0 -0.8314696123025499
    outer loop
      vertex 54.92835429045637 92.11 62.154849415639106
      vertex 55.333883476483194 86.11 61.883883476483184
      vertex 54.92835429045637 86.11 62.154849415639106
    endloop
  endfacet
  facet normal -0.980785280403232 0 -0.19509032201612075
    outer loop
      vertex 55.60484941563912 92.11 61.47835429045636
      vertex 55.70000000000001 86.11 61
      vertex 55.60484941563912 86.11 61.47835429045636
    endloop
  endfacet
  facet normal -0.8314696123025431 0 -0.5555702330196054
    outer loop
      vertex 55.333883476483194 92.11 61.883883476483184
      vertex 55.60484941563912 86.11 61.47835429045636
      vertex 55.333883476483194 86.11 61.883883476483184
    endloop
  endfacet
  facet normal 0.9807852804032346 9.925367445853447e-19 0.1950903220161067
    outer loop
      vertex 154.99515058436089 92.11 60.52164570954364
      vertex 154.9 92.11 61
      vertex 154.9 86.11 61
    endloop
  endfacet
  facet normal 0.19509032201613197 0 0.9807852804032298
    outer loop
      vertex 155.67164570954364 92.11 59.845150584360894
      vertex 155.67164570954364 86.11 59.845150584360894
      vertex 156.15 92.11 59.75
    endloop
  endfacet
  facet normal -0.19509032201613197 0 0.9807852804032298
    outer loop
      vertex 156.15 92.11 59.75
      vertex 156.15 86.11 59.75
      vertex 156.62835429045637 92.11 59.845150584360894
    endloop
  endfacet
  facet normal 0.8314696123025431 0 0.5555702330196054
    outer loop
      vertex 154.99515058436089 92.11 60.52164570954364
      vertex 154.99515058436089 86.11 60.52164570954364
      vertex 155.2661165235168 92.11 60.116116523516816
    endloop
  endfacet
  facet normal 0.5555702330195953 1.0785119573668205e-18 0.8314696123025499
    outer loop
      vertex 155.67164570954364 92.11 59.845150584360894
      vertex 155.2661165235168 92.11 60.116116523516816
      vertex 155.2661165235168 86.11 60.116116523516816
    endloop
  endfacet
  facet normal 0.9807852804032346 0 0.1950903220161067
    outer loop
      vertex 154.99515058436089 92.11 60.52164570954364
      vertex 154.9 86.11 61
      vertex 154.99515058436089 86.11 60.52164570954364
    endloop
  endfacet
  facet normal 0.19509032201613197 7.464439731451807e-19 0.9807852804032298
    outer loop
      vertex 155.67164570954364 86.11 59.845150584360894
      vertex 156.15 86.11 59.75
      vertex 156.15 92.11 59.75
    endloop
  endfacet
  facet normal 0.8314696123025431 0 0.5555702330196054
    outer loop
      vertex 155.2661165235168 92.11 60.116116523516816
      vertex 154.99515058436089 86.11 60.52164570954364
      vertex 155.2661165235168 86.11 60.116116523516816
    endloop
  endfacet
  facet normal 0.5555702330195953 0 0.8314696123025499
    outer loop
      vertex 155.67164570954364 92.11 59.845150584360894
      vertex 155.2661165235168 86.11 60.116116523516816
      vertex 155.67164570954364 86.11 59.845150584360894
    endloop
  endfacet
  facet normal 0.9807852804032346 -9.925367445853447e-19 -0.1950903220161067
    outer loop
      vertex 154.9 92.11 61
      vertex 154.99515058436089 92.11 61.47835429045636
      vertex 154.99515058436089 86.11 61.47835429045636
    endloop
  endfacet
  facet normal 0.8314696123025431 1.9136393677530883e-18 -0.5555702330196054
    outer loop
      vertex 154.99515058436089 92.11 61.47835429045636
      vertex 155.2661165235168 92.11 61.883883476483184
      vertex 155.2661165235168 86.11 61.883883476483184
    endloop
  endfacet
  facet normal 0.5555702330195953 -1.0785119573668205e-18 -0.8314696123025499
    outer loop
      vertex 155.2661165235168 92.11 61.883883476483184
      vertex 155.67164570954364 92.11 62.154849415639106
      vertex 155.67164570954364 86.11 62.154849415639106
    endloop
  endfacet
  facet normal 0.19509032201613197 -7.464439731451807e-19 -0.9807852804032298
    outer loop
      vertex 155.67164570954364 92.11 62.154849415639106
      vertex 156.15 92.11 62.25
      vertex 156.15 86.11 62.25
    endloop
  endfacet
  facet normal 0.9807852804032346 0 -0.1950903220161067
    outer loop
      vertex 154.9 92.11 61
      vertex 154.99515058436089 86.11 61.47835429045636
      vertex 154.9 86.11 61
    endloop
  endfacet
  facet normal 0.8314696123025431 0 -0.5555702330196054
    outer loop
      vertex 154.99515058436089 92.11 61.47835429045636
      vertex 155.2661165235168 86.11 61.883883476483184
      vertex 154.99515058436089 86.11 61.47835429045636
    endloop
  endfacet
  facet normal 0.5555702330195953 0 -0.8314696123025499
    outer loop
      vertex 155.2661165235168 92.11 61.883883476483184
      vertex 155.67164570954364 86.11 62.154849415639106
      vertex 155.2661165235168 86.11 61.883883476483184
    endloop
  endfacet
  facet normal 0.19509032201613197 0 -0.9807852804032298
    outer loop
      vertex 155.67164570954364 92.11 62.154849415639106
      vertex 156.15 86.11 62.25
      vertex 155.67164570954364 86.11 62.154849415639106
    endloop
  endfacet
  facet normal -0.19509032201613197 0 -0.9807852804032298
    outer loop
      vertex 156.15 92.11 62.25
      vertex 156.62835429045637 86.11 62.154849415639106
      vertex 156.15 86.11 62.25
    endloop
  endfacet
  facet normal -0.5555702330195953 0 0.8314696123025499
    outer loop
      vertex 156.62835429045637 92.11 59.845150584360894
      vertex 156.62835429045637 86.11 59.845150584360894
      vertex 157.0338834764832 92.11 60.116116523516816
    endloop
  endfacet
  facet normal -0.8314696123025431 0 0.5555702330196054
    outer loop
      vertex 157.0338834764832 92.11 60.116116523516816
      vertex 157.0338834764832 86.11 60.116116523516816
      vertex 157.30484941563913 92.11 60.52164570954364
    endloop
  endfacet
  facet normal -0.9807852804032346 0 0.1950903220161067
    outer loop
      vertex 157.30484941563913 92.11 60.52164570954364
      vertex 157.30484941563913 86.11 60.52164570954364
      vertex 157.4 92.11 61
    endloop
  endfacet
  facet normal -0.19509032201613197 0 0.9807852804032298
    outer loop
      vertex 156.62835429045637 92.11 59.845150584360894
      vertex 156.15 86.11 59.75
      vertex 156.62835429045637 86.11 59.845150584360894
    endloop
  endfacet
  facet normal -0.5555702330195953 0 0.8314696123025499
    outer loop
      vertex 157.0338834764832 92.11 60.116116523516816
      vertex 156.62835429045637 86.11 59.845150584360894
      vertex 157.0338834764832 86.11 60.116116523516816
    endloop
  endfacet
  facet normal -0.8314696123025431 0 0.5555702330196054
    outer loop
      vertex 157.30484941563913 92.11 60.52164570954364
      vertex 157.0338834764832 86.11 60.116116523516816
      vertex 157.30484941563913 86.11 60.52164570954364
    endloop
  endfacet
  facet normal -0.9807852804032346 0 0.1950903220161067
    outer loop
      vertex 157.4 92.11 61
      vertex 157.30484941563913 86.11 60.52164570954364
      vertex 157.4 86.11 61
    endloop
  endfacet
  facet normal -0.9807852804032346 9.925367445853447e-19 -0.1950903220161067
    outer loop
      vertex 157.30484941563913 92.11 61.47835429045636
      vertex 157.4 92.11 61
      vertex 157.4 86.11 61
    endloop
  endfacet
  facet normal -0.8314696123025431 -1.9136393677530883e-18 -0.5555702330196054
    outer loop
      vertex 157.0338834764832 92.11 61.883883476483184
      vertex 157.30484941563913 92.11 61.47835429045636
      vertex 157.30484941563913 86.11 61.47835429045636
    endloop
  endfacet
  facet normal -0.19509032201613197 7.464439731451807e-19 -0.9807852804032298
    outer loop
      vertex 156.15 92.11 62.25
      vertex 156.62835429045637 92.11 62.154849415639106
      vertex 156.62835429045637 86.11 62.154849415639106
    endloop
  endfacet
  facet normal -0.5555702330195953 1.0785119573668205e-18 -0.8314696123025499
    outer loop
      vertex 156.62835429045637 92.11 62.154849415639106
      vertex 157.0338834764832 92.11 61.883883476483184
      vertex 157.0338834764832 86.11 61.883883476483184
    endloop
  endfacet
  facet normal -0.9807852804032346 0 -0.1950903220161067
    outer loop
      vertex 157.30484941563913 92.11 61.47835429045636
      vertex 157.4 86.11 61
      vertex 157.30484941563913 86.11 61.47835429045636
    endloop
  endfacet
  facet normal -0.8314696123025431 0 -0.5555702330196054
    outer loop
      vertex 157.0338834764832 92.11 61.883883476483184
      vertex 157.30484941563913 86.11 61.47835429045636
      vertex 157.0338834764832 86.11 61.883883476483184
    endloop
  endfacet
  facet normal -0.5555702330195953 0 -0.8314696123025499
    outer loop
      vertex 156.62835429045637 92.11 62.154849415639106
      vertex 157.0338834764832 86.11 61.883883476483184
      vertex 156.62835429045637 86.11 62.154849415639106
    endloop
  endfacet
  facet normal 1 0 0
    outer loop
      vertex 47.30000000000001 82.11 0
      vertex 47.30000000000001 82.11 4
      vertex 47.30000000000001 49.11 0
    endloop
  endfacet
  facet normal 0 -1 0
    outer loop
      vertex 47.30000000000001 82.11 0
      vertex 163.3 82.11 4
      vertex 47.30000000000001 82.11 4
    endloop
  endfacet
  facet normal 1 0 0
    outer loop
      vertex 47.30000000000001 82.11 4
      vertex 47.30000000000001 49.11 4
      vertex 47.30000000000001 49.11 0
    endloop
  endfacet
  facet normal 0 1 0
    outer loop
      vertex 47.30000000000001 49.11 0
      vertex 47.30000000000001 49.11 4
      vertex 163.3 49.11 0
    endloop
  endfacet
  facet normal 0 -1 0
    outer loop
      vertex 47.30000000000001 82.11 0
      vertex 163.3 82.11 0
      vertex 163.3 82.11 4
    endloop
  endfacet
  facet normal 0 1 0
    outer loop
      vertex 47.30000000000001 49.11 4
      vertex 163.3 49.11 4
      vertex 163.3 49.11 0
    endloop
  endfacet
  facet normal -1 0 0
    outer loop
      vertex 163.3 82.11 0
      vertex 163.3 49.11 4
      vertex 163.3 82.11 4
    endloop
  endfacet
  facet normal -1 0 0
    outer loop
      vertex 163.3 82.11 0
      vertex 163.3 49.11 0
      vertex 163.3 49.11 4
    endloop
  endfacet
  facet normal 1 0 0
    outer loop
      vertex 56.30000000000001 40.66 0
      vertex 56.30000000000001 40.66 4
      vertex 56.30000000000001 16.659999999999997 0
    endloop
  endfacet
  facet normal 1 0 0
    outer loop
      vertex 56.30000000000001 40.66 4
      vertex 56.30000000000001 16.659999999999997 4
      vertex 56.30000000000001 16.659999999999997 0
    endloop
  endfacet
  facet normal 0 -1 0
    outer loop
      vertex 56.30000000000001 40.66 0
      vertex 154.3 40.66 4
      vertex 56.30000000000001 40.66 4
    endloop
  endfacet
  facet normal 0 -1 0
    outer loop
      vertex 56.30000000000001 40.66 0
      vertex 154.3 40.66 0
      vertex 154.3 40.66 4
    endloop
  endfacet
  facet normal 0 1 0
    outer loop
      vertex 56.30000000000001 16.659999999999997 0
      vertex 56.30000000000001 16.659999999999997 4
      vertex 154.3 16.659999999999997 0
    endloop
  endfacet
  facet normal 0 1 0
    outer loop
      vertex 56.30000000000001 16.659999999999997 4
      vertex 154.3 16.659999999999997 4
      vertex 154.3 16.659999999999997 0
    endloop
  endfacet
  facet normal -1 0 0
    outer loop
      vertex 154.3 40.66 0
      vertex 154.3 16.659999999999997 4
      vertex 154.3 40.66 4
    endloop
  endfacet
  facet normal -1 0 0
    outer loop
      vertex 154.3 40.66 0
      vertex 154.3 16.659999999999997 0
      vertex 154.3 16.659999999999997 4
    endloop
  endfacet
  facet normal 1 0 0
    outer loop
      vertex 59.30000000000001 41.66 35
      vertex 59.30000000000001 40.66 127
      vertex 59.30000000000001 40.66 35
    endloop
  endfacet
  facet normal 1 0 0
    outer loop
      vertex 59.30000000000001 41.66 35
      vertex 59.30000000000001 41.66 127
      vertex 59.30000000000001 40.66 127
    endloop
  endfacet
  facet normal 0 0 1
    outer loop
      vertex 59.30000000000001 41.66 35
      vertex 59.30000000000001 40.66 35
      vertex 151.3 41.66 35
    endloop
  endfacet
  facet normal 0 0 1
    outer loop
      vertex 59.30000000000001 40.66 35
      vertex 151.3 40.66 35
      vertex 151.3 41.66 35
    endloop
  endfacet
  facet normal 0 -1 0
    outer loop
      vertex 59.30000000000001 41.66 35
      vertex 151.3 41.66 127
      vertex 59.30000000000001 41.66 127
    endloop
  endfacet
  facet normal 0 -1 0
    outer loop
      vertex 59.30000000000001 41.66 35
      vertex 151.3 41.66 35
      vertex 151.3 41.66 127
    endloop
  endfacet
  facet normal 0 0 -1
    outer loop
      vertex 59.30000000000001 41.66 127
      vertex 151.3 40.66 127
      vertex 59.30000000000001 40.66 127
    endloop
  endfacet
  facet normal 0 0 -1
    outer loop
      vertex 59.30000000000001 41.66 127
      vertex 151.3 41.66 127
      vertex 151.3 40.66 127
    endloop
  endfacet
  facet normal -1 0 0
    outer loop
      vertex 151.3 41.66 35
      vertex 151.3 40.66 35
      vertex 151.3 41.66 127
    endloop
  endfacet
  facet normal -1 0 0
    outer loop
      vertex 151.3 40.66 35
      vertex 151.3 40.66 127
      vertex 151.3 41.66 127
    endloop
  endfacet
endsolid OpenSCAD_Model
