solid OpenSCAD_Model
  facet normal -1 0 0
    outer loop
      vertex 0 88.11 0
      vertex 0 84.11 4
      vertex 0 88.11 4
    endloop
  endfacet
  facet normal 0 1 0
    outer loop
      vertex 0 88.11 0
      vertex 0 88.11 4
      vertex 6 88.11 4
    endloop
  endfacet
  facet normal -1 0 0
    outer loop
      vertex 0 88.11 0
      vertex 0 82.11 4
      vertex 0 84.11 4
    endloop
  endfacet
  facet normal -1 0 0
    outer loop
      vertex 0 88.11 0
      vertex 0 38.11 4
      vertex 0 82.11 4
    endloop
  endfacet
  facet normal 0 0 -1
    outer loop
      vertex 0 88.11 0
      vertex 21.5 78.11 0
      vertex 21.5 43.11 0
    endloop
  endfacet
  facet normal 0 0 1
    outer loop
      vertex 6 82.11 4
      vertex 6 38.11 4
      vertex 21.5 78.11 4
    endloop
  endfacet
  facet normal 0 0 -1
    outer loop
      vertex 0 88.11 0
      vertex 21.5 43.11 0
      vertex 20 35.11 0
    endloop
  endfacet
  facet normal -1 0 0
    outer loop
      vertex 0 88.11 0
      vertex 0 35.11 4
      vertex 0 38.11 4
    endloop
  endfacet
  facet normal 0 0 1
    outer loop
      vertex 21.5 78.11 4
      vertex 6 38.11 4
      vertex 21.5 43.11 4
    endloop
  endfacet
  facet normal 0 0 -1
    outer loop
      vertex 0 88.11 0
      vertex 20 35.11 0
      vertex 20 11.11 0
    endloop
  endfacet
  facet normal 0 1 0
    outer loop
      vertex 0 88.11 0
      vertex 6 88.11 4
      vertex 132 88.11 4
    endloop
  endfacet
  facet normal 0 0 1
    outer loop
      vertex 6 88.11 4
      vertex 6 84.11 4
      vertex 132 84.11 4
    endloop
  endfacet
  facet normal 0 0 -1
    outer loop
      vertex 0 88.11 0
      vertex 135 88.11 0
      vertex 21.5 78.11 0
    endloop
  endfacet
  facet normal 0 0 1
    outer loop
      vertex 6 82.11 4
      vertex 21.5 78.11 4
      vertex 116.5 78.11 4
    endloop
  endfacet
  facet normal 0 0 1
    outer loop
      vertex 6 82.11 4
      vertex 116.5 78.11 4
      vertex 132 82.11 4
    endloop
  endfacet
  facet normal -1 0 0
    outer loop
      vertex 0 88.11 0
      vertex 0 0 4
      vertex 0 35.11 4
    endloop
  endfacet
  facet normal 0 0 -1
    outer loop
      vertex 0 88.11 0
      vertex 20 11.11 0
      vertex 0 0 0
    endloop
  endfacet
  facet normal -1 0 0
    outer loop
      vertex 0 88.11 0
      vertex 0 0 0
      vertex 0 0 4
    endloop
  endfacet
  facet normal 0 0 1
    outer loop
      vertex 6 35.11 4
      vertex 6 0 4
      vertex 20 35.11 4
    endloop
  endfacet
  facet normal 0 0 1
    outer loop
      vertex 20 35.11 4
      vertex 6 0 4
      vertex 20 11.11 4
    endloop
  endfacet
  facet normal 0 0 -1
    outer loop
      vertex 21.5 43.11 0
      vertex 116.5 43.11 0
      vertex 20 35.11 0
    endloop
  endfacet
  facet normal 0 0 1
    outer loop
      vertex 6 38.11 4
      vertex 132 38.11 4
      vertex 21.5 43.11 4
    endloop
  endfacet
  facet normal 0 0 -1
    outer loop
      vertex 20 35.11 0
      vertex 116.5 43.11 0
      vertex 118 35.11 0
    endloop
  endfacet
  facet normal 0 0 -1
    outer loop
      vertex 0 0 0
      vertex 20 11.11 0
      vertex 118 11.11 0
    endloop
  endfacet
  facet normal 0 -1 0
    outer loop
      vertex 0 0 0
      vertex 135 0 0
      vertex 0 0 4
    endloop
  endfacet
  facet normal 0 -1 0
    outer loop
      vertex 0 0 4
      vertex 135 0 0
      vertex 6 0 4
    endloop
  endfacet
  facet normal 0 0 1
    outer loop
      vertex 6 0 4
      vertex 132 0 4
      vertex 20 11.11 4
    endloop
  endfacet
  facet normal 0 0 -1
    outer loop
      vertex 0 0 0
      vertex 118 11.11 0
      vertex 135 0 0
    endloop
  endfacet
  facet normal 0 1 0
    outer loop
      vertex 0 88.11 0
      vertex 132 88.11 4
      vertex 132.09230769230768 88.11 4
    endloop
  endfacet
  facet normal 0 1 0
    outer loop
      vertex 0 88.11 0
      vertex 135 88.11 4
      vertex 135 88.11 0
    endloop
  endfacet
  facet normal 0 1 0
    outer loop
      vertex 0 88.11 0
      vertex 132.09230769230768 88.11 4
      vertex 135 88.11 4
    endloop
  endfacet
  facet normal 0 0 1
    outer loop
      vertex 6 88.11 4
      vertex 132 84.11 4
      vertex 132 88.11 4
    endloop
  endfacet
  facet normal 0 0 -1
    outer loop
      vertex 21.5 78.11 0
      vertex 135 88.11 0
      vertex 116.5 78.11 0
    endloop
  endfacet
  facet normal 0 0 -1
    outer loop
      vertex 116.5 78.11 0
      vertex 135 88.11 0
      vertex 116.5 43.11 0
    endloop
  endfacet
  facet normal 0 0 1
    outer loop
      vertex 116.5 78.11 4
      vertex 116.5 43.11 4
      vertex 132 82.11 4
    endloop
  endfacet
  facet normal 0 0 -1
    outer loop
      vertex 116.5 43.11 0
      vertex 135 88.11 0
      vertex 118 35.11 0
    endloop
  endfacet
  facet normal 0 0 1
    outer loop
      vertex 132 82.11 4
      vertex 116.5 43.11 4
      vertex 132 38.11 4
    endloop
  endfacet
  facet normal 0 0 1
    outer loop
      vertex 21.5 43.11 4
      vertex 132 38.11 4
      vertex 116.5 43.11 4
    endloop
  endfacet
  facet normal 0 0 1
    outer loop
      vertex 118 35.11 4
      vertex 118 11.11 4
      vertex 132 35.11 4
    endloop
  endfacet
  facet normal 0 0 1
    outer loop
      vertex 20 11.11 4
      vertex 132 0 4
      vertex 118 11.11 4
    endloop
  endfacet
  facet normal 0 -1 0
    outer loop
      vertex 6 0 4
      vertex 135 0 0
      vertex 132 0 4
    endloop
  endfacet
  facet normal 0 0 -1
    outer loop
      vertex 118 35.11 0
      vertex 135 0 0
      vertex 118 11.11 0
    endloop
  endfacet
  facet normal 0 0 1
    outer loop
      vertex 132 35.11 4
      vertex 118 11.11 4
      vertex 132 0 4
    endloop
  endfacet
  facet normal 0 0 -1
    outer loop
      vertex 118 35.11 0
      vertex 135 88.11 0
      vertex 135 0 0
    endloop
  endfacet
  facet normal 0 -1 0
    outer loop
      vertex 132 0 4
      vertex 135 0 0
      vertex 134.90769230769232 0 4
    endloop
  endfacet
  facet normal 0 1 0
    outer loop
      vertex 6 84.11 4
      vertex 8.342651938487274 84.11 40.222148834901986
      vertex 8.964466094067262 84.11 39.46446609406726
    endloop
  endfacet
  facet normal 0 1 0
    outer loop
      vertex 6 84.11 4
      vertex 7.880602337443566 84.11 41.08658283817455
      vertex 8.342651938487274 84.11 40.222148834901986
    endloop
  endfacet
  facet normal 0 1 0
    outer loop
      vertex 6 84.11 4
      vertex 12.5 84.11 35.92393218813453
      vertex 12.505 84.11 35.928932188134524
    endloop
  endfacet
  facet normal 0 1 0
    outer loop
      vertex 6 84.11 4
      vertex 12.495 84.11 35.928932188134524
      vertex 12.5 84.11 35.92393218813453
    endloop
  endfacet
  facet normal 0 1 0
    outer loop
      vertex 6 84.11 4
      vertex 8.964466094067262 84.11 39.46446609406726
      vertex 12.495 84.11 35.928932188134524
    endloop
  endfacet
  facet normal 0 1 0
    outer loop
      vertex 6 84.11 4
      vertex 7.596073597983848 84.11 42.02454838991936
      vertex 7.880602337443566 84.11 41.08658283817455
    endloop
  endfacet
  facet normal 0 1 0
    outer loop
      vertex 6 84.11 4
      vertex 7.5 84.11 43
      vertex 7.596073597983848 84.11 42.02454838991936
    endloop
  endfacet
  facet normal 0 -1 0
    outer loop
      vertex 6 82.11 4
      vertex 12.021645709543638 82.11 41.845150584360894
      vertex 11.616116523516816 82.11 42.116116523516816
    endloop
  endfacet
  facet normal 0 -1 0
    outer loop
      vertex 6 82.11 4
      vertex 12.5 82.11 41.75
      vertex 12.021645709543638 82.11 41.845150584360894
    endloop
  endfacet
  facet normal 0 -1 0
    outer loop
      vertex 6 82.11 4
      vertex 12.978354290456362 82.11 41.845150584360894
      vertex 12.5 82.11 41.75
    endloop
  endfacet
  facet normal 0 -1 0
    outer loop
      vertex 6 82.11 4
      vertex 11.616116523516816 82.11 42.116116523516816
      vertex 11.34515058436089 82.11 42.52164570954364
    endloop
  endfacet
  facet normal 0 -1 0
    outer loop
      vertex 6 82.11 4
      vertex 11.34515058436089 82.11 42.52164570954364
      vertex 11.25 82.11 43
    endloop
  endfacet
  facet normal 0 1 0
    outer loop
      vertex 6 84.11 4
      vertex 12.505 84.11 35.928932188134524
      vertex 16.035533905932738 84.11 39.46446609406726
    endloop
  endfacet
  facet normal 0 -1 0
    outer loop
      vertex 6 82.11 4
      vertex 13.383883476483184 82.11 42.116116523516816
      vertex 12.978354290456362 82.11 41.845150584360894
    endloop
  endfacet
  facet normal 0 -1 0
    outer loop
      vertex 6 82.11 4
      vertex 13.65484941563911 82.11 42.52164570954364
      vertex 13.383883476483184 82.11 42.116116523516816
    endloop
  endfacet
  facet normal 0 -1 0
    outer loop
      vertex 6 82.11 4
      vertex 13.75 82.11 43
      vertex 13.65484941563911 82.11 42.52164570954364
    endloop
  endfacet
  facet normal -1 0 0
    outer loop
      vertex 0 84.11 4
      vertex 0 82.11 4
      vertex 0 82.11 130
    endloop
  endfacet
  facet normal 0 1 0
    outer loop
      vertex 6 84.11 4
      vertex 6 84.11 130
      vertex 7.5 84.11 43
    endloop
  endfacet
  facet normal 0 -1 0
    outer loop
      vertex 6 82.11 4
      vertex 11.25 82.11 43
      vertex 6 82.11 130
    endloop
  endfacet
  facet normal 0 1 0
    outer loop
      vertex 6 84.11 4
      vertex 16.035533905932738 84.11 39.46446609406726
      vertex 132 84.11 4
    endloop
  endfacet
  facet normal 0 1 0
    outer loop
      vertex 16.035533905932738 84.11 39.46446609406726
      vertex 16.657348061512728 84.11 40.222148834901986
      vertex 132 84.11 4
    endloop
  endfacet
  facet normal 0 1 0
    outer loop
      vertex 16.657348061512728 84.11 40.222148834901986
      vertex 17.119397662556434 84.11 41.08658283817455
      vertex 132 84.11 4
    endloop
  endfacet
  facet normal 0 1 0
    outer loop
      vertex 17.119397662556434 84.11 41.08658283817455
      vertex 17.403926402016154 84.11 42.02454838991936
      vertex 132 84.11 4
    endloop
  endfacet
  facet normal 0 1 0
    outer loop
      vertex 17.403926402016154 84.11 42.02454838991936
      vertex 17.5 84.11 43
      vertex 132 84.11 4
    endloop
  endfacet
  facet normal 0 1 0
    outer loop
      vertex 17.5 84.11 43
      vertex 17.403926402016154 84.11 43.97545161008064
      vertex 132 84.11 4
    endloop
  endfacet
  facet normal 0 1 0
    outer loop
      vertex 16.035533905932738 84.11 46.53553390593274
      vertex 132 84.11 4
      vertex 16.657348061512728 84.11 45.777851165098014
    endloop
  endfacet
  facet normal 0 1 0
    outer loop
      vertex 17.403926402016154 84.11 43.97545161008064
      vertex 17.119397662556434 84.11 44.91341716182545
      vertex 132 84.11 4
    endloop
  endfacet
  facet normal 0 1 0
    outer loop
      vertex 16.657348061512728 84.11 45.777851165098014
      vertex 132 84.11 4
      vertex 17.119397662556434 84.11 44.91341716182545
    endloop
  endfacet
  facet normal 0 -1 0
    outer loop
      vertex 6 82.11 4
      vertex 125.02164570954363 82.11 41.845150584360894
      vertex 124.61611652351681 82.11 42.116116523516816
    endloop
  endfacet
  facet normal 0 -1 0
    outer loop
      vertex 6 82.11 4
      vertex 125.5 82.11 41.75
      vertex 125.02164570954363 82.11 41.845150584360894
    endloop
  endfacet
  facet normal 0 -1 0
    outer loop
      vertex 6 82.11 4
      vertex 124.61611652351681 82.11 42.116116523516816
      vertex 124.3451505843609 82.11 42.52164570954364
    endloop
  endfacet
  facet normal 0 -1 0
    outer loop
      vertex 6 82.11 4
      vertex 124.3451505843609 82.11 42.52164570954364
      vertex 124.25 82.11 43
    endloop
  endfacet
  facet normal 0 1 0
    outer loop
      vertex 14.41341716182545 84.11 47.61939766255644
      vertex 132 84.11 4
      vertex 15.27785116509801 84.11 47.15734806151273
    endloop
  endfacet
  facet normal 0 1 0
    outer loop
      vertex 16.035533905932738 84.11 46.53553390593274
      vertex 15.27785116509801 84.11 47.15734806151273
      vertex 132 84.11 4
    endloop
  endfacet
  facet normal 0 1 0
    outer loop
      vertex 14.41341716182545 84.11 47.61939766255644
      vertex 6 84.11 130
      vertex 132 84.11 4
    endloop
  endfacet
  facet normal 0 -1 0
    outer loop
      vertex 6 82.11 4
      vertex 132 82.11 130
      vertex 13.75 82.11 43
    endloop
  endfacet
  facet normal 0 1 0
    outer loop
      vertex 7.5 84.11 43
      vertex 6 84.11 130
      vertex 7.596073597983848 84.11 43.97545161008064
    endloop
  endfacet
  facet normal 0 1 0
    outer loop
      vertex 7.596073597983848 84.11 43.97545161008064
      vertex 6 84.11 130
      vertex 7.880602337443566 84.11 44.91341716182545
    endloop
  endfacet
  facet normal 0 -1 0
    outer loop
      vertex 11.25 82.11 43
      vertex 11.34515058436089 82.11 43.47835429045636
      vertex 6 82.11 130
    endloop
  endfacet
  facet normal 0 -1 0
    outer loop
      vertex 11.34515058436089 82.11 43.47835429045636
      vertex 11.616116523516816 82.11 43.883883476483184
      vertex 6 82.11 130
    endloop
  endfacet
  facet normal 0 -1 0
    outer loop
      vertex 11.616116523516816 82.11 43.883883476483184
      vertex 12.021645709543638 82.11 44.154849415639106
      vertex 6 82.11 130
    endloop
  endfacet
  facet normal 0 -1 0
    outer loop
      vertex 12.021645709543638 82.11 44.154849415639106
      vertex 12.5 82.11 44.25
      vertex 6 82.11 130
    endloop
  endfacet
  facet normal 0 -1 0
    outer loop
      vertex 12.5 82.11 44.25
      vertex 12.978354290456362 82.11 44.154849415639106
      vertex 6 82.11 130
    endloop
  endfacet
  facet normal 0 1 0
    outer loop
      vertex 7.880602337443566 84.11 44.91341716182545
      vertex 6 84.11 130
      vertex 8.342651938487274 84.11 45.777851165098014
    endloop
  endfacet
  facet normal 0 1 0
    outer loop
      vertex 8.342651938487274 84.11 45.777851165098014
      vertex 6 84.11 130
      vertex 8.964466094067262 84.11 46.53553390593274
    endloop
  endfacet
  facet normal 0 1 0
    outer loop
      vertex 8.964466094067262 84.11 46.53553390593274
      vertex 6 84.11 130
      vertex 9.72214883490199 84.11 47.15734806151273
    endloop
  endfacet
  facet normal 0 1 0
    outer loop
      vertex 9.72214883490199 84.11 47.15734806151273
      vertex 6 84.11 130
      vertex 10.58658283817455 84.11 47.61939766255644
    endloop
  endfacet
  facet normal 0 1 0
    outer loop
      vertex 10.58658283817455 84.11 47.61939766255644
      vertex 6 84.11 130
      vertex 11.524548389919358 84.11 47.903926402016154
    endloop
  endfacet
  facet normal 0 1 0
    outer loop
      vertex 11.524548389919358 84.11 47.903926402016154
      vertex 6 84.11 130
      vertex 12.5 84.11 48
    endloop
  endfacet
  facet normal 0 1 0
    outer loop
      vertex 12.5 84.11 48
      vertex 6 84.11 130
      vertex 13.475451610080642 84.11 47.903926402016154
    endloop
  endfacet
  facet normal 0 -1 0
    outer loop
      vertex 12.978354290456362 82.11 44.154849415639106
      vertex 13.383883476483184 82.11 43.883883476483184
      vertex 6 82.11 130
    endloop
  endfacet
  facet normal 0 1 0
    outer loop
      vertex 13.475451610080642 84.11 47.903926402016154
      vertex 6 84.11 130
      vertex 14.41341716182545 84.11 47.61939766255644
    endloop
  endfacet
  facet normal -1 0 0
    outer loop
      vertex 0 84.11 4
      vertex 0 82.11 130
      vertex 0 84.11 130
    endloop
  endfacet
  facet normal 0 0 1
    outer loop
      vertex 0 84.11 130
      vertex 0 82.11 130
      vertex 6 84.11 130
    endloop
  endfacet
  facet normal 0 -1 0
    outer loop
      vertex 13.65484941563911 82.11 43.47835429045636
      vertex 13.75 82.11 43
      vertex 132 82.11 130
    endloop
  endfacet
  facet normal 0 -1 0
    outer loop
      vertex 13.65484941563911 82.11 43.47835429045636
      vertex 132 82.11 130
      vertex 13.383883476483184 82.11 43.883883476483184
    endloop
  endfacet
  facet normal 0 1 0
    outer loop
      vertex 6 84.11 130
      vertex 120.5 84.11 43
      vertex 120.59607359798385 84.11 42.02454838991936
    endloop
  endfacet
  facet normal 0 1 0
    outer loop
      vertex 6 84.11 130
      vertex 120.59607359798385 84.11 43.97545161008064
      vertex 120.5 84.11 43
    endloop
  endfacet
  facet normal 0 1 0
    outer loop
      vertex 6 84.11 130
      vertex 120.88060233744356 84.11 44.91341716182545
      vertex 120.59607359798385 84.11 43.97545161008064
    endloop
  endfacet
  facet normal 0 1 0
    outer loop
      vertex 6 84.11 130
      vertex 121.34265193848728 84.11 45.777851165098014
      vertex 120.88060233744356 84.11 44.91341716182545
    endloop
  endfacet
  facet normal 0 1 0
    outer loop
      vertex 6 84.11 130
      vertex 121.96446609406726 84.11 46.53553390593274
      vertex 121.34265193848728 84.11 45.777851165098014
    endloop
  endfacet
  facet normal 0 -1 0
    outer loop
      vertex 13.383883476483184 82.11 43.883883476483184
      vertex 132 82.11 130
      vertex 6 82.11 130
    endloop
  endfacet
  facet normal 0 0 1
    outer loop
      vertex 6 84.11 130
      vertex 0 82.11 130
      vertex 132 84.11 130
    endloop
  endfacet
  facet normal 0 0 1
    outer loop
      vertex 0 82.11 130
      vertex 6 82.11 130
      vertex 135 84.11 130
    endloop
  endfacet
  facet normal 0 -1 0
    outer loop
      vertex 6 82.11 4
      vertex 132 82.11 4
      vertex 125.5 82.11 41.75
    endloop
  endfacet
  facet normal 0 1 0
    outer loop
      vertex 132 84.11 4
      vertex 121.34265193848728 84.11 40.222148834901986
      vertex 121.96446609406726 84.11 39.46446609406726
    endloop
  endfacet
  facet normal 0 1 0
    outer loop
      vertex 132 84.11 4
      vertex 120.88060233744356 84.11 41.08658283817455
      vertex 121.34265193848728 84.11 40.222148834901986
    endloop
  endfacet
  facet normal 0 1 0
    outer loop
      vertex 132 84.11 4
      vertex 121.96446609406726 84.11 39.46446609406726
      vertex 125.495 84.11 35.928932188134524
    endloop
  endfacet
  facet normal 0 1 0
    outer loop
      vertex 132 84.11 4
      vertex 125.495 84.11 35.928932188134524
      vertex 125.5 84.11 35.92393218813453
    endloop
  endfacet
  facet normal 0 1 0
    outer loop
      vertex 132 84.11 4
      vertex 125.5 84.11 35.92393218813453
      vertex 125.505 84.11 35.928932188134524
    endloop
  endfacet
  facet normal 0 1 0
    outer loop
      vertex 132 84.11 4
      vertex 125.505 84.11 35.928932188134524
      vertex 129.03553390593274 84.11 39.46446609406726
    endloop
  endfacet
  facet normal 0 1 0
    outer loop
      vertex 132 84.11 4
      vertex 120.59607359798385 84.11 42.02454838991936
      vertex 120.88060233744356 84.11 41.08658283817455
    endloop
  endfacet
  facet normal 0 -1 0
    outer loop
      vertex 132 82.11 4
      vertex 125.97835429045637 82.11 41.845150584360894
      vertex 125.5 82.11 41.75
    endloop
  endfacet
  facet normal 0 -1 0
    outer loop
      vertex 132 82.11 4
      vertex 126.38388347648319 82.11 42.116116523516816
      vertex 125.97835429045637 82.11 41.845150584360894
    endloop
  endfacet
  facet normal 0 -1 0
    outer loop
      vertex 132 82.11 4
      vertex 126.6548494156391 82.11 42.52164570954364
      vertex 126.38388347648319 82.11 42.116116523516816
    endloop
  endfacet
  facet normal 0 -1 0
    outer loop
      vertex 132 82.11 4
      vertex 126.75 82.11 43
      vertex 126.6548494156391 82.11 42.52164570954364
    endloop
  endfacet
  facet normal 0 1 0
    outer loop
      vertex 6 84.11 130
      vertex 120.59607359798385 84.11 42.02454838991936
      vertex 132 84.11 4
    endloop
  endfacet
  facet normal 0 -1 0
    outer loop
      vertex 6 82.11 4
      vertex 124.25 82.11 43
      vertex 132 82.11 130
    endloop
  endfacet
  facet normal 0 1 0
    outer loop
      vertex 132 84.11 4
      vertex 129.03553390593274 84.11 39.46446609406726
      vertex 129.65734806151272 84.11 40.222148834901986
    endloop
  endfacet
  facet normal 0 1 0
    outer loop
      vertex 132 84.11 4
      vertex 129.65734806151272 84.11 40.222148834901986
      vertex 130.11939766255642 84.11 41.08658283817455
    endloop
  endfacet
  facet normal 0 1 0
    outer loop
      vertex 132 84.11 4
      vertex 130.11939766255642 84.11 41.08658283817455
      vertex 130.40392640201614 84.11 42.02454838991936
    endloop
  endfacet
  facet normal 0 1 0
    outer loop
      vertex 132 84.11 4
      vertex 130.40392640201614 84.11 42.02454838991936
      vertex 130.5 84.11 43
    endloop
  endfacet
  facet normal 1 0 0
    outer loop
      vertex 135 84.11 130
      vertex 135 82.11 4
      vertex 135 84.11 4
    endloop
  endfacet
  facet normal 0 1 0
    outer loop
      vertex 132 84.11 4
      vertex 130.5 84.11 43
      vertex 132 84.11 130
    endloop
  endfacet
  facet normal 0 -1 0
    outer loop
      vertex 132 82.11 4
      vertex 132 82.11 130
      vertex 126.75 82.11 43
    endloop
  endfacet
  facet normal 0 -1 0
    outer loop
      vertex 124.25 82.11 43
      vertex 124.3451505843609 82.11 43.47835429045636
      vertex 132 82.11 130
    endloop
  endfacet
  facet normal 0 -1 0
    outer loop
      vertex 124.3451505843609 82.11 43.47835429045636
      vertex 124.61611652351681 82.11 43.883883476483184
      vertex 132 82.11 130
    endloop
  endfacet
  facet normal 0 -1 0
    outer loop
      vertex 124.61611652351681 82.11 43.883883476483184
      vertex 125.02164570954363 82.11 44.154849415639106
      vertex 132 82.11 130
    endloop
  endfacet
  facet normal 0 -1 0
    outer loop
      vertex 125.02164570954363 82.11 44.154849415639106
      vertex 125.5 82.11 44.25
      vertex 132 82.11 130
    endloop
  endfacet
  facet normal 0 -1 0
    outer loop
      vertex 125.5 82.11 44.25
      vertex 125.97835429045637 82.11 44.154849415639106
      vertex 132 82.11 130
    endloop
  endfacet
  facet normal 0 -1 0
    outer loop
      vertex 126.75 82.11 43
      vertex 132 82.11 130
      vertex 126.6548494156391 82.11 43.47835429045636
    endloop
  endfacet
  facet normal 0 -1 0
    outer loop
      vertex 126.38388347648319 82.11 43.883883476483184
      vertex 126.6548494156391 82.11 43.47835429045636
      vertex 132 82.11 130
    endloop
  endfacet
  facet normal 0 -1 0
    outer loop
      vertex 125.97835429045637 82.11 44.154849415639106
      vertex 126.38388347648319 82.11 43.883883476483184
      vertex 132 82.11 130
    endloop
  endfacet
  facet normal 0 1 0
    outer loop
      vertex 121.96446609406726 84.11 46.53553390593274
      vertex 132 84.11 130
      vertex 122.72214883490199 84.11 47.15734806151273
    endloop
  endfacet
  facet normal 0 1 0
    outer loop
      vertex 122.72214883490199 84.11 47.15734806151273
      vertex 132 84.11 130
      vertex 123.58658283817455 84.11 47.61939766255644
    endloop
  endfacet
  facet normal 0 1 0
    outer loop
      vertex 123.58658283817455 84.11 47.61939766255644
      vertex 132 84.11 130
      vertex 124.52454838991936 84.11 47.903926402016154
    endloop
  endfacet
  facet normal 0 1 0
    outer loop
      vertex 124.52454838991936 84.11 47.903926402016154
      vertex 132 84.11 130
      vertex 125.5 84.11 48
    endloop
  endfacet
  facet normal 0 1 0
    outer loop
      vertex 125.5 84.11 48
      vertex 132 84.11 130
      vertex 126.47545161008064 84.11 47.903926402016154
    endloop
  endfacet
  facet normal 0 1 0
    outer loop
      vertex 126.47545161008064 84.11 47.903926402016154
      vertex 132 84.11 130
      vertex 127.41341716182545 84.11 47.61939766255644
    endloop
  endfacet
  facet normal 0 1 0
    outer loop
      vertex 6 84.11 130
      vertex 132 84.11 130
      vertex 121.96446609406726 84.11 46.53553390593274
    endloop
  endfacet
  facet normal 0 0 1
    outer loop
      vertex 0 82.11 130
      vertex 135 84.11 130
      vertex 132 84.11 130
    endloop
  endfacet
  facet normal 0 0 1
    outer loop
      vertex 6 82.11 130
      vertex 132 82.11 130
      vertex 135 84.11 130
    endloop
  endfacet
  facet normal 0 1 0
    outer loop
      vertex 130.5 84.11 43
      vertex 130.40392640201614 84.11 43.97545161008064
      vertex 132 84.11 130
    endloop
  endfacet
  facet normal 0 1 0
    outer loop
      vertex 130.40392640201614 84.11 43.97545161008064
      vertex 130.11939766255642 84.11 44.91341716182545
      vertex 132 84.11 130
    endloop
  endfacet
  facet normal 0 1 0
    outer loop
      vertex 129.03553390593274 84.11 46.53553390593274
      vertex 132 84.11 130
      vertex 129.65734806151272 84.11 45.777851165098014
    endloop
  endfacet
  facet normal 0 1 0
    outer loop
      vertex 128.277851165098 84.11 47.15734806151273
      vertex 132 84.11 130
      vertex 129.03553390593274 84.11 46.53553390593274
    endloop
  endfacet
  facet normal 0 1 0
    outer loop
      vertex 127.41341716182545 84.11 47.61939766255644
      vertex 132 84.11 130
      vertex 128.277851165098 84.11 47.15734806151273
    endloop
  endfacet
  facet normal 0 1 0
    outer loop
      vertex 129.65734806151272 84.11 45.777851165098014
      vertex 132 84.11 130
      vertex 130.11939766255642 84.11 44.91341716182545
    endloop
  endfacet
  facet normal 1 0 0
    outer loop
      vertex 135 84.11 130
      vertex 135 82.11 130
      vertex 135 82.11 4
    endloop
  endfacet
  facet normal 0 0 1
    outer loop
      vertex 135 84.11 130
      vertex 132 82.11 130
      vertex 135 82.11 130
    endloop
  endfacet
  facet normal 0 -1 0
    outer loop
      vertex 6 35.11 4
      vertex 20 35.11 4
      vertex 23 35.11 35
    endloop
  endfacet
  facet normal 0 1 0
    outer loop
      vertex 6 38.11 4
      vertex 9.174121550789819 38.11 40.777719067921595
      vertex 9.67157287525381 38.11 40.17157287525381
    endloop
  endfacet
  facet normal 0 1 0
    outer loop
      vertex 6 38.11 4
      vertex 9.67157287525381 38.11 40.17157287525381
      vertex 10.277719067921591 38.11 39.67412155078982
    endloop
  endfacet
  facet normal 0 1 0
    outer loop
      vertex 6 38.11 4
      vertex 10.277719067921591 38.11 39.67412155078982
      vertex 10.969266270539642 38.11 39.304481869954856
    endloop
  endfacet
  facet normal 0 1 0
    outer loop
      vertex 6 38.11 4
      vertex 11.719638711935486 38.11 39.07685887838708
      vertex 12.5 38.11 39
    endloop
  endfacet
  facet normal 0 1 0
    outer loop
      vertex 6 38.11 4
      vertex 12.5 38.11 39
      vertex 13.280361288064514 38.11 39.07685887838708
    endloop
  endfacet
  facet normal 0 1 0
    outer loop
      vertex 6 38.11 4
      vertex 10.969266270539642 38.11 39.304481869954856
      vertex 11.719638711935486 38.11 39.07685887838708
    endloop
  endfacet
  facet normal 0 -1 0
    outer loop
      vertex 6 35.11 4
      vertex 9.67157287525381 35.11 40.17157287525381
      vertex 9.174121550789819 35.11 40.777719067921595
    endloop
  endfacet
  facet normal 0 -1 0
    outer loop
      vertex 6 35.11 4
      vertex 10.277719067921591 35.11 39.67412155078982
      vertex 9.67157287525381 35.11 40.17157287525381
    endloop
  endfacet
  facet normal 0 -1 0
    outer loop
      vertex 6 35.11 4
      vertex 10.969266270539642 35.11 39.304481869954856
      vertex 10.277719067921591 35.11 39.67412155078982
    endloop
  endfacet
  facet normal 0 -1 0
    outer loop
      vertex 6 35.11 4
      vertex 12.5 35.11 39
      vertex 11.719638711935486 35.11 39.07685887838708
    endloop
  endfacet
  facet normal 0 -1 0
    outer loop
      vertex 6 35.11 4
      vertex 13.280361288064514 35.11 39.07685887838708
      vertex 12.5 35.11 39
    endloop
  endfacet
  facet normal 0 -1 0
    outer loop
      vertex 6 35.11 4
      vertex 11.719638711935486 35.11 39.07685887838708
      vertex 10.969266270539642 35.11 39.304481869954856
    endloop
  endfacet
  facet normal 0 1 0
    outer loop
      vertex 6 38.11 4
      vertex 8.804481869954852 38.11 41.46926627053964
      vertex 9.174121550789819 38.11 40.777719067921595
    endloop
  endfacet
  facet normal 0 1 0
    outer loop
      vertex 6 38.11 4
      vertex 8.576858878387078 38.11 42.21963871193549
      vertex 8.804481869954852 38.11 41.46926627053964
    endloop
  endfacet
  facet normal 0 1 0
    outer loop
      vertex 6 38.11 4
      vertex 8.5 38.11 43
      vertex 8.576858878387078 38.11 42.21963871193549
    endloop
  endfacet
  facet normal 0 -1 0
    outer loop
      vertex 6 35.11 4
      vertex 9.174121550789819 35.11 40.777719067921595
      vertex 8.804481869954852 35.11 41.46926627053964
    endloop
  endfacet
  facet normal 0 -1 0
    outer loop
      vertex 6 35.11 4
      vertex 8.804481869954852 35.11 41.46926627053964
      vertex 8.576858878387078 35.11 42.21963871193549
    endloop
  endfacet
  facet normal 0 -1 0
    outer loop
      vertex 6 35.11 4
      vertex 8.576858878387078 35.11 42.21963871193549
      vertex 8.5 35.11 43
    endloop
  endfacet
  facet normal 0 1 0
    outer loop
      vertex 6 38.11 4
      vertex 13.280361288064514 38.11 39.07685887838708
      vertex 14.030733729460358 38.11 39.304481869954856
    endloop
  endfacet
  facet normal 0 1 0
    outer loop
      vertex 6 38.11 4
      vertex 14.030733729460358 38.11 39.304481869954856
      vertex 14.722280932078409 38.11 39.67412155078982
    endloop
  endfacet
  facet normal 0 1 0
    outer loop
      vertex 6 38.11 4
      vertex 14.722280932078409 38.11 39.67412155078982
      vertex 15.32842712474619 38.11 40.17157287525381
    endloop
  endfacet
  facet normal 0 1 0
    outer loop
      vertex 6 38.11 4
      vertex 15.32842712474619 38.11 40.17157287525381
      vertex 15.825878449210181 38.11 40.777719067921595
    endloop
  endfacet
  facet normal 0 -1 0
    outer loop
      vertex 6 35.11 4
      vertex 14.030733729460358 35.11 39.304481869954856
      vertex 13.280361288064514 35.11 39.07685887838708
    endloop
  endfacet
  facet normal 0 -1 0
    outer loop
      vertex 6 35.11 4
      vertex 14.722280932078409 35.11 39.67412155078982
      vertex 14.030733729460358 35.11 39.304481869954856
    endloop
  endfacet
  facet normal 0 -1 0
    outer loop
      vertex 6 35.11 4
      vertex 23 35.11 35
      vertex 14.722280932078409 35.11 39.67412155078982
    endloop
  endfacet
  facet normal -1 0 0
    outer loop
      vertex 0 38.11 4
      vertex 0 35.11 4
      vertex 0 35.11 130
    endloop
  endfacet
  facet normal 0 -1 0
    outer loop
      vertex 14.722280932078409 35.11 39.67412155078982
      vertex 23 35.11 35
      vertex 15.32842712474619 35.11 40.17157287525381
    endloop
  endfacet
  facet normal 0 -1 0
    outer loop
      vertex 15.32842712474619 35.11 40.17157287525381
      vertex 23 35.11 35
      vertex 15.825878449210181 35.11 40.777719067921595
    endloop
  endfacet
  facet normal 0 -1 0
    outer loop
      vertex 15.825878449210181 35.11 40.777719067921595
      vertex 23 35.11 35
      vertex 16.195518130045148 35.11 41.46926627053964
    endloop
  endfacet
  facet normal 0 -1 0
    outer loop
      vertex 16.195518130045148 35.11 41.46926627053964
      vertex 23 35.11 35
      vertex 16.42314112161292 35.11 42.21963871193549
    endloop
  endfacet
  facet normal 0 -1 0
    outer loop
      vertex 16.42314112161292 35.11 42.21963871193549
      vertex 23 35.11 35
      vertex 16.5 35.11 43
    endloop
  endfacet
  facet normal 0 1 0
    outer loop
      vertex 6 38.11 4
      vertex 6 38.11 130
      vertex 8.5 38.11 43
    endloop
  endfacet
  facet normal 0 -1 0
    outer loop
      vertex 6 35.11 4
      vertex 8.5 35.11 43
      vertex 6 35.11 130
    endloop
  endfacet
  facet normal 0 -1 0
    outer loop
      vertex 20 35.11 4
      vertex 118 35.11 4
      vertex 23 35.11 35
    endloop
  endfacet
  facet normal 0 1 0
    outer loop
      vertex 6 38.11 4
      vertex 15.825878449210181 38.11 40.777719067921595
      vertex 132 38.11 4
    endloop
  endfacet
  facet normal 0 1 0
    outer loop
      vertex 15.825878449210181 38.11 40.777719067921595
      vertex 16.195518130045148 38.11 41.46926627053964
      vertex 132 38.11 4
    endloop
  endfacet
  facet normal 0 1 0
    outer loop
      vertex 16.195518130045148 38.11 41.46926627053964
      vertex 16.42314112161292 38.11 42.21963871193549
      vertex 132 38.11 4
    endloop
  endfacet
  facet normal 0 1 0
    outer loop
      vertex 16.42314112161292 38.11 42.21963871193549
      vertex 16.5 38.11 43
      vertex 132 38.11 4
    endloop
  endfacet
  facet normal 0 1 0
    outer loop
      vertex 16.5 38.11 43
      vertex 16.42314112161292 38.11 43.78036128806451
      vertex 132 38.11 4
    endloop
  endfacet
  facet normal 0 1 0
    outer loop
      vertex 16.195518130045148 38.11 44.53073372946036
      vertex 132 38.11 4
      vertex 16.42314112161292 38.11 43.78036128806451
    endloop
  endfacet
  facet normal 0 1 0
    outer loop
      vertex 16.195518130045148 38.11 44.53073372946036
      vertex 15.825878449210181 38.11 45.222280932078405
      vertex 132 38.11 4
    endloop
  endfacet
  facet normal 0 1 0
    outer loop
      vertex 15.32842712474619 38.11 45.82842712474619
      vertex 132 38.11 4
      vertex 15.825878449210181 38.11 45.222280932078405
    endloop
  endfacet
  facet normal 0 -1 0
    outer loop
      vertex 23 35.11 35
      vertex 118 35.11 4
      vertex 115 35.11 35
    endloop
  endfacet
  facet normal 0 1 0
    outer loop
      vertex 12.505 38.11 48.65685424949238
      vertex 12.5 38.11 48.66185424949238
      vertex 132 38.11 4
    endloop
  endfacet
  facet normal 0 1 0
    outer loop
      vertex 12.505 38.11 48.65685424949238
      vertex 132 38.11 4
      vertex 15.32842712474619 38.11 45.82842712474619
    endloop
  endfacet
  facet normal 0 1 0
    outer loop
      vertex 12.5 38.11 48.66185424949238
      vertex 6 38.11 130
      vertex 132 38.11 4
    endloop
  endfacet
  facet normal 0 1 0
    outer loop
      vertex 8.5 38.11 43
      vertex 6 38.11 130
      vertex 8.576858878387078 38.11 43.78036128806451
    endloop
  endfacet
  facet normal 0 1 0
    outer loop
      vertex 8.576858878387078 38.11 43.78036128806451
      vertex 6 38.11 130
      vertex 8.804481869954852 38.11 44.53073372946036
    endloop
  endfacet
  facet normal 0 -1 0
    outer loop
      vertex 8.5 35.11 43
      vertex 8.576858878387078 35.11 43.78036128806451
      vertex 6 35.11 130
    endloop
  endfacet
  facet normal 0 -1 0
    outer loop
      vertex 8.576858878387078 35.11 43.78036128806451
      vertex 8.804481869954852 35.11 44.53073372946036
      vertex 6 35.11 130
    endloop
  endfacet
  facet normal 0 1 0
    outer loop
      vertex 8.804481869954852 38.11 44.53073372946036
      vertex 6 38.11 130
      vertex 9.174121550789819 38.11 45.222280932078405
    endloop
  endfacet
  facet normal 0 1 0
    outer loop
      vertex 9.174121550789819 38.11 45.222280932078405
      vertex 6 38.11 130
      vertex 9.67157287525381 38.11 45.82842712474619
    endloop
  endfacet
  facet normal 0 1 0
    outer loop
      vertex 9.67157287525381 38.11 45.82842712474619
      vertex 6 38.11 130
      vertex 12.495 38.11 48.65685424949238
    endloop
  endfacet
  facet normal 0 1 0
    outer loop
      vertex 12.495 38.11 48.65685424949238
      vertex 6 38.11 130
      vertex 12.5 38.11 48.66185424949238
    endloop
  endfacet
  facet normal 0 -1 0
    outer loop
      vertex 8.804481869954852 35.11 44.53073372946036
      vertex 9.174121550789819 35.11 45.222280932078405
      vertex 6 35.11 130
    endloop
  endfacet
  facet normal 0 -1 0
    outer loop
      vertex 9.174121550789819 35.11 45.222280932078405
      vertex 9.67157287525381 35.11 45.82842712474619
      vertex 6 35.11 130
    endloop
  endfacet
  facet normal 0 -1 0
    outer loop
      vertex 9.67157287525381 35.11 45.82842712474619
      vertex 12.495 35.11 48.65685424949238
      vertex 6 35.11 130
    endloop
  endfacet
  facet normal 0 -1 0
    outer loop
      vertex 12.495 35.11 48.65685424949238
      vertex 12.5 35.11 48.66185424949238
      vertex 6 35.11 130
    endloop
  endfacet
  facet normal 0 -1 0
    outer loop
      vertex 16.5 35.11 43
      vertex 23 35.11 35
      vertex 23 35.11 127
    endloop
  endfacet
  facet normal 0 -1 0
    outer loop
      vertex 16.5 35.11 43
      vertex 23 35.11 127
      vertex 16.42314112161292 35.11 43.78036128806451
    endloop
  endfacet
  facet normal 0 -1 0
    outer loop
      vertex 16.195518130045148 35.11 44.53073372946036
      vertex 16.42314112161292 35.11 43.78036128806451
      vertex 23 35.11 127
    endloop
  endfacet
  facet normal 0 -1 0
    outer loop
      vertex 15.32842712474619 35.11 45.82842712474619
      vertex 15.825878449210181 35.11 45.222280932078405
      vertex 23 35.11 127
    endloop
  endfacet
  facet normal 0 -1 0
    outer loop
      vertex 16.195518130045148 35.11 44.53073372946036
      vertex 23 35.11 127
      vertex 15.825878449210181 35.11 45.222280932078405
    endloop
  endfacet
  facet normal 0 -1 0
    outer loop
      vertex 12.505 35.11 48.65685424949238
      vertex 23 35.11 127
      vertex 12.5 35.11 48.66185424949238
    endloop
  endfacet
  facet normal 0 -1 0
    outer loop
      vertex 12.505 35.11 48.65685424949238
      vertex 15.32842712474619 35.11 45.82842712474619
      vertex 23 35.11 127
    endloop
  endfacet
  facet normal -1 0 0
    outer loop
      vertex 0 38.11 4
      vertex 0 35.11 130
      vertex 0 38.11 130
    endloop
  endfacet
  facet normal 0 -1 0
    outer loop
      vertex 12.5 35.11 48.66185424949238
      vertex 23 35.11 127
      vertex 6 35.11 130
    endloop
  endfacet
  facet normal 0 0 1
    outer loop
      vertex 0 38.11 130
      vertex 0 35.11 130
      vertex 6 38.11 130
    endloop
  endfacet
  facet normal 0 1 0
    outer loop
      vertex 6 38.11 130
      vertex 121.5 38.11 43
      vertex 121.57685887838707 38.11 42.21963871193549
    endloop
  endfacet
  facet normal 0 1 0
    outer loop
      vertex 6 38.11 130
      vertex 121.57685887838707 38.11 43.78036128806451
      vertex 121.5 38.11 43
    endloop
  endfacet
  facet normal 0 1 0
    outer loop
      vertex 6 38.11 130
      vertex 121.80448186995486 38.11 44.53073372946036
      vertex 121.57685887838707 38.11 43.78036128806451
    endloop
  endfacet
  facet normal 0 1 0
    outer loop
      vertex 6 38.11 130
      vertex 122.17412155078982 38.11 45.222280932078405
      vertex 121.80448186995486 38.11 44.53073372946036
    endloop
  endfacet
  facet normal 0 1 0
    outer loop
      vertex 6 38.11 130
      vertex 122.67157287525382 38.11 45.82842712474619
      vertex 122.17412155078982 38.11 45.222280932078405
    endloop
  endfacet
  facet normal 0 0 1
    outer loop
      vertex 0 35.11 130
      vertex 132 38.11 130
      vertex 6 38.11 130
    endloop
  endfacet
  facet normal 0 0 1
    outer loop
      vertex 0 35.11 130
      vertex 6 35.11 130
      vertex 135 38.11 130
    endloop
  endfacet
  facet normal 0 -1 0
    outer loop
      vertex 6 35.11 130
      vertex 23 35.11 127
      vertex 115 35.11 127
    endloop
  endfacet
  facet normal 0 -1 0
    outer loop
      vertex 6 35.11 130
      vertex 115 35.11 127
      vertex 132 35.11 130
    endloop
  endfacet
  facet normal 0 -1 0
    outer loop
      vertex 118 35.11 4
      vertex 132 35.11 4
      vertex 115 35.11 35
    endloop
  endfacet
  facet normal 0 1 0
    outer loop
      vertex 132 38.11 4
      vertex 122.17412155078982 38.11 40.777719067921595
      vertex 122.67157287525382 38.11 40.17157287525381
    endloop
  endfacet
  facet normal 0 1 0
    outer loop
      vertex 132 38.11 4
      vertex 123.2777190679216 38.11 39.67412155078982
      vertex 123.96926627053963 38.11 39.304481869954856
    endloop
  endfacet
  facet normal 0 1 0
    outer loop
      vertex 132 38.11 4
      vertex 122.67157287525382 38.11 40.17157287525381
      vertex 123.2777190679216 38.11 39.67412155078982
    endloop
  endfacet
  facet normal 0 1 0
    outer loop
      vertex 132 38.11 4
      vertex 124.71963871193549 38.11 39.07685887838708
      vertex 125.5 38.11 39
    endloop
  endfacet
  facet normal 0 1 0
    outer loop
      vertex 132 38.11 4
      vertex 123.96926627053963 38.11 39.304481869954856
      vertex 124.71963871193549 38.11 39.07685887838708
    endloop
  endfacet
  facet normal 0 1 0
    outer loop
      vertex 132 38.11 4
      vertex 125.5 38.11 39
      vertex 126.28036128806451 38.11 39.07685887838708
    endloop
  endfacet
  facet normal 0 1 0
    outer loop
      vertex 132 38.11 4
      vertex 126.28036128806451 38.11 39.07685887838708
      vertex 127.03073372946037 38.11 39.304481869954856
    endloop
  endfacet
  facet normal 0 1 0
    outer loop
      vertex 132 38.11 4
      vertex 127.03073372946037 38.11 39.304481869954856
      vertex 127.7222809320784 38.11 39.67412155078982
    endloop
  endfacet
  facet normal 0 -1 0
    outer loop
      vertex 132 35.11 4
      vertex 124.71963871193549 35.11 39.07685887838708
      vertex 115 35.11 35
    endloop
  endfacet
  facet normal 0 -1 0
    outer loop
      vertex 132 35.11 4
      vertex 125.5 35.11 39
      vertex 124.71963871193549 35.11 39.07685887838708
    endloop
  endfacet
  facet normal 0 -1 0
    outer loop
      vertex 132 35.11 4
      vertex 126.28036128806451 35.11 39.07685887838708
      vertex 125.5 35.11 39
    endloop
  endfacet
  facet normal 0 -1 0
    outer loop
      vertex 132 35.11 4
      vertex 127.03073372946037 35.11 39.304481869954856
      vertex 126.28036128806451 35.11 39.07685887838708
    endloop
  endfacet
  facet normal 0 -1 0
    outer loop
      vertex 132 35.11 4
      vertex 127.7222809320784 35.11 39.67412155078982
      vertex 127.03073372946037 35.11 39.304481869954856
    endloop
  endfacet
  facet normal 0 1 0
    outer loop
      vertex 132 38.11 4
      vertex 121.57685887838707 38.11 42.21963871193549
      vertex 121.80448186995486 38.11 41.46926627053964
    endloop
  endfacet
  facet normal 0 1 0
    outer loop
      vertex 132 38.11 4
      vertex 121.80448186995486 38.11 41.46926627053964
      vertex 122.17412155078982 38.11 40.777719067921595
    endloop
  endfacet
  facet normal 0 1 0
    outer loop
      vertex 6 38.11 130
      vertex 121.57685887838707 38.11 42.21963871193549
      vertex 132 38.11 4
    endloop
  endfacet
  facet normal 0 -1 0
    outer loop
      vertex 115 35.11 35
      vertex 123.2777190679216 35.11 39.67412155078982
      vertex 122.67157287525382 35.11 40.17157287525381
    endloop
  endfacet
  facet normal 0 -1 0
    outer loop
      vertex 115 35.11 35
      vertex 123.96926627053963 35.11 39.304481869954856
      vertex 123.2777190679216 35.11 39.67412155078982
    endloop
  endfacet
  facet normal 0 -1 0
    outer loop
      vertex 115 35.11 35
      vertex 122.17412155078982 35.11 40.777719067921595
      vertex 121.80448186995486 35.11 41.46926627053964
    endloop
  endfacet
  facet normal 0 -1 0
    outer loop
      vertex 115 35.11 35
      vertex 121.80448186995486 35.11 41.46926627053964
      vertex 121.57685887838707 35.11 42.21963871193549
    endloop
  endfacet
  facet normal 0 -1 0
    outer loop
      vertex 115 35.11 35
      vertex 121.57685887838707 35.11 42.21963871193549
      vertex 121.5 35.11 43
    endloop
  endfacet
  facet normal 0 -1 0
    outer loop
      vertex 115 35.11 35
      vertex 122.67157287525382 35.11 40.17157287525381
      vertex 122.17412155078982 35.11 40.777719067921595
    endloop
  endfacet
  facet normal 0 -1 0
    outer loop
      vertex 115 35.11 35
      vertex 124.71963871193549 35.11 39.07685887838708
      vertex 123.96926627053963 35.11 39.304481869954856
    endloop
  endfacet
  facet normal 0 1 0
    outer loop
      vertex 132 38.11 4
      vertex 127.7222809320784 38.11 39.67412155078982
      vertex 128.32842712474618 38.11 40.17157287525381
    endloop
  endfacet
  facet normal 0 1 0
    outer loop
      vertex 132 38.11 4
      vertex 128.32842712474618 38.11 40.17157287525381
      vertex 128.8258784492102 38.11 40.777719067921595
    endloop
  endfacet
  facet normal 0 -1 0
    outer loop
      vertex 132 35.11 4
      vertex 128.32842712474618 35.11 40.17157287525381
      vertex 127.7222809320784 35.11 39.67412155078982
    endloop
  endfacet
  facet normal 0 -1 0
    outer loop
      vertex 132 35.11 4
      vertex 128.8258784492102 35.11 40.777719067921595
      vertex 128.32842712474618 35.11 40.17157287525381
    endloop
  endfacet
  facet normal 0 1 0
    outer loop
      vertex 132 38.11 4
      vertex 128.8258784492102 38.11 40.777719067921595
      vertex 129.19551813004514 38.11 41.46926627053964
    endloop
  endfacet
  facet normal 0 1 0
    outer loop
      vertex 132 38.11 4
      vertex 129.19551813004514 38.11 41.46926627053964
      vertex 129.42314112161293 38.11 42.21963871193549
    endloop
  endfacet
  facet normal 0 1 0
    outer loop
      vertex 132 38.11 4
      vertex 129.42314112161293 38.11 42.21963871193549
      vertex 129.5 38.11 43
    endloop
  endfacet
  facet normal 0 -1 0
    outer loop
      vertex 132 35.11 4
      vertex 129.19551813004514 35.11 41.46926627053964
      vertex 128.8258784492102 35.11 40.777719067921595
    endloop
  endfacet
  facet normal 0 -1 0
    outer loop
      vertex 132 35.11 4
      vertex 129.42314112161293 35.11 42.21963871193549
      vertex 129.19551813004514 35.11 41.46926627053964
    endloop
  endfacet
  facet normal 0 -1 0
    outer loop
      vertex 132 35.11 4
      vertex 129.5 35.11 43
      vertex 129.42314112161293 35.11 42.21963871193549
    endloop
  endfacet
  facet normal 1 0 0
    outer loop
      vertex 135 38.11 130
      vertex 135 35.11 4
      vertex 135 38.11 4
    endloop
  endfacet
  facet normal 0 1 0
    outer loop
      vertex 132 38.11 4
      vertex 129.5 38.11 43
      vertex 132 38.11 130
    endloop
  endfacet
  facet normal 0 -1 0
    outer loop
      vertex 132 35.11 4
      vertex 132 35.11 130
      vertex 129.5 35.11 43
    endloop
  endfacet
  facet normal 0 -1 0
    outer loop
      vertex 115 35.11 35
      vertex 121.5 35.11 43
      vertex 115 35.11 127
    endloop
  endfacet
  facet normal 0 -1 0
    outer loop
      vertex 121.5 35.11 43
      vertex 121.57685887838707 35.11 43.78036128806451
      vertex 115 35.11 127
    endloop
  endfacet
  facet normal 0 -1 0
    outer loop
      vertex 121.57685887838707 35.11 43.78036128806451
      vertex 121.80448186995486 35.11 44.53073372946036
      vertex 115 35.11 127
    endloop
  endfacet
  facet normal 0 -1 0
    outer loop
      vertex 121.80448186995486 35.11 44.53073372946036
      vertex 122.17412155078982 35.11 45.222280932078405
      vertex 115 35.11 127
    endloop
  endfacet
  facet normal 0 -1 0
    outer loop
      vertex 122.17412155078982 35.11 45.222280932078405
      vertex 122.67157287525382 35.11 45.82842712474619
      vertex 115 35.11 127
    endloop
  endfacet
  facet normal 0 -1 0
    outer loop
      vertex 129.19551813004514 35.11 44.53073372946036
      vertex 129.42314112161293 35.11 43.78036128806451
      vertex 115 35.11 127
    endloop
  endfacet
  facet normal 0 -1 0
    outer loop
      vertex 129.19551813004514 35.11 44.53073372946036
      vertex 115 35.11 127
      vertex 128.8258784492102 35.11 45.222280932078405
    endloop
  endfacet
  facet normal 0 -1 0
    outer loop
      vertex 128.32842712474618 35.11 45.82842712474619
      vertex 128.8258784492102 35.11 45.222280932078405
      vertex 115 35.11 127
    endloop
  endfacet
  facet normal 0 -1 0
    outer loop
      vertex 122.67157287525382 35.11 45.82842712474619
      vertex 125.495 35.11 48.65685424949238
      vertex 115 35.11 127
    endloop
  endfacet
  facet normal 0 -1 0
    outer loop
      vertex 125.5 35.11 48.66185424949238
      vertex 125.505 35.11 48.65685424949238
      vertex 115 35.11 127
    endloop
  endfacet
  facet normal 0 -1 0
    outer loop
      vertex 125.495 35.11 48.65685424949238
      vertex 125.5 35.11 48.66185424949238
      vertex 115 35.11 127
    endloop
  endfacet
  facet normal 0 -1 0
    outer loop
      vertex 125.505 35.11 48.65685424949238
      vertex 128.32842712474618 35.11 45.82842712474619
      vertex 115 35.11 127
    endloop
  endfacet
  facet normal 0 1 0
    outer loop
      vertex 122.67157287525382 38.11 45.82842712474619
      vertex 132 38.11 130
      vertex 125.495 38.11 48.65685424949238
    endloop
  endfacet
  facet normal 0 1 0
    outer loop
      vertex 125.505 38.11 48.65685424949238
      vertex 132 38.11 130
      vertex 128.32842712474618 38.11 45.82842712474619
    endloop
  endfacet
  facet normal 0 1 0
    outer loop
      vertex 125.495 38.11 48.65685424949238
      vertex 132 38.11 130
      vertex 125.5 38.11 48.66185424949238
    endloop
  endfacet
  facet normal 0 1 0
    outer loop
      vertex 125.5 38.11 48.66185424949238
      vertex 132 38.11 130
      vertex 125.505 38.11 48.65685424949238
    endloop
  endfacet
  facet normal 0 1 0
    outer loop
      vertex 6 38.11 130
      vertex 132 38.11 130
      vertex 122.67157287525382 38.11 45.82842712474619
    endloop
  endfacet
  facet normal 0 0 1
    outer loop
      vertex 0 35.11 130
      vertex 135 38.11 130
      vertex 132 38.11 130
    endloop
  endfacet
  facet normal 0 0 1
    outer loop
      vertex 6 35.11 130
      vertex 132 35.11 130
      vertex 135 38.11 130
    endloop
  endfacet
  facet normal 0 -1 0
    outer loop
      vertex 129.42314112161293 35.11 43.78036128806451
      vertex 132 35.11 130
      vertex 115 35.11 127
    endloop
  endfacet
  facet normal 0 1 0
    outer loop
      vertex 129.5 38.11 43
      vertex 129.42314112161293 38.11 43.78036128806451
      vertex 132 38.11 130
    endloop
  endfacet
  facet normal 0 1 0
    outer loop
      vertex 129.19551813004514 38.11 44.53073372946036
      vertex 132 38.11 130
      vertex 129.42314112161293 38.11 43.78036128806451
    endloop
  endfacet
  facet normal 0 -1 0
    outer loop
      vertex 129.5 35.11 43
      vertex 132 35.11 130
      vertex 129.42314112161293 35.11 43.78036128806451
    endloop
  endfacet
  facet normal 0 1 0
    outer loop
      vertex 128.32842712474618 38.11 45.82842712474619
      vertex 132 38.11 130
      vertex 128.8258784492102 38.11 45.222280932078405
    endloop
  endfacet
  facet normal 0 1 0
    outer loop
      vertex 129.19551813004514 38.11 44.53073372946036
      vertex 128.8258784492102 38.11 45.222280932078405
      vertex 132 38.11 130
    endloop
  endfacet
  facet normal 1 0 0
    outer loop
      vertex 135 38.11 130
      vertex 135 35.11 130
      vertex 135 35.11 4
    endloop
  endfacet
  facet normal 0 0 1
    outer loop
      vertex 135 38.11 130
      vertex 132 35.11 130
      vertex 135 35.11 130
    endloop
  endfacet
  facet normal -1 0 0
    outer loop
      vertex 0 82.11 4
      vertex 0 75.05446939613333 20.586501659085673
      vertex 0 75.31208152801713 20.797918471982868
    endloop
  endfacet
  facet normal -1 0 0
    outer loop
      vertex 0 82.11 4
      vertex 0 74.44165354742742 20.332665023314508
      vertex 0 74.76056183502065 20.429404794730814
    endloop
  endfacet
  facet normal -1 0 0
    outer loop
      vertex 0 82.11 4
      vertex 0 74.76056183502065 20.429404794730814
      vertex 0 75.05446939613333 20.586501659085673
    endloop
  endfacet
  facet normal -1 0 0
    outer loop
      vertex 0 82.11 4
      vertex 0 75.68059520526919 21.349438164979347
      vertex 0 75.7773349766855 21.66834645257258
    endloop
  endfacet
  facet normal -1 0 0
    outer loop
      vertex 0 82.11 4
      vertex 0 75.7773349766855 21.66834645257258
      vertex 0 75.81 22
    endloop
  endfacet
  facet normal -1 0 0
    outer loop
      vertex 0 82.11 4
      vertex 0 75.81 22
      vertex 0 75.7773349766855 22.33165354742742
    endloop
  endfacet
  facet normal -1 0 0
    outer loop
      vertex 0 82.11 4
      vertex 0 75.31208152801713 20.797918471982868
      vertex 0 75.52349834091433 21.055530603866675
    endloop
  endfacet
  facet normal -1 0 0
    outer loop
      vertex 0 82.11 4
      vertex 0 75.52349834091433 21.055530603866675
      vertex 0 75.68059520526919 21.349438164979347
    endloop
  endfacet
  facet normal 1 0 0
    outer loop
      vertex 6 82.11 4
      vertex 6 75.88782474566273 19.339297240631854
      vertex 6 75.33458698356829 19.04358549596388
    endloop
  endfacet
  facet normal 1 0 0
    outer loop
      vertex 6 82.11 4
      vertex 6 75.33458698356829 19.04358549596388
      vertex 6 74.7342890304516 18.861487102709663
    endloop
  endfacet
  facet normal 1 0 0
    outer loop
      vertex 6 82.11 4
      vertex 6 77.06641450403612 20.775413016431713
      vertex 6 76.77070275936815 20.222175254337273
    endloop
  endfacet
  facet normal 1 0 0
    outer loop
      vertex 6 82.11 4
      vertex 6 77.24851289729034 21.37571096954839
      vertex 6 77.06641450403612 20.775413016431713
    endloop
  endfacet
  facet normal 1 0 0
    outer loop
      vertex 6 82.11 4
      vertex 6 77.31 22
      vertex 6 77.24851289729034 21.37571096954839
    endloop
  endfacet
  facet normal 1 0 0
    outer loop
      vertex 6 82.11 4
      vertex 6 76.77070275936815 20.222175254337273
      vertex 6 76.37274169979695 19.737258300203045
    endloop
  endfacet
  facet normal 1 0 0
    outer loop
      vertex 6 82.11 4
      vertex 6 76.37274169979695 19.737258300203045
      vertex 6 75.88782474566273 19.339297240631854
    endloop
  endfacet
  facet normal -1 0 0
    outer loop
      vertex 0 82.11 4
      vertex 0 74.11 20.3
      vertex 0 74.44165354742742 20.332665023314508
    endloop
  endfacet
  facet normal -1 0 0
    outer loop
      vertex 0 82.11 4
      vertex 0 75.7773349766855 22.33165354742742
      vertex 0 75.7773349766855 68.66834645257258
    endloop
  endfacet
  facet normal 1 0 0
    outer loop
      vertex 6 82.11 4
      vertex 6 77.31 69
      vertex 6 77.31 22
    endloop
  endfacet
  facet normal -1 0 0
    outer loop
      vertex 0 74.11 23.7
      vertex 0 73.77834645257258 23.667334976685492
      vertex 0 66.97602540378443 35.5
    endloop
  endfacet
  facet normal -1 0 0
    outer loop
      vertex 0 72.53940479473081 21.349438164979347
      vertex 0 66.11 35
      vertex 0 72.4426650233145 21.66834645257258
    endloop
  endfacet
  facet normal -1 0 0
    outer loop
      vertex 0 72.4426650233145 21.66834645257258
      vertex 0 66.11 35
      vertex 0 72.41 22
    endloop
  endfacet
  facet normal -1 0 0
    outer loop
      vertex 0 73.45943816497935 23.570595205269186
      vertex 0 73.16553060386667 23.413498340914327
      vertex 0 66.61 35.133974596215566
    endloop
  endfacet
  facet normal -1 0 0
    outer loop
      vertex 0 72.41 22
      vertex 0 66.11 35
      vertex 0 72.4426650233145 22.33165354742742
    endloop
  endfacet
  facet normal -1 0 0
    outer loop
      vertex 0 72.53940479473081 22.650561835020653
      vertex 0 66.11 35
      vertex 0 72.69650165908567 22.944469396133325
    endloop
  endfacet
  facet normal -1 0 0
    outer loop
      vertex 0 72.4426650233145 22.33165354742742
      vertex 0 66.11 35
      vertex 0 72.53940479473081 22.650561835020653
    endloop
  endfacet
  facet normal -1 0 0
    outer loop
      vertex 0 72.69650165908567 22.944469396133325
      vertex 0 66.11 35
      vertex 0 72.90791847198287 23.202081528017132
    endloop
  endfacet
  facet normal -1 0 0
    outer loop
      vertex 0 73.16553060386667 23.413498340914327
      vertex 0 72.90791847198287 23.202081528017132
      vertex 0 66.36881904510253 35.034074173710934
    endloop
  endfacet
  facet normal -1 0 0
    outer loop
      vertex 0 73.77834645257258 23.667334976685492
      vertex 0 73.45943816497935 23.570595205269186
      vertex 0 66.81710678118654 35.292893218813454
    endloop
  endfacet
  facet normal -1 0 0
    outer loop
      vertex 0 73.45943816497935 23.570595205269186
      vertex 0 66.61 35.133974596215566
      vertex 0 66.81710678118654 35.292893218813454
    endloop
  endfacet
  facet normal -1 0 0
    outer loop
      vertex 0 74.11 23.7
      vertex 0 66.97602540378443 35.5
      vertex 0 67.07592582628907 35.74118095489748
    endloop
  endfacet
  facet normal -1 0 0
    outer loop
      vertex 0 73.77834645257258 23.667334976685492
      vertex 0 66.81710678118654 35.292893218813454
      vertex 0 66.97602540378443 35.5
    endloop
  endfacet
  facet normal -1 0 0
    outer loop
      vertex 0 73.16553060386667 23.413498340914327
      vertex 0 66.36881904510253 35.034074173710934
      vertex 0 66.61 35.133974596215566
    endloop
  endfacet
  facet normal -1 0 0
    outer loop
      vertex 0 72.90791847198287 23.202081528017132
      vertex 0 66.11 35
      vertex 0 66.36881904510253 35.034074173710934
    endloop
  endfacet
  facet normal -1 0 0
    outer loop
      vertex 0 82.11 4
      vertex 0 38.11 4
      vertex 0 74.11 20.3
    endloop
  endfacet
  facet normal -1 0 0
    outer loop
      vertex 0 74.11 20.3
      vertex 0 38.11 4
      vertex 0 73.77834645257258 20.332665023314508
    endloop
  endfacet
  facet normal -1 0 0
    outer loop
      vertex 0 73.77834645257258 20.332665023314508
      vertex 0 38.11 4
      vertex 0 73.45943816497935 20.429404794730814
    endloop
  endfacet
  facet normal -1 0 0
    outer loop
      vertex 0 73.45943816497935 20.429404794730814
      vertex 0 38.11 4
      vertex 0 73.16553060386667 20.586501659085673
    endloop
  endfacet
  facet normal -1 0 0
    outer loop
      vertex 0 73.16553060386667 20.586501659085673
      vertex 0 38.11 4
      vertex 0 72.90791847198287 20.797918471982868
    endloop
  endfacet
  facet normal -1 0 0
    outer loop
      vertex 0 72.90791847198287 20.797918471982868
      vertex 0 38.11 4
      vertex 0 72.69650165908567 21.055530603866675
    endloop
  endfacet
  facet normal -1 0 0
    outer loop
      vertex 0 72.69650165908567 21.055530603866675
      vertex 0 38.11 4
      vertex 0 72.53940479473081 21.349438164979347
    endloop
  endfacet
  facet normal 1 0 0
    outer loop
      vertex 6 82.11 4
      vertex 6 74.7342890304516 18.861487102709663
      vertex 6 38.11 4
    endloop
  endfacet
  facet normal 1 0 0
    outer loop
      vertex 6 74.7342890304516 18.861487102709663
      vertex 6 74.11 18.8
      vertex 6 38.11 4
    endloop
  endfacet
  facet normal 1 0 0
    outer loop
      vertex 6 74.11 18.8
      vertex 6 73.48571096954839 18.861487102709663
      vertex 6 38.11 4
    endloop
  endfacet
  facet normal 1 0 0
    outer loop
      vertex 6 73.48571096954839 18.861487102709663
      vertex 6 72.88541301643171 19.04358549596388
      vertex 6 38.11 4
    endloop
  endfacet
  facet normal 1 0 0
    outer loop
      vertex 6 72.88541301643171 19.04358549596388
      vertex 6 72.33217525433727 19.339297240631854
      vertex 6 38.11 4
    endloop
  endfacet
  facet normal 1 0 0
    outer loop
      vertex 6 72.33217525433727 19.339297240631854
      vertex 6 71.84725830020305 19.737258300203045
      vertex 6 38.11 4
    endloop
  endfacet
  facet normal 1 0 0
    outer loop
      vertex 6 71.84725830020305 19.737258300203045
      vertex 6 71.44929724063185 20.222175254337273
      vertex 6 38.11 4
    endloop
  endfacet
  facet normal 1 0 0
    outer loop
      vertex 6 71.44929724063185 20.222175254337273
      vertex 6 71.15358549596388 20.775413016431713
      vertex 6 38.11 4
    endloop
  endfacet
  facet normal 1 0 0
    outer loop
      vertex 6 71.15358549596388 20.775413016431713
      vertex 6 70.97148710270966 21.37571096954839
      vertex 6 38.11 4
    endloop
  endfacet
  facet normal -1 0 0
    outer loop
      vertex 0 72.53940479473081 21.349438164979347
      vertex 0 38.11 4
      vertex 0 66.11 35
    endloop
  endfacet
  facet normal -1 0 0
    outer loop
      vertex 0 66.11 35
      vertex 0 38.11 4
      vertex 0 65.85118095489747 35.034074173710934
    endloop
  endfacet
  facet normal -1 0 0
    outer loop
      vertex 0 65.85118095489747 35.034074173710934
      vertex 0 38.11 4
      vertex 0 65.61 35.133974596215566
    endloop
  endfacet
  facet normal -1 0 0
    outer loop
      vertex 0 65.61 35.133974596215566
      vertex 0 38.11 4
      vertex 0 65.40289321881346 35.292893218813454
    endloop
  endfacet
  facet normal -1 0 0
    outer loop
      vertex 0 65.40289321881346 35.292893218813454
      vertex 0 38.11 4
      vertex 0 65.24397459621557 35.5
    endloop
  endfacet
  facet normal -1 0 0
    outer loop
      vertex 0 65.24397459621557 35.5
      vertex 0 38.11 4
      vertex 0 65.14407417371093 35.74118095489748
    endloop
  endfacet
  facet normal -1 0 0
    outer loop
      vertex 0 65.14407417371093 35.74118095489748
      vertex 0 38.11 4
      vertex 0 65.11 36
    endloop
  endfacet
  facet normal -1 0 0
    outer loop
      vertex 0 65.11 36
      vertex 0 38.11 4
      vertex 0 65.14407417371093 36.25881904510252
    endloop
  endfacet
  facet normal 1 0 0
    outer loop
      vertex 6 77.31 22
      vertex 6 77.24851289729034 68.3757109695484
      vertex 6 77.24851289729034 22.62428903045161
    endloop
  endfacet
  facet normal 1 0 0
    outer loop
      vertex 6 77.24851289729034 22.62428903045161
      vertex 6 77.06641450403612 67.77541301643171
      vertex 6 77.06641450403612 23.224586983568287
    endloop
  endfacet
  facet normal -1 0 0
    outer loop
      vertex 0 88.11 4
      vertex 0 84.11 4
      vertex 0 88.11 130
    endloop
  endfacet
  facet normal 0 1 0
    outer loop
      vertex 0 88.11 4
      vertex 6 88.11 130
      vertex 6 88.11 4
    endloop
  endfacet
  facet normal 1 0 0
    outer loop
      vertex 6 88.11 4
      vertex 6 84.11 130
      vertex 6 84.11 4
    endloop
  endfacet
  facet normal -1 0 0
    outer loop
      vertex 0 75.7773349766855 22.33165354742742
      vertex 0 75.68059520526919 22.650561835020653
      vertex 0 75.7773349766855 68.66834645257258
    endloop
  endfacet
  facet normal -1 0 0
    outer loop
      vertex 0 75.68059520526919 22.650561835020653
      vertex 0 75.52349834091433 22.944469396133325
      vertex 0 75.68059520526919 68.34943816497935
    endloop
  endfacet
  facet normal -1 0 0
    outer loop
      vertex 0 75.52349834091433 22.944469396133325
      vertex 0 75.31208152801713 23.202081528017132
      vertex 0 75.52349834091433 68.05553060386667
    endloop
  endfacet
  facet normal -1 0 0
    outer loop
      vertex 0 75.31208152801713 23.202081528017132
      vertex 0 75.05446939613333 23.413498340914327
      vertex 0 75.31208152801713 67.79791847198287
    endloop
  endfacet
  facet normal -1 0 0
    outer loop
      vertex 0 75.05446939613333 23.413498340914327
      vertex 0 74.76056183502065 23.570595205269186
      vertex 0 75.31208152801713 67.79791847198287
    endloop
  endfacet
  facet normal -1 0 0
    outer loop
      vertex 0 74.76056183502065 23.570595205269186
      vertex 0 74.44165354742742 23.667334976685492
      vertex 0 75.31208152801713 67.79791847198287
    endloop
  endfacet
  facet normal -1 0 0
    outer loop
      vertex 0 74.44165354742742 23.667334976685492
      vertex 0 74.11 23.7
      vertex 0 75.31208152801713 67.79791847198287
    endloop
  endfacet
  facet normal 1 0 0
    outer loop
      vertex 6 77.06641450403612 23.224586983568287
      vertex 6 76.77070275936815 67.22217525433727
      vertex 6 76.77070275936815 23.777824745662727
    endloop
  endfacet
  facet normal 1 0 0
    outer loop
      vertex 6 76.77070275936815 23.777824745662727
      vertex 6 76.37274169979695 66.73725830020305
      vertex 6 76.37274169979695 24.26274169979695
    endloop
  endfacet
  facet normal 1 0 0
    outer loop
      vertex 6 76.37274169979695 24.26274169979695
      vertex 6 75.88782474566273 66.33929724063185
      vertex 6 75.88782474566273 24.660702759368146
    endloop
  endfacet
  facet normal 1 0 0
    outer loop
      vertex 6 75.88782474566273 24.660702759368146
      vertex 6 75.33458698356829 66.04358549596388
      vertex 6 75.33458698356829 24.95641450403612
    endloop
  endfacet
  facet normal 1 0 0
    outer loop
      vertex 6 75.33458698356829 24.95641450403612
      vertex 6 74.7342890304516 65.86148710270966
      vertex 6 74.7342890304516 25.138512897290337
    endloop
  endfacet
  facet normal -1 0 0
    outer loop
      vertex 0 74.11 23.7
      vertex 0 67.07592582628907 35.74118095489748
      vertex 0 74.11 67.3
    endloop
  endfacet
  facet normal -1 0 0
    outer loop
      vertex 0 67.07592582628907 35.74118095489748
      vertex 0 67.11 36
      vertex 0 74.11 67.3
    endloop
  endfacet
  facet normal -1 0 0
    outer loop
      vertex 0 67.11 36
      vertex 0 67.07592582628907 36.25881904510252
      vertex 0 74.11 67.3
    endloop
  endfacet
  facet normal -1 0 0
    outer loop
      vertex 0 67.07592582628907 36.25881904510252
      vertex 0 66.97602540378443 36.5
      vertex 0 74.11 67.3
    endloop
  endfacet
  facet normal -1 0 0
    outer loop
      vertex 0 66.97602540378443 36.5
      vertex 0 66.81710678118654 36.707106781186546
      vertex 0 74.11 67.3
    endloop
  endfacet
  facet normal -1 0 0
    outer loop
      vertex 0 66.81710678118654 36.707106781186546
      vertex 0 66.61 36.86602540378444
      vertex 0 74.11 67.3
    endloop
  endfacet
  facet normal -1 0 0
    outer loop
      vertex 0 66.61 36.86602540378444
      vertex 0 66.36881904510253 36.965925826289066
      vertex 0 73.77834645257258 67.33266502331452
    endloop
  endfacet
  facet normal -1 0 0
    outer loop
      vertex 0 66.36881904510253 36.965925826289066
      vertex 0 66.11 37
      vertex 0 73.45943816497935 67.42940479473081
    endloop
  endfacet
  facet normal -1 0 0
    outer loop
      vertex 0 66.11 37
      vertex 0 65.85118095489747 36.965925826289066
      vertex 0 73.16553060386667 67.58650165908567
    endloop
  endfacet
  facet normal -1 0 0
    outer loop
      vertex 0 65.85118095489747 36.965925826289066
      vertex 0 65.61 36.86602540378444
      vertex 0 72.90791847198287 67.79791847198287
    endloop
  endfacet
  facet normal -1 0 0
    outer loop
      vertex 0 65.40289321881346 36.707106781186546
      vertex 0 72.53940479473081 68.34943816497935
      vertex 0 65.61 36.86602540378444
    endloop
  endfacet
  facet normal -1 0 0
    outer loop
      vertex 0 65.24397459621557 36.5
      vertex 0 72.4426650233145 68.66834645257258
      vertex 0 65.40289321881346 36.707106781186546
    endloop
  endfacet
  facet normal 1 0 0
    outer loop
      vertex 6 77.24851289729034 22.62428903045161
      vertex 6 77.24851289729034 68.3757109695484
      vertex 6 77.06641450403612 67.77541301643171
    endloop
  endfacet
  facet normal 1 0 0
    outer loop
      vertex 6 77.31 22
      vertex 6 77.31 69
      vertex 6 77.24851289729034 68.3757109695484
    endloop
  endfacet
  facet normal -1 0 0
    outer loop
      vertex 0 74.11 23.7
      vertex 0 74.11 67.3
      vertex 0 74.44165354742742 67.33266502331452
    endloop
  endfacet
  facet normal -1 0 0
    outer loop
      vertex 0 75.31208152801713 23.202081528017132
      vertex 0 75.31208152801713 67.79791847198287
      vertex 0 75.52349834091433 68.05553060386667
    endloop
  endfacet
  facet normal -1 0 0
    outer loop
      vertex 0 75.52349834091433 22.944469396133325
      vertex 0 75.52349834091433 68.05553060386667
      vertex 0 75.68059520526919 68.34943816497935
    endloop
  endfacet
  facet normal -1 0 0
    outer loop
      vertex 0 75.68059520526919 22.650561835020653
      vertex 0 75.68059520526919 68.34943816497935
      vertex 0 75.7773349766855 68.66834645257258
    endloop
  endfacet
  facet normal -1 0 0
    outer loop
      vertex 0 74.11 23.7
      vertex 0 75.05446939613333 67.58650165908567
      vertex 0 75.31208152801713 67.79791847198287
    endloop
  endfacet
  facet normal -1 0 0
    outer loop
      vertex 0 74.11 23.7
      vertex 0 74.76056183502065 67.42940479473081
      vertex 0 75.05446939613333 67.58650165908567
    endloop
  endfacet
  facet normal -1 0 0
    outer loop
      vertex 0 74.11 23.7
      vertex 0 74.44165354742742 67.33266502331452
      vertex 0 74.76056183502065 67.42940479473081
    endloop
  endfacet
  facet normal 1 0 0
    outer loop
      vertex 6 77.06641450403612 23.224586983568287
      vertex 6 77.06641450403612 67.77541301643171
      vertex 6 76.77070275936815 67.22217525433727
    endloop
  endfacet
  facet normal 1 0 0
    outer loop
      vertex 6 76.77070275936815 23.777824745662727
      vertex 6 76.77070275936815 67.22217525433727
      vertex 6 76.37274169979695 66.73725830020305
    endloop
  endfacet
  facet normal 1 0 0
    outer loop
      vertex 6 76.37274169979695 24.26274169979695
      vertex 6 76.37274169979695 66.73725830020305
      vertex 6 75.88782474566273 66.33929724063185
    endloop
  endfacet
  facet normal 1 0 0
    outer loop
      vertex 6 75.33458698356829 24.95641450403612
      vertex 6 75.33458698356829 66.04358549596388
      vertex 6 74.7342890304516 65.86148710270966
    endloop
  endfacet
  facet normal 1 0 0
    outer loop
      vertex 6 75.88782474566273 24.660702759368146
      vertex 6 75.88782474566273 66.33929724063185
      vertex 6 75.33458698356829 66.04358549596388
    endloop
  endfacet
  facet normal 1 0 0
    outer loop
      vertex 6 74.7342890304516 25.138512897290337
      vertex 6 74.7342890304516 65.86148710270966
      vertex 6 74.11 65.8
    endloop
  endfacet
  facet normal 1 0 0
    outer loop
      vertex 6 74.7342890304516 25.138512897290337
      vertex 6 74.11 65.8
      vertex 6 73.48571096954839 65.86148710270966
    endloop
  endfacet
  facet normal 1 0 0
    outer loop
      vertex 6 74.7342890304516 25.138512897290337
      vertex 6 73.48571096954839 65.86148710270966
      vertex 6 72.88541301643171 66.04358549596388
    endloop
  endfacet
  facet normal 1 0 0
    outer loop
      vertex 6 74.7342890304516 25.138512897290337
      vertex 6 72.88541301643171 66.04358549596388
      vertex 6 72.33217525433727 66.33929724063185
    endloop
  endfacet
  facet normal 1 0 0
    outer loop
      vertex 6 74.7342890304516 25.138512897290337
      vertex 6 72.33217525433727 66.33929724063185
      vertex 6 71.84725830020305 66.73725830020305
    endloop
  endfacet
  facet normal 1 0 0
    outer loop
      vertex 6 74.7342890304516 25.138512897290337
      vertex 6 71.84725830020305 66.73725830020305
      vertex 6 71.44929724063185 67.22217525433727
    endloop
  endfacet
  facet normal 1 0 0
    outer loop
      vertex 6 74.7342890304516 25.138512897290337
      vertex 6 71.44929724063185 67.22217525433727
      vertex 6 71.15358549596388 67.77541301643171
    endloop
  endfacet
  facet normal 1 0 0
    outer loop
      vertex 6 74.7342890304516 25.138512897290337
      vertex 6 71.15358549596388 67.77541301643171
      vertex 6 70.97148710270966 68.3757109695484
    endloop
  endfacet
  facet normal 1 0 0
    outer loop
      vertex 6 74.7342890304516 25.138512897290337
      vertex 6 70.97148710270966 68.3757109695484
      vertex 6 70.91 69
    endloop
  endfacet
  facet normal -1 0 0
    outer loop
      vertex 0 66.61 36.86602540378444
      vertex 0 73.77834645257258 67.33266502331452
      vertex 0 74.11 67.3
    endloop
  endfacet
  facet normal -1 0 0
    outer loop
      vertex 0 66.36881904510253 36.965925826289066
      vertex 0 73.45943816497935 67.42940479473081
      vertex 0 73.77834645257258 67.33266502331452
    endloop
  endfacet
  facet normal -1 0 0
    outer loop
      vertex 0 66.11 37
      vertex 0 73.16553060386667 67.58650165908567
      vertex 0 73.45943816497935 67.42940479473081
    endloop
  endfacet
  facet normal -1 0 0
    outer loop
      vertex 0 65.85118095489747 36.965925826289066
      vertex 0 72.90791847198287 67.79791847198287
      vertex 0 73.16553060386667 67.58650165908567
    endloop
  endfacet
  facet normal -1 0 0
    outer loop
      vertex 0 65.61 36.86602540378444
      vertex 0 72.69650165908567 68.05553060386667
      vertex 0 72.90791847198287 67.79791847198287
    endloop
  endfacet
  facet normal -1 0 0
    outer loop
      vertex 0 65.61 36.86602540378444
      vertex 0 72.53940479473081 68.34943816497935
      vertex 0 72.69650165908567 68.05553060386667
    endloop
  endfacet
  facet normal -1 0 0
    outer loop
      vertex 0 65.40289321881346 36.707106781186546
      vertex 0 72.4426650233145 68.66834645257258
      vertex 0 72.53940479473081 68.34943816497935
    endloop
  endfacet
  facet normal -1 0 0
    outer loop
      vertex 0 65.24397459621557 36.5
      vertex 0 72.41 69
      vertex 0 72.4426650233145 68.66834645257258
    endloop
  endfacet
  facet normal -1 0 0
    outer loop
      vertex 0 65.24397459621557 36.5
      vertex 0 72.4426650233145 69.33165354742742
      vertex 0 72.41 69
    endloop
  endfacet
  facet normal -1 0 0
    outer loop
      vertex 0 65.14407417371093 36.25881904510252
      vertex 0 38.11 4
      vertex 0 82.11 130
    endloop
  endfacet
  facet normal 1 0 0
    outer loop
      vertex 6 74.7342890304516 25.138512897290337
      vertex 6 38.11 130
      vertex 6 74.11 25.2
    endloop
  endfacet
  facet normal 1 0 0
    outer loop
      vertex 6 72.33217525433727 24.660702759368146
      vertex 6 72.88541301643171 24.95641450403612
      vertex 6 38.11 130
    endloop
  endfacet
  facet normal 1 0 0
    outer loop
      vertex 6 71.84725830020305 24.26274169979695
      vertex 6 72.33217525433727 24.660702759368146
      vertex 6 38.11 130
    endloop
  endfacet
  facet normal 1 0 0
    outer loop
      vertex 6 74.11 25.2
      vertex 6 38.11 130
      vertex 6 73.48571096954839 25.138512897290337
    endloop
  endfacet
  facet normal 1 0 0
    outer loop
      vertex 6 73.48571096954839 25.138512897290337
      vertex 6 38.11 130
      vertex 6 72.88541301643171 24.95641450403612
    endloop
  endfacet
  facet normal 1 0 0
    outer loop
      vertex 6 70.97148710270966 21.37571096954839
      vertex 6 70.91 22
      vertex 6 38.11 130
    endloop
  endfacet
  facet normal 1 0 0
    outer loop
      vertex 6 70.91 22
      vertex 6 70.97148710270966 22.62428903045161
      vertex 6 38.11 130
    endloop
  endfacet
  facet normal 1 0 0
    outer loop
      vertex 6 70.97148710270966 22.62428903045161
      vertex 6 71.15358549596388 23.224586983568287
      vertex 6 38.11 130
    endloop
  endfacet
  facet normal 1 0 0
    outer loop
      vertex 6 71.15358549596388 23.224586983568287
      vertex 6 71.44929724063185 23.777824745662727
      vertex 6 38.11 130
    endloop
  endfacet
  facet normal 1 0 0
    outer loop
      vertex 6 71.84725830020305 24.26274169979695
      vertex 6 38.11 130
      vertex 6 71.44929724063185 23.777824745662727
    endloop
  endfacet
  facet normal 1 0 0
    outer loop
      vertex 6 70.97148710270966 21.37571096954839
      vertex 6 38.11 130
      vertex 6 38.11 4
    endloop
  endfacet
  facet normal 1 0 0
    outer loop
      vertex 6 35.11 4
      vertex 6 32.32070275936814 20.222175254337273
      vertex 6 31.92274169979695 19.737258300203045
    endloop
  endfacet
  facet normal 1 0 0
    outer loop
      vertex 6 35.11 4
      vertex 6 32.616414504036115 20.775413016431713
      vertex 6 32.32070275936814 20.222175254337273
    endloop
  endfacet
  facet normal 1 0 0
    outer loop
      vertex 6 35.11 4
      vertex 6 32.79851289729034 21.37571096954839
      vertex 6 32.616414504036115 20.775413016431713
    endloop
  endfacet
  facet normal 1 0 0
    outer loop
      vertex 6 35.11 4
      vertex 6 32.86 22
      vertex 6 32.79851289729034 21.37571096954839
    endloop
  endfacet
  facet normal -1 0 0
    outer loop
      vertex 0 35.11 4
      vertex 0 30.604469396133318 20.586501659085673
      vertex 0 30.86208152801713 20.797918471982868
    endloop
  endfacet
  facet normal -1 0 0
    outer loop
      vertex 0 35.11 4
      vertex 0 29.99165354742741 20.332665023314508
      vertex 0 30.31056183502065 20.429404794730814
    endloop
  endfacet
  facet normal -1 0 0
    outer loop
      vertex 0 35.11 4
      vertex 0 30.31056183502065 20.429404794730814
      vertex 0 30.604469396133318 20.586501659085673
    endloop
  endfacet
  facet normal -1 0 0
    outer loop
      vertex 0 35.11 4
      vertex 0 31.073498340914327 21.055530603866675
      vertex 0 31.230595205269182 21.349438164979347
    endloop
  endfacet
  facet normal -1 0 0
    outer loop
      vertex 0 35.11 4
      vertex 0 31.230595205269182 21.349438164979347
      vertex 0 31.327334976685485 21.66834645257258
    endloop
  endfacet
  facet normal -1 0 0
    outer loop
      vertex 0 35.11 4
      vertex 0 31.327334976685485 21.66834645257258
      vertex 0 31.36 22
    endloop
  endfacet
  facet normal -1 0 0
    outer loop
      vertex 0 35.11 4
      vertex 0 30.86208152801713 20.797918471982868
      vertex 0 31.073498340914327 21.055530603866675
    endloop
  endfacet
  facet normal -1 0 0
    outer loop
      vertex 0 35.11 4
      vertex 0 29.659999999999997 20.3
      vertex 0 29.99165354742741 20.332665023314508
    endloop
  endfacet
  facet normal -1 0 0
    outer loop
      vertex 0 35.11 4
      vertex 0 29.328346452572582 20.332665023314508
      vertex 0 29.659999999999997 20.3
    endloop
  endfacet
  facet normal -1 0 0
    outer loop
      vertex 0 35.11 4
      vertex 0 29.009438164979343 20.429404794730814
      vertex 0 29.328346452572582 20.332665023314508
    endloop
  endfacet
  facet normal -1 0 0
    outer loop
      vertex 0 35.11 4
      vertex 0 28.715530603866675 20.586501659085673
      vertex 0 29.009438164979343 20.429404794730814
    endloop
  endfacet
  facet normal -1 0 0
    outer loop
      vertex 0 35.11 4
      vertex 0 28.457918471982865 20.797918471982868
      vertex 0 28.715530603866675 20.586501659085673
    endloop
  endfacet
  facet normal -1 0 0
    outer loop
      vertex 0 35.11 4
      vertex 0 28.246501659085666 21.055530603866675
      vertex 0 28.457918471982865 20.797918471982868
    endloop
  endfacet
  facet normal -1 0 0
    outer loop
      vertex 0 35.11 4
      vertex 0 28.08940479473081 21.349438164979347
      vertex 0 28.246501659085666 21.055530603866675
    endloop
  endfacet
  facet normal 1 0 0
    outer loop
      vertex 6 35.11 4
      vertex 6 31.437824745662724 19.339297240631854
      vertex 6 30.884586983568283 19.04358549596388
    endloop
  endfacet
  facet normal 1 0 0
    outer loop
      vertex 6 35.11 4
      vertex 6 30.884586983568283 19.04358549596388
      vertex 6 30.28428903045161 18.861487102709663
    endloop
  endfacet
  facet normal 1 0 0
    outer loop
      vertex 6 35.11 4
      vertex 6 30.28428903045161 18.861487102709663
      vertex 6 29.659999999999997 18.8
    endloop
  endfacet
  facet normal 1 0 0
    outer loop
      vertex 6 35.11 4
      vertex 6 31.92274169979695 19.737258300203045
      vertex 6 31.437824745662724 19.339297240631854
    endloop
  endfacet
  facet normal -1 0 0
    outer loop
      vertex 0 35.11 4
      vertex 0 21.659999999999997 35
      vertex 0 28.08940479473081 21.349438164979347
    endloop
  endfacet
  facet normal -1 0 0
    outer loop
      vertex 0 28.08940479473081 21.349438164979347
      vertex 0 21.659999999999997 35
      vertex 0 27.99266502331451 21.66834645257258
    endloop
  endfacet
  facet normal -1 0 0
    outer loop
      vertex 0 27.99266502331451 21.66834645257258
      vertex 0 21.659999999999997 35
      vertex 0 27.959999999999994 22
    endloop
  endfacet
  facet normal -1 0 0
    outer loop
      vertex 0 27.959999999999994 22
      vertex 0 21.918819045102524 35.034074173710934
      vertex 0 27.99266502331451 22.33165354742742
    endloop
  endfacet
  facet normal -1 0 0
    outer loop
      vertex 0 27.99266502331451 22.33165354742742
      vertex 0 22.159999999999997 35.133974596215566
      vertex 0 22.36710678118655 35.292893218813454
    endloop
  endfacet
  facet normal -1 0 0
    outer loop
      vertex 0 27.99266502331451 22.33165354742742
      vertex 0 22.36710678118655 35.292893218813454
      vertex 0 22.52602540378443 35.5
    endloop
  endfacet
  facet normal -1 0 0
    outer loop
      vertex 0 27.99266502331451 22.33165354742742
      vertex 0 22.52602540378443 35.5
      vertex 0 22.625925826289063 35.74118095489748
    endloop
  endfacet
  facet normal -1 0 0
    outer loop
      vertex 0 27.959999999999994 22
      vertex 0 21.659999999999997 35
      vertex 0 21.918819045102524 35.034074173710934
    endloop
  endfacet
  facet normal -1 0 0
    outer loop
      vertex 0 27.99266502331451 22.33165354742742
      vertex 0 21.918819045102524 35.034074173710934
      vertex 0 22.159999999999997 35.133974596215566
    endloop
  endfacet
  facet normal -1 0 0
    outer loop
      vertex 0 35.11 4
      vertex 0 0 4
      vertex 0 21.659999999999997 35
    endloop
  endfacet
  facet normal 1 0 0
    outer loop
      vertex 6 35.11 4
      vertex 6 29.659999999999997 18.8
      vertex 6 0 4
    endloop
  endfacet
  facet normal 1 0 0
    outer loop
      vertex 6 29.659999999999997 18.8
      vertex 6 29.035710969548383 18.861487102709663
      vertex 6 0 4
    endloop
  endfacet
  facet normal 1 0 0
    outer loop
      vertex 6 29.035710969548383 18.861487102709663
      vertex 6 28.43541301643171 19.04358549596388
      vertex 6 0 4
    endloop
  endfacet
  facet normal 1 0 0
    outer loop
      vertex 6 28.43541301643171 19.04358549596388
      vertex 6 27.88217525433727 19.339297240631854
      vertex 6 0 4
    endloop
  endfacet
  facet normal 1 0 0
    outer loop
      vertex 6 27.88217525433727 19.339297240631854
      vertex 6 27.397258300203042 19.737258300203045
      vertex 6 0 4
    endloop
  endfacet
  facet normal 1 0 0
    outer loop
      vertex 6 27.397258300203042 19.737258300203045
      vertex 6 26.999297240631854 20.222175254337273
      vertex 6 0 4
    endloop
  endfacet
  facet normal 1 0 0
    outer loop
      vertex 6 26.999297240631854 20.222175254337273
      vertex 6 26.70358549596388 20.775413016431713
      vertex 6 0 4
    endloop
  endfacet
  facet normal 1 0 0
    outer loop
      vertex 6 26.70358549596388 20.775413016431713
      vertex 6 26.521487102709656 21.37571096954839
      vertex 6 0 4
    endloop
  endfacet
  facet normal -1 0 0
    outer loop
      vertex 0 0 4
      vertex 0 21.40118095489747 35.034074173710934
      vertex 0 21.659999999999997 35
    endloop
  endfacet
  facet normal -1 0 0
    outer loop
      vertex 0 0 4
      vertex 0 21.159999999999997 35.133974596215566
      vertex 0 21.40118095489747 35.034074173710934
    endloop
  endfacet
  facet normal -1 0 0
    outer loop
      vertex 0 0 4
      vertex 0 20.952893218813443 35.292893218813454
      vertex 0 21.159999999999997 35.133974596215566
    endloop
  endfacet
  facet normal -1 0 0
    outer loop
      vertex 0 0 4
      vertex 0 20.793974596215563 35.5
      vertex 0 20.952893218813443 35.292893218813454
    endloop
  endfacet
  facet normal -1 0 0
    outer loop
      vertex 0 0 4
      vertex 0 20.69407417371093 35.74118095489748
      vertex 0 20.793974596215563 35.5
    endloop
  endfacet
  facet normal -1 0 0
    outer loop
      vertex 0 0 4
      vertex 0 20.659999999999997 36
      vertex 0 20.69407417371093 35.74118095489748
    endloop
  endfacet
  facet normal -1 0 0
    outer loop
      vertex 0 0 4
      vertex 0 20.69407417371093 36.25881904510252
      vertex 0 20.659999999999997 36
    endloop
  endfacet
  facet normal -1 0 0
    outer loop
      vertex 0 31.327334976685485 22.33165354742742
      vertex 0 31.230595205269182 22.650561835020653
      vertex 0 31.327334976685485 68.66834645257258
    endloop
  endfacet
  facet normal -1 0 0
    outer loop
      vertex 0 31.230595205269182 22.650561835020653
      vertex 0 31.073498340914327 22.944469396133325
      vertex 0 31.230595205269182 68.34943816497935
    endloop
  endfacet
  facet normal -1 0 0
    outer loop
      vertex 0 31.073498340914327 22.944469396133325
      vertex 0 30.86208152801713 23.202081528017132
      vertex 0 31.073498340914327 68.05553060386667
    endloop
  endfacet
  facet normal -1 0 0
    outer loop
      vertex 0 30.86208152801713 23.202081528017132
      vertex 0 30.604469396133318 23.413498340914327
      vertex 0 30.86208152801713 67.79791847198287
    endloop
  endfacet
  facet normal -1 0 0
    outer loop
      vertex 0 30.604469396133318 23.413498340914327
      vertex 0 30.31056183502065 23.570595205269186
      vertex 0 30.86208152801713 67.79791847198287
    endloop
  endfacet
  facet normal -1 0 0
    outer loop
      vertex 0 30.31056183502065 23.570595205269186
      vertex 0 29.99165354742741 23.667334976685492
      vertex 0 30.86208152801713 67.79791847198287
    endloop
  endfacet
  facet normal -1 0 0
    outer loop
      vertex 0 29.99165354742741 23.667334976685492
      vertex 0 29.659999999999997 23.7
      vertex 0 30.86208152801713 67.79791847198287
    endloop
  endfacet
  facet normal -1 0 0
    outer loop
      vertex 0 29.659999999999997 23.7
      vertex 0 29.328346452572582 23.667334976685492
      vertex 0 29.659999999999997 67.3
    endloop
  endfacet
  facet normal -1 0 0
    outer loop
      vertex 0 29.328346452572582 23.667334976685492
      vertex 0 29.009438164979343 23.570595205269186
      vertex 0 28.457918471982865 67.79791847198287
    endloop
  endfacet
  facet normal -1 0 0
    outer loop
      vertex 0 28.246501659085666 22.944469396133325
      vertex 0 28.457918471982865 67.79791847198287
      vertex 0 28.457918471982865 23.202081528017132
    endloop
  endfacet
  facet normal -1 0 0
    outer loop
      vertex 0 29.009438164979343 23.570595205269186
      vertex 0 28.715530603866675 23.413498340914327
      vertex 0 28.457918471982865 67.79791847198287
    endloop
  endfacet
  facet normal -1 0 0
    outer loop
      vertex 0 28.457918471982865 23.202081528017132
      vertex 0 28.457918471982865 67.79791847198287
      vertex 0 28.715530603866675 23.413498340914327
    endloop
  endfacet
  facet normal -1 0 0
    outer loop
      vertex 0 27.99266502331451 22.33165354742742
      vertex 0 28.08940479473081 68.34943816497935
      vertex 0 28.08940479473081 22.650561835020653
    endloop
  endfacet
  facet normal -1 0 0
    outer loop
      vertex 0 28.246501659085666 22.944469396133325
      vertex 0 28.08940479473081 22.650561835020653
      vertex 0 28.246501659085666 68.05553060386667
    endloop
  endfacet
  facet normal 1 0 0
    outer loop
      vertex 6 32.79851289729034 22.62428903045161
      vertex 6 32.616414504036115 67.77541301643171
      vertex 6 32.616414504036115 23.224586983568287
    endloop
  endfacet
  facet normal 1 0 0
    outer loop
      vertex 6 32.616414504036115 23.224586983568287
      vertex 6 32.32070275936814 67.22217525433727
      vertex 6 32.32070275936814 23.777824745662727
    endloop
  endfacet
  facet normal 1 0 0
    outer loop
      vertex 6 32.32070275936814 23.777824745662727
      vertex 6 31.92274169979695 66.73725830020305
      vertex 6 31.92274169979695 24.26274169979695
    endloop
  endfacet
  facet normal 1 0 0
    outer loop
      vertex 6 31.92274169979695 24.26274169979695
      vertex 6 31.437824745662724 66.33929724063185
      vertex 6 31.437824745662724 24.660702759368146
    endloop
  endfacet
  facet normal 1 0 0
    outer loop
      vertex 6 31.437824745662724 24.660702759368146
      vertex 6 30.884586983568283 66.04358549596388
      vertex 6 30.884586983568283 24.95641450403612
    endloop
  endfacet
  facet normal 1 0 0
    outer loop
      vertex 6 30.884586983568283 24.95641450403612
      vertex 6 30.28428903045161 65.86148710270966
      vertex 6 30.28428903045161 25.138512897290337
    endloop
  endfacet
  facet normal 1 0 0
    outer loop
      vertex 6 30.28428903045161 25.138512897290337
      vertex 6 29.659999999999997 65.8
      vertex 6 29.659999999999997 25.2
    endloop
  endfacet
  facet normal -1 0 0
    outer loop
      vertex 0 27.99266502331451 22.33165354742742
      vertex 0 22.625925826289063 35.74118095489748
      vertex 0 27.99266502331451 68.66834645257258
    endloop
  endfacet
  facet normal -1 0 0
    outer loop
      vertex 0 22.625925826289063 35.74118095489748
      vertex 0 22.659999999999997 36
      vertex 0 27.99266502331451 68.66834645257258
    endloop
  endfacet
  facet normal -1 0 0
    outer loop
      vertex 0 35.11 4
      vertex 0 31.36 22
      vertex 0 35.11 130
    endloop
  endfacet
  facet normal 1 0 0
    outer loop
      vertex 6 35.11 4
      vertex 6 35.11 130
      vertex 6 32.86 22
    endloop
  endfacet
  facet normal 1 0 0
    outer loop
      vertex 6 32.86 22
      vertex 6 35.11 130
      vertex 6 32.79851289729034 22.62428903045161
    endloop
  endfacet
  facet normal -1 0 0
    outer loop
      vertex 0 29.659999999999997 23.7
      vertex 0 29.659999999999997 67.3
      vertex 0 29.99165354742741 67.33266502331452
    endloop
  endfacet
  facet normal -1 0 0
    outer loop
      vertex 0 29.328346452572582 23.667334976685492
      vertex 0 29.328346452572582 67.33266502331452
      vertex 0 29.659999999999997 67.3
    endloop
  endfacet
  facet normal -1 0 0
    outer loop
      vertex 0 29.328346452572582 23.667334976685492
      vertex 0 29.009438164979343 67.42940479473081
      vertex 0 29.328346452572582 67.33266502331452
    endloop
  endfacet
  facet normal -1 0 0
    outer loop
      vertex 0 31.230595205269182 22.650561835020653
      vertex 0 31.230595205269182 68.34943816497935
      vertex 0 31.327334976685485 68.66834645257258
    endloop
  endfacet
  facet normal -1 0 0
    outer loop
      vertex 0 31.073498340914327 22.944469396133325
      vertex 0 31.073498340914327 68.05553060386667
      vertex 0 31.230595205269182 68.34943816497935
    endloop
  endfacet
  facet normal -1 0 0
    outer loop
      vertex 0 31.327334976685485 22.33165354742742
      vertex 0 31.327334976685485 68.66834645257258
      vertex 0 31.36 69
    endloop
  endfacet
  facet normal -1 0 0
    outer loop
      vertex 0 30.86208152801713 23.202081528017132
      vertex 0 30.86208152801713 67.79791847198287
      vertex 0 31.073498340914327 68.05553060386667
    endloop
  endfacet
  facet normal -1 0 0
    outer loop
      vertex 0 29.659999999999997 23.7
      vertex 0 30.604469396133318 67.58650165908567
      vertex 0 30.86208152801713 67.79791847198287
    endloop
  endfacet
  facet normal -1 0 0
    outer loop
      vertex 0 29.659999999999997 23.7
      vertex 0 30.31056183502065 67.42940479473081
      vertex 0 30.604469396133318 67.58650165908567
    endloop
  endfacet
  facet normal -1 0 0
    outer loop
      vertex 0 29.659999999999997 23.7
      vertex 0 29.99165354742741 67.33266502331452
      vertex 0 30.31056183502065 67.42940479473081
    endloop
  endfacet
  facet normal -1 0 0
    outer loop
      vertex 0 29.328346452572582 23.667334976685492
      vertex 0 28.715530603866675 67.58650165908567
      vertex 0 29.009438164979343 67.42940479473081
    endloop
  endfacet
  facet normal -1 0 0
    outer loop
      vertex 0 29.328346452572582 23.667334976685492
      vertex 0 28.457918471982865 67.79791847198287
      vertex 0 28.715530603866675 67.58650165908567
    endloop
  endfacet
  facet normal -1 0 0
    outer loop
      vertex 0 28.246501659085666 22.944469396133325
      vertex 0 28.246501659085666 68.05553060386667
      vertex 0 28.457918471982865 67.79791847198287
    endloop
  endfacet
  facet normal -1 0 0
    outer loop
      vertex 0 28.08940479473081 22.650561835020653
      vertex 0 28.08940479473081 68.34943816497935
      vertex 0 28.246501659085666 68.05553060386667
    endloop
  endfacet
  facet normal -1 0 0
    outer loop
      vertex 0 27.99266502331451 22.33165354742742
      vertex 0 27.99266502331451 68.66834645257258
      vertex 0 28.08940479473081 68.34943816497935
    endloop
  endfacet
  facet normal 1 0 0
    outer loop
      vertex 6 32.616414504036115 23.224586983568287
      vertex 6 32.616414504036115 67.77541301643171
      vertex 6 32.32070275936814 67.22217525433727
    endloop
  endfacet
  facet normal 1 0 0
    outer loop
      vertex 6 32.32070275936814 23.777824745662727
      vertex 6 32.32070275936814 67.22217525433727
      vertex 6 31.92274169979695 66.73725830020305
    endloop
  endfacet
  facet normal 1 0 0
    outer loop
      vertex 6 31.92274169979695 24.26274169979695
      vertex 6 31.92274169979695 66.73725830020305
      vertex 6 31.437824745662724 66.33929724063185
    endloop
  endfacet
  facet normal 1 0 0
    outer loop
      vertex 6 31.437824745662724 24.660702759368146
      vertex 6 31.437824745662724 66.33929724063185
      vertex 6 30.884586983568283 66.04358549596388
    endloop
  endfacet
  facet normal 1 0 0
    outer loop
      vertex 6 30.884586983568283 24.95641450403612
      vertex 6 30.884586983568283 66.04358549596388
      vertex 6 30.28428903045161 65.86148710270966
    endloop
  endfacet
  facet normal 1 0 0
    outer loop
      vertex 6 30.28428903045161 25.138512897290337
      vertex 6 30.28428903045161 65.86148710270966
      vertex 6 29.659999999999997 65.8
    endloop
  endfacet
  facet normal 1 0 0
    outer loop
      vertex 6 29.659999999999997 25.2
      vertex 6 29.659999999999997 65.8
      vertex 6 29.035710969548383 65.86148710270966
    endloop
  endfacet
  facet normal 1 0 0
    outer loop
      vertex 6 29.659999999999997 25.2
      vertex 6 29.035710969548383 65.86148710270966
      vertex 6 28.43541301643171 66.04358549596388
    endloop
  endfacet
  facet normal 1 0 0
    outer loop
      vertex 6 29.659999999999997 25.2
      vertex 6 28.43541301643171 66.04358549596388
      vertex 6 27.88217525433727 66.33929724063185
    endloop
  endfacet
  facet normal 1 0 0
    outer loop
      vertex 6 29.659999999999997 25.2
      vertex 6 27.88217525433727 66.33929724063185
      vertex 6 27.397258300203042 66.73725830020305
    endloop
  endfacet
  facet normal 1 0 0
    outer loop
      vertex 6 32.79851289729034 22.62428903045161
      vertex 6 32.79851289729034 68.3757109695484
      vertex 6 32.616414504036115 67.77541301643171
    endloop
  endfacet
  facet normal 1 0 0
    outer loop
      vertex 6 32.79851289729034 22.62428903045161
      vertex 6 32.86 69
      vertex 6 32.79851289729034 68.3757109695484
    endloop
  endfacet
  facet normal 1 0 0
    outer loop
      vertex 6 29.659999999999997 25.2
      vertex 6 27.397258300203042 66.73725830020305
      vertex 6 26.999297240631854 67.22217525433727
    endloop
  endfacet
  facet normal 1 0 0
    outer loop
      vertex 6 29.659999999999997 25.2
      vertex 6 26.999297240631854 67.22217525433727
      vertex 6 26.70358549596388 67.77541301643171
    endloop
  endfacet
  facet normal 1 0 0
    outer loop
      vertex 6 29.659999999999997 25.2
      vertex 6 26.70358549596388 67.77541301643171
      vertex 6 26.521487102709656 68.3757109695484
    endloop
  endfacet
  facet normal 1 0 0
    outer loop
      vertex 6 29.659999999999997 25.2
      vertex 6 26.521487102709656 68.3757109695484
      vertex 6 26.459999999999994 69
    endloop
  endfacet
  facet normal -1 0 0
    outer loop
      vertex 0 31.36 22
      vertex 0 31.327334976685485 22.33165354742742
      vertex 0 35.11 130
    endloop
  endfacet
  facet normal -1 0 0
    outer loop
      vertex 0 22.659999999999997 36
      vertex 0 27.959999999999994 69
      vertex 0 27.99266502331451 68.66834645257258
    endloop
  endfacet
  facet normal -1 0 0
    outer loop
      vertex 0 22.659999999999997 36
      vertex 0 27.99266502331451 69.33165354742742
      vertex 0 27.959999999999994 69
    endloop
  endfacet
  facet normal 0 -1 0
    outer loop
      vertex 0 0 4
      vertex 6 0 4
      vertex 0 0 130
    endloop
  endfacet
  facet normal -1 0 0
    outer loop
      vertex 0 0 4
      vertex 0 35.11 130
      vertex 0 20.69407417371093 36.25881904510252
    endloop
  endfacet
  facet normal 1 0 0
    outer loop
      vertex 6 29.659999999999997 25.2
      vertex 6 0 130
      vertex 6 29.035710969548383 25.138512897290337
    endloop
  endfacet
  facet normal 1 0 0
    outer loop
      vertex 6 26.521487102709656 21.37571096954839
      vertex 6 26.459999999999994 22
      vertex 6 0 130
    endloop
  endfacet
  facet normal 1 0 0
    outer loop
      vertex 6 26.459999999999994 22
      vertex 6 26.521487102709656 22.62428903045161
      vertex 6 0 130
    endloop
  endfacet
  facet normal 1 0 0
    outer loop
      vertex 6 26.521487102709656 22.62428903045161
      vertex 6 26.70358549596388 23.224586983568287
      vertex 6 0 130
    endloop
  endfacet
  facet normal 1 0 0
    outer loop
      vertex 6 28.43541301643171 24.95641450403612
      vertex 6 0 130
      vertex 6 27.88217525433727 24.660702759368146
    endloop
  endfacet
  facet normal 1 0 0
    outer loop
      vertex 6 26.70358549596388 23.224586983568287
      vertex 6 26.999297240631854 23.777824745662727
      vertex 6 0 130
    endloop
  endfacet
  facet normal 1 0 0
    outer loop
      vertex 6 26.999297240631854 23.777824745662727
      vertex 6 27.397258300203042 24.26274169979695
      vertex 6 0 130
    endloop
  endfacet
  facet normal 1 0 0
    outer loop
      vertex 6 27.397258300203042 24.26274169979695
      vertex 6 27.88217525433727 24.660702759368146
      vertex 6 0 130
    endloop
  endfacet
  facet normal 1 0 0
    outer loop
      vertex 6 29.035710969548383 25.138512897290337
      vertex 6 0 130
      vertex 6 28.43541301643171 24.95641450403612
    endloop
  endfacet
  facet normal 1 0 0
    outer loop
      vertex 6 26.521487102709656 21.37571096954839
      vertex 6 0 130
      vertex 6 0 4
    endloop
  endfacet
  facet normal -1 0 0
    outer loop
      vertex 0 82.11 4
      vertex 0 75.7773349766855 68.66834645257258
      vertex 0 82.11 130
    endloop
  endfacet
  facet normal 1 0 0
    outer loop
      vertex 6 82.11 4
      vertex 6 82.11 130
      vertex 6 77.31 69
    endloop
  endfacet
  facet normal -1 0 0
    outer loop
      vertex 0 65.14407417371093 36.25881904510252
      vertex 0 82.11 130
      vertex 0 65.24397459621557 36.5
    endloop
  endfacet
  facet normal -1 0 0
    outer loop
      vertex 0 65.24397459621557 36.5
      vertex 0 82.11 130
      vertex 0 72.4426650233145 69.33165354742742
    endloop
  endfacet
  facet normal 0 1 0
    outer loop
      vertex 0 88.11 4
      vertex 0 88.11 130
      vertex 6 88.11 130
    endloop
  endfacet
  facet normal -1 0 0
    outer loop
      vertex 0 84.11 4
      vertex 0 84.11 130
      vertex 0 88.11 130
    endloop
  endfacet
  facet normal 1 0 0
    outer loop
      vertex 6 88.11 4
      vertex 6 88.11 130
      vertex 6 84.11 130
    endloop
  endfacet
  facet normal -1 0 0
    outer loop
      vertex 0 75.7773349766855 68.66834645257258
      vertex 0 75.81 69
      vertex 0 82.11 130
    endloop
  endfacet
  facet normal 1 0 0
    outer loop
      vertex 6 77.24851289729034 69.6242890304516
      vertex 6 77.06641450403612 118.77541301643171
      vertex 6 77.06641450403612 70.22458698356829
    endloop
  endfacet
  facet normal -1 0 0
    outer loop
      vertex 0 75.81 69
      vertex 0 75.7773349766855 69.33165354742742
      vertex 0 82.11 130
    endloop
  endfacet
  facet normal -1 0 0
    outer loop
      vertex 0 75.7773349766855 69.33165354742742
      vertex 0 75.68059520526919 69.65056183502065
      vertex 0 82.11 130
    endloop
  endfacet
  facet normal -1 0 0
    outer loop
      vertex 0 75.68059520526919 69.65056183502065
      vertex 0 75.52349834091433 69.94446939613333
      vertex 0 82.11 130
    endloop
  endfacet
  facet normal -1 0 0
    outer loop
      vertex 0 75.52349834091433 69.94446939613333
      vertex 0 75.31208152801713 70.20208152801713
      vertex 0 82.11 130
    endloop
  endfacet
  facet normal -1 0 0
    outer loop
      vertex 0 75.31208152801713 70.20208152801713
      vertex 0 75.05446939613333 70.41349834091433
      vertex 0 82.11 130
    endloop
  endfacet
  facet normal -1 0 0
    outer loop
      vertex 0 75.05446939613333 70.41349834091433
      vertex 0 74.76056183502065 70.57059520526919
      vertex 0 82.11 130
    endloop
  endfacet
  facet normal -1 0 0
    outer loop
      vertex 0 74.76056183502065 70.57059520526919
      vertex 0 74.44165354742742 70.6673349766855
      vertex 0 82.11 130
    endloop
  endfacet
  facet normal 1 0 0
    outer loop
      vertex 6 77.31 69
      vertex 6 82.11 130
      vertex 6 77.24851289729034 69.6242890304516
    endloop
  endfacet
  facet normal 1 0 0
    outer loop
      vertex 6 77.06641450403612 70.22458698356829
      vertex 6 76.77070275936815 118.22217525433727
      vertex 6 76.77070275936815 70.77782474566273
    endloop
  endfacet
  facet normal 1 0 0
    outer loop
      vertex 6 76.77070275936815 70.77782474566273
      vertex 6 76.37274169979695 117.73725830020305
      vertex 6 76.37274169979695 71.26274169979695
    endloop
  endfacet
  facet normal 1 0 0
    outer loop
      vertex 6 76.37274169979695 71.26274169979695
      vertex 6 75.88782474566273 117.33929724063185
      vertex 6 75.88782474566273 71.66070275936815
    endloop
  endfacet
  facet normal 1 0 0
    outer loop
      vertex 6 75.88782474566273 71.66070275936815
      vertex 6 75.33458698356829 117.04358549596388
      vertex 6 75.33458698356829 71.95641450403612
    endloop
  endfacet
  facet normal 1 0 0
    outer loop
      vertex 6 75.33458698356829 71.95641450403612
      vertex 6 74.7342890304516 116.86148710270966
      vertex 6 74.7342890304516 72.13851289729034
    endloop
  endfacet
  facet normal 1 0 0
    outer loop
      vertex 6 74.7342890304516 72.13851289729034
      vertex 6 74.11 116.8
      vertex 6 74.11 72.2
    endloop
  endfacet
  facet normal 1 0 0
    outer loop
      vertex 6 74.11 72.2
      vertex 6 73.48571096954839 116.86148710270966
      vertex 6 73.48571096954839 72.13851289729034
    endloop
  endfacet
  facet normal 1 0 0
    outer loop
      vertex 6 73.48571096954839 72.13851289729034
      vertex 6 72.88541301643171 117.04358549596388
      vertex 6 72.88541301643171 71.95641450403612
    endloop
  endfacet
  facet normal 1 0 0
    outer loop
      vertex 6 72.88541301643171 71.95641450403612
      vertex 6 72.33217525433727 117.33929724063185
      vertex 6 72.33217525433727 71.66070275936815
    endloop
  endfacet
  facet normal 1 0 0
    outer loop
      vertex 6 72.33217525433727 71.66070275936815
      vertex 6 71.84725830020305 117.73725830020305
      vertex 6 71.84725830020305 71.26274169979695
    endloop
  endfacet
  facet normal -1 0 0
    outer loop
      vertex 0 72.69650165908567 69.94446939613333
      vertex 0 72.53940479473081 69.65056183502065
      vertex 0 82.11 130
    endloop
  endfacet
  facet normal -1 0 0
    outer loop
      vertex 0 73.45943816497935 70.57059520526919
      vertex 0 73.16553060386667 70.41349834091433
      vertex 0 82.11 130
    endloop
  endfacet
  facet normal -1 0 0
    outer loop
      vertex 0 72.69650165908567 69.94446939613333
      vertex 0 82.11 130
      vertex 0 72.90791847198287 70.20208152801713
    endloop
  endfacet
  facet normal -1 0 0
    outer loop
      vertex 0 73.16553060386667 70.41349834091433
      vertex 0 72.90791847198287 70.20208152801713
      vertex 0 82.11 130
    endloop
  endfacet
  facet normal -1 0 0
    outer loop
      vertex 0 74.44165354742742 70.6673349766855
      vertex 0 74.11 70.7
      vertex 0 82.11 130
    endloop
  endfacet
  facet normal -1 0 0
    outer loop
      vertex 0 74.11 70.7
      vertex 0 73.77834645257258 70.6673349766855
      vertex 0 82.11 130
    endloop
  endfacet
  facet normal -1 0 0
    outer loop
      vertex 0 73.77834645257258 70.6673349766855
      vertex 0 73.45943816497935 70.57059520526919
      vertex 0 82.11 130
    endloop
  endfacet
  facet normal -1 0 0
    outer loop
      vertex 0 72.4426650233145 69.33165354742742
      vertex 0 82.11 130
      vertex 0 72.53940479473081 69.65056183502065
    endloop
  endfacet
  facet normal -1 0 0
    outer loop
      vertex 0 38.11 4
      vertex 0 66.81710678118654 105.29289321881345
      vertex 0 66.97602540378443 105.5
    endloop
  endfacet
  facet normal -1 0 0
    outer loop
      vertex 0 38.11 4
      vertex 0 66.61 105.13397459621557
      vertex 0 66.81710678118654 105.29289321881345
    endloop
  endfacet
  facet normal -1 0 0
    outer loop
      vertex 0 38.11 4
      vertex 0 66.97602540378443 105.5
      vertex 0 67.07592582628907 105.74118095489747
    endloop
  endfacet
  facet normal -1 0 0
    outer loop
      vertex 0 38.11 4
      vertex 0 66.11 105
      vertex 0 66.36881904510253 105.03407417371093
    endloop
  endfacet
  facet normal -1 0 0
    outer loop
      vertex 0 38.11 4
      vertex 0 66.36881904510253 105.03407417371093
      vertex 0 66.61 105.13397459621557
    endloop
  endfacet
  facet normal -1 0 0
    outer loop
      vertex 0 38.11 4
      vertex 0 65.85118095489747 105.03407417371093
      vertex 0 66.11 105
    endloop
  endfacet
  facet normal -1 0 0
    outer loop
      vertex 0 38.11 4
      vertex 0 65.61 105.13397459621557
      vertex 0 65.85118095489747 105.03407417371093
    endloop
  endfacet
  facet normal -1 0 0
    outer loop
      vertex 0 38.11 4
      vertex 0 65.40289321881346 105.29289321881345
      vertex 0 65.61 105.13397459621557
    endloop
  endfacet
  facet normal -1 0 0
    outer loop
      vertex 0 38.11 4
      vertex 0 74.11 118.3
      vertex 0 74.44165354742742 118.3326650233145
    endloop
  endfacet
  facet normal -1 0 0
    outer loop
      vertex 0 38.11 4
      vertex 0 73.77834645257258 118.3326650233145
      vertex 0 74.11 118.3
    endloop
  endfacet
  facet normal -1 0 0
    outer loop
      vertex 0 38.11 4
      vertex 0 75.05446939613333 118.58650165908567
      vertex 0 75.31208152801713 118.79791847198287
    endloop
  endfacet
  facet normal -1 0 0
    outer loop
      vertex 0 38.11 4
      vertex 0 74.76056183502065 118.42940479473081
      vertex 0 75.05446939613333 118.58650165908567
    endloop
  endfacet
  facet normal -1 0 0
    outer loop
      vertex 0 38.11 4
      vertex 0 75.31208152801713 118.79791847198287
      vertex 0 75.52349834091433 119.05553060386667
    endloop
  endfacet
  facet normal -1 0 0
    outer loop
      vertex 0 38.11 4
      vertex 0 74.44165354742742 118.3326650233145
      vertex 0 74.76056183502065 118.42940479473081
    endloop
  endfacet
  facet normal -1 0 0
    outer loop
      vertex 0 38.11 4
      vertex 0 73.45943816497935 118.42940479473081
      vertex 0 73.77834645257258 118.3326650233145
    endloop
  endfacet
  facet normal -1 0 0
    outer loop
      vertex 0 38.11 4
      vertex 0 73.16553060386667 118.58650165908567
      vertex 0 73.45943816497935 118.42940479473081
    endloop
  endfacet
  facet normal -1 0 0
    outer loop
      vertex 0 38.11 4
      vertex 0 72.90791847198287 118.79791847198287
      vertex 0 73.16553060386667 118.58650165908567
    endloop
  endfacet
  facet normal -1 0 0
    outer loop
      vertex 0 38.11 4
      vertex 0 72.69650165908567 119.05553060386667
      vertex 0 72.90791847198287 118.79791847198287
    endloop
  endfacet
  facet normal -1 0 0
    outer loop
      vertex 0 38.11 4
      vertex 0 72.53940479473081 119.34943816497935
      vertex 0 72.69650165908567 119.05553060386667
    endloop
  endfacet
  facet normal -1 0 0
    outer loop
      vertex 0 38.11 4
      vertex 0 72.4426650233145 119.66834645257258
      vertex 0 72.53940479473081 119.34943816497935
    endloop
  endfacet
  facet normal -1 0 0
    outer loop
      vertex 0 38.11 4
      vertex 0 72.41 120
      vertex 0 72.4426650233145 119.66834645257258
    endloop
  endfacet
  facet normal 1 0 0
    outer loop
      vertex 6 74.7342890304516 25.138512897290337
      vertex 6 70.91 69
      vertex 6 38.11 130
    endloop
  endfacet
  facet normal -1 0 0
    outer loop
      vertex 0 38.11 4
      vertex 0 67.07592582628907 105.74118095489747
      vertex 0 72.41 120
    endloop
  endfacet
  facet normal -1 0 0
    outer loop
      vertex 0 38.11 4
      vertex 0 38.11 130
      vertex 0 65.40289321881346 105.29289321881345
    endloop
  endfacet
  facet normal -1 0 0
    outer loop
      vertex 0 38.11 4
      vertex 0 75.52349834091433 119.05553060386667
      vertex 0 82.11 130
    endloop
  endfacet
  facet normal 1 0 0
    outer loop
      vertex 6 70.91 69
      vertex 6 70.97148710270966 69.6242890304516
      vertex 6 38.11 130
    endloop
  endfacet
  facet normal 1 0 0
    outer loop
      vertex 6 71.15358549596388 70.22458698356829
      vertex 6 71.44929724063185 70.77782474566273
      vertex 6 38.11 130
    endloop
  endfacet
  facet normal 1 0 0
    outer loop
      vertex 6 70.97148710270966 69.6242890304516
      vertex 6 71.15358549596388 70.22458698356829
      vertex 6 38.11 130
    endloop
  endfacet
  facet normal 1 0 0
    outer loop
      vertex 6 71.84725830020305 71.26274169979695
      vertex 6 38.11 130
      vertex 6 71.44929724063185 70.77782474566273
    endloop
  endfacet
  facet normal 1 0 0
    outer loop
      vertex 6 77.24851289729034 69.6242890304516
      vertex 6 77.24851289729034 119.3757109695484
      vertex 6 77.06641450403612 118.77541301643171
    endloop
  endfacet
  facet normal 1 0 0
    outer loop
      vertex 6 77.24851289729034 69.6242890304516
      vertex 6 82.11 130
      vertex 6 77.24851289729034 119.3757109695484
    endloop
  endfacet
  facet normal 1 0 0
    outer loop
      vertex 6 77.06641450403612 70.22458698356829
      vertex 6 77.06641450403612 118.77541301643171
      vertex 6 76.77070275936815 118.22217525433727
    endloop
  endfacet
  facet normal 1 0 0
    outer loop
      vertex 6 76.77070275936815 70.77782474566273
      vertex 6 76.77070275936815 118.22217525433727
      vertex 6 76.37274169979695 117.73725830020305
    endloop
  endfacet
  facet normal 1 0 0
    outer loop
      vertex 6 76.37274169979695 71.26274169979695
      vertex 6 76.37274169979695 117.73725830020305
      vertex 6 75.88782474566273 117.33929724063185
    endloop
  endfacet
  facet normal 1 0 0
    outer loop
      vertex 6 75.88782474566273 71.66070275936815
      vertex 6 75.88782474566273 117.33929724063185
      vertex 6 75.33458698356829 117.04358549596388
    endloop
  endfacet
  facet normal 1 0 0
    outer loop
      vertex 6 75.33458698356829 71.95641450403612
      vertex 6 75.33458698356829 117.04358549596388
      vertex 6 74.7342890304516 116.86148710270966
    endloop
  endfacet
  facet normal 1 0 0
    outer loop
      vertex 6 74.7342890304516 72.13851289729034
      vertex 6 74.7342890304516 116.86148710270966
      vertex 6 74.11 116.8
    endloop
  endfacet
  facet normal 1 0 0
    outer loop
      vertex 6 74.11 72.2
      vertex 6 74.11 116.8
      vertex 6 73.48571096954839 116.86148710270966
    endloop
  endfacet
  facet normal 1 0 0
    outer loop
      vertex 6 73.48571096954839 72.13851289729034
      vertex 6 73.48571096954839 116.86148710270966
      vertex 6 72.88541301643171 117.04358549596388
    endloop
  endfacet
  facet normal 1 0 0
    outer loop
      vertex 6 72.88541301643171 71.95641450403612
      vertex 6 72.88541301643171 117.04358549596388
      vertex 6 72.33217525433727 117.33929724063185
    endloop
  endfacet
  facet normal 1 0 0
    outer loop
      vertex 6 72.33217525433727 71.66070275936815
      vertex 6 72.33217525433727 117.33929724063185
      vertex 6 71.84725830020305 117.73725830020305
    endloop
  endfacet
  facet normal 1 0 0
    outer loop
      vertex 6 71.84725830020305 71.26274169979695
      vertex 6 71.84725830020305 117.73725830020305
      vertex 6 71.44929724063185 118.22217525433727
    endloop
  endfacet
  facet normal -1 0 0
    outer loop
      vertex 0 67.07592582628907 105.74118095489747
      vertex 0 67.11 106
      vertex 0 72.41 120
    endloop
  endfacet
  facet normal -1 0 0
    outer loop
      vertex 0 67.11 106
      vertex 0 67.07592582628907 106.25881904510253
      vertex 0 72.41 120
    endloop
  endfacet
  facet normal -1 0 0
    outer loop
      vertex 0 67.07592582628907 106.25881904510253
      vertex 0 66.97602540378443 106.5
      vertex 0 72.41 120
    endloop
  endfacet
  facet normal -1 0 0
    outer loop
      vertex 0 66.97602540378443 106.5
      vertex 0 66.81710678118654 106.70710678118655
      vertex 0 72.41 120
    endloop
  endfacet
  facet normal -1 0 0
    outer loop
      vertex 0 66.81710678118654 106.70710678118655
      vertex 0 66.61 106.86602540378443
      vertex 0 72.41 120
    endloop
  endfacet
  facet normal -1 0 0
    outer loop
      vertex 0 66.61 106.86602540378443
      vertex 0 66.36881904510253 106.96592582628907
      vertex 0 72.41 120
    endloop
  endfacet
  facet normal 0 0 1
    outer loop
      vertex 0 88.11 130
      vertex 0 84.11 130
      vertex 6 88.11 130
    endloop
  endfacet
  facet normal 0 0 1
    outer loop
      vertex 0 84.11 130
      vertex 6 84.11 130
      vertex 6 88.11 130
    endloop
  endfacet
  facet normal -1 0 0
    outer loop
      vertex 0 82.11 130
      vertex 0 75.52349834091433 119.05553060386667
      vertex 0 75.68059520526919 119.34943816497935
    endloop
  endfacet
  facet normal -1 0 0
    outer loop
      vertex 0 82.11 130
      vertex 0 75.68059520526919 119.34943816497935
      vertex 0 75.7773349766855 119.66834645257258
    endloop
  endfacet
  facet normal -1 0 0
    outer loop
      vertex 0 82.11 130
      vertex 0 75.7773349766855 119.66834645257258
      vertex 0 75.81 120
    endloop
  endfacet
  facet normal -1 0 0
    outer loop
      vertex 0 82.11 130
      vertex 0 75.81 120
      vertex 0 75.7773349766855 120.33165354742742
    endloop
  endfacet
  facet normal -1 0 0
    outer loop
      vertex 0 82.11 130
      vertex 0 75.7773349766855 120.33165354742742
      vertex 0 75.68059520526919 120.65056183502065
    endloop
  endfacet
  facet normal -1 0 0
    outer loop
      vertex 0 82.11 130
      vertex 0 75.68059520526919 120.65056183502065
      vertex 0 75.52349834091433 120.94446939613333
    endloop
  endfacet
  facet normal -1 0 0
    outer loop
      vertex 0 82.11 130
      vertex 0 75.52349834091433 120.94446939613333
      vertex 0 75.31208152801713 121.20208152801713
    endloop
  endfacet
  facet normal -1 0 0
    outer loop
      vertex 0 82.11 130
      vertex 0 75.31208152801713 121.20208152801713
      vertex 0 75.05446939613333 121.41349834091433
    endloop
  endfacet
  facet normal -1 0 0
    outer loop
      vertex 0 82.11 130
      vertex 0 75.05446939613333 121.41349834091433
      vertex 0 74.76056183502065 121.57059520526919
    endloop
  endfacet
  facet normal -1 0 0
    outer loop
      vertex 0 82.11 130
      vertex 0 74.76056183502065 121.57059520526919
      vertex 0 74.44165354742742 121.6673349766855
    endloop
  endfacet
  facet normal 1 0 0
    outer loop
      vertex 6 77.24851289729034 119.3757109695484
      vertex 6 82.11 130
      vertex 6 77.31 120
    endloop
  endfacet
  facet normal 1 0 0
    outer loop
      vertex 6 77.31 120
      vertex 6 82.11 130
      vertex 6 77.24851289729034 120.6242890304516
    endloop
  endfacet
  facet normal 1 0 0
    outer loop
      vertex 6 77.24851289729034 120.6242890304516
      vertex 6 82.11 130
      vertex 6 77.06641450403612 121.22458698356829
    endloop
  endfacet
  facet normal 1 0 0
    outer loop
      vertex 6 82.11 130
      vertex 6 76.77070275936815 121.77782474566273
      vertex 6 77.06641450403612 121.22458698356829
    endloop
  endfacet
  facet normal 1 0 0
    outer loop
      vertex 6 82.11 130
      vertex 6 76.37274169979695 122.26274169979695
      vertex 6 76.77070275936815 121.77782474566273
    endloop
  endfacet
  facet normal 1 0 0
    outer loop
      vertex 6 82.11 130
      vertex 6 75.88782474566273 122.66070275936815
      vertex 6 76.37274169979695 122.26274169979695
    endloop
  endfacet
  facet normal 1 0 0
    outer loop
      vertex 6 82.11 130
      vertex 6 75.33458698356829 122.95641450403612
      vertex 6 75.88782474566273 122.66070275936815
    endloop
  endfacet
  facet normal 1 0 0
    outer loop
      vertex 6 82.11 130
      vertex 6 74.7342890304516 123.13851289729034
      vertex 6 75.33458698356829 122.95641450403612
    endloop
  endfacet
  facet normal -1 0 0
    outer loop
      vertex 0 66.36881904510253 106.96592582628907
      vertex 0 72.4426650233145 120.33165354742742
      vertex 0 72.41 120
    endloop
  endfacet
  facet normal 1 0 0
    outer loop
      vertex 6 82.11 130
      vertex 6 74.11 123.2
      vertex 6 74.7342890304516 123.13851289729034
    endloop
  endfacet
  facet normal 0 0 1
    outer loop
      vertex 0 82.11 130
      vertex 0 38.11 130
      vertex 6 82.11 130
    endloop
  endfacet
  facet normal -1 0 0
    outer loop
      vertex 0 65.40289321881346 105.29289321881345
      vertex 0 38.11 130
      vertex 0 65.24397459621557 105.5
    endloop
  endfacet
  facet normal -1 0 0
    outer loop
      vertex 0 65.24397459621557 105.5
      vertex 0 38.11 130
      vertex 0 65.14407417371093 105.74118095489747
    endloop
  endfacet
  facet normal 1 0 0
    outer loop
      vertex 6 71.84725830020305 71.26274169979695
      vertex 6 71.44929724063185 118.22217525433727
      vertex 6 38.11 130
    endloop
  endfacet
  facet normal -1 0 0
    outer loop
      vertex 0 66.36881904510253 106.96592582628907
      vertex 0 66.11 107
      vertex 0 38.11 130
    endloop
  endfacet
  facet normal -1 0 0
    outer loop
      vertex 0 66.11 107
      vertex 0 65.85118095489747 106.96592582628907
      vertex 0 38.11 130
    endloop
  endfacet
  facet normal -1 0 0
    outer loop
      vertex 0 65.85118095489747 106.96592582628907
      vertex 0 65.61 106.86602540378443
      vertex 0 38.11 130
    endloop
  endfacet
  facet normal -1 0 0
    outer loop
      vertex 0 65.14407417371093 105.74118095489747
      vertex 0 38.11 130
      vertex 0 65.11 106
    endloop
  endfacet
  facet normal -1 0 0
    outer loop
      vertex 0 65.11 106
      vertex 0 38.11 130
      vertex 0 65.14407417371093 106.25881904510253
    endloop
  endfacet
  facet normal -1 0 0
    outer loop
      vertex 0 65.14407417371093 106.25881904510253
      vertex 0 38.11 130
      vertex 0 65.24397459621557 106.5
    endloop
  endfacet
  facet normal -1 0 0
    outer loop
      vertex 0 65.24397459621557 106.5
      vertex 0 38.11 130
      vertex 0 65.40289321881346 106.70710678118655
    endloop
  endfacet
  facet normal -1 0 0
    outer loop
      vertex 0 65.61 106.86602540378443
      vertex 0 65.40289321881346 106.70710678118655
      vertex 0 38.11 130
    endloop
  endfacet
  facet normal -1 0 0
    outer loop
      vertex 0 66.36881904510253 106.96592582628907
      vertex 0 38.11 130
      vertex 0 72.4426650233145 120.33165354742742
    endloop
  endfacet
  facet normal -1 0 0
    outer loop
      vertex 0 72.53940479473081 120.65056183502065
      vertex 0 38.11 130
      vertex 0 72.69650165908567 120.94446939613333
    endloop
  endfacet
  facet normal -1 0 0
    outer loop
      vertex 0 72.4426650233145 120.33165354742742
      vertex 0 38.11 130
      vertex 0 72.53940479473081 120.65056183502065
    endloop
  endfacet
  facet normal -1 0 0
    outer loop
      vertex 0 74.44165354742742 121.6673349766855
      vertex 0 74.11 121.7
      vertex 0 38.11 130
    endloop
  endfacet
  facet normal -1 0 0
    outer loop
      vertex 0 74.11 121.7
      vertex 0 73.77834645257258 121.6673349766855
      vertex 0 38.11 130
    endloop
  endfacet
  facet normal -1 0 0
    outer loop
      vertex 0 73.77834645257258 121.6673349766855
      vertex 0 73.45943816497935 121.57059520526919
      vertex 0 38.11 130
    endloop
  endfacet
  facet normal -1 0 0
    outer loop
      vertex 0 73.45943816497935 121.57059520526919
      vertex 0 73.16553060386667 121.41349834091433
      vertex 0 38.11 130
    endloop
  endfacet
  facet normal -1 0 0
    outer loop
      vertex 0 73.16553060386667 121.41349834091433
      vertex 0 72.90791847198287 121.20208152801713
      vertex 0 38.11 130
    endloop
  endfacet
  facet normal -1 0 0
    outer loop
      vertex 0 72.69650165908567 120.94446939613333
      vertex 0 38.11 130
      vertex 0 72.90791847198287 121.20208152801713
    endloop
  endfacet
  facet normal -1 0 0
    outer loop
      vertex 0 82.11 130
      vertex 0 74.44165354742742 121.6673349766855
      vertex 0 38.11 130
    endloop
  endfacet
  facet normal 1 0 0
    outer loop
      vertex 6 73.48571096954839 123.13851289729034
      vertex 6 38.11 130
      vertex 6 72.88541301643171 122.95641450403612
    endloop
  endfacet
  facet normal 1 0 0
    outer loop
      vertex 6 74.11 123.2
      vertex 6 38.11 130
      vertex 6 73.48571096954839 123.13851289729034
    endloop
  endfacet
  facet normal 1 0 0
    outer loop
      vertex 6 72.33217525433727 122.66070275936815
      vertex 6 72.88541301643171 122.95641450403612
      vertex 6 38.11 130
    endloop
  endfacet
  facet normal 1 0 0
    outer loop
      vertex 6 72.33217525433727 122.66070275936815
      vertex 6 38.11 130
      vertex 6 71.84725830020305 122.26274169979695
    endloop
  endfacet
  facet normal 1 0 0
    outer loop
      vertex 6 82.11 130
      vertex 6 38.11 130
      vertex 6 74.11 123.2
    endloop
  endfacet
  facet normal 1 0 0
    outer loop
      vertex 6 71.44929724063185 118.22217525433727
      vertex 6 71.15358549596388 118.77541301643171
      vertex 6 38.11 130
    endloop
  endfacet
  facet normal 1 0 0
    outer loop
      vertex 6 71.15358549596388 118.77541301643171
      vertex 6 70.97148710270966 119.3757109695484
      vertex 6 38.11 130
    endloop
  endfacet
  facet normal 1 0 0
    outer loop
      vertex 6 70.97148710270966 119.3757109695484
      vertex 6 70.91 120
      vertex 6 38.11 130
    endloop
  endfacet
  facet normal 1 0 0
    outer loop
      vertex 6 70.91 120
      vertex 6 70.97148710270966 120.6242890304516
      vertex 6 38.11 130
    endloop
  endfacet
  facet normal 1 0 0
    outer loop
      vertex 6 71.15358549596388 121.22458698356829
      vertex 6 71.44929724063185 121.77782474566273
      vertex 6 38.11 130
    endloop
  endfacet
  facet normal 1 0 0
    outer loop
      vertex 6 70.97148710270966 120.6242890304516
      vertex 6 71.15358549596388 121.22458698356829
      vertex 6 38.11 130
    endloop
  endfacet
  facet normal 1 0 0
    outer loop
      vertex 6 71.44929724063185 121.77782474566273
      vertex 6 71.84725830020305 122.26274169979695
      vertex 6 38.11 130
    endloop
  endfacet
  facet normal 0 0 1
    outer loop
      vertex 6 82.11 130
      vertex 0 38.11 130
      vertex 6 38.11 130
    endloop
  endfacet
  facet normal 1 0 0
    outer loop
      vertex 6 32.79851289729034 22.62428903045161
      vertex 6 35.11 130
      vertex 6 32.86 69
    endloop
  endfacet
  facet normal -1 0 0
    outer loop
      vertex 0 22.659999999999997 36
      vertex 0 22.625925826289063 36.25881904510252
      vertex 0 35.11 130
    endloop
  endfacet
  facet normal -1 0 0
    outer loop
      vertex 0 22.625925826289063 36.25881904510252
      vertex 0 22.52602540378443 36.5
      vertex 0 35.11 130
    endloop
  endfacet
  facet normal -1 0 0
    outer loop
      vertex 0 22.52602540378443 36.5
      vertex 0 22.36710678118655 36.707106781186546
      vertex 0 35.11 130
    endloop
  endfacet
  facet normal -1 0 0
    outer loop
      vertex 0 22.36710678118655 36.707106781186546
      vertex 0 22.159999999999997 36.86602540378444
      vertex 0 35.11 130
    endloop
  endfacet
  facet normal -1 0 0
    outer loop
      vertex 0 22.159999999999997 36.86602540378444
      vertex 0 21.918819045102524 36.965925826289066
      vertex 0 35.11 130
    endloop
  endfacet
  facet normal -1 0 0
    outer loop
      vertex 0 21.918819045102524 36.965925826289066
      vertex 0 21.659999999999997 37
      vertex 0 35.11 130
    endloop
  endfacet
  facet normal -1 0 0
    outer loop
      vertex 0 21.659999999999997 37
      vertex 0 21.40118095489747 36.965925826289066
      vertex 0 35.11 130
    endloop
  endfacet
  facet normal -1 0 0
    outer loop
      vertex 0 21.40118095489747 36.965925826289066
      vertex 0 21.159999999999997 36.86602540378444
      vertex 0 35.11 130
    endloop
  endfacet
  facet normal -1 0 0
    outer loop
      vertex 0 20.69407417371093 36.25881904510252
      vertex 0 35.11 130
      vertex 0 20.793974596215563 36.5
    endloop
  endfacet
  facet normal -1 0 0
    outer loop
      vertex 0 20.793974596215563 36.5
      vertex 0 35.11 130
      vertex 0 20.952893218813443 36.707106781186546
    endloop
  endfacet
  facet normal -1 0 0
    outer loop
      vertex 0 21.159999999999997 36.86602540378444
      vertex 0 20.952893218813443 36.707106781186546
      vertex 0 35.11 130
    endloop
  endfacet
  facet normal -1 0 0
    outer loop
      vertex 0 31.327334976685485 22.33165354742742
      vertex 0 31.36 69
      vertex 0 35.11 130
    endloop
  endfacet
  facet normal -1 0 0
    outer loop
      vertex 0 22.659999999999997 36
      vertex 0 35.11 130
      vertex 0 27.99266502331451 69.33165354742742
    endloop
  endfacet
  facet normal 1 0 0
    outer loop
      vertex 6 32.86 69
      vertex 6 35.11 130
      vertex 6 32.79851289729034 69.6242890304516
    endloop
  endfacet
  facet normal 1 0 0
    outer loop
      vertex 6 32.79851289729034 69.6242890304516
      vertex 6 32.616414504036115 118.77541301643171
      vertex 6 32.616414504036115 70.22458698356829
    endloop
  endfacet
  facet normal 1 0 0
    outer loop
      vertex 6 32.616414504036115 70.22458698356829
      vertex 6 32.32070275936814 118.22217525433727
      vertex 6 32.32070275936814 70.77782474566273
    endloop
  endfacet
  facet normal 1 0 0
    outer loop
      vertex 6 32.32070275936814 70.77782474566273
      vertex 6 31.92274169979695 117.73725830020305
      vertex 6 31.92274169979695 71.26274169979695
    endloop
  endfacet
  facet normal 1 0 0
    outer loop
      vertex 6 31.92274169979695 71.26274169979695
      vertex 6 31.437824745662724 117.33929724063185
      vertex 6 31.437824745662724 71.66070275936815
    endloop
  endfacet
  facet normal 1 0 0
    outer loop
      vertex 6 31.437824745662724 71.66070275936815
      vertex 6 30.884586983568283 117.04358549596388
      vertex 6 30.884586983568283 71.95641450403612
    endloop
  endfacet
  facet normal 1 0 0
    outer loop
      vertex 6 30.884586983568283 71.95641450403612
      vertex 6 30.28428903045161 116.86148710270966
      vertex 6 30.28428903045161 72.13851289729034
    endloop
  endfacet
  facet normal 1 0 0
    outer loop
      vertex 6 30.28428903045161 72.13851289729034
      vertex 6 29.659999999999997 116.8
      vertex 6 29.659999999999997 72.2
    endloop
  endfacet
  facet normal 1 0 0
    outer loop
      vertex 6 29.659999999999997 72.2
      vertex 6 29.035710969548383 116.86148710270966
      vertex 6 29.035710969548383 72.13851289729034
    endloop
  endfacet
  facet normal 1 0 0
    outer loop
      vertex 6 29.035710969548383 72.13851289729034
      vertex 6 28.43541301643171 117.04358549596388
      vertex 6 28.43541301643171 71.95641450403612
    endloop
  endfacet
  facet normal 1 0 0
    outer loop
      vertex 6 28.43541301643171 71.95641450403612
      vertex 6 27.88217525433727 117.33929724063185
      vertex 6 27.88217525433727 71.66070275936815
    endloop
  endfacet
  facet normal 1 0 0
    outer loop
      vertex 6 27.88217525433727 71.66070275936815
      vertex 6 27.397258300203042 117.73725830020305
      vertex 6 27.397258300203042 71.26274169979695
    endloop
  endfacet
  facet normal -1 0 0
    outer loop
      vertex 0 0 4
      vertex 0 31.230595205269182 119.34943816497935
      vertex 0 35.11 130
    endloop
  endfacet
  facet normal 1 0 0
    outer loop
      vertex 6 26.999297240631854 70.77782474566273
      vertex 6 27.397258300203042 71.26274169979695
      vertex 6 26.999297240631854 118.22217525433727
    endloop
  endfacet
  facet normal -1 0 0
    outer loop
      vertex 0 31.36 69
      vertex 0 31.327334976685485 69.33165354742742
      vertex 0 35.11 130
    endloop
  endfacet
  facet normal -1 0 0
    outer loop
      vertex 0 31.327334976685485 69.33165354742742
      vertex 0 31.230595205269182 69.65056183502065
      vertex 0 35.11 130
    endloop
  endfacet
  facet normal -1 0 0
    outer loop
      vertex 0 31.230595205269182 69.65056183502065
      vertex 0 31.073498340914327 69.94446939613333
      vertex 0 35.11 130
    endloop
  endfacet
  facet normal -1 0 0
    outer loop
      vertex 0 31.073498340914327 69.94446939613333
      vertex 0 30.86208152801713 70.20208152801713
      vertex 0 35.11 130
    endloop
  endfacet
  facet normal -1 0 0
    outer loop
      vertex 0 30.86208152801713 70.20208152801713
      vertex 0 30.604469396133318 70.41349834091433
      vertex 0 35.11 130
    endloop
  endfacet
  facet normal -1 0 0
    outer loop
      vertex 0 30.604469396133318 70.41349834091433
      vertex 0 30.31056183502065 70.57059520526919
      vertex 0 35.11 130
    endloop
  endfacet
  facet normal -1 0 0
    outer loop
      vertex 0 30.31056183502065 70.57059520526919
      vertex 0 29.99165354742741 70.6673349766855
      vertex 0 35.11 130
    endloop
  endfacet
  facet normal -1 0 0
    outer loop
      vertex 0 28.246501659085666 69.94446939613333
      vertex 0 28.08940479473081 69.65056183502065
      vertex 0 35.11 130
    endloop
  endfacet
  facet normal -1 0 0
    outer loop
      vertex 0 27.99266502331451 69.33165354742742
      vertex 0 35.11 130
      vertex 0 28.08940479473081 69.65056183502065
    endloop
  endfacet
  facet normal -1 0 0
    outer loop
      vertex 0 29.009438164979343 70.57059520526919
      vertex 0 28.715530603866675 70.41349834091433
      vertex 0 35.11 130
    endloop
  endfacet
  facet normal -1 0 0
    outer loop
      vertex 0 28.715530603866675 70.41349834091433
      vertex 0 28.457918471982865 70.20208152801713
      vertex 0 35.11 130
    endloop
  endfacet
  facet normal -1 0 0
    outer loop
      vertex 0 28.246501659085666 69.94446939613333
      vertex 0 35.11 130
      vertex 0 28.457918471982865 70.20208152801713
    endloop
  endfacet
  facet normal -1 0 0
    outer loop
      vertex 0 29.99165354742741 70.6673349766855
      vertex 0 29.659999999999997 70.7
      vertex 0 35.11 130
    endloop
  endfacet
  facet normal -1 0 0
    outer loop
      vertex 0 29.659999999999997 70.7
      vertex 0 29.328346452572582 70.6673349766855
      vertex 0 35.11 130
    endloop
  endfacet
  facet normal -1 0 0
    outer loop
      vertex 0 29.009438164979343 70.57059520526919
      vertex 0 35.11 130
      vertex 0 29.328346452572582 70.6673349766855
    endloop
  endfacet
  facet normal -1 0 0
    outer loop
      vertex 0 0 4
      vertex 0 22.36710678118655 105.29289321881345
      vertex 0 22.52602540378443 105.5
    endloop
  endfacet
  facet normal -1 0 0
    outer loop
      vertex 0 0 4
      vertex 0 22.159999999999997 105.13397459621557
      vertex 0 22.36710678118655 105.29289321881345
    endloop
  endfacet
  facet normal -1 0 0
    outer loop
      vertex 0 0 4
      vertex 0 21.659999999999997 105
      vertex 0 21.918819045102524 105.03407417371093
    endloop
  endfacet
  facet normal -1 0 0
    outer loop
      vertex 0 0 4
      vertex 0 21.918819045102524 105.03407417371093
      vertex 0 22.159999999999997 105.13397459621557
    endloop
  endfacet
  facet normal -1 0 0
    outer loop
      vertex 0 0 4
      vertex 0 22.52602540378443 105.5
      vertex 0 22.625925826289063 105.74118095489747
    endloop
  endfacet
  facet normal -1 0 0
    outer loop
      vertex 0 0 4
      vertex 0 21.40118095489747 105.03407417371093
      vertex 0 21.659999999999997 105
    endloop
  endfacet
  facet normal -1 0 0
    outer loop
      vertex 0 0 4
      vertex 0 21.159999999999997 105.13397459621557
      vertex 0 21.40118095489747 105.03407417371093
    endloop
  endfacet
  facet normal -1 0 0
    outer loop
      vertex 0 0 4
      vertex 0 20.952893218813443 105.29289321881345
      vertex 0 21.159999999999997 105.13397459621557
    endloop
  endfacet
  facet normal -1 0 0
    outer loop
      vertex 0 0 4
      vertex 0 22.625925826289063 105.74118095489747
      vertex 0 27.959999999999994 120
    endloop
  endfacet
  facet normal -1 0 0
    outer loop
      vertex 0 0 4
      vertex 0 31.073498340914327 119.05553060386667
      vertex 0 31.230595205269182 119.34943816497935
    endloop
  endfacet
  facet normal -1 0 0
    outer loop
      vertex 0 0 4
      vertex 0 29.659999999999997 118.3
      vertex 0 29.99165354742741 118.3326650233145
    endloop
  endfacet
  facet normal -1 0 0
    outer loop
      vertex 0 0 4
      vertex 0 29.328346452572582 118.3326650233145
      vertex 0 29.659999999999997 118.3
    endloop
  endfacet
  facet normal -1 0 0
    outer loop
      vertex 0 0 4
      vertex 0 30.604469396133318 118.58650165908567
      vertex 0 30.86208152801713 118.79791847198287
    endloop
  endfacet
  facet normal -1 0 0
    outer loop
      vertex 0 0 4
      vertex 0 30.86208152801713 118.79791847198287
      vertex 0 31.073498340914327 119.05553060386667
    endloop
  endfacet
  facet normal -1 0 0
    outer loop
      vertex 0 0 4
      vertex 0 30.31056183502065 118.42940479473081
      vertex 0 30.604469396133318 118.58650165908567
    endloop
  endfacet
  facet normal -1 0 0
    outer loop
      vertex 0 0 4
      vertex 0 29.99165354742741 118.3326650233145
      vertex 0 30.31056183502065 118.42940479473081
    endloop
  endfacet
  facet normal -1 0 0
    outer loop
      vertex 0 0 4
      vertex 0 29.009438164979343 118.42940479473081
      vertex 0 29.328346452572582 118.3326650233145
    endloop
  endfacet
  facet normal -1 0 0
    outer loop
      vertex 0 0 4
      vertex 0 28.715530603866675 118.58650165908567
      vertex 0 29.009438164979343 118.42940479473081
    endloop
  endfacet
  facet normal -1 0 0
    outer loop
      vertex 0 0 4
      vertex 0 28.457918471982865 118.79791847198287
      vertex 0 28.715530603866675 118.58650165908567
    endloop
  endfacet
  facet normal -1 0 0
    outer loop
      vertex 0 0 4
      vertex 0 28.246501659085666 119.05553060386667
      vertex 0 28.457918471982865 118.79791847198287
    endloop
  endfacet
  facet normal -1 0 0
    outer loop
      vertex 0 0 4
      vertex 0 28.08940479473081 119.34943816497935
      vertex 0 28.246501659085666 119.05553060386667
    endloop
  endfacet
  facet normal -1 0 0
    outer loop
      vertex 0 0 4
      vertex 0 27.99266502331451 119.66834645257258
      vertex 0 28.08940479473081 119.34943816497935
    endloop
  endfacet
  facet normal -1 0 0
    outer loop
      vertex 0 0 4
      vertex 0 27.959999999999994 120
      vertex 0 27.99266502331451 119.66834645257258
    endloop
  endfacet
  facet normal 1 0 0
    outer loop
      vertex 6 29.659999999999997 25.2
      vertex 6 26.459999999999994 69
      vertex 6 0 130
    endloop
  endfacet
  facet normal -1 0 0
    outer loop
      vertex 0 0 4
      vertex 0 0 130
      vertex 0 20.952893218813443 105.29289321881345
    endloop
  endfacet
  facet normal 1 0 0
    outer loop
      vertex 6 26.999297240631854 70.77782474566273
      vertex 6 0 130
      vertex 6 26.70358549596388 70.22458698356829
    endloop
  endfacet
  facet normal 1 0 0
    outer loop
      vertex 6 26.459999999999994 69
      vertex 6 26.521487102709656 69.6242890304516
      vertex 6 0 130
    endloop
  endfacet
  facet normal 1 0 0
    outer loop
      vertex 6 26.521487102709656 69.6242890304516
      vertex 6 26.70358549596388 70.22458698356829
      vertex 6 0 130
    endloop
  endfacet
  facet normal 0 -1 0
    outer loop
      vertex 6 0 4
      vertex 6 0 130
      vertex 0 0 130
    endloop
  endfacet
  facet normal 1 0 0
    outer loop
      vertex 6 32.79851289729034 69.6242890304516
      vertex 6 35.11 130
      vertex 6 32.79851289729034 119.3757109695484
    endloop
  endfacet
  facet normal 1 0 0
    outer loop
      vertex 6 32.616414504036115 70.22458698356829
      vertex 6 32.616414504036115 118.77541301643171
      vertex 6 32.32070275936814 118.22217525433727
    endloop
  endfacet
  facet normal 1 0 0
    outer loop
      vertex 6 32.32070275936814 70.77782474566273
      vertex 6 32.32070275936814 118.22217525433727
      vertex 6 31.92274169979695 117.73725830020305
    endloop
  endfacet
  facet normal 1 0 0
    outer loop
      vertex 6 31.92274169979695 71.26274169979695
      vertex 6 31.92274169979695 117.73725830020305
      vertex 6 31.437824745662724 117.33929724063185
    endloop
  endfacet
  facet normal 1 0 0
    outer loop
      vertex 6 32.79851289729034 69.6242890304516
      vertex 6 32.79851289729034 119.3757109695484
      vertex 6 32.616414504036115 118.77541301643171
    endloop
  endfacet
  facet normal 1 0 0
    outer loop
      vertex 6 31.437824745662724 71.66070275936815
      vertex 6 31.437824745662724 117.33929724063185
      vertex 6 30.884586983568283 117.04358549596388
    endloop
  endfacet
  facet normal 1 0 0
    outer loop
      vertex 6 30.884586983568283 71.95641450403612
      vertex 6 30.884586983568283 117.04358549596388
      vertex 6 30.28428903045161 116.86148710270966
    endloop
  endfacet
  facet normal 1 0 0
    outer loop
      vertex 6 30.28428903045161 72.13851289729034
      vertex 6 30.28428903045161 116.86148710270966
      vertex 6 29.659999999999997 116.8
    endloop
  endfacet
  facet normal 1 0 0
    outer loop
      vertex 6 29.659999999999997 72.2
      vertex 6 29.659999999999997 116.8
      vertex 6 29.035710969548383 116.86148710270966
    endloop
  endfacet
  facet normal 1 0 0
    outer loop
      vertex 6 29.035710969548383 72.13851289729034
      vertex 6 29.035710969548383 116.86148710270966
      vertex 6 28.43541301643171 117.04358549596388
    endloop
  endfacet
  facet normal 1 0 0
    outer loop
      vertex 6 28.43541301643171 71.95641450403612
      vertex 6 28.43541301643171 117.04358549596388
      vertex 6 27.88217525433727 117.33929724063185
    endloop
  endfacet
  facet normal 1 0 0
    outer loop
      vertex 6 27.88217525433727 71.66070275936815
      vertex 6 27.88217525433727 117.33929724063185
      vertex 6 27.397258300203042 117.73725830020305
    endloop
  endfacet
  facet normal 1 0 0
    outer loop
      vertex 6 27.397258300203042 71.26274169979695
      vertex 6 27.397258300203042 117.73725830020305
      vertex 6 26.999297240631854 118.22217525433727
    endloop
  endfacet
  facet normal -1 0 0
    outer loop
      vertex 0 22.625925826289063 105.74118095489747
      vertex 0 22.659999999999997 106
      vertex 0 27.959999999999994 120
    endloop
  endfacet
  facet normal -1 0 0
    outer loop
      vertex 0 22.659999999999997 106
      vertex 0 22.625925826289063 106.25881904510253
      vertex 0 27.959999999999994 120
    endloop
  endfacet
  facet normal -1 0 0
    outer loop
      vertex 0 22.625925826289063 106.25881904510253
      vertex 0 22.52602540378443 106.5
      vertex 0 27.959999999999994 120
    endloop
  endfacet
  facet normal -1 0 0
    outer loop
      vertex 0 22.52602540378443 106.5
      vertex 0 22.36710678118655 106.70710678118655
      vertex 0 27.959999999999994 120
    endloop
  endfacet
  facet normal -1 0 0
    outer loop
      vertex 0 22.36710678118655 106.70710678118655
      vertex 0 22.159999999999997 106.86602540378443
      vertex 0 27.959999999999994 120
    endloop
  endfacet
  facet normal 1 0 0
    outer loop
      vertex 6 35.11 130
      vertex 6 32.86 120
      vertex 6 32.79851289729034 119.3757109695484
    endloop
  endfacet
  facet normal 1 0 0
    outer loop
      vertex 6 35.11 130
      vertex 6 32.79851289729034 120.6242890304516
      vertex 6 32.86 120
    endloop
  endfacet
  facet normal 1 0 0
    outer loop
      vertex 6 35.11 130
      vertex 6 32.616414504036115 121.22458698356829
      vertex 6 32.79851289729034 120.6242890304516
    endloop
  endfacet
  facet normal 1 0 0
    outer loop
      vertex 6 35.11 130
      vertex 6 32.32070275936814 121.77782474566273
      vertex 6 32.616414504036115 121.22458698356829
    endloop
  endfacet
  facet normal 1 0 0
    outer loop
      vertex 6 35.11 130
      vertex 6 31.92274169979695 122.26274169979695
      vertex 6 32.32070275936814 121.77782474566273
    endloop
  endfacet
  facet normal -1 0 0
    outer loop
      vertex 0 22.159999999999997 106.86602540378443
      vertex 0 27.99266502331451 120.33165354742742
      vertex 0 27.959999999999994 120
    endloop
  endfacet
  facet normal -1 0 0
    outer loop
      vertex 0 35.11 130
      vertex 0 31.230595205269182 119.34943816497935
      vertex 0 31.327334976685485 119.66834645257258
    endloop
  endfacet
  facet normal -1 0 0
    outer loop
      vertex 0 35.11 130
      vertex 0 31.327334976685485 119.66834645257258
      vertex 0 31.36 120
    endloop
  endfacet
  facet normal -1 0 0
    outer loop
      vertex 0 35.11 130
      vertex 0 31.36 120
      vertex 0 31.327334976685485 120.33165354742742
    endloop
  endfacet
  facet normal -1 0 0
    outer loop
      vertex 0 35.11 130
      vertex 0 31.327334976685485 120.33165354742742
      vertex 0 31.230595205269182 120.65056183502065
    endloop
  endfacet
  facet normal -1 0 0
    outer loop
      vertex 0 35.11 130
      vertex 0 31.230595205269182 120.65056183502065
      vertex 0 31.073498340914327 120.94446939613333
    endloop
  endfacet
  facet normal -1 0 0
    outer loop
      vertex 0 35.11 130
      vertex 0 31.073498340914327 120.94446939613333
      vertex 0 30.86208152801713 121.20208152801713
    endloop
  endfacet
  facet normal -1 0 0
    outer loop
      vertex 0 35.11 130
      vertex 0 30.86208152801713 121.20208152801713
      vertex 0 30.604469396133318 121.41349834091433
    endloop
  endfacet
  facet normal -1 0 0
    outer loop
      vertex 0 35.11 130
      vertex 0 30.604469396133318 121.41349834091433
      vertex 0 30.31056183502065 121.57059520526919
    endloop
  endfacet
  facet normal -1 0 0
    outer loop
      vertex 0 35.11 130
      vertex 0 30.31056183502065 121.57059520526919
      vertex 0 29.99165354742741 121.6673349766855
    endloop
  endfacet
  facet normal 1 0 0
    outer loop
      vertex 6 35.11 130
      vertex 6 31.437824745662724 122.66070275936815
      vertex 6 31.92274169979695 122.26274169979695
    endloop
  endfacet
  facet normal 1 0 0
    outer loop
      vertex 6 35.11 130
      vertex 6 30.884586983568283 122.95641450403612
      vertex 6 31.437824745662724 122.66070275936815
    endloop
  endfacet
  facet normal 1 0 0
    outer loop
      vertex 6 35.11 130
      vertex 6 30.28428903045161 123.13851289729034
      vertex 6 30.884586983568283 122.95641450403612
    endloop
  endfacet
  facet normal 1 0 0
    outer loop
      vertex 6 35.11 130
      vertex 6 29.659999999999997 123.2
      vertex 6 30.28428903045161 123.13851289729034
    endloop
  endfacet
  facet normal 0 0 1
    outer loop
      vertex 0 35.11 130
      vertex 0 0 130
      vertex 6 35.11 130
    endloop
  endfacet
  facet normal 1 0 0
    outer loop
      vertex 6 26.999297240631854 70.77782474566273
      vertex 6 26.999297240631854 118.22217525433727
      vertex 6 0 130
    endloop
  endfacet
  facet normal -1 0 0
    outer loop
      vertex 0 20.952893218813443 105.29289321881345
      vertex 0 0 130
      vertex 0 20.793974596215563 105.5
    endloop
  endfacet
  facet normal -1 0 0
    outer loop
      vertex 0 20.793974596215563 105.5
      vertex 0 0 130
      vertex 0 20.69407417371093 105.74118095489747
    endloop
  endfacet
  facet normal -1 0 0
    outer loop
      vertex 0 22.159999999999997 106.86602540378443
      vertex 0 0 130
      vertex 0 27.99266502331451 120.33165354742742
    endloop
  endfacet
  facet normal -1 0 0
    outer loop
      vertex 0 22.159999999999997 106.86602540378443
      vertex 0 21.918819045102524 106.96592582628907
      vertex 0 0 130
    endloop
  endfacet
  facet normal -1 0 0
    outer loop
      vertex 0 21.918819045102524 106.96592582628907
      vertex 0 21.659999999999997 107
      vertex 0 0 130
    endloop
  endfacet
  facet normal -1 0 0
    outer loop
      vertex 0 20.69407417371093 105.74118095489747
      vertex 0 0 130
      vertex 0 20.659999999999997 106
    endloop
  endfacet
  facet normal -1 0 0
    outer loop
      vertex 0 20.659999999999997 106
      vertex 0 0 130
      vertex 0 20.69407417371093 106.25881904510253
    endloop
  endfacet
  facet normal -1 0 0
    outer loop
      vertex 0 20.69407417371093 106.25881904510253
      vertex 0 0 130
      vertex 0 20.793974596215563 106.5
    endloop
  endfacet
  facet normal -1 0 0
    outer loop
      vertex 0 21.659999999999997 107
      vertex 0 21.40118095489747 106.96592582628907
      vertex 0 0 130
    endloop
  endfacet
  facet normal -1 0 0
    outer loop
      vertex 0 21.40118095489747 106.96592582628907
      vertex 0 21.159999999999997 106.86602540378443
      vertex 0 0 130
    endloop
  endfacet
  facet normal -1 0 0
    outer loop
      vertex 0 20.793974596215563 106.5
      vertex 0 0 130
      vertex 0 20.952893218813443 106.70710678118655
    endloop
  endfacet
  facet normal -1 0 0
    outer loop
      vertex 0 21.159999999999997 106.86602540378443
      vertex 0 20.952893218813443 106.70710678118655
      vertex 0 0 130
    endloop
  endfacet
  facet normal -1 0 0
    outer loop
      vertex 0 29.328346452572582 121.6673349766855
      vertex 0 29.009438164979343 121.57059520526919
      vertex 0 0 130
    endloop
  endfacet
  facet normal -1 0 0
    outer loop
      vertex 0 29.99165354742741 121.6673349766855
      vertex 0 29.659999999999997 121.7
      vertex 0 0 130
    endloop
  endfacet
  facet normal -1 0 0
    outer loop
      vertex 0 29.659999999999997 121.7
      vertex 0 29.328346452572582 121.6673349766855
      vertex 0 0 130
    endloop
  endfacet
  facet normal -1 0 0
    outer loop
      vertex 0 28.08940479473081 120.65056183502065
      vertex 0 0 130
      vertex 0 28.246501659085666 120.94446939613333
    endloop
  endfacet
  facet normal -1 0 0
    outer loop
      vertex 0 27.99266502331451 120.33165354742742
      vertex 0 0 130
      vertex 0 28.08940479473081 120.65056183502065
    endloop
  endfacet
  facet normal -1 0 0
    outer loop
      vertex 0 29.009438164979343 121.57059520526919
      vertex 0 28.715530603866675 121.41349834091433
      vertex 0 0 130
    endloop
  endfacet
  facet normal -1 0 0
    outer loop
      vertex 0 28.457918471982865 121.20208152801713
      vertex 0 0 130
      vertex 0 28.715530603866675 121.41349834091433
    endloop
  endfacet
  facet normal -1 0 0
    outer loop
      vertex 0 28.246501659085666 120.94446939613333
      vertex 0 0 130
      vertex 0 28.457918471982865 121.20208152801713
    endloop
  endfacet
  facet normal -1 0 0
    outer loop
      vertex 0 35.11 130
      vertex 0 29.99165354742741 121.6673349766855
      vertex 0 0 130
    endloop
  endfacet
  facet normal 1 0 0
    outer loop
      vertex 6 29.659999999999997 123.2
      vertex 6 0 130
      vertex 6 29.035710969548383 123.13851289729034
    endloop
  endfacet
  facet normal 1 0 0
    outer loop
      vertex 6 26.999297240631854 118.22217525433727
      vertex 6 26.70358549596388 118.77541301643171
      vertex 6 0 130
    endloop
  endfacet
  facet normal 1 0 0
    outer loop
      vertex 6 26.70358549596388 118.77541301643171
      vertex 6 26.521487102709656 119.3757109695484
      vertex 6 0 130
    endloop
  endfacet
  facet normal 1 0 0
    outer loop
      vertex 6 26.521487102709656 119.3757109695484
      vertex 6 26.459999999999994 120
      vertex 6 0 130
    endloop
  endfacet
  facet normal 1 0 0
    outer loop
      vertex 6 26.459999999999994 120
      vertex 6 26.521487102709656 120.6242890304516
      vertex 6 0 130
    endloop
  endfacet
  facet normal 1 0 0
    outer loop
      vertex 6 26.999297240631854 121.77782474566273
      vertex 6 0 130
      vertex 6 26.70358549596388 121.22458698356829
    endloop
  endfacet
  facet normal 1 0 0
    outer loop
      vertex 6 26.999297240631854 121.77782474566273
      vertex 6 27.397258300203042 122.26274169979695
      vertex 6 0 130
    endloop
  endfacet
  facet normal 1 0 0
    outer loop
      vertex 6 29.035710969548383 123.13851289729034
      vertex 6 0 130
      vertex 6 28.43541301643171 122.95641450403612
    endloop
  endfacet
  facet normal 1 0 0
    outer loop
      vertex 6 27.88217525433727 122.66070275936815
      vertex 6 28.43541301643171 122.95641450403612
      vertex 6 0 130
    endloop
  endfacet
  facet normal 1 0 0
    outer loop
      vertex 6 27.88217525433727 122.66070275936815
      vertex 6 0 130
      vertex 6 27.397258300203042 122.26274169979695
    endloop
  endfacet
  facet normal 1 0 0
    outer loop
      vertex 6 26.521487102709656 120.6242890304516
      vertex 6 26.70358549596388 121.22458698356829
      vertex 6 0 130
    endloop
  endfacet
  facet normal 1 0 0
    outer loop
      vertex 6 35.11 130
      vertex 6 0 130
      vertex 6 29.659999999999997 123.2
    endloop
  endfacet
  facet normal 0 0 1
    outer loop
      vertex 6 35.11 130
      vertex 0 0 130
      vertex 6 0 130
    endloop
  endfacet
  facet normal 0 1 0
    outer loop
      vertex 132 88.11 4
      vertex 132 88.11 130
      vertex 132.09230769230768 88.11 4
    endloop
  endfacet
  facet normal -1 0 0
    outer loop
      vertex 132 88.11 4
      vertex 132 84.11 4
      vertex 132 88.11 130
    endloop
  endfacet
  facet normal 0 1 0
    outer loop
      vertex 132.09230769230768 88.11 4
      vertex 135 88.11 130
      vertex 135 88.11 4
    endloop
  endfacet
  facet normal 1 0 0
    outer loop
      vertex 135 84.11 130
      vertex 135 84.11 4
      vertex 135 88.11 4
    endloop
  endfacet
  facet normal -1 0 0
    outer loop
      vertex 132 82.11 4
      vertex 132 38.11 4
      vertex 132 82.11 130
    endloop
  endfacet
  facet normal 1 0 0
    outer loop
      vertex 135 38.11 130
      vertex 135 38.11 4
      vertex 135 82.11 4
    endloop
  endfacet
  facet normal 0 -1 0
    outer loop
      vertex 134.90769230769232 0 4
      vertex 135 0 0
      vertex 135 0 4
    endloop
  endfacet
  facet normal -1 0 0
    outer loop
      vertex 132 35.11 4
      vertex 132 0 4
      vertex 132 35.11 130
    endloop
  endfacet
  facet normal 1 0 0
    outer loop
      vertex 135 0 130
      vertex 135 0 4
      vertex 135 35.11 4
    endloop
  endfacet
  facet normal 0 -1 0
    outer loop
      vertex 132 0 4
      vertex 134.90769230769232 0 4
      vertex 132 0 130
    endloop
  endfacet
  facet normal 0 -1 0
    outer loop
      vertex 134.90769230769232 0 4
      vertex 135 0 4
      vertex 135 0 130
    endloop
  endfacet
  facet normal 0 1 0
    outer loop
      vertex 132.09230769230768 88.11 4
      vertex 132 88.11 130
      vertex 135 88.11 130
    endloop
  endfacet
  facet normal -1 0 0
    outer loop
      vertex 132 84.11 4
      vertex 132 84.11 130
      vertex 132 88.11 130
    endloop
  endfacet
  facet normal 1 0 0
    outer loop
      vertex 135 88.11 130
      vertex 135 84.11 130
      vertex 135 88.11 4
    endloop
  endfacet
  facet normal 1 0 0
    outer loop
      vertex 135 82.11 130
      vertex 135 38.11 130
      vertex 135 82.11 4
    endloop
  endfacet
  facet normal -1 0 0
    outer loop
      vertex 132 38.11 4
      vertex 132 38.11 130
      vertex 132 82.11 130
    endloop
  endfacet
  facet normal 0 0 1
    outer loop
      vertex 132 88.11 130
      vertex 132 84.11 130
      vertex 135 88.11 130
    endloop
  endfacet
  facet normal 0 0 1
    outer loop
      vertex 135 88.11 130
      vertex 132 84.11 130
      vertex 135 84.11 130
    endloop
  endfacet
  facet normal 0 0 1
    outer loop
      vertex 132 82.11 130
      vertex 132 38.11 130
      vertex 135 82.11 130
    endloop
  endfacet
  facet normal 0 0 1
    outer loop
      vertex 135 82.11 130
      vertex 132 38.11 130
      vertex 135 38.11 130
    endloop
  endfacet
  facet normal 1 0 0
    outer loop
      vertex 135 35.11 130
      vertex 135 0 130
      vertex 135 35.11 4
    endloop
  endfacet
  facet normal -1 0 0
    outer loop
      vertex 132 0 4
      vertex 132 0 130
      vertex 132 35.11 130
    endloop
  endfacet
  facet normal 0 -1 0
    outer loop
      vertex 134.90769230769232 0 4
      vertex 135 0 130
      vertex 132 0 130
    endloop
  endfacet
  facet normal 0 0 1
    outer loop
      vertex 132 35.11 130
      vertex 132 0 130
      vertex 135 35.11 130
    endloop
  endfacet
  facet normal 0 0 1
    outer loop
      vertex 135 35.11 130
      vertex 132 0 130
      vertex 135 0 130
    endloop
  endfacet
  facet normal 0 -0.09801714032955695 0.9951847266721973
    outer loop
      vertex 0 74.11 20.3
      vertex 3 74.11 20.3
      vertex 0 74.44165354742742 20.332665023314508
    endloop
  endfacet
  facet normal 0 0.09801714032955695 0.9951847266721973
    outer loop
      vertex 0 74.11 20.3
      vertex 3 73.77834645257258 20.332665023314508
      vertex 3 74.11 20.3
    endloop
  endfacet
  facet normal 0 -0.9951847266721972 0.098017140329558
    outer loop
      vertex 0 75.7773349766855 21.66834645257258
      vertex 3 75.7773349766855 21.66834645257258
      vertex 0 75.81 22
    endloop
  endfacet
  facet normal 0 -0.9951847266721972 -0.098017140329558
    outer loop
      vertex 0 75.81 22
      vertex 3 75.81 22
      vertex 0 75.7773349766855 22.33165354742742
    endloop
  endfacet
  facet normal 0 -0.9569403357322043 0.2902846772544773
    outer loop
      vertex 0 75.7773349766855 21.66834645257258
      vertex 3 75.68059520526919 21.349438164979347
      vertex 3 75.7773349766855 21.66834645257258
    endloop
  endfacet
  facet normal 0 -0.9951847266721972 0.098017140329558
    outer loop
      vertex 0 75.81 22
      vertex 3 75.7773349766855 21.66834645257258
      vertex 3 75.81 22
    endloop
  endfacet
  facet normal 0 -0.9951847266721972 -0.098017140329558
    outer loop
      vertex 0 75.7773349766855 22.33165354742742
      vertex 3 75.81 22
      vertex 3 75.7773349766855 22.33165354742742
    endloop
  endfacet
  facet normal -3.141368562170354e-18 -0.6343932841636483 0.7730104533627346
    outer loop
      vertex 0 75.31208152801713 20.797918471982868
      vertex 0 75.05446939613333 20.586501659085673
      vertex 3 75.05446939613333 20.586501659085673
    endloop
  endfacet
  facet normal 0 -0.7730104533627337 0.6343932841636495
    outer loop
      vertex 0 75.31208152801713 20.797918471982868
      vertex 3 75.31208152801713 20.797918471982868
      vertex 0 75.52349834091433 21.055530603866675
    endloop
  endfacet
  facet normal 0 -0.8819212643483619 0.4713967368259847
    outer loop
      vertex 0 75.52349834091433 21.055530603866675
      vertex 3 75.52349834091433 21.055530603866675
      vertex 0 75.68059520526919 21.349438164979347
    endloop
  endfacet
  facet normal -3.1979876250968958e-18 -0.47139673682598854 0.8819212643483598
    outer loop
      vertex 0 75.05446939613333 20.586501659085673
      vertex 0 74.76056183502065 20.429404794730814
      vertex 3 74.76056183502065 20.429404794730814
    endloop
  endfacet
  facet normal -1.3001678127510658e-18 -0.29028467725447055 0.9569403357322064
    outer loop
      vertex 0 74.76056183502065 20.429404794730814
      vertex 0 74.44165354742742 20.332665023314508
      vertex 3 74.44165354742742 20.332665023314508
    endloop
  endfacet
  facet normal 8.639096994249569e-19 -0.9569403357322043 0.2902846772544773
    outer loop
      vertex 0 75.7773349766855 21.66834645257258
      vertex 0 75.68059520526919 21.349438164979347
      vertex 3 75.68059520526919 21.349438164979347
    endloop
  endfacet
  facet normal 0 -0.6343932841636483 0.7730104533627346
    outer loop
      vertex 0 75.31208152801713 20.797918471982868
      vertex 3 75.05446939613333 20.586501659085673
      vertex 3 75.31208152801713 20.797918471982868
    endloop
  endfacet
  facet normal 0 -0.7730104533627337 0.6343932841636495
    outer loop
      vertex 0 75.52349834091433 21.055530603866675
      vertex 3 75.31208152801713 20.797918471982868
      vertex 3 75.52349834091433 21.055530603866675
    endloop
  endfacet
  facet normal 0 -0.8819212643483619 0.4713967368259847
    outer loop
      vertex 0 75.68059520526919 21.349438164979347
      vertex 3 75.52349834091433 21.055530603866675
      vertex 3 75.68059520526919 21.349438164979347
    endloop
  endfacet
  facet normal 0 -0.47139673682598854 0.8819212643483598
    outer loop
      vertex 0 75.05446939613333 20.586501659085673
      vertex 3 74.76056183502065 20.429404794730814
      vertex 3 75.05446939613333 20.586501659085673
    endloop
  endfacet
  facet normal 0 -0.29028467725447055 0.9569403357322064
    outer loop
      vertex 0 74.76056183502065 20.429404794730814
      vertex 3 74.44165354742742 20.332665023314508
      vertex 3 74.76056183502065 20.429404794730814
    endloop
  endfacet
  facet normal 0 -0.9569403357322043 -0.2902846772544773
    outer loop
      vertex 0 75.7773349766855 22.33165354742742
      vertex 3 75.7773349766855 22.33165354742742
      vertex 0 75.68059520526919 22.650561835020653
    endloop
  endfacet
  facet normal 0 -0.8819212643483619 -0.4713967368259847
    outer loop
      vertex 0 75.68059520526919 22.650561835020653
      vertex 3 75.68059520526919 22.650561835020653
      vertex 0 75.52349834091433 22.944469396133325
    endloop
  endfacet
  facet normal 0 -0.7730104533627337 -0.6343932841636495
    outer loop
      vertex 0 75.52349834091433 22.944469396133325
      vertex 3 75.52349834091433 22.944469396133325
      vertex 0 75.31208152801713 23.202081528017132
    endloop
  endfacet
  facet normal 0 -0.6343932841636483 -0.7730104533627346
    outer loop
      vertex 0 75.31208152801713 23.202081528017132
      vertex 3 75.31208152801713 23.202081528017132
      vertex 0 75.05446939613333 23.413498340914327
    endloop
  endfacet
  facet normal 0 -0.47139673682598854 -0.8819212643483598
    outer loop
      vertex 0 75.05446939613333 23.413498340914327
      vertex 3 75.05446939613333 23.413498340914327
      vertex 0 74.76056183502065 23.570595205269186
    endloop
  endfacet
  facet normal 0 -0.29028467725447055 -0.9569403357322064
    outer loop
      vertex 0 74.76056183502065 23.570595205269186
      vertex 3 74.76056183502065 23.570595205269186
      vertex 0 74.44165354742742 23.667334976685492
    endloop
  endfacet
  facet normal 0 -0.9569403357322043 -0.2902846772544773
    outer loop
      vertex 0 75.68059520526919 22.650561835020653
      vertex 3 75.7773349766855 22.33165354742742
      vertex 3 75.68059520526919 22.650561835020653
    endloop
  endfacet
  facet normal 0 -0.8819212643483619 -0.4713967368259847
    outer loop
      vertex 0 75.52349834091433 22.944469396133325
      vertex 3 75.68059520526919 22.650561835020653
      vertex 3 75.52349834091433 22.944469396133325
    endloop
  endfacet
  facet normal 0 -0.7730104533627337 -0.6343932841636495
    outer loop
      vertex 0 75.31208152801713 23.202081528017132
      vertex 3 75.52349834091433 22.944469396133325
      vertex 3 75.31208152801713 23.202081528017132
    endloop
  endfacet
  facet normal 0 -0.6343932841636483 -0.7730104533627346
    outer loop
      vertex 0 75.05446939613333 23.413498340914327
      vertex 3 75.31208152801713 23.202081528017132
      vertex 3 75.05446939613333 23.413498340914327
    endloop
  endfacet
  facet normal 0 -0.47139673682598854 -0.8819212643483598
    outer loop
      vertex 0 74.76056183502065 23.570595205269186
      vertex 3 75.05446939613333 23.413498340914327
      vertex 3 74.76056183502065 23.570595205269186
    endloop
  endfacet
  facet normal 0 -0.29028467725447055 -0.9569403357322064
    outer loop
      vertex 0 74.44165354742742 23.667334976685492
      vertex 3 74.76056183502065 23.570595205269186
      vertex 3 74.44165354742742 23.667334976685492
    endloop
  endfacet
  facet normal -4.175492119695351e-19 0.09801714032955695 0.9951847266721973
    outer loop
      vertex 0 74.11 20.3
      vertex 0 73.77834645257258 20.332665023314508
      vertex 3 73.77834645257258 20.332665023314508
    endloop
  endfacet
  facet normal 1.3001678127510658e-18 0.29028467725447055 0.9569403357322064
    outer loop
      vertex 0 73.77834645257258 20.332665023314508
      vertex 0 73.45943816497935 20.429404794730814
      vertex 3 73.45943816497935 20.429404794730814
    endloop
  endfacet
  facet normal 3.1979876250968958e-18 0.47139673682598854 0.8819212643483598
    outer loop
      vertex 0 73.45943816497935 20.429404794730814
      vertex 0 73.16553060386667 20.586501659085673
      vertex 3 73.16553060386667 20.586501659085673
    endloop
  endfacet
  facet normal 3.141368562170354e-18 0.6343932841636483 0.7730104533627346
    outer loop
      vertex 0 73.16553060386667 20.586501659085673
      vertex 0 72.90791847198287 20.797918471982868
      vertex 3 72.90791847198287 20.797918471982868
    endloop
  endfacet
  facet normal 4.175492119695351e-19 -0.09801714032955695 0.9951847266721973
    outer loop
      vertex 3 74.11 20.3
      vertex 3 74.44165354742742 20.332665023314508
      vertex 0 74.44165354742742 20.332665023314508
    endloop
  endfacet
  facet normal 0 0.29028467725447055 0.9569403357322064
    outer loop
      vertex 0 73.77834645257258 20.332665023314508
      vertex 3 73.45943816497935 20.429404794730814
      vertex 3 73.77834645257258 20.332665023314508
    endloop
  endfacet
  facet normal 0 0.47139673682598854 0.8819212643483598
    outer loop
      vertex 0 73.45943816497935 20.429404794730814
      vertex 3 73.16553060386667 20.586501659085673
      vertex 3 73.45943816497935 20.429404794730814
    endloop
  endfacet
  facet normal 0 0.6343932841636483 0.7730104533627346
    outer loop
      vertex 0 73.16553060386667 20.586501659085673
      vertex 3 72.90791847198287 20.797918471982868
      vertex 3 73.16553060386667 20.586501659085673
    endloop
  endfacet
  facet normal 2.1501344282353647e-18 0.7730104533627337 0.6343932841636495
    outer loop
      vertex 0 72.90791847198287 20.797918471982868
      vertex 0 72.69650165908567 21.055530603866675
      vertex 3 72.69650165908567 21.055530603866675
    endloop
  endfacet
  facet normal 2.6029533975377196e-18 0.8819212643483619 0.4713967368259847
    outer loop
      vertex 0 72.69650165908567 21.055530603866675
      vertex 0 72.53940479473081 21.349438164979347
      vertex 3 72.53940479473081 21.349438164979347
    endloop
  endfacet
  facet normal -8.639096994249569e-19 0.9569403357322043 0.2902846772544773
    outer loop
      vertex 0 72.53940479473081 21.349438164979347
      vertex 0 72.4426650233145 21.66834645257258
      vertex 3 72.4426650233145 21.66834645257258
    endloop
  endfacet
  facet normal -5.945868179446666e-19 0.9951847266721972 0.098017140329558
    outer loop
      vertex 0 72.4426650233145 21.66834645257258
      vertex 0 72.41 22
      vertex 3 72.41 22
    endloop
  endfacet
  facet normal 5.945868179446666e-19 0.9951847266721972 -0.098017140329558
    outer loop
      vertex 0 72.41 22
      vertex 0 72.4426650233145 22.33165354742742
      vertex 3 72.4426650233145 22.33165354742742
    endloop
  endfacet
  facet normal 0 0.7730104533627337 0.6343932841636495
    outer loop
      vertex 0 72.90791847198287 20.797918471982868
      vertex 3 72.69650165908567 21.055530603866675
      vertex 3 72.90791847198287 20.797918471982868
    endloop
  endfacet
  facet normal 0 0.8819212643483619 0.4713967368259847
    outer loop
      vertex 0 72.69650165908567 21.055530603866675
      vertex 3 72.53940479473081 21.349438164979347
      vertex 3 72.69650165908567 21.055530603866675
    endloop
  endfacet
  facet normal 0 0.9569403357322043 0.2902846772544773
    outer loop
      vertex 0 72.53940479473081 21.349438164979347
      vertex 3 72.4426650233145 21.66834645257258
      vertex 3 72.53940479473081 21.349438164979347
    endloop
  endfacet
  facet normal 0 0.9951847266721972 0.098017140329558
    outer loop
      vertex 0 72.4426650233145 21.66834645257258
      vertex 3 72.41 22
      vertex 3 72.4426650233145 21.66834645257258
    endloop
  endfacet
  facet normal 0 0.9951847266721972 -0.098017140329558
    outer loop
      vertex 0 72.41 22
      vertex 3 72.4426650233145 22.33165354742742
      vertex 3 72.41 22
    endloop
  endfacet
  facet normal 0 0.6343932841636483 -0.7730104533627346
    outer loop
      vertex 0 73.16553060386667 23.413498340914327
      vertex 3 73.16553060386667 23.413498340914327
      vertex 0 72.90791847198287 23.202081528017132
    endloop
  endfacet
  facet normal 0 -0.09801714032955695 -0.9951847266721973
    outer loop
      vertex 0 74.44165354742742 23.667334976685492
      vertex 3 74.44165354742742 23.667334976685492
      vertex 0 74.11 23.7
    endloop
  endfacet
  facet normal 0 0.09801714032955695 -0.9951847266721973
    outer loop
      vertex 0 74.11 23.7
      vertex 3 74.11 23.7
      vertex 0 73.77834645257258 23.667334976685492
    endloop
  endfacet
  facet normal 0 0.29028467725447055 -0.9569403357322064
    outer loop
      vertex 0 73.77834645257258 23.667334976685492
      vertex 3 73.77834645257258 23.667334976685492
      vertex 0 73.45943816497935 23.570595205269186
    endloop
  endfacet
  facet normal 0 0.47139673682598854 -0.8819212643483598
    outer loop
      vertex 0 73.45943816497935 23.570595205269186
      vertex 3 73.45943816497935 23.570595205269186
      vertex 0 73.16553060386667 23.413498340914327
    endloop
  endfacet
  facet normal 0 0.6343932841636483 -0.7730104533627346
    outer loop
      vertex 0 72.90791847198287 23.202081528017132
      vertex 3 73.16553060386667 23.413498340914327
      vertex 3 72.90791847198287 23.202081528017132
    endloop
  endfacet
  facet normal -4.175492119695351e-19 -0.09801714032955695 -0.9951847266721973
    outer loop
      vertex 3 74.44165354742742 23.667334976685492
      vertex 3 74.11 23.7
      vertex 0 74.11 23.7
    endloop
  endfacet
  facet normal 0 0.09801714032955695 -0.9951847266721973
    outer loop
      vertex 0 73.77834645257258 23.667334976685492
      vertex 3 74.11 23.7
      vertex 3 73.77834645257258 23.667334976685492
    endloop
  endfacet
  facet normal 0 0.29028467725447055 -0.9569403357322064
    outer loop
      vertex 0 73.45943816497935 23.570595205269186
      vertex 3 73.77834645257258 23.667334976685492
      vertex 3 73.45943816497935 23.570595205269186
    endloop
  endfacet
  facet normal 0 0.47139673682598854 -0.8819212643483598
    outer loop
      vertex 0 73.16553060386667 23.413498340914327
      vertex 3 73.45943816497935 23.570595205269186
      vertex 3 73.16553060386667 23.413498340914327
    endloop
  endfacet
  facet normal -2.6029533975377196e-18 0.8819212643483619 -0.4713967368259847
    outer loop
      vertex 0 72.53940479473081 22.650561835020653
      vertex 0 72.69650165908567 22.944469396133325
      vertex 3 72.69650165908567 22.944469396133325
    endloop
  endfacet
  facet normal 8.639096994249569e-19 0.9569403357322043 -0.2902846772544773
    outer loop
      vertex 0 72.4426650233145 22.33165354742742
      vertex 0 72.53940479473081 22.650561835020653
      vertex 3 72.53940479473081 22.650561835020653
    endloop
  endfacet
  facet normal -2.1501344282353647e-18 0.7730104533627337 -0.6343932841636495
    outer loop
      vertex 0 72.69650165908567 22.944469396133325
      vertex 0 72.90791847198287 23.202081528017132
      vertex 3 72.90791847198287 23.202081528017132
    endloop
  endfacet
  facet normal 0 0.9569403357322043 -0.2902846772544773
    outer loop
      vertex 0 72.4426650233145 22.33165354742742
      vertex 3 72.53940479473081 22.650561835020653
      vertex 3 72.4426650233145 22.33165354742742
    endloop
  endfacet
  facet normal 0 0.8819212643483619 -0.4713967368259847
    outer loop
      vertex 0 72.53940479473081 22.650561835020653
      vertex 3 72.69650165908567 22.944469396133325
      vertex 3 72.53940479473081 22.650561835020653
    endloop
  endfacet
  facet normal 0 0.7730104533627337 -0.6343932841636495
    outer loop
      vertex 0 72.69650165908567 22.944469396133325
      vertex 3 72.90791847198287 23.202081528017132
      vertex 3 72.69650165908567 22.944469396133325
    endloop
  endfacet
  facet normal -2.643440942944734e-18 -0.9569403357322079 0.2902846772544656
    outer loop
      vertex 3 77.24851289729034 21.37571096954839
      vertex 3 77.06641450403612 20.775413016431713
      vertex 6 77.06641450403612 20.775413016431713
    endloop
  endfacet
  facet normal 0 -0.9951847266721969 0.09801714032956073
    outer loop
      vertex 3 77.24851289729034 21.37571096954839
      vertex 6 77.24851289729034 21.37571096954839
      vertex 3 77.31 22
    endloop
  endfacet
  facet normal 0 -0.9951847266721969 -0.09801714032956073
    outer loop
      vertex 3 77.31 22
      vertex 6 77.31 22
      vertex 3 77.24851289729034 22.62428903045161
    endloop
  endfacet
  facet normal 0 -0.9569403357322079 0.2902846772544656
    outer loop
      vertex 3 77.24851289729034 21.37571096954839
      vertex 6 77.06641450403612 20.775413016431713
      vertex 6 77.24851289729034 21.37571096954839
    endloop
  endfacet
  facet normal 0 -0.9951847266721969 0.09801714032956073
    outer loop
      vertex 3 77.31 22
      vertex 6 77.24851289729034 21.37571096954839
      vertex 6 77.31 22
    endloop
  endfacet
  facet normal 0 -0.9569403357322079 -0.2902846772544656
    outer loop
      vertex 3 77.24851289729034 22.62428903045161
      vertex 6 77.24851289729034 22.62428903045161
      vertex 3 77.06641450403612 23.224586983568287
    endloop
  endfacet
  facet normal 0 -0.9951847266721969 -0.09801714032956073
    outer loop
      vertex 3 77.24851289729034 22.62428903045161
      vertex 6 77.31 22
      vertex 6 77.24851289729034 22.62428903045161
    endloop
  endfacet
  facet normal 2.643440942944734e-18 -0.9569403357322079 -0.2902846772544656
    outer loop
      vertex 6 77.24851289729034 22.62428903045161
      vertex 6 77.06641450403612 23.224586983568287
      vertex 3 77.06641450403612 23.224586983568287
    endloop
  endfacet
  facet normal -8.430289923695627e-19 -0.7730104533627317 0.6343932841636519
    outer loop
      vertex 3 76.77070275936815 20.222175254337273
      vertex 3 76.37274169979695 19.737258300203045
      vertex 6 76.37274169979695 19.737258300203045
    endloop
  endfacet
  facet normal -2.1134863905473005e-18 -0.6343932841636474 0.7730104533627354
    outer loop
      vertex 3 76.37274169979695 19.737258300203045
      vertex 3 75.88782474566273 19.339297240631854
      vertex 6 75.88782474566273 19.339297240631854
    endloop
  endfacet
  facet normal 0 -0.7730104533627317 0.6343932841636519
    outer loop
      vertex 3 76.77070275936815 20.222175254337273
      vertex 6 76.37274169979695 19.737258300203045
      vertex 6 76.77070275936815 20.222175254337273
    endloop
  endfacet
  facet normal 0 -0.6343932841636474 0.7730104533627354
    outer loop
      vertex 3 76.37274169979695 19.737258300203045
      vertex 6 75.88782474566273 19.339297240631854
      vertex 6 76.37274169979695 19.737258300203045
    endloop
  endfacet
  facet normal 6.387069150943919e-18 -0.4713967368259969 0.8819212643483554
    outer loop
      vertex 3 75.88782474566273 19.339297240631854
      vertex 3 75.33458698356829 19.04358549596388
      vertex 6 75.33458698356829 19.04358549596388
    endloop
  endfacet
  facet normal 1 0 0
    outer loop
      vertex 3 75.88782474566273 19.339297240631854
      vertex 3 72.33217525433727 19.339297240631854
      vertex 3 75.33458698356829 19.04358549596388
    endloop
  endfacet
  facet normal -3.079164774426354e-18 -0.29028467725445883 0.9569403357322099
    outer loop
      vertex 3 75.33458698356829 19.04358549596388
      vertex 3 74.7342890304516 18.861487102709663
      vertex 6 74.7342890304516 18.861487102709663
    endloop
  endfacet
  facet normal 1 0 0
    outer loop
      vertex 3 76.77070275936815 20.222175254337273
      vertex 3 74.44165354742742 20.332665023314508
      vertex 3 74.11 20.3
    endloop
  endfacet
  facet normal 1 0 0
    outer loop
      vertex 3 76.37274169979695 19.737258300203045
      vertex 3 71.84725830020305 19.737258300203045
      vertex 3 75.88782474566273 19.339297240631854
    endloop
  endfacet
  facet normal 1 0 0
    outer loop
      vertex 3 76.77070275936815 20.222175254337273
      vertex 3 71.44929724063185 20.222175254337273
      vertex 3 76.37274169979695 19.737258300203045
    endloop
  endfacet
  facet normal 0 -0.4713967368259969 0.8819212643483554
    outer loop
      vertex 3 75.88782474566273 19.339297240631854
      vertex 6 75.33458698356829 19.04358549596388
      vertex 6 75.88782474566273 19.339297240631854
    endloop
  endfacet
  facet normal 0 -0.29028467725445883 0.9569403357322099
    outer loop
      vertex 3 75.33458698356829 19.04358549596388
      vertex 6 74.7342890304516 18.861487102709663
      vertex 6 75.33458698356829 19.04358549596388
    endloop
  endfacet
  facet normal 0 -0.09801714032956128 0.9951847266721968
    outer loop
      vertex 3 74.7342890304516 18.861487102709663
      vertex 6 74.11 18.8
      vertex 6 74.7342890304516 18.861487102709663
    endloop
  endfacet
  facet normal 1 0 0
    outer loop
      vertex 3 75.33458698356829 19.04358549596388
      vertex 3 72.88541301643171 19.04358549596388
      vertex 3 74.7342890304516 18.861487102709663
    endloop
  endfacet
  facet normal 1 0 0
    outer loop
      vertex 3 74.7342890304516 18.861487102709663
      vertex 3 73.48571096954839 18.861487102709663
      vertex 3 74.11 18.8
    endloop
  endfacet
  facet normal 1 0 0
    outer loop
      vertex 3 74.7342890304516 18.861487102709663
      vertex 3 72.88541301643171 19.04358549596388
      vertex 3 73.48571096954839 18.861487102709663
    endloop
  endfacet
  facet normal 5.427934442137045e-19 -0.09801714032956128 0.9951847266721968
    outer loop
      vertex 3 74.7342890304516 18.861487102709663
      vertex 3 74.11 18.8
      vertex 6 74.11 18.8
    endloop
  endfacet
  facet normal -5.427934442137045e-19 0.09801714032956128 0.9951847266721968
    outer loop
      vertex 3 74.11 18.8
      vertex 3 73.48571096954839 18.861487102709663
      vertex 6 73.48571096954839 18.861487102709663
    endloop
  endfacet
  facet normal 1 0 0
    outer loop
      vertex 3 75.33458698356829 19.04358549596388
      vertex 3 72.33217525433727 19.339297240631854
      vertex 3 72.88541301643171 19.04358549596388
    endloop
  endfacet
  facet normal 3.079164774426354e-18 0.29028467725445883 0.9569403357322099
    outer loop
      vertex 3 73.48571096954839 18.861487102709663
      vertex 3 72.88541301643171 19.04358549596388
      vertex 6 72.88541301643171 19.04358549596388
    endloop
  endfacet
  facet normal 1 0 0
    outer loop
      vertex 3 76.77070275936815 20.222175254337273
      vertex 3 74.11 20.3
      vertex 3 71.44929724063185 20.222175254337273
    endloop
  endfacet
  facet normal 1 0 0
    outer loop
      vertex 3 75.88782474566273 19.339297240631854
      vertex 3 71.84725830020305 19.737258300203045
      vertex 3 72.33217525433727 19.339297240631854
    endloop
  endfacet
  facet normal 1 0 0
    outer loop
      vertex 3 76.37274169979695 19.737258300203045
      vertex 3 71.44929724063185 20.222175254337273
      vertex 3 71.84725830020305 19.737258300203045
    endloop
  endfacet
  facet normal 1 0 0
    outer loop
      vertex 3 74.11 20.3
      vertex 3 73.77834645257258 20.332665023314508
      vertex 3 71.44929724063185 20.222175254337273
    endloop
  endfacet
  facet normal 0 0.09801714032956128 0.9951847266721968
    outer loop
      vertex 3 74.11 18.8
      vertex 6 73.48571096954839 18.861487102709663
      vertex 6 74.11 18.8
    endloop
  endfacet
  facet normal 0 0.29028467725445883 0.9569403357322099
    outer loop
      vertex 3 73.48571096954839 18.861487102709663
      vertex 6 72.88541301643171 19.04358549596388
      vertex 6 73.48571096954839 18.861487102709663
    endloop
  endfacet
  facet normal -6.387069150943919e-18 0.4713967368259969 0.8819212643483554
    outer loop
      vertex 3 72.88541301643171 19.04358549596388
      vertex 3 72.33217525433727 19.339297240631854
      vertex 6 72.33217525433727 19.339297240631854
    endloop
  endfacet
  facet normal 2.1134863905473005e-18 0.6343932841636474 0.7730104533627354
    outer loop
      vertex 3 72.33217525433727 19.339297240631854
      vertex 3 71.84725830020305 19.737258300203045
      vertex 6 71.84725830020305 19.737258300203045
    endloop
  endfacet
  facet normal 0 0.4713967368259969 0.8819212643483554
    outer loop
      vertex 3 72.88541301643171 19.04358549596388
      vertex 6 72.33217525433727 19.339297240631854
      vertex 6 72.88541301643171 19.04358549596388
    endloop
  endfacet
  facet normal 0 0.6343932841636474 0.7730104533627354
    outer loop
      vertex 3 72.33217525433727 19.339297240631854
      vertex 6 71.84725830020305 19.737258300203045
      vertex 6 72.33217525433727 19.339297240631854
    endloop
  endfacet
  facet normal 0 0.7730104533627317 0.6343932841636519
    outer loop
      vertex 3 71.84725830020305 19.737258300203045
      vertex 6 71.44929724063185 20.222175254337273
      vertex 6 71.84725830020305 19.737258300203045
    endloop
  endfacet
  facet normal 1 0 0
    outer loop
      vertex 3 77.24851289729034 21.37571096954839
      vertex 3 75.68059520526919 21.349438164979347
      vertex 3 77.06641450403612 20.775413016431713
    endloop
  endfacet
  facet normal 0 -0.8819212643483578 0.47139673682599254
    outer loop
      vertex 3 76.77070275936815 20.222175254337273
      vertex 6 76.77070275936815 20.222175254337273
      vertex 3 77.06641450403612 20.775413016431713
    endloop
  endfacet
  facet normal 1 0 0
    outer loop
      vertex 3 76.77070275936815 20.222175254337273
      vertex 3 77.06641450403612 20.775413016431713
      vertex 3 75.05446939613333 20.586501659085673
    endloop
  endfacet
  facet normal 1 0 0
    outer loop
      vertex 3 77.06641450403612 20.775413016431713
      vertex 3 75.31208152801713 20.797918471982868
      vertex 3 75.05446939613333 20.586501659085673
    endloop
  endfacet
  facet normal 1 0 0
    outer loop
      vertex 3 77.06641450403612 20.775413016431713
      vertex 3 75.68059520526919 21.349438164979347
      vertex 3 75.52349834091433 21.055530603866675
    endloop
  endfacet
  facet normal 1 0 0
    outer loop
      vertex 3 77.06641450403612 20.775413016431713
      vertex 3 75.52349834091433 21.055530603866675
      vertex 3 75.31208152801713 20.797918471982868
    endloop
  endfacet
  facet normal 1 0 0
    outer loop
      vertex 3 77.24851289729034 21.37571096954839
      vertex 3 77.31 22
      vertex 3 75.7773349766855 21.66834645257258
    endloop
  endfacet
  facet normal 1 0 0
    outer loop
      vertex 3 77.31 22
      vertex 3 77.24851289729034 22.62428903045161
      vertex 3 75.81 22
    endloop
  endfacet
  facet normal 1 0 0
    outer loop
      vertex 3 77.24851289729034 21.37571096954839
      vertex 3 75.7773349766855 21.66834645257258
      vertex 3 75.68059520526919 21.349438164979347
    endloop
  endfacet
  facet normal 1 0 0
    outer loop
      vertex 3 77.31 22
      vertex 3 75.81 22
      vertex 3 75.7773349766855 21.66834645257258
    endloop
  endfacet
  facet normal 1 0 0
    outer loop
      vertex 3 77.24851289729034 22.62428903045161
      vertex 3 75.7773349766855 22.33165354742742
      vertex 3 75.81 22
    endloop
  endfacet
  facet normal 0 -0.8819212643483578 0.47139673682599254
    outer loop
      vertex 3 77.06641450403612 20.775413016431713
      vertex 6 76.77070275936815 20.222175254337273
      vertex 6 77.06641450403612 20.775413016431713
    endloop
  endfacet
  facet normal 1 0 0
    outer loop
      vertex 3 76.77070275936815 20.222175254337273
      vertex 3 75.05446939613333 20.586501659085673
      vertex 3 74.76056183502065 20.429404794730814
    endloop
  endfacet
  facet normal 1 0 0
    outer loop
      vertex 3 76.77070275936815 20.222175254337273
      vertex 3 74.76056183502065 20.429404794730814
      vertex 3 74.44165354742742 20.332665023314508
    endloop
  endfacet
  facet normal 1 0 0
    outer loop
      vertex 3 77.24851289729034 22.62428903045161
      vertex 3 77.06641450403612 23.224586983568287
      vertex 3 75.68059520526919 22.650561835020653
    endloop
  endfacet
  facet normal 1 0 0
    outer loop
      vertex 3 77.24851289729034 22.62428903045161
      vertex 3 75.68059520526919 22.650561835020653
      vertex 3 75.7773349766855 22.33165354742742
    endloop
  endfacet
  facet normal 1 0 0
    outer loop
      vertex 3 77.06641450403612 23.224586983568287
      vertex 3 75.52349834091433 22.944469396133325
      vertex 3 75.68059520526919 22.650561835020653
    endloop
  endfacet
  facet normal 1 0 0
    outer loop
      vertex 3 77.06641450403612 23.224586983568287
      vertex 3 75.31208152801713 23.202081528017132
      vertex 3 75.52349834091433 22.944469396133325
    endloop
  endfacet
  facet normal 1 0 0
    outer loop
      vertex 3 77.06641450403612 23.224586983568287
      vertex 3 75.05446939613333 23.413498340914327
      vertex 3 75.31208152801713 23.202081528017132
    endloop
  endfacet
  facet normal 0 -0.8819212643483578 -0.47139673682599254
    outer loop
      vertex 3 77.06641450403612 23.224586983568287
      vertex 6 77.06641450403612 23.224586983568287
      vertex 3 76.77070275936815 23.777824745662727
    endloop
  endfacet
  facet normal 0 -0.7730104533627293 -0.6343932841636547
    outer loop
      vertex 3 76.77070275936815 23.777824745662727
      vertex 6 76.77070275936815 23.777824745662727
      vertex 3 76.37274169979695 24.26274169979695
    endloop
  endfacet
  facet normal 1 0 0
    outer loop
      vertex 3 77.06641450403612 23.224586983568287
      vertex 3 76.77070275936815 23.777824745662727
      vertex 3 75.05446939613333 23.413498340914327
    endloop
  endfacet
  facet normal 0 -0.8819212643483578 -0.47139673682599254
    outer loop
      vertex 3 76.77070275936815 23.777824745662727
      vertex 6 77.06641450403612 23.224586983568287
      vertex 6 76.77070275936815 23.777824745662727
    endloop
  endfacet
  facet normal 0 -0.7730104533627293 -0.6343932841636547
    outer loop
      vertex 3 76.37274169979695 24.26274169979695
      vertex 6 76.77070275936815 23.777824745662727
      vertex 6 76.37274169979695 24.26274169979695
    endloop
  endfacet
  facet normal 1 0 0
    outer loop
      vertex 3 76.77070275936815 23.777824745662727
      vertex 3 74.76056183502065 23.570595205269186
      vertex 3 75.05446939613333 23.413498340914327
    endloop
  endfacet
  facet normal 1 0 0
    outer loop
      vertex 3 76.77070275936815 23.777824745662727
      vertex 3 74.44165354742742 23.667334976685492
      vertex 3 74.76056183502065 23.570595205269186
    endloop
  endfacet
  facet normal 1 0 0
    outer loop
      vertex 3 76.77070275936815 23.777824745662727
      vertex 3 74.11 23.7
      vertex 3 74.44165354742742 23.667334976685492
    endloop
  endfacet
  facet normal 1 0 0
    outer loop
      vertex 3 76.77070275936815 23.777824745662727
      vertex 3 76.37274169979695 24.26274169979695
      vertex 3 71.84725830020305 24.26274169979695
    endloop
  endfacet
  facet normal 1 0 0
    outer loop
      vertex 3 73.77834645257258 20.332665023314508
      vertex 3 73.45943816497935 20.429404794730814
      vertex 3 71.44929724063185 20.222175254337273
    endloop
  endfacet
  facet normal 1 0 0
    outer loop
      vertex 3 73.45943816497935 20.429404794730814
      vertex 3 73.16553060386667 20.586501659085673
      vertex 3 71.44929724063185 20.222175254337273
    endloop
  endfacet
  facet normal 1 0 0
    outer loop
      vertex 3 73.16553060386667 20.586501659085673
      vertex 3 72.90791847198287 20.797918471982868
      vertex 3 71.15358549596388 20.775413016431713
    endloop
  endfacet
  facet normal 1 0 0
    outer loop
      vertex 3 73.16553060386667 20.586501659085673
      vertex 3 71.15358549596388 20.775413016431713
      vertex 3 71.44929724063185 20.222175254337273
    endloop
  endfacet
  facet normal 1 0 0
    outer loop
      vertex 3 72.90791847198287 20.797918471982868
      vertex 3 72.69650165908567 21.055530603866675
      vertex 3 71.15358549596388 20.775413016431713
    endloop
  endfacet
  facet normal 1 0 0
    outer loop
      vertex 3 72.69650165908567 21.055530603866675
      vertex 3 72.53940479473081 21.349438164979347
      vertex 3 71.15358549596388 20.775413016431713
    endloop
  endfacet
  facet normal 1 0 0
    outer loop
      vertex 3 72.53940479473081 21.349438164979347
      vertex 3 72.4426650233145 21.66834645257258
      vertex 3 70.97148710270966 21.37571096954839
    endloop
  endfacet
  facet normal 1 0 0
    outer loop
      vertex 3 72.4426650233145 21.66834645257258
      vertex 3 72.41 22
      vertex 3 70.97148710270966 21.37571096954839
    endloop
  endfacet
  facet normal 1 0 0
    outer loop
      vertex 3 72.41 22
      vertex 3 72.4426650233145 22.33165354742742
      vertex 3 70.91 22
    endloop
  endfacet
  facet normal 1 0 0
    outer loop
      vertex 3 76.77070275936815 23.777824745662727
      vertex 3 71.44929724063185 23.777824745662727
      vertex 3 74.11 23.7
    endloop
  endfacet
  facet normal 1 0 0
    outer loop
      vertex 3 74.11 23.7
      vertex 3 71.44929724063185 23.777824745662727
      vertex 3 73.77834645257258 23.667334976685492
    endloop
  endfacet
  facet normal 1 0 0
    outer loop
      vertex 3 76.77070275936815 23.777824745662727
      vertex 3 71.84725830020305 24.26274169979695
      vertex 3 71.44929724063185 23.777824745662727
    endloop
  endfacet
  facet normal 1 0 0
    outer loop
      vertex 3 73.16553060386667 23.413498340914327
      vertex 3 71.15358549596388 23.224586983568287
      vertex 3 72.90791847198287 23.202081528017132
    endloop
  endfacet
  facet normal 1 0 0
    outer loop
      vertex 3 72.4426650233145 22.33165354742742
      vertex 3 72.53940479473081 22.650561835020653
      vertex 3 70.97148710270966 22.62428903045161
    endloop
  endfacet
  facet normal 1 0 0
    outer loop
      vertex 3 72.53940479473081 22.650561835020653
      vertex 3 72.69650165908567 22.944469396133325
      vertex 3 71.15358549596388 23.224586983568287
    endloop
  endfacet
  facet normal 1 0 0
    outer loop
      vertex 3 72.69650165908567 22.944469396133325
      vertex 3 72.90791847198287 23.202081528017132
      vertex 3 71.15358549596388 23.224586983568287
    endloop
  endfacet
  facet normal 1 0 0
    outer loop
      vertex 3 73.45943816497935 23.570595205269186
      vertex 3 71.44929724063185 23.777824745662727
      vertex 3 73.16553060386667 23.413498340914327
    endloop
  endfacet
  facet normal 1 0 0
    outer loop
      vertex 3 73.77834645257258 23.667334976685492
      vertex 3 71.44929724063185 23.777824745662727
      vertex 3 73.45943816497935 23.570595205269186
    endloop
  endfacet
  facet normal 1 0 0
    outer loop
      vertex 3 73.16553060386667 23.413498340914327
      vertex 3 71.44929724063185 23.777824745662727
      vertex 3 71.15358549596388 23.224586983568287
    endloop
  endfacet
  facet normal 0 0.7730104533627293 -0.6343932841636547
    outer loop
      vertex 3 71.84725830020305 24.26274169979695
      vertex 6 71.84725830020305 24.26274169979695
      vertex 3 71.44929724063185 23.777824745662727
    endloop
  endfacet
  facet normal 8.430289923695627e-19 0.7730104533627317 0.6343932841636519
    outer loop
      vertex 3 71.84725830020305 19.737258300203045
      vertex 3 71.44929724063185 20.222175254337273
      vertex 6 71.44929724063185 20.222175254337273
    endloop
  endfacet
  facet normal 1 0 0
    outer loop
      vertex 3 72.53940479473081 21.349438164979347
      vertex 3 70.97148710270966 21.37571096954839
      vertex 3 71.15358549596388 20.775413016431713
    endloop
  endfacet
  facet normal 5.6245799574132245e-18 0.8819212643483578 0.47139673682599254
    outer loop
      vertex 3 71.44929724063185 20.222175254337273
      vertex 3 71.15358549596388 20.775413016431713
      vertex 6 71.15358549596388 20.775413016431713
    endloop
  endfacet
  facet normal 2.643440942944734e-18 0.9569403357322079 0.2902846772544656
    outer loop
      vertex 3 71.15358549596388 20.775413016431713
      vertex 3 70.97148710270966 21.37571096954839
      vertex 6 70.97148710270966 21.37571096954839
    endloop
  endfacet
  facet normal 1 0 0
    outer loop
      vertex 3 72.41 22
      vertex 3 70.91 22
      vertex 3 70.97148710270966 21.37571096954839
    endloop
  endfacet
  facet normal 1 0 0
    outer loop
      vertex 3 72.4426650233145 22.33165354742742
      vertex 3 70.97148710270966 22.62428903045161
      vertex 3 70.91 22
    endloop
  endfacet
  facet normal 1.3693583310301829e-18 0.9951847266721969 0.09801714032956073
    outer loop
      vertex 3 70.97148710270966 21.37571096954839
      vertex 3 70.91 22
      vertex 6 70.91 22
    endloop
  endfacet
  facet normal 0 0.8819212643483578 0.47139673682599254
    outer loop
      vertex 3 71.44929724063185 20.222175254337273
      vertex 6 71.15358549596388 20.775413016431713
      vertex 6 71.44929724063185 20.222175254337273
    endloop
  endfacet
  facet normal 0 0.9569403357322079 0.2902846772544656
    outer loop
      vertex 3 71.15358549596388 20.775413016431713
      vertex 6 70.97148710270966 21.37571096954839
      vertex 6 71.15358549596388 20.775413016431713
    endloop
  endfacet
  facet normal 0 0.9951847266721969 0.09801714032956073
    outer loop
      vertex 3 70.97148710270966 21.37571096954839
      vertex 6 70.91 22
      vertex 6 70.97148710270966 21.37571096954839
    endloop
  endfacet
  facet normal 0 0.9951847266721969 -0.09801714032956073
    outer loop
      vertex 3 70.91 22
      vertex 6 70.97148710270966 22.62428903045161
      vertex 6 70.91 22
    endloop
  endfacet
  facet normal 1 0 0
    outer loop
      vertex 3 72.53940479473081 22.650561835020653
      vertex 3 71.15358549596388 23.224586983568287
      vertex 3 70.97148710270966 22.62428903045161
    endloop
  endfacet
  facet normal -1.3693583310301829e-18 0.9951847266721969 -0.09801714032956073
    outer loop
      vertex 3 70.91 22
      vertex 3 70.97148710270966 22.62428903045161
      vertex 6 70.97148710270966 22.62428903045161
    endloop
  endfacet
  facet normal -2.643440942944734e-18 0.9569403357322079 -0.2902846772544656
    outer loop
      vertex 3 70.97148710270966 22.62428903045161
      vertex 3 71.15358549596388 23.224586983568287
      vertex 6 71.15358549596388 23.224586983568287
    endloop
  endfacet
  facet normal -5.6245799574132245e-18 0.8819212643483578 -0.47139673682599254
    outer loop
      vertex 3 71.15358549596388 23.224586983568287
      vertex 3 71.44929724063185 23.777824745662727
      vertex 6 71.44929724063185 23.777824745662727
    endloop
  endfacet
  facet normal 0 0.9569403357322079 -0.2902846772544656
    outer loop
      vertex 3 70.97148710270966 22.62428903045161
      vertex 6 71.15358549596388 23.224586983568287
      vertex 6 70.97148710270966 22.62428903045161
    endloop
  endfacet
  facet normal 0 0.8819212643483578 -0.47139673682599254
    outer loop
      vertex 3 71.15358549596388 23.224586983568287
      vertex 6 71.44929724063185 23.777824745662727
      vertex 6 71.15358549596388 23.224586983568287
    endloop
  endfacet
  facet normal 5.639725786856064e-20 0.7730104533627293 -0.6343932841636547
    outer loop
      vertex 6 71.84725830020305 24.26274169979695
      vertex 6 71.44929724063185 23.777824745662727
      vertex 3 71.44929724063185 23.777824745662727
    endloop
  endfacet
  facet normal 0 -0.6343932841636507 -0.7730104533627327
    outer loop
      vertex 3 76.37274169979695 24.26274169979695
      vertex 6 76.37274169979695 24.26274169979695
      vertex 3 75.88782474566273 24.660702759368146
    endloop
  endfacet
  facet normal 1.090383090995962e-18 -0.6343932841636507 -0.7730104533627327
    outer loop
      vertex 6 76.37274169979695 24.26274169979695
      vertex 6 75.88782474566273 24.660702759368146
      vertex 3 75.88782474566273 24.660702759368146
    endloop
  endfacet
  facet normal 0 -0.4713967368259969 -0.8819212643483554
    outer loop
      vertex 3 75.88782474566273 24.660702759368146
      vertex 6 75.88782474566273 24.660702759368146
      vertex 3 75.33458698356829 24.95641450403612
    endloop
  endfacet
  facet normal 0 -0.29028467725445883 -0.9569403357322099
    outer loop
      vertex 3 75.33458698356829 24.95641450403612
      vertex 6 75.33458698356829 24.95641450403612
      vertex 3 74.7342890304516 25.138512897290337
    endloop
  endfacet
  facet normal 1 0 0
    outer loop
      vertex 3 76.37274169979695 24.26274169979695
      vertex 3 75.88782474566273 24.660702759368146
      vertex 3 72.33217525433727 24.660702759368146
    endloop
  endfacet
  facet normal 1 0 0
    outer loop
      vertex 3 75.88782474566273 24.660702759368146
      vertex 3 75.33458698356829 24.95641450403612
      vertex 3 72.88541301643171 24.95641450403612
    endloop
  endfacet
  facet normal 1 0 0
    outer loop
      vertex 3 75.33458698356829 24.95641450403612
      vertex 3 74.7342890304516 25.138512897290337
      vertex 3 73.48571096954839 25.138512897290337
    endloop
  endfacet
  facet normal 0 -0.09801714032956128 -0.9951847266721968
    outer loop
      vertex 3 74.7342890304516 25.138512897290337
      vertex 6 74.7342890304516 25.138512897290337
      vertex 3 74.11 25.2
    endloop
  endfacet
  facet normal 0 -0.4713967368259969 -0.8819212643483554
    outer loop
      vertex 3 75.33458698356829 24.95641450403612
      vertex 6 75.88782474566273 24.660702759368146
      vertex 6 75.33458698356829 24.95641450403612
    endloop
  endfacet
  facet normal 0 -0.29028467725445883 -0.9569403357322099
    outer loop
      vertex 3 74.7342890304516 25.138512897290337
      vertex 6 75.33458698356829 24.95641450403612
      vertex 6 74.7342890304516 25.138512897290337
    endloop
  endfacet
  facet normal 1 0 0
    outer loop
      vertex 3 75.88782474566273 24.660702759368146
      vertex 3 72.88541301643171 24.95641450403612
      vertex 3 72.33217525433727 24.660702759368146
    endloop
  endfacet
  facet normal 1 0 0
    outer loop
      vertex 3 74.7342890304516 25.138512897290337
      vertex 3 74.11 25.2
      vertex 3 73.48571096954839 25.138512897290337
    endloop
  endfacet
  facet normal 1 0 0
    outer loop
      vertex 3 75.33458698356829 24.95641450403612
      vertex 3 73.48571096954839 25.138512897290337
      vertex 3 72.88541301643171 24.95641450403612
    endloop
  endfacet
  facet normal 0 0.09801714032956128 -0.9951847266721968
    outer loop
      vertex 3 74.11 25.2
      vertex 6 74.11 25.2
      vertex 3 73.48571096954839 25.138512897290337
    endloop
  endfacet
  facet normal 1 0 0
    outer loop
      vertex 3 76.37274169979695 24.26274169979695
      vertex 3 72.33217525433727 24.660702759368146
      vertex 3 71.84725830020305 24.26274169979695
    endloop
  endfacet
  facet normal 0 0.29028467725445883 -0.9569403357322099
    outer loop
      vertex 3 73.48571096954839 25.138512897290337
      vertex 6 73.48571096954839 25.138512897290337
      vertex 3 72.88541301643171 24.95641450403612
    endloop
  endfacet
  facet normal 0 -0.09801714032956128 -0.9951847266721968
    outer loop
      vertex 3 74.11 25.2
      vertex 6 74.7342890304516 25.138512897290337
      vertex 6 74.11 25.2
    endloop
  endfacet
  facet normal 0 0.09801714032956128 -0.9951847266721968
    outer loop
      vertex 3 73.48571096954839 25.138512897290337
      vertex 6 74.11 25.2
      vertex 6 73.48571096954839 25.138512897290337
    endloop
  endfacet
  facet normal 0 0.29028467725445883 -0.9569403357322099
    outer loop
      vertex 3 72.88541301643171 24.95641450403612
      vertex 6 73.48571096954839 25.138512897290337
      vertex 6 72.88541301643171 24.95641450403612
    endloop
  endfacet
  facet normal 6.387069150943919e-18 0.4713967368259969 -0.8819212643483554
    outer loop
      vertex 3 72.33217525433727 24.660702759368146
      vertex 3 72.88541301643171 24.95641450403612
      vertex 6 72.88541301643171 24.95641450403612
    endloop
  endfacet
  facet normal -1.090383090995962e-18 0.6343932841636507 -0.7730104533627327
    outer loop
      vertex 3 71.84725830020305 24.26274169979695
      vertex 3 72.33217525433727 24.660702759368146
      vertex 6 72.33217525433727 24.660702759368146
    endloop
  endfacet
  facet normal 0 0.4713967368259969 -0.8819212643483554
    outer loop
      vertex 3 72.33217525433727 24.660702759368146
      vertex 6 72.88541301643171 24.95641450403612
      vertex 6 72.33217525433727 24.660702759368146
    endloop
  endfacet
  facet normal 0 0.6343932841636507 -0.7730104533627327
    outer loop
      vertex 3 71.84725830020305 24.26274169979695
      vertex 6 72.33217525433727 24.660702759368146
      vertex 6 71.84725830020305 24.26274169979695
    endloop
  endfacet
  facet normal 0 -0.09801714032955904 0.995184726672197
    outer loop
      vertex 0 29.659999999999997 20.3
      vertex 3 29.659999999999997 20.3
      vertex 0 29.99165354742741 20.332665023314508
    endloop
  endfacet
  facet normal 0 0.09801714032955904 0.995184726672197
    outer loop
      vertex 0 29.659999999999997 20.3
      vertex 3 29.328346452572582 20.332665023314508
      vertex 3 29.659999999999997 20.3
    endloop
  endfacet
  facet normal 0 -0.8819212643483619 0.4713967368259847
    outer loop
      vertex 0 31.073498340914327 21.055530603866675
      vertex 3 31.073498340914327 21.055530603866675
      vertex 0 31.230595205269182 21.349438164979347
    endloop
  endfacet
  facet normal 2.65121445124962e-19 -0.6343932841636378 0.7730104533627432
    outer loop
      vertex 0 30.86208152801713 20.797918471982868
      vertex 0 30.604469396133318 20.586501659085673
      vertex 3 30.604469396133318 20.586501659085673
    endloop
  endfacet
  facet normal 0 -0.4713967368259974 0.8819212643483552
    outer loop
      vertex 0 30.31056183502065 20.429404794730814
      vertex 3 30.31056183502065 20.429404794730814
      vertex 0 30.604469396133318 20.586501659085673
    endloop
  endfacet
  facet normal -2.1501344282353647e-18 -0.7730104533627337 0.6343932841636495
    outer loop
      vertex 0 31.073498340914327 21.055530603866675
      vertex 0 30.86208152801713 20.797918471982868
      vertex 3 30.86208152801713 20.797918471982868
    endloop
  endfacet
  facet normal 0 -0.995184726672195 0.09801714032957912
    outer loop
      vertex 0 31.327334976685485 21.66834645257258
      vertex 3 31.327334976685485 21.66834645257258
      vertex 0 31.36 22
    endloop
  endfacet
  facet normal 4.33001067365093e-19 -0.9569403357322103 0.2902846772544578
    outer loop
      vertex 0 31.327334976685485 21.66834645257258
      vertex 0 31.230595205269182 21.349438164979347
      vertex 3 31.230595205269182 21.349438164979347
    endloop
  endfacet
  facet normal 0 -0.995184726672195 -0.09801714032957912
    outer loop
      vertex 0 31.36 22
      vertex 3 31.36 22
      vertex 0 31.327334976685485 22.33165354742742
    endloop
  endfacet
  facet normal 0 -0.7730104533627337 0.6343932841636495
    outer loop
      vertex 0 31.073498340914327 21.055530603866675
      vertex 3 30.86208152801713 20.797918471982868
      vertex 3 31.073498340914327 21.055530603866675
    endloop
  endfacet
  facet normal 0 -0.8819212643483619 0.4713967368259847
    outer loop
      vertex 0 31.230595205269182 21.349438164979347
      vertex 3 31.073498340914327 21.055530603866675
      vertex 3 31.230595205269182 21.349438164979347
    endloop
  endfacet
  facet normal 0 -0.6343932841636378 0.7730104533627432
    outer loop
      vertex 0 30.86208152801713 20.797918471982868
      vertex 3 30.604469396133318 20.586501659085673
      vertex 3 30.86208152801713 20.797918471982868
    endloop
  endfacet
  facet normal 0 -0.4713967368259974 0.8819212643483552
    outer loop
      vertex 0 30.604469396133318 20.586501659085673
      vertex 3 30.31056183502065 20.429404794730814
      vertex 3 30.604469396133318 20.586501659085673
    endloop
  endfacet
  facet normal 0 -0.9569403357322103 0.2902846772544578
    outer loop
      vertex 0 31.327334976685485 21.66834645257258
      vertex 3 31.230595205269182 21.349438164979347
      vertex 3 31.327334976685485 21.66834645257258
    endloop
  endfacet
  facet normal 0 -0.995184726672195 0.09801714032957912
    outer loop
      vertex 0 31.36 22
      vertex 3 31.327334976685485 21.66834645257258
      vertex 3 31.36 22
    endloop
  endfacet
  facet normal 0 -0.995184726672195 -0.09801714032957912
    outer loop
      vertex 0 31.327334976685485 22.33165354742742
      vertex 3 31.36 22
      vertex 3 31.327334976685485 22.33165354742742
    endloop
  endfacet
  facet normal 0 -0.9569403357322103 -0.2902846772544578
    outer loop
      vertex 0 31.327334976685485 22.33165354742742
      vertex 3 31.327334976685485 22.33165354742742
      vertex 0 31.230595205269182 22.650561835020653
    endloop
  endfacet
  facet normal 0 -0.8819212643483619 -0.4713967368259847
    outer loop
      vertex 0 31.230595205269182 22.650561835020653
      vertex 3 31.230595205269182 22.650561835020653
      vertex 0 31.073498340914327 22.944469396133325
    endloop
  endfacet
  facet normal 0 -0.7730104533627337 -0.6343932841636495
    outer loop
      vertex 0 31.073498340914327 22.944469396133325
      vertex 3 31.073498340914327 22.944469396133325
      vertex 0 30.86208152801713 23.202081528017132
    endloop
  endfacet
  facet normal 0 -0.6343932841636378 -0.7730104533627432
    outer loop
      vertex 0 30.86208152801713 23.202081528017132
      vertex 3 30.86208152801713 23.202081528017132
      vertex 0 30.604469396133318 23.413498340914327
    endloop
  endfacet
  facet normal 0 -0.4713967368259974 -0.8819212643483552
    outer loop
      vertex 0 30.604469396133318 23.413498340914327
      vertex 3 30.604469396133318 23.413498340914327
      vertex 0 30.31056183502065 23.570595205269186
    endloop
  endfacet
  facet normal 0 -0.9569403357322103 -0.2902846772544578
    outer loop
      vertex 0 31.230595205269182 22.650561835020653
      vertex 3 31.327334976685485 22.33165354742742
      vertex 3 31.230595205269182 22.650561835020653
    endloop
  endfacet
  facet normal 0 -0.8819212643483619 -0.4713967368259847
    outer loop
      vertex 0 31.073498340914327 22.944469396133325
      vertex 3 31.230595205269182 22.650561835020653
      vertex 3 31.073498340914327 22.944469396133325
    endloop
  endfacet
  facet normal 0 -0.7730104533627337 -0.6343932841636495
    outer loop
      vertex 0 30.86208152801713 23.202081528017132
      vertex 3 31.073498340914327 22.944469396133325
      vertex 3 30.86208152801713 23.202081528017132
    endloop
  endfacet
  facet normal 0 -0.6343932841636378 -0.7730104533627432
    outer loop
      vertex 0 30.604469396133318 23.413498340914327
      vertex 3 30.86208152801713 23.202081528017132
      vertex 3 30.604469396133318 23.413498340914327
    endloop
  endfacet
  facet normal 0 -0.4713967368259974 -0.8819212643483552
    outer loop
      vertex 0 30.31056183502065 23.570595205269186
      vertex 3 30.604469396133318 23.413498340914327
      vertex 3 30.31056183502065 23.570595205269186
    endloop
  endfacet
  facet normal -8.731497590027023e-19 -0.2902846772544646 0.9569403357322082
    outer loop
      vertex 0 30.31056183502065 20.429404794730814
      vertex 0 29.99165354742741 20.332665023314508
      vertex 3 29.99165354742741 20.332665023314508
    endloop
  endfacet
  facet normal -7.716244239198019e-19 0.09801714032955904 0.995184726672197
    outer loop
      vertex 0 29.659999999999997 20.3
      vertex 0 29.328346452572582 20.332665023314508
      vertex 3 29.328346452572582 20.332665023314508
    endloop
  endfacet
  facet normal 8.731497590027023e-19 0.2902846772544646 0.9569403357322082
    outer loop
      vertex 0 29.328346452572582 20.332665023314508
      vertex 0 29.009438164979343 20.429404794730814
      vertex 3 29.009438164979343 20.429404794730814
    endloop
  endfacet
  facet normal 0 -0.2902846772544646 0.9569403357322082
    outer loop
      vertex 0 30.31056183502065 20.429404794730814
      vertex 3 29.99165354742741 20.332665023314508
      vertex 3 30.31056183502065 20.429404794730814
    endloop
  endfacet
  facet normal 7.716244239198019e-19 -0.09801714032955904 0.995184726672197
    outer loop
      vertex 3 29.659999999999997 20.3
      vertex 3 29.99165354742741 20.332665023314508
      vertex 0 29.99165354742741 20.332665023314508
    endloop
  endfacet
  facet normal 0 0.2902846772544646 0.9569403357322082
    outer loop
      vertex 0 29.328346452572582 20.332665023314508
      vertex 3 29.009438164979343 20.429404794730814
      vertex 3 29.328346452572582 20.332665023314508
    endloop
  endfacet
  facet normal 0 0.4713967368259974 0.8819212643483552
    outer loop
      vertex 0 29.009438164979343 20.429404794730814
      vertex 3 28.715530603866675 20.586501659085673
      vertex 3 29.009438164979343 20.429404794730814
    endloop
  endfacet
  facet normal 2.2762193230678674e-18 0.4713967368259974 0.8819212643483552
    outer loop
      vertex 0 29.009438164979343 20.429404794730814
      vertex 0 28.715530603866675 20.586501659085673
      vertex 3 28.715530603866675 20.586501659085673
    endloop
  endfacet
  facet normal -2.65121445124962e-19 0.6343932841636378 0.7730104533627432
    outer loop
      vertex 0 28.715530603866675 20.586501659085673
      vertex 0 28.457918471982865 20.797918471982868
      vertex 3 28.457918471982865 20.797918471982868
    endloop
  endfacet
  facet normal 2.1501344282353647e-18 0.7730104533627337 0.6343932841636495
    outer loop
      vertex 0 28.457918471982865 20.797918471982868
      vertex 0 28.246501659085666 21.055530603866675
      vertex 3 28.246501659085666 21.055530603866675
    endloop
  endfacet
  facet normal 2.6029533975377196e-18 0.8819212643483619 0.4713967368259847
    outer loop
      vertex 0 28.246501659085666 21.055530603866675
      vertex 0 28.08940479473081 21.349438164979347
      vertex 3 28.08940479473081 21.349438164979347
    endloop
  endfacet
  facet normal -4.33001067365093e-19 0.9569403357322103 0.2902846772544578
    outer loop
      vertex 0 28.08940479473081 21.349438164979347
      vertex 0 27.99266502331451 21.66834645257258
      vertex 3 27.99266502331451 21.66834645257258
    endloop
  endfacet
  facet normal 3.5464163481541175e-19 0.995184726672195 0.09801714032957912
    outer loop
      vertex 0 27.99266502331451 21.66834645257258
      vertex 0 27.959999999999994 22
      vertex 3 27.959999999999994 22
    endloop
  endfacet
  facet normal -3.5464163481541175e-19 0.995184726672195 -0.09801714032957912
    outer loop
      vertex 0 27.959999999999994 22
      vertex 0 27.99266502331451 22.33165354742742
      vertex 3 27.99266502331451 22.33165354742742
    endloop
  endfacet
  facet normal 0 0.6343932841636378 0.7730104533627432
    outer loop
      vertex 0 28.715530603866675 20.586501659085673
      vertex 3 28.457918471982865 20.797918471982868
      vertex 3 28.715530603866675 20.586501659085673
    endloop
  endfacet
  facet normal 0 0.7730104533627337 0.6343932841636495
    outer loop
      vertex 0 28.457918471982865 20.797918471982868
      vertex 3 28.246501659085666 21.055530603866675
      vertex 3 28.457918471982865 20.797918471982868
    endloop
  endfacet
  facet normal 0 0.8819212643483619 0.4713967368259847
    outer loop
      vertex 0 28.246501659085666 21.055530603866675
      vertex 3 28.08940479473081 21.349438164979347
      vertex 3 28.246501659085666 21.055530603866675
    endloop
  endfacet
  facet normal 0 0.9569403357322103 0.2902846772544578
    outer loop
      vertex 0 28.08940479473081 21.349438164979347
      vertex 3 27.99266502331451 21.66834645257258
      vertex 3 28.08940479473081 21.349438164979347
    endloop
  endfacet
  facet normal 0 0.995184726672195 0.09801714032957912
    outer loop
      vertex 0 27.99266502331451 21.66834645257258
      vertex 3 27.959999999999994 22
      vertex 3 27.99266502331451 21.66834645257258
    endloop
  endfacet
  facet normal 0 0.995184726672195 -0.09801714032957912
    outer loop
      vertex 0 27.959999999999994 22
      vertex 3 27.99266502331451 22.33165354742742
      vertex 3 27.959999999999994 22
    endloop
  endfacet
  facet normal 0 -0.2902846772544646 -0.9569403357322082
    outer loop
      vertex 0 30.31056183502065 23.570595205269186
      vertex 3 30.31056183502065 23.570595205269186
      vertex 0 29.99165354742741 23.667334976685492
    endloop
  endfacet
  facet normal 0 -0.09801714032955904 -0.995184726672197
    outer loop
      vertex 0 29.99165354742741 23.667334976685492
      vertex 3 29.99165354742741 23.667334976685492
      vertex 0 29.659999999999997 23.7
    endloop
  endfacet
  facet normal 0 0.09801714032955904 -0.995184726672197
    outer loop
      vertex 0 29.659999999999997 23.7
      vertex 3 29.659999999999997 23.7
      vertex 0 29.328346452572582 23.667334976685492
    endloop
  endfacet
  facet normal 0 0.4713967368259974 -0.8819212643483552
    outer loop
      vertex 0 29.009438164979343 23.570595205269186
      vertex 3 29.009438164979343 23.570595205269186
      vertex 0 28.715530603866675 23.413498340914327
    endloop
  endfacet
  facet normal 0 0.2902846772544646 -0.9569403357322082
    outer loop
      vertex 0 29.328346452572582 23.667334976685492
      vertex 3 29.328346452572582 23.667334976685492
      vertex 0 29.009438164979343 23.570595205269186
    endloop
  endfacet
  facet normal 8.731497590027023e-19 -0.2902846772544646 -0.9569403357322082
    outer loop
      vertex 3 30.31056183502065 23.570595205269186
      vertex 3 29.99165354742741 23.667334976685492
      vertex 0 29.99165354742741 23.667334976685492
    endloop
  endfacet
  facet normal 0 -0.09801714032955904 -0.995184726672197
    outer loop
      vertex 0 29.659999999999997 23.7
      vertex 3 29.99165354742741 23.667334976685492
      vertex 3 29.659999999999997 23.7
    endloop
  endfacet
  facet normal 0 0.09801714032955904 -0.995184726672197
    outer loop
      vertex 0 29.328346452572582 23.667334976685492
      vertex 3 29.659999999999997 23.7
      vertex 3 29.328346452572582 23.667334976685492
    endloop
  endfacet
  facet normal 0 0.2902846772544646 -0.9569403357322082
    outer loop
      vertex 0 29.009438164979343 23.570595205269186
      vertex 3 29.328346452572582 23.667334976685492
      vertex 3 29.009438164979343 23.570595205269186
    endloop
  endfacet
  facet normal 2.65121445124962e-19 0.6343932841636378 -0.7730104533627432
    outer loop
      vertex 0 28.457918471982865 23.202081528017132
      vertex 0 28.715530603866675 23.413498340914327
      vertex 3 28.715530603866675 23.413498340914327
    endloop
  endfacet
  facet normal -2.1501344282353647e-18 0.7730104533627337 -0.6343932841636495
    outer loop
      vertex 0 28.246501659085666 22.944469396133325
      vertex 0 28.457918471982865 23.202081528017132
      vertex 3 28.457918471982865 23.202081528017132
    endloop
  endfacet
  facet normal 4.33001067365093e-19 0.9569403357322103 -0.2902846772544578
    outer loop
      vertex 0 27.99266502331451 22.33165354742742
      vertex 0 28.08940479473081 22.650561835020653
      vertex 3 28.08940479473081 22.650561835020653
    endloop
  endfacet
  facet normal 0 0.8819212643483619 -0.4713967368259847
    outer loop
      vertex 0 28.246501659085666 22.944469396133325
      vertex 3 28.246501659085666 22.944469396133325
      vertex 0 28.08940479473081 22.650561835020653
    endloop
  endfacet
  facet normal 0 0.7730104533627337 -0.6343932841636495
    outer loop
      vertex 0 28.246501659085666 22.944469396133325
      vertex 3 28.457918471982865 23.202081528017132
      vertex 3 28.246501659085666 22.944469396133325
    endloop
  endfacet
  facet normal 0 0.6343932841636378 -0.7730104533627432
    outer loop
      vertex 0 28.457918471982865 23.202081528017132
      vertex 3 28.715530603866675 23.413498340914327
      vertex 3 28.457918471982865 23.202081528017132
    endloop
  endfacet
  facet normal 0 0.9569403357322103 -0.2902846772544578
    outer loop
      vertex 0 27.99266502331451 22.33165354742742
      vertex 3 28.08940479473081 22.650561835020653
      vertex 3 27.99266502331451 22.33165354742742
    endloop
  endfacet
  facet normal 0 0.8819212643483619 -0.4713967368259847
    outer loop
      vertex 0 28.08940479473081 22.650561835020653
      vertex 3 28.246501659085666 22.944469396133325
      vertex 3 28.08940479473081 22.650561835020653
    endloop
  endfacet
  facet normal 0 0.4713967368259974 -0.8819212643483552
    outer loop
      vertex 0 28.715530603866675 23.413498340914327
      vertex 3 29.009438164979343 23.570595205269186
      vertex 3 28.715530603866675 23.413498340914327
    endloop
  endfacet
  facet normal 0 -0.7730104533627428 0.6343932841636385
    outer loop
      vertex 3 31.92274169979695 19.737258300203045
      vertex 6 31.92274169979695 19.737258300203045
      vertex 3 32.32070275936814 20.222175254337273
    endloop
  endfacet
  facet normal 0 -0.6343932841636418 0.77301045336274
    outer loop
      vertex 3 31.92274169979695 19.737258300203045
      vertex 6 31.437824745662724 19.339297240631854
      vertex 6 31.92274169979695 19.737258300203045
    endloop
  endfacet
  facet normal 0 -0.7730104533627428 0.6343932841636385
    outer loop
      vertex 3 32.32070275936814 20.222175254337273
      vertex 6 31.92274169979695 19.737258300203045
      vertex 6 32.32070275936814 20.222175254337273
    endloop
  endfacet
  facet normal 0 -0.4713967368259969 0.8819212643483554
    outer loop
      vertex 3 30.884586983568283 19.04358549596388
      vertex 6 30.884586983568283 19.04358549596388
      vertex 3 31.437824745662724 19.339297240631854
    endloop
  endfacet
  facet normal 2.566716764296727e-18 -0.290284677254462 0.956940335732209
    outer loop
      vertex 3 30.884586983568283 19.04358549596388
      vertex 3 30.28428903045161 18.861487102709663
      vertex 6 30.28428903045161 18.861487102709663
    endloop
  endfacet
  facet normal -3.9123388910637885e-18 -0.6343932841636418 0.77301045336274
    outer loop
      vertex 3 31.92274169979695 19.737258300203045
      vertex 3 31.437824745662724 19.339297240631854
      vertex 6 31.437824745662724 19.339297240631854
    endloop
  endfacet
  facet normal 1 0 0
    outer loop
      vertex 3 32.32070275936814 20.222175254337273
      vertex 3 29.99165354742741 20.332665023314508
      vertex 3 29.659999999999997 20.3
    endloop
  endfacet
  facet normal 1 0 0
    outer loop
      vertex 3 31.92274169979695 19.737258300203045
      vertex 3 32.32070275936814 20.222175254337273
      vertex 3 26.999297240631854 20.222175254337273
    endloop
  endfacet
  facet normal 0 -0.4713967368259969 0.8819212643483554
    outer loop
      vertex 3 31.437824745662724 19.339297240631854
      vertex 6 30.884586983568283 19.04358549596388
      vertex 6 31.437824745662724 19.339297240631854
    endloop
  endfacet
  facet normal 0 -0.290284677254462 0.956940335732209
    outer loop
      vertex 3 30.884586983568283 19.04358549596388
      vertex 6 30.28428903045161 18.861487102709663
      vertex 6 30.884586983568283 19.04358549596388
    endloop
  endfacet
  facet normal 1 0 0
    outer loop
      vertex 3 30.884586983568283 19.04358549596388
      vertex 3 31.437824745662724 19.339297240631854
      vertex 3 27.88217525433727 19.339297240631854
    endloop
  endfacet
  facet normal 1 0 0
    outer loop
      vertex 3 30.884586983568283 19.04358549596388
      vertex 3 28.43541301643171 19.04358549596388
      vertex 3 30.28428903045161 18.861487102709663
    endloop
  endfacet
  facet normal 1 0 0
    outer loop
      vertex 3 30.28428903045161 18.861487102709663
      vertex 3 29.035710969548383 18.861487102709663
      vertex 3 29.659999999999997 18.8
    endloop
  endfacet
  facet normal 4.056075034287462e-19 -0.09801714032956017 0.9951847266721969
    outer loop
      vertex 3 30.28428903045161 18.861487102709663
      vertex 3 29.659999999999997 18.8
      vertex 6 29.659999999999997 18.8
    endloop
  endfacet
  facet normal 1 0 0
    outer loop
      vertex 3 30.28428903045161 18.861487102709663
      vertex 3 28.43541301643171 19.04358549596388
      vertex 3 29.035710969548383 18.861487102709663
    endloop
  endfacet
  facet normal 1 0 0
    outer loop
      vertex 3 30.884586983568283 19.04358549596388
      vertex 3 27.88217525433727 19.339297240631854
      vertex 3 28.43541301643171 19.04358549596388
    endloop
  endfacet
  facet normal -4.056075034287462e-19 0.09801714032956017 0.9951847266721969
    outer loop
      vertex 3 29.659999999999997 18.8
      vertex 3 29.035710969548383 18.861487102709663
      vertex 6 29.035710969548383 18.861487102709663
    endloop
  endfacet
  facet normal 1 0 0
    outer loop
      vertex 3 31.92274169979695 19.737258300203045
      vertex 3 27.397258300203042 19.737258300203045
      vertex 3 31.437824745662724 19.339297240631854
    endloop
  endfacet
  facet normal 1 0 0
    outer loop
      vertex 3 32.32070275936814 20.222175254337273
      vertex 3 29.659999999999997 20.3
      vertex 3 26.999297240631854 20.222175254337273
    endloop
  endfacet
  facet normal 0 -0.09801714032956017 0.9951847266721969
    outer loop
      vertex 3 30.28428903045161 18.861487102709663
      vertex 6 29.659999999999997 18.8
      vertex 6 30.28428903045161 18.861487102709663
    endloop
  endfacet
  facet normal 0 0.09801714032956017 0.9951847266721969
    outer loop
      vertex 3 29.659999999999997 18.8
      vertex 6 29.035710969548383 18.861487102709663
      vertex 6 29.659999999999997 18.8
    endloop
  endfacet
  facet normal -2.566716764296727e-18 0.290284677254462 0.956940335732209
    outer loop
      vertex 3 29.035710969548383 18.861487102709663
      vertex 3 28.43541301643171 19.04358549596388
      vertex 6 28.43541301643171 19.04358549596388
    endloop
  endfacet
  facet normal -6.387069150943919e-18 0.4713967368259969 0.8819212643483554
    outer loop
      vertex 3 28.43541301643171 19.04358549596388
      vertex 3 27.88217525433727 19.339297240631854
      vertex 6 27.88217525433727 19.339297240631854
    endloop
  endfacet
  facet normal 1 0 0
    outer loop
      vertex 3 31.437824745662724 19.339297240631854
      vertex 3 27.397258300203042 19.737258300203045
      vertex 3 27.88217525433727 19.339297240631854
    endloop
  endfacet
  facet normal 1 0 0
    outer loop
      vertex 3 31.92274169979695 19.737258300203045
      vertex 3 26.999297240631854 20.222175254337273
      vertex 3 27.397258300203042 19.737258300203045
    endloop
  endfacet
  facet normal 1 0 0
    outer loop
      vertex 3 29.659999999999997 20.3
      vertex 3 29.328346452572582 20.332665023314508
      vertex 3 26.999297240631854 20.222175254337273
    endloop
  endfacet
  facet normal 3.9123388910637885e-18 0.6343932841636418 0.77301045336274
    outer loop
      vertex 3 27.88217525433727 19.339297240631854
      vertex 3 27.397258300203042 19.737258300203045
      vertex 6 27.397258300203042 19.737258300203045
    endloop
  endfacet
  facet normal 0 0.290284677254462 0.956940335732209
    outer loop
      vertex 3 29.035710969548383 18.861487102709663
      vertex 6 28.43541301643171 19.04358549596388
      vertex 6 29.035710969548383 18.861487102709663
    endloop
  endfacet
  facet normal 0 0.4713967368259969 0.8819212643483554
    outer loop
      vertex 3 28.43541301643171 19.04358549596388
      vertex 6 27.88217525433727 19.339297240631854
      vertex 6 28.43541301643171 19.04358549596388
    endloop
  endfacet
  facet normal 0 0.6343932841636418 0.77301045336274
    outer loop
      vertex 3 27.88217525433727 19.339297240631854
      vertex 6 27.397258300203042 19.737258300203045
      vertex 6 27.88217525433727 19.339297240631854
    endloop
  endfacet
  facet normal 0 -0.8819212643483532 0.47139673682600136
    outer loop
      vertex 3 32.32070275936814 20.222175254337273
      vertex 6 32.32070275936814 20.222175254337273
      vertex 3 32.616414504036115 20.775413016431713
    endloop
  endfacet
  facet normal 0 -0.9569403357322079 0.2902846772544656
    outer loop
      vertex 3 32.616414504036115 20.775413016431713
      vertex 6 32.616414504036115 20.775413016431713
      vertex 3 32.79851289729034 21.37571096954839
    endloop
  endfacet
  facet normal 1 0 0
    outer loop
      vertex 3 32.32070275936814 20.222175254337273
      vertex 3 32.616414504036115 20.775413016431713
      vertex 3 30.86208152801713 20.797918471982868
    endloop
  endfacet
  facet normal 1 0 0
    outer loop
      vertex 3 32.616414504036115 20.775413016431713
      vertex 3 32.79851289729034 21.37571096954839
      vertex 3 31.327334976685485 21.66834645257258
    endloop
  endfacet
  facet normal 1 0 0
    outer loop
      vertex 3 32.616414504036115 20.775413016431713
      vertex 3 31.327334976685485 21.66834645257258
      vertex 3 31.230595205269182 21.349438164979347
    endloop
  endfacet
  facet normal 0 -0.9951847266721969 0.09801714032956073
    outer loop
      vertex 3 32.79851289729034 21.37571096954839
      vertex 6 32.79851289729034 21.37571096954839
      vertex 3 32.86 22
    endloop
  endfacet
  facet normal 0 -0.9951847266721969 -0.09801714032956073
    outer loop
      vertex 3 32.86 22
      vertex 6 32.86 22
      vertex 3 32.79851289729034 22.62428903045161
    endloop
  endfacet
  facet normal 1 0 0
    outer loop
      vertex 3 32.79851289729034 21.37571096954839
      vertex 3 32.86 22
      vertex 3 31.36 22
    endloop
  endfacet
  facet normal 1 0 0
    outer loop
      vertex 3 32.79851289729034 21.37571096954839
      vertex 3 31.36 22
      vertex 3 31.327334976685485 21.66834645257258
    endloop
  endfacet
  facet normal 1 0 0
    outer loop
      vertex 3 32.86 22
      vertex 3 32.79851289729034 22.62428903045161
      vertex 3 31.327334976685485 22.33165354742742
    endloop
  endfacet
  facet normal 1 0 0
    outer loop
      vertex 3 32.86 22
      vertex 3 31.327334976685485 22.33165354742742
      vertex 3 31.36 22
    endloop
  endfacet
  facet normal 0 -0.8819212643483532 0.47139673682600136
    outer loop
      vertex 3 32.616414504036115 20.775413016431713
      vertex 6 32.32070275936814 20.222175254337273
      vertex 6 32.616414504036115 20.775413016431713
    endloop
  endfacet
  facet normal 0 -0.9569403357322079 0.2902846772544656
    outer loop
      vertex 3 32.79851289729034 21.37571096954839
      vertex 6 32.616414504036115 20.775413016431713
      vertex 6 32.79851289729034 21.37571096954839
    endloop
  endfacet
  facet normal 0 -0.9951847266721969 0.09801714032956073
    outer loop
      vertex 3 32.86 22
      vertex 6 32.79851289729034 21.37571096954839
      vertex 6 32.86 22
    endloop
  endfacet
  facet normal 1 0 0
    outer loop
      vertex 3 32.32070275936814 20.222175254337273
      vertex 3 30.86208152801713 20.797918471982868
      vertex 3 30.604469396133318 20.586501659085673
    endloop
  endfacet
  facet normal 1 0 0
    outer loop
      vertex 3 32.32070275936814 20.222175254337273
      vertex 3 30.604469396133318 20.586501659085673
      vertex 3 30.31056183502065 20.429404794730814
    endloop
  endfacet
  facet normal 1 0 0
    outer loop
      vertex 3 32.616414504036115 20.775413016431713
      vertex 3 31.073498340914327 21.055530603866675
      vertex 3 30.86208152801713 20.797918471982868
    endloop
  endfacet
  facet normal 1 0 0
    outer loop
      vertex 3 32.616414504036115 20.775413016431713
      vertex 3 31.230595205269182 21.349438164979347
      vertex 3 31.073498340914327 21.055530603866675
    endloop
  endfacet
  facet normal 1 0 0
    outer loop
      vertex 3 32.32070275936814 20.222175254337273
      vertex 3 30.31056183502065 20.429404794730814
      vertex 3 29.99165354742741 20.332665023314508
    endloop
  endfacet
  facet normal 0 -0.9569403357322079 -0.2902846772544656
    outer loop
      vertex 3 32.79851289729034 22.62428903045161
      vertex 6 32.79851289729034 22.62428903045161
      vertex 3 32.616414504036115 23.224586983568287
    endloop
  endfacet
  facet normal 1 0 0
    outer loop
      vertex 3 31.327334976685485 22.33165354742742
      vertex 3 32.79851289729034 22.62428903045161
      vertex 3 31.230595205269182 22.650561835020653
    endloop
  endfacet
  facet normal 1 0 0
    outer loop
      vertex 3 32.79851289729034 22.62428903045161
      vertex 3 31.073498340914327 22.944469396133325
      vertex 3 31.230595205269182 22.650561835020653
    endloop
  endfacet
  facet normal 1 0 0
    outer loop
      vertex 3 32.79851289729034 22.62428903045161
      vertex 3 32.616414504036115 23.224586983568287
      vertex 3 31.073498340914327 22.944469396133325
    endloop
  endfacet
  facet normal 0 -0.8819212643483532 -0.47139673682600136
    outer loop
      vertex 3 32.616414504036115 23.224586983568287
      vertex 6 32.616414504036115 23.224586983568287
      vertex 3 32.32070275936814 23.777824745662727
    endloop
  endfacet
  facet normal 1 0 0
    outer loop
      vertex 3 32.616414504036115 23.224586983568287
      vertex 3 32.32070275936814 23.777824745662727
      vertex 3 30.31056183502065 23.570595205269186
    endloop
  endfacet
  facet normal 0 -0.7730104533627404 -0.6343932841636412
    outer loop
      vertex 3 32.32070275936814 23.777824745662727
      vertex 6 32.32070275936814 23.777824745662727
      vertex 3 31.92274169979695 24.26274169979695
    endloop
  endfacet
  facet normal 0 -0.9951847266721969 -0.09801714032956073
    outer loop
      vertex 3 32.79851289729034 22.62428903045161
      vertex 6 32.86 22
      vertex 6 32.79851289729034 22.62428903045161
    endloop
  endfacet
  facet normal 0 -0.9569403357322079 -0.2902846772544656
    outer loop
      vertex 3 32.616414504036115 23.224586983568287
      vertex 6 32.79851289729034 22.62428903045161
      vertex 6 32.616414504036115 23.224586983568287
    endloop
  endfacet
  facet normal 0 -0.8819212643483532 -0.47139673682600136
    outer loop
      vertex 3 32.32070275936814 23.777824745662727
      vertex 6 32.616414504036115 23.224586983568287
      vertex 6 32.32070275936814 23.777824745662727
    endloop
  endfacet
  facet normal 0 -0.7730104533627404 -0.6343932841636412
    outer loop
      vertex 3 31.92274169979695 24.26274169979695
      vertex 6 32.32070275936814 23.777824745662727
      vertex 6 31.92274169979695 24.26274169979695
    endloop
  endfacet
  facet normal 1 0 0
    outer loop
      vertex 3 32.616414504036115 23.224586983568287
      vertex 3 30.86208152801713 23.202081528017132
      vertex 3 31.073498340914327 22.944469396133325
    endloop
  endfacet
  facet normal 1 0 0
    outer loop
      vertex 3 32.616414504036115 23.224586983568287
      vertex 3 30.604469396133318 23.413498340914327
      vertex 3 30.86208152801713 23.202081528017132
    endloop
  endfacet
  facet normal 1 0 0
    outer loop
      vertex 3 32.616414504036115 23.224586983568287
      vertex 3 30.31056183502065 23.570595205269186
      vertex 3 30.604469396133318 23.413498340914327
    endloop
  endfacet
  facet normal 1 0 0
    outer loop
      vertex 3 32.32070275936814 23.777824745662727
      vertex 3 29.99165354742741 23.667334976685492
      vertex 3 30.31056183502065 23.570595205269186
    endloop
  endfacet
  facet normal 1 0 0
    outer loop
      vertex 3 32.32070275936814 23.777824745662727
      vertex 3 29.659999999999997 23.7
      vertex 3 29.99165354742741 23.667334976685492
    endloop
  endfacet
  facet normal 1 0 0
    outer loop
      vertex 3 32.32070275936814 23.777824745662727
      vertex 3 31.92274169979695 24.26274169979695
      vertex 3 27.397258300203042 24.26274169979695
    endloop
  endfacet
  facet normal 1 0 0
    outer loop
      vertex 3 29.328346452572582 20.332665023314508
      vertex 3 29.009438164979343 20.429404794730814
      vertex 3 26.999297240631854 20.222175254337273
    endloop
  endfacet
  facet normal 1 0 0
    outer loop
      vertex 3 29.009438164979343 20.429404794730814
      vertex 3 28.715530603866675 20.586501659085673
      vertex 3 26.70358549596388 20.775413016431713
    endloop
  endfacet
  facet normal 1 0 0
    outer loop
      vertex 3 28.715530603866675 20.586501659085673
      vertex 3 28.457918471982865 20.797918471982868
      vertex 3 26.70358549596388 20.775413016431713
    endloop
  endfacet
  facet normal 1 0 0
    outer loop
      vertex 3 29.009438164979343 20.429404794730814
      vertex 3 26.70358549596388 20.775413016431713
      vertex 3 26.999297240631854 20.222175254337273
    endloop
  endfacet
  facet normal 1 0 0
    outer loop
      vertex 3 28.457918471982865 20.797918471982868
      vertex 3 28.246501659085666 21.055530603866675
      vertex 3 26.70358549596388 20.775413016431713
    endloop
  endfacet
  facet normal 1 0 0
    outer loop
      vertex 3 28.246501659085666 21.055530603866675
      vertex 3 28.08940479473081 21.349438164979347
      vertex 3 26.521487102709656 21.37571096954839
    endloop
  endfacet
  facet normal 1 0 0
    outer loop
      vertex 3 28.08940479473081 21.349438164979347
      vertex 3 27.99266502331451 21.66834645257258
      vertex 3 26.521487102709656 21.37571096954839
    endloop
  endfacet
  facet normal 1 0 0
    outer loop
      vertex 3 32.32070275936814 23.777824745662727
      vertex 3 26.999297240631854 23.777824745662727
      vertex 3 29.659999999999997 23.7
    endloop
  endfacet
  facet normal 1 0 0
    outer loop
      vertex 3 27.99266502331451 22.33165354742742
      vertex 3 28.08940479473081 22.650561835020653
      vertex 3 26.70358549596388 23.224586983568287
    endloop
  endfacet
  facet normal 1 0 0
    outer loop
      vertex 3 28.246501659085666 22.944469396133325
      vertex 3 26.70358549596388 23.224586983568287
      vertex 3 28.08940479473081 22.650561835020653
    endloop
  endfacet
  facet normal 1 0 0
    outer loop
      vertex 3 28.246501659085666 22.944469396133325
      vertex 3 28.457918471982865 23.202081528017132
      vertex 3 26.70358549596388 23.224586983568287
    endloop
  endfacet
  facet normal 1 0 0
    outer loop
      vertex 3 29.659999999999997 23.7
      vertex 3 26.999297240631854 23.777824745662727
      vertex 3 29.328346452572582 23.667334976685492
    endloop
  endfacet
  facet normal 1 0 0
    outer loop
      vertex 3 29.009438164979343 23.570595205269186
      vertex 3 26.999297240631854 23.777824745662727
      vertex 3 28.715530603866675 23.413498340914327
    endloop
  endfacet
  facet normal 1 0 0
    outer loop
      vertex 3 29.328346452572582 23.667334976685492
      vertex 3 26.999297240631854 23.777824745662727
      vertex 3 29.009438164979343 23.570595205269186
    endloop
  endfacet
  facet normal 1 0 0
    outer loop
      vertex 3 32.32070275936814 23.777824745662727
      vertex 3 27.397258300203042 24.26274169979695
      vertex 3 26.999297240631854 23.777824745662727
    endloop
  endfacet
  facet normal 1 0 0
    outer loop
      vertex 3 28.457918471982865 23.202081528017132
      vertex 3 28.715530603866675 23.413498340914327
      vertex 3 26.999297240631854 23.777824745662727
    endloop
  endfacet
  facet normal 4.9354421906285446e-18 0.7730104533627428 0.6343932841636385
    outer loop
      vertex 3 27.397258300203042 19.737258300203045
      vertex 3 26.999297240631854 20.222175254337273
      vertex 6 26.999297240631854 20.222175254337273
    endloop
  endfacet
  facet normal 0 0.7730104533627428 0.6343932841636385
    outer loop
      vertex 3 27.397258300203042 19.737258300203045
      vertex 6 26.999297240631854 20.222175254337273
      vertex 6 27.397258300203042 19.737258300203045
    endloop
  endfacet
  facet normal 1 0 0
    outer loop
      vertex 3 28.246501659085666 21.055530603866675
      vertex 3 26.521487102709656 21.37571096954839
      vertex 3 26.70358549596388 20.775413016431713
    endloop
  endfacet
  facet normal -3.650247820489784e-18 0.8819212643483532 0.47139673682600136
    outer loop
      vertex 3 26.999297240631854 20.222175254337273
      vertex 3 26.70358549596388 20.775413016431713
      vertex 6 26.70358549596388 20.775413016431713
    endloop
  endfacet
  facet normal 2.643440942944734e-18 0.9569403357322079 0.2902846772544656
    outer loop
      vertex 3 26.70358549596388 20.775413016431713
      vertex 3 26.521487102709656 21.37571096954839
      vertex 6 26.521487102709656 21.37571096954839
    endloop
  endfacet
  facet normal 1 0 0
    outer loop
      vertex 3 27.99266502331451 21.66834645257258
      vertex 3 26.459999999999994 22
      vertex 3 26.521487102709656 21.37571096954839
    endloop
  endfacet
  facet normal 1 0 0
    outer loop
      vertex 3 27.99266502331451 21.66834645257258
      vertex 3 27.959999999999994 22
      vertex 3 26.459999999999994 22
    endloop
  endfacet
  facet normal 1 0 0
    outer loop
      vertex 3 27.959999999999994 22
      vertex 3 27.99266502331451 22.33165354742742
      vertex 3 26.521487102709656 22.62428903045161
    endloop
  endfacet
  facet normal 1 0 0
    outer loop
      vertex 3 27.959999999999994 22
      vertex 3 26.521487102709656 22.62428903045161
      vertex 3 26.459999999999994 22
    endloop
  endfacet
  facet normal 1.3693583310301829e-18 0.9951847266721969 0.09801714032956073
    outer loop
      vertex 3 26.521487102709656 21.37571096954839
      vertex 3 26.459999999999994 22
      vertex 6 26.459999999999994 22
    endloop
  endfacet
  facet normal 0 0.8819212643483532 0.47139673682600136
    outer loop
      vertex 3 26.999297240631854 20.222175254337273
      vertex 6 26.70358549596388 20.775413016431713
      vertex 6 26.999297240631854 20.222175254337273
    endloop
  endfacet
  facet normal 0 0.9569403357322079 0.2902846772544656
    outer loop
      vertex 3 26.70358549596388 20.775413016431713
      vertex 6 26.521487102709656 21.37571096954839
      vertex 6 26.70358549596388 20.775413016431713
    endloop
  endfacet
  facet normal 0 0.9951847266721969 0.09801714032956073
    outer loop
      vertex 3 26.521487102709656 21.37571096954839
      vertex 6 26.459999999999994 22
      vertex 6 26.521487102709656 21.37571096954839
    endloop
  endfacet
  facet normal 0 0.9951847266721969 -0.09801714032956073
    outer loop
      vertex 3 26.459999999999994 22
      vertex 6 26.521487102709656 22.62428903045161
      vertex 6 26.459999999999994 22
    endloop
  endfacet
  facet normal 1 0 0
    outer loop
      vertex 3 27.99266502331451 22.33165354742742
      vertex 3 26.70358549596388 23.224586983568287
      vertex 3 26.521487102709656 22.62428903045161
    endloop
  endfacet
  facet normal -1.3693583310301829e-18 0.9951847266721969 -0.09801714032956073
    outer loop
      vertex 3 26.459999999999994 22
      vertex 3 26.521487102709656 22.62428903045161
      vertex 6 26.521487102709656 22.62428903045161
    endloop
  endfacet
  facet normal -2.643440942944734e-18 0.9569403357322079 -0.2902846772544656
    outer loop
      vertex 3 26.521487102709656 22.62428903045161
      vertex 3 26.70358549596388 23.224586983568287
      vertex 6 26.70358549596388 23.224586983568287
    endloop
  endfacet
  facet normal 1 0 0
    outer loop
      vertex 3 28.457918471982865 23.202081528017132
      vertex 3 26.999297240631854 23.777824745662727
      vertex 3 26.70358549596388 23.224586983568287
    endloop
  endfacet
  facet normal 3.650247820489784e-18 0.8819212643483532 -0.47139673682600136
    outer loop
      vertex 3 26.70358549596388 23.224586983568287
      vertex 3 26.999297240631854 23.777824745662727
      vertex 6 26.999297240631854 23.777824745662727
    endloop
  endfacet
  facet normal -4.036015940363598e-18 0.7730104533627404 -0.6343932841636412
    outer loop
      vertex 3 26.999297240631854 23.777824745662727
      vertex 3 27.397258300203042 24.26274169979695
      vertex 6 27.397258300203042 24.26274169979695
    endloop
  endfacet
  facet normal 0 0.9569403357322079 -0.2902846772544656
    outer loop
      vertex 3 26.521487102709656 22.62428903045161
      vertex 6 26.70358549596388 23.224586983568287
      vertex 6 26.521487102709656 22.62428903045161
    endloop
  endfacet
  facet normal 0 0.7730104533627404 -0.6343932841636412
    outer loop
      vertex 3 26.999297240631854 23.777824745662727
      vertex 6 27.397258300203042 24.26274169979695
      vertex 6 26.999297240631854 23.777824745662727
    endloop
  endfacet
  facet normal 0 0.8819212643483532 -0.47139673682600136
    outer loop
      vertex 3 26.70358549596388 23.224586983568287
      vertex 6 26.999297240631854 23.777824745662727
      vertex 6 26.70358549596388 23.224586983568287
    endloop
  endfacet
  facet normal 0 -0.6343932841636453 -0.7730104533627372
    outer loop
      vertex 3 31.92274169979695 24.26274169979695
      vertex 6 31.92274169979695 24.26274169979695
      vertex 3 31.437824745662724 24.660702759368146
    endloop
  endfacet
  facet normal 0 -0.4713967368259969 -0.8819212643483554
    outer loop
      vertex 3 31.437824745662724 24.660702759368146
      vertex 6 31.437824745662724 24.660702759368146
      vertex 3 30.884586983568283 24.95641450403612
    endloop
  endfacet
  facet normal 1 0 0
    outer loop
      vertex 3 31.92274169979695 24.26274169979695
      vertex 3 31.437824745662724 24.660702759368146
      vertex 3 27.88217525433727 24.660702759368146
    endloop
  endfacet
  facet normal 0 -0.290284677254462 -0.956940335732209
    outer loop
      vertex 3 30.884586983568283 24.95641450403612
      vertex 6 30.884586983568283 24.95641450403612
      vertex 3 30.28428903045161 25.138512897290337
    endloop
  endfacet
  facet normal 2.8892355914990392e-18 -0.6343932841636453 -0.7730104533627372
    outer loop
      vertex 6 31.92274169979695 24.26274169979695
      vertex 6 31.437824745662724 24.660702759368146
      vertex 3 31.437824745662724 24.660702759368146
    endloop
  endfacet
  facet normal 0 -0.4713967368259969 -0.8819212643483554
    outer loop
      vertex 3 30.884586983568283 24.95641450403612
      vertex 6 31.437824745662724 24.660702759368146
      vertex 6 30.884586983568283 24.95641450403612
    endloop
  endfacet
  facet normal 0 -0.290284677254462 -0.956940335732209
    outer loop
      vertex 3 30.28428903045161 25.138512897290337
      vertex 6 30.884586983568283 24.95641450403612
      vertex 6 30.28428903045161 25.138512897290337
    endloop
  endfacet
  facet normal 1 0 0
    outer loop
      vertex 3 31.437824745662724 24.660702759368146
      vertex 3 30.884586983568283 24.95641450403612
      vertex 3 28.43541301643171 24.95641450403612
    endloop
  endfacet
  facet normal 1 0 0
    outer loop
      vertex 3 30.884586983568283 24.95641450403612
      vertex 3 30.28428903045161 25.138512897290337
      vertex 3 29.035710969548383 25.138512897290337
    endloop
  endfacet
  facet normal 1 0 0
    outer loop
      vertex 3 30.28428903045161 25.138512897290337
      vertex 3 29.659999999999997 25.2
      vertex 3 29.035710969548383 25.138512897290337
    endloop
  endfacet
  facet normal 0 -0.09801714032956017 -0.9951847266721969
    outer loop
      vertex 3 30.28428903045161 25.138512897290337
      vertex 6 30.28428903045161 25.138512897290337
      vertex 3 29.659999999999997 25.2
    endloop
  endfacet
  facet normal 1 0 0
    outer loop
      vertex 3 31.92274169979695 24.26274169979695
      vertex 3 27.88217525433727 24.660702759368146
      vertex 3 27.397258300203042 24.26274169979695
    endloop
  endfacet
  facet normal 1 0 0
    outer loop
      vertex 3 31.437824745662724 24.660702759368146
      vertex 3 28.43541301643171 24.95641450403612
      vertex 3 27.88217525433727 24.660702759368146
    endloop
  endfacet
  facet normal 1 0 0
    outer loop
      vertex 3 30.884586983568283 24.95641450403612
      vertex 3 29.035710969548383 25.138512897290337
      vertex 3 28.43541301643171 24.95641450403612
    endloop
  endfacet
  facet normal 0 0.09801714032956017 -0.9951847266721969
    outer loop
      vertex 3 29.659999999999997 25.2
      vertex 6 29.659999999999997 25.2
      vertex 3 29.035710969548383 25.138512897290337
    endloop
  endfacet
  facet normal 0 -0.09801714032956017 -0.9951847266721969
    outer loop
      vertex 3 29.659999999999997 25.2
      vertex 6 30.28428903045161 25.138512897290337
      vertex 6 29.659999999999997 25.2
    endloop
  endfacet
  facet normal 0 0.09801714032956017 -0.9951847266721969
    outer loop
      vertex 3 29.035710969548383 25.138512897290337
      vertex 6 29.659999999999997 25.2
      vertex 6 29.035710969548383 25.138512897290337
    endloop
  endfacet
  facet normal 0 0.4713967368259969 -0.8819212643483554
    outer loop
      vertex 3 28.43541301643171 24.95641450403612
      vertex 6 28.43541301643171 24.95641450403612
      vertex 3 27.88217525433727 24.660702759368146
    endloop
  endfacet
  facet normal 0 0.290284677254462 -0.956940335732209
    outer loop
      vertex 3 29.035710969548383 25.138512897290337
      vertex 6 29.035710969548383 25.138512897290337
      vertex 3 28.43541301643171 24.95641450403612
    endloop
  endfacet
  facet normal -2.8892355914990392e-18 0.6343932841636453 -0.7730104533627372
    outer loop
      vertex 3 27.397258300203042 24.26274169979695
      vertex 3 27.88217525433727 24.660702759368146
      vertex 6 27.88217525433727 24.660702759368146
    endloop
  endfacet
  facet normal 0 0.290284677254462 -0.956940335732209
    outer loop
      vertex 3 28.43541301643171 24.95641450403612
      vertex 6 29.035710969548383 25.138512897290337
      vertex 6 28.43541301643171 24.95641450403612
    endloop
  endfacet
  facet normal 0 0.4713967368259969 -0.8819212643483554
    outer loop
      vertex 3 27.88217525433727 24.660702759368146
      vertex 6 28.43541301643171 24.95641450403612
      vertex 6 27.88217525433727 24.660702759368146
    endloop
  endfacet
  facet normal 0 0.6343932841636453 -0.7730104533627372
    outer loop
      vertex 3 27.397258300203042 24.26274169979695
      vertex 6 27.88217525433727 24.660702759368146
      vertex 6 27.397258300203042 24.26274169979695
    endloop
  endfacet
  facet normal 0 -0.9951847266721973 0.09801714032955695
    outer loop
      vertex 0 75.7773349766855 68.66834645257258
      vertex 3 75.7773349766855 68.66834645257258
      vertex 0 75.81 69
    endloop
  endfacet
  facet normal 0 -0.9569403357322034 0.29028467725448026
    outer loop
      vertex 0 75.7773349766855 68.66834645257258
      vertex 3 75.68059520526919 68.34943816497935
      vertex 3 75.7773349766855 68.66834645257258
    endloop
  endfacet
  facet normal 0 -0.9951847266721973 0.09801714032955695
    outer loop
      vertex 0 75.81 69
      vertex 3 75.7773349766855 68.66834645257258
      vertex 3 75.81 69
    endloop
  endfacet
  facet normal 0 -0.7730104533627293 0.6343932841636547
    outer loop
      vertex 0 75.31208152801713 67.79791847198287
      vertex 3 75.31208152801713 67.79791847198287
      vertex 0 75.52349834091433 68.05553060386667
    endloop
  endfacet
  facet normal 0 -0.6343932841636547 0.7730104533627293
    outer loop
      vertex 0 75.05446939613333 67.58650165908567
      vertex 3 75.05446939613333 67.58650165908567
      vertex 0 75.31208152801713 67.79791847198287
    endloop
  endfacet
  facet normal 4.0639078997895458e-19 -0.4713967368259802 0.8819212643483643
    outer loop
      vertex 0 75.05446939613333 67.58650165908567
      vertex 0 74.76056183502065 67.42940479473081
      vertex 3 74.76056183502065 67.42940479473081
    endloop
  endfacet
  facet normal -2.1141659153107723e-19 -0.29028467725444124 0.9569403357322153
    outer loop
      vertex 0 74.76056183502065 67.42940479473081
      vertex 0 74.44165354742742 67.33266502331452
      vertex 3 74.44165354742742 67.33266502331452
    endloop
  endfacet
  facet normal 0 -0.8819212643483643 0.4713967368259802
    outer loop
      vertex 0 75.52349834091433 68.05553060386667
      vertex 3 75.52349834091433 68.05553060386667
      vertex 0 75.68059520526919 68.34943816497935
    endloop
  endfacet
  facet normal 6.50400672538169e-19 -0.9569403357322034 0.29028467725448026
    outer loop
      vertex 0 75.7773349766855 68.66834645257258
      vertex 0 75.68059520526919 68.34943816497935
      vertex 3 75.68059520526919 68.34943816497935
    endloop
  endfacet
  facet normal 0 -0.7730104533627293 0.6343932841636547
    outer loop
      vertex 0 75.52349834091433 68.05553060386667
      vertex 3 75.31208152801713 67.79791847198287
      vertex 3 75.52349834091433 68.05553060386667
    endloop
  endfacet
  facet normal 0 -0.6343932841636547 0.7730104533627293
    outer loop
      vertex 0 75.31208152801713 67.79791847198287
      vertex 3 75.05446939613333 67.58650165908567
      vertex 3 75.31208152801713 67.79791847198287
    endloop
  endfacet
  facet normal 0 -0.4713967368259802 0.8819212643483643
    outer loop
      vertex 0 75.05446939613333 67.58650165908567
      vertex 3 74.76056183502065 67.42940479473081
      vertex 3 75.05446939613333 67.58650165908567
    endloop
  endfacet
  facet normal 0 -0.29028467725444124 0.9569403357322153
    outer loop
      vertex 0 74.76056183502065 67.42940479473081
      vertex 3 74.44165354742742 67.33266502331452
      vertex 3 74.76056183502065 67.42940479473081
    endloop
  endfacet
  facet normal 0 -0.8819212643483643 0.4713967368259802
    outer loop
      vertex 0 75.68059520526919 68.34943816497935
      vertex 3 75.52349834091433 68.05553060386667
      vertex 3 75.68059520526919 68.34943816497935
    endloop
  endfacet
  facet normal 2.5420647577178803e-19 -0.0980171403295992 0.9951847266721932
    outer loop
      vertex 0 74.44165354742742 67.33266502331452
      vertex 0 74.11 67.3
      vertex 3 74.11 67.3
    endloop
  endfacet
  facet normal -2.5420647577178803e-19 0.0980171403295992 0.9951847266721932
    outer loop
      vertex 0 74.11 67.3
      vertex 0 73.77834645257258 67.33266502331452
      vertex 3 73.77834645257258 67.33266502331452
    endloop
  endfacet
  facet normal 2.1141659153107723e-19 0.29028467725444124 0.9569403357322153
    outer loop
      vertex 0 73.77834645257258 67.33266502331452
      vertex 0 73.45943816497935 67.42940479473081
      vertex 3 73.45943816497935 67.42940479473081
    endloop
  endfacet
  facet normal -4.0639078997895458e-19 0.4713967368259802 0.8819212643483643
    outer loop
      vertex 0 73.45943816497935 67.42940479473081
      vertex 0 73.16553060386667 67.58650165908567
      vertex 3 73.16553060386667 67.58650165908567
    endloop
  endfacet
  facet normal -3.0870772451920244e-18 0.6343932841636547 0.7730104533627293
    outer loop
      vertex 0 73.16553060386667 67.58650165908567
      vertex 0 72.90791847198287 67.79791847198287
      vertex 3 72.90791847198287 67.79791847198287
    endloop
  endfacet
  facet normal 0 -0.0980171403295992 0.9951847266721932
    outer loop
      vertex 0 74.44165354742742 67.33266502331452
      vertex 3 74.11 67.3
      vertex 3 74.44165354742742 67.33266502331452
    endloop
  endfacet
  facet normal 0 0.0980171403295992 0.9951847266721932
    outer loop
      vertex 0 74.11 67.3
      vertex 3 73.77834645257258 67.33266502331452
      vertex 3 74.11 67.3
    endloop
  endfacet
  facet normal 0 0.29028467725444124 0.9569403357322153
    outer loop
      vertex 0 73.77834645257258 67.33266502331452
      vertex 3 73.45943816497935 67.42940479473081
      vertex 3 73.77834645257258 67.33266502331452
    endloop
  endfacet
  facet normal 0 0.4713967368259802 0.8819212643483643
    outer loop
      vertex 0 73.45943816497935 67.42940479473081
      vertex 3 73.16553060386667 67.58650165908567
      vertex 3 73.45943816497935 67.42940479473081
    endloop
  endfacet
  facet normal 0 0.6343932841636547 0.7730104533627293
    outer loop
      vertex 0 73.16553060386667 67.58650165908567
      vertex 3 72.90791847198287 67.79791847198287
      vertex 3 73.16553060386667 67.58650165908567
    endloop
  endfacet
  facet normal -3.0870772451920244e-18 0.7730104533627293 0.6343932841636547
    outer loop
      vertex 0 72.90791847198287 67.79791847198287
      vertex 0 72.69650165908567 68.05553060386667
      vertex 3 72.69650165908567 68.05553060386667
    endloop
  endfacet
  facet normal -4.0639078997895458e-19 0.8819212643483643 0.4713967368259802
    outer loop
      vertex 0 72.69650165908567 68.05553060386667
      vertex 0 72.53940479473081 68.34943816497935
      vertex 3 72.53940479473081 68.34943816497935
    endloop
  endfacet
  facet normal -6.50400672538169e-19 0.9569403357322034 0.29028467725448026
    outer loop
      vertex 0 72.53940479473081 68.34943816497935
      vertex 0 72.4426650233145 68.66834645257258
      vertex 3 72.4426650233145 68.66834645257258
    endloop
  endfacet
  facet normal -4.175492119695351e-19 0.9951847266721973 0.09801714032955695
    outer loop
      vertex 0 72.4426650233145 68.66834645257258
      vertex 0 72.41 69
      vertex 3 72.41 69
    endloop
  endfacet
  facet normal 0 0.7730104533627293 0.6343932841636547
    outer loop
      vertex 0 72.90791847198287 67.79791847198287
      vertex 3 72.69650165908567 68.05553060386667
      vertex 3 72.90791847198287 67.79791847198287
    endloop
  endfacet
  facet normal 0 0.8819212643483643 0.4713967368259802
    outer loop
      vertex 0 72.69650165908567 68.05553060386667
      vertex 3 72.53940479473081 68.34943816497935
      vertex 3 72.69650165908567 68.05553060386667
    endloop
  endfacet
  facet normal 0 0.9569403357322034 0.29028467725448026
    outer loop
      vertex 0 72.53940479473081 68.34943816497935
      vertex 3 72.4426650233145 68.66834645257258
      vertex 3 72.53940479473081 68.34943816497935
    endloop
  endfacet
  facet normal 0 0.9951847266721973 0.09801714032955695
    outer loop
      vertex 0 72.4426650233145 68.66834645257258
      vertex 3 72.41 69
      vertex 3 72.4426650233145 68.66834645257258
    endloop
  endfacet
  facet normal 0 -0.9951847266721973 -0.09801714032955695
    outer loop
      vertex 0 75.81 69
      vertex 3 75.81 69
      vertex 0 75.7773349766855 69.33165354742742
    endloop
  endfacet
  facet normal 0 -0.9569403357322034 -0.29028467725448026
    outer loop
      vertex 0 75.7773349766855 69.33165354742742
      vertex 3 75.7773349766855 69.33165354742742
      vertex 0 75.68059520526919 69.65056183502065
    endloop
  endfacet
  facet normal -4.175492119695351e-19 -0.9951847266721973 -0.09801714032955695
    outer loop
      vertex 3 75.81 69
      vertex 3 75.7773349766855 69.33165354742742
      vertex 0 75.7773349766855 69.33165354742742
    endloop
  endfacet
  facet normal 0 -0.8819212643483643 -0.4713967368259802
    outer loop
      vertex 0 75.68059520526919 69.65056183502065
      vertex 3 75.68059520526919 69.65056183502065
      vertex 0 75.52349834091433 69.94446939613333
    endloop
  endfacet
  facet normal 0 -0.7730104533627293 -0.6343932841636547
    outer loop
      vertex 0 75.52349834091433 69.94446939613333
      vertex 3 75.52349834091433 69.94446939613333
      vertex 0 75.31208152801713 70.20208152801713
    endloop
  endfacet
  facet normal 0 -0.6343932841636547 -0.7730104533627293
    outer loop
      vertex 0 75.31208152801713 70.20208152801713
      vertex 3 75.31208152801713 70.20208152801713
      vertex 0 75.05446939613333 70.41349834091433
    endloop
  endfacet
  facet normal 0 -0.4713967368259802 -0.8819212643483643
    outer loop
      vertex 0 75.05446939613333 70.41349834091433
      vertex 3 75.05446939613333 70.41349834091433
      vertex 0 74.76056183502065 70.57059520526919
    endloop
  endfacet
  facet normal 0 -0.29028467725448026 -0.9569403357322034
    outer loop
      vertex 0 74.76056183502065 70.57059520526919
      vertex 3 74.76056183502065 70.57059520526919
      vertex 0 74.44165354742742 70.6673349766855
    endloop
  endfacet
  facet normal 0 -0.9569403357322034 -0.29028467725448026
    outer loop
      vertex 0 75.68059520526919 69.65056183502065
      vertex 3 75.7773349766855 69.33165354742742
      vertex 3 75.68059520526919 69.65056183502065
    endloop
  endfacet
  facet normal 0 -0.8819212643483643 -0.4713967368259802
    outer loop
      vertex 0 75.52349834091433 69.94446939613333
      vertex 3 75.68059520526919 69.65056183502065
      vertex 3 75.52349834091433 69.94446939613333
    endloop
  endfacet
  facet normal 0 -0.7730104533627293 -0.6343932841636547
    outer loop
      vertex 0 75.31208152801713 70.20208152801713
      vertex 3 75.52349834091433 69.94446939613333
      vertex 3 75.31208152801713 70.20208152801713
    endloop
  endfacet
  facet normal 0 -0.6343932841636547 -0.7730104533627293
    outer loop
      vertex 0 75.05446939613333 70.41349834091433
      vertex 3 75.31208152801713 70.20208152801713
      vertex 3 75.05446939613333 70.41349834091433
    endloop
  endfacet
  facet normal 0 -0.4713967368259802 -0.8819212643483643
    outer loop
      vertex 0 74.76056183502065 70.57059520526919
      vertex 3 75.05446939613333 70.41349834091433
      vertex 3 74.76056183502065 70.57059520526919
    endloop
  endfacet
  facet normal 0 -0.29028467725448026 -0.9569403357322034
    outer loop
      vertex 0 74.44165354742742 70.6673349766855
      vertex 3 74.76056183502065 70.57059520526919
      vertex 3 74.44165354742742 70.6673349766855
    endloop
  endfacet
  facet normal 0 -0.09801714032955695 -0.9951847266721973
    outer loop
      vertex 0 74.44165354742742 70.6673349766855
      vertex 3 74.44165354742742 70.6673349766855
      vertex 0 74.11 70.7
    endloop
  endfacet
  facet normal 0 0.09801714032955695 -0.9951847266721973
    outer loop
      vertex 0 74.11 70.7
      vertex 3 74.11 70.7
      vertex 0 73.77834645257258 70.6673349766855
    endloop
  endfacet
  facet normal 0 0.29028467725448026 -0.9569403357322034
    outer loop
      vertex 0 73.77834645257258 70.6673349766855
      vertex 3 73.77834645257258 70.6673349766855
      vertex 0 73.45943816497935 70.57059520526919
    endloop
  endfacet
  facet normal 0 0.4713967368259802 -0.8819212643483643
    outer loop
      vertex 0 73.45943816497935 70.57059520526919
      vertex 3 73.45943816497935 70.57059520526919
      vertex 0 73.16553060386667 70.41349834091433
    endloop
  endfacet
  facet normal 0 0.6343932841636547 -0.7730104533627293
    outer loop
      vertex 0 73.16553060386667 70.41349834091433
      vertex 3 73.16553060386667 70.41349834091433
      vertex 0 72.90791847198287 70.20208152801713
    endloop
  endfacet
  facet normal -4.175492119695351e-19 -0.09801714032955695 -0.9951847266721973
    outer loop
      vertex 3 74.44165354742742 70.6673349766855
      vertex 3 74.11 70.7
      vertex 0 74.11 70.7
    endloop
  endfacet
  facet normal 0 0.09801714032955695 -0.9951847266721973
    outer loop
      vertex 0 73.77834645257258 70.6673349766855
      vertex 3 74.11 70.7
      vertex 3 73.77834645257258 70.6673349766855
    endloop
  endfacet
  facet normal 0 0.6343932841636547 -0.7730104533627293
    outer loop
      vertex 0 72.90791847198287 70.20208152801713
      vertex 3 73.16553060386667 70.41349834091433
      vertex 3 72.90791847198287 70.20208152801713
    endloop
  endfacet
  facet normal 0 0.4713967368259802 -0.8819212643483643
    outer loop
      vertex 0 73.16553060386667 70.41349834091433
      vertex 3 73.45943816497935 70.57059520526919
      vertex 3 73.16553060386667 70.41349834091433
    endloop
  endfacet
  facet normal 0 0.29028467725448026 -0.9569403357322034
    outer loop
      vertex 0 73.45943816497935 70.57059520526919
      vertex 3 73.77834645257258 70.6673349766855
      vertex 3 73.45943816497935 70.57059520526919
    endloop
  endfacet
  facet normal 4.175492119695351e-19 0.9951847266721973 -0.09801714032955695
    outer loop
      vertex 0 72.41 69
      vertex 0 72.4426650233145 69.33165354742742
      vertex 3 72.4426650233145 69.33165354742742
    endloop
  endfacet
  facet normal 6.50400672538169e-19 0.9569403357322034 -0.29028467725448026
    outer loop
      vertex 0 72.4426650233145 69.33165354742742
      vertex 0 72.53940479473081 69.65056183502065
      vertex 3 72.53940479473081 69.65056183502065
    endloop
  endfacet
  facet normal 0 0.8819212643483643 -0.4713967368259802
    outer loop
      vertex 0 72.69650165908567 69.94446939613333
      vertex 3 72.69650165908567 69.94446939613333
      vertex 0 72.53940479473081 69.65056183502065
    endloop
  endfacet
  facet normal 3.0870772451920244e-18 0.7730104533627293 -0.6343932841636547
    outer loop
      vertex 0 72.69650165908567 69.94446939613333
      vertex 0 72.90791847198287 70.20208152801713
      vertex 3 72.90791847198287 70.20208152801713
    endloop
  endfacet
  facet normal 0 0.9951847266721973 -0.09801714032955695
    outer loop
      vertex 0 72.41 69
      vertex 3 72.4426650233145 69.33165354742742
      vertex 3 72.41 69
    endloop
  endfacet
  facet normal 0 0.9569403357322034 -0.29028467725448026
    outer loop
      vertex 0 72.4426650233145 69.33165354742742
      vertex 3 72.53940479473081 69.65056183502065
      vertex 3 72.4426650233145 69.33165354742742
    endloop
  endfacet
  facet normal 0 0.7730104533627293 -0.6343932841636547
    outer loop
      vertex 0 72.69650165908567 69.94446939613333
      vertex 3 72.90791847198287 70.20208152801713
      vertex 3 72.69650165908567 69.94446939613333
    endloop
  endfacet
  facet normal 0 0.8819212643483643 -0.4713967368259802
    outer loop
      vertex 0 72.53940479473081 69.65056183502065
      vertex 3 72.69650165908567 69.94446939613333
      vertex 3 72.53940479473081 69.65056183502065
    endloop
  endfacet
  facet normal 1.90785350710605e-18 -0.9569403357322084 0.290284677254464
    outer loop
      vertex 3 77.24851289729034 68.3757109695484
      vertex 3 77.06641450403612 67.77541301643171
      vertex 6 77.06641450403612 67.77541301643171
    endloop
  endfacet
  facet normal 0 -0.9951847266721968 0.09801714032956128
    outer loop
      vertex 3 77.24851289729034 68.3757109695484
      vertex 6 77.24851289729034 68.3757109695484
      vertex 3 77.31 69
    endloop
  endfacet
  facet normal 0 -0.9569403357322084 0.290284677254464
    outer loop
      vertex 3 77.24851289729034 68.3757109695484
      vertex 6 77.06641450403612 67.77541301643171
      vertex 6 77.24851289729034 68.3757109695484
    endloop
  endfacet
  facet normal 0 -0.9951847266721968 0.09801714032956128
    outer loop
      vertex 3 77.31 69
      vertex 6 77.24851289729034 68.3757109695484
      vertex 6 77.31 69
    endloop
  endfacet
  facet normal 0 -0.9951847266721968 -0.09801714032956128
    outer loop
      vertex 3 77.31 69
      vertex 6 77.31 69
      vertex 3 77.24851289729034 69.6242890304516
    endloop
  endfacet
  facet normal 0 -0.9569403357322084 -0.290284677254464
    outer loop
      vertex 3 77.24851289729034 69.6242890304516
      vertex 6 77.24851289729034 69.6242890304516
      vertex 3 77.06641450403612 70.22458698356829
    endloop
  endfacet
  facet normal 0 -0.9951847266721968 -0.09801714032956128
    outer loop
      vertex 3 77.24851289729034 69.6242890304516
      vertex 6 77.31 69
      vertex 6 77.24851289729034 69.6242890304516
    endloop
  endfacet
  facet normal -1.90785350710605e-18 -0.9569403357322084 -0.290284677254464
    outer loop
      vertex 6 77.24851289729034 69.6242890304516
      vertex 6 77.06641450403612 70.22458698356829
      vertex 3 77.06641450403612 70.22458698356829
    endloop
  endfacet
  facet normal 0 -0.7730104533627271 0.6343932841636575
    outer loop
      vertex 3 76.37274169979695 66.73725830020305
      vertex 6 76.37274169979695 66.73725830020305
      vertex 3 76.77070275936815 67.22217525433727
    endloop
  endfacet
  facet normal 0 -0.6343932841636575 0.7730104533627271
    outer loop
      vertex 3 75.88782474566273 66.33929724063185
      vertex 6 75.88782474566273 66.33929724063185
      vertex 3 76.37274169979695 66.73725830020305
    endloop
  endfacet
  facet normal 0 -0.6343932841636575 0.7730104533627271
    outer loop
      vertex 3 76.37274169979695 66.73725830020305
      vertex 6 75.88782474566273 66.33929724063185
      vertex 6 76.37274169979695 66.73725830020305
    endloop
  endfacet
  facet normal 0 -0.290284677254464 0.9569403357322084
    outer loop
      vertex 3 74.7342890304516 65.86148710270966
      vertex 6 74.7342890304516 65.86148710270966
      vertex 3 75.33458698356829 66.04358549596388
    endloop
  endfacet
  facet normal -5.6245799574132245e-18 -0.47139673682599254 0.8819212643483578
    outer loop
      vertex 3 75.88782474566273 66.33929724063185
      vertex 3 75.33458698356829 66.04358549596388
      vertex 6 75.33458698356829 66.04358549596388
    endloop
  endfacet
  facet normal 1 0 0
    outer loop
      vertex 3 75.88782474566273 66.33929724063185
      vertex 3 72.33217525433727 66.33929724063185
      vertex 3 75.33458698356829 66.04358549596388
    endloop
  endfacet
  facet normal 1 0 0
    outer loop
      vertex 3 75.88782474566273 66.33929724063185
      vertex 3 76.37274169979695 66.73725830020305
      vertex 3 71.84725830020305 66.73725830020305
    endloop
  endfacet
  facet normal 0 -0.290284677254464 0.9569403357322084
    outer loop
      vertex 3 75.33458698356829 66.04358549596388
      vertex 6 74.7342890304516 65.86148710270966
      vertex 6 75.33458698356829 66.04358549596388
    endloop
  endfacet
  facet normal 0 -0.09801714032956128 0.9951847266721968
    outer loop
      vertex 3 74.7342890304516 65.86148710270966
      vertex 6 74.11 65.8
      vertex 6 74.7342890304516 65.86148710270966
    endloop
  endfacet
  facet normal 0 -0.47139673682599254 0.8819212643483578
    outer loop
      vertex 3 75.88782474566273 66.33929724063185
      vertex 6 75.33458698356829 66.04358549596388
      vertex 6 75.88782474566273 66.33929724063185
    endloop
  endfacet
  facet normal 0 -0.8819212643483578 0.47139673682599254
    outer loop
      vertex 3 76.77070275936815 67.22217525433727
      vertex 6 76.77070275936815 67.22217525433727
      vertex 3 77.06641450403612 67.77541301643171
    endloop
  endfacet
  facet normal 1 0 0
    outer loop
      vertex 3 76.77070275936815 67.22217525433727
      vertex 3 77.06641450403612 67.77541301643171
      vertex 3 75.05446939613333 67.58650165908567
    endloop
  endfacet
  facet normal 1 0 0
    outer loop
      vertex 3 77.06641450403612 67.77541301643171
      vertex 3 75.31208152801713 67.79791847198287
      vertex 3 75.05446939613333 67.58650165908567
    endloop
  endfacet
  facet normal 1 0 0
    outer loop
      vertex 3 77.06641450403612 67.77541301643171
      vertex 3 75.52349834091433 68.05553060386667
      vertex 3 75.31208152801713 67.79791847198287
    endloop
  endfacet
  facet normal 1 0 0
    outer loop
      vertex 3 77.24851289729034 68.3757109695484
      vertex 3 75.68059520526919 68.34943816497935
      vertex 3 77.06641450403612 67.77541301643171
    endloop
  endfacet
  facet normal 1 0 0
    outer loop
      vertex 3 77.24851289729034 68.3757109695484
      vertex 3 77.31 69
      vertex 3 75.7773349766855 68.66834645257258
    endloop
  endfacet
  facet normal 1 0 0
    outer loop
      vertex 3 77.06641450403612 67.77541301643171
      vertex 3 75.68059520526919 68.34943816497935
      vertex 3 75.52349834091433 68.05553060386667
    endloop
  endfacet
  facet normal 1 0 0
    outer loop
      vertex 3 77.24851289729034 68.3757109695484
      vertex 3 75.7773349766855 68.66834645257258
      vertex 3 75.68059520526919 68.34943816497935
    endloop
  endfacet
  facet normal 1 0 0
    outer loop
      vertex 3 77.31 69
      vertex 3 75.81 69
      vertex 3 75.7773349766855 68.66834645257258
    endloop
  endfacet
  facet normal 0 -0.7730104533627271 0.6343932841636575
    outer loop
      vertex 3 76.77070275936815 67.22217525433727
      vertex 6 76.37274169979695 66.73725830020305
      vertex 6 76.77070275936815 67.22217525433727
    endloop
  endfacet
  facet normal 0 -0.8819212643483578 0.47139673682599254
    outer loop
      vertex 3 77.06641450403612 67.77541301643171
      vertex 6 76.77070275936815 67.22217525433727
      vertex 6 77.06641450403612 67.77541301643171
    endloop
  endfacet
  facet normal 1 0 0
    outer loop
      vertex 3 76.77070275936815 67.22217525433727
      vertex 3 75.05446939613333 67.58650165908567
      vertex 3 74.76056183502065 67.42940479473081
    endloop
  endfacet
  facet normal 1 0 0
    outer loop
      vertex 3 76.77070275936815 67.22217525433727
      vertex 3 74.44165354742742 67.33266502331452
      vertex 3 74.11 67.3
    endloop
  endfacet
  facet normal 1 0 0
    outer loop
      vertex 3 76.77070275936815 67.22217525433727
      vertex 3 74.76056183502065 67.42940479473081
      vertex 3 74.44165354742742 67.33266502331452
    endloop
  endfacet
  facet normal 1 0 0
    outer loop
      vertex 3 76.37274169979695 66.73725830020305
      vertex 3 76.77070275936815 67.22217525433727
      vertex 3 71.44929724063185 67.22217525433727
    endloop
  endfacet
  facet normal 1 0 0
    outer loop
      vertex 3 74.7342890304516 65.86148710270966
      vertex 3 75.33458698356829 66.04358549596388
      vertex 3 72.88541301643171 66.04358549596388
    endloop
  endfacet
  facet normal 1 0 0
    outer loop
      vertex 3 74.7342890304516 65.86148710270966
      vertex 3 73.48571096954839 65.86148710270966
      vertex 3 74.11 65.8
    endloop
  endfacet
  facet normal 1 0 0
    outer loop
      vertex 3 74.7342890304516 65.86148710270966
      vertex 3 72.88541301643171 66.04358549596388
      vertex 3 73.48571096954839 65.86148710270966
    endloop
  endfacet
  facet normal 5.427934442137045e-19 -0.09801714032956128 0.9951847266721968
    outer loop
      vertex 3 74.7342890304516 65.86148710270966
      vertex 3 74.11 65.8
      vertex 6 74.11 65.8
    endloop
  endfacet
  facet normal -5.427934442137045e-19 0.09801714032956128 0.9951847266721968
    outer loop
      vertex 3 74.11 65.8
      vertex 3 73.48571096954839 65.86148710270966
      vertex 6 73.48571096954839 65.86148710270966
    endloop
  endfacet
  facet normal -1.90785350710605e-18 0.290284677254464 0.9569403357322084
    outer loop
      vertex 3 73.48571096954839 65.86148710270966
      vertex 3 72.88541301643171 66.04358549596388
      vertex 6 72.88541301643171 66.04358549596388
    endloop
  endfacet
  facet normal 1 0 0
    outer loop
      vertex 3 75.33458698356829 66.04358549596388
      vertex 3 72.33217525433727 66.33929724063185
      vertex 3 72.88541301643171 66.04358549596388
    endloop
  endfacet
  facet normal 1 0 0
    outer loop
      vertex 3 75.88782474566273 66.33929724063185
      vertex 3 71.84725830020305 66.73725830020305
      vertex 3 72.33217525433727 66.33929724063185
    endloop
  endfacet
  facet normal 1 0 0
    outer loop
      vertex 3 76.37274169979695 66.73725830020305
      vertex 3 71.44929724063185 67.22217525433727
      vertex 3 71.84725830020305 66.73725830020305
    endloop
  endfacet
  facet normal 0 0.09801714032956128 0.9951847266721968
    outer loop
      vertex 3 74.11 65.8
      vertex 6 73.48571096954839 65.86148710270966
      vertex 6 74.11 65.8
    endloop
  endfacet
  facet normal 0 0.290284677254464 0.9569403357322084
    outer loop
      vertex 3 73.48571096954839 65.86148710270966
      vertex 6 72.88541301643171 66.04358549596388
      vertex 6 73.48571096954839 65.86148710270966
    endloop
  endfacet
  facet normal 5.6245799574132245e-18 0.47139673682599254 0.8819212643483578
    outer loop
      vertex 3 72.88541301643171 66.04358549596388
      vertex 3 72.33217525433727 66.33929724063185
      vertex 6 72.33217525433727 66.33929724063185
    endloop
  endfacet
  facet normal -9.558235081066918e-19 0.6343932841636575 0.7730104533627271
    outer loop
      vertex 3 72.33217525433727 66.33929724063185
      vertex 3 71.84725830020305 66.73725830020305
      vertex 6 71.84725830020305 66.73725830020305
    endloop
  endfacet
  facet normal 0 0.47139673682599254 0.8819212643483578
    outer loop
      vertex 3 72.88541301643171 66.04358549596388
      vertex 6 72.33217525433727 66.33929724063185
      vertex 6 72.88541301643171 66.04358549596388
    endloop
  endfacet
  facet normal 0 0.6343932841636575 0.7730104533627271
    outer loop
      vertex 3 72.33217525433727 66.33929724063185
      vertex 6 71.84725830020305 66.73725830020305
      vertex 6 72.33217525433727 66.33929724063185
    endloop
  endfacet
  facet normal 0 0.7730104533627271 0.6343932841636575
    outer loop
      vertex 3 71.84725830020305 66.73725830020305
      vertex 6 71.44929724063185 67.22217525433727
      vertex 6 71.84725830020305 66.73725830020305
    endloop
  endfacet
  facet normal 1 0 0
    outer loop
      vertex 3 76.77070275936815 67.22217525433727
      vertex 3 74.11 67.3
      vertex 3 71.44929724063185 67.22217525433727
    endloop
  endfacet
  facet normal 1 0 0
    outer loop
      vertex 3 74.11 67.3
      vertex 3 73.77834645257258 67.33266502331452
      vertex 3 71.44929724063185 67.22217525433727
    endloop
  endfacet
  facet normal 1 0 0
    outer loop
      vertex 3 73.77834645257258 67.33266502331452
      vertex 3 73.45943816497935 67.42940479473081
      vertex 3 71.44929724063185 67.22217525433727
    endloop
  endfacet
  facet normal 1 0 0
    outer loop
      vertex 3 73.45943816497935 67.42940479473081
      vertex 3 73.16553060386667 67.58650165908567
      vertex 3 71.44929724063185 67.22217525433727
    endloop
  endfacet
  facet normal 1 0 0
    outer loop
      vertex 3 73.16553060386667 67.58650165908567
      vertex 3 72.90791847198287 67.79791847198287
      vertex 3 71.15358549596388 67.77541301643171
    endloop
  endfacet
  facet normal 1 0 0
    outer loop
      vertex 3 73.16553060386667 67.58650165908567
      vertex 3 71.15358549596388 67.77541301643171
      vertex 3 71.44929724063185 67.22217525433727
    endloop
  endfacet
  facet normal 1 0 0
    outer loop
      vertex 3 72.90791847198287 67.79791847198287
      vertex 3 72.69650165908567 68.05553060386667
      vertex 3 71.15358549596388 67.77541301643171
    endloop
  endfacet
  facet normal 1 0 0
    outer loop
      vertex 3 72.69650165908567 68.05553060386667
      vertex 3 72.53940479473081 68.34943816497935
      vertex 3 71.15358549596388 67.77541301643171
    endloop
  endfacet
  facet normal 1 0 0
    outer loop
      vertex 3 72.53940479473081 68.34943816497935
      vertex 3 72.4426650233145 68.66834645257258
      vertex 3 70.97148710270966 68.3757109695484
    endloop
  endfacet
  facet normal 1 0 0
    outer loop
      vertex 3 72.4426650233145 68.66834645257258
      vertex 3 72.41 69
      vertex 3 70.97148710270966 68.3757109695484
    endloop
  endfacet
  facet normal 1 0 0
    outer loop
      vertex 3 77.31 69
      vertex 3 77.24851289729034 69.6242890304516
      vertex 3 75.81 69
    endloop
  endfacet
  facet normal 1 0 0
    outer loop
      vertex 3 77.24851289729034 69.6242890304516
      vertex 3 77.06641450403612 70.22458698356829
      vertex 3 75.68059520526919 69.65056183502065
    endloop
  endfacet
  facet normal 1 0 0
    outer loop
      vertex 3 77.24851289729034 69.6242890304516
      vertex 3 75.7773349766855 69.33165354742742
      vertex 3 75.81 69
    endloop
  endfacet
  facet normal 1 0 0
    outer loop
      vertex 3 77.24851289729034 69.6242890304516
      vertex 3 75.68059520526919 69.65056183502065
      vertex 3 75.7773349766855 69.33165354742742
    endloop
  endfacet
  facet normal 1 0 0
    outer loop
      vertex 3 77.06641450403612 70.22458698356829
      vertex 3 75.52349834091433 69.94446939613333
      vertex 3 75.68059520526919 69.65056183502065
    endloop
  endfacet
  facet normal 0 -0.8819212643483578 -0.47139673682599254
    outer loop
      vertex 3 77.06641450403612 70.22458698356829
      vertex 6 77.06641450403612 70.22458698356829
      vertex 3 76.77070275936815 70.77782474566273
    endloop
  endfacet
  facet normal 0 -0.7730104533627271 -0.6343932841636575
    outer loop
      vertex 3 76.77070275936815 70.77782474566273
      vertex 6 76.77070275936815 70.77782474566273
      vertex 3 76.37274169979695 71.26274169979695
    endloop
  endfacet
  facet normal 1 0 0
    outer loop
      vertex 3 77.06641450403612 70.22458698356829
      vertex 3 76.77070275936815 70.77782474566273
      vertex 3 75.05446939613333 70.41349834091433
    endloop
  endfacet
  facet normal 1 0 0
    outer loop
      vertex 3 77.06641450403612 70.22458698356829
      vertex 3 75.31208152801713 70.20208152801713
      vertex 3 75.52349834091433 69.94446939613333
    endloop
  endfacet
  facet normal 1 0 0
    outer loop
      vertex 3 77.06641450403612 70.22458698356829
      vertex 3 75.05446939613333 70.41349834091433
      vertex 3 75.31208152801713 70.20208152801713
    endloop
  endfacet
  facet normal 0 -0.8819212643483578 -0.47139673682599254
    outer loop
      vertex 3 76.77070275936815 70.77782474566273
      vertex 6 77.06641450403612 70.22458698356829
      vertex 6 76.77070275936815 70.77782474566273
    endloop
  endfacet
  facet normal 1 0 0
    outer loop
      vertex 3 76.77070275936815 70.77782474566273
      vertex 3 74.76056183502065 70.57059520526919
      vertex 3 75.05446939613333 70.41349834091433
    endloop
  endfacet
  facet normal 1 0 0
    outer loop
      vertex 3 76.77070275936815 70.77782474566273
      vertex 3 74.44165354742742 70.6673349766855
      vertex 3 74.76056183502065 70.57059520526919
    endloop
  endfacet
  facet normal 1 0 0
    outer loop
      vertex 3 76.77070275936815 70.77782474566273
      vertex 3 74.11 70.7
      vertex 3 74.44165354742742 70.6673349766855
    endloop
  endfacet
  facet normal 0 -0.6343932841636575 -0.7730104533627271
    outer loop
      vertex 3 76.37274169979695 71.26274169979695
      vertex 6 76.37274169979695 71.26274169979695
      vertex 3 75.88782474566273 71.66070275936815
    endloop
  endfacet
  facet normal 0 -0.7730104533627271 -0.6343932841636575
    outer loop
      vertex 3 76.37274169979695 71.26274169979695
      vertex 6 76.77070275936815 70.77782474566273
      vertex 6 76.37274169979695 71.26274169979695
    endloop
  endfacet
  facet normal 0 -0.6343932841636575 -0.7730104533627271
    outer loop
      vertex 3 75.88782474566273 71.66070275936815
      vertex 6 76.37274169979695 71.26274169979695
      vertex 6 75.88782474566273 71.66070275936815
    endloop
  endfacet
  facet normal 0 -0.47139673682599254 -0.8819212643483578
    outer loop
      vertex 3 75.88782474566273 71.66070275936815
      vertex 6 75.88782474566273 71.66070275936815
      vertex 3 75.33458698356829 71.95641450403612
    endloop
  endfacet
  facet normal 0 -0.290284677254464 -0.9569403357322084
    outer loop
      vertex 3 75.33458698356829 71.95641450403612
      vertex 6 75.33458698356829 71.95641450403612
      vertex 3 74.7342890304516 72.13851289729034
    endloop
  endfacet
  facet normal 1 0 0
    outer loop
      vertex 3 76.77070275936815 70.77782474566273
      vertex 3 76.37274169979695 71.26274169979695
      vertex 3 71.84725830020305 71.26274169979695
    endloop
  endfacet
  facet normal 1 0 0
    outer loop
      vertex 3 76.37274169979695 71.26274169979695
      vertex 3 75.88782474566273 71.66070275936815
      vertex 3 72.33217525433727 71.66070275936815
    endloop
  endfacet
  facet normal 1 0 0
    outer loop
      vertex 3 75.88782474566273 71.66070275936815
      vertex 3 75.33458698356829 71.95641450403612
      vertex 3 72.88541301643171 71.95641450403612
    endloop
  endfacet
  facet normal 1 0 0
    outer loop
      vertex 3 75.33458698356829 71.95641450403612
      vertex 3 74.7342890304516 72.13851289729034
      vertex 3 73.48571096954839 72.13851289729034
    endloop
  endfacet
  facet normal 0 -0.09801714032956128 -0.9951847266721968
    outer loop
      vertex 3 74.7342890304516 72.13851289729034
      vertex 6 74.7342890304516 72.13851289729034
      vertex 3 74.11 72.2
    endloop
  endfacet
  facet normal 0 -0.47139673682599254 -0.8819212643483578
    outer loop
      vertex 3 75.33458698356829 71.95641450403612
      vertex 6 75.88782474566273 71.66070275936815
      vertex 6 75.33458698356829 71.95641450403612
    endloop
  endfacet
  facet normal 0 -0.290284677254464 -0.9569403357322084
    outer loop
      vertex 3 74.7342890304516 72.13851289729034
      vertex 6 75.33458698356829 71.95641450403612
      vertex 6 74.7342890304516 72.13851289729034
    endloop
  endfacet
  facet normal 1 0 0
    outer loop
      vertex 3 76.77070275936815 70.77782474566273
      vertex 3 71.44929724063185 70.77782474566273
      vertex 3 74.11 70.7
    endloop
  endfacet
  facet normal 1 0 0
    outer loop
      vertex 3 76.77070275936815 70.77782474566273
      vertex 3 71.84725830020305 71.26274169979695
      vertex 3 71.44929724063185 70.77782474566273
    endloop
  endfacet
  facet normal 1 0 0
    outer loop
      vertex 3 74.11 70.7
      vertex 3 71.44929724063185 70.77782474566273
      vertex 3 73.77834645257258 70.6673349766855
    endloop
  endfacet
  facet normal 1 0 0
    outer loop
      vertex 3 72.4426650233145 69.33165354742742
      vertex 3 72.53940479473081 69.65056183502065
      vertex 3 70.97148710270966 69.6242890304516
    endloop
  endfacet
  facet normal 1 0 0
    outer loop
      vertex 3 72.41 69
      vertex 3 72.4426650233145 69.33165354742742
      vertex 3 70.91 69
    endloop
  endfacet
  facet normal 1 0 0
    outer loop
      vertex 3 72.69650165908567 69.94446939613333
      vertex 3 71.15358549596388 70.22458698356829
      vertex 3 72.53940479473081 69.65056183502065
    endloop
  endfacet
  facet normal 1 0 0
    outer loop
      vertex 3 73.16553060386667 70.41349834091433
      vertex 3 71.15358549596388 70.22458698356829
      vertex 3 72.90791847198287 70.20208152801713
    endloop
  endfacet
  facet normal 1 0 0
    outer loop
      vertex 3 73.77834645257258 70.6673349766855
      vertex 3 71.44929724063185 70.77782474566273
      vertex 3 73.45943816497935 70.57059520526919
    endloop
  endfacet
  facet normal 1 0 0
    outer loop
      vertex 3 73.45943816497935 70.57059520526919
      vertex 3 71.44929724063185 70.77782474566273
      vertex 3 73.16553060386667 70.41349834091433
    endloop
  endfacet
  facet normal 1 0 0
    outer loop
      vertex 3 72.69650165908567 69.94446939613333
      vertex 3 72.90791847198287 70.20208152801713
      vertex 3 71.15358549596388 70.22458698356829
    endloop
  endfacet
  facet normal 1 0 0
    outer loop
      vertex 3 73.16553060386667 70.41349834091433
      vertex 3 71.44929724063185 70.77782474566273
      vertex 3 71.15358549596388 70.22458698356829
    endloop
  endfacet
  facet normal 1 0 0
    outer loop
      vertex 3 75.88782474566273 71.66070275936815
      vertex 3 72.88541301643171 71.95641450403612
      vertex 3 72.33217525433727 71.66070275936815
    endloop
  endfacet
  facet normal 1 0 0
    outer loop
      vertex 3 75.33458698356829 71.95641450403612
      vertex 3 73.48571096954839 72.13851289729034
      vertex 3 72.88541301643171 71.95641450403612
    endloop
  endfacet
  facet normal 1 0 0
    outer loop
      vertex 3 76.37274169979695 71.26274169979695
      vertex 3 72.33217525433727 71.66070275936815
      vertex 3 71.84725830020305 71.26274169979695
    endloop
  endfacet
  facet normal 0 0.290284677254464 -0.9569403357322084
    outer loop
      vertex 3 73.48571096954839 72.13851289729034
      vertex 6 73.48571096954839 72.13851289729034
      vertex 3 72.88541301643171 71.95641450403612
    endloop
  endfacet
  facet normal 1 0 0
    outer loop
      vertex 3 74.7342890304516 72.13851289729034
      vertex 3 74.11 72.2
      vertex 3 73.48571096954839 72.13851289729034
    endloop
  endfacet
  facet normal 0 0.09801714032956128 -0.9951847266721968
    outer loop
      vertex 3 74.11 72.2
      vertex 6 74.11 72.2
      vertex 3 73.48571096954839 72.13851289729034
    endloop
  endfacet
  facet normal 0 0.290284677254464 -0.9569403357322084
    outer loop
      vertex 3 72.88541301643171 71.95641450403612
      vertex 6 73.48571096954839 72.13851289729034
      vertex 6 72.88541301643171 71.95641450403612
    endloop
  endfacet
  facet normal 0 -0.09801714032956128 -0.9951847266721968
    outer loop
      vertex 3 74.11 72.2
      vertex 6 74.7342890304516 72.13851289729034
      vertex 6 74.11 72.2
    endloop
  endfacet
  facet normal 0 0.09801714032956128 -0.9951847266721968
    outer loop
      vertex 3 73.48571096954839 72.13851289729034
      vertex 6 74.11 72.2
      vertex 6 73.48571096954839 72.13851289729034
    endloop
  endfacet
  facet normal 0 0.47139673682599254 -0.8819212643483578
    outer loop
      vertex 3 72.88541301643171 71.95641450403612
      vertex 6 72.88541301643171 71.95641450403612
      vertex 3 72.33217525433727 71.66070275936815
    endloop
  endfacet
  facet normal 0 0.6343932841636575 -0.7730104533627271
    outer loop
      vertex 3 72.33217525433727 71.66070275936815
      vertex 6 72.33217525433727 71.66070275936815
      vertex 3 71.84725830020305 71.26274169979695
    endloop
  endfacet
  facet normal 0 0.7730104533627271 -0.6343932841636575
    outer loop
      vertex 3 71.84725830020305 71.26274169979695
      vertex 6 71.84725830020305 71.26274169979695
      vertex 3 71.44929724063185 70.77782474566273
    endloop
  endfacet
  facet normal 0 0.47139673682599254 -0.8819212643483578
    outer loop
      vertex 3 72.33217525433727 71.66070275936815
      vertex 6 72.88541301643171 71.95641450403612
      vertex 6 72.33217525433727 71.66070275936815
    endloop
  endfacet
  facet normal 0 0.6343932841636575 -0.7730104533627271
    outer loop
      vertex 3 71.84725830020305 71.26274169979695
      vertex 6 72.33217525433727 71.66070275936815
      vertex 6 71.84725830020305 71.26274169979695
    endloop
  endfacet
  facet normal -9.558235081066918e-19 0.7730104533627271 0.6343932841636575
    outer loop
      vertex 3 71.84725830020305 66.73725830020305
      vertex 3 71.44929724063185 67.22217525433727
      vertex 6 71.44929724063185 67.22217525433727
    endloop
  endfacet
  facet normal 5.6245799574132245e-18 0.8819212643483578 0.47139673682599254
    outer loop
      vertex 3 71.44929724063185 67.22217525433727
      vertex 3 71.15358549596388 67.77541301643171
      vertex 6 71.15358549596388 67.77541301643171
    endloop
  endfacet
  facet normal 1 0 0
    outer loop
      vertex 3 72.53940479473081 68.34943816497935
      vertex 3 70.97148710270966 68.3757109695484
      vertex 3 71.15358549596388 67.77541301643171
    endloop
  endfacet
  facet normal 1 0 0
    outer loop
      vertex 3 72.41 69
      vertex 3 70.91 69
      vertex 3 70.97148710270966 68.3757109695484
    endloop
  endfacet
  facet normal -1.90785350710605e-18 0.9569403357322084 0.290284677254464
    outer loop
      vertex 3 71.15358549596388 67.77541301643171
      vertex 3 70.97148710270966 68.3757109695484
      vertex 6 70.97148710270966 68.3757109695484
    endloop
  endfacet
  facet normal -5.427934442137045e-19 0.9951847266721968 0.09801714032956128
    outer loop
      vertex 3 70.97148710270966 68.3757109695484
      vertex 3 70.91 69
      vertex 6 70.91 69
    endloop
  endfacet
  facet normal 0 0.8819212643483578 0.47139673682599254
    outer loop
      vertex 3 71.44929724063185 67.22217525433727
      vertex 6 71.15358549596388 67.77541301643171
      vertex 6 71.44929724063185 67.22217525433727
    endloop
  endfacet
  facet normal 0 0.9569403357322084 0.290284677254464
    outer loop
      vertex 3 71.15358549596388 67.77541301643171
      vertex 6 70.97148710270966 68.3757109695484
      vertex 6 71.15358549596388 67.77541301643171
    endloop
  endfacet
  facet normal 0 0.9951847266721968 0.09801714032956128
    outer loop
      vertex 3 70.97148710270966 68.3757109695484
      vertex 6 70.91 69
      vertex 6 70.97148710270966 68.3757109695484
    endloop
  endfacet
  facet normal 1 0 0
    outer loop
      vertex 3 72.4426650233145 69.33165354742742
      vertex 3 70.97148710270966 69.6242890304516
      vertex 3 70.91 69
    endloop
  endfacet
  facet normal 1 0 0
    outer loop
      vertex 3 72.53940479473081 69.65056183502065
      vertex 3 71.15358549596388 70.22458698356829
      vertex 3 70.97148710270966 69.6242890304516
    endloop
  endfacet
  facet normal 5.427934442137045e-19 0.9951847266721968 -0.09801714032956128
    outer loop
      vertex 3 70.91 69
      vertex 3 70.97148710270966 69.6242890304516
      vertex 6 70.97148710270966 69.6242890304516
    endloop
  endfacet
  facet normal 1.90785350710605e-18 0.9569403357322084 -0.290284677254464
    outer loop
      vertex 3 70.97148710270966 69.6242890304516
      vertex 3 71.15358549596388 70.22458698356829
      vertex 6 71.15358549596388 70.22458698356829
    endloop
  endfacet
  facet normal -5.6245799574132245e-18 0.8819212643483578 -0.47139673682599254
    outer loop
      vertex 3 71.15358549596388 70.22458698356829
      vertex 3 71.44929724063185 70.77782474566273
      vertex 6 71.44929724063185 70.77782474566273
    endloop
  endfacet
  facet normal 0 0.9951847266721968 -0.09801714032956128
    outer loop
      vertex 3 70.91 69
      vertex 6 70.97148710270966 69.6242890304516
      vertex 6 70.91 69
    endloop
  endfacet
  facet normal 0 0.9569403357322084 -0.290284677254464
    outer loop
      vertex 3 70.97148710270966 69.6242890304516
      vertex 6 71.15358549596388 70.22458698356829
      vertex 6 70.97148710270966 69.6242890304516
    endloop
  endfacet
  facet normal 0 0.8819212643483578 -0.47139673682599254
    outer loop
      vertex 3 71.15358549596388 70.22458698356829
      vertex 6 71.44929724063185 70.77782474566273
      vertex 6 71.15358549596388 70.22458698356829
    endloop
  endfacet
  facet normal 9.558235081066918e-19 0.7730104533627271 -0.6343932841636575
    outer loop
      vertex 6 71.84725830020305 71.26274169979695
      vertex 6 71.44929724063185 70.77782474566273
      vertex 3 71.44929724063185 70.77782474566273
    endloop
  endfacet
  facet normal 0 -0.47139673682598915 0.8819212643483596
    outer loop
      vertex 0 30.31056183502065 67.42940479473081
      vertex 3 30.31056183502065 67.42940479473081
      vertex 0 30.604469396133318 67.58650165908567
    endloop
  endfacet
  facet normal -4.468894245751017e-19 -0.6343932841636443 0.773010453362738
    outer loop
      vertex 0 30.86208152801713 67.79791847198287
      vertex 0 30.604469396133318 67.58650165908567
      vertex 3 30.604469396133318 67.58650165908567
    endloop
  endfacet
  facet normal 0 -0.7730104533627293 0.6343932841636547
    outer loop
      vertex 0 30.86208152801713 67.79791847198287
      vertex 3 30.86208152801713 67.79791847198287
      vertex 0 31.073498340914327 68.05553060386667
    endloop
  endfacet
  facet normal 0 -0.8819212643483643 0.4713967368259802
    outer loop
      vertex 0 31.073498340914327 68.05553060386667
      vertex 3 31.073498340914327 68.05553060386667
      vertex 0 31.230595205269182 68.34943816497935
    endloop
  endfacet
  facet normal 0 -0.9569403357322094 0.2902846772544608
    outer loop
      vertex 0 31.230595205269182 68.34943816497935
      vertex 3 31.230595205269182 68.34943816497935
      vertex 0 31.327334976685485 68.66834645257258
    endloop
  endfacet
  facet normal 0 -0.9951847266721952 0.09801714032957808
    outer loop
      vertex 0 31.327334976685485 68.66834645257258
      vertex 3 31.327334976685485 68.66834645257258
      vertex 0 31.36 69
    endloop
  endfacet
  facet normal 0 -0.7730104533627293 0.6343932841636547
    outer loop
      vertex 0 31.073498340914327 68.05553060386667
      vertex 3 30.86208152801713 67.79791847198287
      vertex 3 31.073498340914327 68.05553060386667
    endloop
  endfacet
  facet normal 0 -0.47139673682598915 0.8819212643483596
    outer loop
      vertex 0 30.604469396133318 67.58650165908567
      vertex 3 30.31056183502065 67.42940479473081
      vertex 3 30.604469396133318 67.58650165908567
    endloop
  endfacet
  facet normal 0 -0.6343932841636443 0.773010453362738
    outer loop
      vertex 0 30.86208152801713 67.79791847198287
      vertex 3 30.604469396133318 67.58650165908567
      vertex 3 30.86208152801713 67.79791847198287
    endloop
  endfacet
  facet normal 0 -0.8819212643483643 0.4713967368259802
    outer loop
      vertex 0 31.230595205269182 68.34943816497935
      vertex 3 31.073498340914327 68.05553060386667
      vertex 3 31.230595205269182 68.34943816497935
    endloop
  endfacet
  facet normal 0 -0.9951847266721952 0.09801714032957808
    outer loop
      vertex 0 31.36 69
      vertex 3 31.327334976685485 68.66834645257258
      vertex 3 31.36 69
    endloop
  endfacet
  facet normal 0 -0.9569403357322094 0.2902846772544608
    outer loop
      vertex 0 31.327334976685485 68.66834645257258
      vertex 3 31.230595205269182 68.34943816497935
      vertex 3 31.327334976685485 68.66834645257258
    endloop
  endfacet
  facet normal 2.1560146214152027e-19 -0.2902846772544353 0.956940335732217
    outer loop
      vertex 0 30.31056183502065 67.42940479473081
      vertex 0 29.99165354742741 67.33266502331452
      vertex 3 29.99165354742741 67.33266502331452
    endloop
  endfacet
  facet normal 6.082816876210529e-19 -0.09801714032960128 0.9951847266721929
    outer loop
      vertex 0 29.99165354742741 67.33266502331452
      vertex 0 29.659999999999997 67.3
      vertex 3 29.659999999999997 67.3
    endloop
  endfacet
  facet normal -6.082816876210529e-19 0.09801714032960128 0.9951847266721929
    outer loop
      vertex 0 29.659999999999997 67.3
      vertex 0 29.328346452572582 67.33266502331452
      vertex 3 29.328346452572582 67.33266502331452
    endloop
  endfacet
  facet normal -2.1560146214152027e-19 0.2902846772544353 0.956940335732217
    outer loop
      vertex 0 29.328346452572582 67.33266502331452
      vertex 0 29.009438164979343 67.42940479473081
      vertex 3 29.009438164979343 67.42940479473081
    endloop
  endfacet
  facet normal 0 -0.2902846772544353 0.956940335732217
    outer loop
      vertex 0 30.31056183502065 67.42940479473081
      vertex 3 29.99165354742741 67.33266502331452
      vertex 3 30.31056183502065 67.42940479473081
    endloop
  endfacet
  facet normal 0 -0.09801714032960128 0.9951847266721929
    outer loop
      vertex 0 29.99165354742741 67.33266502331452
      vertex 3 29.659999999999997 67.3
      vertex 3 29.99165354742741 67.33266502331452
    endloop
  endfacet
  facet normal 0 0.09801714032960128 0.9951847266721929
    outer loop
      vertex 0 29.659999999999997 67.3
      vertex 3 29.328346452572582 67.33266502331452
      vertex 3 29.659999999999997 67.3
    endloop
  endfacet
  facet normal 0 0.2902846772544353 0.956940335732217
    outer loop
      vertex 0 29.328346452572582 67.33266502331452
      vertex 3 29.009438164979343 67.42940479473081
      vertex 3 29.328346452572582 67.33266502331452
    endloop
  endfacet
  facet normal 0 0.47139673682598915 0.8819212643483596
    outer loop
      vertex 0 29.009438164979343 67.42940479473081
      vertex 3 28.715530603866675 67.58650165908567
      vertex 3 29.009438164979343 67.42940479473081
    endloop
  endfacet
  facet normal -1.3281590920333047e-18 0.47139673682598915 0.8819212643483596
    outer loop
      vertex 0 29.009438164979343 67.42940479473081
      vertex 0 28.715530603866675 67.58650165908567
      vertex 3 28.715530603866675 67.58650165908567
    endloop
  endfacet
  facet normal 4.468894245751017e-19 0.6343932841636443 0.773010453362738
    outer loop
      vertex 0 28.715530603866675 67.58650165908567
      vertex 0 28.457918471982865 67.79791847198287
      vertex 3 28.457918471982865 67.79791847198287
    endloop
  endfacet
  facet normal -3.0870772451920244e-18 0.7730104533627293 0.6343932841636547
    outer loop
      vertex 0 28.457918471982865 67.79791847198287
      vertex 0 28.246501659085666 68.05553060386667
      vertex 3 28.246501659085666 68.05553060386667
    endloop
  endfacet
  facet normal -4.0639078997895458e-19 0.8819212643483643 0.4713967368259802
    outer loop
      vertex 0 28.246501659085666 68.05553060386667
      vertex 0 28.08940479473081 68.34943816497935
      vertex 3 28.08940479473081 68.34943816497935
    endloop
  endfacet
  facet normal -2.1949204050354854e-19 0.9569403357322094 0.2902846772544608
    outer loop
      vertex 0 28.08940479473081 68.34943816497935
      vertex 0 27.99266502331451 68.66834645257258
      vertex 3 27.99266502331451 68.66834645257258
    endloop
  endfacet
  facet normal 5.316792407652835e-19 0.9951847266721952 0.09801714032957808
    outer loop
      vertex 0 27.99266502331451 68.66834645257258
      vertex 0 27.959999999999994 69
      vertex 3 27.959999999999994 69
    endloop
  endfacet
  facet normal 0 0.6343932841636443 0.773010453362738
    outer loop
      vertex 0 28.715530603866675 67.58650165908567
      vertex 3 28.457918471982865 67.79791847198287
      vertex 3 28.715530603866675 67.58650165908567
    endloop
  endfacet
  facet normal 0 0.7730104533627293 0.6343932841636547
    outer loop
      vertex 0 28.457918471982865 67.79791847198287
      vertex 3 28.246501659085666 68.05553060386667
      vertex 3 28.457918471982865 67.79791847198287
    endloop
  endfacet
  facet normal 0 0.8819212643483643 0.4713967368259802
    outer loop
      vertex 0 28.246501659085666 68.05553060386667
      vertex 3 28.08940479473081 68.34943816497935
      vertex 3 28.246501659085666 68.05553060386667
    endloop
  endfacet
  facet normal 0 0.9569403357322094 0.2902846772544608
    outer loop
      vertex 0 28.08940479473081 68.34943816497935
      vertex 3 27.99266502331451 68.66834645257258
      vertex 3 28.08940479473081 68.34943816497935
    endloop
  endfacet
  facet normal 0 0.9951847266721952 0.09801714032957808
    outer loop
      vertex 0 27.99266502331451 68.66834645257258
      vertex 3 27.959999999999994 69
      vertex 3 27.99266502331451 68.66834645257258
    endloop
  endfacet
  facet normal 0 -0.9951847266721952 -0.09801714032957808
    outer loop
      vertex 0 31.36 69
      vertex 3 31.36 69
      vertex 0 31.327334976685485 69.33165354742742
    endloop
  endfacet
  facet normal 0 -0.9569403357322094 -0.2902846772544608
    outer loop
      vertex 0 31.327334976685485 69.33165354742742
      vertex 3 31.327334976685485 69.33165354742742
      vertex 0 31.230595205269182 69.65056183502065
    endloop
  endfacet
  facet normal 0 -0.8819212643483643 -0.4713967368259802
    outer loop
      vertex 0 31.230595205269182 69.65056183502065
      vertex 3 31.230595205269182 69.65056183502065
      vertex 0 31.073498340914327 69.94446939613333
    endloop
  endfacet
  facet normal 0 -0.7730104533627293 -0.6343932841636547
    outer loop
      vertex 0 31.073498340914327 69.94446939613333
      vertex 3 31.073498340914327 69.94446939613333
      vertex 0 30.86208152801713 70.20208152801713
    endloop
  endfacet
  facet normal 0 -0.6343932841636443 -0.773010453362738
    outer loop
      vertex 0 30.86208152801713 70.20208152801713
      vertex 3 30.86208152801713 70.20208152801713
      vertex 0 30.604469396133318 70.41349834091433
    endloop
  endfacet
  facet normal 0 -0.47139673682598915 -0.8819212643483596
    outer loop
      vertex 0 30.604469396133318 70.41349834091433
      vertex 3 30.604469396133318 70.41349834091433
      vertex 0 30.31056183502065 70.57059520526919
    endloop
  endfacet
  facet normal 5.316792407652835e-19 -0.9951847266721952 -0.09801714032957808
    outer loop
      vertex 3 31.36 69
      vertex 3 31.327334976685485 69.33165354742742
      vertex 0 31.327334976685485 69.33165354742742
    endloop
  endfacet
  facet normal 0 -0.9569403357322094 -0.2902846772544608
    outer loop
      vertex 0 31.230595205269182 69.65056183502065
      vertex 3 31.327334976685485 69.33165354742742
      vertex 3 31.230595205269182 69.65056183502065
    endloop
  endfacet
  facet normal 0 -0.8819212643483643 -0.4713967368259802
    outer loop
      vertex 0 31.073498340914327 69.94446939613333
      vertex 3 31.230595205269182 69.65056183502065
      vertex 3 31.073498340914327 69.94446939613333
    endloop
  endfacet
  facet normal 0 -0.7730104533627293 -0.6343932841636547
    outer loop
      vertex 0 30.86208152801713 70.20208152801713
      vertex 3 31.073498340914327 69.94446939613333
      vertex 3 30.86208152801713 70.20208152801713
    endloop
  endfacet
  facet normal 0 -0.6343932841636443 -0.773010453362738
    outer loop
      vertex 0 30.604469396133318 70.41349834091433
      vertex 3 30.86208152801713 70.20208152801713
      vertex 3 30.604469396133318 70.41349834091433
    endloop
  endfacet
  facet normal 0 -0.47139673682598915 -0.8819212643483596
    outer loop
      vertex 0 30.31056183502065 70.57059520526919
      vertex 3 30.604469396133318 70.41349834091433
      vertex 3 30.31056183502065 70.57059520526919
    endloop
  endfacet
  facet normal 0 -0.2902846772544744 -0.9569403357322052
    outer loop
      vertex 0 30.31056183502065 70.57059520526919
      vertex 3 30.31056183502065 70.57059520526919
      vertex 0 29.99165354742741 70.6673349766855
    endloop
  endfacet
  facet normal 0 -0.09801714032955904 -0.995184726672197
    outer loop
      vertex 0 29.99165354742741 70.6673349766855
      vertex 3 29.99165354742741 70.6673349766855
      vertex 0 29.659999999999997 70.7
    endloop
  endfacet
  facet normal 0 0.47139673682598915 -0.8819212643483596
    outer loop
      vertex 0 29.009438164979343 70.57059520526919
      vertex 3 29.009438164979343 70.57059520526919
      vertex 0 28.715530603866675 70.41349834091433
    endloop
  endfacet
  facet normal 0 0.09801714032955904 -0.995184726672197
    outer loop
      vertex 0 29.659999999999997 70.7
      vertex 3 29.659999999999997 70.7
      vertex 0 29.328346452572582 70.6673349766855
    endloop
  endfacet
  facet normal 1.0774187263117404e-18 0.2902846772544744 -0.9569403357322052
    outer loop
      vertex 0 29.009438164979343 70.57059520526919
      vertex 0 29.328346452572582 70.6673349766855
      vertex 3 29.328346452572582 70.6673349766855
    endloop
  endfacet
  facet normal -1.0774187263117404e-18 -0.2902846772544744 -0.9569403357322052
    outer loop
      vertex 3 30.31056183502065 70.57059520526919
      vertex 3 29.99165354742741 70.6673349766855
      vertex 0 29.99165354742741 70.6673349766855
    endloop
  endfacet
  facet normal 0 -0.09801714032955904 -0.995184726672197
    outer loop
      vertex 0 29.659999999999997 70.7
      vertex 3 29.99165354742741 70.6673349766855
      vertex 3 29.659999999999997 70.7
    endloop
  endfacet
  facet normal 0 0.09801714032955904 -0.995184726672197
    outer loop
      vertex 0 29.328346452572582 70.6673349766855
      vertex 3 29.659999999999997 70.7
      vertex 3 29.328346452572582 70.6673349766855
    endloop
  endfacet
  facet normal 0 0.2902846772544744 -0.9569403357322052
    outer loop
      vertex 0 29.009438164979343 70.57059520526919
      vertex 3 29.328346452572582 70.6673349766855
      vertex 3 29.009438164979343 70.57059520526919
    endloop
  endfacet
  facet normal -5.316792407652835e-19 0.9951847266721952 -0.09801714032957808
    outer loop
      vertex 0 27.959999999999994 69
      vertex 0 27.99266502331451 69.33165354742742
      vertex 3 27.99266502331451 69.33165354742742
    endloop
  endfacet
  facet normal 2.1949204050354854e-19 0.9569403357322094 -0.2902846772544608
    outer loop
      vertex 0 27.99266502331451 69.33165354742742
      vertex 0 28.08940479473081 69.65056183502065
      vertex 3 28.08940479473081 69.65056183502065
    endloop
  endfacet
  facet normal 0 0.8819212643483643 -0.4713967368259802
    outer loop
      vertex 0 28.246501659085666 69.94446939613333
      vertex 3 28.246501659085666 69.94446939613333
      vertex 0 28.08940479473081 69.65056183502065
    endloop
  endfacet
  facet normal 0 0.6343932841636443 -0.773010453362738
    outer loop
      vertex 0 28.715530603866675 70.41349834091433
      vertex 3 28.715530603866675 70.41349834091433
      vertex 0 28.457918471982865 70.20208152801713
    endloop
  endfacet
  facet normal 3.0870772451920244e-18 0.7730104533627293 -0.6343932841636547
    outer loop
      vertex 0 28.246501659085666 69.94446939613333
      vertex 0 28.457918471982865 70.20208152801713
      vertex 3 28.457918471982865 70.20208152801713
    endloop
  endfacet
  facet normal 0 0.7730104533627293 -0.6343932841636547
    outer loop
      vertex 0 28.246501659085666 69.94446939613333
      vertex 3 28.457918471982865 70.20208152801713
      vertex 3 28.246501659085666 69.94446939613333
    endloop
  endfacet
  facet normal 0 0.9951847266721952 -0.09801714032957808
    outer loop
      vertex 0 27.959999999999994 69
      vertex 3 27.99266502331451 69.33165354742742
      vertex 3 27.959999999999994 69
    endloop
  endfacet
  facet normal 0 0.9569403357322094 -0.2902846772544608
    outer loop
      vertex 0 27.99266502331451 69.33165354742742
      vertex 3 28.08940479473081 69.65056183502065
      vertex 3 27.99266502331451 69.33165354742742
    endloop
  endfacet
  facet normal 0 0.8819212643483643 -0.4713967368259802
    outer loop
      vertex 0 28.08940479473081 69.65056183502065
      vertex 3 28.246501659085666 69.94446939613333
      vertex 3 28.08940479473081 69.65056183502065
    endloop
  endfacet
  facet normal 0 0.47139673682598915 -0.8819212643483596
    outer loop
      vertex 0 28.715530603866675 70.41349834091433
      vertex 3 29.009438164979343 70.57059520526919
      vertex 3 28.715530603866675 70.41349834091433
    endloop
  endfacet
  facet normal 0 0.6343932841636443 -0.773010453362738
    outer loop
      vertex 0 28.457918471982865 70.20208152801713
      vertex 3 28.715530603866675 70.41349834091433
      vertex 3 28.457918471982865 70.20208152801713
    endloop
  endfacet
  facet normal 0 -0.7730104533627381 0.6343932841636439
    outer loop
      vertex 3 31.92274169979695 66.73725830020305
      vertex 6 31.92274169979695 66.73725830020305
      vertex 3 32.32070275936814 67.22217525433727
    endloop
  endfacet
  facet normal 0 -0.6343932841636519 0.7730104533627317
    outer loop
      vertex 3 31.92274169979695 66.73725830020305
      vertex 6 31.437824745662724 66.33929724063185
      vertex 6 31.92274169979695 66.73725830020305
    endloop
  endfacet
  facet normal 1.7949982641009738e-19 -0.29028467725446716 0.9569403357322075
    outer loop
      vertex 3 30.884586983568283 66.04358549596388
      vertex 3 30.28428903045161 65.86148710270966
      vertex 6 30.28428903045161 65.86148710270966
    endloop
  endfacet
  facet normal -8.430289923695627e-19 -0.6343932841636519 0.7730104533627317
    outer loop
      vertex 3 31.92274169979695 66.73725830020305
      vertex 3 31.437824745662724 66.33929724063185
      vertex 6 31.437824745662724 66.33929724063185
    endloop
  endfacet
  facet normal -5.6245799574132245e-18 -0.47139673682599254 0.8819212643483578
    outer loop
      vertex 3 31.437824745662724 66.33929724063185
      vertex 3 30.884586983568283 66.04358549596388
      vertex 6 30.884586983568283 66.04358549596388
    endloop
  endfacet
  facet normal 0 -0.29028467725446716 0.9569403357322075
    outer loop
      vertex 3 30.884586983568283 66.04358549596388
      vertex 6 30.28428903045161 65.86148710270966
      vertex 6 30.884586983568283 66.04358549596388
    endloop
  endfacet
  facet normal 0 -0.47139673682599254 0.8819212643483578
    outer loop
      vertex 3 31.437824745662724 66.33929724063185
      vertex 6 30.884586983568283 66.04358549596388
      vertex 6 31.437824745662724 66.33929724063185
    endloop
  endfacet
  facet normal 3.650247820489784e-18 -0.8819212643483532 0.47139673682600136
    outer loop
      vertex 3 32.616414504036115 67.77541301643171
      vertex 3 32.32070275936814 67.22217525433727
      vertex 6 32.32070275936814 67.22217525433727
    endloop
  endfacet
  facet normal 0 -0.9569403357322084 0.290284677254464
    outer loop
      vertex 3 32.616414504036115 67.77541301643171
      vertex 6 32.616414504036115 67.77541301643171
      vertex 3 32.79851289729034 68.3757109695484
    endloop
  endfacet
  facet normal 1 0 0
    outer loop
      vertex 3 32.616414504036115 67.77541301643171
      vertex 3 30.86208152801713 67.79791847198287
      vertex 3 32.32070275936814 67.22217525433727
    endloop
  endfacet
  facet normal 0 -0.9951847266721968 0.09801714032956128
    outer loop
      vertex 3 32.79851289729034 68.3757109695484
      vertex 6 32.79851289729034 68.3757109695484
      vertex 3 32.86 69
    endloop
  endfacet
  facet normal 1 0 0
    outer loop
      vertex 3 32.616414504036115 67.77541301643171
      vertex 3 32.79851289729034 68.3757109695484
      vertex 3 31.327334976685485 68.66834645257258
    endloop
  endfacet
  facet normal 1 0 0
    outer loop
      vertex 3 32.616414504036115 67.77541301643171
      vertex 3 31.327334976685485 68.66834645257258
      vertex 3 31.230595205269182 68.34943816497935
    endloop
  endfacet
  facet normal 1 0 0
    outer loop
      vertex 3 32.79851289729034 68.3757109695484
      vertex 3 32.86 69
      vertex 3 31.36 69
    endloop
  endfacet
  facet normal 1 0 0
    outer loop
      vertex 3 32.79851289729034 68.3757109695484
      vertex 3 31.36 69
      vertex 3 31.327334976685485 68.66834645257258
    endloop
  endfacet
  facet normal 0 -0.8819212643483532 0.47139673682600136
    outer loop
      vertex 3 32.616414504036115 67.77541301643171
      vertex 6 32.32070275936814 67.22217525433727
      vertex 6 32.616414504036115 67.77541301643171
    endloop
  endfacet
  facet normal 0 -0.7730104533627381 0.6343932841636439
    outer loop
      vertex 3 32.32070275936814 67.22217525433727
      vertex 6 31.92274169979695 66.73725830020305
      vertex 6 32.32070275936814 67.22217525433727
    endloop
  endfacet
  facet normal 0 -0.9569403357322084 0.290284677254464
    outer loop
      vertex 3 32.79851289729034 68.3757109695484
      vertex 6 32.616414504036115 67.77541301643171
      vertex 6 32.79851289729034 68.3757109695484
    endloop
  endfacet
  facet normal 0 -0.9951847266721968 0.09801714032956128
    outer loop
      vertex 3 32.86 69
      vertex 6 32.79851289729034 68.3757109695484
      vertex 6 32.86 69
    endloop
  endfacet
  facet normal 1 0 0
    outer loop
      vertex 3 32.32070275936814 67.22217525433727
      vertex 3 30.86208152801713 67.79791847198287
      vertex 3 30.604469396133318 67.58650165908567
    endloop
  endfacet
  facet normal 1 0 0
    outer loop
      vertex 3 32.32070275936814 67.22217525433727
      vertex 3 30.604469396133318 67.58650165908567
      vertex 3 30.31056183502065 67.42940479473081
    endloop
  endfacet
  facet normal 1 0 0
    outer loop
      vertex 3 32.616414504036115 67.77541301643171
      vertex 3 31.073498340914327 68.05553060386667
      vertex 3 30.86208152801713 67.79791847198287
    endloop
  endfacet
  facet normal 1 0 0
    outer loop
      vertex 3 32.32070275936814 67.22217525433727
      vertex 3 29.99165354742741 67.33266502331452
      vertex 3 29.659999999999997 67.3
    endloop
  endfacet
  facet normal 1 0 0
    outer loop
      vertex 3 32.32070275936814 67.22217525433727
      vertex 3 30.31056183502065 67.42940479473081
      vertex 3 29.99165354742741 67.33266502331452
    endloop
  endfacet
  facet normal 1 0 0
    outer loop
      vertex 3 31.92274169979695 66.73725830020305
      vertex 3 32.32070275936814 67.22217525433727
      vertex 3 26.999297240631854 67.22217525433727
    endloop
  endfacet
  facet normal 1 0 0
    outer loop
      vertex 3 32.616414504036115 67.77541301643171
      vertex 3 31.230595205269182 68.34943816497935
      vertex 3 31.073498340914327 68.05553060386667
    endloop
  endfacet
  facet normal 1 0 0
    outer loop
      vertex 3 30.884586983568283 66.04358549596388
      vertex 3 28.43541301643171 66.04358549596388
      vertex 3 30.28428903045161 65.86148710270966
    endloop
  endfacet
  facet normal 1 0 0
    outer loop
      vertex 3 30.28428903045161 65.86148710270966
      vertex 3 29.035710969548383 65.86148710270966
      vertex 3 29.659999999999997 65.8
    endloop
  endfacet
  facet normal 4.056075034287462e-19 -0.09801714032956017 0.9951847266721969
    outer loop
      vertex 3 30.28428903045161 65.86148710270966
      vertex 3 29.659999999999997 65.8
      vertex 6 29.659999999999997 65.8
    endloop
  endfacet
  facet normal 1 0 0
    outer loop
      vertex 3 30.28428903045161 65.86148710270966
      vertex 3 28.43541301643171 66.04358549596388
      vertex 3 29.035710969548383 65.86148710270966
    endloop
  endfacet
  facet normal -4.056075034287462e-19 0.09801714032956017 0.9951847266721969
    outer loop
      vertex 3 29.659999999999997 65.8
      vertex 3 29.035710969548383 65.86148710270966
      vertex 6 29.035710969548383 65.86148710270966
    endloop
  endfacet
  facet normal 1 0 0
    outer loop
      vertex 3 31.437824745662724 66.33929724063185
      vertex 3 27.88217525433727 66.33929724063185
      vertex 3 30.884586983568283 66.04358549596388
    endloop
  endfacet
  facet normal 1 0 0
    outer loop
      vertex 3 31.92274169979695 66.73725830020305
      vertex 3 27.397258300203042 66.73725830020305
      vertex 3 31.437824745662724 66.33929724063185
    endloop
  endfacet
  facet normal 1 0 0
    outer loop
      vertex 3 30.884586983568283 66.04358549596388
      vertex 3 27.88217525433727 66.33929724063185
      vertex 3 28.43541301643171 66.04358549596388
    endloop
  endfacet
  facet normal 0 -0.09801714032956017 0.9951847266721969
    outer loop
      vertex 3 30.28428903045161 65.86148710270966
      vertex 6 29.659999999999997 65.8
      vertex 6 30.28428903045161 65.86148710270966
    endloop
  endfacet
  facet normal 0 0.09801714032956017 0.9951847266721969
    outer loop
      vertex 3 29.659999999999997 65.8
      vertex 6 29.035710969548383 65.86148710270966
      vertex 6 29.659999999999997 65.8
    endloop
  endfacet
  facet normal -1.7949982641009738e-19 0.29028467725446716 0.9569403357322075
    outer loop
      vertex 3 29.035710969548383 65.86148710270966
      vertex 3 28.43541301643171 66.04358549596388
      vertex 6 28.43541301643171 66.04358549596388
    endloop
  endfacet
  facet normal 1 0 0
    outer loop
      vertex 3 31.437824745662724 66.33929724063185
      vertex 3 27.397258300203042 66.73725830020305
      vertex 3 27.88217525433727 66.33929724063185
    endloop
  endfacet
  facet normal 1 0 0
    outer loop
      vertex 3 31.92274169979695 66.73725830020305
      vertex 3 26.999297240631854 67.22217525433727
      vertex 3 27.397258300203042 66.73725830020305
    endloop
  endfacet
  facet normal 5.6245799574132245e-18 0.47139673682599254 0.8819212643483578
    outer loop
      vertex 3 28.43541301643171 66.04358549596388
      vertex 3 27.88217525433727 66.33929724063185
      vertex 6 27.88217525433727 66.33929724063185
    endloop
  endfacet
  facet normal 8.430289923695627e-19 0.6343932841636519 0.7730104533627317
    outer loop
      vertex 3 27.88217525433727 66.33929724063185
      vertex 3 27.397258300203042 66.73725830020305
      vertex 6 27.397258300203042 66.73725830020305
    endloop
  endfacet
  facet normal 0 0.29028467725446716 0.9569403357322075
    outer loop
      vertex 3 29.035710969548383 65.86148710270966
      vertex 6 28.43541301643171 66.04358549596388
      vertex 6 29.035710969548383 65.86148710270966
    endloop
  endfacet
  facet normal 0 0.47139673682599254 0.8819212643483578
    outer loop
      vertex 3 28.43541301643171 66.04358549596388
      vertex 6 27.88217525433727 66.33929724063185
      vertex 6 28.43541301643171 66.04358549596388
    endloop
  endfacet
  facet normal 0 0.6343932841636519 0.7730104533627317
    outer loop
      vertex 3 27.88217525433727 66.33929724063185
      vertex 6 27.397258300203042 66.73725830020305
      vertex 6 27.88217525433727 66.33929724063185
    endloop
  endfacet
  facet normal 1 0 0
    outer loop
      vertex 3 32.32070275936814 67.22217525433727
      vertex 3 29.659999999999997 67.3
      vertex 3 26.999297240631854 67.22217525433727
    endloop
  endfacet
  facet normal 1 0 0
    outer loop
      vertex 3 29.659999999999997 67.3
      vertex 3 29.328346452572582 67.33266502331452
      vertex 3 26.999297240631854 67.22217525433727
    endloop
  endfacet
  facet normal 1 0 0
    outer loop
      vertex 3 29.328346452572582 67.33266502331452
      vertex 3 29.009438164979343 67.42940479473081
      vertex 3 26.999297240631854 67.22217525433727
    endloop
  endfacet
  facet normal 1 0 0
    outer loop
      vertex 3 29.009438164979343 67.42940479473081
      vertex 3 26.70358549596388 67.77541301643171
      vertex 3 26.999297240631854 67.22217525433727
    endloop
  endfacet
  facet normal 1 0 0
    outer loop
      vertex 3 29.009438164979343 67.42940479473081
      vertex 3 28.715530603866675 67.58650165908567
      vertex 3 26.70358549596388 67.77541301643171
    endloop
  endfacet
  facet normal 1 0 0
    outer loop
      vertex 3 28.715530603866675 67.58650165908567
      vertex 3 28.457918471982865 67.79791847198287
      vertex 3 26.70358549596388 67.77541301643171
    endloop
  endfacet
  facet normal 1 0 0
    outer loop
      vertex 3 28.457918471982865 67.79791847198287
      vertex 3 28.246501659085666 68.05553060386667
      vertex 3 26.70358549596388 67.77541301643171
    endloop
  endfacet
  facet normal 1 0 0
    outer loop
      vertex 3 28.246501659085666 68.05553060386667
      vertex 3 28.08940479473081 68.34943816497935
      vertex 3 26.521487102709656 68.3757109695484
    endloop
  endfacet
  facet normal 1 0 0
    outer loop
      vertex 3 28.08940479473081 68.34943816497935
      vertex 3 27.99266502331451 68.66834645257258
      vertex 3 26.521487102709656 68.3757109695484
    endloop
  endfacet
  facet normal 0 -0.9951847266721968 -0.09801714032956128
    outer loop
      vertex 3 32.86 69
      vertex 6 32.86 69
      vertex 3 32.79851289729034 69.6242890304516
    endloop
  endfacet
  facet normal 0 -0.9569403357322084 -0.290284677254464
    outer loop
      vertex 3 32.79851289729034 69.6242890304516
      vertex 6 32.79851289729034 69.6242890304516
      vertex 3 32.616414504036115 70.22458698356829
    endloop
  endfacet
  facet normal 1 0 0
    outer loop
      vertex 3 32.86 69
      vertex 3 32.79851289729034 69.6242890304516
      vertex 3 31.327334976685485 69.33165354742742
    endloop
  endfacet
  facet normal 1 0 0
    outer loop
      vertex 3 32.86 69
      vertex 3 31.327334976685485 69.33165354742742
      vertex 3 31.36 69
    endloop
  endfacet
  facet normal 1 0 0
    outer loop
      vertex 3 32.79851289729034 69.6242890304516
      vertex 3 31.230595205269182 69.65056183502065
      vertex 3 31.327334976685485 69.33165354742742
    endloop
  endfacet
  facet normal 1 0 0
    outer loop
      vertex 3 32.79851289729034 69.6242890304516
      vertex 3 32.616414504036115 70.22458698356829
      vertex 3 31.073498340914327 69.94446939613333
    endloop
  endfacet
  facet normal 1 0 0
    outer loop
      vertex 3 32.79851289729034 69.6242890304516
      vertex 3 31.073498340914327 69.94446939613333
      vertex 3 31.230595205269182 69.65056183502065
    endloop
  endfacet
  facet normal 0 -0.8819212643483532 -0.47139673682600136
    outer loop
      vertex 3 32.616414504036115 70.22458698356829
      vertex 6 32.616414504036115 70.22458698356829
      vertex 3 32.32070275936814 70.77782474566273
    endloop
  endfacet
  facet normal 1 0 0
    outer loop
      vertex 3 32.616414504036115 70.22458698356829
      vertex 3 32.32070275936814 70.77782474566273
      vertex 3 30.31056183502065 70.57059520526919
    endloop
  endfacet
  facet normal 0 -0.7730104533627381 -0.6343932841636439
    outer loop
      vertex 3 32.32070275936814 70.77782474566273
      vertex 6 32.32070275936814 70.77782474566273
      vertex 3 31.92274169979695 71.26274169979695
    endloop
  endfacet
  facet normal 0 -0.9951847266721968 -0.09801714032956128
    outer loop
      vertex 3 32.79851289729034 69.6242890304516
      vertex 6 32.86 69
      vertex 6 32.79851289729034 69.6242890304516
    endloop
  endfacet
  facet normal 0 -0.9569403357322084 -0.290284677254464
    outer loop
      vertex 3 32.616414504036115 70.22458698356829
      vertex 6 32.79851289729034 69.6242890304516
      vertex 6 32.616414504036115 70.22458698356829
    endloop
  endfacet
  facet normal 0 -0.8819212643483532 -0.47139673682600136
    outer loop
      vertex 3 32.32070275936814 70.77782474566273
      vertex 6 32.616414504036115 70.22458698356829
      vertex 6 32.32070275936814 70.77782474566273
    endloop
  endfacet
  facet normal 1 0 0
    outer loop
      vertex 3 32.616414504036115 70.22458698356829
      vertex 3 30.86208152801713 70.20208152801713
      vertex 3 31.073498340914327 69.94446939613333
    endloop
  endfacet
  facet normal 1 0 0
    outer loop
      vertex 3 32.616414504036115 70.22458698356829
      vertex 3 30.604469396133318 70.41349834091433
      vertex 3 30.86208152801713 70.20208152801713
    endloop
  endfacet
  facet normal 1 0 0
    outer loop
      vertex 3 32.616414504036115 70.22458698356829
      vertex 3 30.31056183502065 70.57059520526919
      vertex 3 30.604469396133318 70.41349834091433
    endloop
  endfacet
  facet normal 1 0 0
    outer loop
      vertex 3 32.32070275936814 70.77782474566273
      vertex 3 29.99165354742741 70.6673349766855
      vertex 3 30.31056183502065 70.57059520526919
    endloop
  endfacet
  facet normal 1 0 0
    outer loop
      vertex 3 32.32070275936814 70.77782474566273
      vertex 3 29.659999999999997 70.7
      vertex 3 29.99165354742741 70.6673349766855
    endloop
  endfacet
  facet normal 0 -0.6343932841636519 -0.7730104533627317
    outer loop
      vertex 3 31.92274169979695 71.26274169979695
      vertex 6 31.92274169979695 71.26274169979695
      vertex 3 31.437824745662724 71.66070275936815
    endloop
  endfacet
  facet normal 0 -0.7730104533627381 -0.6343932841636439
    outer loop
      vertex 3 31.92274169979695 71.26274169979695
      vertex 6 32.32070275936814 70.77782474566273
      vertex 6 31.92274169979695 71.26274169979695
    endloop
  endfacet
  facet normal 0 -0.47139673682599254 -0.8819212643483578
    outer loop
      vertex 3 31.437824745662724 71.66070275936815
      vertex 6 31.437824745662724 71.66070275936815
      vertex 3 30.884586983568283 71.95641450403612
    endloop
  endfacet
  facet normal 1 0 0
    outer loop
      vertex 3 32.32070275936814 70.77782474566273
      vertex 3 31.92274169979695 71.26274169979695
      vertex 3 27.397258300203042 71.26274169979695
    endloop
  endfacet
  facet normal 1 0 0
    outer loop
      vertex 3 31.92274169979695 71.26274169979695
      vertex 3 31.437824745662724 71.66070275936815
      vertex 3 27.88217525433727 71.66070275936815
    endloop
  endfacet
  facet normal 0 -0.29028467725446716 -0.9569403357322075
    outer loop
      vertex 3 30.884586983568283 71.95641450403612
      vertex 6 30.884586983568283 71.95641450403612
      vertex 3 30.28428903045161 72.13851289729034
    endloop
  endfacet
  facet normal 0 -0.6343932841636519 -0.7730104533627317
    outer loop
      vertex 3 31.437824745662724 71.66070275936815
      vertex 6 31.92274169979695 71.26274169979695
      vertex 6 31.437824745662724 71.66070275936815
    endloop
  endfacet
  facet normal 0 -0.47139673682599254 -0.8819212643483578
    outer loop
      vertex 3 30.884586983568283 71.95641450403612
      vertex 6 31.437824745662724 71.66070275936815
      vertex 6 30.884586983568283 71.95641450403612
    endloop
  endfacet
  facet normal 0 -0.29028467725446716 -0.9569403357322075
    outer loop
      vertex 3 30.28428903045161 72.13851289729034
      vertex 6 30.884586983568283 71.95641450403612
      vertex 6 30.28428903045161 72.13851289729034
    endloop
  endfacet
  facet normal 1 0 0
    outer loop
      vertex 3 32.32070275936814 70.77782474566273
      vertex 3 26.999297240631854 70.77782474566273
      vertex 3 29.659999999999997 70.7
    endloop
  endfacet
  facet normal 1 0 0
    outer loop
      vertex 3 27.99266502331451 69.33165354742742
      vertex 3 28.08940479473081 69.65056183502065
      vertex 3 26.70358549596388 70.22458698356829
    endloop
  endfacet
  facet normal 1 0 0
    outer loop
      vertex 3 28.246501659085666 69.94446939613333
      vertex 3 26.70358549596388 70.22458698356829
      vertex 3 28.08940479473081 69.65056183502065
    endloop
  endfacet
  facet normal 1 0 0
    outer loop
      vertex 3 29.659999999999997 70.7
      vertex 3 26.999297240631854 70.77782474566273
      vertex 3 29.328346452572582 70.6673349766855
    endloop
  endfacet
  facet normal 1 0 0
    outer loop
      vertex 3 32.32070275936814 70.77782474566273
      vertex 3 27.397258300203042 71.26274169979695
      vertex 3 26.999297240631854 70.77782474566273
    endloop
  endfacet
  facet normal 1 0 0
    outer loop
      vertex 3 29.009438164979343 70.57059520526919
      vertex 3 29.328346452572582 70.6673349766855
      vertex 3 26.999297240631854 70.77782474566273
    endloop
  endfacet
  facet normal 1 0 0
    outer loop
      vertex 3 29.009438164979343 70.57059520526919
      vertex 3 26.999297240631854 70.77782474566273
      vertex 3 28.715530603866675 70.41349834091433
    endloop
  endfacet
  facet normal 1 0 0
    outer loop
      vertex 3 28.715530603866675 70.41349834091433
      vertex 3 26.999297240631854 70.77782474566273
      vertex 3 28.457918471982865 70.20208152801713
    endloop
  endfacet
  facet normal 1 0 0
    outer loop
      vertex 3 28.246501659085666 69.94446939613333
      vertex 3 28.457918471982865 70.20208152801713
      vertex 3 26.70358549596388 70.22458698356829
    endloop
  endfacet
  facet normal 1 0 0
    outer loop
      vertex 3 31.437824745662724 71.66070275936815
      vertex 3 30.884586983568283 71.95641450403612
      vertex 3 28.43541301643171 71.95641450403612
    endloop
  endfacet
  facet normal 1 0 0
    outer loop
      vertex 3 30.884586983568283 71.95641450403612
      vertex 3 30.28428903045161 72.13851289729034
      vertex 3 29.035710969548383 72.13851289729034
    endloop
  endfacet
  facet normal 1 0 0
    outer loop
      vertex 3 31.92274169979695 71.26274169979695
      vertex 3 27.88217525433727 71.66070275936815
      vertex 3 27.397258300203042 71.26274169979695
    endloop
  endfacet
  facet normal 1 0 0
    outer loop
      vertex 3 30.884586983568283 71.95641450403612
      vertex 3 29.035710969548383 72.13851289729034
      vertex 3 28.43541301643171 71.95641450403612
    endloop
  endfacet
  facet normal 1 0 0
    outer loop
      vertex 3 31.437824745662724 71.66070275936815
      vertex 3 28.43541301643171 71.95641450403612
      vertex 3 27.88217525433727 71.66070275936815
    endloop
  endfacet
  facet normal 1 0 0
    outer loop
      vertex 3 30.28428903045161 72.13851289729034
      vertex 3 29.659999999999997 72.2
      vertex 3 29.035710969548383 72.13851289729034
    endloop
  endfacet
  facet normal 0 -0.09801714032956017 -0.9951847266721969
    outer loop
      vertex 3 30.28428903045161 72.13851289729034
      vertex 6 30.28428903045161 72.13851289729034
      vertex 3 29.659999999999997 72.2
    endloop
  endfacet
  facet normal 0 0.09801714032956017 -0.9951847266721969
    outer loop
      vertex 3 29.659999999999997 72.2
      vertex 6 29.659999999999997 72.2
      vertex 3 29.035710969548383 72.13851289729034
    endloop
  endfacet
  facet normal 0 -0.09801714032956017 -0.9951847266721969
    outer loop
      vertex 3 29.659999999999997 72.2
      vertex 6 30.28428903045161 72.13851289729034
      vertex 6 29.659999999999997 72.2
    endloop
  endfacet
  facet normal 0 0.09801714032956017 -0.9951847266721969
    outer loop
      vertex 3 29.035710969548383 72.13851289729034
      vertex 6 29.659999999999997 72.2
      vertex 6 29.035710969548383 72.13851289729034
    endloop
  endfacet
  facet normal 0 0.29028467725446716 -0.9569403357322075
    outer loop
      vertex 3 29.035710969548383 72.13851289729034
      vertex 6 29.035710969548383 72.13851289729034
      vertex 3 28.43541301643171 71.95641450403612
    endloop
  endfacet
  facet normal 0 0.47139673682599254 -0.8819212643483578
    outer loop
      vertex 3 28.43541301643171 71.95641450403612
      vertex 6 28.43541301643171 71.95641450403612
      vertex 3 27.88217525433727 71.66070275936815
    endloop
  endfacet
  facet normal 0 0.6343932841636519 -0.7730104533627317
    outer loop
      vertex 3 27.88217525433727 71.66070275936815
      vertex 6 27.88217525433727 71.66070275936815
      vertex 3 27.397258300203042 71.26274169979695
    endloop
  endfacet
  facet normal 0 0.29028467725446716 -0.9569403357322075
    outer loop
      vertex 3 28.43541301643171 71.95641450403612
      vertex 6 29.035710969548383 72.13851289729034
      vertex 6 28.43541301643171 71.95641450403612
    endloop
  endfacet
  facet normal -8.430289923695627e-19 0.6343932841636519 -0.7730104533627317
    outer loop
      vertex 6 27.88217525433727 71.66070275936815
      vertex 6 27.397258300203042 71.26274169979695
      vertex 3 27.397258300203042 71.26274169979695
    endloop
  endfacet
  facet normal 0 0.47139673682599254 -0.8819212643483578
    outer loop
      vertex 3 27.88217525433727 71.66070275936815
      vertex 6 28.43541301643171 71.95641450403612
      vertex 6 27.88217525433727 71.66070275936815
    endloop
  endfacet
  facet normal 0 0.7730104533627381 0.6343932841636439
    outer loop
      vertex 3 27.397258300203042 66.73725830020305
      vertex 6 26.999297240631854 67.22217525433727
      vertex 6 27.397258300203042 66.73725830020305
    endloop
  endfacet
  facet normal 3.1365896900986452e-18 0.7730104533627381 0.6343932841636439
    outer loop
      vertex 3 27.397258300203042 66.73725830020305
      vertex 3 26.999297240631854 67.22217525433727
      vertex 6 26.999297240631854 67.22217525433727
    endloop
  endfacet
  facet normal -3.650247820489784e-18 0.8819212643483532 0.47139673682600136
    outer loop
      vertex 3 26.999297240631854 67.22217525433727
      vertex 3 26.70358549596388 67.77541301643171
      vertex 6 26.70358549596388 67.77541301643171
    endloop
  endfacet
  facet normal 1 0 0
    outer loop
      vertex 3 28.246501659085666 68.05553060386667
      vertex 3 26.521487102709656 68.3757109695484
      vertex 3 26.70358549596388 67.77541301643171
    endloop
  endfacet
  facet normal 1 0 0
    outer loop
      vertex 3 27.99266502331451 68.66834645257258
      vertex 3 27.959999999999994 69
      vertex 3 26.459999999999994 69
    endloop
  endfacet
  facet normal 1 0 0
    outer loop
      vertex 3 27.99266502331451 68.66834645257258
      vertex 3 26.459999999999994 69
      vertex 3 26.521487102709656 68.3757109695484
    endloop
  endfacet
  facet normal -1.90785350710605e-18 0.9569403357322084 0.290284677254464
    outer loop
      vertex 3 26.70358549596388 67.77541301643171
      vertex 3 26.521487102709656 68.3757109695484
      vertex 6 26.521487102709656 68.3757109695484
    endloop
  endfacet
  facet normal -5.427934442137045e-19 0.9951847266721968 0.09801714032956128
    outer loop
      vertex 3 26.521487102709656 68.3757109695484
      vertex 3 26.459999999999994 69
      vertex 6 26.459999999999994 69
    endloop
  endfacet
  facet normal 0 0.8819212643483532 0.47139673682600136
    outer loop
      vertex 3 26.999297240631854 67.22217525433727
      vertex 6 26.70358549596388 67.77541301643171
      vertex 6 26.999297240631854 67.22217525433727
    endloop
  endfacet
  facet normal 0 0.9569403357322084 0.290284677254464
    outer loop
      vertex 3 26.70358549596388 67.77541301643171
      vertex 6 26.521487102709656 68.3757109695484
      vertex 6 26.70358549596388 67.77541301643171
    endloop
  endfacet
  facet normal 0 0.9951847266721968 0.09801714032956128
    outer loop
      vertex 3 26.521487102709656 68.3757109695484
      vertex 6 26.459999999999994 69
      vertex 6 26.521487102709656 68.3757109695484
    endloop
  endfacet
  facet normal 1 0 0
    outer loop
      vertex 3 27.959999999999994 69
      vertex 3 27.99266502331451 69.33165354742742
      vertex 3 26.521487102709656 69.6242890304516
    endloop
  endfacet
  facet normal 1 0 0
    outer loop
      vertex 3 27.959999999999994 69
      vertex 3 26.521487102709656 69.6242890304516
      vertex 3 26.459999999999994 69
    endloop
  endfacet
  facet normal 1 0 0
    outer loop
      vertex 3 27.99266502331451 69.33165354742742
      vertex 3 26.70358549596388 70.22458698356829
      vertex 3 26.521487102709656 69.6242890304516
    endloop
  endfacet
  facet normal 5.427934442137045e-19 0.9951847266721968 -0.09801714032956128
    outer loop
      vertex 3 26.459999999999994 69
      vertex 3 26.521487102709656 69.6242890304516
      vertex 6 26.521487102709656 69.6242890304516
    endloop
  endfacet
  facet normal 1.90785350710605e-18 0.9569403357322084 -0.290284677254464
    outer loop
      vertex 3 26.521487102709656 69.6242890304516
      vertex 3 26.70358549596388 70.22458698356829
      vertex 6 26.70358549596388 70.22458698356829
    endloop
  endfacet
  facet normal 1 0 0
    outer loop
      vertex 3 28.457918471982865 70.20208152801713
      vertex 3 26.999297240631854 70.77782474566273
      vertex 3 26.70358549596388 70.22458698356829
    endloop
  endfacet
  facet normal 0 0.8819212643483532 -0.47139673682600136
    outer loop
      vertex 3 26.999297240631854 70.77782474566273
      vertex 6 26.999297240631854 70.77782474566273
      vertex 3 26.70358549596388 70.22458698356829
    endloop
  endfacet
  facet normal 0 0.9951847266721968 -0.09801714032956128
    outer loop
      vertex 3 26.459999999999994 69
      vertex 6 26.521487102709656 69.6242890304516
      vertex 6 26.459999999999994 69
    endloop
  endfacet
  facet normal 0 0.9569403357322084 -0.290284677254464
    outer loop
      vertex 3 26.521487102709656 69.6242890304516
      vertex 6 26.70358549596388 70.22458698356829
      vertex 6 26.521487102709656 69.6242890304516
    endloop
  endfacet
  facet normal 0 0.7730104533627381 -0.6343932841636439
    outer loop
      vertex 3 26.999297240631854 70.77782474566273
      vertex 6 27.397258300203042 71.26274169979695
      vertex 6 26.999297240631854 70.77782474566273
    endloop
  endfacet
  facet normal 0 0.8819212643483532 -0.47139673682600136
    outer loop
      vertex 3 26.70358549596388 70.22458698356829
      vertex 6 26.999297240631854 70.77782474566273
      vertex 6 26.70358549596388 70.22458698356829
    endloop
  endfacet
  facet normal -3.1365896900986452e-18 0.7730104533627381 -0.6343932841636439
    outer loop
      vertex 3 26.999297240631854 70.77782474566273
      vertex 3 27.397258300203042 71.26274169979695
      vertex 6 27.397258300203042 71.26274169979695
    endloop
  endfacet
  facet normal 0 -0.9951847266721973 0.09801714032955695
    outer loop
      vertex 0 75.7773349766855 119.66834645257258
      vertex 3 75.7773349766855 119.66834645257258
      vertex 0 75.81 120
    endloop
  endfacet
  facet normal 0 -0.9569403357322034 0.29028467725448026
    outer loop
      vertex 0 75.7773349766855 119.66834645257258
      vertex 3 75.68059520526919 119.34943816497935
      vertex 3 75.7773349766855 119.66834645257258
    endloop
  endfacet
  facet normal 3.0870772451920244e-18 -0.6343932841636547 0.7730104533627293
    outer loop
      vertex 0 75.31208152801713 118.79791847198287
      vertex 0 75.05446939613333 118.58650165908567
      vertex 3 75.05446939613333 118.58650165908567
    endloop
  endfacet
  facet normal 4.0639078997895458e-19 -0.4713967368259802 0.8819212643483643
    outer loop
      vertex 0 75.05446939613333 118.58650165908567
      vertex 0 74.76056183502065 118.42940479473081
      vertex 3 74.76056183502065 118.42940479473081
    endloop
  endfacet
  facet normal 6.50400672538169e-19 -0.29028467725448026 0.9569403357322034
    outer loop
      vertex 0 74.76056183502065 118.42940479473081
      vertex 0 74.44165354742742 118.3326650233145
      vertex 3 74.44165354742742 118.3326650233145
    endloop
  endfacet
  facet normal 0 -0.7730104533627293 0.6343932841636547
    outer loop
      vertex 0 75.31208152801713 118.79791847198287
      vertex 3 75.31208152801713 118.79791847198287
      vertex 0 75.52349834091433 119.05553060386667
    endloop
  endfacet
  facet normal 0 -0.8819212643483643 0.4713967368259802
    outer loop
      vertex 0 75.52349834091433 119.05553060386667
      vertex 3 75.52349834091433 119.05553060386667
      vertex 0 75.68059520526919 119.34943816497935
    endloop
  endfacet
  facet normal 6.50400672538169e-19 -0.9569403357322034 0.29028467725448026
    outer loop
      vertex 0 75.7773349766855 119.66834645257258
      vertex 0 75.68059520526919 119.34943816497935
      vertex 3 75.68059520526919 119.34943816497935
    endloop
  endfacet
  facet normal 0 -0.6343932841636547 0.7730104533627293
    outer loop
      vertex 0 75.31208152801713 118.79791847198287
      vertex 3 75.05446939613333 118.58650165908567
      vertex 3 75.31208152801713 118.79791847198287
    endloop
  endfacet
  facet normal 0 -0.4713967368259802 0.8819212643483643
    outer loop
      vertex 0 75.05446939613333 118.58650165908567
      vertex 3 74.76056183502065 118.42940479473081
      vertex 3 75.05446939613333 118.58650165908567
    endloop
  endfacet
  facet normal 0 -0.29028467725448026 0.9569403357322034
    outer loop
      vertex 0 74.76056183502065 118.42940479473081
      vertex 3 74.44165354742742 118.3326650233145
      vertex 3 74.76056183502065 118.42940479473081
    endloop
  endfacet
  facet normal 0 -0.7730104533627293 0.6343932841636547
    outer loop
      vertex 0 75.52349834091433 119.05553060386667
      vertex 3 75.31208152801713 118.79791847198287
      vertex 3 75.52349834091433 119.05553060386667
    endloop
  endfacet
  facet normal 0 -0.8819212643483643 0.4713967368259802
    outer loop
      vertex 0 75.68059520526919 119.34943816497935
      vertex 3 75.52349834091433 119.05553060386667
      vertex 3 75.68059520526919 119.34943816497935
    endloop
  endfacet
  facet normal 0 -0.9951847266721973 -0.09801714032955695
    outer loop
      vertex 0 75.81 120
      vertex 3 75.81 120
      vertex 0 75.7773349766855 120.33165354742742
    endloop
  endfacet
  facet normal 0 -0.9569403357322034 -0.29028467725448026
    outer loop
      vertex 0 75.7773349766855 120.33165354742742
      vertex 3 75.7773349766855 120.33165354742742
      vertex 0 75.68059520526919 120.65056183502065
    endloop
  endfacet
  facet normal 0 -0.9951847266721973 0.09801714032955695
    outer loop
      vertex 0 75.81 120
      vertex 3 75.7773349766855 119.66834645257258
      vertex 3 75.81 120
    endloop
  endfacet
  facet normal 0 -0.9951847266721973 -0.09801714032955695
    outer loop
      vertex 0 75.7773349766855 120.33165354742742
      vertex 3 75.81 120
      vertex 3 75.7773349766855 120.33165354742742
    endloop
  endfacet
  facet normal 0 -0.8819212643483643 -0.4713967368259802
    outer loop
      vertex 0 75.68059520526919 120.65056183502065
      vertex 3 75.68059520526919 120.65056183502065
      vertex 0 75.52349834091433 120.94446939613333
    endloop
  endfacet
  facet normal 0 -0.7730104533627293 -0.6343932841636547
    outer loop
      vertex 0 75.52349834091433 120.94446939613333
      vertex 3 75.52349834091433 120.94446939613333
      vertex 0 75.31208152801713 121.20208152801713
    endloop
  endfacet
  facet normal 0 -0.6343932841636547 -0.7730104533627293
    outer loop
      vertex 0 75.31208152801713 121.20208152801713
      vertex 3 75.31208152801713 121.20208152801713
      vertex 0 75.05446939613333 121.41349834091433
    endloop
  endfacet
  facet normal 0 -0.4713967368259802 -0.8819212643483643
    outer loop
      vertex 0 75.05446939613333 121.41349834091433
      vertex 3 75.05446939613333 121.41349834091433
      vertex 0 74.76056183502065 121.57059520526919
    endloop
  endfacet
  facet normal 0 -0.29028467725448026 -0.9569403357322034
    outer loop
      vertex 0 74.76056183502065 121.57059520526919
      vertex 3 74.76056183502065 121.57059520526919
      vertex 0 74.44165354742742 121.6673349766855
    endloop
  endfacet
  facet normal 0 -0.9569403357322034 -0.29028467725448026
    outer loop
      vertex 0 75.68059520526919 120.65056183502065
      vertex 3 75.7773349766855 120.33165354742742
      vertex 3 75.68059520526919 120.65056183502065
    endloop
  endfacet
  facet normal 0 -0.8819212643483643 -0.4713967368259802
    outer loop
      vertex 0 75.52349834091433 120.94446939613333
      vertex 3 75.68059520526919 120.65056183502065
      vertex 3 75.52349834091433 120.94446939613333
    endloop
  endfacet
  facet normal 0 -0.7730104533627293 -0.6343932841636547
    outer loop
      vertex 0 75.31208152801713 121.20208152801713
      vertex 3 75.52349834091433 120.94446939613333
      vertex 3 75.31208152801713 121.20208152801713
    endloop
  endfacet
  facet normal 0 -0.6343932841636547 -0.7730104533627293
    outer loop
      vertex 0 75.05446939613333 121.41349834091433
      vertex 3 75.31208152801713 121.20208152801713
      vertex 3 75.05446939613333 121.41349834091433
    endloop
  endfacet
  facet normal 0 -0.4713967368259802 -0.8819212643483643
    outer loop
      vertex 0 74.76056183502065 121.57059520526919
      vertex 3 75.05446939613333 121.41349834091433
      vertex 3 74.76056183502065 121.57059520526919
    endloop
  endfacet
  facet normal 0 -0.29028467725448026 -0.9569403357322034
    outer loop
      vertex 0 74.44165354742742 121.6673349766855
      vertex 3 74.76056183502065 121.57059520526919
      vertex 3 74.44165354742742 121.6673349766855
    endloop
  endfacet
  facet normal 4.175492119695351e-19 -0.09801714032955695 0.9951847266721973
    outer loop
      vertex 0 74.44165354742742 118.3326650233145
      vertex 0 74.11 118.3
      vertex 3 74.11 118.3
    endloop
  endfacet
  facet normal -4.175492119695351e-19 0.09801714032955695 0.9951847266721973
    outer loop
      vertex 0 74.11 118.3
      vertex 0 73.77834645257258 118.3326650233145
      vertex 3 73.77834645257258 118.3326650233145
    endloop
  endfacet
  facet normal -6.50400672538169e-19 0.29028467725448026 0.9569403357322034
    outer loop
      vertex 0 73.77834645257258 118.3326650233145
      vertex 0 73.45943816497935 118.42940479473081
      vertex 3 73.45943816497935 118.42940479473081
    endloop
  endfacet
  facet normal -4.0639078997895458e-19 0.4713967368259802 0.8819212643483643
    outer loop
      vertex 0 73.45943816497935 118.42940479473081
      vertex 0 73.16553060386667 118.58650165908567
      vertex 3 73.16553060386667 118.58650165908567
    endloop
  endfacet
  facet normal -3.0870772451920244e-18 0.6343932841636547 0.7730104533627293
    outer loop
      vertex 0 73.16553060386667 118.58650165908567
      vertex 0 72.90791847198287 118.79791847198287
      vertex 3 72.90791847198287 118.79791847198287
    endloop
  endfacet
  facet normal 0 0.09801714032955695 0.9951847266721973
    outer loop
      vertex 0 74.11 118.3
      vertex 3 73.77834645257258 118.3326650233145
      vertex 3 74.11 118.3
    endloop
  endfacet
  facet normal 0 -0.09801714032955695 0.9951847266721973
    outer loop
      vertex 0 74.44165354742742 118.3326650233145
      vertex 3 74.11 118.3
      vertex 3 74.44165354742742 118.3326650233145
    endloop
  endfacet
  facet normal 0 0.29028467725448026 0.9569403357322034
    outer loop
      vertex 0 73.77834645257258 118.3326650233145
      vertex 3 73.45943816497935 118.42940479473081
      vertex 3 73.77834645257258 118.3326650233145
    endloop
  endfacet
  facet normal 0 0.4713967368259802 0.8819212643483643
    outer loop
      vertex 0 73.45943816497935 118.42940479473081
      vertex 3 73.16553060386667 118.58650165908567
      vertex 3 73.45943816497935 118.42940479473081
    endloop
  endfacet
  facet normal 0 0.6343932841636547 0.7730104533627293
    outer loop
      vertex 0 73.16553060386667 118.58650165908567
      vertex 3 72.90791847198287 118.79791847198287
      vertex 3 73.16553060386667 118.58650165908567
    endloop
  endfacet
  facet normal -3.0870772451920244e-18 0.7730104533627293 0.6343932841636547
    outer loop
      vertex 0 72.90791847198287 118.79791847198287
      vertex 0 72.69650165908567 119.05553060386667
      vertex 3 72.69650165908567 119.05553060386667
    endloop
  endfacet
  facet normal -4.0639078997895458e-19 0.8819212643483643 0.4713967368259802
    outer loop
      vertex 0 72.69650165908567 119.05553060386667
      vertex 0 72.53940479473081 119.34943816497935
      vertex 3 72.53940479473081 119.34943816497935
    endloop
  endfacet
  facet normal -6.50400672538169e-19 0.9569403357322034 0.29028467725448026
    outer loop
      vertex 0 72.53940479473081 119.34943816497935
      vertex 0 72.4426650233145 119.66834645257258
      vertex 3 72.4426650233145 119.66834645257258
    endloop
  endfacet
  facet normal 0 0.7730104533627293 0.6343932841636547
    outer loop
      vertex 0 72.90791847198287 118.79791847198287
      vertex 3 72.69650165908567 119.05553060386667
      vertex 3 72.90791847198287 118.79791847198287
    endloop
  endfacet
  facet normal 0 0.8819212643483643 0.4713967368259802
    outer loop
      vertex 0 72.69650165908567 119.05553060386667
      vertex 3 72.53940479473081 119.34943816497935
      vertex 3 72.69650165908567 119.05553060386667
    endloop
  endfacet
  facet normal 0 0.9569403357322034 0.29028467725448026
    outer loop
      vertex 0 72.53940479473081 119.34943816497935
      vertex 3 72.4426650233145 119.66834645257258
      vertex 3 72.53940479473081 119.34943816497935
    endloop
  endfacet
  facet normal 0 0.9951847266721973 0.09801714032955695
    outer loop
      vertex 0 72.4426650233145 119.66834645257258
      vertex 3 72.41 120
      vertex 3 72.4426650233145 119.66834645257258
    endloop
  endfacet
  facet normal 0 -0.09801714032955695 -0.9951847266721973
    outer loop
      vertex 0 74.44165354742742 121.6673349766855
      vertex 3 74.44165354742742 121.6673349766855
      vertex 0 74.11 121.7
    endloop
  endfacet
  facet normal 0 0.09801714032955695 -0.9951847266721973
    outer loop
      vertex 0 74.11 121.7
      vertex 3 74.11 121.7
      vertex 0 73.77834645257258 121.6673349766855
    endloop
  endfacet
  facet normal 0 0.29028467725448026 -0.9569403357322034
    outer loop
      vertex 0 73.77834645257258 121.6673349766855
      vertex 3 73.77834645257258 121.6673349766855
      vertex 0 73.45943816497935 121.57059520526919
    endloop
  endfacet
  facet normal 0 0.6343932841636547 -0.7730104533627293
    outer loop
      vertex 0 73.16553060386667 121.41349834091433
      vertex 3 73.16553060386667 121.41349834091433
      vertex 0 72.90791847198287 121.20208152801713
    endloop
  endfacet
  facet normal 0 0.4713967368259802 -0.8819212643483643
    outer loop
      vertex 0 73.45943816497935 121.57059520526919
      vertex 3 73.45943816497935 121.57059520526919
      vertex 0 73.16553060386667 121.41349834091433
    endloop
  endfacet
  facet normal -4.175492119695351e-19 -0.09801714032955695 -0.9951847266721973
    outer loop
      vertex 3 74.44165354742742 121.6673349766855
      vertex 3 74.11 121.7
      vertex 0 74.11 121.7
    endloop
  endfacet
  facet normal 0 0.09801714032955695 -0.9951847266721973
    outer loop
      vertex 0 73.77834645257258 121.6673349766855
      vertex 3 74.11 121.7
      vertex 3 73.77834645257258 121.6673349766855
    endloop
  endfacet
  facet normal 0 0.6343932841636547 -0.7730104533627293
    outer loop
      vertex 0 72.90791847198287 121.20208152801713
      vertex 3 73.16553060386667 121.41349834091433
      vertex 3 72.90791847198287 121.20208152801713
    endloop
  endfacet
  facet normal 0 0.29028467725448026 -0.9569403357322034
    outer loop
      vertex 0 73.45943816497935 121.57059520526919
      vertex 3 73.77834645257258 121.6673349766855
      vertex 3 73.45943816497935 121.57059520526919
    endloop
  endfacet
  facet normal 0 0.4713967368259802 -0.8819212643483643
    outer loop
      vertex 0 73.16553060386667 121.41349834091433
      vertex 3 73.45943816497935 121.57059520526919
      vertex 3 73.16553060386667 121.41349834091433
    endloop
  endfacet
  facet normal -4.175492119695351e-19 0.9951847266721973 0.09801714032955695
    outer loop
      vertex 0 72.4426650233145 119.66834645257258
      vertex 0 72.41 120
      vertex 3 72.41 120
    endloop
  endfacet
  facet normal 4.175492119695351e-19 0.9951847266721973 -0.09801714032955695
    outer loop
      vertex 0 72.41 120
      vertex 0 72.4426650233145 120.33165354742742
      vertex 3 72.4426650233145 120.33165354742742
    endloop
  endfacet
  facet normal 4.0639078997895458e-19 0.8819212643483643 -0.4713967368259802
    outer loop
      vertex 0 72.53940479473081 120.65056183502065
      vertex 0 72.69650165908567 120.94446939613333
      vertex 3 72.69650165908567 120.94446939613333
    endloop
  endfacet
  facet normal 6.50400672538169e-19 0.9569403357322034 -0.29028467725448026
    outer loop
      vertex 0 72.4426650233145 120.33165354742742
      vertex 0 72.53940479473081 120.65056183502065
      vertex 3 72.53940479473081 120.65056183502065
    endloop
  endfacet
  facet normal 3.0870772451920244e-18 0.7730104533627293 -0.6343932841636547
    outer loop
      vertex 0 72.69650165908567 120.94446939613333
      vertex 0 72.90791847198287 121.20208152801713
      vertex 3 72.90791847198287 121.20208152801713
    endloop
  endfacet
  facet normal 0 0.9951847266721973 -0.09801714032955695
    outer loop
      vertex 0 72.41 120
      vertex 3 72.4426650233145 120.33165354742742
      vertex 3 72.41 120
    endloop
  endfacet
  facet normal 0 0.9569403357322034 -0.29028467725448026
    outer loop
      vertex 0 72.4426650233145 120.33165354742742
      vertex 3 72.53940479473081 120.65056183502065
      vertex 3 72.4426650233145 120.33165354742742
    endloop
  endfacet
  facet normal 0 0.8819212643483643 -0.4713967368259802
    outer loop
      vertex 0 72.53940479473081 120.65056183502065
      vertex 3 72.69650165908567 120.94446939613333
      vertex 3 72.53940479473081 120.65056183502065
    endloop
  endfacet
  facet normal 0 0.7730104533627293 -0.6343932841636547
    outer loop
      vertex 0 72.69650165908567 120.94446939613333
      vertex 3 72.90791847198287 121.20208152801713
      vertex 3 72.69650165908567 120.94446939613333
    endloop
  endfacet
  facet normal 1.90785350710605e-18 -0.9569403357322084 0.290284677254464
    outer loop
      vertex 3 77.24851289729034 119.3757109695484
      vertex 3 77.06641450403612 118.77541301643171
      vertex 6 77.06641450403612 118.77541301643171
    endloop
  endfacet
  facet normal 0 -0.9951847266721968 0.09801714032956128
    outer loop
      vertex 3 77.24851289729034 119.3757109695484
      vertex 6 77.24851289729034 119.3757109695484
      vertex 3 77.31 120
    endloop
  endfacet
  facet normal 0 -0.9569403357322084 0.290284677254464
    outer loop
      vertex 3 77.24851289729034 119.3757109695484
      vertex 6 77.06641450403612 118.77541301643171
      vertex 6 77.24851289729034 119.3757109695484
    endloop
  endfacet
  facet normal 0 -0.9951847266721968 0.09801714032956128
    outer loop
      vertex 3 77.31 120
      vertex 6 77.24851289729034 119.3757109695484
      vertex 6 77.31 120
    endloop
  endfacet
  facet normal 0 -0.9951847266721968 -0.09801714032956128
    outer loop
      vertex 3 77.31 120
      vertex 6 77.31 120
      vertex 3 77.24851289729034 120.6242890304516
    endloop
  endfacet
  facet normal 0 -0.9569403357322084 -0.290284677254464
    outer loop
      vertex 3 77.24851289729034 120.6242890304516
      vertex 6 77.24851289729034 120.6242890304516
      vertex 3 77.06641450403612 121.22458698356829
    endloop
  endfacet
  facet normal 0 -0.9951847266721968 -0.09801714032956128
    outer loop
      vertex 3 77.24851289729034 120.6242890304516
      vertex 6 77.31 120
      vertex 6 77.24851289729034 120.6242890304516
    endloop
  endfacet
  facet normal -1.90785350710605e-18 -0.9569403357322084 -0.290284677254464
    outer loop
      vertex 6 77.24851289729034 120.6242890304516
      vertex 6 77.06641450403612 121.22458698356829
      vertex 3 77.06641450403612 121.22458698356829
    endloop
  endfacet
  facet normal 9.558235081066918e-19 -0.6343932841636575 0.7730104533627271
    outer loop
      vertex 3 76.37274169979695 117.73725830020305
      vertex 3 75.88782474566273 117.33929724063185
      vertex 6 75.88782474566273 117.33929724063185
    endloop
  endfacet
  facet normal 0 -0.6343932841636575 0.7730104533627271
    outer loop
      vertex 3 76.37274169979695 117.73725830020305
      vertex 6 75.88782474566273 117.33929724063185
      vertex 6 76.37274169979695 117.73725830020305
    endloop
  endfacet
  facet normal -5.6245799574132245e-18 -0.47139673682599254 0.8819212643483578
    outer loop
      vertex 3 75.88782474566273 117.33929724063185
      vertex 3 75.33458698356829 117.04358549596388
      vertex 6 75.33458698356829 117.04358549596388
    endloop
  endfacet
  facet normal 1 0 0
    outer loop
      vertex 3 75.88782474566273 117.33929724063185
      vertex 3 72.33217525433727 117.33929724063185
      vertex 3 75.33458698356829 117.04358549596388
    endloop
  endfacet
  facet normal 1 0 0
    outer loop
      vertex 3 76.37274169979695 117.73725830020305
      vertex 3 71.84725830020305 117.73725830020305
      vertex 3 75.88782474566273 117.33929724063185
    endloop
  endfacet
  facet normal 1.90785350710605e-18 -0.290284677254464 0.9569403357322084
    outer loop
      vertex 3 75.33458698356829 117.04358549596388
      vertex 3 74.7342890304516 116.86148710270966
      vertex 6 74.7342890304516 116.86148710270966
    endloop
  endfacet
  facet normal 0 -0.47139673682599254 0.8819212643483578
    outer loop
      vertex 3 75.88782474566273 117.33929724063185
      vertex 6 75.33458698356829 117.04358549596388
      vertex 6 75.88782474566273 117.33929724063185
    endloop
  endfacet
  facet normal 0 -0.290284677254464 0.9569403357322084
    outer loop
      vertex 3 75.33458698356829 117.04358549596388
      vertex 6 74.7342890304516 116.86148710270966
      vertex 6 75.33458698356829 117.04358549596388
    endloop
  endfacet
  facet normal 0 -0.09801714032956128 0.9951847266721968
    outer loop
      vertex 3 74.7342890304516 116.86148710270966
      vertex 6 74.11 116.8
      vertex 6 74.7342890304516 116.86148710270966
    endloop
  endfacet
  facet normal 1 0 0
    outer loop
      vertex 3 75.33458698356829 117.04358549596388
      vertex 3 72.88541301643171 117.04358549596388
      vertex 3 74.7342890304516 116.86148710270966
    endloop
  endfacet
  facet normal 1 0 0
    outer loop
      vertex 3 74.7342890304516 116.86148710270966
      vertex 3 73.48571096954839 116.86148710270966
      vertex 3 74.11 116.8
    endloop
  endfacet
  facet normal 1 0 0
    outer loop
      vertex 3 74.7342890304516 116.86148710270966
      vertex 3 72.88541301643171 117.04358549596388
      vertex 3 73.48571096954839 116.86148710270966
    endloop
  endfacet
  facet normal 5.427934442137045e-19 -0.09801714032956128 0.9951847266721968
    outer loop
      vertex 3 74.7342890304516 116.86148710270966
      vertex 3 74.11 116.8
      vertex 6 74.11 116.8
    endloop
  endfacet
  facet normal -5.427934442137045e-19 0.09801714032956128 0.9951847266721968
    outer loop
      vertex 3 74.11 116.8
      vertex 3 73.48571096954839 116.86148710270966
      vertex 6 73.48571096954839 116.86148710270966
    endloop
  endfacet
  facet normal 1 0 0
    outer loop
      vertex 3 75.33458698356829 117.04358549596388
      vertex 3 72.33217525433727 117.33929724063185
      vertex 3 72.88541301643171 117.04358549596388
    endloop
  endfacet
  facet normal 1 0 0
    outer loop
      vertex 3 75.88782474566273 117.33929724063185
      vertex 3 71.84725830020305 117.73725830020305
      vertex 3 72.33217525433727 117.33929724063185
    endloop
  endfacet
  facet normal -1.90785350710605e-18 0.290284677254464 0.9569403357322084
    outer loop
      vertex 3 73.48571096954839 116.86148710270966
      vertex 3 72.88541301643171 117.04358549596388
      vertex 6 72.88541301643171 117.04358549596388
    endloop
  endfacet
  facet normal 0 0.09801714032956128 0.9951847266721968
    outer loop
      vertex 3 74.11 116.8
      vertex 6 73.48571096954839 116.86148710270966
      vertex 6 74.11 116.8
    endloop
  endfacet
  facet normal 0 0.290284677254464 0.9569403357322084
    outer loop
      vertex 3 73.48571096954839 116.86148710270966
      vertex 6 72.88541301643171 117.04358549596388
      vertex 6 73.48571096954839 116.86148710270966
    endloop
  endfacet
  facet normal 5.6245799574132245e-18 0.47139673682599254 0.8819212643483578
    outer loop
      vertex 3 72.88541301643171 117.04358549596388
      vertex 3 72.33217525433727 117.33929724063185
      vertex 6 72.33217525433727 117.33929724063185
    endloop
  endfacet
  facet normal -9.558235081066918e-19 0.6343932841636575 0.7730104533627271
    outer loop
      vertex 3 72.33217525433727 117.33929724063185
      vertex 3 71.84725830020305 117.73725830020305
      vertex 6 71.84725830020305 117.73725830020305
    endloop
  endfacet
  facet normal 0 0.47139673682599254 0.8819212643483578
    outer loop
      vertex 3 72.88541301643171 117.04358549596388
      vertex 6 72.33217525433727 117.33929724063185
      vertex 6 72.88541301643171 117.04358549596388
    endloop
  endfacet
  facet normal 0 0.6343932841636575 0.7730104533627271
    outer loop
      vertex 3 72.33217525433727 117.33929724063185
      vertex 6 71.84725830020305 117.73725830020305
      vertex 6 72.33217525433727 117.33929724063185
    endloop
  endfacet
  facet normal 0 -0.7730104533627271 0.6343932841636575
    outer loop
      vertex 3 76.37274169979695 117.73725830020305
      vertex 6 76.37274169979695 117.73725830020305
      vertex 3 76.77070275936815 118.22217525433727
    endloop
  endfacet
  facet normal 0 -0.8819212643483578 0.47139673682599254
    outer loop
      vertex 3 76.77070275936815 118.22217525433727
      vertex 6 76.77070275936815 118.22217525433727
      vertex 3 77.06641450403612 118.77541301643171
    endloop
  endfacet
  facet normal 1 0 0
    outer loop
      vertex 3 76.77070275936815 118.22217525433727
      vertex 3 77.06641450403612 118.77541301643171
      vertex 3 75.05446939613333 118.58650165908567
    endloop
  endfacet
  facet normal 1 0 0
    outer loop
      vertex 3 77.06641450403612 118.77541301643171
      vertex 3 75.31208152801713 118.79791847198287
      vertex 3 75.05446939613333 118.58650165908567
    endloop
  endfacet
  facet normal 1 0 0
    outer loop
      vertex 3 77.24851289729034 119.3757109695484
      vertex 3 75.68059520526919 119.34943816497935
      vertex 3 77.06641450403612 118.77541301643171
    endloop
  endfacet
  facet normal 1 0 0
    outer loop
      vertex 3 77.24851289729034 119.3757109695484
      vertex 3 77.31 120
      vertex 3 75.7773349766855 119.66834645257258
    endloop
  endfacet
  facet normal 1 0 0
    outer loop
      vertex 3 77.06641450403612 118.77541301643171
      vertex 3 75.68059520526919 119.34943816497935
      vertex 3 75.52349834091433 119.05553060386667
    endloop
  endfacet
  facet normal 1 0 0
    outer loop
      vertex 3 77.06641450403612 118.77541301643171
      vertex 3 75.52349834091433 119.05553060386667
      vertex 3 75.31208152801713 118.79791847198287
    endloop
  endfacet
  facet normal 1 0 0
    outer loop
      vertex 3 77.24851289729034 119.3757109695484
      vertex 3 75.7773349766855 119.66834645257258
      vertex 3 75.68059520526919 119.34943816497935
    endloop
  endfacet
  facet normal 0 -0.7730104533627271 0.6343932841636575
    outer loop
      vertex 3 76.77070275936815 118.22217525433727
      vertex 6 76.37274169979695 117.73725830020305
      vertex 6 76.77070275936815 118.22217525433727
    endloop
  endfacet
  facet normal 0 -0.8819212643483578 0.47139673682599254
    outer loop
      vertex 3 77.06641450403612 118.77541301643171
      vertex 6 76.77070275936815 118.22217525433727
      vertex 6 77.06641450403612 118.77541301643171
    endloop
  endfacet
  facet normal 1 0 0
    outer loop
      vertex 3 76.77070275936815 118.22217525433727
      vertex 3 74.44165354742742 118.3326650233145
      vertex 3 74.11 118.3
    endloop
  endfacet
  facet normal 1 0 0
    outer loop
      vertex 3 76.77070275936815 118.22217525433727
      vertex 3 75.05446939613333 118.58650165908567
      vertex 3 74.76056183502065 118.42940479473081
    endloop
  endfacet
  facet normal 1 0 0
    outer loop
      vertex 3 76.77070275936815 118.22217525433727
      vertex 3 74.76056183502065 118.42940479473081
      vertex 3 74.44165354742742 118.3326650233145
    endloop
  endfacet
  facet normal 1 0 0
    outer loop
      vertex 3 76.37274169979695 117.73725830020305
      vertex 3 76.77070275936815 118.22217525433727
      vertex 3 71.44929724063185 118.22217525433727
    endloop
  endfacet
  facet normal 1 0 0
    outer loop
      vertex 3 77.31 120
      vertex 3 77.24851289729034 120.6242890304516
      vertex 3 75.81 120
    endloop
  endfacet
  facet normal 1 0 0
    outer loop
      vertex 3 77.24851289729034 120.6242890304516
      vertex 3 77.06641450403612 121.22458698356829
      vertex 3 75.68059520526919 120.65056183502065
    endloop
  endfacet
  facet normal 1 0 0
    outer loop
      vertex 3 77.31 120
      vertex 3 75.81 120
      vertex 3 75.7773349766855 119.66834645257258
    endloop
  endfacet
  facet normal 1 0 0
    outer loop
      vertex 3 77.24851289729034 120.6242890304516
      vertex 3 75.7773349766855 120.33165354742742
      vertex 3 75.81 120
    endloop
  endfacet
  facet normal 1 0 0
    outer loop
      vertex 3 77.24851289729034 120.6242890304516
      vertex 3 75.68059520526919 120.65056183502065
      vertex 3 75.7773349766855 120.33165354742742
    endloop
  endfacet
  facet normal 0 -0.8819212643483578 -0.47139673682599254
    outer loop
      vertex 3 77.06641450403612 121.22458698356829
      vertex 6 77.06641450403612 121.22458698356829
      vertex 3 76.77070275936815 121.77782474566273
    endloop
  endfacet
  facet normal 1 0 0
    outer loop
      vertex 3 77.06641450403612 121.22458698356829
      vertex 3 75.52349834091433 120.94446939613333
      vertex 3 75.68059520526919 120.65056183502065
    endloop
  endfacet
  facet normal 1 0 0
    outer loop
      vertex 3 77.06641450403612 121.22458698356829
      vertex 3 75.31208152801713 121.20208152801713
      vertex 3 75.52349834091433 120.94446939613333
    endloop
  endfacet
  facet normal 1 0 0
    outer loop
      vertex 3 77.06641450403612 121.22458698356829
      vertex 3 75.05446939613333 121.41349834091433
      vertex 3 75.31208152801713 121.20208152801713
    endloop
  endfacet
  facet normal 1 0 0
    outer loop
      vertex 3 77.06641450403612 121.22458698356829
      vertex 3 76.77070275936815 121.77782474566273
      vertex 3 75.05446939613333 121.41349834091433
    endloop
  endfacet
  facet normal 0 -0.8819212643483578 -0.47139673682599254
    outer loop
      vertex 3 76.77070275936815 121.77782474566273
      vertex 6 77.06641450403612 121.22458698356829
      vertex 6 76.77070275936815 121.77782474566273
    endloop
  endfacet
  facet normal 1 0 0
    outer loop
      vertex 3 76.77070275936815 121.77782474566273
      vertex 3 74.76056183502065 121.57059520526919
      vertex 3 75.05446939613333 121.41349834091433
    endloop
  endfacet
  facet normal 1 0 0
    outer loop
      vertex 3 76.77070275936815 121.77782474566273
      vertex 3 74.44165354742742 121.6673349766855
      vertex 3 74.76056183502065 121.57059520526919
    endloop
  endfacet
  facet normal 1 0 0
    outer loop
      vertex 3 76.77070275936815 121.77782474566273
      vertex 3 74.11 121.7
      vertex 3 74.44165354742742 121.6673349766855
    endloop
  endfacet
  facet normal 1 0 0
    outer loop
      vertex 3 76.77070275936815 118.22217525433727
      vertex 3 74.11 118.3
      vertex 3 71.44929724063185 118.22217525433727
    endloop
  endfacet
  facet normal 1 0 0
    outer loop
      vertex 3 76.37274169979695 117.73725830020305
      vertex 3 71.44929724063185 118.22217525433727
      vertex 3 71.84725830020305 117.73725830020305
    endloop
  endfacet
  facet normal 1 0 0
    outer loop
      vertex 3 74.11 118.3
      vertex 3 73.77834645257258 118.3326650233145
      vertex 3 71.44929724063185 118.22217525433727
    endloop
  endfacet
  facet normal 1 0 0
    outer loop
      vertex 3 73.77834645257258 118.3326650233145
      vertex 3 73.45943816497935 118.42940479473081
      vertex 3 71.44929724063185 118.22217525433727
    endloop
  endfacet
  facet normal 1 0 0
    outer loop
      vertex 3 73.45943816497935 118.42940479473081
      vertex 3 73.16553060386667 118.58650165908567
      vertex 3 71.44929724063185 118.22217525433727
    endloop
  endfacet
  facet normal 1 0 0
    outer loop
      vertex 3 73.16553060386667 118.58650165908567
      vertex 3 72.90791847198287 118.79791847198287
      vertex 3 71.15358549596388 118.77541301643171
    endloop
  endfacet
  facet normal 1 0 0
    outer loop
      vertex 3 73.16553060386667 118.58650165908567
      vertex 3 71.15358549596388 118.77541301643171
      vertex 3 71.44929724063185 118.22217525433727
    endloop
  endfacet
  facet normal 1 0 0
    outer loop
      vertex 3 72.90791847198287 118.79791847198287
      vertex 3 72.69650165908567 119.05553060386667
      vertex 3 71.15358549596388 118.77541301643171
    endloop
  endfacet
  facet normal 1 0 0
    outer loop
      vertex 3 72.69650165908567 119.05553060386667
      vertex 3 72.53940479473081 119.34943816497935
      vertex 3 71.15358549596388 118.77541301643171
    endloop
  endfacet
  facet normal 1 0 0
    outer loop
      vertex 3 72.53940479473081 119.34943816497935
      vertex 3 72.4426650233145 119.66834645257258
      vertex 3 70.97148710270966 119.3757109695484
    endloop
  endfacet
  facet normal 1 0 0
    outer loop
      vertex 3 72.4426650233145 119.66834645257258
      vertex 3 72.41 120
      vertex 3 70.97148710270966 119.3757109695484
    endloop
  endfacet
  facet normal 0 0.7730104533627271 0.6343932841636575
    outer loop
      vertex 3 71.84725830020305 117.73725830020305
      vertex 6 71.44929724063185 118.22217525433727
      vertex 6 71.84725830020305 117.73725830020305
    endloop
  endfacet
  facet normal 1 0 0
    outer loop
      vertex 3 76.77070275936815 121.77782474566273
      vertex 3 71.44929724063185 121.77782474566273
      vertex 3 74.11 121.7
    endloop
  endfacet
  facet normal 1 0 0
    outer loop
      vertex 3 74.11 121.7
      vertex 3 71.44929724063185 121.77782474566273
      vertex 3 73.77834645257258 121.6673349766855
    endloop
  endfacet
  facet normal 1 0 0
    outer loop
      vertex 3 72.41 120
      vertex 3 72.4426650233145 120.33165354742742
      vertex 3 70.91 120
    endloop
  endfacet
  facet normal 1 0 0
    outer loop
      vertex 3 72.4426650233145 120.33165354742742
      vertex 3 72.53940479473081 120.65056183502065
      vertex 3 70.97148710270966 120.6242890304516
    endloop
  endfacet
  facet normal 1 0 0
    outer loop
      vertex 3 73.16553060386667 121.41349834091433
      vertex 3 71.15358549596388 121.22458698356829
      vertex 3 72.90791847198287 121.20208152801713
    endloop
  endfacet
  facet normal 1 0 0
    outer loop
      vertex 3 73.45943816497935 121.57059520526919
      vertex 3 71.44929724063185 121.77782474566273
      vertex 3 73.16553060386667 121.41349834091433
    endloop
  endfacet
  facet normal 1 0 0
    outer loop
      vertex 3 73.77834645257258 121.6673349766855
      vertex 3 71.44929724063185 121.77782474566273
      vertex 3 73.45943816497935 121.57059520526919
    endloop
  endfacet
  facet normal 1 0 0
    outer loop
      vertex 3 72.53940479473081 120.65056183502065
      vertex 3 72.69650165908567 120.94446939613333
      vertex 3 71.15358549596388 121.22458698356829
    endloop
  endfacet
  facet normal 1 0 0
    outer loop
      vertex 3 72.69650165908567 120.94446939613333
      vertex 3 72.90791847198287 121.20208152801713
      vertex 3 71.15358549596388 121.22458698356829
    endloop
  endfacet
  facet normal 1 0 0
    outer loop
      vertex 3 73.16553060386667 121.41349834091433
      vertex 3 71.44929724063185 121.77782474566273
      vertex 3 71.15358549596388 121.22458698356829
    endloop
  endfacet
  facet normal -9.558235081066918e-19 0.7730104533627271 0.6343932841636575
    outer loop
      vertex 3 71.84725830020305 117.73725830020305
      vertex 3 71.44929724063185 118.22217525433727
      vertex 6 71.44929724063185 118.22217525433727
    endloop
  endfacet
  facet normal 5.6245799574132245e-18 0.8819212643483578 0.47139673682599254
    outer loop
      vertex 3 71.44929724063185 118.22217525433727
      vertex 3 71.15358549596388 118.77541301643171
      vertex 6 71.15358549596388 118.77541301643171
    endloop
  endfacet
  facet normal 1 0 0
    outer loop
      vertex 3 72.53940479473081 119.34943816497935
      vertex 3 70.97148710270966 119.3757109695484
      vertex 3 71.15358549596388 118.77541301643171
    endloop
  endfacet
  facet normal 1 0 0
    outer loop
      vertex 3 72.41 120
      vertex 3 70.91 120
      vertex 3 70.97148710270966 119.3757109695484
    endloop
  endfacet
  facet normal -1.90785350710605e-18 0.9569403357322084 0.290284677254464
    outer loop
      vertex 3 71.15358549596388 118.77541301643171
      vertex 3 70.97148710270966 119.3757109695484
      vertex 6 70.97148710270966 119.3757109695484
    endloop
  endfacet
  facet normal -5.427934442137045e-19 0.9951847266721968 0.09801714032956128
    outer loop
      vertex 3 70.97148710270966 119.3757109695484
      vertex 3 70.91 120
      vertex 6 70.91 120
    endloop
  endfacet
  facet normal 0 0.8819212643483578 0.47139673682599254
    outer loop
      vertex 3 71.44929724063185 118.22217525433727
      vertex 6 71.15358549596388 118.77541301643171
      vertex 6 71.44929724063185 118.22217525433727
    endloop
  endfacet
  facet normal 0 0.9569403357322084 0.290284677254464
    outer loop
      vertex 3 71.15358549596388 118.77541301643171
      vertex 6 70.97148710270966 119.3757109695484
      vertex 6 71.15358549596388 118.77541301643171
    endloop
  endfacet
  facet normal 0 0.9951847266721968 0.09801714032956128
    outer loop
      vertex 3 70.97148710270966 119.3757109695484
      vertex 6 70.91 120
      vertex 6 70.97148710270966 119.3757109695484
    endloop
  endfacet
  facet normal 1 0 0
    outer loop
      vertex 3 72.4426650233145 120.33165354742742
      vertex 3 70.97148710270966 120.6242890304516
      vertex 3 70.91 120
    endloop
  endfacet
  facet normal 1 0 0
    outer loop
      vertex 3 72.53940479473081 120.65056183502065
      vertex 3 71.15358549596388 121.22458698356829
      vertex 3 70.97148710270966 120.6242890304516
    endloop
  endfacet
  facet normal 5.427934442137045e-19 0.9951847266721968 -0.09801714032956128
    outer loop
      vertex 3 70.91 120
      vertex 3 70.97148710270966 120.6242890304516
      vertex 6 70.97148710270966 120.6242890304516
    endloop
  endfacet
  facet normal 1.90785350710605e-18 0.9569403357322084 -0.290284677254464
    outer loop
      vertex 3 70.97148710270966 120.6242890304516
      vertex 3 71.15358549596388 121.22458698356829
      vertex 6 71.15358549596388 121.22458698356829
    endloop
  endfacet
  facet normal -5.6245799574132245e-18 0.8819212643483578 -0.47139673682599254
    outer loop
      vertex 3 71.15358549596388 121.22458698356829
      vertex 3 71.44929724063185 121.77782474566273
      vertex 6 71.44929724063185 121.77782474566273
    endloop
  endfacet
  facet normal 0 0.9951847266721968 -0.09801714032956128
    outer loop
      vertex 3 70.91 120
      vertex 6 70.97148710270966 120.6242890304516
      vertex 6 70.91 120
    endloop
  endfacet
  facet normal 0 0.9569403357322084 -0.290284677254464
    outer loop
      vertex 3 70.97148710270966 120.6242890304516
      vertex 6 71.15358549596388 121.22458698356829
      vertex 6 70.97148710270966 120.6242890304516
    endloop
  endfacet
  facet normal 0 0.8819212643483578 -0.47139673682599254
    outer loop
      vertex 3 71.15358549596388 121.22458698356829
      vertex 6 71.44929724063185 121.77782474566273
      vertex 6 71.15358549596388 121.22458698356829
    endloop
  endfacet
  facet normal 0 -0.7730104533627271 -0.6343932841636575
    outer loop
      vertex 3 76.77070275936815 121.77782474566273
      vertex 6 76.77070275936815 121.77782474566273
      vertex 3 76.37274169979695 122.26274169979695
    endloop
  endfacet
  facet normal 0 -0.6343932841636575 -0.7730104533627271
    outer loop
      vertex 3 76.37274169979695 122.26274169979695
      vertex 6 76.37274169979695 122.26274169979695
      vertex 3 75.88782474566273 122.66070275936815
    endloop
  endfacet
  facet normal -9.558235081066918e-19 -0.7730104533627271 -0.6343932841636575
    outer loop
      vertex 6 76.77070275936815 121.77782474566273
      vertex 6 76.37274169979695 122.26274169979695
      vertex 3 76.37274169979695 122.26274169979695
    endloop
  endfacet
  facet normal 0 -0.6343932841636575 -0.7730104533627271
    outer loop
      vertex 3 75.88782474566273 122.66070275936815
      vertex 6 76.37274169979695 122.26274169979695
      vertex 6 75.88782474566273 122.66070275936815
    endloop
  endfacet
  facet normal 0 -0.47139673682599254 -0.8819212643483578
    outer loop
      vertex 3 75.88782474566273 122.66070275936815
      vertex 6 75.88782474566273 122.66070275936815
      vertex 3 75.33458698356829 122.95641450403612
    endloop
  endfacet
  facet normal 1 0 0
    outer loop
      vertex 3 76.77070275936815 121.77782474566273
      vertex 3 76.37274169979695 122.26274169979695
      vertex 3 71.84725830020305 122.26274169979695
    endloop
  endfacet
  facet normal 1 0 0
    outer loop
      vertex 3 76.37274169979695 122.26274169979695
      vertex 3 75.88782474566273 122.66070275936815
      vertex 3 72.33217525433727 122.66070275936815
    endloop
  endfacet
  facet normal 1 0 0
    outer loop
      vertex 3 75.88782474566273 122.66070275936815
      vertex 3 75.33458698356829 122.95641450403612
      vertex 3 72.88541301643171 122.95641450403612
    endloop
  endfacet
  facet normal 0 -0.290284677254464 -0.9569403357322084
    outer loop
      vertex 3 75.33458698356829 122.95641450403612
      vertex 6 75.33458698356829 122.95641450403612
      vertex 3 74.7342890304516 123.13851289729034
    endloop
  endfacet
  facet normal 1 0 0
    outer loop
      vertex 3 75.33458698356829 122.95641450403612
      vertex 3 74.7342890304516 123.13851289729034
      vertex 3 73.48571096954839 123.13851289729034
    endloop
  endfacet
  facet normal 0 -0.09801714032956128 -0.9951847266721968
    outer loop
      vertex 3 74.7342890304516 123.13851289729034
      vertex 6 74.7342890304516 123.13851289729034
      vertex 3 74.11 123.2
    endloop
  endfacet
  facet normal 0 -0.47139673682599254 -0.8819212643483578
    outer loop
      vertex 3 75.33458698356829 122.95641450403612
      vertex 6 75.88782474566273 122.66070275936815
      vertex 6 75.33458698356829 122.95641450403612
    endloop
  endfacet
  facet normal 0 -0.290284677254464 -0.9569403357322084
    outer loop
      vertex 3 74.7342890304516 123.13851289729034
      vertex 6 75.33458698356829 122.95641450403612
      vertex 6 74.7342890304516 123.13851289729034
    endloop
  endfacet
  facet normal 1 0 0
    outer loop
      vertex 3 75.88782474566273 122.66070275936815
      vertex 3 72.88541301643171 122.95641450403612
      vertex 3 72.33217525433727 122.66070275936815
    endloop
  endfacet
  facet normal 1 0 0
    outer loop
      vertex 3 76.77070275936815 121.77782474566273
      vertex 3 71.84725830020305 122.26274169979695
      vertex 3 71.44929724063185 121.77782474566273
    endloop
  endfacet
  facet normal 1 0 0
    outer loop
      vertex 3 76.37274169979695 122.26274169979695
      vertex 3 72.33217525433727 122.66070275936815
      vertex 3 71.84725830020305 122.26274169979695
    endloop
  endfacet
  facet normal 1 0 0
    outer loop
      vertex 3 74.7342890304516 123.13851289729034
      vertex 3 74.11 123.2
      vertex 3 73.48571096954839 123.13851289729034
    endloop
  endfacet
  facet normal 1 0 0
    outer loop
      vertex 3 75.33458698356829 122.95641450403612
      vertex 3 73.48571096954839 123.13851289729034
      vertex 3 72.88541301643171 122.95641450403612
    endloop
  endfacet
  facet normal 0 0.09801714032956128 -0.9951847266721968
    outer loop
      vertex 3 74.11 123.2
      vertex 6 74.11 123.2
      vertex 3 73.48571096954839 123.13851289729034
    endloop
  endfacet
  facet normal 0 0.290284677254464 -0.9569403357322084
    outer loop
      vertex 3 73.48571096954839 123.13851289729034
      vertex 6 73.48571096954839 123.13851289729034
      vertex 3 72.88541301643171 122.95641450403612
    endloop
  endfacet
  facet normal 0 -0.09801714032956128 -0.9951847266721968
    outer loop
      vertex 3 74.11 123.2
      vertex 6 74.7342890304516 123.13851289729034
      vertex 6 74.11 123.2
    endloop
  endfacet
  facet normal 0 0.09801714032956128 -0.9951847266721968
    outer loop
      vertex 3 73.48571096954839 123.13851289729034
      vertex 6 74.11 123.2
      vertex 6 73.48571096954839 123.13851289729034
    endloop
  endfacet
  facet normal 0 0.290284677254464 -0.9569403357322084
    outer loop
      vertex 3 72.88541301643171 122.95641450403612
      vertex 6 73.48571096954839 123.13851289729034
      vertex 6 72.88541301643171 122.95641450403612
    endloop
  endfacet
  facet normal -5.6245799574132245e-18 0.47139673682599254 -0.8819212643483578
    outer loop
      vertex 3 72.33217525433727 122.66070275936815
      vertex 3 72.88541301643171 122.95641450403612
      vertex 6 72.88541301643171 122.95641450403612
    endloop
  endfacet
  facet normal 9.558235081066918e-19 0.7730104533627271 -0.6343932841636575
    outer loop
      vertex 3 71.44929724063185 121.77782474566273
      vertex 3 71.84725830020305 122.26274169979695
      vertex 6 71.84725830020305 122.26274169979695
    endloop
  endfacet
  facet normal 0 0.6343932841636575 -0.7730104533627271
    outer loop
      vertex 3 72.33217525433727 122.66070275936815
      vertex 6 72.33217525433727 122.66070275936815
      vertex 3 71.84725830020305 122.26274169979695
    endloop
  endfacet
  facet normal 0 0.47139673682599254 -0.8819212643483578
    outer loop
      vertex 3 72.33217525433727 122.66070275936815
      vertex 6 72.88541301643171 122.95641450403612
      vertex 6 72.33217525433727 122.66070275936815
    endloop
  endfacet
  facet normal 0 0.6343932841636575 -0.7730104533627271
    outer loop
      vertex 3 71.84725830020305 122.26274169979695
      vertex 6 72.33217525433727 122.66070275936815
      vertex 6 71.84725830020305 122.26274169979695
    endloop
  endfacet
  facet normal 0 0.7730104533627271 -0.6343932841636575
    outer loop
      vertex 3 71.44929724063185 121.77782474566273
      vertex 6 71.84725830020305 122.26274169979695
      vertex 6 71.44929724063185 121.77782474566273
    endloop
  endfacet
  facet normal -4.468894245751017e-19 -0.6343932841636443 0.773010453362738
    outer loop
      vertex 0 30.86208152801713 118.79791847198287
      vertex 0 30.604469396133318 118.58650165908567
      vertex 3 30.604469396133318 118.58650165908567
    endloop
  endfacet
  facet normal 0 -0.47139673682598915 0.8819212643483596
    outer loop
      vertex 0 30.31056183502065 118.42940479473081
      vertex 3 30.31056183502065 118.42940479473081
      vertex 0 30.604469396133318 118.58650165908567
    endloop
  endfacet
  facet normal 0 -0.8819212643483643 0.4713967368259802
    outer loop
      vertex 0 31.073498340914327 119.05553060386667
      vertex 3 31.073498340914327 119.05553060386667
      vertex 0 31.230595205269182 119.34943816497935
    endloop
  endfacet
  facet normal 0 -0.9951847266721952 0.09801714032957808
    outer loop
      vertex 0 31.327334976685485 119.66834645257258
      vertex 3 31.327334976685485 119.66834645257258
      vertex 0 31.36 120
    endloop
  endfacet
  facet normal 2.1949204050354854e-19 -0.9569403357322094 0.2902846772544608
    outer loop
      vertex 0 31.327334976685485 119.66834645257258
      vertex 0 31.230595205269182 119.34943816497935
      vertex 3 31.230595205269182 119.34943816497935
    endloop
  endfacet
  facet normal 0 -0.7730104533627293 0.6343932841636547
    outer loop
      vertex 0 30.86208152801713 118.79791847198287
      vertex 3 30.86208152801713 118.79791847198287
      vertex 0 31.073498340914327 119.05553060386667
    endloop
  endfacet
  facet normal 0 -0.6343932841636443 0.773010453362738
    outer loop
      vertex 0 30.86208152801713 118.79791847198287
      vertex 3 30.604469396133318 118.58650165908567
      vertex 3 30.86208152801713 118.79791847198287
    endloop
  endfacet
  facet normal 0 -0.47139673682598915 0.8819212643483596
    outer loop
      vertex 0 30.604469396133318 118.58650165908567
      vertex 3 30.31056183502065 118.42940479473081
      vertex 3 30.604469396133318 118.58650165908567
    endloop
  endfacet
  facet normal 0 -0.7730104533627293 0.6343932841636547
    outer loop
      vertex 0 31.073498340914327 119.05553060386667
      vertex 3 30.86208152801713 118.79791847198287
      vertex 3 31.073498340914327 119.05553060386667
    endloop
  endfacet
  facet normal 0 -0.8819212643483643 0.4713967368259802
    outer loop
      vertex 0 31.230595205269182 119.34943816497935
      vertex 3 31.073498340914327 119.05553060386667
      vertex 3 31.230595205269182 119.34943816497935
    endloop
  endfacet
  facet normal 0 -0.9569403357322094 0.2902846772544608
    outer loop
      vertex 0 31.327334976685485 119.66834645257258
      vertex 3 31.230595205269182 119.34943816497935
      vertex 3 31.327334976685485 119.66834645257258
    endloop
  endfacet
  facet normal 0 -0.9951847266721952 -0.09801714032957808
    outer loop
      vertex 0 31.36 120
      vertex 3 31.36 120
      vertex 0 31.327334976685485 120.33165354742742
    endloop
  endfacet
  facet normal 0 -0.9569403357322094 -0.2902846772544608
    outer loop
      vertex 0 31.327334976685485 120.33165354742742
      vertex 3 31.327334976685485 120.33165354742742
      vertex 0 31.230595205269182 120.65056183502065
    endloop
  endfacet
  facet normal 0 -0.8819212643483643 -0.4713967368259802
    outer loop
      vertex 0 31.230595205269182 120.65056183502065
      vertex 3 31.230595205269182 120.65056183502065
      vertex 0 31.073498340914327 120.94446939613333
    endloop
  endfacet
  facet normal 0 -0.7730104533627293 -0.6343932841636547
    outer loop
      vertex 0 31.073498340914327 120.94446939613333
      vertex 3 31.073498340914327 120.94446939613333
      vertex 0 30.86208152801713 121.20208152801713
    endloop
  endfacet
  facet normal 0 -0.6343932841636443 -0.773010453362738
    outer loop
      vertex 0 30.86208152801713 121.20208152801713
      vertex 3 30.86208152801713 121.20208152801713
      vertex 0 30.604469396133318 121.41349834091433
    endloop
  endfacet
  facet normal 0 -0.47139673682598915 -0.8819212643483596
    outer loop
      vertex 0 30.604469396133318 121.41349834091433
      vertex 3 30.604469396133318 121.41349834091433
      vertex 0 30.31056183502065 121.57059520526919
    endloop
  endfacet
  facet normal 0 -0.9951847266721952 0.09801714032957808
    outer loop
      vertex 0 31.36 120
      vertex 3 31.327334976685485 119.66834645257258
      vertex 3 31.36 120
    endloop
  endfacet
  facet normal 0 -0.9951847266721952 -0.09801714032957808
    outer loop
      vertex 0 31.327334976685485 120.33165354742742
      vertex 3 31.36 120
      vertex 3 31.327334976685485 120.33165354742742
    endloop
  endfacet
  facet normal 0 -0.9569403357322094 -0.2902846772544608
    outer loop
      vertex 0 31.230595205269182 120.65056183502065
      vertex 3 31.327334976685485 120.33165354742742
      vertex 3 31.230595205269182 120.65056183502065
    endloop
  endfacet
  facet normal 0 -0.8819212643483643 -0.4713967368259802
    outer loop
      vertex 0 31.073498340914327 120.94446939613333
      vertex 3 31.230595205269182 120.65056183502065
      vertex 3 31.073498340914327 120.94446939613333
    endloop
  endfacet
  facet normal 0 -0.7730104533627293 -0.6343932841636547
    outer loop
      vertex 0 30.86208152801713 121.20208152801713
      vertex 3 31.073498340914327 120.94446939613333
      vertex 3 30.86208152801713 121.20208152801713
    endloop
  endfacet
  facet normal 0 -0.6343932841636443 -0.773010453362738
    outer loop
      vertex 0 30.604469396133318 121.41349834091433
      vertex 3 30.86208152801713 121.20208152801713
      vertex 3 30.604469396133318 121.41349834091433
    endloop
  endfacet
  facet normal 0 -0.47139673682598915 -0.8819212643483596
    outer loop
      vertex 0 30.31056183502065 121.57059520526919
      vertex 3 30.604469396133318 121.41349834091433
      vertex 3 30.31056183502065 121.57059520526919
    endloop
  endfacet
  facet normal 0 -0.09801714032955904 0.995184726672197
    outer loop
      vertex 0 29.659999999999997 118.3
      vertex 3 29.659999999999997 118.3
      vertex 0 29.99165354742741 118.3326650233145
    endloop
  endfacet
  facet normal 1.0774187263117404e-18 -0.2902846772544744 0.9569403357322052
    outer loop
      vertex 0 30.31056183502065 118.42940479473081
      vertex 0 29.99165354742741 118.3326650233145
      vertex 3 29.99165354742741 118.3326650233145
    endloop
  endfacet
  facet normal -7.716244239198019e-19 0.09801714032955904 0.995184726672197
    outer loop
      vertex 0 29.659999999999997 118.3
      vertex 0 29.328346452572582 118.3326650233145
      vertex 3 29.328346452572582 118.3326650233145
    endloop
  endfacet
  facet normal -1.0774187263117404e-18 0.2902846772544744 0.9569403357322052
    outer loop
      vertex 0 29.328346452572582 118.3326650233145
      vertex 0 29.009438164979343 118.42940479473081
      vertex 3 29.009438164979343 118.42940479473081
    endloop
  endfacet
  facet normal 0 -0.2902846772544744 0.9569403357322052
    outer loop
      vertex 0 30.31056183502065 118.42940479473081
      vertex 3 29.99165354742741 118.3326650233145
      vertex 3 30.31056183502065 118.42940479473081
    endloop
  endfacet
  facet normal 0 -0.09801714032955904 0.995184726672197
    outer loop
      vertex 0 29.99165354742741 118.3326650233145
      vertex 3 29.659999999999997 118.3
      vertex 3 29.99165354742741 118.3326650233145
    endloop
  endfacet
  facet normal 0 0.09801714032955904 0.995184726672197
    outer loop
      vertex 0 29.659999999999997 118.3
      vertex 3 29.328346452572582 118.3326650233145
      vertex 3 29.659999999999997 118.3
    endloop
  endfacet
  facet normal 0 0.2902846772544744 0.9569403357322052
    outer loop
      vertex 0 29.328346452572582 118.3326650233145
      vertex 3 29.009438164979343 118.42940479473081
      vertex 3 29.328346452572582 118.3326650233145
    endloop
  endfacet
  facet normal 0 0.47139673682598915 0.8819212643483596
    outer loop
      vertex 0 29.009438164979343 118.42940479473081
      vertex 3 28.715530603866675 118.58650165908567
      vertex 3 29.009438164979343 118.42940479473081
    endloop
  endfacet
  facet normal -1.3281590920333047e-18 0.47139673682598915 0.8819212643483596
    outer loop
      vertex 0 29.009438164979343 118.42940479473081
      vertex 0 28.715530603866675 118.58650165908567
      vertex 3 28.715530603866675 118.58650165908567
    endloop
  endfacet
  facet normal 4.468894245751017e-19 0.6343932841636443 0.773010453362738
    outer loop
      vertex 0 28.715530603866675 118.58650165908567
      vertex 0 28.457918471982865 118.79791847198287
      vertex 3 28.457918471982865 118.79791847198287
    endloop
  endfacet
  facet normal -3.0870772451920244e-18 0.7730104533627293 0.6343932841636547
    outer loop
      vertex 0 28.457918471982865 118.79791847198287
      vertex 0 28.246501659085666 119.05553060386667
      vertex 3 28.246501659085666 119.05553060386667
    endloop
  endfacet
  facet normal -4.0639078997895458e-19 0.8819212643483643 0.4713967368259802
    outer loop
      vertex 0 28.246501659085666 119.05553060386667
      vertex 0 28.08940479473081 119.34943816497935
      vertex 3 28.08940479473081 119.34943816497935
    endloop
  endfacet
  facet normal -2.1949204050354854e-19 0.9569403357322094 0.2902846772544608
    outer loop
      vertex 0 28.08940479473081 119.34943816497935
      vertex 0 27.99266502331451 119.66834645257258
      vertex 3 27.99266502331451 119.66834645257258
    endloop
  endfacet
  facet normal 0 0.6343932841636443 0.773010453362738
    outer loop
      vertex 0 28.715530603866675 118.58650165908567
      vertex 3 28.457918471982865 118.79791847198287
      vertex 3 28.715530603866675 118.58650165908567
    endloop
  endfacet
  facet normal 0 0.7730104533627293 0.6343932841636547
    outer loop
      vertex 0 28.457918471982865 118.79791847198287
      vertex 3 28.246501659085666 119.05553060386667
      vertex 3 28.457918471982865 118.79791847198287
    endloop
  endfacet
  facet normal 0 0.8819212643483643 0.4713967368259802
    outer loop
      vertex 0 28.246501659085666 119.05553060386667
      vertex 3 28.08940479473081 119.34943816497935
      vertex 3 28.246501659085666 119.05553060386667
    endloop
  endfacet
  facet normal 0 0.9569403357322094 0.2902846772544608
    outer loop
      vertex 0 28.08940479473081 119.34943816497935
      vertex 3 27.99266502331451 119.66834645257258
      vertex 3 28.08940479473081 119.34943816497935
    endloop
  endfacet
  facet normal 0 0.9951847266721952 0.09801714032957808
    outer loop
      vertex 0 27.99266502331451 119.66834645257258
      vertex 3 27.959999999999994 120
      vertex 3 27.99266502331451 119.66834645257258
    endloop
  endfacet
  facet normal 0 -0.2902846772544744 -0.9569403357322052
    outer loop
      vertex 0 30.31056183502065 121.57059520526919
      vertex 3 30.31056183502065 121.57059520526919
      vertex 0 29.99165354742741 121.6673349766855
    endloop
  endfacet
  facet normal 0 -0.09801714032955904 -0.995184726672197
    outer loop
      vertex 0 29.99165354742741 121.6673349766855
      vertex 3 29.99165354742741 121.6673349766855
      vertex 0 29.659999999999997 121.7
    endloop
  endfacet
  facet normal 0 0.09801714032955904 -0.995184726672197
    outer loop
      vertex 0 29.659999999999997 121.7
      vertex 3 29.659999999999997 121.7
      vertex 0 29.328346452572582 121.6673349766855
    endloop
  endfacet
  facet normal 0 0.47139673682598915 -0.8819212643483596
    outer loop
      vertex 0 29.009438164979343 121.57059520526919
      vertex 3 29.009438164979343 121.57059520526919
      vertex 0 28.715530603866675 121.41349834091433
    endloop
  endfacet
  facet normal 0 0.2902846772544744 -0.9569403357322052
    outer loop
      vertex 0 29.328346452572582 121.6673349766855
      vertex 3 29.328346452572582 121.6673349766855
      vertex 0 29.009438164979343 121.57059520526919
    endloop
  endfacet
  facet normal -1.0774187263117404e-18 -0.2902846772544744 -0.9569403357322052
    outer loop
      vertex 3 30.31056183502065 121.57059520526919
      vertex 3 29.99165354742741 121.6673349766855
      vertex 0 29.99165354742741 121.6673349766855
    endloop
  endfacet
  facet normal 0 -0.09801714032955904 -0.995184726672197
    outer loop
      vertex 0 29.659999999999997 121.7
      vertex 3 29.99165354742741 121.6673349766855
      vertex 3 29.659999999999997 121.7
    endloop
  endfacet
  facet normal 0 0.09801714032955904 -0.995184726672197
    outer loop
      vertex 0 29.328346452572582 121.6673349766855
      vertex 3 29.659999999999997 121.7
      vertex 3 29.328346452572582 121.6673349766855
    endloop
  endfacet
  facet normal 0 0.2902846772544744 -0.9569403357322052
    outer loop
      vertex 0 29.009438164979343 121.57059520526919
      vertex 3 29.328346452572582 121.6673349766855
      vertex 3 29.009438164979343 121.57059520526919
    endloop
  endfacet
  facet normal 5.316792407652835e-19 0.9951847266721952 0.09801714032957808
    outer loop
      vertex 0 27.99266502331451 119.66834645257258
      vertex 0 27.959999999999994 120
      vertex 3 27.959999999999994 120
    endloop
  endfacet
  facet normal -5.316792407652835e-19 0.9951847266721952 -0.09801714032957808
    outer loop
      vertex 0 27.959999999999994 120
      vertex 0 27.99266502331451 120.33165354742742
      vertex 3 27.99266502331451 120.33165354742742
    endloop
  endfacet
  facet normal 2.1949204050354854e-19 0.9569403357322094 -0.2902846772544608
    outer loop
      vertex 0 27.99266502331451 120.33165354742742
      vertex 0 28.08940479473081 120.65056183502065
      vertex 3 28.08940479473081 120.65056183502065
    endloop
  endfacet
  facet normal 4.0639078997895458e-19 0.8819212643483643 -0.4713967368259802
    outer loop
      vertex 0 28.08940479473081 120.65056183502065
      vertex 0 28.246501659085666 120.94446939613333
      vertex 3 28.246501659085666 120.94446939613333
    endloop
  endfacet
  facet normal -4.468894245751017e-19 0.6343932841636443 -0.773010453362738
    outer loop
      vertex 0 28.457918471982865 121.20208152801713
      vertex 0 28.715530603866675 121.41349834091433
      vertex 3 28.715530603866675 121.41349834091433
    endloop
  endfacet
  facet normal 3.0870772451920244e-18 0.7730104533627293 -0.6343932841636547
    outer loop
      vertex 0 28.246501659085666 120.94446939613333
      vertex 0 28.457918471982865 121.20208152801713
      vertex 3 28.457918471982865 121.20208152801713
    endloop
  endfacet
  facet normal 0 0.9951847266721952 -0.09801714032957808
    outer loop
      vertex 0 27.959999999999994 120
      vertex 3 27.99266502331451 120.33165354742742
      vertex 3 27.959999999999994 120
    endloop
  endfacet
  facet normal 0 0.9569403357322094 -0.2902846772544608
    outer loop
      vertex 0 27.99266502331451 120.33165354742742
      vertex 3 28.08940479473081 120.65056183502065
      vertex 3 27.99266502331451 120.33165354742742
    endloop
  endfacet
  facet normal 0 0.8819212643483643 -0.4713967368259802
    outer loop
      vertex 0 28.08940479473081 120.65056183502065
      vertex 3 28.246501659085666 120.94446939613333
      vertex 3 28.08940479473081 120.65056183502065
    endloop
  endfacet
  facet normal 0 0.7730104533627293 -0.6343932841636547
    outer loop
      vertex 0 28.246501659085666 120.94446939613333
      vertex 3 28.457918471982865 121.20208152801713
      vertex 3 28.246501659085666 120.94446939613333
    endloop
  endfacet
  facet normal 0 0.6343932841636443 -0.773010453362738
    outer loop
      vertex 0 28.457918471982865 121.20208152801713
      vertex 3 28.715530603866675 121.41349834091433
      vertex 3 28.457918471982865 121.20208152801713
    endloop
  endfacet
  facet normal 0 0.47139673682598915 -0.8819212643483596
    outer loop
      vertex 0 28.715530603866675 121.41349834091433
      vertex 3 29.009438164979343 121.57059520526919
      vertex 3 28.715530603866675 121.41349834091433
    endloop
  endfacet
  facet normal 0 -0.6343932841636519 0.7730104533627317
    outer loop
      vertex 3 31.92274169979695 117.73725830020305
      vertex 6 31.437824745662724 117.33929724063185
      vertex 6 31.92274169979695 117.73725830020305
    endloop
  endfacet
  facet normal -5.6245799574132245e-18 -0.47139673682599254 0.8819212643483578
    outer loop
      vertex 3 31.437824745662724 117.33929724063185
      vertex 3 30.884586983568283 117.04358549596388
      vertex 6 30.884586983568283 117.04358549596388
    endloop
  endfacet
  facet normal -8.430289923695627e-19 -0.6343932841636519 0.7730104533627317
    outer loop
      vertex 3 31.92274169979695 117.73725830020305
      vertex 3 31.437824745662724 117.33929724063185
      vertex 6 31.437824745662724 117.33929724063185
    endloop
  endfacet
  facet normal 1.7949982641009738e-19 -0.29028467725446716 0.9569403357322075
    outer loop
      vertex 3 30.884586983568283 117.04358549596388
      vertex 3 30.28428903045161 116.86148710270966
      vertex 6 30.28428903045161 116.86148710270966
    endloop
  endfacet
  facet normal 0 -0.47139673682599254 0.8819212643483578
    outer loop
      vertex 3 31.437824745662724 117.33929724063185
      vertex 6 30.884586983568283 117.04358549596388
      vertex 6 31.437824745662724 117.33929724063185
    endloop
  endfacet
  facet normal 0 -0.29028467725446716 0.9569403357322075
    outer loop
      vertex 3 30.884586983568283 117.04358549596388
      vertex 6 30.28428903045161 116.86148710270966
      vertex 6 30.884586983568283 117.04358549596388
    endloop
  endfacet
  facet normal 1 0 0
    outer loop
      vertex 3 31.437824745662724 117.33929724063185
      vertex 3 27.88217525433727 117.33929724063185
      vertex 3 30.884586983568283 117.04358549596388
    endloop
  endfacet
  facet normal 1 0 0
    outer loop
      vertex 3 30.884586983568283 117.04358549596388
      vertex 3 28.43541301643171 117.04358549596388
      vertex 3 30.28428903045161 116.86148710270966
    endloop
  endfacet
  facet normal 1 0 0
    outer loop
      vertex 3 30.28428903045161 116.86148710270966
      vertex 3 29.035710969548383 116.86148710270966
      vertex 3 29.659999999999997 116.8
    endloop
  endfacet
  facet normal 1 0 0
    outer loop
      vertex 3 31.92274169979695 117.73725830020305
      vertex 3 27.397258300203042 117.73725830020305
      vertex 3 31.437824745662724 117.33929724063185
    endloop
  endfacet
  facet normal 4.056075034287462e-19 -0.09801714032956017 0.9951847266721969
    outer loop
      vertex 3 30.28428903045161 116.86148710270966
      vertex 3 29.659999999999997 116.8
      vertex 6 29.659999999999997 116.8
    endloop
  endfacet
  facet normal 1 0 0
    outer loop
      vertex 3 30.28428903045161 116.86148710270966
      vertex 3 28.43541301643171 117.04358549596388
      vertex 3 29.035710969548383 116.86148710270966
    endloop
  endfacet
  facet normal 1 0 0
    outer loop
      vertex 3 30.884586983568283 117.04358549596388
      vertex 3 27.88217525433727 117.33929724063185
      vertex 3 28.43541301643171 117.04358549596388
    endloop
  endfacet
  facet normal -4.056075034287462e-19 0.09801714032956017 0.9951847266721969
    outer loop
      vertex 3 29.659999999999997 116.8
      vertex 3 29.035710969548383 116.86148710270966
      vertex 6 29.035710969548383 116.86148710270966
    endloop
  endfacet
  facet normal 0 -0.09801714032956017 0.9951847266721969
    outer loop
      vertex 3 30.28428903045161 116.86148710270966
      vertex 6 29.659999999999997 116.8
      vertex 6 30.28428903045161 116.86148710270966
    endloop
  endfacet
  facet normal 0 0.09801714032956017 0.9951847266721969
    outer loop
      vertex 3 29.659999999999997 116.8
      vertex 6 29.035710969548383 116.86148710270966
      vertex 6 29.659999999999997 116.8
    endloop
  endfacet
  facet normal 1 0 0
    outer loop
      vertex 3 31.437824745662724 117.33929724063185
      vertex 3 27.397258300203042 117.73725830020305
      vertex 3 27.88217525433727 117.33929724063185
    endloop
  endfacet
  facet normal -1.7949982641009738e-19 0.29028467725446716 0.9569403357322075
    outer loop
      vertex 3 29.035710969548383 116.86148710270966
      vertex 3 28.43541301643171 117.04358549596388
      vertex 6 28.43541301643171 117.04358549596388
    endloop
  endfacet
  facet normal 5.6245799574132245e-18 0.47139673682599254 0.8819212643483578
    outer loop
      vertex 3 28.43541301643171 117.04358549596388
      vertex 3 27.88217525433727 117.33929724063185
      vertex 6 27.88217525433727 117.33929724063185
    endloop
  endfacet
  facet normal 8.430289923695627e-19 0.6343932841636519 0.7730104533627317
    outer loop
      vertex 3 27.88217525433727 117.33929724063185
      vertex 3 27.397258300203042 117.73725830020305
      vertex 6 27.397258300203042 117.73725830020305
    endloop
  endfacet
  facet normal 0 0.29028467725446716 0.9569403357322075
    outer loop
      vertex 3 29.035710969548383 116.86148710270966
      vertex 6 28.43541301643171 117.04358549596388
      vertex 6 29.035710969548383 116.86148710270966
    endloop
  endfacet
  facet normal 0 0.47139673682599254 0.8819212643483578
    outer loop
      vertex 3 28.43541301643171 117.04358549596388
      vertex 6 27.88217525433727 117.33929724063185
      vertex 6 28.43541301643171 117.04358549596388
    endloop
  endfacet
  facet normal 0 0.6343932841636519 0.7730104533627317
    outer loop
      vertex 3 27.88217525433727 117.33929724063185
      vertex 6 27.397258300203042 117.73725830020305
      vertex 6 27.88217525433727 117.33929724063185
    endloop
  endfacet
  facet normal 3.650247820489784e-18 -0.8819212643483532 0.47139673682600136
    outer loop
      vertex 3 32.616414504036115 118.77541301643171
      vertex 3 32.32070275936814 118.22217525433727
      vertex 6 32.32070275936814 118.22217525433727
    endloop
  endfacet
  facet normal 1 0 0
    outer loop
      vertex 3 32.616414504036115 118.77541301643171
      vertex 3 30.86208152801713 118.79791847198287
      vertex 3 32.32070275936814 118.22217525433727
    endloop
  endfacet
  facet normal 0 -0.7730104533627381 0.6343932841636439
    outer loop
      vertex 3 31.92274169979695 117.73725830020305
      vertex 6 31.92274169979695 117.73725830020305
      vertex 3 32.32070275936814 118.22217525433727
    endloop
  endfacet
  facet normal 0 -0.9569403357322084 0.290284677254464
    outer loop
      vertex 3 32.616414504036115 118.77541301643171
      vertex 6 32.616414504036115 118.77541301643171
      vertex 3 32.79851289729034 119.3757109695484
    endloop
  endfacet
  facet normal 0 -0.9951847266721968 0.09801714032956128
    outer loop
      vertex 3 32.79851289729034 119.3757109695484
      vertex 6 32.79851289729034 119.3757109695484
      vertex 3 32.86 120
    endloop
  endfacet
  facet normal 1 0 0
    outer loop
      vertex 3 32.616414504036115 118.77541301643171
      vertex 3 32.79851289729034 119.3757109695484
      vertex 3 31.327334976685485 119.66834645257258
    endloop
  endfacet
  facet normal 1 0 0
    outer loop
      vertex 3 32.616414504036115 118.77541301643171
      vertex 3 31.327334976685485 119.66834645257258
      vertex 3 31.230595205269182 119.34943816497935
    endloop
  endfacet
  facet normal 1 0 0
    outer loop
      vertex 3 32.79851289729034 119.3757109695484
      vertex 3 32.86 120
      vertex 3 31.36 120
    endloop
  endfacet
  facet normal 1 0 0
    outer loop
      vertex 3 32.79851289729034 119.3757109695484
      vertex 3 31.36 120
      vertex 3 31.327334976685485 119.66834645257258
    endloop
  endfacet
  facet normal 0 -0.8819212643483532 0.47139673682600136
    outer loop
      vertex 3 32.616414504036115 118.77541301643171
      vertex 6 32.32070275936814 118.22217525433727
      vertex 6 32.616414504036115 118.77541301643171
    endloop
  endfacet
  facet normal 0 -0.7730104533627381 0.6343932841636439
    outer loop
      vertex 3 32.32070275936814 118.22217525433727
      vertex 6 31.92274169979695 117.73725830020305
      vertex 6 32.32070275936814 118.22217525433727
    endloop
  endfacet
  facet normal 0 -0.9569403357322084 0.290284677254464
    outer loop
      vertex 3 32.79851289729034 119.3757109695484
      vertex 6 32.616414504036115 118.77541301643171
      vertex 6 32.79851289729034 119.3757109695484
    endloop
  endfacet
  facet normal 0 -0.9951847266721968 0.09801714032956128
    outer loop
      vertex 3 32.86 120
      vertex 6 32.79851289729034 119.3757109695484
      vertex 6 32.86 120
    endloop
  endfacet
  facet normal 1 0 0
    outer loop
      vertex 3 32.32070275936814 118.22217525433727
      vertex 3 30.86208152801713 118.79791847198287
      vertex 3 30.604469396133318 118.58650165908567
    endloop
  endfacet
  facet normal 1 0 0
    outer loop
      vertex 3 32.32070275936814 118.22217525433727
      vertex 3 30.604469396133318 118.58650165908567
      vertex 3 30.31056183502065 118.42940479473081
    endloop
  endfacet
  facet normal 1 0 0
    outer loop
      vertex 3 32.32070275936814 118.22217525433727
      vertex 3 29.99165354742741 118.3326650233145
      vertex 3 29.659999999999997 118.3
    endloop
  endfacet
  facet normal 1 0 0
    outer loop
      vertex 3 31.92274169979695 117.73725830020305
      vertex 3 32.32070275936814 118.22217525433727
      vertex 3 26.999297240631854 118.22217525433727
    endloop
  endfacet
  facet normal 1 0 0
    outer loop
      vertex 3 32.32070275936814 118.22217525433727
      vertex 3 30.31056183502065 118.42940479473081
      vertex 3 29.99165354742741 118.3326650233145
    endloop
  endfacet
  facet normal 1 0 0
    outer loop
      vertex 3 32.616414504036115 118.77541301643171
      vertex 3 31.073498340914327 119.05553060386667
      vertex 3 30.86208152801713 118.79791847198287
    endloop
  endfacet
  facet normal 1 0 0
    outer loop
      vertex 3 32.616414504036115 118.77541301643171
      vertex 3 31.230595205269182 119.34943816497935
      vertex 3 31.073498340914327 119.05553060386667
    endloop
  endfacet
  facet normal 0 -0.9951847266721968 -0.09801714032956128
    outer loop
      vertex 3 32.86 120
      vertex 6 32.86 120
      vertex 3 32.79851289729034 120.6242890304516
    endloop
  endfacet
  facet normal 0 -0.9569403357322084 -0.290284677254464
    outer loop
      vertex 3 32.79851289729034 120.6242890304516
      vertex 6 32.79851289729034 120.6242890304516
      vertex 3 32.616414504036115 121.22458698356829
    endloop
  endfacet
  facet normal 1 0 0
    outer loop
      vertex 3 32.86 120
      vertex 3 32.79851289729034 120.6242890304516
      vertex 3 31.327334976685485 120.33165354742742
    endloop
  endfacet
  facet normal 1 0 0
    outer loop
      vertex 3 32.86 120
      vertex 3 31.327334976685485 120.33165354742742
      vertex 3 31.36 120
    endloop
  endfacet
  facet normal 1 0 0
    outer loop
      vertex 3 32.79851289729034 120.6242890304516
      vertex 3 31.230595205269182 120.65056183502065
      vertex 3 31.327334976685485 120.33165354742742
    endloop
  endfacet
  facet normal 1 0 0
    outer loop
      vertex 3 32.79851289729034 120.6242890304516
      vertex 3 31.073498340914327 120.94446939613333
      vertex 3 31.230595205269182 120.65056183502065
    endloop
  endfacet
  facet normal 0 -0.8819212643483532 -0.47139673682600136
    outer loop
      vertex 3 32.616414504036115 121.22458698356829
      vertex 6 32.616414504036115 121.22458698356829
      vertex 3 32.32070275936814 121.77782474566273
    endloop
  endfacet
  facet normal 1 0 0
    outer loop
      vertex 3 32.79851289729034 120.6242890304516
      vertex 3 32.616414504036115 121.22458698356829
      vertex 3 31.073498340914327 120.94446939613333
    endloop
  endfacet
  facet normal 1 0 0
    outer loop
      vertex 3 32.616414504036115 121.22458698356829
      vertex 3 32.32070275936814 121.77782474566273
      vertex 3 30.31056183502065 121.57059520526919
    endloop
  endfacet
  facet normal 0 -0.9951847266721968 -0.09801714032956128
    outer loop
      vertex 3 32.79851289729034 120.6242890304516
      vertex 6 32.86 120
      vertex 6 32.79851289729034 120.6242890304516
    endloop
  endfacet
  facet normal 0 -0.9569403357322084 -0.290284677254464
    outer loop
      vertex 3 32.616414504036115 121.22458698356829
      vertex 6 32.79851289729034 120.6242890304516
      vertex 6 32.616414504036115 121.22458698356829
    endloop
  endfacet
  facet normal 0 -0.8819212643483532 -0.47139673682600136
    outer loop
      vertex 3 32.32070275936814 121.77782474566273
      vertex 6 32.616414504036115 121.22458698356829
      vertex 6 32.32070275936814 121.77782474566273
    endloop
  endfacet
  facet normal 1 0 0
    outer loop
      vertex 3 32.616414504036115 121.22458698356829
      vertex 3 30.86208152801713 121.20208152801713
      vertex 3 31.073498340914327 120.94446939613333
    endloop
  endfacet
  facet normal 1 0 0
    outer loop
      vertex 3 32.616414504036115 121.22458698356829
      vertex 3 30.604469396133318 121.41349834091433
      vertex 3 30.86208152801713 121.20208152801713
    endloop
  endfacet
  facet normal 1 0 0
    outer loop
      vertex 3 32.616414504036115 121.22458698356829
      vertex 3 30.31056183502065 121.57059520526919
      vertex 3 30.604469396133318 121.41349834091433
    endloop
  endfacet
  facet normal 1 0 0
    outer loop
      vertex 3 32.32070275936814 121.77782474566273
      vertex 3 29.99165354742741 121.6673349766855
      vertex 3 30.31056183502065 121.57059520526919
    endloop
  endfacet
  facet normal 1 0 0
    outer loop
      vertex 3 32.32070275936814 121.77782474566273
      vertex 3 29.659999999999997 121.7
      vertex 3 29.99165354742741 121.6673349766855
    endloop
  endfacet
  facet normal 1 0 0
    outer loop
      vertex 3 32.32070275936814 118.22217525433727
      vertex 3 29.659999999999997 118.3
      vertex 3 26.999297240631854 118.22217525433727
    endloop
  endfacet
  facet normal 1 0 0
    outer loop
      vertex 3 31.92274169979695 117.73725830020305
      vertex 3 26.999297240631854 118.22217525433727
      vertex 3 27.397258300203042 117.73725830020305
    endloop
  endfacet
  facet normal 1 0 0
    outer loop
      vertex 3 29.659999999999997 118.3
      vertex 3 29.328346452572582 118.3326650233145
      vertex 3 26.999297240631854 118.22217525433727
    endloop
  endfacet
  facet normal 1 0 0
    outer loop
      vertex 3 29.328346452572582 118.3326650233145
      vertex 3 29.009438164979343 118.42940479473081
      vertex 3 26.999297240631854 118.22217525433727
    endloop
  endfacet
  facet normal 1 0 0
    outer loop
      vertex 3 29.009438164979343 118.42940479473081
      vertex 3 28.715530603866675 118.58650165908567
      vertex 3 26.70358549596388 118.77541301643171
    endloop
  endfacet
  facet normal 1 0 0
    outer loop
      vertex 3 28.715530603866675 118.58650165908567
      vertex 3 28.457918471982865 118.79791847198287
      vertex 3 26.70358549596388 118.77541301643171
    endloop
  endfacet
  facet normal 1 0 0
    outer loop
      vertex 3 29.009438164979343 118.42940479473081
      vertex 3 26.70358549596388 118.77541301643171
      vertex 3 26.999297240631854 118.22217525433727
    endloop
  endfacet
  facet normal 1 0 0
    outer loop
      vertex 3 28.457918471982865 118.79791847198287
      vertex 3 28.246501659085666 119.05553060386667
      vertex 3 26.70358549596388 118.77541301643171
    endloop
  endfacet
  facet normal 1 0 0
    outer loop
      vertex 3 28.246501659085666 119.05553060386667
      vertex 3 28.08940479473081 119.34943816497935
      vertex 3 26.521487102709656 119.3757109695484
    endloop
  endfacet
  facet normal 1 0 0
    outer loop
      vertex 3 28.08940479473081 119.34943816497935
      vertex 3 27.99266502331451 119.66834645257258
      vertex 3 26.521487102709656 119.3757109695484
    endloop
  endfacet
  facet normal 1 0 0
    outer loop
      vertex 3 32.32070275936814 121.77782474566273
      vertex 3 26.999297240631854 121.77782474566273
      vertex 3 29.659999999999997 121.7
    endloop
  endfacet
  facet normal 1 0 0
    outer loop
      vertex 3 27.99266502331451 120.33165354742742
      vertex 3 28.08940479473081 120.65056183502065
      vertex 3 26.70358549596388 121.22458698356829
    endloop
  endfacet
  facet normal 1 0 0
    outer loop
      vertex 3 29.659999999999997 121.7
      vertex 3 26.999297240631854 121.77782474566273
      vertex 3 29.328346452572582 121.6673349766855
    endloop
  endfacet
  facet normal 1 0 0
    outer loop
      vertex 3 29.009438164979343 121.57059520526919
      vertex 3 26.999297240631854 121.77782474566273
      vertex 3 28.715530603866675 121.41349834091433
    endloop
  endfacet
  facet normal 1 0 0
    outer loop
      vertex 3 29.328346452572582 121.6673349766855
      vertex 3 26.999297240631854 121.77782474566273
      vertex 3 29.009438164979343 121.57059520526919
    endloop
  endfacet
  facet normal 1 0 0
    outer loop
      vertex 3 28.08940479473081 120.65056183502065
      vertex 3 28.246501659085666 120.94446939613333
      vertex 3 26.70358549596388 121.22458698356829
    endloop
  endfacet
  facet normal 1 0 0
    outer loop
      vertex 3 28.246501659085666 120.94446939613333
      vertex 3 28.457918471982865 121.20208152801713
      vertex 3 26.70358549596388 121.22458698356829
    endloop
  endfacet
  facet normal 1 0 0
    outer loop
      vertex 3 28.457918471982865 121.20208152801713
      vertex 3 28.715530603866675 121.41349834091433
      vertex 3 26.999297240631854 121.77782474566273
    endloop
  endfacet
  facet normal 3.1365896900986452e-18 0.7730104533627381 0.6343932841636439
    outer loop
      vertex 3 27.397258300203042 117.73725830020305
      vertex 3 26.999297240631854 118.22217525433727
      vertex 6 26.999297240631854 118.22217525433727
    endloop
  endfacet
  facet normal -3.650247820489784e-18 0.8819212643483532 0.47139673682600136
    outer loop
      vertex 3 26.999297240631854 118.22217525433727
      vertex 3 26.70358549596388 118.77541301643171
      vertex 6 26.70358549596388 118.77541301643171
    endloop
  endfacet
  facet normal 1 0 0
    outer loop
      vertex 3 28.246501659085666 119.05553060386667
      vertex 3 26.521487102709656 119.3757109695484
      vertex 3 26.70358549596388 118.77541301643171
    endloop
  endfacet
  facet normal 1 0 0
    outer loop
      vertex 3 27.99266502331451 119.66834645257258
      vertex 3 26.459999999999994 120
      vertex 3 26.521487102709656 119.3757109695484
    endloop
  endfacet
  facet normal -1.90785350710605e-18 0.9569403357322084 0.290284677254464
    outer loop
      vertex 3 26.70358549596388 118.77541301643171
      vertex 3 26.521487102709656 119.3757109695484
      vertex 6 26.521487102709656 119.3757109695484
    endloop
  endfacet
  facet normal -5.427934442137045e-19 0.9951847266721968 0.09801714032956128
    outer loop
      vertex 3 26.521487102709656 119.3757109695484
      vertex 3 26.459999999999994 120
      vertex 6 26.459999999999994 120
    endloop
  endfacet
  facet normal 0 0.7730104533627381 0.6343932841636439
    outer loop
      vertex 3 27.397258300203042 117.73725830020305
      vertex 6 26.999297240631854 118.22217525433727
      vertex 6 27.397258300203042 117.73725830020305
    endloop
  endfacet
  facet normal 0 0.8819212643483532 0.47139673682600136
    outer loop
      vertex 3 26.999297240631854 118.22217525433727
      vertex 6 26.70358549596388 118.77541301643171
      vertex 6 26.999297240631854 118.22217525433727
    endloop
  endfacet
  facet normal 0 0.9569403357322084 0.290284677254464
    outer loop
      vertex 3 26.70358549596388 118.77541301643171
      vertex 6 26.521487102709656 119.3757109695484
      vertex 6 26.70358549596388 118.77541301643171
    endloop
  endfacet
  facet normal 0 0.9951847266721968 0.09801714032956128
    outer loop
      vertex 3 26.521487102709656 119.3757109695484
      vertex 6 26.459999999999994 120
      vertex 6 26.521487102709656 119.3757109695484
    endloop
  endfacet
  facet normal 1 0 0
    outer loop
      vertex 3 27.99266502331451 119.66834645257258
      vertex 3 27.959999999999994 120
      vertex 3 26.459999999999994 120
    endloop
  endfacet
  facet normal 1 0 0
    outer loop
      vertex 3 27.959999999999994 120
      vertex 3 27.99266502331451 120.33165354742742
      vertex 3 26.521487102709656 120.6242890304516
    endloop
  endfacet
  facet normal 1 0 0
    outer loop
      vertex 3 27.959999999999994 120
      vertex 3 26.521487102709656 120.6242890304516
      vertex 3 26.459999999999994 120
    endloop
  endfacet
  facet normal 1 0 0
    outer loop
      vertex 3 27.99266502331451 120.33165354742742
      vertex 3 26.70358549596388 121.22458698356829
      vertex 3 26.521487102709656 120.6242890304516
    endloop
  endfacet
  facet normal 5.427934442137045e-19 0.9951847266721968 -0.09801714032956128
    outer loop
      vertex 3 26.459999999999994 120
      vertex 3 26.521487102709656 120.6242890304516
      vertex 6 26.521487102709656 120.6242890304516
    endloop
  endfacet
  facet normal 1 0 0
    outer loop
      vertex 3 28.457918471982865 121.20208152801713
      vertex 3 26.999297240631854 121.77782474566273
      vertex 3 26.70358549596388 121.22458698356829
    endloop
  endfacet
  facet normal 0 0.8819212643483532 -0.47139673682600136
    outer loop
      vertex 3 26.999297240631854 121.77782474566273
      vertex 6 26.999297240631854 121.77782474566273
      vertex 3 26.70358549596388 121.22458698356829
    endloop
  endfacet
  facet normal 1.90785350710605e-18 0.9569403357322084 -0.290284677254464
    outer loop
      vertex 3 26.521487102709656 120.6242890304516
      vertex 3 26.70358549596388 121.22458698356829
      vertex 6 26.70358549596388 121.22458698356829
    endloop
  endfacet
  facet normal 0 0.9951847266721968 -0.09801714032956128
    outer loop
      vertex 3 26.459999999999994 120
      vertex 6 26.521487102709656 120.6242890304516
      vertex 6 26.459999999999994 120
    endloop
  endfacet
  facet normal 0 0.9569403357322084 -0.290284677254464
    outer loop
      vertex 3 26.521487102709656 120.6242890304516
      vertex 6 26.70358549596388 121.22458698356829
      vertex 6 26.521487102709656 120.6242890304516
    endloop
  endfacet
  facet normal 0 0.8819212643483532 -0.47139673682600136
    outer loop
      vertex 3 26.70358549596388 121.22458698356829
      vertex 6 26.999297240631854 121.77782474566273
      vertex 6 26.70358549596388 121.22458698356829
    endloop
  endfacet
  facet normal 0 -0.7730104533627381 -0.6343932841636439
    outer loop
      vertex 3 32.32070275936814 121.77782474566273
      vertex 6 32.32070275936814 121.77782474566273
      vertex 3 31.92274169979695 122.26274169979695
    endloop
  endfacet
  facet normal 0 -0.6343932841636519 -0.7730104533627317
    outer loop
      vertex 3 31.92274169979695 122.26274169979695
      vertex 6 31.92274169979695 122.26274169979695
      vertex 3 31.437824745662724 122.66070275936815
    endloop
  endfacet
  facet normal 3.1365896900986452e-18 -0.7730104533627381 -0.6343932841636439
    outer loop
      vertex 6 32.32070275936814 121.77782474566273
      vertex 6 31.92274169979695 122.26274169979695
      vertex 3 31.92274169979695 122.26274169979695
    endloop
  endfacet
  facet normal 0 -0.47139673682599254 -0.8819212643483578
    outer loop
      vertex 3 31.437824745662724 122.66070275936815
      vertex 6 31.437824745662724 122.66070275936815
      vertex 3 30.884586983568283 122.95641450403612
    endloop
  endfacet
  facet normal 1 0 0
    outer loop
      vertex 3 32.32070275936814 121.77782474566273
      vertex 3 31.92274169979695 122.26274169979695
      vertex 3 27.397258300203042 122.26274169979695
    endloop
  endfacet
  facet normal 1 0 0
    outer loop
      vertex 3 31.92274169979695 122.26274169979695
      vertex 3 31.437824745662724 122.66070275936815
      vertex 3 27.88217525433727 122.66070275936815
    endloop
  endfacet
  facet normal 0 -0.29028467725446716 -0.9569403357322075
    outer loop
      vertex 3 30.884586983568283 122.95641450403612
      vertex 6 30.884586983568283 122.95641450403612
      vertex 3 30.28428903045161 123.13851289729034
    endloop
  endfacet
  facet normal 0 -0.6343932841636519 -0.7730104533627317
    outer loop
      vertex 3 31.437824745662724 122.66070275936815
      vertex 6 31.92274169979695 122.26274169979695
      vertex 6 31.437824745662724 122.66070275936815
    endloop
  endfacet
  facet normal 0 -0.47139673682599254 -0.8819212643483578
    outer loop
      vertex 3 30.884586983568283 122.95641450403612
      vertex 6 31.437824745662724 122.66070275936815
      vertex 6 30.884586983568283 122.95641450403612
    endloop
  endfacet
  facet normal 0 -0.29028467725446716 -0.9569403357322075
    outer loop
      vertex 3 30.28428903045161 123.13851289729034
      vertex 6 30.884586983568283 122.95641450403612
      vertex 6 30.28428903045161 123.13851289729034
    endloop
  endfacet
  facet normal 1 0 0
    outer loop
      vertex 3 31.437824745662724 122.66070275936815
      vertex 3 30.884586983568283 122.95641450403612
      vertex 3 28.43541301643171 122.95641450403612
    endloop
  endfacet
  facet normal 1 0 0
    outer loop
      vertex 3 31.92274169979695 122.26274169979695
      vertex 3 27.88217525433727 122.66070275936815
      vertex 3 27.397258300203042 122.26274169979695
    endloop
  endfacet
  facet normal 1 0 0
    outer loop
      vertex 3 31.437824745662724 122.66070275936815
      vertex 3 28.43541301643171 122.95641450403612
      vertex 3 27.88217525433727 122.66070275936815
    endloop
  endfacet
  facet normal 1 0 0
    outer loop
      vertex 3 30.884586983568283 122.95641450403612
      vertex 3 30.28428903045161 123.13851289729034
      vertex 3 29.035710969548383 123.13851289729034
    endloop
  endfacet
  facet normal 1 0 0
    outer loop
      vertex 3 30.28428903045161 123.13851289729034
      vertex 3 29.659999999999997 123.2
      vertex 3 29.035710969548383 123.13851289729034
    endloop
  endfacet
  facet normal 0 -0.09801714032956017 -0.9951847266721969
    outer loop
      vertex 3 30.28428903045161 123.13851289729034
      vertex 6 30.28428903045161 123.13851289729034
      vertex 3 29.659999999999997 123.2
    endloop
  endfacet
  facet normal 1 0 0
    outer loop
      vertex 3 30.884586983568283 122.95641450403612
      vertex 3 29.035710969548383 123.13851289729034
      vertex 3 28.43541301643171 122.95641450403612
    endloop
  endfacet
  facet normal 0 0.09801714032956017 -0.9951847266721969
    outer loop
      vertex 3 29.659999999999997 123.2
      vertex 6 29.659999999999997 123.2
      vertex 3 29.035710969548383 123.13851289729034
    endloop
  endfacet
  facet normal 0 -0.09801714032956017 -0.9951847266721969
    outer loop
      vertex 3 29.659999999999997 123.2
      vertex 6 30.28428903045161 123.13851289729034
      vertex 6 29.659999999999997 123.2
    endloop
  endfacet
  facet normal 0 0.09801714032956017 -0.9951847266721969
    outer loop
      vertex 3 29.035710969548383 123.13851289729034
      vertex 6 29.659999999999997 123.2
      vertex 6 29.035710969548383 123.13851289729034
    endloop
  endfacet
  facet normal 1 0 0
    outer loop
      vertex 3 32.32070275936814 121.77782474566273
      vertex 3 27.397258300203042 122.26274169979695
      vertex 3 26.999297240631854 121.77782474566273
    endloop
  endfacet
  facet normal -5.6245799574132245e-18 0.47139673682599254 -0.8819212643483578
    outer loop
      vertex 3 27.88217525433727 122.66070275936815
      vertex 3 28.43541301643171 122.95641450403612
      vertex 6 28.43541301643171 122.95641450403612
    endloop
  endfacet
  facet normal 0 0.6343932841636519 -0.7730104533627317
    outer loop
      vertex 3 27.88217525433727 122.66070275936815
      vertex 6 27.88217525433727 122.66070275936815
      vertex 3 27.397258300203042 122.26274169979695
    endloop
  endfacet
  facet normal 0 0.29028467725446716 -0.9569403357322075
    outer loop
      vertex 3 29.035710969548383 123.13851289729034
      vertex 6 29.035710969548383 123.13851289729034
      vertex 3 28.43541301643171 122.95641450403612
    endloop
  endfacet
  facet normal 0 0.47139673682599254 -0.8819212643483578
    outer loop
      vertex 3 27.88217525433727 122.66070275936815
      vertex 6 28.43541301643171 122.95641450403612
      vertex 6 27.88217525433727 122.66070275936815
    endloop
  endfacet
  facet normal -8.430289923695627e-19 0.6343932841636519 -0.7730104533627317
    outer loop
      vertex 6 27.88217525433727 122.66070275936815
      vertex 6 27.397258300203042 122.26274169979695
      vertex 3 27.397258300203042 122.26274169979695
    endloop
  endfacet
  facet normal 0 0.29028467725446716 -0.9569403357322075
    outer loop
      vertex 3 28.43541301643171 122.95641450403612
      vertex 6 29.035710969548383 123.13851289729034
      vertex 6 28.43541301643171 122.95641450403612
    endloop
  endfacet
  facet normal -3.1365896900986452e-18 0.7730104533627381 -0.6343932841636439
    outer loop
      vertex 3 26.999297240631854 121.77782474566273
      vertex 3 27.397258300203042 122.26274169979695
      vertex 6 27.397258300203042 122.26274169979695
    endloop
  endfacet
  facet normal 0 0.7730104533627381 -0.6343932841636439
    outer loop
      vertex 3 26.999297240631854 121.77782474566273
      vertex 6 27.397258300203042 122.26274169979695
      vertex 6 26.999297240631854 121.77782474566273
    endloop
  endfacet
  facet normal 0 -0.7933533402912262 0.6087614290087323
    outer loop
      vertex 0 66.81710678118654 35.292893218813454
      vertex 5 66.81710678118654 35.292893218813454
      vertex 0 66.97602540378443 35.5
    endloop
  endfacet
  facet normal -1.1793753144539266e-19 -0.1305261922200572 0.9914448613738096
    outer loop
      vertex 0 66.36881904510253 35.034074173710934
      vertex 0 66.11 35
      vertex 5 66.11 35
    endloop
  endfacet
  facet normal -2.0370123868900118e-20 -0.6087614290087283 0.7933533402912292
    outer loop
      vertex 0 66.81710678118654 35.292893218813454
      vertex 0 66.61 35.133974596215566
      vertex 5 66.61 35.133974596215566
    endloop
  endfacet
  facet normal 0 -0.382683432365106 0.92387953251128
    outer loop
      vertex 0 66.36881904510253 35.034074173710934
      vertex 5 66.36881904510253 35.034074173710934
      vertex 0 66.61 35.133974596215566
    endloop
  endfacet
  facet normal 0 -0.923879532511284 0.3826834323650964
    outer loop
      vertex 0 66.97602540378443 35.5
      vertex 5 66.97602540378443 35.5
      vertex 0 67.07592582628907 35.74118095489748
    endloop
  endfacet
  facet normal 0 -0.991444861373809 0.1305261922200607
    outer loop
      vertex 0 67.07592582628907 35.74118095489748
      vertex 5 67.07592582628907 35.74118095489748
      vertex 0 67.11 36
    endloop
  endfacet
  facet normal 0 -0.991444861373809 -0.1305261922200607
    outer loop
      vertex 0 67.11 36
      vertex 5 67.11 36
      vertex 0 67.07592582628907 36.25881904510252
    endloop
  endfacet
  facet normal 0 -0.923879532511284 -0.3826834323650964
    outer loop
      vertex 0 67.07592582628907 36.25881904510252
      vertex 5 67.07592582628907 36.25881904510252
      vertex 0 66.97602540378443 36.5
    endloop
  endfacet
  facet normal 0 -0.7933533402912262 0.6087614290087323
    outer loop
      vertex 0 66.97602540378443 35.5
      vertex 5 66.81710678118654 35.292893218813454
      vertex 5 66.97602540378443 35.5
    endloop
  endfacet
  facet normal 0 -0.1305261922200572 0.9914448613738096
    outer loop
      vertex 0 66.36881904510253 35.034074173710934
      vertex 5 66.11 35
      vertex 5 66.36881904510253 35.034074173710934
    endloop
  endfacet
  facet normal 0 -0.6087614290087283 0.7933533402912292
    outer loop
      vertex 0 66.81710678118654 35.292893218813454
      vertex 5 66.61 35.133974596215566
      vertex 5 66.81710678118654 35.292893218813454
    endloop
  endfacet
  facet normal 0 -0.382683432365106 0.92387953251128
    outer loop
      vertex 0 66.61 35.133974596215566
      vertex 5 66.36881904510253 35.034074173710934
      vertex 5 66.61 35.133974596215566
    endloop
  endfacet
  facet normal 0 -0.923879532511284 0.3826834323650964
    outer loop
      vertex 0 67.07592582628907 35.74118095489748
      vertex 5 66.97602540378443 35.5
      vertex 5 67.07592582628907 35.74118095489748
    endloop
  endfacet
  facet normal 0 -0.991444861373809 0.1305261922200607
    outer loop
      vertex 0 67.11 36
      vertex 5 67.07592582628907 35.74118095489748
      vertex 5 67.11 36
    endloop
  endfacet
  facet normal 0 -0.991444861373809 -0.1305261922200607
    outer loop
      vertex 0 67.07592582628907 36.25881904510252
      vertex 5 67.11 36
      vertex 5 67.07592582628907 36.25881904510252
    endloop
  endfacet
  facet normal 0 -0.923879532511284 -0.3826834323650964
    outer loop
      vertex 0 66.97602540378443 36.5
      vertex 5 67.07592582628907 36.25881904510252
      vertex 5 66.97602540378443 36.5
    endloop
  endfacet
  facet normal -1 0 0
    outer loop
      vertex 5 66.36881904510253 35.034074173710934
      vertex 5 66.11 35
      vertex 5 65.85118095489747 35.034074173710934
    endloop
  endfacet
  facet normal -1 0 0
    outer loop
      vertex 5 66.36881904510253 35.034074173710934
      vertex 5 65.85118095489747 35.034074173710934
      vertex 5 66.61 35.133974596215566
    endloop
  endfacet
  facet normal -1 0 0
    outer loop
      vertex 5 66.81710678118654 35.292893218813454
      vertex 5 66.61 35.133974596215566
      vertex 5 65.61 35.133974596215566
    endloop
  endfacet
  facet normal -1 0 0
    outer loop
      vertex 5 66.81710678118654 35.292893218813454
      vertex 5 65.40289321881346 35.292893218813454
      vertex 5 66.97602540378443 35.5
    endloop
  endfacet
  facet normal -1 0 0
    outer loop
      vertex 5 66.97602540378443 35.5
      vertex 5 65.24397459621557 35.5
      vertex 5 67.07592582628907 35.74118095489748
    endloop
  endfacet
  facet normal -1 0 0
    outer loop
      vertex 5 67.07592582628907 35.74118095489748
      vertex 5 65.14407417371093 35.74118095489748
      vertex 5 67.11 36
    endloop
  endfacet
  facet normal -1 0 0
    outer loop
      vertex 5 67.11 36
      vertex 5 65.11 36
      vertex 5 67.07592582628907 36.25881904510252
    endloop
  endfacet
  facet normal -1 0 0
    outer loop
      vertex 5 67.07592582628907 36.25881904510252
      vertex 5 65.14407417371093 36.25881904510252
      vertex 5 66.97602540378443 36.5
    endloop
  endfacet
  facet normal 0 -0.7933533402912262 -0.6087614290087323
    outer loop
      vertex 0 66.97602540378443 36.5
      vertex 5 66.97602540378443 36.5
      vertex 0 66.81710678118654 36.707106781186546
    endloop
  endfacet
  facet normal 0 -0.6087614290087455 -0.7933533402912161
    outer loop
      vertex 0 66.81710678118654 36.707106781186546
      vertex 5 66.81710678118654 36.707106781186546
      vertex 0 66.61 36.86602540378444
    endloop
  endfacet
  facet normal 0 -0.3826834323650828 -0.9238795325112895
    outer loop
      vertex 0 66.61 36.86602540378444
      vertex 5 66.61 36.86602540378444
      vertex 0 66.36881904510253 36.965925826289066
    endloop
  endfacet
  facet normal 0 -0.1305261922200572 -0.9914448613738096
    outer loop
      vertex 0 66.36881904510253 36.965925826289066
      vertex 5 66.36881904510253 36.965925826289066
      vertex 0 66.11 37
    endloop
  endfacet
  facet normal 0 -0.7933533402912262 -0.6087614290087323
    outer loop
      vertex 0 66.81710678118654 36.707106781186546
      vertex 5 66.97602540378443 36.5
      vertex 5 66.81710678118654 36.707106781186546
    endloop
  endfacet
  facet normal 0 -0.6087614290087455 -0.7933533402912161
    outer loop
      vertex 0 66.61 36.86602540378444
      vertex 5 66.81710678118654 36.707106781186546
      vertex 5 66.61 36.86602540378444
    endloop
  endfacet
  facet normal 0 -0.3826834323650828 -0.9238795325112895
    outer loop
      vertex 0 66.36881904510253 36.965925826289066
      vertex 5 66.61 36.86602540378444
      vertex 5 66.36881904510253 36.965925826289066
    endloop
  endfacet
  facet normal 0 -0.1305261922200572 -0.9914448613738096
    outer loop
      vertex 0 66.11 37
      vertex 5 66.36881904510253 36.965925826289066
      vertex 5 66.11 37
    endloop
  endfacet
  facet normal -1 0 0
    outer loop
      vertex 5 66.97602540378443 36.5
      vertex 5 65.24397459621557 36.5
      vertex 5 66.81710678118654 36.707106781186546
    endloop
  endfacet
  facet normal -1 0 0
    outer loop
      vertex 5 66.81710678118654 36.707106781186546
      vertex 5 65.40289321881346 36.707106781186546
      vertex 5 66.61 36.86602540378444
    endloop
  endfacet
  facet normal -1 0 0
    outer loop
      vertex 5 66.61 36.86602540378444
      vertex 5 65.61 36.86602540378444
      vertex 5 66.36881904510253 36.965925826289066
    endloop
  endfacet
  facet normal -1 0 0
    outer loop
      vertex 5 66.36881904510253 36.965925826289066
      vertex 5 65.85118095489747 36.965925826289066
      vertex 5 66.11 37
    endloop
  endfacet
  facet normal 1.1793753144539266e-19 0.1305261922200572 0.9914448613738096
    outer loop
      vertex 0 66.11 35
      vertex 0 65.85118095489747 35.034074173710934
      vertex 5 65.85118095489747 35.034074173710934
    endloop
  endfacet
  facet normal 5.164895368125772e-19 0.382683432365106 0.92387953251128
    outer loop
      vertex 0 65.85118095489747 35.034074173710934
      vertex 0 65.61 35.133974596215566
      vertex 5 65.61 35.133974596215566
    endloop
  endfacet
  facet normal 2.0370123868900118e-20 0.6087614290087283 0.7933533402912292
    outer loop
      vertex 0 65.61 35.133974596215566
      vertex 0 65.40289321881346 35.292893218813454
      vertex 5 65.40289321881346 35.292893218813454
    endloop
  endfacet
  facet normal 1.030356177946072e-18 0.7933533402912262 0.6087614290087323
    outer loop
      vertex 0 65.40289321881346 35.292893218813454
      vertex 0 65.24397459621557 35.5
      vertex 5 65.24397459621557 35.5
    endloop
  endfacet
  facet normal -1.0678797507612338e-18 0.923879532511284 0.3826834323650964
    outer loop
      vertex 0 65.24397459621557 35.5
      vertex 0 65.14407417371093 35.74118095489748
      vertex 5 65.14407417371093 35.74118095489748
    endloop
  endfacet
  facet normal -4.564457020512369e-19 0.991444861373809 0.1305261922200607
    outer loop
      vertex 0 65.14407417371093 35.74118095489748
      vertex 0 65.11 36
      vertex 5 65.11 36
    endloop
  endfacet
  facet normal 4.564457020512369e-19 0.991444861373809 -0.1305261922200607
    outer loop
      vertex 0 65.11 36
      vertex 0 65.14407417371093 36.25881904510252
      vertex 5 65.14407417371093 36.25881904510252
    endloop
  endfacet
  facet normal 1.0678797507612338e-18 0.923879532511284 -0.3826834323650964
    outer loop
      vertex 0 65.14407417371093 36.25881904510252
      vertex 0 65.24397459621557 36.5
      vertex 5 65.24397459621557 36.5
    endloop
  endfacet
  facet normal 0 0.1305261922200572 0.9914448613738096
    outer loop
      vertex 0 66.11 35
      vertex 5 65.85118095489747 35.034074173710934
      vertex 5 66.11 35
    endloop
  endfacet
  facet normal 0 0.382683432365106 0.92387953251128
    outer loop
      vertex 0 65.85118095489747 35.034074173710934
      vertex 5 65.61 35.133974596215566
      vertex 5 65.85118095489747 35.034074173710934
    endloop
  endfacet
  facet normal 0 0.6087614290087283 0.7933533402912292
    outer loop
      vertex 0 65.61 35.133974596215566
      vertex 5 65.40289321881346 35.292893218813454
      vertex 5 65.61 35.133974596215566
    endloop
  endfacet
  facet normal 0 0.7933533402912262 0.6087614290087323
    outer loop
      vertex 0 65.40289321881346 35.292893218813454
      vertex 5 65.24397459621557 35.5
      vertex 5 65.40289321881346 35.292893218813454
    endloop
  endfacet
  facet normal 0 0.923879532511284 0.3826834323650964
    outer loop
      vertex 0 65.24397459621557 35.5
      vertex 5 65.14407417371093 35.74118095489748
      vertex 5 65.24397459621557 35.5
    endloop
  endfacet
  facet normal 0 0.991444861373809 0.1305261922200607
    outer loop
      vertex 0 65.14407417371093 35.74118095489748
      vertex 5 65.11 36
      vertex 5 65.14407417371093 35.74118095489748
    endloop
  endfacet
  facet normal 0 0.991444861373809 -0.1305261922200607
    outer loop
      vertex 0 65.11 36
      vertex 5 65.14407417371093 36.25881904510252
      vertex 5 65.11 36
    endloop
  endfacet
  facet normal 0 0.923879532511284 -0.3826834323650964
    outer loop
      vertex 0 65.14407417371093 36.25881904510252
      vertex 5 65.24397459621557 36.5
      vertex 5 65.14407417371093 36.25881904510252
    endloop
  endfacet
  facet normal -1 0 0
    outer loop
      vertex 5 66.61 35.133974596215566
      vertex 5 65.85118095489747 35.034074173710934
      vertex 5 65.61 35.133974596215566
    endloop
  endfacet
  facet normal -1 0 0
    outer loop
      vertex 5 66.81710678118654 35.292893218813454
      vertex 5 65.61 35.133974596215566
      vertex 5 65.40289321881346 35.292893218813454
    endloop
  endfacet
  facet normal -1 0 0
    outer loop
      vertex 5 66.97602540378443 35.5
      vertex 5 65.40289321881346 35.292893218813454
      vertex 5 65.24397459621557 35.5
    endloop
  endfacet
  facet normal -1 0 0
    outer loop
      vertex 5 67.07592582628907 35.74118095489748
      vertex 5 65.24397459621557 35.5
      vertex 5 65.14407417371093 35.74118095489748
    endloop
  endfacet
  facet normal -1 0 0
    outer loop
      vertex 5 67.11 36
      vertex 5 65.14407417371093 35.74118095489748
      vertex 5 65.11 36
    endloop
  endfacet
  facet normal -1 0 0
    outer loop
      vertex 5 67.07592582628907 36.25881904510252
      vertex 5 65.11 36
      vertex 5 65.14407417371093 36.25881904510252
    endloop
  endfacet
  facet normal -1 0 0
    outer loop
      vertex 5 66.97602540378443 36.5
      vertex 5 65.14407417371093 36.25881904510252
      vertex 5 65.24397459621557 36.5
    endloop
  endfacet
  facet normal 0 0.1305261922200572 -0.9914448613738096
    outer loop
      vertex 0 66.11 37
      vertex 5 66.11 37
      vertex 0 65.85118095489747 36.965925826289066
    endloop
  endfacet
  facet normal 0 0.3826834323650828 -0.9238795325112895
    outer loop
      vertex 0 65.85118095489747 36.965925826289066
      vertex 5 65.85118095489747 36.965925826289066
      vertex 0 65.61 36.86602540378444
    endloop
  endfacet
  facet normal 3.90797435728391e-19 0.6087614290087455 -0.7933533402912161
    outer loop
      vertex 0 65.40289321881346 36.707106781186546
      vertex 0 65.61 36.86602540378444
      vertex 5 65.61 36.86602540378444
    endloop
  endfacet
  facet normal -1.030356177946072e-18 0.7933533402912262 -0.6087614290087323
    outer loop
      vertex 0 65.24397459621557 36.5
      vertex 0 65.40289321881346 36.707106781186546
      vertex 5 65.40289321881346 36.707106781186546
    endloop
  endfacet
  facet normal -1.1793753144539266e-19 0.1305261922200572 -0.9914448613738096
    outer loop
      vertex 5 66.11 37
      vertex 5 65.85118095489747 36.965925826289066
      vertex 0 65.85118095489747 36.965925826289066
    endloop
  endfacet
  facet normal 0 0.6087614290087455 -0.7933533402912161
    outer loop
      vertex 0 65.40289321881346 36.707106781186546
      vertex 5 65.61 36.86602540378444
      vertex 5 65.40289321881346 36.707106781186546
    endloop
  endfacet
  facet normal 0 0.3826834323650828 -0.9238795325112895
    outer loop
      vertex 0 65.61 36.86602540378444
      vertex 5 65.85118095489747 36.965925826289066
      vertex 5 65.61 36.86602540378444
    endloop
  endfacet
  facet normal 0 0.7933533402912262 -0.6087614290087323
    outer loop
      vertex 0 65.24397459621557 36.5
      vertex 5 65.40289321881346 36.707106781186546
      vertex 5 65.24397459621557 36.5
    endloop
  endfacet
  facet normal -1 0 0
    outer loop
      vertex 5 66.81710678118654 36.707106781186546
      vertex 5 65.24397459621557 36.5
      vertex 5 65.40289321881346 36.707106781186546
    endloop
  endfacet
  facet normal -1 0 0
    outer loop
      vertex 5 66.61 36.86602540378444
      vertex 5 65.40289321881346 36.707106781186546
      vertex 5 65.61 36.86602540378444
    endloop
  endfacet
  facet normal -1 0 0
    outer loop
      vertex 5 66.36881904510253 36.965925826289066
      vertex 5 65.61 36.86602540378444
      vertex 5 65.85118095489747 36.965925826289066
    endloop
  endfacet
  facet normal -1.8526912972180566e-18 -0.7933533402912525 0.6087614290086981
    outer loop
      vertex 0 22.52602540378443 35.5
      vertex 0 22.36710678118655 35.292893218813454
      vertex 5 22.36710678118655 35.292893218813454
    endloop
  endfacet
  facet normal 2.4534157529984387e-18 -0.6087614290087021 0.7933533402912495
    outer loop
      vertex 0 22.36710678118655 35.292893218813454
      vertex 0 22.159999999999997 35.133974596215566
      vertex 5 22.159999999999997 35.133974596215566
    endloop
  endfacet
  facet normal 0 -0.923879532511284 0.3826834323650964
    outer loop
      vertex 0 22.52602540378443 35.5
      vertex 5 22.52602540378443 35.5
      vertex 0 22.625925826289063 35.74118095489748
    endloop
  endfacet
  facet normal 0 -0.991444861373809 0.1305261922200607
    outer loop
      vertex 0 22.625925826289063 35.74118095489748
      vertex 5 22.625925826289063 35.74118095489748
      vertex 0 22.659999999999997 36
    endloop
  endfacet
  facet normal 0 -0.991444861373809 -0.1305261922200607
    outer loop
      vertex 0 22.659999999999997 36
      vertex 5 22.659999999999997 36
      vertex 0 22.625925826289063 36.25881904510252
    endloop
  endfacet
  facet normal 0 -0.923879532511284 -0.3826834323650964
    outer loop
      vertex 0 22.625925826289063 36.25881904510252
      vertex 5 22.625925826289063 36.25881904510252
      vertex 0 22.52602540378443 36.5
    endloop
  endfacet
  facet normal 0 -0.7933533402912525 0.6087614290086981
    outer loop
      vertex 0 22.52602540378443 35.5
      vertex 5 22.36710678118655 35.292893218813454
      vertex 5 22.52602540378443 35.5
    endloop
  endfacet
  facet normal 0 -0.6087614290087021 0.7933533402912495
    outer loop
      vertex 0 22.36710678118655 35.292893218813454
      vertex 5 22.159999999999997 35.133974596215566
      vertex 5 22.36710678118655 35.292893218813454
    endloop
  endfacet
  facet normal 0 -0.382683432365106 0.92387953251128
    outer loop
      vertex 0 22.159999999999997 35.133974596215566
      vertex 5 21.918819045102524 35.034074173710934
      vertex 5 22.159999999999997 35.133974596215566
    endloop
  endfacet
  facet normal 0 -0.923879532511284 0.3826834323650964
    outer loop
      vertex 0 22.625925826289063 35.74118095489748
      vertex 5 22.52602540378443 35.5
      vertex 5 22.625925826289063 35.74118095489748
    endloop
  endfacet
  facet normal 0 -0.991444861373809 0.1305261922200607
    outer loop
      vertex 0 22.659999999999997 36
      vertex 5 22.625925826289063 35.74118095489748
      vertex 5 22.659999999999997 36
    endloop
  endfacet
  facet normal 0 -0.991444861373809 -0.1305261922200607
    outer loop
      vertex 0 22.625925826289063 36.25881904510252
      vertex 5 22.659999999999997 36
      vertex 5 22.625925826289063 36.25881904510252
    endloop
  endfacet
  facet normal 0 -0.923879532511284 -0.3826834323650964
    outer loop
      vertex 0 22.52602540378443 36.5
      vertex 5 22.625925826289063 36.25881904510252
      vertex 5 22.52602540378443 36.5
    endloop
  endfacet
  facet normal 0 -0.7933533402912525 -0.6087614290086981
    outer loop
      vertex 0 22.52602540378443 36.5
      vertex 5 22.52602540378443 36.5
      vertex 0 22.36710678118655 36.707106781186546
    endloop
  endfacet
  facet normal 0 -0.6087614290087192 -0.7933533402912363
    outer loop
      vertex 0 22.36710678118655 36.707106781186546
      vertex 5 22.36710678118655 36.707106781186546
      vertex 0 22.159999999999997 36.86602540378444
    endloop
  endfacet
  facet normal 0 -0.3826834323650828 -0.9238795325112895
    outer loop
      vertex 0 22.159999999999997 36.86602540378444
      vertex 5 22.159999999999997 36.86602540378444
      vertex 0 21.918819045102524 36.965925826289066
    endloop
  endfacet
  facet normal 0 -0.7933533402912525 -0.6087614290086981
    outer loop
      vertex 0 22.36710678118655 36.707106781186546
      vertex 5 22.52602540378443 36.5
      vertex 5 22.36710678118655 36.707106781186546
    endloop
  endfacet
  facet normal 0 -0.6087614290087192 -0.7933533402912363
    outer loop
      vertex 0 22.159999999999997 36.86602540378444
      vertex 5 22.36710678118655 36.707106781186546
      vertex 5 22.159999999999997 36.86602540378444
    endloop
  endfacet
  facet normal -1.1793753144539266e-19 -0.1305261922200572 0.9914448613738096
    outer loop
      vertex 0 21.918819045102524 35.034074173710934
      vertex 0 21.659999999999997 35
      vertex 5 21.659999999999997 35
    endloop
  endfacet
  facet normal 1.1793753144539266e-19 0.1305261922200572 0.9914448613738096
    outer loop
      vertex 0 21.659999999999997 35
      vertex 0 21.40118095489747 35.034074173710934
      vertex 5 21.40118095489747 35.034074173710934
    endloop
  endfacet
  facet normal -5.164895368125772e-19 -0.382683432365106 0.92387953251128
    outer loop
      vertex 0 22.159999999999997 35.133974596215566
      vertex 0 21.918819045102524 35.034074173710934
      vertex 5 21.918819045102524 35.034074173710934
    endloop
  endfacet
  facet normal 5.164895368125772e-19 0.382683432365106 0.92387953251128
    outer loop
      vertex 0 21.40118095489747 35.034074173710934
      vertex 0 21.159999999999997 35.133974596215566
      vertex 5 21.159999999999997 35.133974596215566
    endloop
  endfacet
  facet normal -2.4534157529984387e-18 0.6087614290087021 0.7933533402912495
    outer loop
      vertex 0 21.159999999999997 35.133974596215566
      vertex 0 20.952893218813443 35.292893218813454
      vertex 5 20.952893218813443 35.292893218813454
    endloop
  endfacet
  facet normal 1.8526912972180566e-18 0.7933533402912525 0.6087614290086981
    outer loop
      vertex 0 20.952893218813443 35.292893218813454
      vertex 0 20.793974596215563 35.5
      vertex 5 20.793974596215563 35.5
    endloop
  endfacet
  facet normal -1.0678797507612338e-18 0.923879532511284 0.3826834323650964
    outer loop
      vertex 0 20.793974596215563 35.5
      vertex 0 20.69407417371093 35.74118095489748
      vertex 5 20.69407417371093 35.74118095489748
    endloop
  endfacet
  facet normal -4.564457020512369e-19 0.991444861373809 0.1305261922200607
    outer loop
      vertex 0 20.69407417371093 35.74118095489748
      vertex 0 20.659999999999997 36
      vertex 5 20.659999999999997 36
    endloop
  endfacet
  facet normal 4.564457020512369e-19 0.991444861373809 -0.1305261922200607
    outer loop
      vertex 0 20.659999999999997 36
      vertex 0 20.69407417371093 36.25881904510252
      vertex 5 20.69407417371093 36.25881904510252
    endloop
  endfacet
  facet normal 1.0678797507612338e-18 0.923879532511284 -0.3826834323650964
    outer loop
      vertex 0 20.69407417371093 36.25881904510252
      vertex 0 20.793974596215563 36.5
      vertex 5 20.793974596215563 36.5
    endloop
  endfacet
  facet normal 0 -0.1305261922200572 0.9914448613738096
    outer loop
      vertex 0 21.918819045102524 35.034074173710934
      vertex 5 21.659999999999997 35
      vertex 5 21.918819045102524 35.034074173710934
    endloop
  endfacet
  facet normal 0 0.1305261922200572 0.9914448613738096
    outer loop
      vertex 0 21.659999999999997 35
      vertex 5 21.40118095489747 35.034074173710934
      vertex 5 21.659999999999997 35
    endloop
  endfacet
  facet normal 0 0.382683432365106 0.92387953251128
    outer loop
      vertex 0 21.40118095489747 35.034074173710934
      vertex 5 21.159999999999997 35.133974596215566
      vertex 5 21.40118095489747 35.034074173710934
    endloop
  endfacet
  facet normal 0 0.6087614290087021 0.7933533402912495
    outer loop
      vertex 0 21.159999999999997 35.133974596215566
      vertex 5 20.952893218813443 35.292893218813454
      vertex 5 21.159999999999997 35.133974596215566
    endloop
  endfacet
  facet normal 0 0.7933533402912525 0.6087614290086981
    outer loop
      vertex 0 20.952893218813443 35.292893218813454
      vertex 5 20.793974596215563 35.5
      vertex 5 20.952893218813443 35.292893218813454
    endloop
  endfacet
  facet normal 0 0.923879532511284 0.3826834323650964
    outer loop
      vertex 0 20.793974596215563 35.5
      vertex 5 20.69407417371093 35.74118095489748
      vertex 5 20.793974596215563 35.5
    endloop
  endfacet
  facet normal 0 0.991444861373809 0.1305261922200607
    outer loop
      vertex 0 20.69407417371093 35.74118095489748
      vertex 5 20.659999999999997 36
      vertex 5 20.69407417371093 35.74118095489748
    endloop
  endfacet
  facet normal 0 0.991444861373809 -0.1305261922200607
    outer loop
      vertex 0 20.659999999999997 36
      vertex 5 20.69407417371093 36.25881904510252
      vertex 5 20.659999999999997 36
    endloop
  endfacet
  facet normal 0 0.923879532511284 -0.3826834323650964
    outer loop
      vertex 0 20.69407417371093 36.25881904510252
      vertex 5 20.793974596215563 36.5
      vertex 5 20.69407417371093 36.25881904510252
    endloop
  endfacet
  facet normal -1 0 0
    outer loop
      vertex 5 21.918819045102524 35.034074173710934
      vertex 5 21.659999999999997 35
      vertex 5 21.40118095489747 35.034074173710934
    endloop
  endfacet
  facet normal -1 0 0
    outer loop
      vertex 5 22.36710678118655 35.292893218813454
      vertex 5 22.159999999999997 35.133974596215566
      vertex 5 21.159999999999997 35.133974596215566
    endloop
  endfacet
  facet normal -1 0 0
    outer loop
      vertex 5 22.159999999999997 35.133974596215566
      vertex 5 21.918819045102524 35.034074173710934
      vertex 5 21.40118095489747 35.034074173710934
    endloop
  endfacet
  facet normal -1 0 0
    outer loop
      vertex 5 22.52602540378443 35.5
      vertex 5 22.36710678118655 35.292893218813454
      vertex 5 20.952893218813443 35.292893218813454
    endloop
  endfacet
  facet normal -1 0 0
    outer loop
      vertex 5 22.159999999999997 35.133974596215566
      vertex 5 21.40118095489747 35.034074173710934
      vertex 5 21.159999999999997 35.133974596215566
    endloop
  endfacet
  facet normal -1 0 0
    outer loop
      vertex 5 22.36710678118655 35.292893218813454
      vertex 5 21.159999999999997 35.133974596215566
      vertex 5 20.952893218813443 35.292893218813454
    endloop
  endfacet
  facet normal -1 0 0
    outer loop
      vertex 5 22.52602540378443 35.5
      vertex 5 20.952893218813443 35.292893218813454
      vertex 5 20.793974596215563 35.5
    endloop
  endfacet
  facet normal -1 0 0
    outer loop
      vertex 5 22.52602540378443 35.5
      vertex 5 20.793974596215563 35.5
      vertex 5 22.625925826289063 35.74118095489748
    endloop
  endfacet
  facet normal -1 0 0
    outer loop
      vertex 5 22.625925826289063 35.74118095489748
      vertex 5 20.69407417371093 35.74118095489748
      vertex 5 22.659999999999997 36
    endloop
  endfacet
  facet normal -1 0 0
    outer loop
      vertex 5 22.625925826289063 35.74118095489748
      vertex 5 20.793974596215563 35.5
      vertex 5 20.69407417371093 35.74118095489748
    endloop
  endfacet
  facet normal -1 0 0
    outer loop
      vertex 5 22.659999999999997 36
      vertex 5 20.659999999999997 36
      vertex 5 22.625925826289063 36.25881904510252
    endloop
  endfacet
  facet normal -1 0 0
    outer loop
      vertex 5 22.625925826289063 36.25881904510252
      vertex 5 20.69407417371093 36.25881904510252
      vertex 5 22.52602540378443 36.5
    endloop
  endfacet
  facet normal -1 0 0
    outer loop
      vertex 5 22.659999999999997 36
      vertex 5 20.69407417371093 35.74118095489748
      vertex 5 20.659999999999997 36
    endloop
  endfacet
  facet normal -1 0 0
    outer loop
      vertex 5 22.625925826289063 36.25881904510252
      vertex 5 20.659999999999997 36
      vertex 5 20.69407417371093 36.25881904510252
    endloop
  endfacet
  facet normal -1 0 0
    outer loop
      vertex 5 22.52602540378443 36.5
      vertex 5 20.69407417371093 36.25881904510252
      vertex 5 20.793974596215563 36.5
    endloop
  endfacet
  facet normal 0 -0.1305261922200572 -0.9914448613738096
    outer loop
      vertex 0 21.918819045102524 36.965925826289066
      vertex 5 21.918819045102524 36.965925826289066
      vertex 0 21.659999999999997 37
    endloop
  endfacet
  facet normal 0 0.1305261922200572 -0.9914448613738096
    outer loop
      vertex 0 21.659999999999997 37
      vertex 5 21.659999999999997 37
      vertex 0 21.40118095489747 36.965925826289066
    endloop
  endfacet
  facet normal 0 0.6087614290087192 -0.7933533402912363
    outer loop
      vertex 0 21.159999999999997 36.86602540378444
      vertex 5 21.159999999999997 36.86602540378444
      vertex 0 20.952893218813443 36.707106781186546
    endloop
  endfacet
  facet normal 0 0.3826834323650828 -0.9238795325112895
    outer loop
      vertex 0 21.40118095489747 36.965925826289066
      vertex 5 21.40118095489747 36.965925826289066
      vertex 0 21.159999999999997 36.86602540378444
    endloop
  endfacet
  facet normal -1.8526912972180566e-18 0.7933533402912525 -0.6087614290086981
    outer loop
      vertex 0 20.793974596215563 36.5
      vertex 0 20.952893218813443 36.707106781186546
      vertex 5 20.952893218813443 36.707106781186546
    endloop
  endfacet
  facet normal 3.5327386291323015e-19 -0.3826834323650828 -0.9238795325112895
    outer loop
      vertex 5 22.159999999999997 36.86602540378444
      vertex 5 21.918819045102524 36.965925826289066
      vertex 0 21.918819045102524 36.965925826289066
    endloop
  endfacet
  facet normal 0 -0.1305261922200572 -0.9914448613738096
    outer loop
      vertex 0 21.659999999999997 37
      vertex 5 21.918819045102524 36.965925826289066
      vertex 5 21.659999999999997 37
    endloop
  endfacet
  facet normal 0 0.1305261922200572 -0.9914448613738096
    outer loop
      vertex 0 21.40118095489747 36.965925826289066
      vertex 5 21.659999999999997 37
      vertex 5 21.40118095489747 36.965925826289066
    endloop
  endfacet
  facet normal 0 0.6087614290087192 -0.7933533402912363
    outer loop
      vertex 0 20.952893218813443 36.707106781186546
      vertex 5 21.159999999999997 36.86602540378444
      vertex 5 20.952893218813443 36.707106781186546
    endloop
  endfacet
  facet normal 0 0.3826834323650828 -0.9238795325112895
    outer loop
      vertex 0 21.159999999999997 36.86602540378444
      vertex 5 21.40118095489747 36.965925826289066
      vertex 5 21.159999999999997 36.86602540378444
    endloop
  endfacet
  facet normal 0 0.7933533402912525 -0.6087614290086981
    outer loop
      vertex 0 20.793974596215563 36.5
      vertex 5 20.952893218813443 36.707106781186546
      vertex 5 20.793974596215563 36.5
    endloop
  endfacet
  facet normal -1 0 0
    outer loop
      vertex 5 22.52602540378443 36.5
      vertex 5 20.793974596215563 36.5
      vertex 5 22.36710678118655 36.707106781186546
    endloop
  endfacet
  facet normal -1 0 0
    outer loop
      vertex 5 22.36710678118655 36.707106781186546
      vertex 5 20.952893218813443 36.707106781186546
      vertex 5 22.159999999999997 36.86602540378444
    endloop
  endfacet
  facet normal -1 0 0
    outer loop
      vertex 5 22.159999999999997 36.86602540378444
      vertex 5 21.159999999999997 36.86602540378444
      vertex 5 21.918819045102524 36.965925826289066
    endloop
  endfacet
  facet normal -1 0 0
    outer loop
      vertex 5 22.36710678118655 36.707106781186546
      vertex 5 20.793974596215563 36.5
      vertex 5 20.952893218813443 36.707106781186546
    endloop
  endfacet
  facet normal -1 0 0
    outer loop
      vertex 5 22.159999999999997 36.86602540378444
      vertex 5 20.952893218813443 36.707106781186546
      vertex 5 21.159999999999997 36.86602540378444
    endloop
  endfacet
  facet normal -1 0 0
    outer loop
      vertex 5 21.918819045102524 36.965925826289066
      vertex 5 21.40118095489747 36.965925826289066
      vertex 5 21.659999999999997 37
    endloop
  endfacet
  facet normal -1 0 0
    outer loop
      vertex 5 21.918819045102524 36.965925826289066
      vertex 5 21.159999999999997 36.86602540378444
      vertex 5 21.40118095489747 36.965925826289066
    endloop
  endfacet
  facet normal 0 -0.7933533402912363 0.6087614290087192
    outer loop
      vertex 0 66.81710678118654 105.29289321881345
      vertex 5 66.81710678118654 105.29289321881345
      vertex 0 66.97602540378443 105.5
    endloop
  endfacet
  facet normal 0 -0.92387953251128 0.382683432365106
    outer loop
      vertex 0 66.97602540378443 105.5
      vertex 5 66.97602540378443 105.5
      vertex 0 67.07592582628907 105.74118095489747
    endloop
  endfacet
  facet normal 0 -0.382683432365106 0.92387953251128
    outer loop
      vertex 0 66.36881904510253 105.03407417371093
      vertex 5 66.36881904510253 105.03407417371093
      vertex 0 66.61 105.13397459621557
    endloop
  endfacet
  facet normal -1.1793753144539266e-19 -0.1305261922200572 0.9914448613738096
    outer loop
      vertex 0 66.36881904510253 105.03407417371093
      vertex 0 66.11 105
      vertex 5 66.11 105
    endloop
  endfacet
  facet normal -4.3153768346620485e-19 -0.6087614290087112 0.7933533402912424
    outer loop
      vertex 0 66.81710678118654 105.29289321881345
      vertex 0 66.61 105.13397459621557
      vertex 5 66.61 105.13397459621557
    endloop
  endfacet
  facet normal 0 -0.7933533402912363 0.6087614290087192
    outer loop
      vertex 0 66.97602540378443 105.5
      vertex 5 66.81710678118654 105.29289321881345
      vertex 5 66.97602540378443 105.5
    endloop
  endfacet
  facet normal 0 -0.382683432365106 0.92387953251128
    outer loop
      vertex 0 66.61 105.13397459621557
      vertex 5 66.36881904510253 105.03407417371093
      vertex 5 66.61 105.13397459621557
    endloop
  endfacet
  facet normal 0 -0.1305261922200572 0.9914448613738096
    outer loop
      vertex 0 66.36881904510253 105.03407417371093
      vertex 5 66.11 105
      vertex 5 66.36881904510253 105.03407417371093
    endloop
  endfacet
  facet normal 0 -0.6087614290087112 0.7933533402912424
    outer loop
      vertex 0 66.81710678118654 105.29289321881345
      vertex 5 66.61 105.13397459621557
      vertex 5 66.81710678118654 105.29289321881345
    endloop
  endfacet
  facet normal -1 0 0
    outer loop
      vertex 5 66.36881904510253 105.03407417371093
      vertex 5 65.85118095489747 105.03407417371093
      vertex 5 66.61 105.13397459621557
    endloop
  endfacet
  facet normal -1 0 0
    outer loop
      vertex 5 66.36881904510253 105.03407417371093
      vertex 5 66.11 105
      vertex 5 65.85118095489747 105.03407417371093
    endloop
  endfacet
  facet normal -1 0 0
    outer loop
      vertex 5 66.97602540378443 105.5
      vertex 5 65.24397459621557 105.5
      vertex 5 67.07592582628907 105.74118095489747
    endloop
  endfacet
  facet normal -1 0 0
    outer loop
      vertex 5 66.81710678118654 105.29289321881345
      vertex 5 66.61 105.13397459621557
      vertex 5 65.61 105.13397459621557
    endloop
  endfacet
  facet normal -1 0 0
    outer loop
      vertex 5 66.81710678118654 105.29289321881345
      vertex 5 65.40289321881346 105.29289321881345
      vertex 5 66.97602540378443 105.5
    endloop
  endfacet
  facet normal 0 -0.9914448613738096 0.1305261922200572
    outer loop
      vertex 0 67.07592582628907 105.74118095489747
      vertex 5 67.07592582628907 105.74118095489747
      vertex 0 67.11 106
    endloop
  endfacet
  facet normal 0 -0.9914448613738096 -0.1305261922200572
    outer loop
      vertex 0 67.11 106
      vertex 5 67.11 106
      vertex 0 67.07592582628907 106.25881904510253
    endloop
  endfacet
  facet normal 0 -0.92387953251128 -0.382683432365106
    outer loop
      vertex 0 67.07592582628907 106.25881904510253
      vertex 5 67.07592582628907 106.25881904510253
      vertex 0 66.97602540378443 106.5
    endloop
  endfacet
  facet normal 0 -0.7933533402912363 -0.6087614290087192
    outer loop
      vertex 0 66.97602540378443 106.5
      vertex 5 66.97602540378443 106.5
      vertex 0 66.81710678118654 106.70710678118655
    endloop
  endfacet
  facet normal 0 -0.6087614290087112 -0.7933533402912424
    outer loop
      vertex 0 66.81710678118654 106.70710678118655
      vertex 5 66.81710678118654 106.70710678118655
      vertex 0 66.61 106.86602540378443
    endloop
  endfacet
  facet normal 0 -0.382683432365106 -0.92387953251128
    outer loop
      vertex 0 66.61 106.86602540378443
      vertex 5 66.61 106.86602540378443
      vertex 0 66.36881904510253 106.96592582628907
    endloop
  endfacet
  facet normal 0 -0.1305261922200572 -0.9914448613738096
    outer loop
      vertex 0 66.36881904510253 106.96592582628907
      vertex 5 66.36881904510253 106.96592582628907
      vertex 0 66.11 107
    endloop
  endfacet
  facet normal -5.164895368125772e-19 -0.92387953251128 0.382683432365106
    outer loop
      vertex 5 66.97602540378443 105.5
      vertex 5 67.07592582628907 105.74118095489747
      vertex 0 67.07592582628907 105.74118095489747
    endloop
  endfacet
  facet normal 0 -0.9914448613738096 0.1305261922200572
    outer loop
      vertex 0 67.11 106
      vertex 5 67.07592582628907 105.74118095489747
      vertex 5 67.11 106
    endloop
  endfacet
  facet normal 0 -0.9914448613738096 -0.1305261922200572
    outer loop
      vertex 0 67.07592582628907 106.25881904510253
      vertex 5 67.11 106
      vertex 5 67.07592582628907 106.25881904510253
    endloop
  endfacet
  facet normal 0 -0.92387953251128 -0.382683432365106
    outer loop
      vertex 0 66.97602540378443 106.5
      vertex 5 67.07592582628907 106.25881904510253
      vertex 5 66.97602540378443 106.5
    endloop
  endfacet
  facet normal 0 -0.7933533402912363 -0.6087614290087192
    outer loop
      vertex 0 66.81710678118654 106.70710678118655
      vertex 5 66.97602540378443 106.5
      vertex 5 66.81710678118654 106.70710678118655
    endloop
  endfacet
  facet normal 0 -0.6087614290087112 -0.7933533402912424
    outer loop
      vertex 0 66.61 106.86602540378443
      vertex 5 66.81710678118654 106.70710678118655
      vertex 5 66.61 106.86602540378443
    endloop
  endfacet
  facet normal 0 -0.382683432365106 -0.92387953251128
    outer loop
      vertex 0 66.36881904510253 106.96592582628907
      vertex 5 66.61 106.86602540378443
      vertex 5 66.36881904510253 106.96592582628907
    endloop
  endfacet
  facet normal 0 -0.1305261922200572 -0.9914448613738096
    outer loop
      vertex 0 66.11 107
      vertex 5 66.36881904510253 106.96592582628907
      vertex 5 66.11 107
    endloop
  endfacet
  facet normal -1 0 0
    outer loop
      vertex 5 67.07592582628907 105.74118095489747
      vertex 5 65.14407417371093 105.74118095489747
      vertex 5 67.11 106
    endloop
  endfacet
  facet normal -1 0 0
    outer loop
      vertex 5 67.11 106
      vertex 5 65.11 106
      vertex 5 67.07592582628907 106.25881904510253
    endloop
  endfacet
  facet normal -1 0 0
    outer loop
      vertex 5 67.07592582628907 106.25881904510253
      vertex 5 65.14407417371093 106.25881904510253
      vertex 5 66.97602540378443 106.5
    endloop
  endfacet
  facet normal -1 0 0
    outer loop
      vertex 5 66.97602540378443 106.5
      vertex 5 65.24397459621557 106.5
      vertex 5 66.81710678118654 106.70710678118655
    endloop
  endfacet
  facet normal -1 0 0
    outer loop
      vertex 5 66.81710678118654 106.70710678118655
      vertex 5 65.40289321881346 106.70710678118655
      vertex 5 66.61 106.86602540378443
    endloop
  endfacet
  facet normal -1 0 0
    outer loop
      vertex 5 66.61 106.86602540378443
      vertex 5 65.61 106.86602540378443
      vertex 5 66.36881904510253 106.96592582628907
    endloop
  endfacet
  facet normal -1 0 0
    outer loop
      vertex 5 66.36881904510253 106.96592582628907
      vertex 5 65.85118095489747 106.96592582628907
      vertex 5 66.11 107
    endloop
  endfacet
  facet normal 1.1793753144539266e-19 0.1305261922200572 0.9914448613738096
    outer loop
      vertex 0 66.11 105
      vertex 0 65.85118095489747 105.03407417371093
      vertex 5 65.85118095489747 105.03407417371093
    endloop
  endfacet
  facet normal 5.164895368125772e-19 0.382683432365106 0.92387953251128
    outer loop
      vertex 0 65.85118095489747 105.03407417371093
      vertex 0 65.61 105.13397459621557
      vertex 5 65.61 105.13397459621557
    endloop
  endfacet
  facet normal 4.3153768346620485e-19 0.6087614290087112 0.7933533402912424
    outer loop
      vertex 0 65.61 105.13397459621557
      vertex 0 65.40289321881346 105.29289321881345
      vertex 5 65.40289321881346 105.29289321881345
    endloop
  endfacet
  facet normal 2.4515097916204734e-18 0.7933533402912363 0.6087614290087192
    outer loop
      vertex 0 65.40289321881346 105.29289321881345
      vertex 0 65.24397459621557 105.5
      vertex 5 65.24397459621557 105.5
    endloop
  endfacet
  facet normal 0 0.1305261922200572 0.9914448613738096
    outer loop
      vertex 0 66.11 105
      vertex 5 65.85118095489747 105.03407417371093
      vertex 5 66.11 105
    endloop
  endfacet
  facet normal 0 0.382683432365106 0.92387953251128
    outer loop
      vertex 0 65.85118095489747 105.03407417371093
      vertex 5 65.61 105.13397459621557
      vertex 5 65.85118095489747 105.03407417371093
    endloop
  endfacet
  facet normal 0 0.6087614290087112 0.7933533402912424
    outer loop
      vertex 0 65.61 105.13397459621557
      vertex 5 65.40289321881346 105.29289321881345
      vertex 5 65.61 105.13397459621557
    endloop
  endfacet
  facet normal 0 0.7933533402912363 0.6087614290087192
    outer loop
      vertex 0 65.40289321881346 105.29289321881345
      vertex 5 65.24397459621557 105.5
      vertex 5 65.40289321881346 105.29289321881345
    endloop
  endfacet
  facet normal 0 0.92387953251128 0.382683432365106
    outer loop
      vertex 0 65.24397459621557 105.5
      vertex 5 65.14407417371093 105.74118095489747
      vertex 5 65.24397459621557 105.5
    endloop
  endfacet
  facet normal -1 0 0
    outer loop
      vertex 5 66.61 105.13397459621557
      vertex 5 65.85118095489747 105.03407417371093
      vertex 5 65.61 105.13397459621557
    endloop
  endfacet
  facet normal -1 0 0
    outer loop
      vertex 5 66.81710678118654 105.29289321881345
      vertex 5 65.61 105.13397459621557
      vertex 5 65.40289321881346 105.29289321881345
    endloop
  endfacet
  facet normal -1 0 0
    outer loop
      vertex 5 66.97602540378443 105.5
      vertex 5 65.40289321881346 105.29289321881345
      vertex 5 65.24397459621557 105.5
    endloop
  endfacet
  facet normal 5.164895368125772e-19 0.92387953251128 0.382683432365106
    outer loop
      vertex 0 65.24397459621557 105.5
      vertex 0 65.14407417371093 105.74118095489747
      vertex 5 65.14407417371093 105.74118095489747
    endloop
  endfacet
  facet normal 1.1793753144539266e-19 0.9914448613738096 0.1305261922200572
    outer loop
      vertex 0 65.14407417371093 105.74118095489747
      vertex 0 65.11 106
      vertex 5 65.11 106
    endloop
  endfacet
  facet normal -1.1793753144539266e-19 0.9914448613738096 -0.1305261922200572
    outer loop
      vertex 0 65.11 106
      vertex 0 65.14407417371093 106.25881904510253
      vertex 5 65.14407417371093 106.25881904510253
    endloop
  endfacet
  facet normal -2.4515097916204734e-18 0.7933533402912363 -0.6087614290087192
    outer loop
      vertex 0 65.24397459621557 106.5
      vertex 0 65.40289321881346 106.70710678118655
      vertex 5 65.40289321881346 106.70710678118655
    endloop
  endfacet
  facet normal -5.164895368125772e-19 0.92387953251128 -0.382683432365106
    outer loop
      vertex 0 65.14407417371093 106.25881904510253
      vertex 0 65.24397459621557 106.5
      vertex 5 65.24397459621557 106.5
    endloop
  endfacet
  facet normal 0 0.1305261922200572 -0.9914448613738096
    outer loop
      vertex 0 66.11 107
      vertex 5 66.11 107
      vertex 0 65.85118095489747 106.96592582628907
    endloop
  endfacet
  facet normal 0 0.382683432365106 -0.92387953251128
    outer loop
      vertex 0 65.85118095489747 106.96592582628907
      vertex 5 65.85118095489747 106.96592582628907
      vertex 0 65.61 106.86602540378443
    endloop
  endfacet
  facet normal 0 0.6087614290087112 -0.7933533402912424
    outer loop
      vertex 0 65.61 106.86602540378443
      vertex 5 65.61 106.86602540378443
      vertex 0 65.40289321881346 106.70710678118655
    endloop
  endfacet
  facet normal 0 0.9914448613738096 0.1305261922200572
    outer loop
      vertex 0 65.14407417371093 105.74118095489747
      vertex 5 65.11 106
      vertex 5 65.14407417371093 105.74118095489747
    endloop
  endfacet
  facet normal 0 0.9914448613738096 -0.1305261922200572
    outer loop
      vertex 0 65.11 106
      vertex 5 65.14407417371093 106.25881904510253
      vertex 5 65.11 106
    endloop
  endfacet
  facet normal 0 0.92387953251128 -0.382683432365106
    outer loop
      vertex 0 65.14407417371093 106.25881904510253
      vertex 5 65.24397459621557 106.5
      vertex 5 65.14407417371093 106.25881904510253
    endloop
  endfacet
  facet normal 0 0.7933533402912363 -0.6087614290087192
    outer loop
      vertex 0 65.24397459621557 106.5
      vertex 5 65.40289321881346 106.70710678118655
      vertex 5 65.24397459621557 106.5
    endloop
  endfacet
  facet normal -1.1793753144539266e-19 0.1305261922200572 -0.9914448613738096
    outer loop
      vertex 5 66.11 107
      vertex 5 65.85118095489747 106.96592582628907
      vertex 0 65.85118095489747 106.96592582628907
    endloop
  endfacet
  facet normal 0 0.6087614290087112 -0.7933533402912424
    outer loop
      vertex 0 65.40289321881346 106.70710678118655
      vertex 5 65.61 106.86602540378443
      vertex 5 65.40289321881346 106.70710678118655
    endloop
  endfacet
  facet normal 0 0.382683432365106 -0.92387953251128
    outer loop
      vertex 0 65.61 106.86602540378443
      vertex 5 65.85118095489747 106.96592582628907
      vertex 5 65.61 106.86602540378443
    endloop
  endfacet
  facet normal -1 0 0
    outer loop
      vertex 5 67.07592582628907 105.74118095489747
      vertex 5 65.24397459621557 105.5
      vertex 5 65.14407417371093 105.74118095489747
    endloop
  endfacet
  facet normal -1 0 0
    outer loop
      vertex 5 67.11 106
      vertex 5 65.14407417371093 105.74118095489747
      vertex 5 65.11 106
    endloop
  endfacet
  facet normal -1 0 0
    outer loop
      vertex 5 67.07592582628907 106.25881904510253
      vertex 5 65.11 106
      vertex 5 65.14407417371093 106.25881904510253
    endloop
  endfacet
  facet normal -1 0 0
    outer loop
      vertex 5 66.97602540378443 106.5
      vertex 5 65.14407417371093 106.25881904510253
      vertex 5 65.24397459621557 106.5
    endloop
  endfacet
  facet normal -1 0 0
    outer loop
      vertex 5 66.81710678118654 106.70710678118655
      vertex 5 65.24397459621557 106.5
      vertex 5 65.40289321881346 106.70710678118655
    endloop
  endfacet
  facet normal -1 0 0
    outer loop
      vertex 5 66.61 106.86602540378443
      vertex 5 65.40289321881346 106.70710678118655
      vertex 5 65.61 106.86602540378443
    endloop
  endfacet
  facet normal -1 0 0
    outer loop
      vertex 5 66.36881904510253 106.96592582628907
      vertex 5 65.61 106.86602540378443
      vertex 5 65.85118095489747 106.96592582628907
    endloop
  endfacet
  facet normal 2.042248193323833e-18 -0.7933533402912626 0.6087614290086849
    outer loop
      vertex 0 22.52602540378443 105.5
      vertex 0 22.36710678118655 105.29289321881345
      vertex 5 22.36710678118655 105.29289321881345
    endloop
  endfacet
  facet normal 0 -0.92387953251128 0.382683432365106
    outer loop
      vertex 0 22.52602540378443 105.5
      vertex 5 22.52602540378443 105.5
      vertex 0 22.625925826289063 105.74118095489747
    endloop
  endfacet
  facet normal 2.042248193323833e-18 -0.6087614290086849 0.7933533402912626
    outer loop
      vertex 0 22.36710678118655 105.29289321881345
      vertex 0 22.159999999999997 105.13397459621557
      vertex 5 22.159999999999997 105.13397459621557
    endloop
  endfacet
  facet normal 0 -0.382683432365106 0.92387953251128
    outer loop
      vertex 0 22.159999999999997 105.13397459621557
      vertex 5 21.918819045102524 105.03407417371093
      vertex 5 22.159999999999997 105.13397459621557
    endloop
  endfacet
  facet normal 0 -0.7933533402912626 0.6087614290086849
    outer loop
      vertex 0 22.52602540378443 105.5
      vertex 5 22.36710678118655 105.29289321881345
      vertex 5 22.52602540378443 105.5
    endloop
  endfacet
  facet normal 0 -0.6087614290086849 0.7933533402912626
    outer loop
      vertex 0 22.36710678118655 105.29289321881345
      vertex 5 22.159999999999997 105.13397459621557
      vertex 5 22.36710678118655 105.29289321881345
    endloop
  endfacet
  facet normal 0 -0.9914448613738096 0.1305261922200572
    outer loop
      vertex 0 22.625925826289063 105.74118095489747
      vertex 5 22.625925826289063 105.74118095489747
      vertex 0 22.659999999999997 106
    endloop
  endfacet
  facet normal 0 -0.9914448613738096 -0.1305261922200572
    outer loop
      vertex 0 22.659999999999997 106
      vertex 5 22.659999999999997 106
      vertex 0 22.625925826289063 106.25881904510253
    endloop
  endfacet
  facet normal 0 -0.92387953251128 -0.382683432365106
    outer loop
      vertex 0 22.625925826289063 106.25881904510253
      vertex 5 22.625925826289063 106.25881904510253
      vertex 0 22.52602540378443 106.5
    endloop
  endfacet
  facet normal 0 -0.7933533402912626 -0.6087614290086849
    outer loop
      vertex 0 22.52602540378443 106.5
      vertex 5 22.52602540378443 106.5
      vertex 0 22.36710678118655 106.70710678118655
    endloop
  endfacet
  facet normal 0 -0.6087614290086849 -0.7933533402912626
    outer loop
      vertex 0 22.36710678118655 106.70710678118655
      vertex 5 22.36710678118655 106.70710678118655
      vertex 0 22.159999999999997 106.86602540378443
    endloop
  endfacet
  facet normal 0 -0.382683432365106 -0.92387953251128
    outer loop
      vertex 0 22.159999999999997 106.86602540378443
      vertex 5 22.159999999999997 106.86602540378443
      vertex 0 21.918819045102524 106.96592582628907
    endloop
  endfacet
  facet normal -5.164895368125772e-19 -0.92387953251128 0.382683432365106
    outer loop
      vertex 5 22.52602540378443 105.5
      vertex 5 22.625925826289063 105.74118095489747
      vertex 0 22.625925826289063 105.74118095489747
    endloop
  endfacet
  facet normal 0 -0.9914448613738096 0.1305261922200572
    outer loop
      vertex 0 22.659999999999997 106
      vertex 5 22.625925826289063 105.74118095489747
      vertex 5 22.659999999999997 106
    endloop
  endfacet
  facet normal 0 -0.9914448613738096 -0.1305261922200572
    outer loop
      vertex 0 22.625925826289063 106.25881904510253
      vertex 5 22.659999999999997 106
      vertex 5 22.625925826289063 106.25881904510253
    endloop
  endfacet
  facet normal 0 -0.92387953251128 -0.382683432365106
    outer loop
      vertex 0 22.52602540378443 106.5
      vertex 5 22.625925826289063 106.25881904510253
      vertex 5 22.52602540378443 106.5
    endloop
  endfacet
  facet normal 0 -0.7933533402912626 -0.6087614290086849
    outer loop
      vertex 0 22.36710678118655 106.70710678118655
      vertex 5 22.52602540378443 106.5
      vertex 5 22.36710678118655 106.70710678118655
    endloop
  endfacet
  facet normal 0 -0.6087614290086849 -0.7933533402912626
    outer loop
      vertex 0 22.159999999999997 106.86602540378443
      vertex 5 22.36710678118655 106.70710678118655
      vertex 5 22.159999999999997 106.86602540378443
    endloop
  endfacet
  facet normal -5.164895368125772e-19 -0.382683432365106 0.92387953251128
    outer loop
      vertex 0 22.159999999999997 105.13397459621557
      vertex 0 21.918819045102524 105.03407417371093
      vertex 5 21.918819045102524 105.03407417371093
    endloop
  endfacet
  facet normal -1.1793753144539266e-19 -0.1305261922200572 0.9914448613738096
    outer loop
      vertex 0 21.918819045102524 105.03407417371093
      vertex 0 21.659999999999997 105
      vertex 5 21.659999999999997 105
    endloop
  endfacet
  facet normal 1.1793753144539266e-19 0.1305261922200572 0.9914448613738096
    outer loop
      vertex 0 21.659999999999997 105
      vertex 0 21.40118095489747 105.03407417371093
      vertex 5 21.40118095489747 105.03407417371093
    endloop
  endfacet
  facet normal 5.164895368125772e-19 0.382683432365106 0.92387953251128
    outer loop
      vertex 0 21.40118095489747 105.03407417371093
      vertex 0 21.159999999999997 105.13397459621557
      vertex 5 21.159999999999997 105.13397459621557
    endloop
  endfacet
  facet normal -2.042248193323833e-18 0.6087614290086849 0.7933533402912626
    outer loop
      vertex 0 21.159999999999997 105.13397459621557
      vertex 0 20.952893218813443 105.29289321881345
      vertex 5 20.952893218813443 105.29289321881345
    endloop
  endfacet
  facet normal -2.042248193323833e-18 0.7933533402912626 0.6087614290086849
    outer loop
      vertex 0 20.952893218813443 105.29289321881345
      vertex 0 20.793974596215563 105.5
      vertex 5 20.793974596215563 105.5
    endloop
  endfacet
  facet normal 0 -0.1305261922200572 0.9914448613738096
    outer loop
      vertex 0 21.918819045102524 105.03407417371093
      vertex 5 21.659999999999997 105
      vertex 5 21.918819045102524 105.03407417371093
    endloop
  endfacet
  facet normal 0 0.1305261922200572 0.9914448613738096
    outer loop
      vertex 0 21.659999999999997 105
      vertex 5 21.40118095489747 105.03407417371093
      vertex 5 21.659999999999997 105
    endloop
  endfacet
  facet normal 0 0.382683432365106 0.92387953251128
    outer loop
      vertex 0 21.40118095489747 105.03407417371093
      vertex 5 21.159999999999997 105.13397459621557
      vertex 5 21.40118095489747 105.03407417371093
    endloop
  endfacet
  facet normal 0 0.6087614290086849 0.7933533402912626
    outer loop
      vertex 0 21.159999999999997 105.13397459621557
      vertex 5 20.952893218813443 105.29289321881345
      vertex 5 21.159999999999997 105.13397459621557
    endloop
  endfacet
  facet normal 0 0.7933533402912626 0.6087614290086849
    outer loop
      vertex 0 20.952893218813443 105.29289321881345
      vertex 5 20.793974596215563 105.5
      vertex 5 20.952893218813443 105.29289321881345
    endloop
  endfacet
  facet normal 0 0.92387953251128 0.382683432365106
    outer loop
      vertex 0 20.793974596215563 105.5
      vertex 5 20.69407417371093 105.74118095489747
      vertex 5 20.793974596215563 105.5
    endloop
  endfacet
  facet normal -1 0 0
    outer loop
      vertex 5 22.159999999999997 105.13397459621557
      vertex 5 21.918819045102524 105.03407417371093
      vertex 5 21.40118095489747 105.03407417371093
    endloop
  endfacet
  facet normal -1 0 0
    outer loop
      vertex 5 21.918819045102524 105.03407417371093
      vertex 5 21.659999999999997 105
      vertex 5 21.40118095489747 105.03407417371093
    endloop
  endfacet
  facet normal -1 0 0
    outer loop
      vertex 5 22.159999999999997 105.13397459621557
      vertex 5 21.40118095489747 105.03407417371093
      vertex 5 21.159999999999997 105.13397459621557
    endloop
  endfacet
  facet normal -1 0 0
    outer loop
      vertex 5 22.36710678118655 105.29289321881345
      vertex 5 22.159999999999997 105.13397459621557
      vertex 5 21.159999999999997 105.13397459621557
    endloop
  endfacet
  facet normal -1 0 0
    outer loop
      vertex 5 22.52602540378443 105.5
      vertex 5 22.36710678118655 105.29289321881345
      vertex 5 20.952893218813443 105.29289321881345
    endloop
  endfacet
  facet normal -1 0 0
    outer loop
      vertex 5 22.52602540378443 105.5
      vertex 5 20.793974596215563 105.5
      vertex 5 22.625925826289063 105.74118095489747
    endloop
  endfacet
  facet normal -1 0 0
    outer loop
      vertex 5 22.36710678118655 105.29289321881345
      vertex 5 21.159999999999997 105.13397459621557
      vertex 5 20.952893218813443 105.29289321881345
    endloop
  endfacet
  facet normal -1 0 0
    outer loop
      vertex 5 22.52602540378443 105.5
      vertex 5 20.952893218813443 105.29289321881345
      vertex 5 20.793974596215563 105.5
    endloop
  endfacet
  facet normal 5.164895368125772e-19 0.92387953251128 0.382683432365106
    outer loop
      vertex 0 20.793974596215563 105.5
      vertex 0 20.69407417371093 105.74118095489747
      vertex 5 20.69407417371093 105.74118095489747
    endloop
  endfacet
  facet normal 1.1793753144539266e-19 0.9914448613738096 0.1305261922200572
    outer loop
      vertex 0 20.69407417371093 105.74118095489747
      vertex 0 20.659999999999997 106
      vertex 5 20.659999999999997 106
    endloop
  endfacet
  facet normal -1.1793753144539266e-19 0.9914448613738096 -0.1305261922200572
    outer loop
      vertex 0 20.659999999999997 106
      vertex 0 20.69407417371093 106.25881904510253
      vertex 5 20.69407417371093 106.25881904510253
    endloop
  endfacet
  facet normal 2.042248193323833e-18 0.7933533402912626 -0.6087614290086849
    outer loop
      vertex 0 20.793974596215563 106.5
      vertex 0 20.952893218813443 106.70710678118655
      vertex 5 20.952893218813443 106.70710678118655
    endloop
  endfacet
  facet normal -5.164895368125772e-19 0.92387953251128 -0.382683432365106
    outer loop
      vertex 0 20.69407417371093 106.25881904510253
      vertex 0 20.793974596215563 106.5
      vertex 5 20.793974596215563 106.5
    endloop
  endfacet
  facet normal 0 -0.1305261922200572 -0.9914448613738096
    outer loop
      vertex 0 21.918819045102524 106.96592582628907
      vertex 5 21.918819045102524 106.96592582628907
      vertex 0 21.659999999999997 107
    endloop
  endfacet
  facet normal 0 0.1305261922200572 -0.9914448613738096
    outer loop
      vertex 0 21.659999999999997 107
      vertex 5 21.659999999999997 107
      vertex 0 21.40118095489747 106.96592582628907
    endloop
  endfacet
  facet normal 0 0.6087614290086849 -0.7933533402912626
    outer loop
      vertex 0 21.159999999999997 106.86602540378443
      vertex 5 21.159999999999997 106.86602540378443
      vertex 0 20.952893218813443 106.70710678118655
    endloop
  endfacet
  facet normal 0 0.382683432365106 -0.92387953251128
    outer loop
      vertex 0 21.40118095489747 106.96592582628907
      vertex 5 21.40118095489747 106.96592582628907
      vertex 0 21.159999999999997 106.86602540378443
    endloop
  endfacet
  facet normal 0 0.9914448613738096 0.1305261922200572
    outer loop
      vertex 0 20.69407417371093 105.74118095489747
      vertex 5 20.659999999999997 106
      vertex 5 20.69407417371093 105.74118095489747
    endloop
  endfacet
  facet normal 0 0.9914448613738096 -0.1305261922200572
    outer loop
      vertex 0 20.659999999999997 106
      vertex 5 20.69407417371093 106.25881904510253
      vertex 5 20.659999999999997 106
    endloop
  endfacet
  facet normal 0 0.92387953251128 -0.382683432365106
    outer loop
      vertex 0 20.69407417371093 106.25881904510253
      vertex 5 20.793974596215563 106.5
      vertex 5 20.69407417371093 106.25881904510253
    endloop
  endfacet
  facet normal 0 0.7933533402912626 -0.6087614290086849
    outer loop
      vertex 0 20.793974596215563 106.5
      vertex 5 20.952893218813443 106.70710678118655
      vertex 5 20.793974596215563 106.5
    endloop
  endfacet
  facet normal 5.164895368125772e-19 -0.382683432365106 -0.92387953251128
    outer loop
      vertex 5 22.159999999999997 106.86602540378443
      vertex 5 21.918819045102524 106.96592582628907
      vertex 0 21.918819045102524 106.96592582628907
    endloop
  endfacet
  facet normal 0 -0.1305261922200572 -0.9914448613738096
    outer loop
      vertex 0 21.659999999999997 107
      vertex 5 21.918819045102524 106.96592582628907
      vertex 5 21.659999999999997 107
    endloop
  endfacet
  facet normal 0 0.1305261922200572 -0.9914448613738096
    outer loop
      vertex 0 21.40118095489747 106.96592582628907
      vertex 5 21.659999999999997 107
      vertex 5 21.40118095489747 106.96592582628907
    endloop
  endfacet
  facet normal 0 0.6087614290086849 -0.7933533402912626
    outer loop
      vertex 0 20.952893218813443 106.70710678118655
      vertex 5 21.159999999999997 106.86602540378443
      vertex 5 20.952893218813443 106.70710678118655
    endloop
  endfacet
  facet normal 0 0.382683432365106 -0.92387953251128
    outer loop
      vertex 0 21.159999999999997 106.86602540378443
      vertex 5 21.40118095489747 106.96592582628907
      vertex 5 21.159999999999997 106.86602540378443
    endloop
  endfacet
  facet normal -1 0 0
    outer loop
      vertex 5 22.625925826289063 105.74118095489747
      vertex 5 20.69407417371093 105.74118095489747
      vertex 5 22.659999999999997 106
    endloop
  endfacet
  facet normal -1 0 0
    outer loop
      vertex 5 22.659999999999997 106
      vertex 5 20.659999999999997 106
      vertex 5 22.625925826289063 106.25881904510253
    endloop
  endfacet
  facet normal -1 0 0
    outer loop
      vertex 5 22.625925826289063 105.74118095489747
      vertex 5 20.793974596215563 105.5
      vertex 5 20.69407417371093 105.74118095489747
    endloop
  endfacet
  facet normal -1 0 0
    outer loop
      vertex 5 22.625925826289063 106.25881904510253
      vertex 5 20.69407417371093 106.25881904510253
      vertex 5 22.52602540378443 106.5
    endloop
  endfacet
  facet normal -1 0 0
    outer loop
      vertex 5 22.52602540378443 106.5
      vertex 5 20.793974596215563 106.5
      vertex 5 22.36710678118655 106.70710678118655
    endloop
  endfacet
  facet normal -1 0 0
    outer loop
      vertex 5 22.36710678118655 106.70710678118655
      vertex 5 20.793974596215563 106.5
      vertex 5 20.952893218813443 106.70710678118655
    endloop
  endfacet
  facet normal -1 0 0
    outer loop
      vertex 5 22.659999999999997 106
      vertex 5 20.69407417371093 105.74118095489747
      vertex 5 20.659999999999997 106
    endloop
  endfacet
  facet normal -1 0 0
    outer loop
      vertex 5 22.625925826289063 106.25881904510253
      vertex 5 20.659999999999997 106
      vertex 5 20.69407417371093 106.25881904510253
    endloop
  endfacet
  facet normal -1 0 0
    outer loop
      vertex 5 22.52602540378443 106.5
      vertex 5 20.69407417371093 106.25881904510253
      vertex 5 20.793974596215563 106.5
    endloop
  endfacet
  facet normal -1 0 0
    outer loop
      vertex 5 22.36710678118655 106.70710678118655
      vertex 5 20.952893218813443 106.70710678118655
      vertex 5 22.159999999999997 106.86602540378443
    endloop
  endfacet
  facet normal -1 0 0
    outer loop
      vertex 5 22.159999999999997 106.86602540378443
      vertex 5 21.159999999999997 106.86602540378443
      vertex 5 21.918819045102524 106.96592582628907
    endloop
  endfacet
  facet normal -1 0 0
    outer loop
      vertex 5 22.159999999999997 106.86602540378443
      vertex 5 20.952893218813443 106.70710678118655
      vertex 5 21.159999999999997 106.86602540378443
    endloop
  endfacet
  facet normal -1 0 0
    outer loop
      vertex 5 21.918819045102524 106.96592582628907
      vertex 5 21.40118095489747 106.96592582628907
      vertex 5 21.659999999999997 107
    endloop
  endfacet
  facet normal -1 0 0
    outer loop
      vertex 5 21.918819045102524 106.96592582628907
      vertex 5 21.159999999999997 106.86602540378443
      vertex 5 21.40118095489747 106.96592582628907
    endloop
  endfacet
  facet normal 0 1 0
    outer loop
      vertex 8.342651938487274 88.11 40.222148834901986
      vertex 12.5 88.11 35.92393218813453
      vertex 8.964466094067262 88.11 39.46446609406726
    endloop
  endfacet
  facet normal -0.7076069578379554 -3.9505491222503364e-17 -0.7066062504813512
    outer loop
      vertex 12.495 84.11 35.928932188134524
      vertex 8.964466094067262 84.11 39.46446609406726
      vertex 8.964466094067262 88.11 39.46446609406726
    endloop
  endfacet
  facet normal -0.8819212643483554 0 -0.4713967368259971
    outer loop
      vertex 8.342651938487274 88.11 40.222148834901986
      vertex 8.342651938487274 84.11 40.222148834901986
      vertex 7.880602337443566 88.11 41.08658283817455
    endloop
  endfacet
  facet normal -0.773010453362736 -3.8167419806865066e-18 -0.6343932841636466
    outer loop
      vertex 8.342651938487274 88.11 40.222148834901986
      vertex 8.964466094067262 88.11 39.46446609406726
      vertex 8.964466094067262 84.11 39.46446609406726
    endloop
  endfacet
  facet normal 0 1 0
    outer loop
      vertex 8.342651938487274 88.11 40.222148834901986
      vertex 7.5 88.11 43
      vertex 12.5 88.11 35.92393218813453
    endloop
  endfacet
  facet normal 0 1 0
    outer loop
      vertex 7.5 88.11 43
      vertex 11.34515058436089 88.11 42.52164570954364
      vertex 12.5 88.11 35.92393218813453
    endloop
  endfacet
  facet normal -0.773010453362736 0 -0.6343932841636466
    outer loop
      vertex 8.342651938487274 88.11 40.222148834901986
      vertex 8.964466094067262 84.11 39.46446609406726
      vertex 8.342651938487274 84.11 40.222148834901986
    endloop
  endfacet
  facet normal 0 1 0
    outer loop
      vertex 8.342651938487274 88.11 40.222148834901986
      vertex 7.880602337443566 88.11 41.08658283817455
      vertex 7.5 88.11 43
    endloop
  endfacet
  facet normal -0.9569403357322092 0 -0.2902846772544615
    outer loop
      vertex 7.880602337443566 88.11 41.08658283817455
      vertex 7.880602337443566 84.11 41.08658283817455
      vertex 7.596073597983848 88.11 42.02454838991936
    endloop
  endfacet
  facet normal 0 1 0
    outer loop
      vertex 7.880602337443566 88.11 41.08658283817455
      vertex 7.596073597983848 88.11 42.02454838991936
      vertex 7.5 88.11 43
    endloop
  endfacet
  facet normal -0.9951847266721968 0 -0.09801714032956084
    outer loop
      vertex 7.596073597983848 88.11 42.02454838991936
      vertex 7.596073597983848 84.11 42.02454838991936
      vertex 7.5 88.11 43
    endloop
  endfacet
  facet normal -0.8819212643483554 6.399147726696444e-19 -0.4713967368259971
    outer loop
      vertex 8.342651938487274 84.11 40.222148834901986
      vertex 7.880602337443566 84.11 41.08658283817455
      vertex 7.880602337443566 88.11 41.08658283817455
    endloop
  endfacet
  facet normal -0.9569403357322092 0 -0.2902846772544615
    outer loop
      vertex 7.596073597983848 88.11 42.02454838991936
      vertex 7.880602337443566 84.11 41.08658283817455
      vertex 7.596073597983848 84.11 42.02454838991936
    endloop
  endfacet
  facet normal -0.9951847266721968 0 0.09801714032956084
    outer loop
      vertex 7.5 88.11 43
      vertex 7.5 84.11 43
      vertex 7.596073597983848 88.11 43.97545161008064
    endloop
  endfacet
  facet normal 0 1 0
    outer loop
      vertex 7.5 88.11 43
      vertex 7.596073597983848 88.11 43.97545161008064
      vertex 7.880602337443566 88.11 44.91341716182545
    endloop
  endfacet
  facet normal -0.9569403357322092 0 0.2902846772544615
    outer loop
      vertex 7.596073597983848 88.11 43.97545161008064
      vertex 7.596073597983848 84.11 43.97545161008064
      vertex 7.880602337443566 88.11 44.91341716182545
    endloop
  endfacet
  facet normal -0.9951847266721968 0 -0.09801714032956084
    outer loop
      vertex 7.5 88.11 43
      vertex 7.596073597983848 84.11 42.02454838991936
      vertex 7.5 84.11 43
    endloop
  endfacet
  facet normal -0.9951847266721968 0 0.09801714032956084
    outer loop
      vertex 7.596073597983848 88.11 43.97545161008064
      vertex 7.5 84.11 43
      vertex 7.596073597983848 84.11 43.97545161008064
    endloop
  endfacet
  facet normal -0.9569403357322092 -3.635973588532604e-18 0.2902846772544615
    outer loop
      vertex 7.596073597983848 84.11 43.97545161008064
      vertex 7.880602337443566 84.11 44.91341716182545
      vertex 7.880602337443566 88.11 44.91341716182545
    endloop
  endfacet
  facet normal 0 1 0
    outer loop
      vertex 7.5 88.11 43
      vertex 11.25 88.11 43
      vertex 11.34515058436089 88.11 42.52164570954364
    endloop
  endfacet
  facet normal 0 1 0
    outer loop
      vertex 7.5 88.11 43
      vertex 11.34515058436089 88.11 43.47835429045636
      vertex 11.25 88.11 43
    endloop
  endfacet
  facet normal 0 1 0
    outer loop
      vertex 7.5 88.11 43
      vertex 11.616116523516816 88.11 43.883883476483184
      vertex 11.34515058436089 88.11 43.47835429045636
    endloop
  endfacet
  facet normal 0 1 0
    outer loop
      vertex 7.5 88.11 43
      vertex 12.021645709543638 88.11 44.154849415639106
      vertex 11.616116523516816 88.11 43.883883476483184
    endloop
  endfacet
  facet normal -0.8819212643483554 0 0.4713967368259971
    outer loop
      vertex 7.880602337443566 88.11 44.91341716182545
      vertex 7.880602337443566 84.11 44.91341716182545
      vertex 8.342651938487274 88.11 45.777851165098014
    endloop
  endfacet
  facet normal 0 1 0
    outer loop
      vertex 7.5 88.11 43
      vertex 7.880602337443566 88.11 44.91341716182545
      vertex 8.964466094067262 88.11 46.53553390593274
    endloop
  endfacet
  facet normal 0 1 0
    outer loop
      vertex 7.880602337443566 88.11 44.91341716182545
      vertex 8.342651938487274 88.11 45.777851165098014
      vertex 8.964466094067262 88.11 46.53553390593274
    endloop
  endfacet
  facet normal -0.773010453362736 0 0.6343932841636466
    outer loop
      vertex 8.342651938487274 88.11 45.777851165098014
      vertex 8.342651938487274 84.11 45.777851165098014
      vertex 8.964466094067262 88.11 46.53553390593274
    endloop
  endfacet
  facet normal 0 1 0
    outer loop
      vertex 7.5 88.11 43
      vertex 12.5 88.11 48
      vertex 12.021645709543638 88.11 44.154849415639106
    endloop
  endfacet
  facet normal 0 1 0
    outer loop
      vertex 7.5 88.11 43
      vertex 8.964466094067262 88.11 46.53553390593274
      vertex 12.5 88.11 48
    endloop
  endfacet
  facet normal -0.8819212643483554 0 0.4713967368259971
    outer loop
      vertex 8.342651938487274 88.11 45.777851165098014
      vertex 7.880602337443566 84.11 44.91341716182545
      vertex 8.342651938487274 84.11 45.777851165098014
    endloop
  endfacet
  facet normal -0.773010453362736 3.8167419806865066e-18 0.6343932841636466
    outer loop
      vertex 8.342651938487274 84.11 45.777851165098014
      vertex 8.964466094067262 84.11 46.53553390593274
      vertex 8.964466094067262 88.11 46.53553390593274
    endloop
  endfacet
  facet normal -0.6343932841636459 0 0.7730104533627367
    outer loop
      vertex 8.964466094067262 88.11 46.53553390593274
      vertex 8.964466094067262 84.11 46.53553390593274
      vertex 9.72214883490199 88.11 47.15734806151273
    endloop
  endfacet
  facet normal 0 1 0
    outer loop
      vertex 8.964466094067262 88.11 46.53553390593274
      vertex 9.72214883490199 88.11 47.15734806151273
      vertex 10.58658283817455 88.11 47.61939766255644
    endloop
  endfacet
  facet normal 0 1 0
    outer loop
      vertex 8.964466094067262 88.11 46.53553390593274
      vertex 10.58658283817455 88.11 47.61939766255644
      vertex 12.5 88.11 48
    endloop
  endfacet
  facet normal -0.471396736826 0 0.8819212643483537
    outer loop
      vertex 9.72214883490199 88.11 47.15734806151273
      vertex 9.72214883490199 84.11 47.15734806151273
      vertex 10.58658283817455 88.11 47.61939766255644
    endloop
  endfacet
  facet normal -0.6343932841636459 0 0.7730104533627367
    outer loop
      vertex 9.72214883490199 88.11 47.15734806151273
      vertex 8.964466094067262 84.11 46.53553390593274
      vertex 9.72214883490199 84.11 47.15734806151273
    endloop
  endfacet
  facet normal -0.471396736826 0 0.8819212643483537
    outer loop
      vertex 10.58658283817455 88.11 47.61939766255644
      vertex 9.72214883490199 84.11 47.15734806151273
      vertex 10.58658283817455 84.11 47.61939766255644
    endloop
  endfacet
  facet normal -0.7071067811861707 0 -0.7071067811869244
    outer loop
      vertex 12.5 88.11 35.92393218813453
      vertex 12.5 84.11 35.92393218813453
      vertex 12.495 88.11 35.928932188134524
    endloop
  endfacet
  facet normal 0.7071067811861707 2.3191062801681578e-20 -0.7071067811869244
    outer loop
      vertex 12.5 88.11 35.92393218813453
      vertex 12.505 88.11 35.928932188134524
      vertex 12.505 84.11 35.928932188134524
    endloop
  endfacet
  facet normal -0.7071067811861707 0 -0.7071067811869244
    outer loop
      vertex 12.495 88.11 35.928932188134524
      vertex 12.5 84.11 35.92393218813453
      vertex 12.495 84.11 35.928932188134524
    endloop
  endfacet
  facet normal 0.7071067811861707 0 -0.7071067811869244
    outer loop
      vertex 12.5 88.11 35.92393218813453
      vertex 12.505 84.11 35.928932188134524
      vertex 12.5 84.11 35.92393218813453
    endloop
  endfacet
  facet normal 0 1 0
    outer loop
      vertex 12.5 88.11 35.92393218813453
      vertex 12.495 88.11 35.928932188134524
      vertex 8.964466094067262 88.11 39.46446609406726
    endloop
  endfacet
  facet normal -0.7076069578379554 0 -0.7066062504813512
    outer loop
      vertex 12.495 88.11 35.928932188134524
      vertex 12.495 84.11 35.928932188134524
      vertex 8.964466094067262 88.11 39.46446609406726
    endloop
  endfacet
  facet normal 0 1 0
    outer loop
      vertex 12.5 88.11 35.92393218813453
      vertex 11.616116523516816 88.11 42.116116523516816
      vertex 12.021645709543638 88.11 41.845150584360894
    endloop
  endfacet
  facet normal 0 1 0
    outer loop
      vertex 12.5 88.11 35.92393218813453
      vertex 11.34515058436089 88.11 42.52164570954364
      vertex 11.616116523516816 88.11 42.116116523516816
    endloop
  endfacet
  facet normal 0 1 0
    outer loop
      vertex 12.5 88.11 35.92393218813453
      vertex 12.021645709543638 88.11 41.845150584360894
      vertex 12.5 88.11 41.75
    endloop
  endfacet
  facet normal 0 1 0
    outer loop
      vertex 12.5 88.11 35.92393218813453
      vertex 12.5 88.11 41.75
      vertex 12.978354290456362 88.11 41.845150584360894
    endloop
  endfacet
  facet normal 0 1 0
    outer loop
      vertex 12.5 88.11 35.92393218813453
      vertex 16.035533905932738 88.11 39.46446609406726
      vertex 12.505 88.11 35.928932188134524
    endloop
  endfacet
  facet normal 0 1 0
    outer loop
      vertex 12.5 88.11 35.92393218813453
      vertex 16.657348061512728 88.11 40.222148834901986
      vertex 16.035533905932738 88.11 39.46446609406726
    endloop
  endfacet
  facet normal 0.7076069578379554 3.9505491222503364e-17 -0.7066062504813512
    outer loop
      vertex 12.505 88.11 35.928932188134524
      vertex 16.035533905932738 88.11 39.46446609406726
      vertex 16.035533905932738 84.11 39.46446609406726
    endloop
  endfacet
  facet normal 0.7076069578379554 0 -0.7066062504813512
    outer loop
      vertex 12.505 88.11 35.928932188134524
      vertex 16.035533905932738 84.11 39.46446609406726
      vertex 12.505 84.11 35.928932188134524
    endloop
  endfacet
  facet normal 0 1 0
    outer loop
      vertex 12.5 88.11 35.92393218813453
      vertex 12.978354290456362 88.11 41.845150584360894
      vertex 17.5 88.11 43
    endloop
  endfacet
  facet normal 0 1 0
    outer loop
      vertex 12.5 88.11 35.92393218813453
      vertex 17.5 88.11 43
      vertex 16.657348061512728 88.11 40.222148834901986
    endloop
  endfacet
  facet normal 0.7730104533627351 -6.860947111088188e-18 -0.6343932841636477
    outer loop
      vertex 16.035533905932738 88.11 39.46446609406726
      vertex 16.657348061512728 88.11 40.222148834901986
      vertex 16.657348061512728 84.11 40.222148834901986
    endloop
  endfacet
  facet normal 0.7730104533627351 0 -0.6343932841636477
    outer loop
      vertex 16.035533905932738 88.11 39.46446609406726
      vertex 16.657348061512728 84.11 40.222148834901986
      vertex 16.035533905932738 84.11 39.46446609406726
    endloop
  endfacet
  facet normal 0.881921264348356 0 -0.47139673682599564
    outer loop
      vertex 16.657348061512728 88.11 40.222148834901986
      vertex 17.119397662556434 84.11 41.08658283817455
      vertex 16.657348061512728 84.11 40.222148834901986
    endloop
  endfacet
  facet normal 0 1 0
    outer loop
      vertex 12.978354290456362 88.11 41.845150584360894
      vertex 13.383883476483184 88.11 42.116116523516816
      vertex 17.5 88.11 43
    endloop
  endfacet
  facet normal 0 1 0
    outer loop
      vertex 13.383883476483184 88.11 42.116116523516816
      vertex 13.65484941563911 88.11 42.52164570954364
      vertex 17.5 88.11 43
    endloop
  endfacet
  facet normal 0 1 0
    outer loop
      vertex 13.65484941563911 88.11 42.52164570954364
      vertex 13.75 88.11 43
      vertex 17.5 88.11 43
    endloop
  endfacet
  facet normal 0 1 0
    outer loop
      vertex 13.65484941563911 88.11 43.47835429045636
      vertex 17.5 88.11 43
      vertex 13.75 88.11 43
    endloop
  endfacet
  facet normal 0 1 0
    outer loop
      vertex 12.021645709543638 88.11 44.154849415639106
      vertex 12.5 88.11 48
      vertex 12.5 88.11 44.25
    endloop
  endfacet
  facet normal 0 1 0
    outer loop
      vertex 12.5 88.11 44.25
      vertex 12.5 88.11 48
      vertex 12.978354290456362 88.11 44.154849415639106
    endloop
  endfacet
  facet normal 0 1 0
    outer loop
      vertex 12.5 88.11 48
      vertex 13.65484941563911 88.11 43.47835429045636
      vertex 13.383883476483184 88.11 43.883883476483184
    endloop
  endfacet
  facet normal 0 1 0
    outer loop
      vertex 12.5 88.11 48
      vertex 13.383883476483184 88.11 43.883883476483184
      vertex 12.978354290456362 88.11 44.154849415639106
    endloop
  endfacet
  facet normal -0.2902846772544603 0 0.9569403357322095
    outer loop
      vertex 10.58658283817455 88.11 47.61939766255644
      vertex 10.58658283817455 84.11 47.61939766255644
      vertex 11.524548389919358 88.11 47.903926402016154
    endloop
  endfacet
  facet normal 0 1 0
    outer loop
      vertex 10.58658283817455 88.11 47.61939766255644
      vertex 11.524548389919358 88.11 47.903926402016154
      vertex 12.5 88.11 48
    endloop
  endfacet
  facet normal -0.09801714032955887 0 0.995184726672197
    outer loop
      vertex 11.524548389919358 88.11 47.903926402016154
      vertex 11.524548389919358 84.11 47.903926402016154
      vertex 12.5 88.11 48
    endloop
  endfacet
  facet normal 0.09801714032955887 0 0.995184726672197
    outer loop
      vertex 12.5 88.11 48
      vertex 12.5 84.11 48
      vertex 13.475451610080642 88.11 47.903926402016154
    endloop
  endfacet
  facet normal -0.2902846772544603 0 0.9569403357322095
    outer loop
      vertex 11.524548389919358 88.11 47.903926402016154
      vertex 10.58658283817455 84.11 47.61939766255644
      vertex 11.524548389919358 84.11 47.903926402016154
    endloop
  endfacet
  facet normal -0.09801714032955887 0 0.995184726672197
    outer loop
      vertex 12.5 88.11 48
      vertex 11.524548389919358 84.11 47.903926402016154
      vertex 12.5 84.11 48
    endloop
  endfacet
  facet normal 0.09801714032955887 -1.1461588726836451e-18 0.995184726672197
    outer loop
      vertex 12.5 84.11 48
      vertex 13.475451610080642 84.11 47.903926402016154
      vertex 13.475451610080642 88.11 47.903926402016154
    endloop
  endfacet
  facet normal 0 1 0
    outer loop
      vertex 12.5 88.11 48
      vertex 17.5 88.11 43
      vertex 13.65484941563911 88.11 43.47835429045636
    endloop
  endfacet
  facet normal 0 1 0
    outer loop
      vertex 12.5 88.11 48
      vertex 16.035533905932738 88.11 46.53553390593274
      vertex 17.5 88.11 43
    endloop
  endfacet
  facet normal 0 1 0
    outer loop
      vertex 12.5 88.11 48
      vertex 14.41341716182545 88.11 47.61939766255644
      vertex 16.035533905932738 88.11 46.53553390593274
    endloop
  endfacet
  facet normal 0.471396736826 0 0.8819212643483537
    outer loop
      vertex 14.41341716182545 88.11 47.61939766255644
      vertex 14.41341716182545 84.11 47.61939766255644
      vertex 15.27785116509801 88.11 47.15734806151273
    endloop
  endfacet
  facet normal 0 1 0
    outer loop
      vertex 12.5 88.11 48
      vertex 13.475451610080642 88.11 47.903926402016154
      vertex 14.41341716182545 88.11 47.61939766255644
    endloop
  endfacet
  facet normal 0.2902846772544603 0 0.9569403357322095
    outer loop
      vertex 13.475451610080642 88.11 47.903926402016154
      vertex 13.475451610080642 84.11 47.903926402016154
      vertex 14.41341716182545 88.11 47.61939766255644
    endloop
  endfacet
  facet normal 0 1 0
    outer loop
      vertex 14.41341716182545 88.11 47.61939766255644
      vertex 15.27785116509801 88.11 47.15734806151273
      vertex 16.035533905932738 88.11 46.53553390593274
    endloop
  endfacet
  facet normal 0.6343932841636459 -4.410744256659058e-18 0.7730104533627367
    outer loop
      vertex 16.035533905932738 88.11 46.53553390593274
      vertex 15.27785116509801 88.11 47.15734806151273
      vertex 15.27785116509801 84.11 47.15734806151273
    endloop
  endfacet
  facet normal 0.2902846772544603 0 0.9569403357322095
    outer loop
      vertex 14.41341716182545 88.11 47.61939766255644
      vertex 13.475451610080642 84.11 47.903926402016154
      vertex 14.41341716182545 84.11 47.61939766255644
    endloop
  endfacet
  facet normal 0.471396736826 0 0.8819212643483537
    outer loop
      vertex 15.27785116509801 88.11 47.15734806151273
      vertex 14.41341716182545 84.11 47.61939766255644
      vertex 15.27785116509801 84.11 47.15734806151273
    endloop
  endfacet
  facet normal 0.6343932841636459 0 0.7730104533627367
    outer loop
      vertex 16.035533905932738 88.11 46.53553390593274
      vertex 15.27785116509801 84.11 47.15734806151273
      vertex 16.035533905932738 84.11 46.53553390593274
    endloop
  endfacet
  facet normal 0 1 0
    outer loop
      vertex 16.657348061512728 88.11 40.222148834901986
      vertex 17.5 88.11 43
      vertex 17.119397662556434 88.11 41.08658283817455
    endloop
  endfacet
  facet normal 0.881921264348356 4.1472531881471185e-18 -0.47139673682599564
    outer loop
      vertex 16.657348061512728 88.11 40.222148834901986
      vertex 17.119397662556434 88.11 41.08658283817455
      vertex 17.119397662556434 84.11 41.08658283817455
    endloop
  endfacet
  facet normal 0 1 0
    outer loop
      vertex 17.119397662556434 88.11 41.08658283817455
      vertex 17.5 88.11 43
      vertex 17.403926402016154 88.11 42.02454838991936
    endloop
  endfacet
  facet normal 0.9569403357322086 -3.4250446573254155e-18 -0.2902846772544631
    outer loop
      vertex 17.119397662556434 88.11 41.08658283817455
      vertex 17.403926402016154 88.11 42.02454838991936
      vertex 17.403926402016154 84.11 42.02454838991936
    endloop
  endfacet
  facet normal 0.9569403357322086 0 -0.2902846772544631
    outer loop
      vertex 17.119397662556434 88.11 41.08658283817455
      vertex 17.403926402016154 84.11 42.02454838991936
      vertex 17.119397662556434 84.11 41.08658283817455
    endloop
  endfacet
  facet normal 0.995184726672197 0 -0.09801714032955905
    outer loop
      vertex 17.403926402016154 88.11 42.02454838991936
      vertex 17.5 84.11 43
      vertex 17.403926402016154 84.11 42.02454838991936
    endloop
  endfacet
  facet normal 0.995184726672197 9.339933574355568e-20 -0.09801714032955905
    outer loop
      vertex 17.403926402016154 88.11 42.02454838991936
      vertex 17.5 88.11 43
      vertex 17.5 84.11 43
    endloop
  endfacet
  facet normal 0.995184726672197 -9.339933574355568e-20 0.09801714032955905
    outer loop
      vertex 17.5 88.11 43
      vertex 17.403926402016154 88.11 43.97545161008064
      vertex 17.403926402016154 84.11 43.97545161008064
    endloop
  endfacet
  facet normal 0 1 0
    outer loop
      vertex 17.5 88.11 43
      vertex 17.119397662556434 88.11 44.91341716182545
      vertex 17.403926402016154 88.11 43.97545161008064
    endloop
  endfacet
  facet normal 0.9569403357322086 3.4250446573254155e-18 0.2902846772544631
    outer loop
      vertex 17.403926402016154 88.11 43.97545161008064
      vertex 17.119397662556434 88.11 44.91341716182545
      vertex 17.119397662556434 84.11 44.91341716182545
    endloop
  endfacet
  facet normal 0.995184726672197 0 0.09801714032955905
    outer loop
      vertex 17.5 88.11 43
      vertex 17.403926402016154 84.11 43.97545161008064
      vertex 17.5 84.11 43
    endloop
  endfacet
  facet normal 0.9569403357322086 0 0.2902846772544631
    outer loop
      vertex 17.403926402016154 88.11 43.97545161008064
      vertex 17.119397662556434 84.11 44.91341716182545
      vertex 17.403926402016154 84.11 43.97545161008064
    endloop
  endfacet
  facet normal 0 1 0
    outer loop
      vertex 16.035533905932738 88.11 46.53553390593274
      vertex 17.119397662556434 88.11 44.91341716182545
      vertex 17.5 88.11 43
    endloop
  endfacet
  facet normal 0.881921264348356 0 0.47139673682599564
    outer loop
      vertex 16.657348061512728 88.11 45.777851165098014
      vertex 16.657348061512728 84.11 45.777851165098014
      vertex 17.119397662556434 88.11 44.91341716182545
    endloop
  endfacet
  facet normal 0 1 0
    outer loop
      vertex 16.035533905932738 88.11 46.53553390593274
      vertex 16.657348061512728 88.11 45.777851165098014
      vertex 17.119397662556434 88.11 44.91341716182545
    endloop
  endfacet
  facet normal 0.7730104533627351 0 0.6343932841636477
    outer loop
      vertex 16.035533905932738 88.11 46.53553390593274
      vertex 16.035533905932738 84.11 46.53553390593274
      vertex 16.657348061512728 88.11 45.777851165098014
    endloop
  endfacet
  facet normal 0.881921264348356 -4.1472531881471185e-18 0.47139673682599564
    outer loop
      vertex 16.657348061512728 84.11 45.777851165098014
      vertex 17.119397662556434 84.11 44.91341716182545
      vertex 17.119397662556434 88.11 44.91341716182545
    endloop
  endfacet
  facet normal 0.7730104533627351 0 0.6343932841636477
    outer loop
      vertex 16.657348061512728 88.11 45.777851165098014
      vertex 16.035533905932738 84.11 46.53553390593274
      vertex 16.657348061512728 84.11 45.777851165098014
    endloop
  endfacet
  facet normal 0 1 0
    outer loop
      vertex 121.96446609406726 88.11 39.46446609406726
      vertex 121.34265193848728 88.11 40.222148834901986
      vertex 125.5 88.11 35.92393218813453
    endloop
  endfacet
  facet normal -0.7076069578379548 0 -0.7066062504813517
    outer loop
      vertex 121.96446609406726 88.11 39.46446609406726
      vertex 125.495 84.11 35.928932188134524
      vertex 121.96446609406726 84.11 39.46446609406726
    endloop
  endfacet
  facet normal 0 1 0
    outer loop
      vertex 121.34265193848728 88.11 40.222148834901986
      vertex 120.5 88.11 43
      vertex 125.5 88.11 35.92393218813453
    endloop
  endfacet
  facet normal -0.7730104533627388 0 -0.6343932841636434
    outer loop
      vertex 121.96446609406726 88.11 39.46446609406726
      vertex 121.96446609406726 84.11 39.46446609406726
      vertex 121.34265193848728 88.11 40.222148834901986
    endloop
  endfacet
  facet normal -0.8819212643483516 0 -0.47139673682600414
    outer loop
      vertex 121.34265193848728 88.11 40.222148834901986
      vertex 121.34265193848728 84.11 40.222148834901986
      vertex 120.88060233744356 88.11 41.08658283817455
    endloop
  endfacet
  facet normal 0 1 0
    outer loop
      vertex 125.5 88.11 35.92393218813453
      vertex 120.5 88.11 43
      vertex 124.3451505843609 88.11 42.52164570954364
    endloop
  endfacet
  facet normal -0.7730104533627388 0 -0.6343932841636434
    outer loop
      vertex 121.34265193848728 88.11 40.222148834901986
      vertex 121.96446609406726 84.11 39.46446609406726
      vertex 121.34265193848728 84.11 40.222148834901986
    endloop
  endfacet
  facet normal -0.7071067811865476 0 -0.7071067811865476
    outer loop
      vertex 125.5 88.11 35.92393218813453
      vertex 125.5 84.11 35.92393218813453
      vertex 125.495 88.11 35.928932188134524
    endloop
  endfacet
  facet normal 0.7071067811865476 -1.5141271758630816e-20 -0.7071067811865476
    outer loop
      vertex 125.5 88.11 35.92393218813453
      vertex 125.505 88.11 35.928932188134524
      vertex 125.505 84.11 35.928932188134524
    endloop
  endfacet
  facet normal -0.7071067811865476 0 -0.7071067811865476
    outer loop
      vertex 125.495 88.11 35.928932188134524
      vertex 125.5 84.11 35.92393218813453
      vertex 125.495 84.11 35.928932188134524
    endloop
  endfacet
  facet normal 0.7071067811865476 0 -0.7071067811865476
    outer loop
      vertex 125.5 88.11 35.92393218813453
      vertex 125.505 84.11 35.928932188134524
      vertex 125.5 84.11 35.92393218813453
    endloop
  endfacet
  facet normal 0 1 0
    outer loop
      vertex 121.96446609406726 88.11 39.46446609406726
      vertex 125.5 88.11 35.92393218813453
      vertex 125.495 88.11 35.928932188134524
    endloop
  endfacet
  facet normal -0.7076069578379548 -4.539989166579217e-18 -0.7066062504813517
    outer loop
      vertex 121.96446609406726 88.11 39.46446609406726
      vertex 125.495 88.11 35.928932188134524
      vertex 125.495 84.11 35.928932188134524
    endloop
  endfacet
  facet normal 0 1 0
    outer loop
      vertex 125.5 88.11 35.92393218813453
      vertex 124.61611652351681 88.11 42.116116523516816
      vertex 125.02164570954363 88.11 41.845150584360894
    endloop
  endfacet
  facet normal 0 1 0
    outer loop
      vertex 125.5 88.11 35.92393218813453
      vertex 124.3451505843609 88.11 42.52164570954364
      vertex 124.61611652351681 88.11 42.116116523516816
    endloop
  endfacet
  facet normal 0 1 0
    outer loop
      vertex 125.5 88.11 35.92393218813453
      vertex 125.02164570954363 88.11 41.845150584360894
      vertex 125.5 88.11 41.75
    endloop
  endfacet
  facet normal 0 1 0
    outer loop
      vertex 125.5 88.11 35.92393218813453
      vertex 125.5 88.11 41.75
      vertex 125.97835429045637 88.11 41.845150584360894
    endloop
  endfacet
  facet normal 0 1 0
    outer loop
      vertex 125.5 88.11 35.92393218813453
      vertex 129.03553390593274 88.11 39.46446609406726
      vertex 125.505 88.11 35.928932188134524
    endloop
  endfacet
  facet normal 0.7076069578379548 4.539989166579217e-18 -0.7066062504813517
    outer loop
      vertex 125.505 88.11 35.928932188134524
      vertex 129.03553390593274 88.11 39.46446609406726
      vertex 129.03553390593274 84.11 39.46446609406726
    endloop
  endfacet
  facet normal 0 1 0
    outer loop
      vertex 125.5 88.11 35.92393218813453
      vertex 129.65734806151272 88.11 40.222148834901986
      vertex 129.03553390593274 88.11 39.46446609406726
    endloop
  endfacet
  facet normal 0.7076069578379548 0 -0.7066062504813517
    outer loop
      vertex 125.505 88.11 35.928932188134524
      vertex 129.03553390593274 84.11 39.46446609406726
      vertex 125.505 84.11 35.928932188134524
    endloop
  endfacet
  facet normal 0 1 0
    outer loop
      vertex 125.5 88.11 35.92393218813453
      vertex 125.97835429045637 88.11 41.845150584360894
      vertex 130.5 88.11 43
    endloop
  endfacet
  facet normal 0 1 0
    outer loop
      vertex 125.5 88.11 35.92393218813453
      vertex 130.5 88.11 43
      vertex 129.65734806151272 88.11 40.222148834901986
    endloop
  endfacet
  facet normal 0 1 0
    outer loop
      vertex 121.34265193848728 88.11 40.222148834901986
      vertex 120.88060233744356 88.11 41.08658283817455
      vertex 120.5 88.11 43
    endloop
  endfacet
  facet normal -0.9569403357322096 0 -0.2902846772544598
    outer loop
      vertex 120.88060233744356 88.11 41.08658283817455
      vertex 120.88060233744356 84.11 41.08658283817455
      vertex 120.59607359798385 88.11 42.02454838991936
    endloop
  endfacet
  facet normal 0 1 0
    outer loop
      vertex 120.88060233744356 88.11 41.08658283817455
      vertex 120.59607359798385 88.11 42.02454838991936
      vertex 120.5 88.11 43
    endloop
  endfacet
  facet normal -0.995184726672197 0 -0.09801714032955905
    outer loop
      vertex 120.59607359798385 88.11 42.02454838991936
      vertex 120.59607359798385 84.11 42.02454838991936
      vertex 120.5 88.11 43
    endloop
  endfacet
  facet normal -0.8819212643483516 -3.74130866576412e-18 -0.47139673682600414
    outer loop
      vertex 121.34265193848728 84.11 40.222148834901986
      vertex 120.88060233744356 84.11 41.08658283817455
      vertex 120.88060233744356 88.11 41.08658283817455
    endloop
  endfacet
  facet normal -0.9569403357322096 0 -0.2902846772544598
    outer loop
      vertex 120.59607359798385 88.11 42.02454838991936
      vertex 120.88060233744356 84.11 41.08658283817455
      vertex 120.59607359798385 84.11 42.02454838991936
    endloop
  endfacet
  facet normal -0.995184726672197 0 0.09801714032955905
    outer loop
      vertex 120.5 88.11 43
      vertex 120.5 84.11 43
      vertex 120.59607359798385 88.11 43.97545161008064
    endloop
  endfacet
  facet normal 0 1 0
    outer loop
      vertex 120.5 88.11 43
      vertex 120.59607359798385 88.11 43.97545161008064
      vertex 120.88060233744356 88.11 44.91341716182545
    endloop
  endfacet
  facet normal -0.9569403357322096 0 0.2902846772544598
    outer loop
      vertex 120.59607359798385 88.11 43.97545161008064
      vertex 120.59607359798385 84.11 43.97545161008064
      vertex 120.88060233744356 88.11 44.91341716182545
    endloop
  endfacet
  facet normal -0.995184726672197 0 -0.09801714032955905
    outer loop
      vertex 120.5 88.11 43
      vertex 120.59607359798385 84.11 42.02454838991936
      vertex 120.5 84.11 43
    endloop
  endfacet
  facet normal -0.995184726672197 0 0.09801714032955905
    outer loop
      vertex 120.59607359798385 88.11 43.97545161008064
      vertex 120.5 84.11 43
      vertex 120.59607359798385 84.11 43.97545161008064
    endloop
  endfacet
  facet normal -0.9569403357322096 -3.846902519739792e-18 0.2902846772544598
    outer loop
      vertex 120.59607359798385 84.11 43.97545161008064
      vertex 120.88060233744356 84.11 44.91341716182545
      vertex 120.88060233744356 88.11 44.91341716182545
    endloop
  endfacet
  facet normal 0 1 0
    outer loop
      vertex 120.5 88.11 43
      vertex 124.25 88.11 43
      vertex 124.3451505843609 88.11 42.52164570954364
    endloop
  endfacet
  facet normal 0 1 0
    outer loop
      vertex 120.5 88.11 43
      vertex 124.3451505843609 88.11 43.47835429045636
      vertex 124.25 88.11 43
    endloop
  endfacet
  facet normal 0 1 0
    outer loop
      vertex 120.5 88.11 43
      vertex 124.61611652351681 88.11 43.883883476483184
      vertex 124.3451505843609 88.11 43.47835429045636
    endloop
  endfacet
  facet normal 0 1 0
    outer loop
      vertex 120.5 88.11 43
      vertex 125.02164570954363 88.11 44.154849415639106
      vertex 124.61611652351681 88.11 43.883883476483184
    endloop
  endfacet
  facet normal 0 1 0
    outer loop
      vertex 120.5 88.11 43
      vertex 120.88060233744356 88.11 44.91341716182545
      vertex 121.96446609406726 88.11 46.53553390593274
    endloop
  endfacet
  facet normal -0.8819212643483516 0 0.47139673682600414
    outer loop
      vertex 120.88060233744356 88.11 44.91341716182545
      vertex 120.88060233744356 84.11 44.91341716182545
      vertex 121.34265193848728 88.11 45.777851165098014
    endloop
  endfacet
  facet normal 0 1 0
    outer loop
      vertex 120.88060233744356 88.11 44.91341716182545
      vertex 121.34265193848728 88.11 45.777851165098014
      vertex 121.96446609406726 88.11 46.53553390593274
    endloop
  endfacet
  facet normal -0.7730104533627388 0 0.6343932841636434
    outer loop
      vertex 121.34265193848728 88.11 45.777851165098014
      vertex 121.34265193848728 84.11 45.777851165098014
      vertex 121.96446609406726 88.11 46.53553390593274
    endloop
  endfacet
  facet normal 0 1 0
    outer loop
      vertex 120.5 88.11 43
      vertex 125.5 88.11 48
      vertex 125.02164570954363 88.11 44.154849415639106
    endloop
  endfacet
  facet normal 0 1 0
    outer loop
      vertex 120.5 88.11 43
      vertex 121.96446609406726 88.11 46.53553390593274
      vertex 125.5 88.11 48
    endloop
  endfacet
  facet normal -0.8819212643483516 0 0.47139673682600414
    outer loop
      vertex 121.34265193848728 88.11 45.777851165098014
      vertex 120.88060233744356 84.11 44.91341716182545
      vertex 121.34265193848728 84.11 45.777851165098014
    endloop
  endfacet
  facet normal -0.7730104533627388 0 0.6343932841636434
    outer loop
      vertex 121.96446609406726 88.11 46.53553390593274
      vertex 121.34265193848728 84.11 45.777851165098014
      vertex 121.96446609406726 84.11 46.53553390593274
    endloop
  endfacet
  facet normal -0.6343932841636477 0 0.7730104533627351
    outer loop
      vertex 121.96446609406726 88.11 46.53553390593274
      vertex 121.96446609406726 84.11 46.53553390593274
      vertex 122.72214883490199 88.11 47.15734806151273
    endloop
  endfacet
  facet normal 0 1 0
    outer loop
      vertex 121.96446609406726 88.11 46.53553390593274
      vertex 122.72214883490199 88.11 47.15734806151273
      vertex 123.58658283817455 88.11 47.61939766255644
    endloop
  endfacet
  facet normal 0 1 0
    outer loop
      vertex 121.96446609406726 88.11 46.53553390593274
      vertex 123.58658283817455 88.11 47.61939766255644
      vertex 125.5 88.11 48
    endloop
  endfacet
  facet normal -0.4713967368259985 0 0.8819212643483546
    outer loop
      vertex 122.72214883490199 88.11 47.15734806151273
      vertex 122.72214883490199 84.11 47.15734806151273
      vertex 123.58658283817455 88.11 47.61939766255644
    endloop
  endfacet
  facet normal -0.6343932841636477 -6.860947111088188e-18 0.7730104533627351
    outer loop
      vertex 121.96446609406726 84.11 46.53553390593274
      vertex 122.72214883490199 84.11 47.15734806151273
      vertex 122.72214883490199 88.11 47.15734806151273
    endloop
  endfacet
  facet normal -0.4713967368259985 0 0.8819212643483546
    outer loop
      vertex 123.58658283817455 88.11 47.61939766255644
      vertex 122.72214883490199 84.11 47.15734806151273
      vertex 123.58658283817455 84.11 47.61939766255644
    endloop
  endfacet
  facet normal 0 1 0
    outer loop
      vertex 125.97835429045637 88.11 41.845150584360894
      vertex 126.38388347648319 88.11 42.116116523516816
      vertex 130.5 88.11 43
    endloop
  endfacet
  facet normal 0 1 0
    outer loop
      vertex 126.38388347648319 88.11 42.116116523516816
      vertex 126.6548494156391 88.11 42.52164570954364
      vertex 130.5 88.11 43
    endloop
  endfacet
  facet normal 0 1 0
    outer loop
      vertex 126.6548494156391 88.11 42.52164570954364
      vertex 126.75 88.11 43
      vertex 130.5 88.11 43
    endloop
  endfacet
  facet normal 0 1 0
    outer loop
      vertex 126.75 88.11 43
      vertex 126.6548494156391 88.11 43.47835429045636
      vertex 130.5 88.11 43
    endloop
  endfacet
  facet normal 0 1 0
    outer loop
      vertex 125.02164570954363 88.11 44.154849415639106
      vertex 125.5 88.11 48
      vertex 125.5 88.11 44.25
    endloop
  endfacet
  facet normal 0 1 0
    outer loop
      vertex 125.5 88.11 44.25
      vertex 125.5 88.11 48
      vertex 125.97835429045637 88.11 44.154849415639106
    endloop
  endfacet
  facet normal 0 1 0
    outer loop
      vertex 126.38388347648319 88.11 43.883883476483184
      vertex 125.5 88.11 48
      vertex 126.6548494156391 88.11 43.47835429045636
    endloop
  endfacet
  facet normal 0 1 0
    outer loop
      vertex 125.97835429045637 88.11 44.154849415639106
      vertex 125.5 88.11 48
      vertex 126.38388347648319 88.11 43.883883476483184
    endloop
  endfacet
  facet normal -0.2902846772544598 0 0.9569403357322096
    outer loop
      vertex 123.58658283817455 88.11 47.61939766255644
      vertex 123.58658283817455 84.11 47.61939766255644
      vertex 124.52454838991936 88.11 47.903926402016154
    endloop
  endfacet
  facet normal 0 1 0
    outer loop
      vertex 123.58658283817455 88.11 47.61939766255644
      vertex 124.52454838991936 88.11 47.903926402016154
      vertex 125.5 88.11 48
    endloop
  endfacet
  facet normal -0.09801714032955905 0 0.995184726672197
    outer loop
      vertex 124.52454838991936 88.11 47.903926402016154
      vertex 124.52454838991936 84.11 47.903926402016154
      vertex 125.5 88.11 48
    endloop
  endfacet
  facet normal 0 1 0
    outer loop
      vertex 125.5 88.11 48
      vertex 126.47545161008064 88.11 47.903926402016154
      vertex 127.41341716182545 88.11 47.61939766255644
    endloop
  endfacet
  facet normal 0.09801714032955905 0 0.995184726672197
    outer loop
      vertex 125.5 88.11 48
      vertex 125.5 84.11 48
      vertex 126.47545161008064 88.11 47.903926402016154
    endloop
  endfacet
  facet normal -0.2902846772544598 0 0.9569403357322096
    outer loop
      vertex 124.52454838991936 88.11 47.903926402016154
      vertex 123.58658283817455 84.11 47.61939766255644
      vertex 124.52454838991936 84.11 47.903926402016154
    endloop
  endfacet
  facet normal -0.09801714032955905 0 0.995184726672197
    outer loop
      vertex 125.5 88.11 48
      vertex 124.52454838991936 84.11 47.903926402016154
      vertex 125.5 84.11 48
    endloop
  endfacet
  facet normal 0.09801714032955905 0 0.995184726672197
    outer loop
      vertex 126.47545161008064 88.11 47.903926402016154
      vertex 125.5 84.11 48
      vertex 126.47545161008064 84.11 47.903926402016154
    endloop
  endfacet
  facet normal 0 1 0
    outer loop
      vertex 125.5 88.11 48
      vertex 130.5 88.11 43
      vertex 126.6548494156391 88.11 43.47835429045636
    endloop
  endfacet
  facet normal 0 1 0
    outer loop
      vertex 125.5 88.11 48
      vertex 129.03553390593274 88.11 46.53553390593274
      vertex 130.5 88.11 43
    endloop
  endfacet
  facet normal 0 1 0
    outer loop
      vertex 125.5 88.11 48
      vertex 127.41341716182545 88.11 47.61939766255644
      vertex 129.03553390593274 88.11 46.53553390593274
    endloop
  endfacet
  facet normal 0.4713967368259985 0 0.8819212643483546
    outer loop
      vertex 127.41341716182545 88.11 47.61939766255644
      vertex 127.41341716182545 84.11 47.61939766255644
      vertex 128.277851165098 88.11 47.15734806151273
    endloop
  endfacet
  facet normal 0.2902846772544598 0 0.9569403357322096
    outer loop
      vertex 126.47545161008064 88.11 47.903926402016154
      vertex 126.47545161008064 84.11 47.903926402016154
      vertex 127.41341716182545 88.11 47.61939766255644
    endloop
  endfacet
  facet normal 0 1 0
    outer loop
      vertex 127.41341716182545 88.11 47.61939766255644
      vertex 128.277851165098 88.11 47.15734806151273
      vertex 129.03553390593274 88.11 46.53553390593274
    endloop
  endfacet
  facet normal 0.6343932841636477 0 0.7730104533627351
    outer loop
      vertex 128.277851165098 88.11 47.15734806151273
      vertex 128.277851165098 84.11 47.15734806151273
      vertex 129.03553390593274 88.11 46.53553390593274
    endloop
  endfacet
  facet normal 0.2902846772544598 3.846902519739792e-18 0.9569403357322096
    outer loop
      vertex 126.47545161008064 84.11 47.903926402016154
      vertex 127.41341716182545 84.11 47.61939766255644
      vertex 127.41341716182545 88.11 47.61939766255644
    endloop
  endfacet
  facet normal 0.4713967368259985 0 0.8819212643483546
    outer loop
      vertex 128.277851165098 88.11 47.15734806151273
      vertex 127.41341716182545 84.11 47.61939766255644
      vertex 128.277851165098 84.11 47.15734806151273
    endloop
  endfacet
  facet normal 0.6343932841636477 0 0.7730104533627351
    outer loop
      vertex 129.03553390593274 88.11 46.53553390593274
      vertex 128.277851165098 84.11 47.15734806151273
      vertex 129.03553390593274 84.11 46.53553390593274
    endloop
  endfacet
  facet normal 0.7730104533627388 -6.625785607765906e-18 -0.6343932841636434
    outer loop
      vertex 129.03553390593274 88.11 39.46446609406726
      vertex 129.65734806151272 88.11 40.222148834901986
      vertex 129.65734806151272 84.11 40.222148834901986
    endloop
  endfacet
  facet normal 0.7730104533627388 0 -0.6343932841636434
    outer loop
      vertex 129.03553390593274 88.11 39.46446609406726
      vertex 129.65734806151272 84.11 40.222148834901986
      vertex 129.03553390593274 84.11 39.46446609406726
    endloop
  endfacet
  facet normal 0.8819212643483576 0 -0.4713967368259928
    outer loop
      vertex 129.65734806151272 88.11 40.222148834901986
      vertex 130.11939766255642 84.11 41.08658283817455
      vertex 129.65734806151272 84.11 40.222148834901986
    endloop
  endfacet
  facet normal 0 1 0
    outer loop
      vertex 129.65734806151272 88.11 40.222148834901986
      vertex 130.5 88.11 43
      vertex 130.11939766255642 88.11 41.08658283817455
    endloop
  endfacet
  facet normal 0.8819212643483576 -4.369425114781561e-19 -0.4713967368259928
    outer loop
      vertex 129.65734806151272 88.11 40.222148834901986
      vertex 130.11939766255642 88.11 41.08658283817455
      vertex 130.11939766255642 84.11 41.08658283817455
    endloop
  endfacet
  facet normal 0 1 0
    outer loop
      vertex 130.11939766255642 88.11 41.08658283817455
      vertex 130.5 88.11 43
      vertex 130.40392640201614 88.11 42.02454838991936
    endloop
  endfacet
  facet normal 0.9569403357322096 -3.846902519739792e-18 -0.2902846772544598
    outer loop
      vertex 130.11939766255642 88.11 41.08658283817455
      vertex 130.40392640201614 88.11 42.02454838991936
      vertex 130.40392640201614 84.11 42.02454838991936
    endloop
  endfacet
  facet normal 0.9569403357322096 0 -0.2902846772544598
    outer loop
      vertex 130.11939766255642 88.11 41.08658283817455
      vertex 130.40392640201614 84.11 42.02454838991936
      vertex 130.11939766255642 84.11 41.08658283817455
    endloop
  endfacet
  facet normal 0.9951847266721957 0 -0.09801714032957341
    outer loop
      vertex 130.40392640201614 88.11 42.02454838991936
      vertex 130.5 84.11 43
      vertex 130.40392640201614 84.11 42.02454838991936
    endloop
  endfacet
  facet normal 0.9951847266721957 -3.9348169199730575e-19 -0.09801714032957341
    outer loop
      vertex 130.40392640201614 88.11 42.02454838991936
      vertex 130.5 88.11 43
      vertex 130.5 84.11 43
    endloop
  endfacet
  facet normal 0.9951847266721957 3.9348169199730575e-19 0.09801714032957341
    outer loop
      vertex 130.5 88.11 43
      vertex 130.40392640201614 88.11 43.97545161008064
      vertex 130.40392640201614 84.11 43.97545161008064
    endloop
  endfacet
  facet normal 0 1 0
    outer loop
      vertex 130.5 88.11 43
      vertex 130.11939766255642 88.11 44.91341716182545
      vertex 130.40392640201614 88.11 43.97545161008064
    endloop
  endfacet
  facet normal 0.9569403357322096 3.846902519739792e-18 0.2902846772544598
    outer loop
      vertex 130.40392640201614 88.11 43.97545161008064
      vertex 130.11939766255642 88.11 44.91341716182545
      vertex 130.11939766255642 84.11 44.91341716182545
    endloop
  endfacet
  facet normal 0.9951847266721957 0 0.09801714032957341
    outer loop
      vertex 130.5 88.11 43
      vertex 130.40392640201614 84.11 43.97545161008064
      vertex 130.5 84.11 43
    endloop
  endfacet
  facet normal 0.9569403357322096 0 0.2902846772544598
    outer loop
      vertex 130.40392640201614 88.11 43.97545161008064
      vertex 130.11939766255642 84.11 44.91341716182545
      vertex 130.40392640201614 84.11 43.97545161008064
    endloop
  endfacet
  facet normal 0 1 0
    outer loop
      vertex 130.5 88.11 43
      vertex 129.03553390593274 88.11 46.53553390593274
      vertex 130.11939766255642 88.11 44.91341716182545
    endloop
  endfacet
  facet normal 0.8819212643483576 0 0.4713967368259928
    outer loop
      vertex 129.65734806151272 88.11 45.777851165098014
      vertex 129.65734806151272 84.11 45.777851165098014
      vertex 130.11939766255642 88.11 44.91341716182545
    endloop
  endfacet
  facet normal 0 1 0
    outer loop
      vertex 129.03553390593274 88.11 46.53553390593274
      vertex 129.65734806151272 88.11 45.777851165098014
      vertex 130.11939766255642 88.11 44.91341716182545
    endloop
  endfacet
  facet normal 0.7730104533627388 0 0.6343932841636434
    outer loop
      vertex 129.03553390593274 88.11 46.53553390593274
      vertex 129.03553390593274 84.11 46.53553390593274
      vertex 129.65734806151272 88.11 45.777851165098014
    endloop
  endfacet
  facet normal 0.8819212643483576 0 0.4713967368259928
    outer loop
      vertex 130.11939766255642 88.11 44.91341716182545
      vertex 129.65734806151272 84.11 45.777851165098014
      vertex 130.11939766255642 84.11 44.91341716182545
    endloop
  endfacet
  facet normal 0.7730104533627388 0 0.6343932841636434
    outer loop
      vertex 129.65734806151272 88.11 45.777851165098014
      vertex 129.03553390593274 84.11 46.53553390593274
      vertex 129.65734806151272 84.11 45.777851165098014
    endloop
  endfacet
  facet normal 0.8314696123025465 0 0.5555702330196003
    outer loop
      vertex 11.34515058436089 88.11 42.52164570954364
      vertex 11.34515058436089 82.11 42.52164570954364
      vertex 11.616116523516816 88.11 42.116116523516816
    endloop
  endfacet
  facet normal 0.5555702330195986 0 0.8314696123025476
    outer loop
      vertex 11.616116523516816 88.11 42.116116523516816
      vertex 11.616116523516816 82.11 42.116116523516816
      vertex 12.021645709543638 88.11 41.845150584360894
    endloop
  endfacet
  facet normal 0.19509032201613336 0 0.9807852804032294
    outer loop
      vertex 12.021645709543638 88.11 41.845150584360894
      vertex 12.021645709543638 82.11 41.845150584360894
      vertex 12.5 88.11 41.75
    endloop
  endfacet
  facet normal -0.19509032201613336 0 0.9807852804032294
    outer loop
      vertex 12.5 88.11 41.75
      vertex 12.5 82.11 41.75
      vertex 12.978354290456362 88.11 41.845150584360894
    endloop
  endfacet
  facet normal -0.5555702330195986 0 0.8314696123025476
    outer loop
      vertex 12.978354290456362 88.11 41.845150584360894
      vertex 12.978354290456362 82.11 41.845150584360894
      vertex 13.383883476483184 88.11 42.116116523516816
    endloop
  endfacet
  facet normal 0.9807852804032305 -7.910362964547886e-19 0.19509032201612775
    outer loop
      vertex 11.34515058436089 88.11 42.52164570954364
      vertex 11.25 88.11 43
      vertex 11.25 82.11 43
    endloop
  endfacet
  facet normal 0.9807852804032305 7.910362964547886e-19 -0.19509032201612775
    outer loop
      vertex 11.25 88.11 43
      vertex 11.34515058436089 88.11 43.47835429045636
      vertex 11.34515058436089 82.11 43.47835429045636
    endloop
  endfacet
  facet normal 0.8314696123025465 -1.9536094116819373e-18 -0.5555702330196003
    outer loop
      vertex 11.34515058436089 88.11 43.47835429045636
      vertex 11.616116523516816 88.11 43.883883476483184
      vertex 11.616116523516816 82.11 43.883883476483184
    endloop
  endfacet
  facet normal 0.5555702330195986 1.9220633412957614e-18 -0.8314696123025476
    outer loop
      vertex 11.616116523516816 88.11 43.883883476483184
      vertex 12.021645709543638 88.11 44.154849415639106
      vertex 12.021645709543638 82.11 44.154849415639106
    endloop
  endfacet
  facet normal 0.19509032201613336 -7.56371843176981e-20 -0.9807852804032294
    outer loop
      vertex 12.021645709543638 88.11 44.154849415639106
      vertex 12.5 88.11 44.25
      vertex 12.5 82.11 44.25
    endloop
  endfacet
  facet normal -0.5555702330195986 -1.9220633412957614e-18 -0.8314696123025476
    outer loop
      vertex 12.978354290456362 88.11 44.154849415639106
      vertex 13.383883476483184 88.11 43.883883476483184
      vertex 13.383883476483184 82.11 43.883883476483184
    endloop
  endfacet
  facet normal -0.19509032201613336 7.56371843176981e-20 -0.9807852804032294
    outer loop
      vertex 12.5 88.11 44.25
      vertex 12.978354290456362 88.11 44.154849415639106
      vertex 12.978354290456362 82.11 44.154849415639106
    endloop
  endfacet
  facet normal -0.8314696123025465 0 0.5555702330196003
    outer loop
      vertex 13.383883476483184 88.11 42.116116523516816
      vertex 13.383883476483184 82.11 42.116116523516816
      vertex 13.65484941563911 88.11 42.52164570954364
    endloop
  endfacet
  facet normal -0.9807852804032305 0 0.19509032201612775
    outer loop
      vertex 13.65484941563911 88.11 42.52164570954364
      vertex 13.65484941563911 82.11 42.52164570954364
      vertex 13.75 88.11 43
    endloop
  endfacet
  facet normal -0.9807852804032305 -7.910362964547886e-19 -0.19509032201612775
    outer loop
      vertex 13.65484941563911 88.11 43.47835429045636
      vertex 13.75 88.11 43
      vertex 13.75 82.11 43
    endloop
  endfacet
  facet normal -0.8314696123025465 0 -0.5555702330196003
    outer loop
      vertex 13.65484941563911 88.11 43.47835429045636
      vertex 13.65484941563911 82.11 43.47835429045636
      vertex 13.383883476483184 88.11 43.883883476483184
    endloop
  endfacet
  facet normal 0.5555702330195986 0 0.8314696123025476
    outer loop
      vertex 12.021645709543638 88.11 41.845150584360894
      vertex 11.616116523516816 82.11 42.116116523516816
      vertex 12.021645709543638 82.11 41.845150584360894
    endloop
  endfacet
  facet normal 0.8314696123025465 0 0.5555702330196003
    outer loop
      vertex 11.616116523516816 88.11 42.116116523516816
      vertex 11.34515058436089 82.11 42.52164570954364
      vertex 11.616116523516816 82.11 42.116116523516816
    endloop
  endfacet
  facet normal 0.19509032201613336 0 0.9807852804032294
    outer loop
      vertex 12.5 88.11 41.75
      vertex 12.021645709543638 82.11 41.845150584360894
      vertex 12.5 82.11 41.75
    endloop
  endfacet
  facet normal -0.19509032201613336 0 0.9807852804032294
    outer loop
      vertex 12.978354290456362 88.11 41.845150584360894
      vertex 12.5 82.11 41.75
      vertex 12.978354290456362 82.11 41.845150584360894
    endloop
  endfacet
  facet normal -0.5555702330195986 0 0.8314696123025476
    outer loop
      vertex 13.383883476483184 88.11 42.116116523516816
      vertex 12.978354290456362 82.11 41.845150584360894
      vertex 13.383883476483184 82.11 42.116116523516816
    endloop
  endfacet
  facet normal 0.9807852804032305 0 0.19509032201612775
    outer loop
      vertex 11.34515058436089 88.11 42.52164570954364
      vertex 11.25 82.11 43
      vertex 11.34515058436089 82.11 42.52164570954364
    endloop
  endfacet
  facet normal 0.9807852804032305 0 -0.19509032201612775
    outer loop
      vertex 11.25 88.11 43
      vertex 11.34515058436089 82.11 43.47835429045636
      vertex 11.25 82.11 43
    endloop
  endfacet
  facet normal 0.8314696123025465 0 -0.5555702330196003
    outer loop
      vertex 11.34515058436089 88.11 43.47835429045636
      vertex 11.616116523516816 82.11 43.883883476483184
      vertex 11.34515058436089 82.11 43.47835429045636
    endloop
  endfacet
  facet normal 0.5555702330195986 0 -0.8314696123025476
    outer loop
      vertex 11.616116523516816 88.11 43.883883476483184
      vertex 12.021645709543638 82.11 44.154849415639106
      vertex 11.616116523516816 82.11 43.883883476483184
    endloop
  endfacet
  facet normal 0.19509032201613336 0 -0.9807852804032294
    outer loop
      vertex 12.021645709543638 88.11 44.154849415639106
      vertex 12.5 82.11 44.25
      vertex 12.021645709543638 82.11 44.154849415639106
    endloop
  endfacet
  facet normal -0.19509032201613336 0 -0.9807852804032294
    outer loop
      vertex 12.5 88.11 44.25
      vertex 12.978354290456362 82.11 44.154849415639106
      vertex 12.5 82.11 44.25
    endloop
  endfacet
  facet normal -0.5555702330195986 0 -0.8314696123025476
    outer loop
      vertex 12.978354290456362 88.11 44.154849415639106
      vertex 13.383883476483184 82.11 43.883883476483184
      vertex 12.978354290456362 82.11 44.154849415639106
    endloop
  endfacet
  facet normal -0.8314696123025465 0 0.5555702330196003
    outer loop
      vertex 13.65484941563911 88.11 42.52164570954364
      vertex 13.383883476483184 82.11 42.116116523516816
      vertex 13.65484941563911 82.11 42.52164570954364
    endloop
  endfacet
  facet normal -0.9807852804032305 0 0.19509032201612775
    outer loop
      vertex 13.75 88.11 43
      vertex 13.65484941563911 82.11 42.52164570954364
      vertex 13.75 82.11 43
    endloop
  endfacet
  facet normal -0.9807852804032305 0 -0.19509032201612775
    outer loop
      vertex 13.65484941563911 88.11 43.47835429045636
      vertex 13.75 82.11 43
      vertex 13.65484941563911 82.11 43.47835429045636
    endloop
  endfacet
  facet normal -0.8314696123025465 0 -0.5555702330196003
    outer loop
      vertex 13.383883476483184 88.11 43.883883476483184
      vertex 13.65484941563911 82.11 43.47835429045636
      vertex 13.383883476483184 82.11 43.883883476483184
    endloop
  endfacet
  facet normal 0.8314696123025567 0 0.5555702330195852
    outer loop
      vertex 124.3451505843609 88.11 42.52164570954364
      vertex 124.3451505843609 82.11 42.52164570954364
      vertex 124.61611652351681 88.11 42.116116523516816
    endloop
  endfacet
  facet normal 0.5555702330195953 0 0.8314696123025499
    outer loop
      vertex 124.61611652351681 88.11 42.116116523516816
      vertex 124.61611652351681 82.11 42.116116523516816
      vertex 125.02164570954363 88.11 41.845150584360894
    endloop
  endfacet
  facet normal 0.19509032201613197 0 0.9807852804032298
    outer loop
      vertex 125.02164570954363 88.11 41.845150584360894
      vertex 125.02164570954363 82.11 41.845150584360894
      vertex 125.5 88.11 41.75
    endloop
  endfacet
  facet normal -0.19509032201613197 0 0.9807852804032298
    outer loop
      vertex 125.5 88.11 41.75
      vertex 125.5 82.11 41.75
      vertex 125.97835429045637 88.11 41.845150584360894
    endloop
  endfacet
  facet normal -0.5555702330195953 0 0.8314696123025499
    outer loop
      vertex 125.97835429045637 88.11 41.845150584360894
      vertex 125.97835429045637 82.11 41.845150584360894
      vertex 126.38388347648319 88.11 42.116116523516816
    endloop
  endfacet
  facet normal -0.8314696123025567 0 0.5555702330195852
    outer loop
      vertex 126.38388347648319 88.11 42.116116523516816
      vertex 126.38388347648319 82.11 42.116116523516816
      vertex 126.6548494156391 88.11 42.52164570954364
    endloop
  endfacet
  facet normal 0.9807852804032292 -5.951696045097941e-19 0.19509032201613477
    outer loop
      vertex 124.3451505843609 88.11 42.52164570954364
      vertex 124.25 88.11 43
      vertex 124.25 82.11 43
    endloop
  endfacet
  facet normal 0.9807852804032292 5.951696045097941e-19 -0.19509032201613477
    outer loop
      vertex 124.25 88.11 43
      vertex 124.3451505843609 88.11 43.47835429045636
      vertex 124.3451505843609 82.11 43.47835429045636
    endloop
  endfacet
  facet normal 0.8314696123025567 6.716829512634355e-19 -0.5555702330195852
    outer loop
      vertex 124.3451505843609 88.11 43.47835429045636
      vertex 124.61611652351681 88.11 43.883883476483184
      vertex 124.61611652351681 82.11 43.883883476483184
    endloop
  endfacet
  facet normal 0.5555702330195953 -1.0785119573668205e-18 -0.8314696123025499
    outer loop
      vertex 124.61611652351681 88.11 43.883883476483184
      vertex 125.02164570954363 88.11 44.154849415639106
      vertex 125.02164570954363 82.11 44.154849415639106
    endloop
  endfacet
  facet normal 0.19509032201613197 -7.464439731451807e-19 -0.9807852804032298
    outer loop
      vertex 125.02164570954363 88.11 44.154849415639106
      vertex 125.5 88.11 44.25
      vertex 125.5 82.11 44.25
    endloop
  endfacet
  facet normal -0.19509032201613197 7.464439731451807e-19 -0.9807852804032298
    outer loop
      vertex 125.5 88.11 44.25
      vertex 125.97835429045637 88.11 44.154849415639106
      vertex 125.97835429045637 82.11 44.154849415639106
    endloop
  endfacet
  facet normal -0.5555702330195953 1.0785119573668205e-18 -0.8314696123025499
    outer loop
      vertex 125.97835429045637 88.11 44.154849415639106
      vertex 126.38388347648319 88.11 43.883883476483184
      vertex 126.38388347648319 82.11 43.883883476483184
    endloop
  endfacet
  facet normal -0.9807852804032292 0 0.19509032201613477
    outer loop
      vertex 126.6548494156391 88.11 42.52164570954364
      vertex 126.6548494156391 82.11 42.52164570954364
      vertex 126.75 88.11 43
    endloop
  endfacet
  facet normal -0.9807852804032292 0 -0.19509032201613477
    outer loop
      vertex 126.75 88.11 43
      vertex 126.75 82.11 43
      vertex 126.6548494156391 88.11 43.47835429045636
    endloop
  endfacet
  facet normal -0.8314696123025567 -6.716829512634355e-19 -0.5555702330195852
    outer loop
      vertex 126.38388347648319 88.11 43.883883476483184
      vertex 126.6548494156391 88.11 43.47835429045636
      vertex 126.6548494156391 82.11 43.47835429045636
    endloop
  endfacet
  facet normal 0.5555702330195953 0 0.8314696123025499
    outer loop
      vertex 125.02164570954363 88.11 41.845150584360894
      vertex 124.61611652351681 82.11 42.116116523516816
      vertex 125.02164570954363 82.11 41.845150584360894
    endloop
  endfacet
  facet normal 0.8314696123025567 0 0.5555702330195852
    outer loop
      vertex 124.61611652351681 88.11 42.116116523516816
      vertex 124.3451505843609 82.11 42.52164570954364
      vertex 124.61611652351681 82.11 42.116116523516816
    endloop
  endfacet
  facet normal 0.19509032201613197 0 0.9807852804032298
    outer loop
      vertex 125.5 88.11 41.75
      vertex 125.02164570954363 82.11 41.845150584360894
      vertex 125.5 82.11 41.75
    endloop
  endfacet
  facet normal -0.19509032201613197 0 0.9807852804032298
    outer loop
      vertex 125.97835429045637 88.11 41.845150584360894
      vertex 125.5 82.11 41.75
      vertex 125.97835429045637 82.11 41.845150584360894
    endloop
  endfacet
  facet normal -0.5555702330195953 0 0.8314696123025499
    outer loop
      vertex 126.38388347648319 88.11 42.116116523516816
      vertex 125.97835429045637 82.11 41.845150584360894
      vertex 126.38388347648319 82.11 42.116116523516816
    endloop
  endfacet
  facet normal 0.9807852804032292 0 0.19509032201613477
    outer loop
      vertex 124.3451505843609 88.11 42.52164570954364
      vertex 124.25 82.11 43
      vertex 124.3451505843609 82.11 42.52164570954364
    endloop
  endfacet
  facet normal 0.9807852804032292 0 -0.19509032201613477
    outer loop
      vertex 124.25 88.11 43
      vertex 124.3451505843609 82.11 43.47835429045636
      vertex 124.25 82.11 43
    endloop
  endfacet
  facet normal 0.8314696123025567 0 -0.5555702330195852
    outer loop
      vertex 124.3451505843609 88.11 43.47835429045636
      vertex 124.61611652351681 82.11 43.883883476483184
      vertex 124.3451505843609 82.11 43.47835429045636
    endloop
  endfacet
  facet normal 0.5555702330195953 0 -0.8314696123025499
    outer loop
      vertex 124.61611652351681 88.11 43.883883476483184
      vertex 125.02164570954363 82.11 44.154849415639106
      vertex 124.61611652351681 82.11 43.883883476483184
    endloop
  endfacet
  facet normal 0.19509032201613197 0 -0.9807852804032298
    outer loop
      vertex 125.02164570954363 88.11 44.154849415639106
      vertex 125.5 82.11 44.25
      vertex 125.02164570954363 82.11 44.154849415639106
    endloop
  endfacet
  facet normal -0.19509032201613197 0 -0.9807852804032298
    outer loop
      vertex 125.5 88.11 44.25
      vertex 125.97835429045637 82.11 44.154849415639106
      vertex 125.5 82.11 44.25
    endloop
  endfacet
  facet normal -0.5555702330195953 0 -0.8314696123025499
    outer loop
      vertex 125.97835429045637 88.11 44.154849415639106
      vertex 126.38388347648319 82.11 43.883883476483184
      vertex 125.97835429045637 82.11 44.154849415639106
    endloop
  endfacet
  facet normal -0.8314696123025567 0 -0.5555702330195852
    outer loop
      vertex 126.38388347648319 88.11 43.883883476483184
      vertex 126.6548494156391 82.11 43.47835429045636
      vertex 126.38388347648319 82.11 43.883883476483184
    endloop
  endfacet
  facet normal -0.8314696123025567 6.716829512634355e-19 0.5555702330195852
    outer loop
      vertex 126.38388347648319 82.11 42.116116523516816
      vertex 126.6548494156391 82.11 42.52164570954364
      vertex 126.6548494156391 88.11 42.52164570954364
    endloop
  endfacet
  facet normal -0.9807852804032292 0 0.19509032201613477
    outer loop
      vertex 126.75 88.11 43
      vertex 126.6548494156391 82.11 42.52164570954364
      vertex 126.75 82.11 43
    endloop
  endfacet
  facet normal -0.9807852804032292 0 -0.19509032201613477
    outer loop
      vertex 126.6548494156391 88.11 43.47835429045636
      vertex 126.75 82.11 43
      vertex 126.6548494156391 82.11 43.47835429045636
    endloop
  endfacet
  facet normal 0.7730104533627391 1.1209620961748304e-17 0.6343932841636426
    outer loop
      vertex 9.67157287525381 38.11 40.17157287525381
      vertex 9.174121550789819 38.11 40.777719067921595
      vertex 9.174121550789819 35.11 40.777719067921595
    endloop
  endfacet
  facet normal 0.47139673682599603 0 0.8819212643483559
    outer loop
      vertex 10.277719067921591 38.11 39.67412155078982
      vertex 10.277719067921591 35.11 39.67412155078982
      vertex 10.969266270539642 38.11 39.304481869954856
    endloop
  endfacet
  facet normal 0.47139673682599603 0 0.8819212643483559
    outer loop
      vertex 10.969266270539642 38.11 39.304481869954856
      vertex 10.277719067921591 35.11 39.67412155078982
      vertex 10.969266270539642 35.11 39.304481869954856
    endloop
  endfacet
  facet normal 0.6343932841636434 0 0.7730104533627388
    outer loop
      vertex 9.67157287525381 38.11 40.17157287525381
      vertex 9.67157287525381 35.11 40.17157287525381
      vertex 10.277719067921591 38.11 39.67412155078982
    endloop
  endfacet
  facet normal 0.6343932841636434 0 0.7730104533627388
    outer loop
      vertex 10.277719067921591 38.11 39.67412155078982
      vertex 9.67157287525381 35.11 40.17157287525381
      vertex 10.277719067921591 35.11 39.67412155078982
    endloop
  endfacet
  facet normal 0.7730104533627391 0 0.6343932841636426
    outer loop
      vertex 9.67157287525381 38.11 40.17157287525381
      vertex 9.174121550789819 35.11 40.777719067921595
      vertex 9.67157287525381 35.11 40.17157287525381
    endloop
  endfacet
  facet normal 0.881921264348354 0 0.47139673682599975
    outer loop
      vertex 8.804481869954852 38.11 41.46926627053964
      vertex 8.804481869954852 35.11 41.46926627053964
      vertex 9.174121550789819 38.11 40.777719067921595
    endloop
  endfacet
  facet normal 0.881921264348354 0 0.47139673682599975
    outer loop
      vertex 9.174121550789819 38.11 40.777719067921595
      vertex 8.804481869954852 35.11 41.46926627053964
      vertex 9.174121550789819 35.11 40.777719067921595
    endloop
  endfacet
  facet normal 0.9569403357322092 -5.751415786264565e-18 0.2902846772544611
    outer loop
      vertex 8.804481869954852 38.11 41.46926627053964
      vertex 8.576858878387078 38.11 42.21963871193549
      vertex 8.576858878387078 35.11 42.21963871193549
    endloop
  endfacet
  facet normal 0.9569403357322092 0 0.2902846772544611
    outer loop
      vertex 8.804481869954852 38.11 41.46926627053964
      vertex 8.576858878387078 35.11 42.21963871193549
      vertex 8.804481869954852 35.11 41.46926627053964
    endloop
  endfacet
  facet normal 0.9951847266721968 0 0.09801714032956084
    outer loop
      vertex 8.576858878387078 38.11 42.21963871193549
      vertex 8.5 35.11 43
      vertex 8.576858878387078 35.11 42.21963871193549
    endloop
  endfacet
  facet normal 0.9951847266721968 -9.786105958449331e-19 0.09801714032956084
    outer loop
      vertex 8.576858878387078 38.11 42.21963871193549
      vertex 8.5 38.11 43
      vertex 8.5 35.11 43
    endloop
  endfacet
  facet normal 0.9951847266721968 9.786105958449331e-19 -0.09801714032956084
    outer loop
      vertex 8.5 38.11 43
      vertex 8.576858878387078 38.11 43.78036128806451
      vertex 8.576858878387078 35.11 43.78036128806451
    endloop
  endfacet
  facet normal 0.9951847266721968 0 -0.09801714032956084
    outer loop
      vertex 8.5 38.11 43
      vertex 8.576858878387078 35.11 43.78036128806451
      vertex 8.5 35.11 43
    endloop
  endfacet
  facet normal 0.9569403357322092 5.751415786264565e-18 -0.2902846772544611
    outer loop
      vertex 8.576858878387078 38.11 43.78036128806451
      vertex 8.804481869954852 38.11 44.53073372946036
      vertex 8.804481869954852 35.11 44.53073372946036
    endloop
  endfacet
  facet normal 0.9569403357322092 0 -0.2902846772544611
    outer loop
      vertex 8.576858878387078 38.11 43.78036128806451
      vertex 8.804481869954852 35.11 44.53073372946036
      vertex 8.576858878387078 35.11 43.78036128806451
    endloop
  endfacet
  facet normal 0.881921264348354 -4.515417490524358e-18 -0.47139673682599975
    outer loop
      vertex 8.804481869954852 38.11 44.53073372946036
      vertex 9.174121550789819 38.11 45.222280932078405
      vertex 9.174121550789819 35.11 45.222280932078405
    endloop
  endfacet
  facet normal 0.881921264348354 0 -0.47139673682599975
    outer loop
      vertex 8.804481869954852 38.11 44.53073372946036
      vertex 9.174121550789819 35.11 45.222280932078405
      vertex 8.804481869954852 35.11 44.53073372946036
    endloop
  endfacet
  facet normal 0.7730104533627391 0 -0.6343932841636426
    outer loop
      vertex 9.174121550789819 38.11 45.222280932078405
      vertex 9.67157287525381 35.11 45.82842712474619
      vertex 9.174121550789819 35.11 45.222280932078405
    endloop
  endfacet
  facet normal 0.7730104533627391 -1.1209620961748304e-17 -0.6343932841636426
    outer loop
      vertex 9.174121550789819 38.11 45.222280932078405
      vertex 9.67157287525381 38.11 45.82842712474619
      vertex 9.67157287525381 35.11 45.82842712474619
    endloop
  endfacet
  facet normal 0.7077320571552914 0 -0.7064809518130968
    outer loop
      vertex 9.67157287525381 38.11 45.82842712474619
      vertex 12.495 35.11 48.65685424949238
      vertex 9.67157287525381 35.11 45.82842712474619
    endloop
  endfacet
  facet normal 0.29028467725446594 0 0.9569403357322078
    outer loop
      vertex 10.969266270539642 38.11 39.304481869954856
      vertex 10.969266270539642 35.11 39.304481869954856
      vertex 11.719638711935486 38.11 39.07685887838708
    endloop
  endfacet
  facet normal 0.09801714032956062 0 0.9951847266721968
    outer loop
      vertex 11.719638711935486 38.11 39.07685887838708
      vertex 11.719638711935486 35.11 39.07685887838708
      vertex 12.5 38.11 39
    endloop
  endfacet
  facet normal 0.29028467725446594 0 0.9569403357322078
    outer loop
      vertex 11.719638711935486 38.11 39.07685887838708
      vertex 10.969266270539642 35.11 39.304481869954856
      vertex 11.719638711935486 35.11 39.07685887838708
    endloop
  endfacet
  facet normal -0.09801714032956062 0 0.9951847266721968
    outer loop
      vertex 12.5 38.11 39
      vertex 12.5 35.11 39
      vertex 13.280361288064514 38.11 39.07685887838708
    endloop
  endfacet
  facet normal 0.09801714032956062 0 0.9951847266721968
    outer loop
      vertex 12.5 38.11 39
      vertex 11.719638711935486 35.11 39.07685887838708
      vertex 12.5 35.11 39
    endloop
  endfacet
  facet normal -0.09801714032956062 2.2534708222989726e-20 0.9951847266721968
    outer loop
      vertex 12.5 35.11 39
      vertex 13.280361288064514 35.11 39.07685887838708
      vertex 13.280361288064514 38.11 39.07685887838708
    endloop
  endfacet
  facet normal -0.29028467725446594 0 0.9569403357322078
    outer loop
      vertex 13.280361288064514 38.11 39.07685887838708
      vertex 13.280361288064514 35.11 39.07685887838708
      vertex 14.030733729460358 38.11 39.304481869954856
    endloop
  endfacet
  facet normal -0.47139673682599603 0 0.8819212643483559
    outer loop
      vertex 14.030733729460358 38.11 39.304481869954856
      vertex 14.030733729460358 35.11 39.304481869954856
      vertex 14.722280932078409 38.11 39.67412155078982
    endloop
  endfacet
  facet normal -0.29028467725446594 0 0.9569403357322078
    outer loop
      vertex 14.030733729460358 38.11 39.304481869954856
      vertex 13.280361288064514 35.11 39.07685887838708
      vertex 14.030733729460358 35.11 39.304481869954856
    endloop
  endfacet
  facet normal -0.47139673682599603 0 0.8819212643483559
    outer loop
      vertex 14.722280932078409 38.11 39.67412155078982
      vertex 14.030733729460358 35.11 39.304481869954856
      vertex 14.722280932078409 35.11 39.67412155078982
    endloop
  endfacet
  facet normal -0.6343932841636434 0 0.7730104533627388
    outer loop
      vertex 14.722280932078409 38.11 39.67412155078982
      vertex 14.722280932078409 35.11 39.67412155078982
      vertex 15.32842712474619 38.11 40.17157287525381
    endloop
  endfacet
  facet normal -0.7730104533627391 0 0.6343932841636426
    outer loop
      vertex 15.32842712474619 38.11 40.17157287525381
      vertex 15.32842712474619 35.11 40.17157287525381
      vertex 15.825878449210181 38.11 40.777719067921595
    endloop
  endfacet
  facet normal -0.6343932841636434 0 0.7730104533627388
    outer loop
      vertex 15.32842712474619 38.11 40.17157287525381
      vertex 14.722280932078409 35.11 39.67412155078982
      vertex 15.32842712474619 35.11 40.17157287525381
    endloop
  endfacet
  facet normal -0.7730104533627391 -1.1209620961748304e-17 0.6343932841636426
    outer loop
      vertex 15.32842712474619 35.11 40.17157287525381
      vertex 15.825878449210181 35.11 40.777719067921595
      vertex 15.825878449210181 38.11 40.777719067921595
    endloop
  endfacet
  facet normal -0.881921264348354 0 0.47139673682599975
    outer loop
      vertex 15.825878449210181 38.11 40.777719067921595
      vertex 15.825878449210181 35.11 40.777719067921595
      vertex 16.195518130045148 38.11 41.46926627053964
    endloop
  endfacet
  facet normal -0.881921264348354 0 0.47139673682599975
    outer loop
      vertex 16.195518130045148 38.11 41.46926627053964
      vertex 15.825878449210181 35.11 40.777719067921595
      vertex 16.195518130045148 35.11 41.46926627053964
    endloop
  endfacet
  facet normal 0.7077320571552914 9.69274788053242e-18 -0.7064809518130968
    outer loop
      vertex 9.67157287525381 38.11 45.82842712474619
      vertex 12.495 38.11 48.65685424949238
      vertex 12.495 35.11 48.65685424949238
    endloop
  endfacet
  facet normal -0.7077320571552914 0 -0.7064809518130968
    outer loop
      vertex 12.505 38.11 48.65685424949238
      vertex 15.32842712474619 35.11 45.82842712474619
      vertex 12.505 35.11 48.65685424949238
    endloop
  endfacet
  facet normal -0.7071067811861708 0 -0.7071067811869244
    outer loop
      vertex 12.505 38.11 48.65685424949238
      vertex 12.505 35.11 48.65685424949238
      vertex 12.5 38.11 48.66185424949238
    endloop
  endfacet
  facet normal 0.7071067811861708 3.092141706890877e-20 -0.7071067811869244
    outer loop
      vertex 12.495 38.11 48.65685424949238
      vertex 12.5 38.11 48.66185424949238
      vertex 12.5 35.11 48.66185424949238
    endloop
  endfacet
  facet normal 0.7071067811861708 0 -0.7071067811869244
    outer loop
      vertex 12.495 38.11 48.65685424949238
      vertex 12.5 35.11 48.66185424949238
      vertex 12.495 35.11 48.65685424949238
    endloop
  endfacet
  facet normal -0.7071067811861708 0 -0.7071067811869244
    outer loop
      vertex 12.5 38.11 48.66185424949238
      vertex 12.505 35.11 48.65685424949238
      vertex 12.5 35.11 48.66185424949238
    endloop
  endfacet
  facet normal -0.881921264348354 0 -0.47139673682599975
    outer loop
      vertex 16.195518130045148 38.11 44.53073372946036
      vertex 16.195518130045148 35.11 44.53073372946036
      vertex 15.825878449210181 38.11 45.222280932078405
    endloop
  endfacet
  facet normal -0.7730104533627391 1.1209620961748304e-17 -0.6343932841636426
    outer loop
      vertex 15.32842712474619 38.11 45.82842712474619
      vertex 15.825878449210181 38.11 45.222280932078405
      vertex 15.825878449210181 35.11 45.222280932078405
    endloop
  endfacet
  facet normal -0.881921264348354 4.515417490524358e-18 -0.47139673682599975
    outer loop
      vertex 16.195518130045148 35.11 44.53073372946036
      vertex 15.825878449210181 35.11 45.222280932078405
      vertex 15.825878449210181 38.11 45.222280932078405
    endloop
  endfacet
  facet normal -0.7730104533627391 0 -0.6343932841636426
    outer loop
      vertex 15.32842712474619 38.11 45.82842712474619
      vertex 15.825878449210181 35.11 45.222280932078405
      vertex 15.32842712474619 35.11 45.82842712474619
    endloop
  endfacet
  facet normal -0.7077320571552914 -9.69274788053242e-18 -0.7064809518130968
    outer loop
      vertex 12.505 38.11 48.65685424949238
      vertex 15.32842712474619 38.11 45.82842712474619
      vertex 15.32842712474619 35.11 45.82842712474619
    endloop
  endfacet
  facet normal -0.9569403357322092 0 0.2902846772544611
    outer loop
      vertex 16.195518130045148 38.11 41.46926627053964
      vertex 16.195518130045148 35.11 41.46926627053964
      vertex 16.42314112161292 38.11 42.21963871193549
    endloop
  endfacet
  facet normal -0.9951847266721968 0 0.09801714032956084
    outer loop
      vertex 16.42314112161292 38.11 42.21963871193549
      vertex 16.42314112161292 35.11 42.21963871193549
      vertex 16.5 38.11 43
    endloop
  endfacet
  facet normal -0.9569403357322092 0 0.2902846772544611
    outer loop
      vertex 16.42314112161292 38.11 42.21963871193549
      vertex 16.195518130045148 35.11 41.46926627053964
      vertex 16.42314112161292 35.11 42.21963871193549
    endloop
  endfacet
  facet normal -0.9951847266721968 0 -0.09801714032956084
    outer loop
      vertex 16.5 38.11 43
      vertex 16.5 35.11 43
      vertex 16.42314112161292 38.11 43.78036128806451
    endloop
  endfacet
  facet normal -0.9951847266721968 0 0.09801714032956084
    outer loop
      vertex 16.5 38.11 43
      vertex 16.42314112161292 35.11 42.21963871193549
      vertex 16.5 35.11 43
    endloop
  endfacet
  facet normal -0.9951847266721968 0 -0.09801714032956084
    outer loop
      vertex 16.42314112161292 38.11 43.78036128806451
      vertex 16.5 35.11 43
      vertex 16.42314112161292 35.11 43.78036128806451
    endloop
  endfacet
  facet normal -0.9569403357322092 -5.751415786264565e-18 -0.2902846772544611
    outer loop
      vertex 16.195518130045148 38.11 44.53073372946036
      vertex 16.42314112161292 38.11 43.78036128806451
      vertex 16.42314112161292 35.11 43.78036128806451
    endloop
  endfacet
  facet normal -0.9569403357322092 0 -0.2902846772544611
    outer loop
      vertex 16.195518130045148 38.11 44.53073372946036
      vertex 16.42314112161292 35.11 43.78036128806451
      vertex 16.195518130045148 35.11 44.53073372946036
    endloop
  endfacet
  facet normal 0.7730104533627371 -7.511646864392499e-18 0.6343932841636455
    outer loop
      vertex 122.67157287525382 38.11 40.17157287525381
      vertex 122.17412155078982 38.11 40.777719067921595
      vertex 122.17412155078982 35.11 40.777719067921595
    endloop
  endfacet
  facet normal 0.47139673682600164 0 0.8819212643483528
    outer loop
      vertex 123.2777190679216 38.11 39.67412155078982
      vertex 123.2777190679216 35.11 39.67412155078982
      vertex 123.96926627053963 38.11 39.304481869954856
    endloop
  endfacet
  facet normal 0.47139673682600164 0 0.8819212643483528
    outer loop
      vertex 123.96926627053963 38.11 39.304481869954856
      vertex 123.2777190679216 35.11 39.67412155078982
      vertex 123.96926627053963 35.11 39.304481869954856
    endloop
  endfacet
  facet normal 0.6343932841636445 0 0.7730104533627378
    outer loop
      vertex 122.67157287525382 38.11 40.17157287525381
      vertex 122.67157287525382 35.11 40.17157287525381
      vertex 123.2777190679216 38.11 39.67412155078982
    endloop
  endfacet
  facet normal 0.6343932841636445 0 0.7730104533627378
    outer loop
      vertex 123.2777190679216 38.11 39.67412155078982
      vertex 122.67157287525382 35.11 40.17157287525381
      vertex 123.2777190679216 35.11 39.67412155078982
    endloop
  endfacet
  facet normal 0.7730104533627371 0 0.6343932841636455
    outer loop
      vertex 122.67157287525382 38.11 40.17157287525381
      vertex 122.17412155078982 35.11 40.777719067921595
      vertex 122.67157287525382 35.11 40.17157287525381
    endloop
  endfacet
  facet normal 0.2902846772544627 0 0.9569403357322087
    outer loop
      vertex 123.96926627053963 38.11 39.304481869954856
      vertex 123.96926627053963 35.11 39.304481869954856
      vertex 124.71963871193549 38.11 39.07685887838708
    endloop
  endfacet
  facet normal 0.09801714032956084 0 0.9951847266721968
    outer loop
      vertex 124.71963871193549 38.11 39.07685887838708
      vertex 124.71963871193549 35.11 39.07685887838708
      vertex 125.5 38.11 39
    endloop
  endfacet
  facet normal 0.2902846772544627 0 0.9569403357322087
    outer loop
      vertex 124.71963871193549 38.11 39.07685887838708
      vertex 123.96926627053963 35.11 39.304481869954856
      vertex 124.71963871193549 35.11 39.07685887838708
    endloop
  endfacet
  facet normal -0.09801714032956084 0 0.9951847266721968
    outer loop
      vertex 125.5 38.11 39
      vertex 125.5 35.11 39
      vertex 126.28036128806451 38.11 39.07685887838708
    endloop
  endfacet
  facet normal -0.2902846772544627 0 0.9569403357322087
    outer loop
      vertex 126.28036128806451 38.11 39.07685887838708
      vertex 126.28036128806451 35.11 39.07685887838708
      vertex 127.03073372946037 38.11 39.304481869954856
    endloop
  endfacet
  facet normal 0.09801714032956084 0 0.9951847266721968
    outer loop
      vertex 125.5 38.11 39
      vertex 124.71963871193549 35.11 39.07685887838708
      vertex 125.5 35.11 39
    endloop
  endfacet
  facet normal -0.09801714032956084 0 0.9951847266721968
    outer loop
      vertex 126.28036128806451 38.11 39.07685887838708
      vertex 125.5 35.11 39
      vertex 126.28036128806451 35.11 39.07685887838708
    endloop
  endfacet
  facet normal -0.47139673682600164 0 0.8819212643483528
    outer loop
      vertex 127.03073372946037 38.11 39.304481869954856
      vertex 127.03073372946037 35.11 39.304481869954856
      vertex 127.7222809320784 38.11 39.67412155078982
    endloop
  endfacet
  facet normal -0.2902846772544627 -2.281682690323639e-18 0.9569403357322087
    outer loop
      vertex 126.28036128806451 35.11 39.07685887838708
      vertex 127.03073372946037 35.11 39.304481869954856
      vertex 127.03073372946037 38.11 39.304481869954856
    endloop
  endfacet
  facet normal -0.47139673682600164 0 0.8819212643483528
    outer loop
      vertex 127.7222809320784 38.11 39.67412155078982
      vertex 127.03073372946037 35.11 39.304481869954856
      vertex 127.7222809320784 35.11 39.67412155078982
    endloop
  endfacet
  facet normal -0.6343932841636445 0 0.7730104533627378
    outer loop
      vertex 127.7222809320784 38.11 39.67412155078982
      vertex 127.7222809320784 35.11 39.67412155078982
      vertex 128.32842712474618 38.11 40.17157287525381
    endloop
  endfacet
  facet normal -0.7730104533627282 0 0.6343932841636564
    outer loop
      vertex 128.32842712474618 38.11 40.17157287525381
      vertex 128.32842712474618 35.11 40.17157287525381
      vertex 128.8258784492102 38.11 40.777719067921595
    endloop
  endfacet
  facet normal -0.6343932841636445 0 0.7730104533627378
    outer loop
      vertex 128.32842712474618 38.11 40.17157287525381
      vertex 127.7222809320784 35.11 39.67412155078982
      vertex 128.32842712474618 35.11 40.17157287525381
    endloop
  endfacet
  facet normal -0.7730104533627282 1.1604060062662024e-17 0.6343932841636564
    outer loop
      vertex 128.32842712474618 35.11 40.17157287525381
      vertex 128.8258784492102 35.11 40.777719067921595
      vertex 128.8258784492102 38.11 40.777719067921595
    endloop
  endfacet
  facet normal 0.8819212643483548 0 0.4713967368259979
    outer loop
      vertex 121.80448186995486 38.11 41.46926627053964
      vertex 121.80448186995486 35.11 41.46926627053964
      vertex 122.17412155078982 38.11 40.777719067921595
    endloop
  endfacet
  facet normal 0.8819212643483548 0 0.4713967368259979
    outer loop
      vertex 122.17412155078982 38.11 40.777719067921595
      vertex 121.80448186995486 35.11 41.46926627053964
      vertex 122.17412155078982 35.11 40.777719067921595
    endloop
  endfacet
  facet normal 0.9569403357322056 4.359929115133363e-18 0.2902846772544736
    outer loop
      vertex 121.80448186995486 38.11 41.46926627053964
      vertex 121.57685887838707 38.11 42.21963871193549
      vertex 121.57685887838707 35.11 42.21963871193549
    endloop
  endfacet
  facet normal 0.9569403357322056 0 0.2902846772544736
    outer loop
      vertex 121.80448186995486 38.11 41.46926627053964
      vertex 121.57685887838707 35.11 42.21963871193549
      vertex 121.80448186995486 35.11 41.46926627053964
    endloop
  endfacet
  facet normal 0.9951847266721978 0 0.09801714032955187
    outer loop
      vertex 121.57685887838707 38.11 42.21963871193549
      vertex 121.5 35.11 43
      vertex 121.57685887838707 35.11 42.21963871193549
    endloop
  endfacet
  facet normal 0.9951847266721978 -7.132591301197238e-19 0.09801714032955187
    outer loop
      vertex 121.57685887838707 38.11 42.21963871193549
      vertex 121.5 38.11 43
      vertex 121.5 35.11 43
    endloop
  endfacet
  facet normal 0.9951847266721978 7.132591301197238e-19 -0.09801714032955187
    outer loop
      vertex 121.5 38.11 43
      vertex 121.57685887838707 38.11 43.78036128806451
      vertex 121.57685887838707 35.11 43.78036128806451
    endloop
  endfacet
  facet normal 0.9951847266721978 0 -0.09801714032955187
    outer loop
      vertex 121.5 38.11 43
      vertex 121.57685887838707 35.11 43.78036128806451
      vertex 121.5 35.11 43
    endloop
  endfacet
  facet normal 0.9569403357322056 -4.359929115133363e-18 -0.2902846772544736
    outer loop
      vertex 121.57685887838707 38.11 43.78036128806451
      vertex 121.80448186995486 38.11 44.53073372946036
      vertex 121.80448186995486 35.11 44.53073372946036
    endloop
  endfacet
  facet normal 0.9569403357322056 0 -0.2902846772544736
    outer loop
      vertex 121.57685887838707 38.11 43.78036128806451
      vertex 121.80448186995486 35.11 44.53073372946036
      vertex 121.57685887838707 35.11 43.78036128806451
    endloop
  endfacet
  facet normal 0.8819212643483548 -7.571547956938007e-18 -0.4713967368259979
    outer loop
      vertex 121.80448186995486 38.11 44.53073372946036
      vertex 122.17412155078982 38.11 45.222280932078405
      vertex 122.17412155078982 35.11 45.222280932078405
    endloop
  endfacet
  facet normal 0.8819212643483548 0 -0.4713967368259979
    outer loop
      vertex 121.80448186995486 38.11 44.53073372946036
      vertex 122.17412155078982 35.11 45.222280932078405
      vertex 121.80448186995486 35.11 44.53073372946036
    endloop
  endfacet
  facet normal 0.7730104533627371 0 -0.6343932841636455
    outer loop
      vertex 122.17412155078982 38.11 45.222280932078405
      vertex 122.67157287525382 35.11 45.82842712474619
      vertex 122.17412155078982 35.11 45.222280932078405
    endloop
  endfacet
  facet normal 0.7730104533627371 7.511646864392499e-18 -0.6343932841636455
    outer loop
      vertex 122.17412155078982 38.11 45.222280932078405
      vertex 122.67157287525382 38.11 45.82842712474619
      vertex 122.67157287525382 35.11 45.82842712474619
    endloop
  endfacet
  facet normal 0.7077320571552914 0 -0.7064809518130968
    outer loop
      vertex 122.67157287525382 38.11 45.82842712474619
      vertex 125.495 35.11 48.65685424949238
      vertex 122.67157287525382 35.11 45.82842712474619
    endloop
  endfacet
  facet normal -0.8819212643483625 0 0.4713967368259839
    outer loop
      vertex 128.8258784492102 38.11 40.777719067921595
      vertex 128.8258784492102 35.11 40.777719067921595
      vertex 129.19551813004514 38.11 41.46926627053964
    endloop
  endfacet
  facet normal -0.8819212643483625 0 0.4713967368259839
    outer loop
      vertex 129.19551813004514 38.11 41.46926627053964
      vertex 128.8258784492102 35.11 40.777719067921595
      vertex 129.19551813004514 35.11 41.46926627053964
    endloop
  endfacet
  facet normal 0.7077320571552914 9.69274788053242e-18 -0.7064809518130968
    outer loop
      vertex 122.67157287525382 38.11 45.82842712474619
      vertex 125.495 38.11 48.65685424949238
      vertex 125.495 35.11 48.65685424949238
    endloop
  endfacet
  facet normal -0.7077320571552914 0 -0.7064809518130968
    outer loop
      vertex 125.505 38.11 48.65685424949238
      vertex 128.32842712474618 35.11 45.82842712474619
      vertex 125.505 35.11 48.65685424949238
    endloop
  endfacet
  facet normal -0.7071067811865475 2.0188362344841085e-20 -0.7071067811865475
    outer loop
      vertex 125.5 38.11 48.66185424949238
      vertex 125.505 38.11 48.65685424949238
      vertex 125.505 35.11 48.65685424949238
    endloop
  endfacet
  facet normal 0.7071067811865475 -2.0188362344841085e-20 -0.7071067811865475
    outer loop
      vertex 125.495 38.11 48.65685424949238
      vertex 125.5 38.11 48.66185424949238
      vertex 125.5 35.11 48.66185424949238
    endloop
  endfacet
  facet normal 0.7071067811865475 0 -0.7071067811865475
    outer loop
      vertex 125.495 38.11 48.65685424949238
      vertex 125.5 35.11 48.66185424949238
      vertex 125.495 35.11 48.65685424949238
    endloop
  endfacet
  facet normal -0.7071067811865475 0 -0.7071067811865475
    outer loop
      vertex 125.5 38.11 48.66185424949238
      vertex 125.505 35.11 48.65685424949238
      vertex 125.5 35.11 48.66185424949238
    endloop
  endfacet
  facet normal -0.8819212643483625 0 -0.4713967368259839
    outer loop
      vertex 129.19551813004514 38.11 44.53073372946036
      vertex 129.19551813004514 35.11 44.53073372946036
      vertex 128.8258784492102 38.11 45.222280932078405
    endloop
  endfacet
  facet normal -0.7730104533627282 -1.1604060062662024e-17 -0.6343932841636564
    outer loop
      vertex 128.32842712474618 38.11 45.82842712474619
      vertex 128.8258784492102 38.11 45.222280932078405
      vertex 128.8258784492102 35.11 45.222280932078405
    endloop
  endfacet
  facet normal -0.7730104533627282 0 -0.6343932841636564
    outer loop
      vertex 128.32842712474618 38.11 45.82842712474619
      vertex 128.8258784492102 35.11 45.222280932078405
      vertex 128.32842712474618 35.11 45.82842712474619
    endloop
  endfacet
  facet normal -0.8819212643483625 8.423038986149123e-18 -0.4713967368259839
    outer loop
      vertex 129.19551813004514 35.11 44.53073372946036
      vertex 128.8258784492102 35.11 45.222280932078405
      vertex 128.8258784492102 38.11 45.222280932078405
    endloop
  endfacet
  facet normal -0.7077320571552914 -9.69274788053242e-18 -0.7064809518130968
    outer loop
      vertex 125.505 38.11 48.65685424949238
      vertex 128.32842712474618 38.11 45.82842712474619
      vertex 128.32842712474618 35.11 45.82842712474619
    endloop
  endfacet
  facet normal -0.9569403357322056 0 0.2902846772544736
    outer loop
      vertex 129.19551813004514 38.11 41.46926627053964
      vertex 129.19551813004514 35.11 41.46926627053964
      vertex 129.42314112161293 38.11 42.21963871193549
    endloop
  endfacet
  facet normal -0.9951847266721978 0 0.09801714032955187
    outer loop
      vertex 129.42314112161293 38.11 42.21963871193549
      vertex 129.42314112161293 35.11 42.21963871193549
      vertex 129.5 38.11 43
    endloop
  endfacet
  facet normal -0.9569403357322056 0 0.2902846772544736
    outer loop
      vertex 129.42314112161293 38.11 42.21963871193549
      vertex 129.19551813004514 35.11 41.46926627053964
      vertex 129.42314112161293 35.11 42.21963871193549
    endloop
  endfacet
  facet normal -0.9951847266721978 0 -0.09801714032955187
    outer loop
      vertex 129.5 38.11 43
      vertex 129.5 35.11 43
      vertex 129.42314112161293 38.11 43.78036128806451
    endloop
  endfacet
  facet normal -0.9951847266721978 0 0.09801714032955187
    outer loop
      vertex 129.5 38.11 43
      vertex 129.42314112161293 35.11 42.21963871193549
      vertex 129.5 35.11 43
    endloop
  endfacet
  facet normal -0.9951847266721978 0 -0.09801714032955187
    outer loop
      vertex 129.42314112161293 38.11 43.78036128806451
      vertex 129.5 35.11 43
      vertex 129.42314112161293 35.11 43.78036128806451
    endloop
  endfacet
  facet normal -0.9569403357322056 4.359929115133363e-18 -0.2902846772544736
    outer loop
      vertex 129.19551813004514 38.11 44.53073372946036
      vertex 129.42314112161293 38.11 43.78036128806451
      vertex 129.42314112161293 35.11 43.78036128806451
    endloop
  endfacet
  facet normal -0.9569403357322056 0 -0.2902846772544736
    outer loop
      vertex 129.19551813004514 38.11 44.53073372946036
      vertex 129.42314112161293 35.11 43.78036128806451
      vertex 129.19551813004514 35.11 44.53073372946036
    endloop
  endfacet
  facet normal 0 0 1
    outer loop
      vertex 23 36.11 35
      vertex 23 35.11 35
      vertex 115 36.11 35
    endloop
  endfacet
  facet normal 0 0 1
    outer loop
      vertex 23 35.11 35
      vertex 115 35.11 35
      vertex 115 36.11 35
    endloop
  endfacet
  facet normal 1 0 0
    outer loop
      vertex 23 36.11 35
      vertex 23 36.11 126
      vertex 23 35.11 35
    endloop
  endfacet
  facet normal 1 0 0
    outer loop
      vertex 23 35.11 35
      vertex 23 36.11 126
      vertex 23 35.11 127
    endloop
  endfacet
  facet normal 0 -1 0
    outer loop
      vertex 23 36.11 35
      vertex 115 36.11 35
      vertex 23 36.11 126
    endloop
  endfacet
  facet normal 0 -1 0
    outer loop
      vertex 23 36.11 126
      vertex 115 36.11 35
      vertex 115 36.11 126
    endloop
  endfacet
  facet normal 0 -0.7071067811865476 -0.7071067811865476
    outer loop
      vertex 23 36.11 126
      vertex 115 36.11 126
      vertex 23 35.11 127
    endloop
  endfacet
  facet normal 0 -0.7071067811865476 -0.7071067811865476
    outer loop
      vertex 23 35.11 127
      vertex 115 36.11 126
      vertex 115 35.11 127
    endloop
  endfacet
  facet normal -1 0 0
    outer loop
      vertex 115 36.11 35
      vertex 115 35.11 35
      vertex 115 35.11 127
    endloop
  endfacet
  facet normal -1 0 0
    outer loop
      vertex 115 36.11 35
      vertex 115 35.11 127
      vertex 115 36.11 126
    endloop
  endfacet
  facet normal 1 0 0
    outer loop
      vertex 21.5 78.11 0
      vertex 21.5 78.11 4
      vertex 21.5 43.11 0
    endloop
  endfacet
  facet normal 1 0 0
    outer loop
      vertex 21.5 78.11 4
      vertex 21.5 43.11 4
      vertex 21.5 43.11 0
    endloop
  endfacet
  facet normal 0 -1 0
    outer loop
      vertex 21.5 78.11 0
      vertex 116.5 78.11 4
      vertex 21.5 78.11 4
    endloop
  endfacet
  facet normal 0 -1 0
    outer loop
      vertex 21.5 78.11 0
      vertex 116.5 78.11 0
      vertex 116.5 78.11 4
    endloop
  endfacet
  facet normal 0 1 0
    outer loop
      vertex 21.5 43.11 0
      vertex 21.5 43.11 4
      vertex 116.5 43.11 0
    endloop
  endfacet
  facet normal 0 1 0
    outer loop
      vertex 21.5 43.11 4
      vertex 116.5 43.11 4
      vertex 116.5 43.11 0
    endloop
  endfacet
  facet normal -1 0 0
    outer loop
      vertex 116.5 78.11 0
      vertex 116.5 43.11 4
      vertex 116.5 78.11 4
    endloop
  endfacet
  facet normal -1 0 0
    outer loop
      vertex 116.5 78.11 0
      vertex 116.5 43.11 0
      vertex 116.5 43.11 4
    endloop
  endfacet
  facet normal 1 0 0
    outer loop
      vertex 20 35.11 0
      vertex 20 35.11 4
      vertex 20 11.11 0
    endloop
  endfacet
  facet normal 1 0 0
    outer loop
      vertex 20 35.11 4
      vertex 20 11.11 4
      vertex 20 11.11 0
    endloop
  endfacet
  facet normal 0 -1 0
    outer loop
      vertex 20 35.11 0
      vertex 118 35.11 4
      vertex 20 35.11 4
    endloop
  endfacet
  facet normal 0 -1 0
    outer loop
      vertex 20 35.11 0
      vertex 118 35.11 0
      vertex 118 35.11 4
    endloop
  endfacet
  facet normal 0 1 0
    outer loop
      vertex 20 11.11 0
      vertex 20 11.11 4
      vertex 118 11.11 0
    endloop
  endfacet
  facet normal 0 1 0
    outer loop
      vertex 20 11.11 4
      vertex 118 11.11 4
      vertex 118 11.11 0
    endloop
  endfacet
  facet normal -1 0 0
    outer loop
      vertex 118 35.11 0
      vertex 118 11.11 4
      vertex 118 35.11 4
    endloop
  endfacet
  facet normal -1 0 0
    outer loop
      vertex 118 35.11 0
      vertex 118 11.11 0
      vertex 118 11.11 4
    endloop
  endfacet
  facet normal 0.6494480483301996 -0.7604059656000173 3.738257707418573e-19
    outer loop
      vertex 161.14583694396575 84.16416305603425 0
      vertex 161.5515301422056 84.51065778087482 0
      vertex 161.5515301422056 84.51065778087482 4
    endloop
  endfacet
  facet normal 0.7604059656000173 -0.6494480483301996 0
    outer loop
      vertex 161.14583694396575 84.16416305603425 0
      vertex 161.14583694396575 84.16416305603425 4
      vertex 160.79934221912518 83.75846985779441 0
    endloop
  endfacet
  facet normal 0.8526401643540916 -0.5224985647159499 1.106644577000884e-18
    outer loop
      vertex 160.52057781775954 83.30356769911445 0
      vertex 160.79934221912518 83.75846985779441 0
      vertex 160.79934221912518 83.75846985779441 4
    endloop
  endfacet
  facet normal 0.9238795325112921 -0.3826834323650773 -2.8506243175428945e-18
    outer loop
      vertex 160.31640784459648 82.81065778087482 0
      vertex 160.52057781775954 83.30356769911445 0
      vertex 160.52057781775954 83.30356769911445 4
    endloop
  endfacet
  facet normal 0.9723699203976818 -0.23344536385588388 0
    outer loop
      vertex 160.31640784459648 82.81065778087482 0
      vertex 160.31640784459648 82.81065778087482 4
      vertex 160.19185964197655 82.29187718113678 0
    endloop
  endfacet
  facet normal 0.6494480483301996 -0.7604059656000173 0
    outer loop
      vertex 161.14583694396575 84.16416305603425 0
      vertex 161.5515301422056 84.51065778087482 4
      vertex 161.14583694396575 84.16416305603425 4
    endloop
  endfacet
  facet normal 0.8526401643540916 -0.5224985647159499 0
    outer loop
      vertex 160.52057781775954 83.30356769911445 0
      vertex 160.79934221912518 83.75846985779441 4
      vertex 160.52057781775954 83.30356769911445 4
    endloop
  endfacet
  facet normal 0.7604059656000173 -0.6494480483301996 0
    outer loop
      vertex 160.79934221912518 83.75846985779441 0
      vertex 161.14583694396575 84.16416305603425 4
      vertex 160.79934221912518 83.75846985779441 4
    endloop
  endfacet
  facet normal 0.9238795325112921 -0.3826834323650773 0
    outer loop
      vertex 160.31640784459648 82.81065778087482 0
      vertex 160.52057781775954 83.30356769911445 4
      vertex 160.31640784459648 82.81065778087482 4
    endloop
  endfacet
  facet normal 0.9969173337331263 -0.0784590957278659 0
    outer loop
      vertex 160.19185964197655 82.29187718113678 0
      vertex 160.19185964197655 82.29187718113678 4
      vertex 160.15 81.75999999999999 0
    endloop
  endfacet
  facet normal 0.9969173337331262 0.078459095727868 0
    outer loop
      vertex 160.15 81.75999999999999 0
      vertex 160.15 81.75999999999999 4
      vertex 160.19185964197655 81.22812281886321 0
    endloop
  endfacet
  facet normal 0.9723699203976818 0.23344536385588388 0
    outer loop
      vertex 160.19185964197655 81.22812281886321 0
      vertex 160.19185964197655 81.22812281886321 4
      vertex 160.31640784459648 80.70934221912518 0
    endloop
  endfacet
  facet normal 0.9238795325112921 0.3826834323650773 0
    outer loop
      vertex 160.31640784459648 80.70934221912518 0
      vertex 160.31640784459648 80.70934221912518 4
      vertex 160.52057781775954 80.21643230088554 0
    endloop
  endfacet
  facet normal 0.8526401643540916 0.5224985647159499 0
    outer loop
      vertex 160.52057781775954 80.21643230088554 0
      vertex 160.52057781775954 80.21643230088554 4
      vertex 160.79934221912518 79.76153014220559 0
    endloop
  endfacet
  facet normal 0.9969173337331263 -0.0784590957278659 0
    outer loop
      vertex 160.15 81.75999999999999 0
      vertex 160.19185964197655 82.29187718113678 4
      vertex 160.15 81.75999999999999 4
    endloop
  endfacet
  facet normal 0.9969173337331262 0.078459095727868 0
    outer loop
      vertex 160.19185964197655 81.22812281886321 0
      vertex 160.15 81.75999999999999 4
      vertex 160.19185964197655 81.22812281886321 4
    endloop
  endfacet
  facet normal 0.9723699203976818 -0.23344536385588388 0
    outer loop
      vertex 160.19185964197655 82.29187718113678 0
      vertex 160.31640784459648 82.81065778087482 4
      vertex 160.19185964197655 82.29187718113678 4
    endloop
  endfacet
  facet normal 0.9723699203976818 0.23344536385588388 0
    outer loop
      vertex 160.31640784459648 80.70934221912518 0
      vertex 160.19185964197655 81.22812281886321 4
      vertex 160.31640784459648 80.70934221912518 4
    endloop
  endfacet
  facet normal 0.9238795325112921 0.3826834323650773 0
    outer loop
      vertex 160.52057781775954 80.21643230088554 0
      vertex 160.31640784459648 80.70934221912518 4
      vertex 160.52057781775954 80.21643230088554 4
    endloop
  endfacet
  facet normal 0.8526401643540916 0.5224985647159499 0
    outer loop
      vertex 160.79934221912518 79.76153014220559 0
      vertex 160.52057781775954 80.21643230088554 4
      vertex 160.79934221912518 79.76153014220559 4
    endloop
  endfacet
  facet normal 0.7604059656000173 0.6494480483301996 0
    outer loop
      vertex 160.79934221912518 79.76153014220559 0
      vertex 160.79934221912518 79.76153014220559 4
      vertex 161.14583694396575 79.35583694396574 0
    endloop
  endfacet
  facet normal 0.6494480483301996 0.7604059656000173 0
    outer loop
      vertex 161.14583694396575 79.35583694396574 0
      vertex 161.14583694396575 79.35583694396574 4
      vertex 161.5515301422056 79.00934221912517 0
    endloop
  endfacet
  facet normal 0.7604059656000173 0.6494480483301996 0
    outer loop
      vertex 161.14583694396575 79.35583694396574 0
      vertex 160.79934221912518 79.76153014220559 4
      vertex 161.14583694396575 79.35583694396574 4
    endloop
  endfacet
  facet normal 0.6494480483301996 0.7604059656000173 0
    outer loop
      vertex 161.5515301422056 79.00934221912517 0
      vertex 161.14583694396575 79.35583694396574 4
      vertex 161.5515301422056 79.00934221912517 4
    endloop
  endfacet
  facet normal 0.5224985647159186 -0.8526401643541107 -1.267332065158e-18
    outer loop
      vertex 161.5515301422056 84.51065778087482 0
      vertex 162.00643230088556 84.78942218224044 0
      vertex 162.00643230088556 84.78942218224044 4
    endloop
  endfacet
  facet normal 0.2334453638559151 -0.9723699203976743 6.521654249519346e-19
    outer loop
      vertex 162.4993422191252 84.99359215540352 0
      vertex 163.01812281886322 85.11814035802347 0
      vertex 163.01812281886322 85.11814035802347 4
    endloop
  endfacet
  facet normal 0.38268343236509994 -0.9238795325112824 1.9599474653964895e-18
    outer loop
      vertex 162.00643230088556 84.78942218224044 0
      vertex 162.4993422191252 84.99359215540352 0
      vertex 162.4993422191252 84.99359215540352 4
    endloop
  endfacet
  facet normal 0.07845909572783945 -0.9969173337331285 7.087050427594052e-19
    outer loop
      vertex 163.01812281886322 85.11814035802347 0
      vertex 163.55 85.16 0
      vertex 163.55 85.16 4
    endloop
  endfacet
  facet normal -0.07845909572783945 -0.9969173337331285 -7.087050427594052e-19
    outer loop
      vertex 163.55 85.16 0
      vertex 164.0818771811368 85.11814035802347 0
      vertex 164.0818771811368 85.11814035802347 4
    endloop
  endfacet
  facet normal 0.38268343236509994 -0.9238795325112824 0
    outer loop
      vertex 162.00643230088556 84.78942218224044 0
      vertex 162.4993422191252 84.99359215540352 4
      vertex 162.00643230088556 84.78942218224044 4
    endloop
  endfacet
  facet normal 0.2334453638559151 -0.9723699203976743 0
    outer loop
      vertex 162.4993422191252 84.99359215540352 0
      vertex 163.01812281886322 85.11814035802347 4
      vertex 162.4993422191252 84.99359215540352 4
    endloop
  endfacet
  facet normal 0.5224985647159186 -0.8526401643541107 0
    outer loop
      vertex 161.5515301422056 84.51065778087482 0
      vertex 162.00643230088556 84.78942218224044 4
      vertex 161.5515301422056 84.51065778087482 4
    endloop
  endfacet
  facet normal 0.07845909572783945 -0.9969173337331285 0
    outer loop
      vertex 163.01812281886322 85.11814035802347 0
      vertex 163.55 85.16 4
      vertex 163.01812281886322 85.11814035802347 4
    endloop
  endfacet
  facet normal -0.07845909572783945 -0.9969173337331285 0
    outer loop
      vertex 163.55 85.16 0
      vertex 164.0818771811368 85.11814035802347 4
      vertex 163.55 85.16 4
    endloop
  endfacet
  facet normal -0.2334453638559151 -0.9723699203976743 -6.521654249519346e-19
    outer loop
      vertex 164.0818771811368 85.11814035802347 0
      vertex 164.60065778087483 84.99359215540352 0
      vertex 164.60065778087483 84.99359215540352 4
    endloop
  endfacet
  facet normal -0.38268343236509994 -0.9238795325112824 -1.9599474653964895e-18
    outer loop
      vertex 164.60065778087483 84.99359215540352 0
      vertex 165.09356769911446 84.78942218224044 0
      vertex 165.09356769911446 84.78942218224044 4
    endloop
  endfacet
  facet normal -0.5224985647159186 -0.8526401643541107 1.267332065158e-18
    outer loop
      vertex 165.09356769911446 84.78942218224044 0
      vertex 165.54846985779443 84.51065778087482 0
      vertex 165.54846985779443 84.51065778087482 4
    endloop
  endfacet
  facet normal -0.6494480483301996 -0.7604059656000173 -3.738257707418573e-19
    outer loop
      vertex 165.54846985779443 84.51065778087482 0
      vertex 165.95416305603428 84.16416305603425 0
      vertex 165.95416305603428 84.16416305603425 4
    endloop
  endfacet
  facet normal -0.7604059656000173 -0.6494480483301996 -3.738257707418573e-19
    outer loop
      vertex 165.95416305603428 84.16416305603425 0
      vertex 166.30065778087484 83.75846985779441 0
      vertex 166.30065778087484 83.75846985779441 4
    endloop
  endfacet
  facet normal -0.8526401643540916 -0.5224985647159499 -1.106644577000884e-18
    outer loop
      vertex 166.30065778087484 83.75846985779441 0
      vertex 166.57942218224048 83.30356769911445 0
      vertex 166.57942218224048 83.30356769911445 4
    endloop
  endfacet
  facet normal -0.9238795325112921 -0.3826834323650773 2.8506243175428945e-18
    outer loop
      vertex 166.57942218224048 83.30356769911445 0
      vertex 166.78359215540354 82.81065778087482 0
      vertex 166.78359215540354 82.81065778087482 4
    endloop
  endfacet
  facet normal -0.2334453638559151 -0.9723699203976743 0
    outer loop
      vertex 164.0818771811368 85.11814035802347 0
      vertex 164.60065778087483 84.99359215540352 4
      vertex 164.0818771811368 85.11814035802347 4
    endloop
  endfacet
  facet normal -0.38268343236509994 -0.9238795325112824 0
    outer loop
      vertex 164.60065778087483 84.99359215540352 0
      vertex 165.09356769911446 84.78942218224044 4
      vertex 164.60065778087483 84.99359215540352 4
    endloop
  endfacet
  facet normal -0.5224985647159186 -0.8526401643541107 0
    outer loop
      vertex 165.09356769911446 84.78942218224044 0
      vertex 165.54846985779443 84.51065778087482 4
      vertex 165.09356769911446 84.78942218224044 4
    endloop
  endfacet
  facet normal -0.6494480483301996 -0.7604059656000173 0
    outer loop
      vertex 165.54846985779443 84.51065778087482 0
      vertex 165.95416305603428 84.16416305603425 4
      vertex 165.54846985779443 84.51065778087482 4
    endloop
  endfacet
  facet normal -0.7604059656000173 -0.6494480483301996 0
    outer loop
      vertex 165.95416305603428 84.16416305603425 0
      vertex 166.30065778087484 83.75846985779441 4
      vertex 165.95416305603428 84.16416305603425 4
    endloop
  endfacet
  facet normal -0.8526401643540916 -0.5224985647159499 0
    outer loop
      vertex 166.30065778087484 83.75846985779441 0
      vertex 166.57942218224048 83.30356769911445 4
      vertex 166.30065778087484 83.75846985779441 4
    endloop
  endfacet
  facet normal -0.9238795325112921 -0.3826834323650773 0
    outer loop
      vertex 166.57942218224048 83.30356769911445 0
      vertex 166.78359215540354 82.81065778087482 4
      vertex 166.57942218224048 83.30356769911445 4
    endloop
  endfacet
  facet normal -0.9723699203976818 -0.23344536385588388 0
    outer loop
      vertex 166.78359215540354 82.81065778087482 0
      vertex 166.90814035802347 82.29187718113678 4
      vertex 166.78359215540354 82.81065778087482 4
    endloop
  endfacet
  facet normal -0.9723699203976818 -0.23344536385588388 -2.6422221014072487e-18
    outer loop
      vertex 166.78359215540354 82.81065778087482 0
      vertex 166.90814035802347 82.29187718113678 0
      vertex 166.90814035802347 82.29187718113678 4
    endloop
  endfacet
  facet normal -0.9723699203976818 0.23344536385588388 2.6422221014072487e-18
    outer loop
      vertex 166.90814035802347 81.22812281886321 0
      vertex 166.78359215540354 80.70934221912518 0
      vertex 166.78359215540354 80.70934221912518 4
    endloop
  endfacet
  facet normal -0.9238795325112921 0.3826834323650773 0
    outer loop
      vertex 166.57942218224048 80.21643230088554 0
      vertex 166.57942218224048 80.21643230088554 4
      vertex 166.78359215540354 80.70934221912518 0
    endloop
  endfacet
  facet normal -0.8526401643540916 0.5224985647159499 0
    outer loop
      vertex 166.30065778087484 79.76153014220559 0
      vertex 166.30065778087484 79.76153014220559 4
      vertex 166.57942218224048 80.21643230088554 0
    endloop
  endfacet
  facet normal -0.9723699203976818 0.23344536385588388 0
    outer loop
      vertex 166.90814035802347 81.22812281886321 0
      vertex 166.78359215540354 80.70934221912518 4
      vertex 166.90814035802347 81.22812281886321 4
    endloop
  endfacet
  facet normal -0.9238795325112921 0.3826834323650773 0
    outer loop
      vertex 166.78359215540354 80.70934221912518 0
      vertex 166.57942218224048 80.21643230088554 4
      vertex 166.78359215540354 80.70934221912518 4
    endloop
  endfacet
  facet normal -0.8526401643540916 0.5224985647159499 0
    outer loop
      vertex 166.57942218224048 80.21643230088554 0
      vertex 166.30065778087484 79.76153014220559 4
      vertex 166.57942218224048 80.21643230088554 4
    endloop
  endfacet
  facet normal 0.5224985647159186 0.8526401643541107 0
    outer loop
      vertex 161.5515301422056 79.00934221912517 0
      vertex 161.5515301422056 79.00934221912517 4
      vertex 162.00643230088556 78.73057781775955 0
    endloop
  endfacet
  facet normal 0.38268343236509994 0.9238795325112824 0
    outer loop
      vertex 162.00643230088556 78.73057781775955 0
      vertex 162.00643230088556 78.73057781775955 4
      vertex 162.4993422191252 78.52640784459648 0
    endloop
  endfacet
  facet normal 0.2334453638559151 0.9723699203976743 0
    outer loop
      vertex 162.4993422191252 78.52640784459648 0
      vertex 162.4993422191252 78.52640784459648 4
      vertex 163.01812281886322 78.40185964197653 0
    endloop
  endfacet
  facet normal 0.07845909572783945 0.9969173337331285 0
    outer loop
      vertex 163.01812281886322 78.40185964197653 0
      vertex 163.01812281886322 78.40185964197653 4
      vertex 163.55 78.36 0
    endloop
  endfacet
  facet normal -0.07845909572783945 0.9969173337331285 0
    outer loop
      vertex 163.55 78.36 0
      vertex 163.55 78.36 4
      vertex 164.0818771811368 78.40185964197653 0
    endloop
  endfacet
  facet normal 0.5224985647159186 0.8526401643541107 0
    outer loop
      vertex 162.00643230088556 78.73057781775955 0
      vertex 161.5515301422056 79.00934221912517 4
      vertex 162.00643230088556 78.73057781775955 4
    endloop
  endfacet
  facet normal 0.38268343236509994 0.9238795325112824 0
    outer loop
      vertex 162.4993422191252 78.52640784459648 0
      vertex 162.00643230088556 78.73057781775955 4
      vertex 162.4993422191252 78.52640784459648 4
    endloop
  endfacet
  facet normal 0.2334453638559151 0.9723699203976743 0
    outer loop
      vertex 163.01812281886322 78.40185964197653 0
      vertex 162.4993422191252 78.52640784459648 4
      vertex 163.01812281886322 78.40185964197653 4
    endloop
  endfacet
  facet normal 0.07845909572783945 0.9969173337331285 0
    outer loop
      vertex 163.55 78.36 0
      vertex 163.01812281886322 78.40185964197653 4
      vertex 163.55 78.36 4
    endloop
  endfacet
  facet normal -0.07845909572783945 0.9969173337331285 0
    outer loop
      vertex 164.0818771811368 78.40185964197653 0
      vertex 163.55 78.36 4
      vertex 164.0818771811368 78.40185964197653 4
    endloop
  endfacet
  facet normal -0.38268343236509994 0.9238795325112824 0
    outer loop
      vertex 164.60065778087483 78.52640784459648 0
      vertex 164.60065778087483 78.52640784459648 4
      vertex 165.09356769911446 78.73057781775955 0
    endloop
  endfacet
  facet normal -0.5224985647159186 0.8526401643541107 0
    outer loop
      vertex 165.09356769911446 78.73057781775955 0
      vertex 165.09356769911446 78.73057781775955 4
      vertex 165.54846985779443 79.00934221912517 0
    endloop
  endfacet
  facet normal -0.7604059656000173 0.6494480483301996 0
    outer loop
      vertex 165.95416305603428 79.35583694396574 0
      vertex 165.95416305603428 79.35583694396574 4
      vertex 166.30065778087484 79.76153014220559 0
    endloop
  endfacet
  facet normal -0.6494480483301996 0.7604059656000173 0
    outer loop
      vertex 165.54846985779443 79.00934221912517 0
      vertex 165.54846985779443 79.00934221912517 4
      vertex 165.95416305603428 79.35583694396574 0
    endloop
  endfacet
  facet normal -0.2334453638559151 0.9723699203976743 0
    outer loop
      vertex 164.0818771811368 78.40185964197653 0
      vertex 164.0818771811368 78.40185964197653 4
      vertex 164.60065778087483 78.52640784459648 0
    endloop
  endfacet
  facet normal -0.2334453638559151 0.9723699203976743 0
    outer loop
      vertex 164.60065778087483 78.52640784459648 0
      vertex 164.0818771811368 78.40185964197653 4
      vertex 164.60065778087483 78.52640784459648 4
    endloop
  endfacet
  facet normal -0.5224985647159186 0.8526401643541107 0
    outer loop
      vertex 165.54846985779443 79.00934221912517 0
      vertex 165.09356769911446 78.73057781775955 4
      vertex 165.54846985779443 79.00934221912517 4
    endloop
  endfacet
  facet normal -0.38268343236509994 0.9238795325112824 0
    outer loop
      vertex 165.09356769911446 78.73057781775955 0
      vertex 164.60065778087483 78.52640784459648 4
      vertex 165.09356769911446 78.73057781775955 4
    endloop
  endfacet
  facet normal -0.7604059656000173 0.6494480483301996 0
    outer loop
      vertex 166.30065778087484 79.76153014220559 0
      vertex 165.95416305603428 79.35583694396574 4
      vertex 166.30065778087484 79.76153014220559 4
    endloop
  endfacet
  facet normal -0.6494480483301996 0.7604059656000173 0
    outer loop
      vertex 165.95416305603428 79.35583694396574 0
      vertex 165.54846985779443 79.00934221912517 4
      vertex 165.95416305603428 79.35583694396574 4
    endloop
  endfacet
  facet normal -0.9969173337331263 -0.0784590957278659 -7.908609526268224e-21
    outer loop
      vertex 166.90814035802347 82.29187718113678 0
      vertex 166.95000000000002 81.75999999999999 0
      vertex 166.95000000000002 81.75999999999999 4
    endloop
  endfacet
  facet normal -0.9969173337331262 0.078459095727868 0
    outer loop
      vertex 166.90814035802347 81.22812281886321 0
      vertex 166.90814035802347 81.22812281886321 4
      vertex 166.95000000000002 81.75999999999999 0
    endloop
  endfacet
  facet normal -0.9969173337331263 -0.0784590957278659 0
    outer loop
      vertex 166.90814035802347 82.29187718113678 0
      vertex 166.95000000000002 81.75999999999999 4
      vertex 166.90814035802347 82.29187718113678 4
    endloop
  endfacet
  facet normal -0.9969173337331262 0.078459095727868 0
    outer loop
      vertex 166.95000000000002 81.75999999999999 0
      vertex 166.90814035802347 81.22812281886321 4
      vertex 166.95000000000002 81.75999999999999 4
    endloop
  endfacet
  facet normal 0.649448048330192 -0.7604059656000239 2.2276928861767214e-18
    outer loop
      vertex 161.14583694396575 52.41416305603426 0
      vertex 161.5515301422056 52.76065778087482 0
      vertex 161.5515301422056 52.76065778087482 4
    endloop
  endfacet
  facet normal 0.649448048330192 -0.7604059656000239 0
    outer loop
      vertex 161.14583694396575 52.41416305603426 0
      vertex 161.5515301422056 52.76065778087482 4
      vertex 161.14583694396575 52.41416305603426 4
    endloop
  endfacet
  facet normal 0.852640164354088 -0.5224985647159558 -3.623403058832785e-18
    outer loop
      vertex 160.52057781775954 51.55356769911446 0
      vertex 160.79934221912518 52.00846985779441 0
      vertex 160.79934221912518 52.00846985779441 4
    endloop
  endfacet
  facet normal 0.7604059656000228 -0.649448048330193 0
    outer loop
      vertex 161.14583694396575 52.41416305603426 0
      vertex 161.14583694396575 52.41416305603426 4
      vertex 160.79934221912518 52.00846985779441 0
    endloop
  endfacet
  facet normal 0.9238795325112938 -0.3826834323650725 6.286056744266304e-19
    outer loop
      vertex 160.31640784459648 51.06065778087482 0
      vertex 160.52057781775954 51.55356769911446 0
      vertex 160.52057781775954 51.55356769911446 4
    endloop
  endfacet
  facet normal 0.9969173337331262 -0.07845909572786695 0
    outer loop
      vertex 160.19185964197655 50.54187718113678 0
      vertex 160.19185964197655 50.54187718113678 4
      vertex 160.15 50.01 0
    endloop
  endfacet
  facet normal 0.9969173337331262 0.07845909572786695 0
    outer loop
      vertex 160.15 50.01 0
      vertex 160.15 50.01 4
      vertex 160.19185964197655 49.47812281886321 0
    endloop
  endfacet
  facet normal 0.9723699203976818 -0.23344536385588388 0
    outer loop
      vertex 160.31640784459648 51.06065778087482 0
      vertex 160.31640784459648 51.06065778087482 4
      vertex 160.19185964197655 50.54187718113678 0
    endloop
  endfacet
  facet normal 0.852640164354088 -0.5224985647159558 0
    outer loop
      vertex 160.52057781775954 51.55356769911446 0
      vertex 160.79934221912518 52.00846985779441 4
      vertex 160.52057781775954 51.55356769911446 4
    endloop
  endfacet
  facet normal 0.7604059656000228 -0.649448048330193 0
    outer loop
      vertex 160.79934221912518 52.00846985779441 0
      vertex 161.14583694396575 52.41416305603426 4
      vertex 160.79934221912518 52.00846985779441 4
    endloop
  endfacet
  facet normal 0.9238795325112938 -0.3826834323650725 0
    outer loop
      vertex 160.31640784459648 51.06065778087482 0
      vertex 160.52057781775954 51.55356769911446 4
      vertex 160.31640784459648 51.06065778087482 4
    endloop
  endfacet
  facet normal 0.9969173337331262 -0.07845909572786695 0
    outer loop
      vertex 160.15 50.01 0
      vertex 160.19185964197655 50.54187718113678 4
      vertex 160.15 50.01 4
    endloop
  endfacet
  facet normal 0.9969173337331262 0.07845909572786695 0
    outer loop
      vertex 160.19185964197655 49.47812281886321 0
      vertex 160.15 50.01 4
      vertex 160.19185964197655 49.47812281886321 4
    endloop
  endfacet
  facet normal 0.9723699203976818 -0.23344536385588388 0
    outer loop
      vertex 160.19185964197655 50.54187718113678 0
      vertex 160.31640784459648 51.06065778087482 4
      vertex 160.19185964197655 50.54187718113678 4
    endloop
  endfacet
  facet normal 0.9723699203976818 0.23344536385588388 0
    outer loop
      vertex 160.19185964197655 49.47812281886321 0
      vertex 160.19185964197655 49.47812281886321 4
      vertex 160.31640784459648 48.959342219125176 0
    endloop
  endfacet
  facet normal 0.9238795325112938 0.3826834323650725 0
    outer loop
      vertex 160.31640784459648 48.959342219125176 0
      vertex 160.31640784459648 48.959342219125176 4
      vertex 160.52057781775954 48.466432300885536 0
    endloop
  endfacet
  facet normal 0.852640164354088 0.5224985647159558 0
    outer loop
      vertex 160.52057781775954 48.466432300885536 0
      vertex 160.52057781775954 48.466432300885536 4
      vertex 160.79934221912518 48.01153014220559 0
    endloop
  endfacet
  facet normal 0.7604059656000228 0.649448048330193 0
    outer loop
      vertex 160.79934221912518 48.01153014220559 0
      vertex 160.79934221912518 48.01153014220559 4
      vertex 161.14583694396575 47.605836943965734 0
    endloop
  endfacet
  facet normal 0.649448048330192 0.7604059656000239 0
    outer loop
      vertex 161.14583694396575 47.605836943965734 0
      vertex 161.14583694396575 47.605836943965734 4
      vertex 161.5515301422056 47.25934221912517 0
    endloop
  endfacet
  facet normal 0.9723699203976818 0.23344536385588388 0
    outer loop
      vertex 160.31640784459648 48.959342219125176 0
      vertex 160.19185964197655 49.47812281886321 4
      vertex 160.31640784459648 48.959342219125176 4
    endloop
  endfacet
  facet normal 0.9238795325112938 0.3826834323650725 0
    outer loop
      vertex 160.52057781775954 48.466432300885536 0
      vertex 160.31640784459648 48.959342219125176 4
      vertex 160.52057781775954 48.466432300885536 4
    endloop
  endfacet
  facet normal 0.852640164354088 0.5224985647159558 0
    outer loop
      vertex 160.79934221912518 48.01153014220559 0
      vertex 160.52057781775954 48.466432300885536 4
      vertex 160.79934221912518 48.01153014220559 4
    endloop
  endfacet
  facet normal 0.7604059656000228 0.649448048330193 0
    outer loop
      vertex 161.14583694396575 47.605836943965734 0
      vertex 160.79934221912518 48.01153014220559 4
      vertex 161.14583694396575 47.605836943965734 4
    endloop
  endfacet
  facet normal 0.649448048330192 0.7604059656000239 0
    outer loop
      vertex 161.5515301422056 47.25934221912517 0
      vertex 161.14583694396575 47.605836943965734 4
      vertex 161.5515301422056 47.25934221912517 4
    endloop
  endfacet
  facet normal 0.3826834323650886 -0.9238795325112872 -4.453384260731901e-19
    outer loop
      vertex 162.00643230088556 53.03942218224045 0
      vertex 162.4993422191252 53.24359215540352 0
      vertex 162.4993422191252 53.24359215540352 4
    endloop
  endfacet
  facet normal 0.2334453638559151 -0.9723699203976743 6.521654249519346e-19
    outer loop
      vertex 162.4993422191252 53.24359215540352 0
      vertex 163.01812281886322 53.36814035802347 0
      vertex 163.01812281886322 53.36814035802347 4
    endloop
  endfacet
  facet normal 0.5224985647159284 -0.8526401643541048 4.649703891754991e-18
    outer loop
      vertex 161.5515301422056 52.76065778087482 0
      vertex 162.00643230088556 53.03942218224045 0
      vertex 162.00643230088556 53.03942218224045 4
    endloop
  endfacet
  facet normal 0.07845909572783945 -0.9969173337331285 7.087050427594052e-19
    outer loop
      vertex 163.01812281886322 53.36814035802347 0
      vertex 163.55 53.41 0
      vertex 163.55 53.41 4
    endloop
  endfacet
  facet normal -0.07845909572783945 -0.9969173337331285 -7.087050427594052e-19
    outer loop
      vertex 163.55 53.41 0
      vertex 164.0818771811368 53.36814035802347 0
      vertex 164.0818771811368 53.36814035802347 4
    endloop
  endfacet
  facet normal 0.3826834323650886 -0.9238795325112872 0
    outer loop
      vertex 162.00643230088556 53.03942218224045 0
      vertex 162.4993422191252 53.24359215540352 4
      vertex 162.00643230088556 53.03942218224045 4
    endloop
  endfacet
  facet normal 0.2334453638559151 -0.9723699203976743 0
    outer loop
      vertex 162.4993422191252 53.24359215540352 0
      vertex 163.01812281886322 53.36814035802347 4
      vertex 162.4993422191252 53.24359215540352 4
    endloop
  endfacet
  facet normal 0.5224985647159284 -0.8526401643541048 0
    outer loop
      vertex 161.5515301422056 52.76065778087482 0
      vertex 162.00643230088556 53.03942218224045 4
      vertex 161.5515301422056 52.76065778087482 4
    endloop
  endfacet
  facet normal 0.07845909572783945 -0.9969173337331285 0
    outer loop
      vertex 163.01812281886322 53.36814035802347 0
      vertex 163.55 53.41 4
      vertex 163.01812281886322 53.36814035802347 4
    endloop
  endfacet
  facet normal -0.07845909572783945 -0.9969173337331285 0
    outer loop
      vertex 163.55 53.41 0
      vertex 164.0818771811368 53.36814035802347 4
      vertex 163.55 53.41 4
    endloop
  endfacet
  facet normal -0.2334453638559151 -0.9723699203976743 -6.521654249519346e-19
    outer loop
      vertex 164.0818771811368 53.36814035802347 0
      vertex 164.60065778087483 53.24359215540352 0
      vertex 164.60065778087483 53.24359215540352 4
    endloop
  endfacet
  facet normal -0.3826834323650886 -0.9238795325112872 4.453384260731901e-19
    outer loop
      vertex 164.60065778087483 53.24359215540352 0
      vertex 165.09356769911446 53.03942218224045 0
      vertex 165.09356769911446 53.03942218224045 4
    endloop
  endfacet
  facet normal -0.5224985647159284 -0.8526401643541048 -4.649703891754991e-18
    outer loop
      vertex 165.09356769911446 53.03942218224045 0
      vertex 165.54846985779443 52.76065778087482 0
      vertex 165.54846985779443 52.76065778087482 4
    endloop
  endfacet
  facet normal -0.649448048330192 -0.7604059656000239 -2.2276928861767214e-18
    outer loop
      vertex 165.54846985779443 52.76065778087482 0
      vertex 165.95416305603428 52.41416305603426 0
      vertex 165.95416305603428 52.41416305603426 4
    endloop
  endfacet
  facet normal -0.2334453638559151 -0.9723699203976743 0
    outer loop
      vertex 164.0818771811368 53.36814035802347 0
      vertex 164.60065778087483 53.24359215540352 4
      vertex 164.0818771811368 53.36814035802347 4
    endloop
  endfacet
  facet normal -0.3826834323650886 -0.9238795325112872 0
    outer loop
      vertex 164.60065778087483 53.24359215540352 0
      vertex 165.09356769911446 53.03942218224045 4
      vertex 164.60065778087483 53.24359215540352 4
    endloop
  endfacet
  facet normal -0.5224985647159284 -0.8526401643541048 0
    outer loop
      vertex 165.09356769911446 53.03942218224045 0
      vertex 165.54846985779443 52.76065778087482 4
      vertex 165.09356769911446 53.03942218224045 4
    endloop
  endfacet
  facet normal -0.649448048330192 -0.7604059656000239 0
    outer loop
      vertex 165.54846985779443 52.76065778087482 0
      vertex 165.95416305603428 52.41416305603426 4
      vertex 165.54846985779443 52.76065778087482 4
    endloop
  endfacet
  facet normal -0.7604059656000228 -0.649448048330193 3.493463183630529e-18
    outer loop
      vertex 165.95416305603428 52.41416305603426 0
      vertex 166.30065778087484 52.00846985779441 0
      vertex 166.30065778087484 52.00846985779441 4
    endloop
  endfacet
  facet normal -0.852640164354088 -0.5224985647159558 3.623403058832785e-18
    outer loop
      vertex 166.30065778087484 52.00846985779441 0
      vertex 166.57942218224048 51.55356769911446 0
      vertex 166.57942218224048 51.55356769911446 4
    endloop
  endfacet
  facet normal -0.9238795325112938 -0.3826834323650725 -6.286056744266304e-19
    outer loop
      vertex 166.57942218224048 51.55356769911446 0
      vertex 166.78359215540354 51.06065778087482 0
      vertex 166.78359215540354 51.06065778087482 4
    endloop
  endfacet
  facet normal -0.9723699203976818 -0.23344536385588388 -2.6422221014072487e-18
    outer loop
      vertex 166.78359215540354 51.06065778087482 0
      vertex 166.90814035802347 50.54187718113678 0
      vertex 166.90814035802347 50.54187718113678 4
    endloop
  endfacet
  facet normal -0.7604059656000228 -0.649448048330193 0
    outer loop
      vertex 165.95416305603428 52.41416305603426 0
      vertex 166.30065778087484 52.00846985779441 4
      vertex 165.95416305603428 52.41416305603426 4
    endloop
  endfacet
  facet normal -0.852640164354088 -0.5224985647159558 0
    outer loop
      vertex 166.30065778087484 52.00846985779441 0
      vertex 166.57942218224048 51.55356769911446 4
      vertex 166.30065778087484 52.00846985779441 4
    endloop
  endfacet
  facet normal -0.9238795325112938 -0.3826834323650725 0
    outer loop
      vertex 166.57942218224048 51.55356769911446 0
      vertex 166.78359215540354 51.06065778087482 4
      vertex 166.57942218224048 51.55356769911446 4
    endloop
  endfacet
  facet normal -0.9723699203976818 -0.23344536385588388 0
    outer loop
      vertex 166.78359215540354 51.06065778087482 0
      vertex 166.90814035802347 50.54187718113678 4
      vertex 166.78359215540354 51.06065778087482 4
    endloop
  endfacet
  facet normal -0.9969173337331262 -0.07845909572786695 -4.492178955559932e-19
    outer loop
      vertex 166.90814035802347 50.54187718113678 0
      vertex 166.95000000000002 50.01 0
      vertex 166.95000000000002 50.01 4
    endloop
  endfacet
  facet normal -0.9969173337331262 0.07845909572786695 4.492178955559932e-19
    outer loop
      vertex 166.95000000000002 50.01 0
      vertex 166.90814035802347 49.47812281886321 0
      vertex 166.90814035802347 49.47812281886321 4
    endloop
  endfacet
  facet normal -0.9969173337331262 -0.07845909572786695 0
    outer loop
      vertex 166.90814035802347 50.54187718113678 0
      vertex 166.95000000000002 50.01 4
      vertex 166.90814035802347 50.54187718113678 4
    endloop
  endfacet
  facet normal -0.9969173337331262 0.07845909572786695 0
    outer loop
      vertex 166.95000000000002 50.01 0
      vertex 166.90814035802347 49.47812281886321 4
      vertex 166.95000000000002 50.01 4
    endloop
  endfacet
  facet normal 0.5224985647159284 0.8526401643541048 0
    outer loop
      vertex 161.5515301422056 47.25934221912517 0
      vertex 161.5515301422056 47.25934221912517 4
      vertex 162.00643230088556 46.980577817759546 0
    endloop
  endfacet
  facet normal 0.3826834323650886 0.9238795325112872 0
    outer loop
      vertex 162.00643230088556 46.980577817759546 0
      vertex 162.00643230088556 46.980577817759546 4
      vertex 162.4993422191252 46.77640784459648 0
    endloop
  endfacet
  facet normal 0.5224985647159284 0.8526401643541048 0
    outer loop
      vertex 162.00643230088556 46.980577817759546 0
      vertex 161.5515301422056 47.25934221912517 4
      vertex 162.00643230088556 46.980577817759546 4
    endloop
  endfacet
  facet normal 0.3826834323650886 0.9238795325112872 0
    outer loop
      vertex 162.4993422191252 46.77640784459648 0
      vertex 162.00643230088556 46.980577817759546 4
      vertex 162.4993422191252 46.77640784459648 4
    endloop
  endfacet
  facet normal -0.9723699203976818 0.23344536385588388 2.6422221014072487e-18
    outer loop
      vertex 166.90814035802347 49.47812281886321 0
      vertex 166.78359215540354 48.959342219125176 0
      vertex 166.78359215540354 48.959342219125176 4
    endloop
  endfacet
  facet normal -0.9238795325112938 0.3826834323650725 0
    outer loop
      vertex 166.57942218224048 48.466432300885536 0
      vertex 166.57942218224048 48.466432300885536 4
      vertex 166.78359215540354 48.959342219125176 0
    endloop
  endfacet
  facet normal -0.3826834323650886 0.9238795325112872 -4.453384260731901e-19
    outer loop
      vertex 165.09356769911446 46.980577817759546 0
      vertex 164.60065778087483 46.77640784459648 0
      vertex 164.60065778087483 46.77640784459648 4
    endloop
  endfacet
  facet normal -0.5224985647159284 0.8526401643541048 0
    outer loop
      vertex 165.09356769911446 46.980577817759546 0
      vertex 165.09356769911446 46.980577817759546 4
      vertex 165.54846985779443 47.25934221912517 0
    endloop
  endfacet
  facet normal -0.7604059656000228 0.649448048330193 0
    outer loop
      vertex 165.95416305603428 47.605836943965734 0
      vertex 165.95416305603428 47.605836943965734 4
      vertex 166.30065778087484 48.01153014220559 0
    endloop
  endfacet
  facet normal -0.852640164354088 0.5224985647159558 0
    outer loop
      vertex 166.30065778087484 48.01153014220559 0
      vertex 166.30065778087484 48.01153014220559 4
      vertex 166.57942218224048 48.466432300885536 0
    endloop
  endfacet
  facet normal -0.649448048330192 0.7604059656000239 0
    outer loop
      vertex 165.54846985779443 47.25934221912517 0
      vertex 165.54846985779443 47.25934221912517 4
      vertex 165.95416305603428 47.605836943965734 0
    endloop
  endfacet
  facet normal -0.9723699203976818 0.23344536385588388 0
    outer loop
      vertex 166.90814035802347 49.47812281886321 0
      vertex 166.78359215540354 48.959342219125176 4
      vertex 166.90814035802347 49.47812281886321 4
    endloop
  endfacet
  facet normal -0.9238795325112938 0.3826834323650725 0
    outer loop
      vertex 166.78359215540354 48.959342219125176 0
      vertex 166.57942218224048 48.466432300885536 4
      vertex 166.78359215540354 48.959342219125176 4
    endloop
  endfacet
  facet normal -0.852640164354088 0.5224985647159558 0
    outer loop
      vertex 166.57942218224048 48.466432300885536 0
      vertex 166.30065778087484 48.01153014220559 4
      vertex 166.57942218224048 48.466432300885536 4
    endloop
  endfacet
  facet normal -0.5224985647159284 0.8526401643541048 0
    outer loop
      vertex 165.54846985779443 47.25934221912517 0
      vertex 165.09356769911446 46.980577817759546 4
      vertex 165.54846985779443 47.25934221912517 4
    endloop
  endfacet
  facet normal -0.3826834323650886 0.9238795325112872 0
    outer loop
      vertex 165.09356769911446 46.980577817759546 0
      vertex 164.60065778087483 46.77640784459648 4
      vertex 165.09356769911446 46.980577817759546 4
    endloop
  endfacet
  facet normal -0.7604059656000228 0.649448048330193 0
    outer loop
      vertex 166.30065778087484 48.01153014220559 0
      vertex 165.95416305603428 47.605836943965734 4
      vertex 166.30065778087484 48.01153014220559 4
    endloop
  endfacet
  facet normal -0.649448048330192 0.7604059656000239 0
    outer loop
      vertex 165.95416305603428 47.605836943965734 0
      vertex 165.54846985779443 47.25934221912517 4
      vertex 165.95416305603428 47.605836943965734 4
    endloop
  endfacet
  facet normal 0.2334453638559151 0.9723699203976743 0
    outer loop
      vertex 162.4993422191252 46.77640784459648 0
      vertex 162.4993422191252 46.77640784459648 4
      vertex 163.01812281886322 46.65185964197653 0
    endloop
  endfacet
  facet normal 0.07845909572783945 0.9969173337331285 0
    outer loop
      vertex 163.01812281886322 46.65185964197653 0
      vertex 163.01812281886322 46.65185964197653 4
      vertex 163.55 46.61 0
    endloop
  endfacet
  facet normal -0.07845909572783945 0.9969173337331285 0
    outer loop
      vertex 163.55 46.61 0
      vertex 163.55 46.61 4
      vertex 164.0818771811368 46.65185964197653 0
    endloop
  endfacet
  facet normal 0.2334453638559151 0.9723699203976743 0
    outer loop
      vertex 163.01812281886322 46.65185964197653 0
      vertex 162.4993422191252 46.77640784459648 4
      vertex 163.01812281886322 46.65185964197653 4
    endloop
  endfacet
  facet normal 0.07845909572783945 0.9969173337331285 0
    outer loop
      vertex 163.55 46.61 0
      vertex 163.01812281886322 46.65185964197653 4
      vertex 163.55 46.61 4
    endloop
  endfacet
  facet normal -0.07845909572783945 0.9969173337331285 0
    outer loop
      vertex 164.0818771811368 46.65185964197653 0
      vertex 163.55 46.61 4
      vertex 164.0818771811368 46.65185964197653 4
    endloop
  endfacet
  facet normal -0.2334453638559151 0.9723699203976743 0
    outer loop
      vertex 164.0818771811368 46.65185964197653 0
      vertex 164.0818771811368 46.65185964197653 4
      vertex 164.60065778087483 46.77640784459648 0
    endloop
  endfacet
  facet normal -0.2334453638559151 0.9723699203976743 0
    outer loop
      vertex 164.60065778087483 46.77640784459648 0
      vertex 164.0818771811368 46.65185964197653 4
      vertex 164.60065778087483 46.77640784459648 4
    endloop
  endfacet
  facet normal 0.6494480483301842 -0.7604059656000305 4.081560001611617e-18
    outer loop
      vertex 161.14583694396575 39.71416305603425 0
      vertex 161.5515301422056 40.060657780874806 0
      vertex 161.5515301422056 40.060657780874806 4
    endloop
  endfacet
  facet normal 0.7604059656000228 -0.649448048330193 -3.493463183630529e-18
    outer loop
      vertex 160.79934221912518 39.3084698577944 0
      vertex 161.14583694396575 39.71416305603425 0
      vertex 161.14583694396575 39.71416305603425 4
    endloop
  endfacet
  facet normal 0.852640164354088 -0.5224985647159558 -3.623403058832785e-18
    outer loop
      vertex 160.52057781775954 38.85356769911445 0
      vertex 160.79934221912518 39.3084698577944 0
      vertex 160.79934221912518 39.3084698577944 4
    endloop
  endfacet
  facet normal 0.9238795325112938 -0.3826834323650725 0
    outer loop
      vertex 160.52057781775954 38.85356769911445 0
      vertex 160.52057781775954 38.85356769911445 4
      vertex 160.31640784459648 38.36065778087481 0
    endloop
  endfacet
  facet normal 0.6494480483301842 -0.7604059656000305 0
    outer loop
      vertex 161.14583694396575 39.71416305603425 0
      vertex 161.5515301422056 40.060657780874806 4
      vertex 161.14583694396575 39.71416305603425 4
    endloop
  endfacet
  facet normal 0.7604059656000228 -0.649448048330193 0
    outer loop
      vertex 160.79934221912518 39.3084698577944 0
      vertex 161.14583694396575 39.71416305603425 4
      vertex 160.79934221912518 39.3084698577944 4
    endloop
  endfacet
  facet normal 0.852640164354088 -0.5224985647159558 0
    outer loop
      vertex 160.52057781775954 38.85356769911445 0
      vertex 160.79934221912518 39.3084698577944 4
      vertex 160.52057781775954 38.85356769911445 4
    endloop
  endfacet
  facet normal 0.9969173337331262 -0.07845909572786695 0
    outer loop
      vertex 160.19185964197655 37.84187718113677 0
      vertex 160.19185964197655 37.84187718113677 4
      vertex 160.15 37.30999999999999 0
    endloop
  endfacet
  facet normal 0.9723699203976818 -0.23344536385588388 0
    outer loop
      vertex 160.31640784459648 38.36065778087481 0
      vertex 160.31640784459648 38.36065778087481 4
      vertex 160.19185964197655 37.84187718113677 0
    endloop
  endfacet
  facet normal 0.9969173337331262 0.07845909572786695 0
    outer loop
      vertex 160.15 37.30999999999999 0
      vertex 160.15 37.30999999999999 4
      vertex 160.19185964197655 36.7781228188632 0
    endloop
  endfacet
  facet normal 0.9723699203976818 0.23344536385588388 0
    outer loop
      vertex 160.19185964197655 36.7781228188632 0
      vertex 160.19185964197655 36.7781228188632 4
      vertex 160.31640784459648 36.259342219125166 0
    endloop
  endfacet
  facet normal 0.9238795325112938 0.3826834323650725 0
    outer loop
      vertex 160.31640784459648 36.259342219125166 0
      vertex 160.31640784459648 36.259342219125166 4
      vertex 160.52057781775954 35.766432300885526 0
    endloop
  endfacet
  facet normal 0.9969173337331262 -0.07845909572786695 0
    outer loop
      vertex 160.15 37.30999999999999 0
      vertex 160.19185964197655 37.84187718113677 4
      vertex 160.15 37.30999999999999 4
    endloop
  endfacet
  facet normal 0.9238795325112938 -0.3826834323650725 0
    outer loop
      vertex 160.31640784459648 38.36065778087481 0
      vertex 160.52057781775954 38.85356769911445 4
      vertex 160.31640784459648 38.36065778087481 4
    endloop
  endfacet
  facet normal 0.9723699203976818 -0.23344536385588388 0
    outer loop
      vertex 160.19185964197655 37.84187718113677 0
      vertex 160.31640784459648 38.36065778087481 4
      vertex 160.19185964197655 37.84187718113677 4
    endloop
  endfacet
  facet normal 0.9969173337331262 0.07845909572786695 0
    outer loop
      vertex 160.19185964197655 36.7781228188632 0
      vertex 160.15 37.30999999999999 4
      vertex 160.19185964197655 36.7781228188632 4
    endloop
  endfacet
  facet normal 0.9723699203976818 0.23344536385588388 0
    outer loop
      vertex 160.31640784459648 36.259342219125166 0
      vertex 160.19185964197655 36.7781228188632 4
      vertex 160.31640784459648 36.259342219125166 4
    endloop
  endfacet
  facet normal 0.9238795325112938 0.3826834323650725 0
    outer loop
      vertex 160.52057781775954 35.766432300885526 0
      vertex 160.31640784459648 36.259342219125166 4
      vertex 160.52057781775954 35.766432300885526 4
    endloop
  endfacet
  facet normal 0.852640164354088 0.5224985647159558 0
    outer loop
      vertex 160.52057781775954 35.766432300885526 0
      vertex 160.52057781775954 35.766432300885526 4
      vertex 160.79934221912518 35.31153014220558 0
    endloop
  endfacet
  facet normal 0.7604059656000228 0.649448048330193 0
    outer loop
      vertex 160.79934221912518 35.31153014220558 0
      vertex 160.79934221912518 35.31153014220558 4
      vertex 161.14583694396575 34.905836943965724 0
    endloop
  endfacet
  facet normal 0.6494480483301842 0.7604059656000305 0
    outer loop
      vertex 161.14583694396575 34.905836943965724 0
      vertex 161.14583694396575 34.905836943965724 4
      vertex 161.5515301422056 34.55934221912517 0
    endloop
  endfacet
  facet normal 0.852640164354088 0.5224985647159558 0
    outer loop
      vertex 160.79934221912518 35.31153014220558 0
      vertex 160.52057781775954 35.766432300885526 4
      vertex 160.79934221912518 35.31153014220558 4
    endloop
  endfacet
  facet normal 0.7604059656000228 0.649448048330193 0
    outer loop
      vertex 161.14583694396575 34.905836943965724 0
      vertex 160.79934221912518 35.31153014220558 4
      vertex 161.14583694396575 34.905836943965724 4
    endloop
  endfacet
  facet normal 0.6494480483301842 0.7604059656000305 0
    outer loop
      vertex 161.5515301422056 34.55934221912517 0
      vertex 161.14583694396575 34.905836943965724 4
      vertex 161.5515301422056 34.55934221912517 4
    endloop
  endfacet
  facet normal 0.2334453638559151 -0.9723699203976743 6.521654249519346e-19
    outer loop
      vertex 162.4993422191252 40.54359215540351 0
      vertex 163.01812281886322 40.66814035802346 0
      vertex 163.01812281886322 40.66814035802346 4
    endloop
  endfacet
  facet normal 0.522498564715938 -0.8526401643540988 -2.439089043925585e-18
    outer loop
      vertex 161.5515301422056 40.060657780874806 0
      vertex 162.00643230088556 40.33942218224044 0
      vertex 162.00643230088556 40.33942218224044 4
    endloop
  endfacet
  facet normal 0.3826834323650886 -0.9238795325112872 -4.453384260731901e-19
    outer loop
      vertex 162.00643230088556 40.33942218224044 0
      vertex 162.4993422191252 40.54359215540351 0
      vertex 162.4993422191252 40.54359215540351 4
    endloop
  endfacet
  facet normal 0.07845909572783945 -0.9969173337331285 7.087050427594052e-19
    outer loop
      vertex 163.01812281886322 40.66814035802346 0
      vertex 163.55 40.70999999999999 0
      vertex 163.55 40.70999999999999 4
    endloop
  endfacet
  facet normal -0.07845909572783945 -0.9969173337331285 -7.087050427594052e-19
    outer loop
      vertex 163.55 40.70999999999999 0
      vertex 164.0818771811368 40.66814035802346 0
      vertex 164.0818771811368 40.66814035802346 4
    endloop
  endfacet
  facet normal 0.3826834323650886 -0.9238795325112872 0
    outer loop
      vertex 162.00643230088556 40.33942218224044 0
      vertex 162.4993422191252 40.54359215540351 4
      vertex 162.00643230088556 40.33942218224044 4
    endloop
  endfacet
  facet normal 0.522498564715938 -0.8526401643540988 0
    outer loop
      vertex 161.5515301422056 40.060657780874806 0
      vertex 162.00643230088556 40.33942218224044 4
      vertex 161.5515301422056 40.060657780874806 4
    endloop
  endfacet
  facet normal 0.2334453638559151 -0.9723699203976743 0
    outer loop
      vertex 162.4993422191252 40.54359215540351 0
      vertex 163.01812281886322 40.66814035802346 4
      vertex 162.4993422191252 40.54359215540351 4
    endloop
  endfacet
  facet normal 0.07845909572783945 -0.9969173337331285 0
    outer loop
      vertex 163.01812281886322 40.66814035802346 0
      vertex 163.55 40.70999999999999 4
      vertex 163.01812281886322 40.66814035802346 4
    endloop
  endfacet
  facet normal -0.07845909572783945 -0.9969173337331285 0
    outer loop
      vertex 163.55 40.70999999999999 0
      vertex 164.0818771811368 40.66814035802346 4
      vertex 163.55 40.70999999999999 4
    endloop
  endfacet
  facet normal -0.2334453638559151 -0.9723699203976743 -6.521654249519346e-19
    outer loop
      vertex 164.0818771811368 40.66814035802346 0
      vertex 164.60065778087483 40.54359215540351 0
      vertex 164.60065778087483 40.54359215540351 4
    endloop
  endfacet
  facet normal -0.3826834323650886 -0.9238795325112872 4.453384260731901e-19
    outer loop
      vertex 164.60065778087483 40.54359215540351 0
      vertex 165.09356769911446 40.33942218224044 0
      vertex 165.09356769911446 40.33942218224044 4
    endloop
  endfacet
  facet normal -0.522498564715938 -0.8526401643540988 2.439089043925585e-18
    outer loop
      vertex 165.09356769911446 40.33942218224044 0
      vertex 165.54846985779443 40.060657780874806 0
      vertex 165.54846985779443 40.060657780874806 4
    endloop
  endfacet
  facet normal -0.6494480483301842 -0.7604059656000305 -4.081560001611617e-18
    outer loop
      vertex 165.54846985779443 40.060657780874806 0
      vertex 165.95416305603428 39.71416305603425 0
      vertex 165.95416305603428 39.71416305603425 4
    endloop
  endfacet
  facet normal -0.7604059656000228 -0.649448048330193 3.493463183630529e-18
    outer loop
      vertex 165.95416305603428 39.71416305603425 0
      vertex 166.30065778087484 39.3084698577944 0
      vertex 166.30065778087484 39.3084698577944 4
    endloop
  endfacet
  facet normal -0.852640164354088 -0.5224985647159558 3.623403058832785e-18
    outer loop
      vertex 166.30065778087484 39.3084698577944 0
      vertex 166.57942218224048 38.85356769911445 0
      vertex 166.57942218224048 38.85356769911445 4
    endloop
  endfacet
  facet normal -0.2334453638559151 -0.9723699203976743 0
    outer loop
      vertex 164.0818771811368 40.66814035802346 0
      vertex 164.60065778087483 40.54359215540351 4
      vertex 164.0818771811368 40.66814035802346 4
    endloop
  endfacet
  facet normal -0.3826834323650886 -0.9238795325112872 0
    outer loop
      vertex 164.60065778087483 40.54359215540351 0
      vertex 165.09356769911446 40.33942218224044 4
      vertex 164.60065778087483 40.54359215540351 4
    endloop
  endfacet
  facet normal -0.522498564715938 -0.8526401643540988 0
    outer loop
      vertex 165.09356769911446 40.33942218224044 0
      vertex 165.54846985779443 40.060657780874806 4
      vertex 165.09356769911446 40.33942218224044 4
    endloop
  endfacet
  facet normal -0.6494480483301842 -0.7604059656000305 0
    outer loop
      vertex 165.54846985779443 40.060657780874806 0
      vertex 165.95416305603428 39.71416305603425 4
      vertex 165.54846985779443 40.060657780874806 4
    endloop
  endfacet
  facet normal -0.7604059656000228 -0.649448048330193 0
    outer loop
      vertex 165.95416305603428 39.71416305603425 0
      vertex 166.30065778087484 39.3084698577944 4
      vertex 165.95416305603428 39.71416305603425 4
    endloop
  endfacet
  facet normal -0.852640164354088 -0.5224985647159558 0
    outer loop
      vertex 166.30065778087484 39.3084698577944 0
      vertex 166.57942218224048 38.85356769911445 4
      vertex 166.30065778087484 39.3084698577944 4
    endloop
  endfacet
  facet normal -0.9238795325112938 -0.3826834323650725 0
    outer loop
      vertex 166.57942218224048 38.85356769911445 0
      vertex 166.78359215540354 38.36065778087481 4
      vertex 166.57942218224048 38.85356769911445 4
    endloop
  endfacet
  facet normal -0.9238795325112938 -0.3826834323650725 -6.286056744266304e-19
    outer loop
      vertex 166.57942218224048 38.85356769911445 0
      vertex 166.78359215540354 38.36065778087481 0
      vertex 166.78359215540354 38.36065778087481 4
    endloop
  endfacet
  facet normal -0.9723699203976818 -0.23344536385588388 -2.6422221014072487e-18
    outer loop
      vertex 166.78359215540354 38.36065778087481 0
      vertex 166.90814035802347 37.84187718113677 0
      vertex 166.90814035802347 37.84187718113677 4
    endloop
  endfacet
  facet normal -0.9723699203976818 0.23344536385588388 2.6422221014072487e-18
    outer loop
      vertex 166.90814035802347 36.7781228188632 0
      vertex 166.78359215540354 36.259342219125166 0
      vertex 166.78359215540354 36.259342219125166 4
    endloop
  endfacet
  facet normal -0.9238795325112938 0.3826834323650725 6.286056744266304e-19
    outer loop
      vertex 166.78359215540354 36.259342219125166 0
      vertex 166.57942218224048 35.766432300885526 0
      vertex 166.57942218224048 35.766432300885526 4
    endloop
  endfacet
  facet normal -0.9723699203976818 -0.23344536385588388 0
    outer loop
      vertex 166.78359215540354 38.36065778087481 0
      vertex 166.90814035802347 37.84187718113677 4
      vertex 166.78359215540354 38.36065778087481 4
    endloop
  endfacet
  facet normal -0.9723699203976818 0.23344536385588388 0
    outer loop
      vertex 166.90814035802347 36.7781228188632 0
      vertex 166.78359215540354 36.259342219125166 4
      vertex 166.90814035802347 36.7781228188632 4
    endloop
  endfacet
  facet normal -0.9238795325112938 0.3826834323650725 0
    outer loop
      vertex 166.78359215540354 36.259342219125166 0
      vertex 166.57942218224048 35.766432300885526 4
      vertex 166.78359215540354 36.259342219125166 4
    endloop
  endfacet
  facet normal 0.522498564715938 0.8526401643540988 0
    outer loop
      vertex 161.5515301422056 34.55934221912517 0
      vertex 161.5515301422056 34.55934221912517 4
      vertex 162.00643230088556 34.280577817759536 0
    endloop
  endfacet
  facet normal 0.3826834323650886 0.9238795325112872 0
    outer loop
      vertex 162.00643230088556 34.280577817759536 0
      vertex 162.00643230088556 34.280577817759536 4
      vertex 162.4993422191252 34.07640784459647 0
    endloop
  endfacet
  facet normal 0.2334453638559151 0.9723699203976743 0
    outer loop
      vertex 162.4993422191252 34.07640784459647 0
      vertex 162.4993422191252 34.07640784459647 4
      vertex 163.01812281886322 33.95185964197652 0
    endloop
  endfacet
  facet normal 0.07845909572783945 0.9969173337331285 0
    outer loop
      vertex 163.01812281886322 33.95185964197652 0
      vertex 163.01812281886322 33.95185964197652 4
      vertex 163.55 33.90999999999999 0
    endloop
  endfacet
  facet normal -0.07845909572783945 0.9969173337331285 0
    outer loop
      vertex 163.55 33.90999999999999 0
      vertex 163.55 33.90999999999999 4
      vertex 164.0818771811368 33.95185964197652 0
    endloop
  endfacet
  facet normal 0.522498564715938 0.8526401643540988 0
    outer loop
      vertex 162.00643230088556 34.280577817759536 0
      vertex 161.5515301422056 34.55934221912517 4
      vertex 162.00643230088556 34.280577817759536 4
    endloop
  endfacet
  facet normal 0.3826834323650886 0.9238795325112872 0
    outer loop
      vertex 162.4993422191252 34.07640784459647 0
      vertex 162.00643230088556 34.280577817759536 4
      vertex 162.4993422191252 34.07640784459647 4
    endloop
  endfacet
  facet normal 0.2334453638559151 0.9723699203976743 0
    outer loop
      vertex 163.01812281886322 33.95185964197652 0
      vertex 162.4993422191252 34.07640784459647 4
      vertex 163.01812281886322 33.95185964197652 4
    endloop
  endfacet
  facet normal 0.07845909572783945 0.9969173337331285 0
    outer loop
      vertex 163.55 33.90999999999999 0
      vertex 163.01812281886322 33.95185964197652 4
      vertex 163.55 33.90999999999999 4
    endloop
  endfacet
  facet normal -0.07845909572783945 0.9969173337331285 0
    outer loop
      vertex 164.0818771811368 33.95185964197652 0
      vertex 163.55 33.90999999999999 4
      vertex 164.0818771811368 33.95185964197652 4
    endloop
  endfacet
  facet normal -0.852640164354088 0.5224985647159558 0
    outer loop
      vertex 166.30065778087484 35.31153014220558 0
      vertex 166.30065778087484 35.31153014220558 4
      vertex 166.57942218224048 35.766432300885526 0
    endloop
  endfacet
  facet normal -0.7604059656000228 0.649448048330193 0
    outer loop
      vertex 165.95416305603428 34.905836943965724 0
      vertex 165.95416305603428 34.905836943965724 4
      vertex 166.30065778087484 35.31153014220558 0
    endloop
  endfacet
  facet normal -0.6494480483301842 0.7604059656000305 0
    outer loop
      vertex 165.54846985779443 34.55934221912517 0
      vertex 165.54846985779443 34.55934221912517 4
      vertex 165.95416305603428 34.905836943965724 0
    endloop
  endfacet
  facet normal -0.3826834323650886 0.9238795325112872 0
    outer loop
      vertex 164.60065778087483 34.07640784459647 0
      vertex 164.60065778087483 34.07640784459647 4
      vertex 165.09356769911446 34.280577817759536 0
    endloop
  endfacet
  facet normal -0.2334453638559151 0.9723699203976743 0
    outer loop
      vertex 164.0818771811368 33.95185964197652 0
      vertex 164.0818771811368 33.95185964197652 4
      vertex 164.60065778087483 34.07640784459647 0
    endloop
  endfacet
  facet normal -0.522498564715938 0.8526401643540988 0
    outer loop
      vertex 165.09356769911446 34.280577817759536 0
      vertex 165.09356769911446 34.280577817759536 4
      vertex 165.54846985779443 34.55934221912517 0
    endloop
  endfacet
  facet normal -0.522498564715938 0.8526401643540988 0
    outer loop
      vertex 165.54846985779443 34.55934221912517 0
      vertex 165.09356769911446 34.280577817759536 4
      vertex 165.54846985779443 34.55934221912517 4
    endloop
  endfacet
  facet normal -0.7604059656000228 0.649448048330193 0
    outer loop
      vertex 166.30065778087484 35.31153014220558 0
      vertex 165.95416305603428 34.905836943965724 4
      vertex 166.30065778087484 35.31153014220558 4
    endloop
  endfacet
  facet normal -0.852640164354088 0.5224985647159558 0
    outer loop
      vertex 166.57942218224048 35.766432300885526 0
      vertex 166.30065778087484 35.31153014220558 4
      vertex 166.57942218224048 35.766432300885526 4
    endloop
  endfacet
  facet normal -0.6494480483301842 0.7604059656000305 0
    outer loop
      vertex 165.95416305603428 34.905836943965724 0
      vertex 165.54846985779443 34.55934221912517 4
      vertex 165.95416305603428 34.905836943965724 4
    endloop
  endfacet
  facet normal -0.2334453638559151 0.9723699203976743 0
    outer loop
      vertex 164.60065778087483 34.07640784459647 0
      vertex 164.0818771811368 33.95185964197652 4
      vertex 164.60065778087483 34.07640784459647 4
    endloop
  endfacet
  facet normal -0.3826834323650886 0.9238795325112872 0
    outer loop
      vertex 165.09356769911446 34.280577817759536 0
      vertex 164.60065778087483 34.07640784459647 4
      vertex 165.09356769911446 34.280577817759536 4
    endloop
  endfacet
  facet normal -0.9969173337331262 -0.07845909572786695 -4.492178955559932e-19
    outer loop
      vertex 166.90814035802347 37.84187718113677 0
      vertex 166.95000000000002 37.30999999999999 0
      vertex 166.95000000000002 37.30999999999999 4
    endloop
  endfacet
  facet normal -0.9969173337331262 0.07845909572786695 4.492178955559932e-19
    outer loop
      vertex 166.95000000000002 37.30999999999999 0
      vertex 166.90814035802347 36.7781228188632 0
      vertex 166.90814035802347 36.7781228188632 4
    endloop
  endfacet
  facet normal -0.9969173337331262 -0.07845909572786695 0
    outer loop
      vertex 166.90814035802347 37.84187718113677 0
      vertex 166.95000000000002 37.30999999999999 4
      vertex 166.90814035802347 37.84187718113677 4
    endloop
  endfacet
  facet normal -0.9969173337331262 0.07845909572786695 0
    outer loop
      vertex 166.95000000000002 37.30999999999999 0
      vertex 166.90814035802347 36.7781228188632 4
      vertex 166.95000000000002 37.30999999999999 4
    endloop
  endfacet
  facet normal 0.6494480483301842 -0.7604059656000305 0
    outer loop
      vertex 161.5515301422056 8.310657780874806 0
      vertex 161.5515301422056 8.310657780874806 4
      vertex 161.14583694396575 7.964163056034252 0
    endloop
  endfacet
  facet normal 0.7604059656000286 -0.6494480483301865 5.645076754590912e-18
    outer loop
      vertex 160.79934221912518 7.5584698577943925 0
      vertex 161.14583694396575 7.964163056034252 0
      vertex 161.14583694396575 7.964163056034252 4
    endloop
  endfacet
  facet normal 0.8526401643540844 -0.5224985647159618 4.6523781979275145e-18
    outer loop
      vertex 160.52057781775954 7.10356769911445 0
      vertex 160.79934221912518 7.5584698577943925 0
      vertex 160.79934221912518 7.5584698577943925 4
    endloop
  endfacet
  facet normal 0.9238795325112958 -0.38268343236506785 0
    outer loop
      vertex 160.52057781775954 7.10356769911445 0
      vertex 160.52057781775954 7.10356769911445 4
      vertex 160.31640784459648 6.610657780874803 0
    endloop
  endfacet
  facet normal 0.9969173337331262 -0.078459095727868 0
    outer loop
      vertex 160.19185964197655 6.091877181136766 0
      vertex 160.19185964197655 6.091877181136766 4
      vertex 160.15 5.559999999999988 0
    endloop
  endfacet
  facet normal 0.9723699203976818 -0.23344536385588388 0
    outer loop
      vertex 160.31640784459648 6.610657780874803 0
      vertex 160.31640784459648 6.610657780874803 4
      vertex 160.19185964197655 6.091877181136766 0
    endloop
  endfacet
  facet normal 0.6494480483301842 -0.7604059656000305 0
    outer loop
      vertex 161.14583694396575 7.964163056034252 0
      vertex 161.5515301422056 8.310657780874806 4
      vertex 161.14583694396575 7.964163056034252 4
    endloop
  endfacet
  facet normal 0.7604059656000286 -0.6494480483301865 0
    outer loop
      vertex 160.79934221912518 7.5584698577943925 0
      vertex 161.14583694396575 7.964163056034252 4
      vertex 160.79934221912518 7.5584698577943925 4
    endloop
  endfacet
  facet normal 0.8526401643540844 -0.5224985647159618 0
    outer loop
      vertex 160.52057781775954 7.10356769911445 0
      vertex 160.79934221912518 7.5584698577943925 4
      vertex 160.52057781775954 7.10356769911445 4
    endloop
  endfacet
  facet normal 0.9969173337331262 -0.078459095727868 0
    outer loop
      vertex 160.15 5.559999999999988 0
      vertex 160.19185964197655 6.091877181136766 4
      vertex 160.15 5.559999999999988 4
    endloop
  endfacet
  facet normal 0.9238795325112958 -0.38268343236506785 0
    outer loop
      vertex 160.31640784459648 6.610657780874803 0
      vertex 160.52057781775954 7.10356769911445 4
      vertex 160.31640784459648 6.610657780874803 4
    endloop
  endfacet
  facet normal 0.9723699203976818 -0.23344536385588388 0
    outer loop
      vertex 160.19185964197655 6.091877181136766 0
      vertex 160.31640784459648 6.610657780874803 4
      vertex 160.19185964197655 6.091877181136766 4
    endloop
  endfacet
  facet normal 0.9969173337331262 0.078459095727868 0
    outer loop
      vertex 160.15 5.559999999999988 0
      vertex 160.15 5.559999999999988 4
      vertex 160.19185964197655 5.02812281886321 0
    endloop
  endfacet
  facet normal 0.9723699203976818 0.23344536385588388 0
    outer loop
      vertex 160.19185964197655 5.02812281886321 0
      vertex 160.19185964197655 5.02812281886321 4
      vertex 160.31640784459648 4.509342219125173 0
    endloop
  endfacet
  facet normal 0.9238795325112958 0.38268343236506785 0
    outer loop
      vertex 160.31640784459648 4.509342219125173 0
      vertex 160.31640784459648 4.509342219125173 4
      vertex 160.52057781775954 4.016432300885526 0
    endloop
  endfacet
  facet normal 0.8526401643540844 0.5224985647159618 0
    outer loop
      vertex 160.52057781775954 4.016432300885526 0
      vertex 160.52057781775954 4.016432300885526 4
      vertex 160.79934221912518 3.5615301422055836 0
    endloop
  endfacet
  facet normal 0.7604059656000286 0.6494480483301865 0
    outer loop
      vertex 160.79934221912518 3.5615301422055836 0
      vertex 160.79934221912518 3.5615301422055836 4
      vertex 161.14583694396575 3.155836943965724 0
    endloop
  endfacet
  facet normal 0.6494480483301842 0.7604059656000305 0
    outer loop
      vertex 161.14583694396575 3.155836943965724 0
      vertex 161.14583694396575 3.155836943965724 4
      vertex 161.5515301422056 2.8093422191251705 0
    endloop
  endfacet
  facet normal 0.9969173337331262 0.078459095727868 0
    outer loop
      vertex 160.19185964197655 5.02812281886321 0
      vertex 160.15 5.559999999999988 4
      vertex 160.19185964197655 5.02812281886321 4
    endloop
  endfacet
  facet normal 0.9723699203976818 0.23344536385588388 0
    outer loop
      vertex 160.31640784459648 4.509342219125173 0
      vertex 160.19185964197655 5.02812281886321 4
      vertex 160.31640784459648 4.509342219125173 4
    endloop
  endfacet
  facet normal 0.9238795325112958 0.38268343236506785 0
    outer loop
      vertex 160.52057781775954 4.016432300885526 0
      vertex 160.31640784459648 4.509342219125173 4
      vertex 160.52057781775954 4.016432300885526 4
    endloop
  endfacet
  facet normal 0.8526401643540844 0.5224985647159618 0
    outer loop
      vertex 160.79934221912518 3.5615301422055836 0
      vertex 160.52057781775954 4.016432300885526 4
      vertex 160.79934221912518 3.5615301422055836 4
    endloop
  endfacet
  facet normal 0.7604059656000286 0.6494480483301865 0
    outer loop
      vertex 161.14583694396575 3.155836943965724 0
      vertex 160.79934221912518 3.5615301422055836 4
      vertex 161.14583694396575 3.155836943965724 4
    endloop
  endfacet
  facet normal 0.6494480483301842 0.7604059656000305 0
    outer loop
      vertex 161.5515301422056 2.8093422191251705 0
      vertex 161.14583694396575 3.155836943965724 4
      vertex 161.5515301422056 2.8093422191251705 4
    endloop
  endfacet
  facet normal 0.522498564715938 -0.8526401643540988 -2.439089043925585e-18
    outer loop
      vertex 161.5515301422056 8.310657780874806 0
      vertex 162.00643230088556 8.58942218224044 0
      vertex 162.00643230088556 8.58942218224044 4
    endloop
  endfacet
  facet normal 0.38268343236509994 -0.9238795325112824 1.9599474653964895e-18
    outer loop
      vertex 162.00643230088556 8.58942218224044 0
      vertex 162.4993422191252 8.793592155403516 0
      vertex 162.4993422191252 8.793592155403516 4
    endloop
  endfacet
  facet normal 0.23344536385588993 -0.9723699203976803 -8.521806422286357e-19
    outer loop
      vertex 162.4993422191252 8.793592155403516 0
      vertex 163.01812281886322 8.91814035802345 0
      vertex 163.01812281886322 8.91814035802345 4
    endloop
  endfacet
  facet normal 0.0784590957278659 -0.9969173337331263 7.908609526268224e-21
    outer loop
      vertex 163.01812281886322 8.91814035802345 0
      vertex 163.55 8.959999999999994 0
      vertex 163.55 8.959999999999994 4
    endloop
  endfacet
  facet normal -0.0784590957278659 -0.9969173337331263 -7.908609526268224e-21
    outer loop
      vertex 163.55 8.959999999999994 0
      vertex 164.0818771811368 8.91814035802345 0
      vertex 164.0818771811368 8.91814035802345 4
    endloop
  endfacet
  facet normal 0.38268343236509994 -0.9238795325112824 0
    outer loop
      vertex 162.00643230088556 8.58942218224044 0
      vertex 162.4993422191252 8.793592155403516 4
      vertex 162.00643230088556 8.58942218224044 4
    endloop
  endfacet
  facet normal 0.522498564715938 -0.8526401643540988 0
    outer loop
      vertex 161.5515301422056 8.310657780874806 0
      vertex 162.00643230088556 8.58942218224044 4
      vertex 161.5515301422056 8.310657780874806 4
    endloop
  endfacet
  facet normal 0.23344536385588993 -0.9723699203976803 0
    outer loop
      vertex 162.4993422191252 8.793592155403516 0
      vertex 163.01812281886322 8.91814035802345 4
      vertex 162.4993422191252 8.793592155403516 4
    endloop
  endfacet
  facet normal 0.0784590957278659 -0.9969173337331263 0
    outer loop
      vertex 163.01812281886322 8.91814035802345 0
      vertex 163.55 8.959999999999994 4
      vertex 163.01812281886322 8.91814035802345 4
    endloop
  endfacet
  facet normal -0.0784590957278659 -0.9969173337331263 0
    outer loop
      vertex 163.55 8.959999999999994 0
      vertex 164.0818771811368 8.91814035802345 4
      vertex 163.55 8.959999999999994 4
    endloop
  endfacet
  facet normal -0.23344536385588993 -0.9723699203976803 8.521806422286357e-19
    outer loop
      vertex 164.0818771811368 8.91814035802345 0
      vertex 164.60065778087483 8.793592155403516 0
      vertex 164.60065778087483 8.793592155403516 4
    endloop
  endfacet
  facet normal -0.38268343236509994 -0.9238795325112824 -1.9599474653964895e-18
    outer loop
      vertex 164.60065778087483 8.793592155403516 0
      vertex 165.09356769911446 8.58942218224044 0
      vertex 165.09356769911446 8.58942218224044 4
    endloop
  endfacet
  facet normal -0.522498564715938 -0.8526401643540988 2.439089043925585e-18
    outer loop
      vertex 165.09356769911446 8.58942218224044 0
      vertex 165.54846985779443 8.310657780874806 0
      vertex 165.54846985779443 8.310657780874806 4
    endloop
  endfacet
  facet normal -0.23344536385588993 -0.9723699203976803 0
    outer loop
      vertex 164.0818771811368 8.91814035802345 0
      vertex 164.60065778087483 8.793592155403516 4
      vertex 164.0818771811368 8.91814035802345 4
    endloop
  endfacet
  facet normal -0.38268343236509994 -0.9238795325112824 0
    outer loop
      vertex 164.60065778087483 8.793592155403516 0
      vertex 165.09356769911446 8.58942218224044 4
      vertex 164.60065778087483 8.793592155403516 4
    endloop
  endfacet
  facet normal -0.522498564715938 -0.8526401643540988 0
    outer loop
      vertex 165.09356769911446 8.58942218224044 0
      vertex 165.54846985779443 8.310657780874806 4
      vertex 165.09356769911446 8.58942218224044 4
    endloop
  endfacet
  facet normal -0.6494480483301842 -0.7604059656000305 -4.081560001611617e-18
    outer loop
      vertex 165.54846985779443 8.310657780874806 0
      vertex 165.95416305603428 7.964163056034252 0
      vertex 165.95416305603428 7.964163056034252 4
    endloop
  endfacet
  facet normal -0.7604059656000286 -0.6494480483301865 -5.645076754590912e-18
    outer loop
      vertex 165.95416305603428 7.964163056034252 0
      vertex 166.30065778087484 7.5584698577943925 0
      vertex 166.30065778087484 7.5584698577943925 4
    endloop
  endfacet
  facet normal -0.8526401643540844 -0.5224985647159618 -4.6523781979275145e-18
    outer loop
      vertex 166.30065778087484 7.5584698577943925 0
      vertex 166.57942218224048 7.10356769911445 0
      vertex 166.57942218224048 7.10356769911445 4
    endloop
  endfacet
  facet normal -0.9238795325112958 -0.38268343236506785 2.395078779900873e-18
    outer loop
      vertex 166.57942218224048 7.10356769911445 0
      vertex 166.78359215540354 6.610657780874803 0
      vertex 166.78359215540354 6.610657780874803 4
    endloop
  endfacet
  facet normal -0.9723699203976818 -0.23344536385588388 -2.6422221014072487e-18
    outer loop
      vertex 166.78359215540354 6.610657780874803 0
      vertex 166.90814035802347 6.091877181136766 0
      vertex 166.90814035802347 6.091877181136766 4
    endloop
  endfacet
  facet normal -0.6494480483301842 -0.7604059656000305 0
    outer loop
      vertex 165.54846985779443 8.310657780874806 0
      vertex 165.95416305603428 7.964163056034252 4
      vertex 165.54846985779443 8.310657780874806 4
    endloop
  endfacet
  facet normal -0.7604059656000286 -0.6494480483301865 0
    outer loop
      vertex 165.95416305603428 7.964163056034252 0
      vertex 166.30065778087484 7.5584698577943925 4
      vertex 165.95416305603428 7.964163056034252 4
    endloop
  endfacet
  facet normal -0.8526401643540844 -0.5224985647159618 0
    outer loop
      vertex 166.30065778087484 7.5584698577943925 0
      vertex 166.57942218224048 7.10356769911445 4
      vertex 166.30065778087484 7.5584698577943925 4
    endloop
  endfacet
  facet normal -0.9238795325112958 -0.38268343236506785 0
    outer loop
      vertex 166.57942218224048 7.10356769911445 0
      vertex 166.78359215540354 6.610657780874803 4
      vertex 166.57942218224048 7.10356769911445 4
    endloop
  endfacet
  facet normal -0.9723699203976818 -0.23344536385588388 0
    outer loop
      vertex 166.78359215540354 6.610657780874803 0
      vertex 166.90814035802347 6.091877181136766 4
      vertex 166.78359215540354 6.610657780874803 4
    endloop
  endfacet
  facet normal -0.9969173337331262 -0.078459095727868 7.352014299885376e-19
    outer loop
      vertex 166.90814035802347 6.091877181136766 0
      vertex 166.95000000000002 5.559999999999988 0
      vertex 166.95000000000002 5.559999999999988 4
    endloop
  endfacet
  facet normal -0.9969173337331262 -0.078459095727868 0
    outer loop
      vertex 166.90814035802347 6.091877181136766 0
      vertex 166.95000000000002 5.559999999999988 4
      vertex 166.90814035802347 6.091877181136766 4
    endloop
  endfacet
  facet normal -0.9723699203976818 0.23344536385588388 2.6422221014072487e-18
    outer loop
      vertex 166.90814035802347 5.02812281886321 0
      vertex 166.78359215540354 4.509342219125173 0
      vertex 166.78359215540354 4.509342219125173 4
    endloop
  endfacet
  facet normal -0.9238795325112958 0.38268343236506785 -2.395078779900873e-18
    outer loop
      vertex 166.78359215540354 4.509342219125173 0
      vertex 166.57942218224048 4.016432300885526 0
      vertex 166.57942218224048 4.016432300885526 4
    endloop
  endfacet
  facet normal -0.8526401643540844 0.5224985647159618 0
    outer loop
      vertex 166.30065778087484 3.5615301422055836 0
      vertex 166.30065778087484 3.5615301422055836 4
      vertex 166.57942218224048 4.016432300885526 0
    endloop
  endfacet
  facet normal -0.7604059656000286 0.6494480483301865 0
    outer loop
      vertex 165.95416305603428 3.155836943965724 0
      vertex 165.95416305603428 3.155836943965724 4
      vertex 166.30065778087484 3.5615301422055836 0
    endloop
  endfacet
  facet normal -0.6494480483301842 0.7604059656000305 0
    outer loop
      vertex 165.54846985779443 2.8093422191251705 0
      vertex 165.54846985779443 2.8093422191251705 4
      vertex 165.95416305603428 3.155836943965724 0
    endloop
  endfacet
  facet normal -0.9723699203976818 0.23344536385588388 0
    outer loop
      vertex 166.90814035802347 5.02812281886321 0
      vertex 166.78359215540354 4.509342219125173 4
      vertex 166.90814035802347 5.02812281886321 4
    endloop
  endfacet
  facet normal -0.9238795325112958 0.38268343236506785 0
    outer loop
      vertex 166.78359215540354 4.509342219125173 0
      vertex 166.57942218224048 4.016432300885526 4
      vertex 166.78359215540354 4.509342219125173 4
    endloop
  endfacet
  facet normal -0.8526401643540844 0.5224985647159618 0
    outer loop
      vertex 166.57942218224048 4.016432300885526 0
      vertex 166.30065778087484 3.5615301422055836 4
      vertex 166.57942218224048 4.016432300885526 4
    endloop
  endfacet
  facet normal -0.7604059656000286 0.6494480483301865 0
    outer loop
      vertex 166.30065778087484 3.5615301422055836 0
      vertex 165.95416305603428 3.155836943965724 4
      vertex 166.30065778087484 3.5615301422055836 4
    endloop
  endfacet
  facet normal -0.6494480483301842 0.7604059656000305 0
    outer loop
      vertex 165.95416305603428 3.155836943965724 0
      vertex 165.54846985779443 2.8093422191251705 4
      vertex 165.95416305603428 3.155836943965724 4
    endloop
  endfacet
  facet normal 0.522498564715938 0.8526401643540988 0
    outer loop
      vertex 161.5515301422056 2.8093422191251705 0
      vertex 161.5515301422056 2.8093422191251705 4
      vertex 162.00643230088556 2.5305778177595357 0
    endloop
  endfacet
  facet normal 0.38268343236509994 0.9238795325112824 0
    outer loop
      vertex 162.00643230088556 2.5305778177595357 0
      vertex 162.00643230088556 2.5305778177595357 4
      vertex 162.4993422191252 2.32640784459646 0
    endloop
  endfacet
  facet normal 0.23344536385588993 0.9723699203976803 0
    outer loop
      vertex 162.4993422191252 2.32640784459646 0
      vertex 162.4993422191252 2.32640784459646 4
      vertex 163.01812281886322 2.201859641976526 0
    endloop
  endfacet
  facet normal 0.0784590957278659 0.9969173337331263 0
    outer loop
      vertex 163.01812281886322 2.201859641976526 0
      vertex 163.01812281886322 2.201859641976526 4
      vertex 163.55 2.1599999999999824 0
    endloop
  endfacet
  facet normal -0.0784590957278659 0.9969173337331263 0
    outer loop
      vertex 163.55 2.1599999999999824 0
      vertex 163.55 2.1599999999999824 4
      vertex 164.0818771811368 2.201859641976526 0
    endloop
  endfacet
  facet normal 0.522498564715938 0.8526401643540988 0
    outer loop
      vertex 162.00643230088556 2.5305778177595357 0
      vertex 161.5515301422056 2.8093422191251705 4
      vertex 162.00643230088556 2.5305778177595357 4
    endloop
  endfacet
  facet normal 0.38268343236509994 0.9238795325112824 0
    outer loop
      vertex 162.4993422191252 2.32640784459646 0
      vertex 162.00643230088556 2.5305778177595357 4
      vertex 162.4993422191252 2.32640784459646 4
    endloop
  endfacet
  facet normal 0.23344536385588993 0.9723699203976803 0
    outer loop
      vertex 163.01812281886322 2.201859641976526 0
      vertex 162.4993422191252 2.32640784459646 4
      vertex 163.01812281886322 2.201859641976526 4
    endloop
  endfacet
  facet normal 0.0784590957278659 0.9969173337331263 0
    outer loop
      vertex 163.55 2.1599999999999824 0
      vertex 163.01812281886322 2.201859641976526 4
      vertex 163.55 2.1599999999999824 4
    endloop
  endfacet
  facet normal -0.0784590957278659 0.9969173337331263 0
    outer loop
      vertex 164.0818771811368 2.201859641976526 0
      vertex 163.55 2.1599999999999824 4
      vertex 164.0818771811368 2.201859641976526 4
    endloop
  endfacet
  facet normal -0.23344536385588993 0.9723699203976803 0
    outer loop
      vertex 164.0818771811368 2.201859641976526 0
      vertex 164.0818771811368 2.201859641976526 4
      vertex 164.60065778087483 2.32640784459646 0
    endloop
  endfacet
  facet normal -0.38268343236509994 0.9238795325112824 0
    outer loop
      vertex 164.60065778087483 2.32640784459646 0
      vertex 164.60065778087483 2.32640784459646 4
      vertex 165.09356769911446 2.5305778177595357 0
    endloop
  endfacet
  facet normal -0.522498564715938 0.8526401643540988 0
    outer loop
      vertex 165.09356769911446 2.5305778177595357 0
      vertex 165.09356769911446 2.5305778177595357 4
      vertex 165.54846985779443 2.8093422191251705 0
    endloop
  endfacet
  facet normal -0.23344536385588993 0.9723699203976803 0
    outer loop
      vertex 164.60065778087483 2.32640784459646 0
      vertex 164.0818771811368 2.201859641976526 4
      vertex 164.60065778087483 2.32640784459646 4
    endloop
  endfacet
  facet normal -0.38268343236509994 0.9238795325112824 0
    outer loop
      vertex 165.09356769911446 2.5305778177595357 0
      vertex 164.60065778087483 2.32640784459646 4
      vertex 165.09356769911446 2.5305778177595357 4
    endloop
  endfacet
  facet normal -0.522498564715938 0.8526401643540988 0
    outer loop
      vertex 165.54846985779443 2.8093422191251705 0
      vertex 165.09356769911446 2.5305778177595357 4
      vertex 165.54846985779443 2.8093422191251705 4
    endloop
  endfacet
  facet normal -0.9969173337331262 0.078459095727868 -7.352014299885376e-19
    outer loop
      vertex 166.95000000000002 5.559999999999988 0
      vertex 166.90814035802347 5.02812281886321 0
      vertex 166.90814035802347 5.02812281886321 4
    endloop
  endfacet
  facet normal -0.9969173337331262 0.078459095727868 0
    outer loop
      vertex 166.95000000000002 5.559999999999988 0
      vertex 166.90814035802347 5.02812281886321 4
      vertex 166.95000000000002 5.559999999999988 4
    endloop
  endfacet
  facet normal 0 0 1
    outer loop
      vertex 161.5515301422056 79.00934221912517 4
      vertex 135 88.11 4
      vertex 135 84.11 4
    endloop
  endfacet
  facet normal 0 1 0
    outer loop
      vertex 172.3 88.11 4
      vertex 135 88.11 0
      vertex 135 88.11 4
    endloop
  endfacet
  facet normal 0 0 1
    outer loop
      vertex 161.5515301422056 79.00934221912517 4
      vertex 135 84.11 4
      vertex 135 82.11 4
    endloop
  endfacet
  facet normal 0 0 1
    outer loop
      vertex 161.5515301422056 79.00934221912517 4
      vertex 135 82.11 4
      vertex 135 38.11 4
    endloop
  endfacet
  facet normal 0 0 -1
    outer loop
      vertex 161.14583694396575 84.16416305603425 0
      vertex 135 88.11 0
      vertex 161.5515301422056 84.51065778087482 0
    endloop
  endfacet
  facet normal 0 0 -1
    outer loop
      vertex 161.5515301422056 84.51065778087482 0
      vertex 135 88.11 0
      vertex 162.00643230088556 84.78942218224044 0
    endloop
  endfacet
  facet normal 0 0 -1
    outer loop
      vertex 162.00643230088556 84.78942218224044 0
      vertex 135 88.11 0
      vertex 162.4993422191252 84.99359215540352 0
    endloop
  endfacet
  facet normal 0 0 1
    outer loop
      vertex 161.14583694396575 84.16416305603425 4
      vertex 161.5515301422056 84.51065778087482 4
      vertex 135 88.11 4
    endloop
  endfacet
  facet normal 0 0 1
    outer loop
      vertex 161.5515301422056 84.51065778087482 4
      vertex 162.00643230088556 84.78942218224044 4
      vertex 135 88.11 4
    endloop
  endfacet
  facet normal 0 0 1
    outer loop
      vertex 162.00643230088556 84.78942218224044 4
      vertex 162.4993422191252 84.99359215540352 4
      vertex 135 88.11 4
    endloop
  endfacet
  facet normal 0 0 -1
    outer loop
      vertex 162.4993422191252 84.99359215540352 0
      vertex 135 88.11 0
      vertex 163.01812281886322 85.11814035802347 0
    endloop
  endfacet
  facet normal 0 0 -1
    outer loop
      vertex 163.01812281886322 85.11814035802347 0
      vertex 135 88.11 0
      vertex 163.55 85.16 0
    endloop
  endfacet
  facet normal 0 0 -1
    outer loop
      vertex 160.52057781775954 83.30356769911445 0
      vertex 135 88.11 0
      vertex 160.79934221912518 83.75846985779441 0
    endloop
  endfacet
  facet normal 0 0 -1
    outer loop
      vertex 160.31640784459648 82.81065778087482 0
      vertex 135 88.11 0
      vertex 160.52057781775954 83.30356769911445 0
    endloop
  endfacet
  facet normal 0 0 -1
    outer loop
      vertex 160.31640784459648 82.81065778087482 0
      vertex 160.19185964197655 82.29187718113678 0
      vertex 135 88.11 0
    endloop
  endfacet
  facet normal 0 0 -1
    outer loop
      vertex 160.19185964197655 82.29187718113678 0
      vertex 160.15 81.75999999999999 0
      vertex 135 88.11 0
    endloop
  endfacet
  facet normal 0 0 -1
    outer loop
      vertex 161.14583694396575 84.16416305603425 0
      vertex 160.79934221912518 83.75846985779441 0
      vertex 135 88.11 0
    endloop
  endfacet
  facet normal 0 0 -1
    outer loop
      vertex 160.15 81.75999999999999 0
      vertex 160.19185964197655 81.22812281886321 0
      vertex 135 88.11 0
    endloop
  endfacet
  facet normal 0 0 -1
    outer loop
      vertex 160.19185964197655 81.22812281886321 0
      vertex 160.31640784459648 80.70934221912518 0
      vertex 135 88.11 0
    endloop
  endfacet
  facet normal 0 0 -1
    outer loop
      vertex 160.31640784459648 80.70934221912518 0
      vertex 160.52057781775954 80.21643230088554 0
      vertex 135 88.11 0
    endloop
  endfacet
  facet normal 0 0 -1
    outer loop
      vertex 160.52057781775954 80.21643230088554 0
      vertex 160.79934221912518 79.76153014220559 0
      vertex 135 88.11 0
    endloop
  endfacet
  facet normal 0 0 1
    outer loop
      vertex 160.52057781775954 83.30356769911445 4
      vertex 160.79934221912518 83.75846985779441 4
      vertex 135 88.11 4
    endloop
  endfacet
  facet normal 0 0 1
    outer loop
      vertex 160.31640784459648 82.81065778087482 4
      vertex 160.52057781775954 83.30356769911445 4
      vertex 135 88.11 4
    endloop
  endfacet
  facet normal 0 0 1
    outer loop
      vertex 160.31640784459648 82.81065778087482 4
      vertex 135 88.11 4
      vertex 160.19185964197655 82.29187718113678 4
    endloop
  endfacet
  facet normal 0 0 1
    outer loop
      vertex 160.19185964197655 82.29187718113678 4
      vertex 135 88.11 4
      vertex 160.15 81.75999999999999 4
    endloop
  endfacet
  facet normal 0 0 1
    outer loop
      vertex 161.14583694396575 84.16416305603425 4
      vertex 135 88.11 4
      vertex 160.79934221912518 83.75846985779441 4
    endloop
  endfacet
  facet normal 0 0 1
    outer loop
      vertex 160.15 81.75999999999999 4
      vertex 135 88.11 4
      vertex 160.19185964197655 81.22812281886321 4
    endloop
  endfacet
  facet normal 0 0 1
    outer loop
      vertex 160.19185964197655 81.22812281886321 4
      vertex 135 88.11 4
      vertex 160.31640784459648 80.70934221912518 4
    endloop
  endfacet
  facet normal 0 0 1
    outer loop
      vertex 160.31640784459648 80.70934221912518 4
      vertex 135 88.11 4
      vertex 160.52057781775954 80.21643230088554 4
    endloop
  endfacet
  facet normal 0 0 1
    outer loop
      vertex 160.52057781775954 80.21643230088554 4
      vertex 135 88.11 4
      vertex 160.79934221912518 79.76153014220559 4
    endloop
  endfacet
  facet normal 0 0 -1
    outer loop
      vertex 163.55 85.16 0
      vertex 135 88.11 0
      vertex 172.3 88.11 0
    endloop
  endfacet
  facet normal 0 0 1
    outer loop
      vertex 162.4993422191252 84.99359215540352 4
      vertex 172.3 88.11 4
      vertex 135 88.11 4
    endloop
  endfacet
  facet normal 0 1 0
    outer loop
      vertex 172.3 88.11 0
      vertex 135 88.11 0
      vertex 172.3 88.11 4
    endloop
  endfacet
  facet normal 0 0 1
    outer loop
      vertex 160.79934221912518 79.76153014220559 4
      vertex 135 88.11 4
      vertex 161.14583694396575 79.35583694396574 4
    endloop
  endfacet
  facet normal 0 0 1
    outer loop
      vertex 161.14583694396575 79.35583694396574 4
      vertex 135 88.11 4
      vertex 161.5515301422056 79.00934221912517 4
    endloop
  endfacet
  facet normal 0 0 -1
    outer loop
      vertex 163.55 85.16 0
      vertex 172.3 88.11 0
      vertex 164.0818771811368 85.11814035802347 0
    endloop
  endfacet
  facet normal 0 0 1
    outer loop
      vertex 162.4993422191252 84.99359215540352 4
      vertex 163.01812281886322 85.11814035802347 4
      vertex 172.3 88.11 4
    endloop
  endfacet
  facet normal 0 0 1
    outer loop
      vertex 163.01812281886322 85.11814035802347 4
      vertex 163.55 85.16 4
      vertex 172.3 88.11 4
    endloop
  endfacet
  facet normal 0 0 1
    outer loop
      vertex 163.55 85.16 4
      vertex 164.0818771811368 85.11814035802347 4
      vertex 172.3 88.11 4
    endloop
  endfacet
  facet normal 0 0 -1
    outer loop
      vertex 164.0818771811368 85.11814035802347 0
      vertex 172.3 88.11 0
      vertex 164.60065778087483 84.99359215540352 0
    endloop
  endfacet
  facet normal 0 0 -1
    outer loop
      vertex 164.60065778087483 84.99359215540352 0
      vertex 172.3 88.11 0
      vertex 165.09356769911446 84.78942218224044 0
    endloop
  endfacet
  facet normal 0 0 -1
    outer loop
      vertex 165.09356769911446 84.78942218224044 0
      vertex 172.3 88.11 0
      vertex 165.54846985779443 84.51065778087482 0
    endloop
  endfacet
  facet normal 0 0 -1
    outer loop
      vertex 165.54846985779443 84.51065778087482 0
      vertex 172.3 88.11 0
      vertex 165.95416305603428 84.16416305603425 0
    endloop
  endfacet
  facet normal 0 0 1
    outer loop
      vertex 164.0818771811368 85.11814035802347 4
      vertex 164.60065778087483 84.99359215540352 4
      vertex 172.3 88.11 4
    endloop
  endfacet
  facet normal 0 0 1
    outer loop
      vertex 164.60065778087483 84.99359215540352 4
      vertex 165.09356769911446 84.78942218224044 4
      vertex 172.3 88.11 4
    endloop
  endfacet
  facet normal 0 0 1
    outer loop
      vertex 165.09356769911446 84.78942218224044 4
      vertex 165.54846985779443 84.51065778087482 4
      vertex 172.3 88.11 4
    endloop
  endfacet
  facet normal 0 0 1
    outer loop
      vertex 165.54846985779443 84.51065778087482 4
      vertex 165.95416305603428 84.16416305603425 4
      vertex 172.3 88.11 4
    endloop
  endfacet
  facet normal 0 0 -1
    outer loop
      vertex 165.95416305603428 84.16416305603425 0
      vertex 172.3 88.11 0
      vertex 166.30065778087484 83.75846985779441 0
    endloop
  endfacet
  facet normal 0 0 -1
    outer loop
      vertex 166.30065778087484 83.75846985779441 0
      vertex 172.3 88.11 0
      vertex 166.57942218224048 83.30356769911445 0
    endloop
  endfacet
  facet normal 0 0 -1
    outer loop
      vertex 166.57942218224048 83.30356769911445 0
      vertex 172.3 88.11 0
      vertex 166.78359215540354 82.81065778087482 0
    endloop
  endfacet
  facet normal 0 0 -1
    outer loop
      vertex 166.78359215540354 82.81065778087482 0
      vertex 172.3 88.11 0
      vertex 166.90814035802347 82.29187718113678 0
    endloop
  endfacet
  facet normal 0 0 -1
    outer loop
      vertex 166.90814035802347 82.29187718113678 0
      vertex 172.3 88.11 0
      vertex 166.95000000000002 81.75999999999999 0
    endloop
  endfacet
  facet normal 0 0 -1
    outer loop
      vertex 166.90814035802347 81.22812281886321 0
      vertex 166.95000000000002 81.75999999999999 0
      vertex 172.3 88.11 0
    endloop
  endfacet
  facet normal 0 0 -1
    outer loop
      vertex 166.90814035802347 81.22812281886321 0
      vertex 172.3 88.11 0
      vertex 166.78359215540354 80.70934221912518 0
    endloop
  endfacet
  facet normal 0 0 1
    outer loop
      vertex 165.95416305603428 84.16416305603425 4
      vertex 166.30065778087484 83.75846985779441 4
      vertex 172.3 88.11 4
    endloop
  endfacet
  facet normal 0 0 1
    outer loop
      vertex 166.30065778087484 83.75846985779441 4
      vertex 166.57942218224048 83.30356769911445 4
      vertex 172.3 88.11 4
    endloop
  endfacet
  facet normal 0 0 1
    outer loop
      vertex 166.57942218224048 83.30356769911445 4
      vertex 166.78359215540354 82.81065778087482 4
      vertex 172.3 88.11 4
    endloop
  endfacet
  facet normal 0 0 1
    outer loop
      vertex 166.78359215540354 82.81065778087482 4
      vertex 166.90814035802347 82.29187718113678 4
      vertex 172.3 88.11 4
    endloop
  endfacet
  facet normal 0 0 1
    outer loop
      vertex 166.90814035802347 82.29187718113678 4
      vertex 166.95000000000002 81.75999999999999 4
      vertex 172.3 88.11 4
    endloop
  endfacet
  facet normal 0 0 1
    outer loop
      vertex 166.90814035802347 81.22812281886321 4
      vertex 172.3 88.11 4
      vertex 166.95000000000002 81.75999999999999 4
    endloop
  endfacet
  facet normal 0 0 1
    outer loop
      vertex 166.90814035802347 81.22812281886321 4
      vertex 166.78359215540354 80.70934221912518 4
      vertex 172.3 88.11 4
    endloop
  endfacet
  facet normal 0 0 -1
    outer loop
      vertex 160.79934221912518 79.76153014220559 0
      vertex 160.79934221912518 52.00846985779441 0
      vertex 135 88.11 0
    endloop
  endfacet
  facet normal 0 0 -1
    outer loop
      vertex 160.79934221912518 79.76153014220559 0
      vertex 161.14583694396575 79.35583694396574 0
      vertex 160.79934221912518 52.00846985779441 0
    endloop
  endfacet
  facet normal 0 0 -1
    outer loop
      vertex 161.14583694396575 79.35583694396574 0
      vertex 161.5515301422056 79.00934221912517 0
      vertex 161.14583694396575 52.41416305603426 0
    endloop
  endfacet
  facet normal 0 0 -1
    outer loop
      vertex 166.78359215540354 80.70934221912518 0
      vertex 172.3 88.11 0
      vertex 166.57942218224048 51.55356769911446 0
    endloop
  endfacet
  facet normal 0 0 -1
    outer loop
      vertex 161.5515301422056 79.00934221912517 0
      vertex 162.00643230088556 78.73057781775955 0
      vertex 161.5515301422056 52.76065778087482 0
    endloop
  endfacet
  facet normal 0 0 -1
    outer loop
      vertex 162.00643230088556 78.73057781775955 0
      vertex 162.4993422191252 78.52640784459648 0
      vertex 162.00643230088556 53.03942218224045 0
    endloop
  endfacet
  facet normal 0 0 -1
    outer loop
      vertex 162.4993422191252 78.52640784459648 0
      vertex 163.01812281886322 78.40185964197653 0
      vertex 162.4993422191252 53.24359215540352 0
    endloop
  endfacet
  facet normal 0 0 -1
    outer loop
      vertex 163.01812281886322 78.40185964197653 0
      vertex 163.55 78.36 0
      vertex 163.01812281886322 53.36814035802347 0
    endloop
  endfacet
  facet normal 0 0 -1
    outer loop
      vertex 163.55 78.36 0
      vertex 164.0818771811368 78.40185964197653 0
      vertex 163.55 53.41 0
    endloop
  endfacet
  facet normal 0 0 -1
    outer loop
      vertex 165.09356769911446 78.73057781775955 0
      vertex 165.54846985779443 79.00934221912517 0
      vertex 165.09356769911446 53.03942218224045 0
    endloop
  endfacet
  facet normal 0 0 -1
    outer loop
      vertex 165.54846985779443 79.00934221912517 0
      vertex 165.95416305603428 79.35583694396574 0
      vertex 165.54846985779443 52.76065778087482 0
    endloop
  endfacet
  facet normal 0 0 -1
    outer loop
      vertex 165.95416305603428 79.35583694396574 0
      vertex 166.30065778087484 79.76153014220559 0
      vertex 165.95416305603428 52.41416305603426 0
    endloop
  endfacet
  facet normal 0 0 -1
    outer loop
      vertex 166.30065778087484 79.76153014220559 0
      vertex 166.57942218224048 80.21643230088554 0
      vertex 166.30065778087484 52.00846985779441 0
    endloop
  endfacet
  facet normal 0 0 -1
    outer loop
      vertex 166.57942218224048 80.21643230088554 0
      vertex 166.78359215540354 80.70934221912518 0
      vertex 166.57942218224048 51.55356769911446 0
    endloop
  endfacet
  facet normal 0 0 -1
    outer loop
      vertex 164.0818771811368 78.40185964197653 0
      vertex 164.60065778087483 78.52640784459648 0
      vertex 164.0818771811368 53.36814035802347 0
    endloop
  endfacet
  facet normal 0 0 -1
    outer loop
      vertex 164.60065778087483 78.52640784459648 0
      vertex 165.09356769911446 78.73057781775955 0
      vertex 164.60065778087483 53.24359215540352 0
    endloop
  endfacet
  facet normal 0 0 1
    outer loop
      vertex 161.5515301422056 79.00934221912517 4
      vertex 135 38.11 4
      vertex 135 35.11 4
    endloop
  endfacet
  facet normal 0 0 -1
    outer loop
      vertex 160.52057781775954 51.55356769911446 0
      vertex 135 88.11 0
      vertex 160.79934221912518 52.00846985779441 0
    endloop
  endfacet
  facet normal 0 0 -1
    outer loop
      vertex 160.31640784459648 51.06065778087482 0
      vertex 135 88.11 0
      vertex 160.52057781775954 51.55356769911446 0
    endloop
  endfacet
  facet normal 0 0 -1
    outer loop
      vertex 160.31640784459648 51.06065778087482 0
      vertex 160.19185964197655 50.54187718113678 0
      vertex 135 88.11 0
    endloop
  endfacet
  facet normal 0 0 -1
    outer loop
      vertex 160.19185964197655 50.54187718113678 0
      vertex 160.15 50.01 0
      vertex 135 88.11 0
    endloop
  endfacet
  facet normal 0 0 -1
    outer loop
      vertex 160.15 50.01 0
      vertex 160.19185964197655 49.47812281886321 0
      vertex 135 88.11 0
    endloop
  endfacet
  facet normal 0 0 -1
    outer loop
      vertex 160.19185964197655 49.47812281886321 0
      vertex 160.31640784459648 48.959342219125176 0
      vertex 135 88.11 0
    endloop
  endfacet
  facet normal 0 0 -1
    outer loop
      vertex 161.5515301422056 79.00934221912517 0
      vertex 161.5515301422056 52.76065778087482 0
      vertex 161.14583694396575 52.41416305603426 0
    endloop
  endfacet
  facet normal 0 0 -1
    outer loop
      vertex 161.14583694396575 79.35583694396574 0
      vertex 161.14583694396575 52.41416305603426 0
      vertex 160.79934221912518 52.00846985779441 0
    endloop
  endfacet
  facet normal 0 0 -1
    outer loop
      vertex 160.31640784459648 48.959342219125176 0
      vertex 160.31640784459648 38.36065778087481 0
      vertex 135 88.11 0
    endloop
  endfacet
  facet normal 0 0 1
    outer loop
      vertex 166.78359215540354 80.70934221912518 4
      vertex 135 0 4
      vertex 172.3 88.11 4
    endloop
  endfacet
  facet normal 0 0 1
    outer loop
      vertex 162.00643230088556 53.03942218224045 4
      vertex 162.4993422191252 53.24359215540352 4
      vertex 172.3 88.11 4
    endloop
  endfacet
  facet normal 0 0 1
    outer loop
      vertex 162.4993422191252 53.24359215540352 4
      vertex 163.01812281886322 53.36814035802347 4
      vertex 172.3 88.11 4
    endloop
  endfacet
  facet normal 0 0 1
    outer loop
      vertex 172.3 88.11 4
      vertex 163.01812281886322 53.36814035802347 4
      vertex 163.55 53.41 4
    endloop
  endfacet
  facet normal 0 0 1
    outer loop
      vertex 172.3 88.11 4
      vertex 163.55 53.41 4
      vertex 164.0818771811368 53.36814035802347 4
    endloop
  endfacet
  facet normal 0 0 1
    outer loop
      vertex 161.14583694396575 52.41416305603426 4
      vertex 172.3 88.11 4
      vertex 160.79934221912518 52.00846985779441 4
    endloop
  endfacet
  facet normal 0 0 1
    outer loop
      vertex 161.14583694396575 52.41416305603426 4
      vertex 161.5515301422056 52.76065778087482 4
      vertex 172.3 88.11 4
    endloop
  endfacet
  facet normal 0 0 1
    outer loop
      vertex 161.5515301422056 52.76065778087482 4
      vertex 162.00643230088556 53.03942218224045 4
      vertex 172.3 88.11 4
    endloop
  endfacet
  facet normal 0 0 1
    outer loop
      vertex 160.52057781775954 51.55356769911446 4
      vertex 160.79934221912518 52.00846985779441 4
      vertex 172.3 88.11 4
    endloop
  endfacet
  facet normal 0 0 1
    outer loop
      vertex 160.31640784459648 51.06065778087482 4
      vertex 160.52057781775954 51.55356769911446 4
      vertex 172.3 88.11 4
    endloop
  endfacet
  facet normal 0 0 -1
    outer loop
      vertex 162.00643230088556 78.73057781775955 0
      vertex 162.00643230088556 53.03942218224045 0
      vertex 161.5515301422056 52.76065778087482 0
    endloop
  endfacet
  facet normal 0 0 -1
    outer loop
      vertex 162.4993422191252 53.24359215540352 0
      vertex 163.01812281886322 78.40185964197653 0
      vertex 163.01812281886322 53.36814035802347 0
    endloop
  endfacet
  facet normal 0 0 -1
    outer loop
      vertex 162.4993422191252 78.52640784459648 0
      vertex 162.4993422191252 53.24359215540352 0
      vertex 162.00643230088556 53.03942218224045 0
    endloop
  endfacet
  facet normal 0 0 -1
    outer loop
      vertex 163.55 78.36 0
      vertex 163.55 53.41 0
      vertex 163.01812281886322 53.36814035802347 0
    endloop
  endfacet
  facet normal 0 0 -1
    outer loop
      vertex 164.0818771811368 78.40185964197653 0
      vertex 164.0818771811368 53.36814035802347 0
      vertex 163.55 53.41 0
    endloop
  endfacet
  facet normal 0 0 -1
    outer loop
      vertex 164.60065778087483 78.52640784459648 0
      vertex 164.60065778087483 53.24359215540352 0
      vertex 164.0818771811368 53.36814035802347 0
    endloop
  endfacet
  facet normal 0 0 -1
    outer loop
      vertex 165.09356769911446 78.73057781775955 0
      vertex 165.09356769911446 53.03942218224045 0
      vertex 164.60065778087483 53.24359215540352 0
    endloop
  endfacet
  facet normal 0 0 -1
    outer loop
      vertex 165.54846985779443 79.00934221912517 0
      vertex 165.54846985779443 52.76065778087482 0
      vertex 165.09356769911446 53.03942218224045 0
    endloop
  endfacet
  facet normal 0 0 -1
    outer loop
      vertex 165.95416305603428 79.35583694396574 0
      vertex 165.95416305603428 52.41416305603426 0
      vertex 165.54846985779443 52.76065778087482 0
    endloop
  endfacet
  facet normal 0 0 -1
    outer loop
      vertex 166.30065778087484 79.76153014220559 0
      vertex 166.30065778087484 52.00846985779441 0
      vertex 165.95416305603428 52.41416305603426 0
    endloop
  endfacet
  facet normal 0 0 -1
    outer loop
      vertex 166.57942218224048 80.21643230088554 0
      vertex 166.57942218224048 51.55356769911446 0
      vertex 166.30065778087484 52.00846985779441 0
    endloop
  endfacet
  facet normal 0 0 -1
    outer loop
      vertex 172.3 88.11 0
      vertex 166.78359215540354 51.06065778087482 0
      vertex 166.57942218224048 51.55356769911446 0
    endloop
  endfacet
  facet normal 0 0 1
    outer loop
      vertex 172.3 88.11 4
      vertex 164.0818771811368 53.36814035802347 4
      vertex 164.60065778087483 53.24359215540352 4
    endloop
  endfacet
  facet normal 0 0 1
    outer loop
      vertex 172.3 88.11 4
      vertex 164.60065778087483 53.24359215540352 4
      vertex 165.09356769911446 53.03942218224045 4
    endloop
  endfacet
  facet normal 0 0 1
    outer loop
      vertex 172.3 88.11 4
      vertex 165.09356769911446 53.03942218224045 4
      vertex 165.54846985779443 52.76065778087482 4
    endloop
  endfacet
  facet normal 0 0 1
    outer loop
      vertex 172.3 88.11 4
      vertex 165.54846985779443 52.76065778087482 4
      vertex 165.95416305603428 52.41416305603426 4
    endloop
  endfacet
  facet normal 0 0 1
    outer loop
      vertex 172.3 88.11 4
      vertex 165.95416305603428 52.41416305603426 4
      vertex 166.30065778087484 52.00846985779441 4
    endloop
  endfacet
  facet normal 0 0 1
    outer loop
      vertex 172.3 88.11 4
      vertex 166.30065778087484 52.00846985779441 4
      vertex 166.57942218224048 51.55356769911446 4
    endloop
  endfacet
  facet normal 0 0 1
    outer loop
      vertex 172.3 88.11 4
      vertex 166.57942218224048 51.55356769911446 4
      vertex 166.78359215540354 51.06065778087482 4
    endloop
  endfacet
  facet normal 0 0 -1
    outer loop
      vertex 172.3 88.11 0
      vertex 166.90814035802347 50.54187718113678 0
      vertex 166.78359215540354 51.06065778087482 0
    endloop
  endfacet
  facet normal 0 0 1
    outer loop
      vertex 172.3 88.11 4
      vertex 166.78359215540354 51.06065778087482 4
      vertex 166.90814035802347 50.54187718113678 4
    endloop
  endfacet
  facet normal 0 0 1
    outer loop
      vertex 172.3 88.11 4
      vertex 166.90814035802347 50.54187718113678 4
      vertex 166.95000000000002 50.01 4
    endloop
  endfacet
  facet normal 0 0 1
    outer loop
      vertex 172.3 88.11 4
      vertex 166.95000000000002 50.01 4
      vertex 166.90814035802347 49.47812281886321 4
    endloop
  endfacet
  facet normal 0 0 1
    outer loop
      vertex 172.3 88.11 4
      vertex 166.90814035802347 49.47812281886321 4
      vertex 166.78359215540354 38.36065778087481 4
    endloop
  endfacet
  facet normal 1 0 0
    outer loop
      vertex 172.3 88.11 0
      vertex 172.3 88.11 4
      vertex 172.3 0 0
    endloop
  endfacet
  facet normal 0 0 -1
    outer loop
      vertex 160.31640784459648 38.36065778087481 0
      vertex 160.19185964197655 37.84187718113677 0
      vertex 135 88.11 0
    endloop
  endfacet
  facet normal 0 0 -1
    outer loop
      vertex 160.19185964197655 37.84187718113677 0
      vertex 160.15 37.30999999999999 0
      vertex 135 88.11 0
    endloop
  endfacet
  facet normal 0 0 -1
    outer loop
      vertex 160.15 37.30999999999999 0
      vertex 160.19185964197655 36.7781228188632 0
      vertex 135 88.11 0
    endloop
  endfacet
  facet normal 0 0 -1
    outer loop
      vertex 160.19185964197655 36.7781228188632 0
      vertex 160.31640784459648 36.259342219125166 0
      vertex 135 88.11 0
    endloop
  endfacet
  facet normal 0 0 -1
    outer loop
      vertex 160.31640784459648 36.259342219125166 0
      vertex 160.52057781775954 35.766432300885526 0
      vertex 135 88.11 0
    endloop
  endfacet
  facet normal 0 0 1
    outer loop
      vertex 161.5515301422056 79.00934221912517 4
      vertex 135 0 4
      vertex 162.00643230088556 78.73057781775955 4
    endloop
  endfacet
  facet normal 0 0 1
    outer loop
      vertex 162.00643230088556 78.73057781775955 4
      vertex 135 0 4
      vertex 162.4993422191252 78.52640784459648 4
    endloop
  endfacet
  facet normal 0 0 1
    outer loop
      vertex 166.57942218224048 80.21643230088554 4
      vertex 135 0 4
      vertex 166.78359215540354 80.70934221912518 4
    endloop
  endfacet
  facet normal 0 0 1
    outer loop
      vertex 165.95416305603428 79.35583694396574 4
      vertex 135 0 4
      vertex 166.30065778087484 79.76153014220559 4
    endloop
  endfacet
  facet normal 0 0 1
    outer loop
      vertex 166.30065778087484 79.76153014220559 4
      vertex 135 0 4
      vertex 166.57942218224048 80.21643230088554 4
    endloop
  endfacet
  facet normal 0 0 1
    outer loop
      vertex 164.60065778087483 78.52640784459648 4
      vertex 135 0 4
      vertex 165.09356769911446 78.73057781775955 4
    endloop
  endfacet
  facet normal 0 0 1
    outer loop
      vertex 165.09356769911446 78.73057781775955 4
      vertex 135 0 4
      vertex 165.54846985779443 79.00934221912517 4
    endloop
  endfacet
  facet normal 0 0 1
    outer loop
      vertex 165.54846985779443 79.00934221912517 4
      vertex 135 0 4
      vertex 165.95416305603428 79.35583694396574 4
    endloop
  endfacet
  facet normal 0 0 1
    outer loop
      vertex 162.4993422191252 78.52640784459648 4
      vertex 135 0 4
      vertex 163.01812281886322 78.40185964197653 4
    endloop
  endfacet
  facet normal 0 0 1
    outer loop
      vertex 163.01812281886322 78.40185964197653 4
      vertex 135 0 4
      vertex 163.55 78.36 4
    endloop
  endfacet
  facet normal 0 0 1
    outer loop
      vertex 163.55 78.36 4
      vertex 135 0 4
      vertex 164.0818771811368 78.40185964197653 4
    endloop
  endfacet
  facet normal 0 0 1
    outer loop
      vertex 164.0818771811368 78.40185964197653 4
      vertex 135 0 4
      vertex 164.60065778087483 78.52640784459648 4
    endloop
  endfacet
  facet normal 0 0 1
    outer loop
      vertex 160.31640784459648 51.06065778087482 4
      vertex 172.3 88.11 4
      vertex 135 0 4
    endloop
  endfacet
  facet normal 0 0 -1
    outer loop
      vertex 160.31640784459648 48.959342219125176 0
      vertex 160.52057781775954 48.466432300885536 0
      vertex 160.31640784459648 38.36065778087481 0
    endloop
  endfacet
  facet normal 0 0 -1
    outer loop
      vertex 160.52057781775954 48.466432300885536 0
      vertex 160.79934221912518 48.01153014220559 0
      vertex 160.52057781775954 38.85356769911445 0
    endloop
  endfacet
  facet normal 0 0 -1
    outer loop
      vertex 160.79934221912518 48.01153014220559 0
      vertex 161.14583694396575 47.605836943965734 0
      vertex 160.79934221912518 39.3084698577944 0
    endloop
  endfacet
  facet normal 0 0 -1
    outer loop
      vertex 161.14583694396575 47.605836943965734 0
      vertex 161.5515301422056 47.25934221912517 0
      vertex 161.14583694396575 39.71416305603425 0
    endloop
  endfacet
  facet normal 0 0 1
    outer loop
      vertex 160.31640784459648 48.959342219125176 4
      vertex 160.52057781775954 38.85356769911445 4
      vertex 160.52057781775954 48.466432300885536 4
    endloop
  endfacet
  facet normal 0 0 1
    outer loop
      vertex 160.52057781775954 48.466432300885536 4
      vertex 160.79934221912518 39.3084698577944 4
      vertex 160.79934221912518 48.01153014220559 4
    endloop
  endfacet
  facet normal 0 0 1
    outer loop
      vertex 160.79934221912518 48.01153014220559 4
      vertex 161.14583694396575 39.71416305603425 4
      vertex 161.14583694396575 47.605836943965734 4
    endloop
  endfacet
  facet normal 0 0 1
    outer loop
      vertex 161.14583694396575 47.605836943965734 4
      vertex 161.5515301422056 40.060657780874806 4
      vertex 161.5515301422056 47.25934221912517 4
    endloop
  endfacet
  facet normal 0 0 1
    outer loop
      vertex 172.3 88.11 4
      vertex 166.78359215540354 38.36065778087481 4
      vertex 166.90814035802347 37.84187718113677 4
    endloop
  endfacet
  facet normal 0 0 1
    outer loop
      vertex 172.3 88.11 4
      vertex 166.90814035802347 37.84187718113677 4
      vertex 166.95000000000002 37.30999999999999 4
    endloop
  endfacet
  facet normal 0 0 1
    outer loop
      vertex 172.3 88.11 4
      vertex 166.95000000000002 37.30999999999999 4
      vertex 166.90814035802347 36.7781228188632 4
    endloop
  endfacet
  facet normal 0 0 -1
    outer loop
      vertex 161.5515301422056 47.25934221912517 0
      vertex 162.00643230088556 46.980577817759546 0
      vertex 161.5515301422056 40.060657780874806 0
    endloop
  endfacet
  facet normal 0 0 -1
    outer loop
      vertex 162.00643230088556 46.980577817759546 0
      vertex 162.4993422191252 46.77640784459648 0
      vertex 162.00643230088556 40.33942218224044 0
    endloop
  endfacet
  facet normal 0 0 -1
    outer loop
      vertex 162.4993422191252 46.77640784459648 0
      vertex 163.01812281886322 46.65185964197653 0
      vertex 162.4993422191252 40.54359215540351 0
    endloop
  endfacet
  facet normal 0 0 -1
    outer loop
      vertex 163.01812281886322 46.65185964197653 0
      vertex 163.55 46.61 0
      vertex 163.01812281886322 40.66814035802346 0
    endloop
  endfacet
  facet normal 0 0 -1
    outer loop
      vertex 163.55 46.61 0
      vertex 164.0818771811368 46.65185964197653 0
      vertex 163.55 40.70999999999999 0
    endloop
  endfacet
  facet normal 0 0 1
    outer loop
      vertex 161.5515301422056 47.25934221912517 4
      vertex 162.00643230088556 40.33942218224044 4
      vertex 162.00643230088556 46.980577817759546 4
    endloop
  endfacet
  facet normal 0 0 1
    outer loop
      vertex 162.00643230088556 46.980577817759546 4
      vertex 162.4993422191252 40.54359215540351 4
      vertex 162.4993422191252 46.77640784459648 4
    endloop
  endfacet
  facet normal 0 0 1
    outer loop
      vertex 162.4993422191252 46.77640784459648 4
      vertex 163.01812281886322 40.66814035802346 4
      vertex 163.01812281886322 46.65185964197653 4
    endloop
  endfacet
  facet normal 0 0 1
    outer loop
      vertex 163.01812281886322 46.65185964197653 4
      vertex 163.55 40.70999999999999 4
      vertex 163.55 46.61 4
    endloop
  endfacet
  facet normal 0 0 1
    outer loop
      vertex 163.55 46.61 4
      vertex 164.0818771811368 40.66814035802346 4
      vertex 164.0818771811368 46.65185964197653 4
    endloop
  endfacet
  facet normal 0 0 -1
    outer loop
      vertex 165.09356769911446 46.980577817759546 0
      vertex 164.60065778087483 40.54359215540351 0
      vertex 164.60065778087483 46.77640784459648 0
    endloop
  endfacet
  facet normal 0 0 -1
    outer loop
      vertex 165.09356769911446 46.980577817759546 0
      vertex 165.54846985779443 47.25934221912517 0
      vertex 165.09356769911446 40.33942218224044 0
    endloop
  endfacet
  facet normal 0 0 -1
    outer loop
      vertex 164.0818771811368 46.65185964197653 0
      vertex 164.60065778087483 46.77640784459648 0
      vertex 164.0818771811368 40.66814035802346 0
    endloop
  endfacet
  facet normal 0 0 -1
    outer loop
      vertex 165.95416305603428 47.605836943965734 0
      vertex 166.30065778087484 48.01153014220559 0
      vertex 165.95416305603428 39.71416305603425 0
    endloop
  endfacet
  facet normal 0 0 -1
    outer loop
      vertex 165.54846985779443 47.25934221912517 0
      vertex 165.95416305603428 47.605836943965734 0
      vertex 165.54846985779443 40.060657780874806 0
    endloop
  endfacet
  facet normal 0 0 -1
    outer loop
      vertex 166.30065778087484 48.01153014220559 0
      vertex 166.57942218224048 48.466432300885536 0
      vertex 166.30065778087484 39.3084698577944 0
    endloop
  endfacet
  facet normal 0 0 -1
    outer loop
      vertex 166.57942218224048 48.466432300885536 0
      vertex 166.78359215540354 48.959342219125176 0
      vertex 166.57942218224048 38.85356769911445 0
    endloop
  endfacet
  facet normal 0 0 1
    outer loop
      vertex 166.90814035802347 49.47812281886321 4
      vertex 166.78359215540354 48.959342219125176 4
      vertex 166.78359215540354 38.36065778087481 4
    endloop
  endfacet
  facet normal 0 0 1
    outer loop
      vertex 165.09356769911446 46.980577817759546 4
      vertex 165.54846985779443 40.060657780874806 4
      vertex 165.54846985779443 47.25934221912517 4
    endloop
  endfacet
  facet normal 0 0 1
    outer loop
      vertex 164.0818771811368 46.65185964197653 4
      vertex 164.60065778087483 40.54359215540351 4
      vertex 164.60065778087483 46.77640784459648 4
    endloop
  endfacet
  facet normal 0 0 1
    outer loop
      vertex 165.09356769911446 46.980577817759546 4
      vertex 164.60065778087483 46.77640784459648 4
      vertex 165.09356769911446 40.33942218224044 4
    endloop
  endfacet
  facet normal 0 0 1
    outer loop
      vertex 165.54846985779443 47.25934221912517 4
      vertex 165.95416305603428 39.71416305603425 4
      vertex 165.95416305603428 47.605836943965734 4
    endloop
  endfacet
  facet normal 0 0 1
    outer loop
      vertex 165.95416305603428 47.605836943965734 4
      vertex 166.30065778087484 39.3084698577944 4
      vertex 166.30065778087484 48.01153014220559 4
    endloop
  endfacet
  facet normal 0 0 1
    outer loop
      vertex 166.30065778087484 48.01153014220559 4
      vertex 166.57942218224048 38.85356769911445 4
      vertex 166.57942218224048 48.466432300885536 4
    endloop
  endfacet
  facet normal 0 0 1
    outer loop
      vertex 166.57942218224048 48.466432300885536 4
      vertex 166.78359215540354 38.36065778087481 4
      vertex 166.78359215540354 48.959342219125176 4
    endloop
  endfacet
  facet normal 0 0 -1
    outer loop
      vertex 172.3 88.11 0
      vertex 172.3 0 0
      vertex 166.90814035802347 50.54187718113678 0
    endloop
  endfacet
  facet normal 0 0 1
    outer loop
      vertex 161.5515301422056 79.00934221912517 4
      vertex 135 35.11 4
      vertex 135 0 4
    endloop
  endfacet
  facet normal 0 0 -1
    outer loop
      vertex 161.5515301422056 8.310657780874806 0
      vertex 135 0 0
      vertex 135 88.11 0
    endloop
  endfacet
  facet normal 0 0 -1
    outer loop
      vertex 160.52057781775954 35.766432300885526 0
      vertex 172.3 0 0
      vertex 135 88.11 0
    endloop
  endfacet
  facet normal 0 0 -1
    outer loop
      vertex 160.79934221912518 48.01153014220559 0
      vertex 160.79934221912518 39.3084698577944 0
      vertex 160.52057781775954 38.85356769911445 0
    endloop
  endfacet
  facet normal 0 0 -1
    outer loop
      vertex 161.5515301422056 47.25934221912517 0
      vertex 161.5515301422056 40.060657780874806 0
      vertex 161.14583694396575 39.71416305603425 0
    endloop
  endfacet
  facet normal 0 0 -1
    outer loop
      vertex 161.14583694396575 47.605836943965734 0
      vertex 161.14583694396575 39.71416305603425 0
      vertex 160.79934221912518 39.3084698577944 0
    endloop
  endfacet
  facet normal 0 0 -1
    outer loop
      vertex 160.52057781775954 48.466432300885536 0
      vertex 160.52057781775954 38.85356769911445 0
      vertex 160.31640784459648 38.36065778087481 0
    endloop
  endfacet
  facet normal 0 0 1
    outer loop
      vertex 160.31640784459648 48.959342219125176 4
      vertex 160.31640784459648 38.36065778087481 4
      vertex 160.52057781775954 38.85356769911445 4
    endloop
  endfacet
  facet normal 0 0 1
    outer loop
      vertex 160.52057781775954 48.466432300885536 4
      vertex 160.52057781775954 38.85356769911445 4
      vertex 160.79934221912518 39.3084698577944 4
    endloop
  endfacet
  facet normal 0 0 1
    outer loop
      vertex 160.79934221912518 48.01153014220559 4
      vertex 160.79934221912518 39.3084698577944 4
      vertex 161.14583694396575 39.71416305603425 4
    endloop
  endfacet
  facet normal 0 0 1
    outer loop
      vertex 161.14583694396575 47.605836943965734 4
      vertex 161.14583694396575 39.71416305603425 4
      vertex 161.5515301422056 40.060657780874806 4
    endloop
  endfacet
  facet normal 0 0 -1
    outer loop
      vertex 162.00643230088556 8.58942218224044 0
      vertex 135 88.11 0
      vertex 162.4993422191252 8.793592155403516 0
    endloop
  endfacet
  facet normal 0 0 -1
    outer loop
      vertex 161.5515301422056 8.310657780874806 0
      vertex 135 88.11 0
      vertex 162.00643230088556 8.58942218224044 0
    endloop
  endfacet
  facet normal 0 0 1
    outer loop
      vertex 160.31640784459648 51.06065778087482 4
      vertex 135 0 4
      vertex 160.19185964197655 50.54187718113678 4
    endloop
  endfacet
  facet normal 0 0 1
    outer loop
      vertex 160.19185964197655 50.54187718113678 4
      vertex 135 0 4
      vertex 160.15 50.01 4
    endloop
  endfacet
  facet normal 0 0 1
    outer loop
      vertex 160.15 50.01 4
      vertex 135 0 4
      vertex 160.19185964197655 49.47812281886321 4
    endloop
  endfacet
  facet normal 0 0 -1
    outer loop
      vertex 162.4993422191252 8.793592155403516 0
      vertex 135 88.11 0
      vertex 163.01812281886322 8.91814035802345 0
    endloop
  endfacet
  facet normal 0 0 -1
    outer loop
      vertex 163.01812281886322 8.91814035802345 0
      vertex 135 88.11 0
      vertex 163.55 8.959999999999994 0
    endloop
  endfacet
  facet normal 0 0 -1
    outer loop
      vertex 163.55 8.959999999999994 0
      vertex 135 88.11 0
      vertex 164.0818771811368 8.91814035802345 0
    endloop
  endfacet
  facet normal 0 0 -1
    outer loop
      vertex 164.0818771811368 8.91814035802345 0
      vertex 135 88.11 0
      vertex 164.60065778087483 8.793592155403516 0
    endloop
  endfacet
  facet normal 0 0 -1
    outer loop
      vertex 164.60065778087483 8.793592155403516 0
      vertex 135 88.11 0
      vertex 165.09356769911446 8.58942218224044 0
    endloop
  endfacet
  facet normal 0 0 -1
    outer loop
      vertex 165.09356769911446 8.58942218224044 0
      vertex 135 88.11 0
      vertex 165.54846985779443 8.310657780874806 0
    endloop
  endfacet
  facet normal 0 0 -1
    outer loop
      vertex 165.54846985779443 8.310657780874806 0
      vertex 135 88.11 0
      vertex 165.95416305603428 7.964163056034252 0
    endloop
  endfacet
  facet normal 0 0 -1
    outer loop
      vertex 165.95416305603428 7.964163056034252 0
      vertex 135 88.11 0
      vertex 166.30065778087484 7.5584698577943925 0
    endloop
  endfacet
  facet normal 0 0 -1
    outer loop
      vertex 162.00643230088556 46.980577817759546 0
      vertex 162.00643230088556 40.33942218224044 0
      vertex 161.5515301422056 40.060657780874806 0
    endloop
  endfacet
  facet normal 0 0 -1
    outer loop
      vertex 162.4993422191252 46.77640784459648 0
      vertex 162.4993422191252 40.54359215540351 0
      vertex 162.00643230088556 40.33942218224044 0
    endloop
  endfacet
  facet normal 0 0 -1
    outer loop
      vertex 163.01812281886322 46.65185964197653 0
      vertex 163.01812281886322 40.66814035802346 0
      vertex 162.4993422191252 40.54359215540351 0
    endloop
  endfacet
  facet normal 0 0 -1
    outer loop
      vertex 163.55 46.61 0
      vertex 163.55 40.70999999999999 0
      vertex 163.01812281886322 40.66814035802346 0
    endloop
  endfacet
  facet normal 0 0 -1
    outer loop
      vertex 164.0818771811368 46.65185964197653 0
      vertex 164.0818771811368 40.66814035802346 0
      vertex 163.55 40.70999999999999 0
    endloop
  endfacet
  facet normal 0 0 1
    outer loop
      vertex 161.5515301422056 47.25934221912517 4
      vertex 161.5515301422056 40.060657780874806 4
      vertex 162.00643230088556 40.33942218224044 4
    endloop
  endfacet
  facet normal 0 0 1
    outer loop
      vertex 162.00643230088556 46.980577817759546 4
      vertex 162.00643230088556 40.33942218224044 4
      vertex 162.4993422191252 40.54359215540351 4
    endloop
  endfacet
  facet normal 0 0 1
    outer loop
      vertex 162.4993422191252 46.77640784459648 4
      vertex 162.4993422191252 40.54359215540351 4
      vertex 163.01812281886322 40.66814035802346 4
    endloop
  endfacet
  facet normal 0 0 1
    outer loop
      vertex 163.01812281886322 46.65185964197653 4
      vertex 163.01812281886322 40.66814035802346 4
      vertex 163.55 40.70999999999999 4
    endloop
  endfacet
  facet normal 0 0 1
    outer loop
      vertex 163.55 46.61 4
      vertex 163.55 40.70999999999999 4
      vertex 164.0818771811368 40.66814035802346 4
    endloop
  endfacet
  facet normal 0 0 -1
    outer loop
      vertex 164.60065778087483 46.77640784459648 0
      vertex 164.60065778087483 40.54359215540351 0
      vertex 164.0818771811368 40.66814035802346 0
    endloop
  endfacet
  facet normal 0 0 -1
    outer loop
      vertex 165.09356769911446 46.980577817759546 0
      vertex 165.09356769911446 40.33942218224044 0
      vertex 164.60065778087483 40.54359215540351 0
    endloop
  endfacet
  facet normal 0 0 -1
    outer loop
      vertex 165.54846985779443 47.25934221912517 0
      vertex 165.54846985779443 40.060657780874806 0
      vertex 165.09356769911446 40.33942218224044 0
    endloop
  endfacet
  facet normal 0 0 -1
    outer loop
      vertex 165.95416305603428 47.605836943965734 0
      vertex 165.95416305603428 39.71416305603425 0
      vertex 165.54846985779443 40.060657780874806 0
    endloop
  endfacet
  facet normal 0 0 -1
    outer loop
      vertex 166.30065778087484 48.01153014220559 0
      vertex 166.30065778087484 39.3084698577944 0
      vertex 165.95416305603428 39.71416305603425 0
    endloop
  endfacet
  facet normal 0 0 -1
    outer loop
      vertex 166.57942218224048 48.466432300885536 0
      vertex 166.57942218224048 38.85356769911445 0
      vertex 166.30065778087484 39.3084698577944 0
    endloop
  endfacet
  facet normal 0 0 -1
    outer loop
      vertex 166.78359215540354 48.959342219125176 0
      vertex 166.78359215540354 38.36065778087481 0
      vertex 166.57942218224048 38.85356769911445 0
    endloop
  endfacet
  facet normal 0 0 -1
    outer loop
      vertex 166.78359215540354 48.959342219125176 0
      vertex 166.90814035802347 37.84187718113677 0
      vertex 166.78359215540354 38.36065778087481 0
    endloop
  endfacet
  facet normal 0 0 1
    outer loop
      vertex 164.0818771811368 46.65185964197653 4
      vertex 164.0818771811368 40.66814035802346 4
      vertex 164.60065778087483 40.54359215540351 4
    endloop
  endfacet
  facet normal 0 0 1
    outer loop
      vertex 164.60065778087483 46.77640784459648 4
      vertex 164.60065778087483 40.54359215540351 4
      vertex 165.09356769911446 40.33942218224044 4
    endloop
  endfacet
  facet normal 0 0 1
    outer loop
      vertex 165.09356769911446 46.980577817759546 4
      vertex 165.09356769911446 40.33942218224044 4
      vertex 165.54846985779443 40.060657780874806 4
    endloop
  endfacet
  facet normal 0 0 1
    outer loop
      vertex 165.54846985779443 47.25934221912517 4
      vertex 165.54846985779443 40.060657780874806 4
      vertex 165.95416305603428 39.71416305603425 4
    endloop
  endfacet
  facet normal 0 0 1
    outer loop
      vertex 165.95416305603428 47.605836943965734 4
      vertex 165.95416305603428 39.71416305603425 4
      vertex 166.30065778087484 39.3084698577944 4
    endloop
  endfacet
  facet normal 0 0 1
    outer loop
      vertex 166.30065778087484 48.01153014220559 4
      vertex 166.30065778087484 39.3084698577944 4
      vertex 166.57942218224048 38.85356769911445 4
    endloop
  endfacet
  facet normal 0 0 1
    outer loop
      vertex 166.57942218224048 48.466432300885536 4
      vertex 166.57942218224048 38.85356769911445 4
      vertex 166.78359215540354 38.36065778087481 4
    endloop
  endfacet
  facet normal 0 0 1
    outer loop
      vertex 172.3 88.11 4
      vertex 166.90814035802347 36.7781228188632 4
      vertex 172.3 0 4
    endloop
  endfacet
  facet normal 0 0 -1
    outer loop
      vertex 166.90814035802347 50.54187718113678 0
      vertex 172.3 0 0
      vertex 166.95000000000002 50.01 0
    endloop
  endfacet
  facet normal 0 0 -1
    outer loop
      vertex 166.95000000000002 50.01 0
      vertex 172.3 0 0
      vertex 166.90814035802347 49.47812281886321 0
    endloop
  endfacet
  facet normal 0 0 1
    outer loop
      vertex 160.19185964197655 49.47812281886321 4
      vertex 135 0 4
      vertex 160.31640784459648 48.959342219125176 4
    endloop
  endfacet
  facet normal 0 0 1
    outer loop
      vertex 160.31640784459648 48.959342219125176 4
      vertex 135 0 4
      vertex 160.31640784459648 38.36065778087481 4
    endloop
  endfacet
  facet normal 0 0 -1
    outer loop
      vertex 166.30065778087484 7.5584698577943925 0
      vertex 135 88.11 0
      vertex 172.3 0 0
    endloop
  endfacet
  facet normal 0 0 1
    outer loop
      vertex 160.31640784459648 38.36065778087481 4
      vertex 135 0 4
      vertex 160.19185964197655 37.84187718113677 4
    endloop
  endfacet
  facet normal 0 0 1
    outer loop
      vertex 160.19185964197655 37.84187718113677 4
      vertex 135 0 4
      vertex 160.15 37.30999999999999 4
    endloop
  endfacet
  facet normal 0 0 1
    outer loop
      vertex 160.15 37.30999999999999 4
      vertex 135 0 4
      vertex 160.19185964197655 36.7781228188632 4
    endloop
  endfacet
  facet normal 0 0 1
    outer loop
      vertex 160.19185964197655 36.7781228188632 4
      vertex 135 0 4
      vertex 160.31640784459648 36.259342219125166 4
    endloop
  endfacet
  facet normal 0 0 1
    outer loop
      vertex 160.31640784459648 36.259342219125166 4
      vertex 135 0 4
      vertex 160.52057781775954 35.766432300885526 4
    endloop
  endfacet
  facet normal 0 0 1
    outer loop
      vertex 160.52057781775954 35.766432300885526 4
      vertex 135 0 4
      vertex 160.79934221912518 35.31153014220558 4
    endloop
  endfacet
  facet normal 0 0 1
    outer loop
      vertex 160.79934221912518 35.31153014220558 4
      vertex 161.14583694396575 7.964163056034252 4
      vertex 161.14583694396575 34.905836943965724 4
    endloop
  endfacet
  facet normal 0 0 1
    outer loop
      vertex 161.14583694396575 34.905836943965724 4
      vertex 161.5515301422056 8.310657780874806 4
      vertex 161.5515301422056 34.55934221912517 4
    endloop
  endfacet
  facet normal 0 0 -1
    outer loop
      vertex 166.90814035802347 49.47812281886321 0
      vertex 172.3 0 0
      vertex 166.78359215540354 48.959342219125176 0
    endloop
  endfacet
  facet normal 0 0 -1
    outer loop
      vertex 166.78359215540354 48.959342219125176 0
      vertex 172.3 0 0
      vertex 166.90814035802347 37.84187718113677 0
    endloop
  endfacet
  facet normal 1 0 0
    outer loop
      vertex 172.3 0 0
      vertex 172.3 88.11 4
      vertex 172.3 0 4
    endloop
  endfacet
  facet normal 0 0 1
    outer loop
      vertex 161.5515301422056 34.55934221912517 4
      vertex 162.00643230088556 8.58942218224044 4
      vertex 162.00643230088556 34.280577817759536 4
    endloop
  endfacet
  facet normal 0 0 1
    outer loop
      vertex 162.00643230088556 34.280577817759536 4
      vertex 162.4993422191252 8.793592155403516 4
      vertex 162.4993422191252 34.07640784459647 4
    endloop
  endfacet
  facet normal 0 0 1
    outer loop
      vertex 162.4993422191252 34.07640784459647 4
      vertex 163.01812281886322 8.91814035802345 4
      vertex 163.01812281886322 33.95185964197652 4
    endloop
  endfacet
  facet normal 0 0 1
    outer loop
      vertex 163.01812281886322 33.95185964197652 4
      vertex 163.55 8.959999999999994 4
      vertex 163.55 33.90999999999999 4
    endloop
  endfacet
  facet normal 0 0 1
    outer loop
      vertex 163.55 33.90999999999999 4
      vertex 164.0818771811368 8.91814035802345 4
      vertex 164.0818771811368 33.95185964197652 4
    endloop
  endfacet
  facet normal 0 0 1
    outer loop
      vertex 164.0818771811368 33.95185964197652 4
      vertex 164.60065778087483 8.793592155403516 4
      vertex 164.60065778087483 34.07640784459647 4
    endloop
  endfacet
  facet normal 0 0 1
    outer loop
      vertex 164.60065778087483 34.07640784459647 4
      vertex 165.09356769911446 8.58942218224044 4
      vertex 165.09356769911446 34.280577817759536 4
    endloop
  endfacet
  facet normal 0 0 1
    outer loop
      vertex 165.09356769911446 34.280577817759536 4
      vertex 165.54846985779443 8.310657780874806 4
      vertex 165.54846985779443 34.55934221912517 4
    endloop
  endfacet
  facet normal 0 0 1
    outer loop
      vertex 165.95416305603428 34.905836943965724 4
      vertex 166.30065778087484 7.5584698577943925 4
      vertex 166.30065778087484 35.31153014220558 4
    endloop
  endfacet
  facet normal 0 0 1
    outer loop
      vertex 165.54846985779443 34.55934221912517 4
      vertex 165.95416305603428 7.964163056034252 4
      vertex 165.95416305603428 34.905836943965724 4
    endloop
  endfacet
  facet normal 0 0 1
    outer loop
      vertex 166.30065778087484 35.31153014220558 4
      vertex 166.57942218224048 7.10356769911445 4
      vertex 166.57942218224048 35.766432300885526 4
    endloop
  endfacet
  facet normal 0 0 -1
    outer loop
      vertex 160.52057781775954 35.766432300885526 0
      vertex 160.79934221912518 35.31153014220558 0
      vertex 172.3 0 0
    endloop
  endfacet
  facet normal 0 0 -1
    outer loop
      vertex 160.79934221912518 35.31153014220558 0
      vertex 161.14583694396575 34.905836943965724 0
      vertex 172.3 0 0
    endloop
  endfacet
  facet normal 0 0 -1
    outer loop
      vertex 161.14583694396575 34.905836943965724 0
      vertex 161.5515301422056 34.55934221912517 0
      vertex 172.3 0 0
    endloop
  endfacet
  facet normal 0 0 -1
    outer loop
      vertex 161.5515301422056 34.55934221912517 0
      vertex 162.00643230088556 34.280577817759536 0
      vertex 172.3 0 0
    endloop
  endfacet
  facet normal 0 0 -1
    outer loop
      vertex 162.00643230088556 34.280577817759536 0
      vertex 162.4993422191252 34.07640784459647 0
      vertex 172.3 0 0
    endloop
  endfacet
  facet normal 0 0 -1
    outer loop
      vertex 162.4993422191252 34.07640784459647 0
      vertex 163.01812281886322 33.95185964197652 0
      vertex 172.3 0 0
    endloop
  endfacet
  facet normal 0 0 -1
    outer loop
      vertex 163.01812281886322 33.95185964197652 0
      vertex 163.55 33.90999999999999 0
      vertex 172.3 0 0
    endloop
  endfacet
  facet normal 0 0 -1
    outer loop
      vertex 163.55 33.90999999999999 0
      vertex 164.0818771811368 33.95185964197652 0
      vertex 172.3 0 0
    endloop
  endfacet
  facet normal 0 0 -1
    outer loop
      vertex 166.90814035802347 37.84187718113677 0
      vertex 172.3 0 0
      vertex 166.95000000000002 37.30999999999999 0
    endloop
  endfacet
  facet normal 0 0 -1
    outer loop
      vertex 165.95416305603428 34.905836943965724 0
      vertex 166.30065778087484 35.31153014220558 0
      vertex 172.3 0 0
    endloop
  endfacet
  facet normal 0 0 -1
    outer loop
      vertex 166.95000000000002 37.30999999999999 0
      vertex 172.3 0 0
      vertex 166.90814035802347 36.7781228188632 0
    endloop
  endfacet
  facet normal 0 0 -1
    outer loop
      vertex 166.90814035802347 36.7781228188632 0
      vertex 172.3 0 0
      vertex 166.78359215540354 36.259342219125166 0
    endloop
  endfacet
  facet normal 0 0 -1
    outer loop
      vertex 166.78359215540354 36.259342219125166 0
      vertex 172.3 0 0
      vertex 166.57942218224048 35.766432300885526 0
    endloop
  endfacet
  facet normal 0 0 -1
    outer loop
      vertex 166.30065778087484 35.31153014220558 0
      vertex 166.57942218224048 35.766432300885526 0
      vertex 172.3 0 0
    endloop
  endfacet
  facet normal 0 0 -1
    outer loop
      vertex 164.60065778087483 34.07640784459647 0
      vertex 165.09356769911446 34.280577817759536 0
      vertex 172.3 0 0
    endloop
  endfacet
  facet normal 0 0 -1
    outer loop
      vertex 165.54846985779443 34.55934221912517 0
      vertex 165.95416305603428 34.905836943965724 0
      vertex 172.3 0 0
    endloop
  endfacet
  facet normal 0 0 -1
    outer loop
      vertex 165.09356769911446 34.280577817759536 0
      vertex 165.54846985779443 34.55934221912517 0
      vertex 172.3 0 0
    endloop
  endfacet
  facet normal 0 0 -1
    outer loop
      vertex 164.0818771811368 33.95185964197652 0
      vertex 164.60065778087483 34.07640784459647 0
      vertex 172.3 0 0
    endloop
  endfacet
  facet normal 0 0 1
    outer loop
      vertex 166.90814035802347 36.7781228188632 4
      vertex 166.78359215540354 36.259342219125166 4
      vertex 172.3 0 4
    endloop
  endfacet
  facet normal 0 0 1
    outer loop
      vertex 166.78359215540354 36.259342219125166 4
      vertex 166.57942218224048 35.766432300885526 4
      vertex 172.3 0 4
    endloop
  endfacet
  facet normal 0 -1 0
    outer loop
      vertex 172.3 0 0
      vertex 135 0 4
      vertex 135 0 0
    endloop
  endfacet
  facet normal 0 0 1
    outer loop
      vertex 160.79934221912518 35.31153014220558 4
      vertex 160.79934221912518 7.5584698577943925 4
      vertex 161.14583694396575 7.964163056034252 4
    endloop
  endfacet
  facet normal 0 0 1
    outer loop
      vertex 161.14583694396575 34.905836943965724 4
      vertex 161.14583694396575 7.964163056034252 4
      vertex 161.5515301422056 8.310657780874806 4
    endloop
  endfacet
  facet normal 0 0 1
    outer loop
      vertex 160.79934221912518 35.31153014220558 4
      vertex 135 0 4
      vertex 160.79934221912518 7.5584698577943925 4
    endloop
  endfacet
  facet normal 0 0 1
    outer loop
      vertex 162.00643230088556 34.280577817759536 4
      vertex 162.00643230088556 8.58942218224044 4
      vertex 162.4993422191252 8.793592155403516 4
    endloop
  endfacet
  facet normal 0 0 1
    outer loop
      vertex 162.4993422191252 34.07640784459647 4
      vertex 162.4993422191252 8.793592155403516 4
      vertex 163.01812281886322 8.91814035802345 4
    endloop
  endfacet
  facet normal 0 0 1
    outer loop
      vertex 161.5515301422056 34.55934221912517 4
      vertex 161.5515301422056 8.310657780874806 4
      vertex 162.00643230088556 8.58942218224044 4
    endloop
  endfacet
  facet normal 0 0 1
    outer loop
      vertex 163.01812281886322 33.95185964197652 4
      vertex 163.01812281886322 8.91814035802345 4
      vertex 163.55 8.959999999999994 4
    endloop
  endfacet
  facet normal 0 0 1
    outer loop
      vertex 163.55 33.90999999999999 4
      vertex 163.55 8.959999999999994 4
      vertex 164.0818771811368 8.91814035802345 4
    endloop
  endfacet
  facet normal 0 0 1
    outer loop
      vertex 164.0818771811368 33.95185964197652 4
      vertex 164.0818771811368 8.91814035802345 4
      vertex 164.60065778087483 8.793592155403516 4
    endloop
  endfacet
  facet normal 0 0 1
    outer loop
      vertex 164.60065778087483 34.07640784459647 4
      vertex 164.60065778087483 8.793592155403516 4
      vertex 165.09356769911446 8.58942218224044 4
    endloop
  endfacet
  facet normal 0 0 1
    outer loop
      vertex 165.09356769911446 34.280577817759536 4
      vertex 165.09356769911446 8.58942218224044 4
      vertex 165.54846985779443 8.310657780874806 4
    endloop
  endfacet
  facet normal 0 0 1
    outer loop
      vertex 165.54846985779443 34.55934221912517 4
      vertex 165.54846985779443 8.310657780874806 4
      vertex 165.95416305603428 7.964163056034252 4
    endloop
  endfacet
  facet normal 0 0 1
    outer loop
      vertex 165.95416305603428 34.905836943965724 4
      vertex 165.95416305603428 7.964163056034252 4
      vertex 166.30065778087484 7.5584698577943925 4
    endloop
  endfacet
  facet normal 0 0 1
    outer loop
      vertex 166.30065778087484 35.31153014220558 4
      vertex 166.30065778087484 7.5584698577943925 4
      vertex 166.57942218224048 7.10356769911445 4
    endloop
  endfacet
  facet normal 0 0 1
    outer loop
      vertex 166.57942218224048 35.766432300885526 4
      vertex 166.57942218224048 7.10356769911445 4
      vertex 166.78359215540354 6.610657780874803 4
    endloop
  endfacet
  facet normal 0 0 1
    outer loop
      vertex 166.57942218224048 35.766432300885526 4
      vertex 166.78359215540354 6.610657780874803 4
      vertex 172.3 0 4
    endloop
  endfacet
  facet normal 0 0 -1
    outer loop
      vertex 160.52057781775954 7.10356769911445 0
      vertex 135 0 0
      vertex 160.79934221912518 7.5584698577943925 0
    endloop
  endfacet
  facet normal 0 0 -1
    outer loop
      vertex 160.52057781775954 7.10356769911445 0
      vertex 160.31640784459648 6.610657780874803 0
      vertex 135 0 0
    endloop
  endfacet
  facet normal 0 0 -1
    outer loop
      vertex 160.31640784459648 6.610657780874803 0
      vertex 160.19185964197655 6.091877181136766 0
      vertex 135 0 0
    endloop
  endfacet
  facet normal 0 0 -1
    outer loop
      vertex 160.79934221912518 7.5584698577943925 0
      vertex 135 0 0
      vertex 161.14583694396575 7.964163056034252 0
    endloop
  endfacet
  facet normal 0 0 -1
    outer loop
      vertex 161.5515301422056 8.310657780874806 0
      vertex 161.14583694396575 7.964163056034252 0
      vertex 135 0 0
    endloop
  endfacet
  facet normal 0 0 -1
    outer loop
      vertex 160.19185964197655 6.091877181136766 0
      vertex 160.15 5.559999999999988 0
      vertex 135 0 0
    endloop
  endfacet
  facet normal 0 0 -1
    outer loop
      vertex 160.15 5.559999999999988 0
      vertex 160.19185964197655 5.02812281886321 0
      vertex 135 0 0
    endloop
  endfacet
  facet normal 0 0 -1
    outer loop
      vertex 160.19185964197655 5.02812281886321 0
      vertex 160.31640784459648 4.509342219125173 0
      vertex 135 0 0
    endloop
  endfacet
  facet normal 0 0 -1
    outer loop
      vertex 160.31640784459648 4.509342219125173 0
      vertex 160.52057781775954 4.016432300885526 0
      vertex 135 0 0
    endloop
  endfacet
  facet normal 0 0 1
    outer loop
      vertex 160.52057781775954 7.10356769911445 4
      vertex 160.79934221912518 7.5584698577943925 4
      vertex 135 0 4
    endloop
  endfacet
  facet normal 0 0 1
    outer loop
      vertex 160.52057781775954 7.10356769911445 4
      vertex 135 0 4
      vertex 160.31640784459648 6.610657780874803 4
    endloop
  endfacet
  facet normal 0 0 1
    outer loop
      vertex 160.31640784459648 6.610657780874803 4
      vertex 135 0 4
      vertex 160.19185964197655 6.091877181136766 4
    endloop
  endfacet
  facet normal 0 0 1
    outer loop
      vertex 160.19185964197655 6.091877181136766 4
      vertex 135 0 4
      vertex 160.15 5.559999999999988 4
    endloop
  endfacet
  facet normal 0 0 1
    outer loop
      vertex 160.15 5.559999999999988 4
      vertex 135 0 4
      vertex 160.19185964197655 5.02812281886321 4
    endloop
  endfacet
  facet normal 0 0 1
    outer loop
      vertex 160.19185964197655 5.02812281886321 4
      vertex 135 0 4
      vertex 160.31640784459648 4.509342219125173 4
    endloop
  endfacet
  facet normal 0 0 1
    outer loop
      vertex 160.31640784459648 4.509342219125173 4
      vertex 135 0 4
      vertex 160.52057781775954 4.016432300885526 4
    endloop
  endfacet
  facet normal 0 0 -1
    outer loop
      vertex 160.52057781775954 4.016432300885526 0
      vertex 160.79934221912518 3.5615301422055836 0
      vertex 135 0 0
    endloop
  endfacet
  facet normal 0 0 -1
    outer loop
      vertex 160.79934221912518 3.5615301422055836 0
      vertex 161.14583694396575 3.155836943965724 0
      vertex 135 0 0
    endloop
  endfacet
  facet normal 0 0 -1
    outer loop
      vertex 161.14583694396575 3.155836943965724 0
      vertex 161.5515301422056 2.8093422191251705 0
      vertex 135 0 0
    endloop
  endfacet
  facet normal 0 0 -1
    outer loop
      vertex 161.5515301422056 2.8093422191251705 0
      vertex 162.00643230088556 2.5305778177595357 0
      vertex 135 0 0
    endloop
  endfacet
  facet normal 0 0 -1
    outer loop
      vertex 162.00643230088556 2.5305778177595357 0
      vertex 162.4993422191252 2.32640784459646 0
      vertex 135 0 0
    endloop
  endfacet
  facet normal 0 0 1
    outer loop
      vertex 160.52057781775954 4.016432300885526 4
      vertex 135 0 4
      vertex 160.79934221912518 3.5615301422055836 4
    endloop
  endfacet
  facet normal 0 0 1
    outer loop
      vertex 160.79934221912518 3.5615301422055836 4
      vertex 135 0 4
      vertex 161.14583694396575 3.155836943965724 4
    endloop
  endfacet
  facet normal 0 0 1
    outer loop
      vertex 161.14583694396575 3.155836943965724 4
      vertex 135 0 4
      vertex 161.5515301422056 2.8093422191251705 4
    endloop
  endfacet
  facet normal 0 0 1
    outer loop
      vertex 161.5515301422056 2.8093422191251705 4
      vertex 135 0 4
      vertex 162.00643230088556 2.5305778177595357 4
    endloop
  endfacet
  facet normal 0 0 1
    outer loop
      vertex 162.00643230088556 2.5305778177595357 4
      vertex 135 0 4
      vertex 162.4993422191252 2.32640784459646 4
    endloop
  endfacet
  facet normal 0 0 -1
    outer loop
      vertex 162.4993422191252 2.32640784459646 0
      vertex 163.01812281886322 2.201859641976526 0
      vertex 135 0 0
    endloop
  endfacet
  facet normal 0 0 -1
    outer loop
      vertex 163.01812281886322 2.201859641976526 0
      vertex 163.55 2.1599999999999824 0
      vertex 135 0 0
    endloop
  endfacet
  facet normal 0 0 1
    outer loop
      vertex 162.4993422191252 2.32640784459646 4
      vertex 135 0 4
      vertex 163.01812281886322 2.201859641976526 4
    endloop
  endfacet
  facet normal 0 0 1
    outer loop
      vertex 163.01812281886322 2.201859641976526 4
      vertex 135 0 4
      vertex 163.55 2.1599999999999824 4
    endloop
  endfacet
  facet normal 0 0 -1
    outer loop
      vertex 163.55 2.1599999999999824 0
      vertex 172.3 0 0
      vertex 135 0 0
    endloop
  endfacet
  facet normal 0 0 1
    outer loop
      vertex 163.55 2.1599999999999824 4
      vertex 135 0 4
      vertex 172.3 0 4
    endloop
  endfacet
  facet normal 0 -1 0
    outer loop
      vertex 172.3 0 0
      vertex 172.3 0 4
      vertex 135 0 4
    endloop
  endfacet
  facet normal 0 0 -1
    outer loop
      vertex 163.55 2.1599999999999824 0
      vertex 164.0818771811368 2.201859641976526 0
      vertex 172.3 0 0
    endloop
  endfacet
  facet normal 0 0 1
    outer loop
      vertex 163.55 2.1599999999999824 4
      vertex 172.3 0 4
      vertex 164.0818771811368 2.201859641976526 4
    endloop
  endfacet
  facet normal 0 0 -1
    outer loop
      vertex 166.30065778087484 7.5584698577943925 0
      vertex 172.3 0 0
      vertex 166.57942218224048 7.10356769911445 0
    endloop
  endfacet
  facet normal 0 0 -1
    outer loop
      vertex 166.57942218224048 7.10356769911445 0
      vertex 172.3 0 0
      vertex 166.78359215540354 6.610657780874803 0
    endloop
  endfacet
  facet normal 0 0 -1
    outer loop
      vertex 166.78359215540354 6.610657780874803 0
      vertex 172.3 0 0
      vertex 166.90814035802347 6.091877181136766 0
    endloop
  endfacet
  facet normal 0 0 -1
    outer loop
      vertex 166.90814035802347 6.091877181136766 0
      vertex 172.3 0 0
      vertex 166.95000000000002 5.559999999999988 0
    endloop
  endfacet
  facet normal 0 0 -1
    outer loop
      vertex 166.95000000000002 5.559999999999988 0
      vertex 172.3 0 0
      vertex 166.90814035802347 5.02812281886321 0
    endloop
  endfacet
  facet normal 0 0 -1
    outer loop
      vertex 166.90814035802347 5.02812281886321 0
      vertex 172.3 0 0
      vertex 166.78359215540354 4.509342219125173 0
    endloop
  endfacet
  facet normal 0 0 -1
    outer loop
      vertex 166.78359215540354 4.509342219125173 0
      vertex 172.3 0 0
      vertex 166.57942218224048 4.016432300885526 0
    endloop
  endfacet
  facet normal 0 0 1
    outer loop
      vertex 166.78359215540354 6.610657780874803 4
      vertex 166.90814035802347 6.091877181136766 4
      vertex 172.3 0 4
    endloop
  endfacet
  facet normal 0 0 1
    outer loop
      vertex 166.90814035802347 6.091877181136766 4
      vertex 166.95000000000002 5.559999999999988 4
      vertex 172.3 0 4
    endloop
  endfacet
  facet normal 0 0 1
    outer loop
      vertex 166.95000000000002 5.559999999999988 4
      vertex 166.90814035802347 5.02812281886321 4
      vertex 172.3 0 4
    endloop
  endfacet
  facet normal 0 0 1
    outer loop
      vertex 166.90814035802347 5.02812281886321 4
      vertex 166.78359215540354 4.509342219125173 4
      vertex 172.3 0 4
    endloop
  endfacet
  facet normal 0 0 1
    outer loop
      vertex 166.78359215540354 4.509342219125173 4
      vertex 166.57942218224048 4.016432300885526 4
      vertex 172.3 0 4
    endloop
  endfacet
  facet normal 0 0 -1
    outer loop
      vertex 165.95416305603428 3.155836943965724 0
      vertex 166.30065778087484 3.5615301422055836 0
      vertex 172.3 0 0
    endloop
  endfacet
  facet normal 0 0 -1
    outer loop
      vertex 164.0818771811368 2.201859641976526 0
      vertex 164.60065778087483 2.32640784459646 0
      vertex 172.3 0 0
    endloop
  endfacet
  facet normal 0 0 -1
    outer loop
      vertex 164.60065778087483 2.32640784459646 0
      vertex 165.09356769911446 2.5305778177595357 0
      vertex 172.3 0 0
    endloop
  endfacet
  facet normal 0 0 -1
    outer loop
      vertex 165.09356769911446 2.5305778177595357 0
      vertex 165.54846985779443 2.8093422191251705 0
      vertex 172.3 0 0
    endloop
  endfacet
  facet normal 0 0 -1
    outer loop
      vertex 165.54846985779443 2.8093422191251705 0
      vertex 165.95416305603428 3.155836943965724 0
      vertex 172.3 0 0
    endloop
  endfacet
  facet normal 0 0 -1
    outer loop
      vertex 166.30065778087484 3.5615301422055836 0
      vertex 166.57942218224048 4.016432300885526 0
      vertex 172.3 0 0
    endloop
  endfacet
  facet normal 0 0 1
    outer loop
      vertex 165.95416305603428 3.155836943965724 4
      vertex 172.3 0 4
      vertex 166.30065778087484 3.5615301422055836 4
    endloop
  endfacet
  facet normal 0 0 1
    outer loop
      vertex 164.0818771811368 2.201859641976526 4
      vertex 172.3 0 4
      vertex 164.60065778087483 2.32640784459646 4
    endloop
  endfacet
  facet normal 0 0 1
    outer loop
      vertex 164.60065778087483 2.32640784459646 4
      vertex 172.3 0 4
      vertex 165.09356769911446 2.5305778177595357 4
    endloop
  endfacet
  facet normal 0 0 1
    outer loop
      vertex 165.09356769911446 2.5305778177595357 4
      vertex 172.3 0 4
      vertex 165.54846985779443 2.8093422191251705 4
    endloop
  endfacet
  facet normal 0 0 1
    outer loop
      vertex 165.54846985779443 2.8093422191251705 4
      vertex 172.3 0 4
      vertex 165.95416305603428 3.155836943965724 4
    endloop
  endfacet
  facet normal 0 0 1
    outer loop
      vertex 166.30065778087484 3.5615301422055836 4
      vertex 172.3 0 4
      vertex 166.57942218224048 4.016432300885526 4
    endloop
  endfacet
endsolid OpenSCAD_Model
