solid OpenSCAD_Model
  facet normal 1 0 0
    outer loop
      vertex 137.5 31.3054 24.85
      vertex 137.5 72.4646 24.85
      vertex 137.5 31.3054 66.15
    endloop
  endfacet
  facet normal 1 0 0
    outer loop
      vertex 137.5 72.4646 24.85
      vertex 137.5 31.3054 24.85
      vertex 137.5 32.9509 22
    endloop
  endfacet
  facet normal 1 -0 0
    outer loop
      vertex 137.5 28.0146 66.15
      vertex 137.5 31.3054 24.85
      vertex 137.5 31.3054 66.15
    endloop
  endfacet
  facet normal 1 0 0
    outer loop
      vertex 137.5 28.0146 66.15
      vertex 137.5 28.0146 24.85
      vertex 137.5 31.3054 24.85
    endloop
  endfacet
  facet normal 1 0 0
    outer loop
      vertex 137.5 26.3691 69
      vertex 137.5 28.0146 24.85
      vertex 137.5 28.0146 66.15
    endloop
  endfacet
  facet normal 1 0 0
    outer loop
      vertex 137.5 28.0146 24.85
      vertex 137.5 26.3691 69
      vertex 137.5 26.3691 22
    endloop
  endfacet
  facet normal 1 0 0
    outer loop
      vertex 137.5 31.3054 71.85
      vertex 137.5 72.4646 71.85
      vertex 137.5 31.3054 117.15
    endloop
  endfacet
  facet normal 1 0 0
    outer loop
      vertex 137.5 72.4646 71.85
      vertex 137.5 31.3054 71.85
      vertex 137.5 32.9509 69
    endloop
  endfacet
  facet normal 1 -0 0
    outer loop
      vertex 137.5 28.0146 117.15
      vertex 137.5 31.3054 71.85
      vertex 137.5 31.3054 117.15
    endloop
  endfacet
  facet normal 1 0 0
    outer loop
      vertex 137.5 28.0146 117.15
      vertex 137.5 28.0146 71.85
      vertex 137.5 31.3054 71.85
    endloop
  endfacet
  facet normal 1 0 0
    outer loop
      vertex 137.5 3.43323e-07 130
      vertex 137.5 28.0146 117.15
      vertex 137.5 26.3691 120
    endloop
  endfacet
  facet normal 1 0 0
    outer loop
      vertex 137.5 28.0146 117.15
      vertex 137.5 3.43323e-07 130
      vertex 137.5 28.0146 71.85
    endloop
  endfacet
  facet normal 1 -0 0
    outer loop
      vertex 137.5 75.7554 66.15
      vertex 137.5 77.4009 22
      vertex 137.5 77.4009 69
    endloop
  endfacet
  facet normal 1 0 0
    outer loop
      vertex 137.5 75.7554 66.15
      vertex 137.5 75.7554 24.85
      vertex 137.5 77.4009 22
    endloop
  endfacet
  facet normal 1 -0 0
    outer loop
      vertex 137.5 72.4646 66.15
      vertex 137.5 75.7554 24.85
      vertex 137.5 75.7554 66.15
    endloop
  endfacet
  facet normal 1 0 0
    outer loop
      vertex 137.5 72.4646 66.15
      vertex 137.5 72.4646 24.85
      vertex 137.5 75.7554 24.85
    endloop
  endfacet
  facet normal 1 -0 0
    outer loop
      vertex 137.5 32.9509 69
      vertex 137.5 72.4646 66.15
      vertex 137.5 70.8191 69
    endloop
  endfacet
  facet normal 1 0 0
    outer loop
      vertex 137.5 31.3054 66.15
      vertex 137.5 72.4646 66.15
      vertex 137.5 32.9509 69
    endloop
  endfacet
  facet normal 1 0 0
    outer loop
      vertex 137.5 75.7554 71.85
      vertex 137.5 88.11 130
      vertex 137.5 75.7554 117.15
    endloop
  endfacet
  facet normal 1 0 0
    outer loop
      vertex 137.5 88.11 130
      vertex 137.5 75.7554 71.85
      vertex 137.5 77.4009 69
    endloop
  endfacet
  facet normal 1 -0 0
    outer loop
      vertex 137.5 72.4646 117.15
      vertex 137.5 75.7554 71.85
      vertex 137.5 75.7554 117.15
    endloop
  endfacet
  facet normal 1 0 0
    outer loop
      vertex 137.5 72.4646 117.15
      vertex 137.5 72.4646 71.85
      vertex 137.5 75.7554 71.85
    endloop
  endfacet
  facet normal 1 -0 0
    outer loop
      vertex 137.5 32.9509 120
      vertex 137.5 72.4646 117.15
      vertex 137.5 70.8191 120
    endloop
  endfacet
  facet normal 1 0 0
    outer loop
      vertex 137.5 31.3054 117.15
      vertex 137.5 72.4646 117.15
      vertex 137.5 32.9509 120
    endloop
  endfacet
  facet normal 1 0 0
    outer loop
      vertex 137.5 75.7554 117.15
      vertex 137.5 88.11 130
      vertex 137.5 77.4009 120
    endloop
  endfacet
  facet normal 1 0 0
    outer loop
      vertex 137.5 88.11 130
      vertex 137.5 75.7554 122.85
      vertex 137.5 77.4009 120
    endloop
  endfacet
  facet normal 1 0 0
    outer loop
      vertex 137.5 88.11 130
      vertex 137.5 72.4646 122.85
      vertex 137.5 75.7554 122.85
    endloop
  endfacet
  facet normal 1 0 0
    outer loop
      vertex 137.5 72.4646 71.85
      vertex 137.5 32.9509 69
      vertex 137.5 70.8191 69
    endloop
  endfacet
  facet normal 1 0 0
    outer loop
      vertex 137.5 72.4646 117.15
      vertex 137.5 31.3054 117.15
      vertex 137.5 72.4646 71.85
    endloop
  endfacet
  facet normal 1 0 0
    outer loop
      vertex 137.5 72.4646 122.85
      vertex 137.5 32.9509 120
      vertex 137.5 70.8191 120
    endloop
  endfacet
  facet normal 1 0 0
    outer loop
      vertex 137.5 31.3054 122.85
      vertex 137.5 72.4646 122.85
      vertex 137.5 88.11 130
    endloop
  endfacet
  facet normal 1 0 0
    outer loop
      vertex 137.5 72.4646 122.85
      vertex 137.5 31.3054 122.85
      vertex 137.5 32.9509 120
    endloop
  endfacet
  facet normal 1 -0 0
    outer loop
      vertex 137.5 3.43323e-07 130
      vertex 137.5 31.3054 122.85
      vertex 137.5 88.11 130
    endloop
  endfacet
  facet normal 1 0 0
    outer loop
      vertex 137.5 28.0146 71.85
      vertex 137.5 3.43323e-07 130
      vertex 137.5 26.3691 69
    endloop
  endfacet
  facet normal 1 0 0
    outer loop
      vertex 137.5 3.43323e-07 0
      vertex 137.5 26.3691 69
      vertex 137.5 3.43323e-07 130
    endloop
  endfacet
  facet normal 1 0 0
    outer loop
      vertex 137.5 28.0146 122.85
      vertex 137.5 3.43323e-07 130
      vertex 137.5 26.3691 120
    endloop
  endfacet
  facet normal 1 0 0
    outer loop
      vertex 137.5 31.3054 122.85
      vertex 137.5 3.43323e-07 130
      vertex 137.5 28.0146 122.85
    endloop
  endfacet
  facet normal 1 0 0
    outer loop
      vertex 137.5 88.11 130
      vertex 137.5 77.4009 69
      vertex 137.5 88.11 0
    endloop
  endfacet
  facet normal 1 -0 0
    outer loop
      vertex 137.5 77.4009 22
      vertex 137.5 88.11 0
      vertex 137.5 77.4009 69
    endloop
  endfacet
  facet normal 1 -0 0
    outer loop
      vertex 137.5 75.7554 19.15
      vertex 137.5 88.11 0
      vertex 137.5 77.4009 22
    endloop
  endfacet
  facet normal 1 -0 0
    outer loop
      vertex 137.5 72.4646 19.15
      vertex 137.5 88.11 0
      vertex 137.5 75.7554 19.15
    endloop
  endfacet
  facet normal 1 0 0
    outer loop
      vertex 137.5 72.4646 66.15
      vertex 137.5 31.3054 66.15
      vertex 137.5 72.4646 24.85
    endloop
  endfacet
  facet normal 1 0 0
    outer loop
      vertex 137.5 72.4646 24.85
      vertex 137.5 32.9509 22
      vertex 137.5 70.8191 22
    endloop
  endfacet
  facet normal 1 0 0
    outer loop
      vertex 137.5 70.8191 22
      vertex 137.5 32.9509 22
      vertex 137.5 72.4646 19.15
    endloop
  endfacet
  facet normal 1 0 0
    outer loop
      vertex 137.5 31.3054 19.15
      vertex 137.5 72.4646 19.15
      vertex 137.5 32.9509 22
    endloop
  endfacet
  facet normal 1 0 0
    outer loop
      vertex 137.5 72.4646 19.15
      vertex 137.5 31.3054 19.15
      vertex 137.5 88.11 0
    endloop
  endfacet
  facet normal 1 0 0
    outer loop
      vertex 137.5 3.43323e-07 0
      vertex 137.5 31.3054 19.15
      vertex 137.5 28.0146 19.15
    endloop
  endfacet
  facet normal 1 0 0
    outer loop
      vertex 137.5 31.3054 19.15
      vertex 137.5 3.43323e-07 0
      vertex 137.5 88.11 0
    endloop
  endfacet
  facet normal 1 0 0
    outer loop
      vertex 137.5 26.3691 22
      vertex 137.5 3.43323e-07 0
      vertex 137.5 28.0146 19.15
    endloop
  endfacet
  facet normal 1 0 0
    outer loop
      vertex 137.5 26.3691 69
      vertex 137.5 3.43323e-07 0
      vertex 137.5 26.3691 22
    endloop
  endfacet
  facet normal 0 -1 0
    outer loop
      vertex 0 3.43323e-07 130
      vertex 6 3.43323e-07 4
      vertex 6 3.43323e-07 130
    endloop
  endfacet
  facet normal 0 -1 -0
    outer loop
      vertex 6 3.43323e-07 4
      vertex 0 3.43323e-07 0
      vertex 131.5 3.43323e-07 4
    endloop
  endfacet
  facet normal 0 -1 0
    outer loop
      vertex 0 3.43323e-07 0
      vertex 6 3.43323e-07 4
      vertex 0 3.43323e-07 130
    endloop
  endfacet
  facet normal 0 -1 0
    outer loop
      vertex 131.5 3.43323e-07 4
      vertex 137.5 3.43323e-07 130
      vertex 131.5 3.43323e-07 130
    endloop
  endfacet
  facet normal 0 -1 0
    outer loop
      vertex 131.5 3.43323e-07 4
      vertex 137.5 3.43323e-07 0
      vertex 137.5 3.43323e-07 130
    endloop
  endfacet
  facet normal 0 -1 0
    outer loop
      vertex 137.5 3.43323e-07 0
      vertex 131.5 3.43323e-07 4
      vertex 0 3.43323e-07 0
    endloop
  endfacet
  facet normal 0 1 -0
    outer loop
      vertex 137.5 88.11 0
      vertex 0 88.11 130
      vertex 137.5 88.11 130
    endloop
  endfacet
  facet normal 0 1 0
    outer loop
      vertex 0 88.11 130
      vertex 137.5 88.11 0
      vertex 0 88.11 0
    endloop
  endfacet
  facet normal -1 0 0
    outer loop
      vertex 0 21.4012 36.9659
      vertex 0 27.8822 66.3393
      vertex 0 21.66 37
    endloop
  endfacet
  facet normal -1 0 0
    outer loop
      vertex 0 26.46 69
      vertex 0 22.6259 105.741
      vertex 0 22.66 106
    endloop
  endfacet
  facet normal -1 -0 0
    outer loop
      vertex 0 27.8822 66.3393
      vertex 0 21.4012 36.9659
      vertex 0 27.3973 66.7373
    endloop
  endfacet
  facet normal -1 0 0
    outer loop
      vertex 0 26.46 69
      vertex 0 22.526 105.5
      vertex 0 22.6259 105.741
    endloop
  endfacet
  facet normal -1 0 0
    outer loop
      vertex 0 21.16 36.866
      vertex 0 27.3973 66.7373
      vertex 0 21.4012 36.9659
    endloop
  endfacet
  facet normal -1 0 0
    outer loop
      vertex 0 26.46 69
      vertex 0 22.3671 105.293
      vertex 0 22.526 105.5
    endloop
  endfacet
  facet normal -1 -0 0
    outer loop
      vertex 0 27.3973 66.7373
      vertex 0 21.16 36.866
      vertex 0 26.9993 67.2222
    endloop
  endfacet
  facet normal -1 0 0
    outer loop
      vertex 0 26.46 69
      vertex 0 22.16 105.134
      vertex 0 22.3671 105.293
    endloop
  endfacet
  facet normal -1 0 0
    outer loop
      vertex 0 20.9529 36.7071
      vertex 0 26.9993 67.2222
      vertex 0 21.16 36.866
    endloop
  endfacet
  facet normal -1 0 0
    outer loop
      vertex 0 26.46 69
      vertex 0 21.9188 105.034
      vertex 0 22.16 105.134
    endloop
  endfacet
  facet normal -1 -0 0
    outer loop
      vertex 0 26.9993 67.2222
      vertex 0 20.9529 36.7071
      vertex 0 26.7036 67.7754
    endloop
  endfacet
  facet normal -1 0 0
    outer loop
      vertex 0 26.46 69
      vertex 0 21.66 105
      vertex 0 21.9188 105.034
    endloop
  endfacet
  facet normal -1 -0 0
    outer loop
      vertex 0 26.7036 67.7754
      vertex 0 20.9529 36.7071
      vertex 0 26.5215 68.3757
    endloop
  endfacet
  facet normal -1 0 0
    outer loop
      vertex 0 26.46 69
      vertex 0 21.4012 105.034
      vertex 0 21.66 105
    endloop
  endfacet
  facet normal -1 0 0
    outer loop
      vertex 0 20.794 36.5
      vertex 0 26.5215 68.3757
      vertex 0 20.9529 36.7071
    endloop
  endfacet
  facet normal -1 0 0
    outer loop
      vertex 0 26.46 69
      vertex 0 21.16 105.134
      vertex 0 21.4012 105.034
    endloop
  endfacet
  facet normal -1 -0 0
    outer loop
      vertex 0 26.5215 68.3757
      vertex 0 20.794 36.5
      vertex 0 26.46 69
    endloop
  endfacet
  facet normal -1 0 0
    outer loop
      vertex 0 26.46 69
      vertex 0 20.9529 105.293
      vertex 0 21.16 105.134
    endloop
  endfacet
  facet normal -1 0 0
    outer loop
      vertex 0 20.6941 36.2588
      vertex 0 26.46 69
      vertex 0 20.794 36.5
    endloop
  endfacet
  facet normal -1 0 0
    outer loop
      vertex 0 26.46 69
      vertex 0 20.794 105.5
      vertex 0 20.9529 105.293
    endloop
  endfacet
  facet normal -1 -0 0
    outer loop
      vertex 0 26.46 69
      vertex 0 20.6941 36.2588
      vertex 0 3.43323e-07 130
    endloop
  endfacet
  facet normal -1 0 0
    outer loop
      vertex 0 26.46 69
      vertex 0 3.43323e-07 130
      vertex 0 20.794 105.5
    endloop
  endfacet
  facet normal -1 0 0
    outer loop
      vertex 0 3.43323e-07 0
      vertex 0 20.6941 36.2588
      vertex 0 20.66 36
    endloop
  endfacet
  facet normal -1 0 0
    outer loop
      vertex 0 20.794 105.5
      vertex 0 3.43323e-07 130
      vertex 0 20.6941 105.741
    endloop
  endfacet
  facet normal -1 -0 0
    outer loop
      vertex 0 65.61 105.134
      vertex 0 32.3207 70.7778
      vertex 0 65.4029 105.293
    endloop
  endfacet
  facet normal -1 0 0
    outer loop
      vertex 0 65.244 105.5
      vertex 0 32.7985 119.376
      vertex 0 32.86 120
    endloop
  endfacet
  facet normal -1 0 0
    outer loop
      vertex 0 31.9227 71.2627
      vertex 0 65.4029 105.293
      vertex 0 32.3207 70.7778
    endloop
  endfacet
  facet normal -1 0 0
    outer loop
      vertex 0 65.244 105.5
      vertex 0 32.6164 118.775
      vertex 0 32.7985 119.376
    endloop
  endfacet
  facet normal -1 0 0
    outer loop
      vertex 0 31.4378 71.6607
      vertex 0 65.4029 105.293
      vertex 0 31.9227 71.2627
    endloop
  endfacet
  facet normal -1 0 0
    outer loop
      vertex 0 65.244 105.5
      vertex 0 32.3207 118.222
      vertex 0 32.6164 118.775
    endloop
  endfacet
  facet normal -1 -0 0
    outer loop
      vertex 0 65.4029 105.293
      vertex 0 31.4378 71.6607
      vertex 0 65.244 105.5
    endloop
  endfacet
  facet normal -1 0 0
    outer loop
      vertex 0 65.244 105.5
      vertex 0 31.9227 117.737
      vertex 0 32.3207 118.222
    endloop
  endfacet
  facet normal -1 0 0
    outer loop
      vertex 0 22.66 106
      vertex 0 65.244 105.5
      vertex 0 31.4378 71.6607
    endloop
  endfacet
  facet normal -1 0 0
    outer loop
      vertex 0 65.244 105.5
      vertex 0 31.4378 117.339
      vertex 0 31.9227 117.737
    endloop
  endfacet
  facet normal -1 0 0
    outer loop
      vertex 0 22.66 106
      vertex 0 31.4378 71.6607
      vertex 0 30.8846 71.9564
    endloop
  endfacet
  facet normal -1 0 0
    outer loop
      vertex 0 65.244 105.5
      vertex 0 22.66 106
      vertex 0 31.4378 117.339
    endloop
  endfacet
  facet normal -1 0 0
    outer loop
      vertex 0 22.66 106
      vertex 0 30.8846 71.9564
      vertex 0 30.2843 72.1385
    endloop
  endfacet
  facet normal -1 0 0
    outer loop
      vertex 0 31.4378 117.339
      vertex 0 22.66 106
      vertex 0 30.8846 117.044
    endloop
  endfacet
  facet normal -1 0 0
    outer loop
      vertex 0 22.66 106
      vertex 0 30.2843 72.1385
      vertex 0 29.66 72.2
    endloop
  endfacet
  facet normal -1 0 0
    outer loop
      vertex 0 30.8846 117.044
      vertex 0 22.66 106
      vertex 0 30.2843 116.861
    endloop
  endfacet
  facet normal -1 0 0
    outer loop
      vertex 0 22.66 106
      vertex 0 29.66 72.2
      vertex 0 29.0357 72.1385
    endloop
  endfacet
  facet normal -1 0 0
    outer loop
      vertex 0 22.6259 106.259
      vertex 0 30.2843 116.861
      vertex 0 22.66 106
    endloop
  endfacet
  facet normal -1 0 0
    outer loop
      vertex 0 22.66 106
      vertex 0 29.0357 72.1385
      vertex 0 28.4354 71.9564
    endloop
  endfacet
  facet normal -1 0 0
    outer loop
      vertex 0 30.2843 116.861
      vertex 0 22.6259 106.259
      vertex 0 29.66 116.8
    endloop
  endfacet
  facet normal -1 0 0
    outer loop
      vertex 0 22.66 106
      vertex 0 28.4354 71.9564
      vertex 0 27.8822 71.6607
    endloop
  endfacet
  facet normal -1 0 0
    outer loop
      vertex 0 22.526 106.5
      vertex 0 29.66 116.8
      vertex 0 22.6259 106.259
    endloop
  endfacet
  facet normal -1 0 0
    outer loop
      vertex 0 22.66 106
      vertex 0 27.8822 71.6607
      vertex 0 27.3973 71.2627
    endloop
  endfacet
  facet normal -1 -0 0
    outer loop
      vertex 0 29.66 116.8
      vertex 0 22.526 106.5
      vertex 0 29.0357 116.861
    endloop
  endfacet
  facet normal -1 0 0
    outer loop
      vertex 0 22.66 106
      vertex 0 27.3973 71.2627
      vertex 0 26.9993 70.7778
    endloop
  endfacet
  facet normal -1 0 0
    outer loop
      vertex 0 22.3671 106.707
      vertex 0 29.0357 116.861
      vertex 0 22.526 106.5
    endloop
  endfacet
  facet normal -1 0 0
    outer loop
      vertex 0 22.66 106
      vertex 0 26.9993 70.7778
      vertex 0 26.7036 70.2246
    endloop
  endfacet
  facet normal -1 -0 0
    outer loop
      vertex 0 29.0357 116.861
      vertex 0 22.3671 106.707
      vertex 0 28.4354 117.044
    endloop
  endfacet
  facet normal -1 0 0
    outer loop
      vertex 0 22.66 106
      vertex 0 26.7036 70.2246
      vertex 0 26.5215 69.6243
    endloop
  endfacet
  facet normal -1 0 0
    outer loop
      vertex 0 22.16 106.866
      vertex 0 28.4354 117.044
      vertex 0 22.3671 106.707
    endloop
  endfacet
  facet normal -1 0 0
    outer loop
      vertex 0 22.66 106
      vertex 0 26.5215 69.6243
      vertex 0 26.46 69
    endloop
  endfacet
  facet normal -1 -0 0
    outer loop
      vertex 0 28.4354 117.044
      vertex 0 22.16 106.866
      vertex 0 27.8822 117.339
    endloop
  endfacet
  facet normal -1 -0 0
    outer loop
      vertex 0 65.1441 35.7412
      vertex 0 32.3207 23.7778
      vertex 0 65.11 36
    endloop
  endfacet
  facet normal -1 0 0
    outer loop
      vertex 0 65.1441 36.2588
      vertex 0 32.7985 68.3757
      vertex 0 32.86 69
    endloop
  endfacet
  facet normal -1 0 0
    outer loop
      vertex 0 31.9227 24.2627
      vertex 0 65.11 36
      vertex 0 32.3207 23.7778
    endloop
  endfacet
  facet normal -1 0 0
    outer loop
      vertex 0 65.1441 36.2588
      vertex 0 32.6164 67.7754
      vertex 0 32.7985 68.3757
    endloop
  endfacet
  facet normal -1 -0 0
    outer loop
      vertex 0 65.11 36
      vertex 0 31.9227 24.2627
      vertex 0 65.1441 36.2588
    endloop
  endfacet
  facet normal -1 0 0
    outer loop
      vertex 0 65.1441 36.2588
      vertex 0 32.3207 67.2222
      vertex 0 32.6164 67.7754
    endloop
  endfacet
  facet normal -1 0 0
    outer loop
      vertex 0 31.4378 24.6607
      vertex 0 65.1441 36.2588
      vertex 0 31.9227 24.2627
    endloop
  endfacet
  facet normal -1 0 0
    outer loop
      vertex 0 65.1441 36.2588
      vertex 0 31.9227 66.7373
      vertex 0 32.3207 67.2222
    endloop
  endfacet
  facet normal -1 0 0
    outer loop
      vertex 0 30.8846 24.9564
      vertex 0 22.6259 36.2588
      vertex 0 31.4378 24.6607
    endloop
  endfacet
  facet normal -1 0 0
    outer loop
      vertex 0 65.1441 36.2588
      vertex 0 31.4378 66.3393
      vertex 0 31.9227 66.7373
    endloop
  endfacet
  facet normal -1 0 0
    outer loop
      vertex 0 22.6259 36.2588
      vertex 0 30.8846 24.9564
      vertex 0 22.66 36
    endloop
  endfacet
  facet normal -1 0 0
    outer loop
      vertex 0 31.4378 24.6607
      vertex 0 22.6259 36.2588
      vertex 0 65.1441 36.2588
    endloop
  endfacet
  facet normal -1 0 0
    outer loop
      vertex 0 22.66 36
      vertex 0 30.8846 24.9564
      vertex 0 30.2843 25.1385
    endloop
  endfacet
  facet normal -1 0 0
    outer loop
      vertex 0 22.526 36.5
      vertex 0 65.1441 36.2588
      vertex 0 22.6259 36.2588
    endloop
  endfacet
  facet normal -1 0 0
    outer loop
      vertex 0 22.6259 35.7412
      vertex 0 30.2843 25.1385
      vertex 0 29.66 25.2
    endloop
  endfacet
  facet normal -1 0 0
    outer loop
      vertex 0 65.1441 36.2588
      vertex 0 22.526 36.5
      vertex 0 31.4378 66.3393
    endloop
  endfacet
  facet normal -1 0 0
    outer loop
      vertex 0 22.526 35.5
      vertex 0 29.66 25.2
      vertex 0 29.0357 25.1385
    endloop
  endfacet
  facet normal -1 0 0
    outer loop
      vertex 0 31.4378 66.3393
      vertex 0 22.526 36.5
      vertex 0 30.8846 66.0436
    endloop
  endfacet
  facet normal -1 0 0
    outer loop
      vertex 0 22.3671 35.2929
      vertex 0 29.0357 25.1385
      vertex 0 28.4354 24.9564
    endloop
  endfacet
  facet normal -1 0 0
    outer loop
      vertex 0 22.3671 36.7071
      vertex 0 30.8846 66.0436
      vertex 0 22.526 36.5
    endloop
  endfacet
  facet normal -1 0 0
    outer loop
      vertex 0 22.16 35.134
      vertex 0 28.4354 24.9564
      vertex 0 27.8822 24.6607
    endloop
  endfacet
  facet normal -1 0 0
    outer loop
      vertex 0 30.8846 66.0436
      vertex 0 22.3671 36.7071
      vertex 0 30.2843 65.8615
    endloop
  endfacet
  facet normal -1 0 0
    outer loop
      vertex 0 21.9188 35.0341
      vertex 0 27.8822 24.6607
      vertex 0 27.3973 24.2627
    endloop
  endfacet
  facet normal -1 0 0
    outer loop
      vertex 0 22.16 36.866
      vertex 0 30.2843 65.8615
      vertex 0 22.3671 36.7071
    endloop
  endfacet
  facet normal -1 0 0
    outer loop
      vertex 0 21.66 35
      vertex 0 27.3973 24.2627
      vertex 0 26.9993 23.7778
    endloop
  endfacet
  facet normal -1 0 0
    outer loop
      vertex 0 30.2843 65.8615
      vertex 0 22.16 36.866
      vertex 0 29.66 65.8
    endloop
  endfacet
  facet normal -1 0 0
    outer loop
      vertex 0 21.4012 35.0341
      vertex 0 26.9993 23.7778
      vertex 0 26.7036 23.2246
    endloop
  endfacet
  facet normal -1 -0 0
    outer loop
      vertex 0 29.66 65.8
      vertex 0 22.16 36.866
      vertex 0 29.0357 65.8615
    endloop
  endfacet
  facet normal -1 0 0
    outer loop
      vertex 0 21.16 35.134
      vertex 0 26.7036 23.2246
      vertex 0 26.5215 22.6243
    endloop
  endfacet
  facet normal -1 0 0
    outer loop
      vertex 0 21.9188 36.9659
      vertex 0 29.0357 65.8615
      vertex 0 22.16 36.866
    endloop
  endfacet
  facet normal -1 0 0
    outer loop
      vertex 0 20.9529 35.2929
      vertex 0 26.5215 22.6243
      vertex 0 26.46 22
    endloop
  endfacet
  facet normal -1 -0 0
    outer loop
      vertex 0 29.0357 65.8615
      vertex 0 21.9188 36.9659
      vertex 0 28.4354 66.0436
    endloop
  endfacet
  facet normal -1 0 0
    outer loop
      vertex 0 65.8512 36.9659
      vertex 0 72.3322 66.3393
      vertex 0 66.11 37
    endloop
  endfacet
  facet normal -1 0 0
    outer loop
      vertex 0 70.91 69
      vertex 0 67.0759 105.741
      vertex 0 67.11 106
    endloop
  endfacet
  facet normal -1 -0 0
    outer loop
      vertex 0 72.3322 66.3393
      vertex 0 65.8512 36.9659
      vertex 0 71.8473 66.7373
    endloop
  endfacet
  facet normal -1 0 0
    outer loop
      vertex 0 70.91 69
      vertex 0 66.976 105.5
      vertex 0 67.0759 105.741
    endloop
  endfacet
  facet normal -1 0 0
    outer loop
      vertex 0 65.61 36.866
      vertex 0 71.8473 66.7373
      vertex 0 65.8512 36.9659
    endloop
  endfacet
  facet normal -1 0 0
    outer loop
      vertex 0 70.91 69
      vertex 0 66.8171 105.293
      vertex 0 66.976 105.5
    endloop
  endfacet
  facet normal -1 -0 0
    outer loop
      vertex 0 71.8473 66.7373
      vertex 0 65.61 36.866
      vertex 0 71.4493 67.2222
    endloop
  endfacet
  facet normal -1 0 0
    outer loop
      vertex 0 70.91 69
      vertex 0 66.61 105.134
      vertex 0 66.8171 105.293
    endloop
  endfacet
  facet normal -1 0 0
    outer loop
      vertex 0 32.86 69
      vertex 0 71.4493 67.2222
      vertex 0 65.61 36.866
    endloop
  endfacet
  facet normal -1 0 0
    outer loop
      vertex 0 70.91 69
      vertex 0 66.3688 105.034
      vertex 0 66.61 105.134
    endloop
  endfacet
  facet normal -1 0 0
    outer loop
      vertex 0 71.4493 67.2222
      vertex 0 32.86 69
      vertex 0 71.1536 67.7754
    endloop
  endfacet
  facet normal -1 0 0
    outer loop
      vertex 0 70.91 69
      vertex 0 66.11 105
      vertex 0 66.3688 105.034
    endloop
  endfacet
  facet normal -1 0 0
    outer loop
      vertex 0 71.1536 67.7754
      vertex 0 32.86 69
      vertex 0 70.9715 68.3757
    endloop
  endfacet
  facet normal -1 0 0
    outer loop
      vertex 0 32.7985 69.6243
      vertex 0 70.91 69
      vertex 0 32.86 69
    endloop
  endfacet
  facet normal -1 0 0
    outer loop
      vertex 0 70.9715 68.3757
      vertex 0 32.86 69
      vertex 0 70.91 69
    endloop
  endfacet
  facet normal -1 0 0
    outer loop
      vertex 0 70.91 69
      vertex 0 65.8512 105.034
      vertex 0 66.11 105
    endloop
  endfacet
  facet normal -1 0 0
    outer loop
      vertex 0 32.86 69
      vertex 0 65.61 36.866
      vertex 0 65.4029 36.7071
    endloop
  endfacet
  facet normal -1 0 0
    outer loop
      vertex 0 70.91 69
      vertex 0 65.61 105.134
      vertex 0 65.8512 105.034
    endloop
  endfacet
  facet normal -1 0 0
    outer loop
      vertex 0 32.86 69
      vertex 0 65.4029 36.7071
      vertex 0 65.244 36.5
    endloop
  endfacet
  facet normal -1 0 0
    outer loop
      vertex 0 32.6164 70.2246
      vertex 0 70.91 69
      vertex 0 32.7985 69.6243
    endloop
  endfacet
  facet normal -1 0 0
    outer loop
      vertex 0 32.86 69
      vertex 0 65.244 36.5
      vertex 0 65.1441 36.2588
    endloop
  endfacet
  facet normal -1 0 0
    outer loop
      vertex 0 32.3207 70.7778
      vertex 0 70.91 69
      vertex 0 32.6164 70.2246
    endloop
  endfacet
  facet normal -1 -0 0
    outer loop
      vertex 0 65.244 35.5
      vertex 0 32.6164 23.2246
      vertex 0 65.1441 35.7412
    endloop
  endfacet
  facet normal -1 0 0
    outer loop
      vertex 0 70.91 69
      vertex 0 32.3207 70.7778
      vertex 0 65.61 105.134
    endloop
  endfacet
  facet normal -1 0 0
    outer loop
      vertex 0 77.0664 70.2246
      vertex 0 88.11 130
      vertex 0 77.2485 69.6243
    endloop
  endfacet
  facet normal -1 0 0
    outer loop
      vertex 0 88.11 130
      vertex 0 77.2485 119.376
      vertex 0 77.31 120
    endloop
  endfacet
  facet normal -1 0 0
    outer loop
      vertex 0 76.7707 70.7778
      vertex 0 88.11 130
      vertex 0 77.0664 70.2246
    endloop
  endfacet
  facet normal -1 0 0
    outer loop
      vertex 0 88.11 130
      vertex 0 77.0664 118.775
      vertex 0 77.2485 119.376
    endloop
  endfacet
  facet normal -1 0 0
    outer loop
      vertex 0 76.7707 118.222
      vertex 0 88.11 130
      vertex 0 76.7707 70.7778
    endloop
  endfacet
  facet normal -1 0 0
    outer loop
      vertex 0 88.11 130
      vertex 0 76.7707 118.222
      vertex 0 77.0664 118.775
    endloop
  endfacet
  facet normal -1 0 0
    outer loop
      vertex 0 76.3727 71.2627
      vertex 0 76.7707 118.222
      vertex 0 76.7707 70.7778
    endloop
  endfacet
  facet normal -1 0 0
    outer loop
      vertex 0 76.3727 71.2627
      vertex 0 76.3727 117.737
      vertex 0 76.7707 118.222
    endloop
  endfacet
  facet normal -1 0 0
    outer loop
      vertex 0 75.8878 71.6607
      vertex 0 76.3727 117.737
      vertex 0 76.3727 71.2627
    endloop
  endfacet
  facet normal -1 0 0
    outer loop
      vertex 0 75.8878 71.6607
      vertex 0 75.8878 117.339
      vertex 0 76.3727 117.737
    endloop
  endfacet
  facet normal -1 0 0
    outer loop
      vertex 0 67.11 106
      vertex 0 75.8878 71.6607
      vertex 0 75.3346 71.9564
    endloop
  endfacet
  facet normal -1 0 0
    outer loop
      vertex 0 75.8878 71.6607
      vertex 0 67.11 106
      vertex 0 75.8878 117.339
    endloop
  endfacet
  facet normal -1 0 0
    outer loop
      vertex 0 67.11 106
      vertex 0 75.3346 71.9564
      vertex 0 74.7343 72.1385
    endloop
  endfacet
  facet normal -1 0 0
    outer loop
      vertex 0 75.8878 117.339
      vertex 0 67.11 106
      vertex 0 75.3346 117.044
    endloop
  endfacet
  facet normal -1 0 0
    outer loop
      vertex 0 67.11 106
      vertex 0 74.7343 72.1385
      vertex 0 74.11 72.2
    endloop
  endfacet
  facet normal -1 0 0
    outer loop
      vertex 0 75.3346 117.044
      vertex 0 67.11 106
      vertex 0 74.7343 116.861
    endloop
  endfacet
  facet normal -1 0 0
    outer loop
      vertex 0 67.11 106
      vertex 0 74.11 72.2
      vertex 0 73.4857 72.1385
    endloop
  endfacet
  facet normal -1 0 0
    outer loop
      vertex 0 67.0759 106.259
      vertex 0 74.7343 116.861
      vertex 0 67.11 106
    endloop
  endfacet
  facet normal -1 0 0
    outer loop
      vertex 0 67.11 106
      vertex 0 73.4857 72.1385
      vertex 0 72.8854 71.9564
    endloop
  endfacet
  facet normal -1 0 0
    outer loop
      vertex 0 74.7343 116.861
      vertex 0 67.0759 106.259
      vertex 0 74.11 116.8
    endloop
  endfacet
  facet normal -1 0 0
    outer loop
      vertex 0 67.11 106
      vertex 0 72.8854 71.9564
      vertex 0 72.3322 71.6607
    endloop
  endfacet
  facet normal -1 0 0
    outer loop
      vertex 0 66.976 106.5
      vertex 0 74.11 116.8
      vertex 0 67.0759 106.259
    endloop
  endfacet
  facet normal -1 0 0
    outer loop
      vertex 0 67.11 106
      vertex 0 72.3322 71.6607
      vertex 0 71.8473 71.2627
    endloop
  endfacet
  facet normal -1 -0 0
    outer loop
      vertex 0 74.11 116.8
      vertex 0 66.976 106.5
      vertex 0 73.4857 116.861
    endloop
  endfacet
  facet normal -1 0 0
    outer loop
      vertex 0 67.11 106
      vertex 0 71.8473 71.2627
      vertex 0 71.4493 70.7778
    endloop
  endfacet
  facet normal -1 0 0
    outer loop
      vertex 0 66.8171 106.707
      vertex 0 73.4857 116.861
      vertex 0 66.976 106.5
    endloop
  endfacet
  facet normal -1 0 0
    outer loop
      vertex 0 67.11 106
      vertex 0 71.4493 70.7778
      vertex 0 71.1536 70.2246
    endloop
  endfacet
  facet normal -1 -0 0
    outer loop
      vertex 0 73.4857 116.861
      vertex 0 66.8171 106.707
      vertex 0 72.8854 117.044
    endloop
  endfacet
  facet normal -1 0 0
    outer loop
      vertex 0 67.11 106
      vertex 0 71.1536 70.2246
      vertex 0 70.9715 69.6243
    endloop
  endfacet
  facet normal -1 0 0
    outer loop
      vertex 0 66.61 106.866
      vertex 0 72.8854 117.044
      vertex 0 66.8171 106.707
    endloop
  endfacet
  facet normal -1 0 0
    outer loop
      vertex 0 67.11 106
      vertex 0 70.9715 69.6243
      vertex 0 70.91 69
    endloop
  endfacet
  facet normal -1 -0 0
    outer loop
      vertex 0 72.8854 117.044
      vertex 0 66.61 106.866
      vertex 0 72.3322 117.339
    endloop
  endfacet
  facet normal -1 0 0
    outer loop
      vertex 0 77.2485 68.3757
      vertex 0 88.11 0
      vertex 0 77.2485 22.6243
    endloop
  endfacet
  facet normal -1 0 0
    outer loop
      vertex 0 88.11 0
      vertex 0 77.2485 68.3757
      vertex 0 77.31 69
    endloop
  endfacet
  facet normal -1 0 0
    outer loop
      vertex 0 77.0664 23.2246
      vertex 0 77.2485 68.3757
      vertex 0 77.2485 22.6243
    endloop
  endfacet
  facet normal -1 0 0
    outer loop
      vertex 0 77.0664 23.2246
      vertex 0 77.0664 67.7754
      vertex 0 77.2485 68.3757
    endloop
  endfacet
  facet normal -1 0 0
    outer loop
      vertex 0 76.7707 23.7778
      vertex 0 77.0664 67.7754
      vertex 0 77.0664 23.2246
    endloop
  endfacet
  facet normal -1 0 0
    outer loop
      vertex 0 76.7707 23.7778
      vertex 0 76.7707 67.2222
      vertex 0 77.0664 67.7754
    endloop
  endfacet
  facet normal -1 0 0
    outer loop
      vertex 0 76.3727 24.2627
      vertex 0 76.7707 67.2222
      vertex 0 76.7707 23.7778
    endloop
  endfacet
  facet normal -1 0 0
    outer loop
      vertex 0 76.3727 24.2627
      vertex 0 76.3727 66.7373
      vertex 0 76.7707 67.2222
    endloop
  endfacet
  facet normal -1 0 0
    outer loop
      vertex 0 75.8878 24.6607
      vertex 0 76.3727 66.7373
      vertex 0 76.3727 24.2627
    endloop
  endfacet
  facet normal -1 0 0
    outer loop
      vertex 0 75.8878 24.6607
      vertex 0 75.8878 66.3393
      vertex 0 76.3727 66.7373
    endloop
  endfacet
  facet normal -1 0 0
    outer loop
      vertex 0 67.0759 36.2588
      vertex 0 75.3346 24.9564
      vertex 0 67.11 36
    endloop
  endfacet
  facet normal -1 0 0
    outer loop
      vertex 0 75.3346 24.9564
      vertex 0 67.0759 36.2588
      vertex 0 75.8878 24.6607
    endloop
  endfacet
  facet normal -1 0 0
    outer loop
      vertex 0 67.11 36
      vertex 0 75.3346 24.9564
      vertex 0 74.7343 25.1385
    endloop
  endfacet
  facet normal -1 0 0
    outer loop
      vertex 0 75.8878 24.6607
      vertex 0 67.0759 36.2588
      vertex 0 75.8878 66.3393
    endloop
  endfacet
  facet normal -1 0 0
    outer loop
      vertex 0 67.0759 35.7412
      vertex 0 74.7343 25.1385
      vertex 0 74.11 25.2
    endloop
  endfacet
  facet normal -1 0 0
    outer loop
      vertex 0 66.976 36.5
      vertex 0 75.8878 66.3393
      vertex 0 67.0759 36.2588
    endloop
  endfacet
  facet normal -1 0 0
    outer loop
      vertex 0 66.976 35.5
      vertex 0 74.11 25.2
      vertex 0 73.4857 25.1385
    endloop
  endfacet
  facet normal -1 0 0
    outer loop
      vertex 0 75.8878 66.3393
      vertex 0 66.976 36.5
      vertex 0 75.3346 66.0436
    endloop
  endfacet
  facet normal -1 0 0
    outer loop
      vertex 0 66.8171 35.2929
      vertex 0 73.4857 25.1385
      vertex 0 72.8854 24.9564
    endloop
  endfacet
  facet normal -1 0 0
    outer loop
      vertex 0 66.8171 36.7071
      vertex 0 75.3346 66.0436
      vertex 0 66.976 36.5
    endloop
  endfacet
  facet normal -1 0 0
    outer loop
      vertex 0 66.61 35.134
      vertex 0 72.8854 24.9564
      vertex 0 72.3322 24.6607
    endloop
  endfacet
  facet normal -1 0 0
    outer loop
      vertex 0 75.3346 66.0436
      vertex 0 66.8171 36.7071
      vertex 0 74.7343 65.8615
    endloop
  endfacet
  facet normal -1 0 0
    outer loop
      vertex 0 66.3688 35.0341
      vertex 0 72.3322 24.6607
      vertex 0 71.8473 24.2627
    endloop
  endfacet
  facet normal -1 0 0
    outer loop
      vertex 0 66.61 36.866
      vertex 0 74.7343 65.8615
      vertex 0 66.8171 36.7071
    endloop
  endfacet
  facet normal -1 0 0
    outer loop
      vertex 0 66.11 35
      vertex 0 71.8473 24.2627
      vertex 0 71.4493 23.7778
    endloop
  endfacet
  facet normal -1 0 0
    outer loop
      vertex 0 74.7343 65.8615
      vertex 0 66.61 36.866
      vertex 0 74.11 65.8
    endloop
  endfacet
  facet normal -1 0 0
    outer loop
      vertex 0 65.8512 35.0341
      vertex 0 71.4493 23.7778
      vertex 0 71.1536 23.2246
    endloop
  endfacet
  facet normal -1 -0 0
    outer loop
      vertex 0 74.11 65.8
      vertex 0 66.61 36.866
      vertex 0 73.4857 65.8615
    endloop
  endfacet
  facet normal -1 0 0
    outer loop
      vertex 0 65.61 35.134
      vertex 0 71.1536 23.2246
      vertex 0 70.9715 22.6243
    endloop
  endfacet
  facet normal -1 0 0
    outer loop
      vertex 0 66.3688 36.9659
      vertex 0 73.4857 65.8615
      vertex 0 66.61 36.866
    endloop
  endfacet
  facet normal -1 0 0
    outer loop
      vertex 0 65.4029 35.2929
      vertex 0 70.9715 22.6243
      vertex 0 70.91 22
    endloop
  endfacet
  facet normal -1 -0 0
    outer loop
      vertex 0 73.4857 65.8615
      vertex 0 66.3688 36.9659
      vertex 0 72.8854 66.0436
    endloop
  endfacet
  facet normal -1 0 0
    outer loop
      vertex 0 77.2485 22.6243
      vertex 0 88.11 0
      vertex 0 77.31 22
    endloop
  endfacet
  facet normal -1 0 0
    outer loop
      vertex 0 88.11 0
      vertex 0 77.2485 21.3757
      vertex 0 77.31 22
    endloop
  endfacet
  facet normal -1 0 0
    outer loop
      vertex 0 88.11 0
      vertex 0 77.0664 20.7754
      vertex 0 77.2485 21.3757
    endloop
  endfacet
  facet normal -1 0 0
    outer loop
      vertex 0 88.11 0
      vertex 0 76.7707 20.2222
      vertex 0 77.0664 20.7754
    endloop
  endfacet
  facet normal -1 0 0
    outer loop
      vertex 0 88.11 0
      vertex 0 76.3727 19.7373
      vertex 0 76.7707 20.2222
    endloop
  endfacet
  facet normal -1 0 0
    outer loop
      vertex 0 88.11 0
      vertex 0 75.8878 19.3393
      vertex 0 76.3727 19.7373
    endloop
  endfacet
  facet normal -1 0 0
    outer loop
      vertex 0 88.11 0
      vertex 0 75.3346 19.0436
      vertex 0 75.8878 19.3393
    endloop
  endfacet
  facet normal -1 0 0
    outer loop
      vertex 0 88.11 0
      vertex 0 74.7343 18.8615
      vertex 0 75.3346 19.0436
    endloop
  endfacet
  facet normal -1 0 0
    outer loop
      vertex 0 88.11 0
      vertex 0 74.11 18.8
      vertex 0 74.7343 18.8615
    endloop
  endfacet
  facet normal -1 0 0
    outer loop
      vertex 0 88.11 0
      vertex 0 73.4857 18.8615
      vertex 0 74.11 18.8
    endloop
  endfacet
  facet normal -1 0 0
    outer loop
      vertex 0 88.11 0
      vertex 0 72.8854 19.0436
      vertex 0 73.4857 18.8615
    endloop
  endfacet
  facet normal -1 0 0
    outer loop
      vertex 0 88.11 0
      vertex 0 72.3322 19.3393
      vertex 0 72.8854 19.0436
    endloop
  endfacet
  facet normal -1 0 0
    outer loop
      vertex 0 31.4378 19.3393
      vertex 0 72.3322 19.3393
      vertex 0 88.11 0
    endloop
  endfacet
  facet normal -1 0 0
    outer loop
      vertex 0 66.11 37
      vertex 0 72.8854 66.0436
      vertex 0 66.3688 36.9659
    endloop
  endfacet
  facet normal -1 -0 0
    outer loop
      vertex 0 72.8854 66.0436
      vertex 0 66.11 37
      vertex 0 72.3322 66.3393
    endloop
  endfacet
  facet normal -1 0 0
    outer loop
      vertex 0 32.86 22
      vertex 0 70.91 22
      vertex 0 70.9715 21.3757
    endloop
  endfacet
  facet normal -1 0 0
    outer loop
      vertex 0 74.7343 25.1385
      vertex 0 67.0759 35.7412
      vertex 0 67.11 36
    endloop
  endfacet
  facet normal -1 0 0
    outer loop
      vertex 0 74.11 25.2
      vertex 0 66.976 35.5
      vertex 0 67.0759 35.7412
    endloop
  endfacet
  facet normal -1 0 0
    outer loop
      vertex 0 73.4857 25.1385
      vertex 0 66.8171 35.2929
      vertex 0 66.976 35.5
    endloop
  endfacet
  facet normal -1 0 0
    outer loop
      vertex 0 72.8854 24.9564
      vertex 0 66.61 35.134
      vertex 0 66.8171 35.2929
    endloop
  endfacet
  facet normal -1 0 0
    outer loop
      vertex 0 32.7985 21.3757
      vertex 0 70.9715 21.3757
      vertex 0 71.1536 20.7754
    endloop
  endfacet
  facet normal -1 0 0
    outer loop
      vertex 0 72.3322 24.6607
      vertex 0 66.3688 35.0341
      vertex 0 66.61 35.134
    endloop
  endfacet
  facet normal -1 0 0
    outer loop
      vertex 0 71.8473 24.2627
      vertex 0 66.11 35
      vertex 0 66.3688 35.0341
    endloop
  endfacet
  facet normal -1 0 0
    outer loop
      vertex 0 71.4493 23.7778
      vertex 0 65.8512 35.0341
      vertex 0 66.11 35
    endloop
  endfacet
  facet normal -1 0 0
    outer loop
      vertex 0 71.1536 23.2246
      vertex 0 65.61 35.134
      vertex 0 65.8512 35.0341
    endloop
  endfacet
  facet normal -1 0 0
    outer loop
      vertex 0 70.9715 22.6243
      vertex 0 65.4029 35.2929
      vertex 0 65.61 35.134
    endloop
  endfacet
  facet normal -1 0 0
    outer loop
      vertex 0 70.91 22
      vertex 0 32.86 22
      vertex 0 65.4029 35.2929
    endloop
  endfacet
  facet normal -1 0 0
    outer loop
      vertex 0 32.7985 22.6243
      vertex 0 65.4029 35.2929
      vertex 0 32.86 22
    endloop
  endfacet
  facet normal -1 0 0
    outer loop
      vertex 0 32.3207 23.7778
      vertex 0 65.1441 35.7412
      vertex 0 32.6164 23.2246
    endloop
  endfacet
  facet normal -1 0 0
    outer loop
      vertex 0 32.6164 23.2246
      vertex 0 65.244 35.5
      vertex 0 32.7985 22.6243
    endloop
  endfacet
  facet normal -1 -0 0
    outer loop
      vertex 0 65.4029 35.2929
      vertex 0 32.7985 22.6243
      vertex 0 65.244 35.5
    endloop
  endfacet
  facet normal -1 0 0
    outer loop
      vertex 0 32.6164 20.7754
      vertex 0 71.1536 20.7754
      vertex 0 71.4493 20.2222
    endloop
  endfacet
  facet normal -1 0 0
    outer loop
      vertex 0 32.3207 20.2222
      vertex 0 71.4493 20.2222
      vertex 0 71.8473 19.7373
    endloop
  endfacet
  facet normal -1 0 0
    outer loop
      vertex 0 72.3322 19.3393
      vertex 0 31.4378 19.3393
      vertex 0 71.8473 19.7373
    endloop
  endfacet
  facet normal -1 0 0
    outer loop
      vertex 0 70.9715 21.3757
      vertex 0 32.7985 21.3757
      vertex 0 32.86 22
    endloop
  endfacet
  facet normal -1 0 0
    outer loop
      vertex 0 71.1536 20.7754
      vertex 0 32.6164 20.7754
      vertex 0 32.7985 21.3757
    endloop
  endfacet
  facet normal -1 0 0
    outer loop
      vertex 0 71.4493 20.2222
      vertex 0 32.3207 20.2222
      vertex 0 32.6164 20.7754
    endloop
  endfacet
  facet normal -1 0 0
    outer loop
      vertex 0 71.8473 19.7373
      vertex 0 31.9227 19.7373
      vertex 0 32.3207 20.2222
    endloop
  endfacet
  facet normal -1 -0 0
    outer loop
      vertex 0 71.8473 19.7373
      vertex 0 31.4378 19.3393
      vertex 0 31.9227 19.7373
    endloop
  endfacet
  facet normal -1 0 0
    outer loop
      vertex 0 88.11 0
      vertex 0 30.8846 19.0436
      vertex 0 31.4378 19.3393
    endloop
  endfacet
  facet normal -1 0 0
    outer loop
      vertex 0 88.11 0
      vertex 0 30.2843 18.8615
      vertex 0 30.8846 19.0436
    endloop
  endfacet
  facet normal -1 0 0
    outer loop
      vertex 0 3.43323e-07 0
      vertex 0 30.2843 18.8615
      vertex 0 88.11 0
    endloop
  endfacet
  facet normal -1 0 0
    outer loop
      vertex 0 30.2843 18.8615
      vertex 0 3.43323e-07 0
      vertex 0 29.66 18.8
    endloop
  endfacet
  facet normal -1 -0 0
    outer loop
      vertex 0 29.66 18.8
      vertex 0 3.43323e-07 0
      vertex 0 29.0357 18.8615
    endloop
  endfacet
  facet normal -1 0 0
    outer loop
      vertex 0 21.66 37
      vertex 0 28.4354 66.0436
      vertex 0 21.9188 36.9659
    endloop
  endfacet
  facet normal -1 -0 0
    outer loop
      vertex 0 28.4354 66.0436
      vertex 0 21.66 37
      vertex 0 27.8822 66.3393
    endloop
  endfacet
  facet normal -1 0 0
    outer loop
      vertex 0 3.43323e-07 0
      vertex 0 26.46 22
      vertex 0 26.5215 21.3757
    endloop
  endfacet
  facet normal -1 0 0
    outer loop
      vertex 0 30.2843 25.1385
      vertex 0 22.6259 35.7412
      vertex 0 22.66 36
    endloop
  endfacet
  facet normal -1 0 0
    outer loop
      vertex 0 29.66 25.2
      vertex 0 22.526 35.5
      vertex 0 22.6259 35.7412
    endloop
  endfacet
  facet normal -1 0 0
    outer loop
      vertex 0 29.0357 25.1385
      vertex 0 22.3671 35.2929
      vertex 0 22.526 35.5
    endloop
  endfacet
  facet normal -1 0 0
    outer loop
      vertex 0 28.4354 24.9564
      vertex 0 22.16 35.134
      vertex 0 22.3671 35.2929
    endloop
  endfacet
  facet normal -1 0 0
    outer loop
      vertex 0 3.43323e-07 0
      vertex 0 26.5215 21.3757
      vertex 0 26.7036 20.7754
    endloop
  endfacet
  facet normal -1 0 0
    outer loop
      vertex 0 27.8822 24.6607
      vertex 0 21.9188 35.0341
      vertex 0 22.16 35.134
    endloop
  endfacet
  facet normal -1 0 0
    outer loop
      vertex 0 27.3973 24.2627
      vertex 0 21.66 35
      vertex 0 21.9188 35.0341
    endloop
  endfacet
  facet normal -1 0 0
    outer loop
      vertex 0 26.9993 23.7778
      vertex 0 21.4012 35.0341
      vertex 0 21.66 35
    endloop
  endfacet
  facet normal -1 0 0
    outer loop
      vertex 0 26.7036 23.2246
      vertex 0 21.16 35.134
      vertex 0 21.4012 35.0341
    endloop
  endfacet
  facet normal -1 0 0
    outer loop
      vertex 0 26.5215 22.6243
      vertex 0 20.9529 35.2929
      vertex 0 21.16 35.134
    endloop
  endfacet
  facet normal -1 -0 0
    outer loop
      vertex 0 26.46 22
      vertex 0 3.43323e-07 0
      vertex 0 20.9529 35.2929
    endloop
  endfacet
  facet normal -1 -0 0
    outer loop
      vertex 0 20.9529 35.2929
      vertex 0 3.43323e-07 0
      vertex 0 20.794 35.5
    endloop
  endfacet
  facet normal -1 -0 0
    outer loop
      vertex 0 20.6941 36.2588
      vertex 0 3.43323e-07 0
      vertex 0 3.43323e-07 130
    endloop
  endfacet
  facet normal -1 -0 0
    outer loop
      vertex 0 20.6941 35.7412
      vertex 0 3.43323e-07 0
      vertex 0 20.66 36
    endloop
  endfacet
  facet normal -1 -0 0
    outer loop
      vertex 0 20.794 35.5
      vertex 0 3.43323e-07 0
      vertex 0 20.6941 35.7412
    endloop
  endfacet
  facet normal -1 -0 0
    outer loop
      vertex 0 26.9993 20.2222
      vertex 0 3.43323e-07 0
      vertex 0 26.7036 20.7754
    endloop
  endfacet
  facet normal -1 -0 0
    outer loop
      vertex 0 27.3973 19.7373
      vertex 0 3.43323e-07 0
      vertex 0 26.9993 20.2222
    endloop
  endfacet
  facet normal -1 -0 0
    outer loop
      vertex 0 27.8822 19.3393
      vertex 0 3.43323e-07 0
      vertex 0 27.3973 19.7373
    endloop
  endfacet
  facet normal -1 -0 0
    outer loop
      vertex 0 28.4354 19.0436
      vertex 0 3.43323e-07 0
      vertex 0 27.8822 19.3393
    endloop
  endfacet
  facet normal -1 -0 0
    outer loop
      vertex 0 29.0357 18.8615
      vertex 0 3.43323e-07 0
      vertex 0 28.4354 19.0436
    endloop
  endfacet
  facet normal -1 0 0
    outer loop
      vertex 0 88.11 0
      vertex 0 77.31 69
      vertex 0 88.11 130
    endloop
  endfacet
  facet normal -1 0 0
    outer loop
      vertex 0 77.2485 69.6243
      vertex 0 88.11 130
      vertex 0 77.31 69
    endloop
  endfacet
  facet normal -1 0 0
    outer loop
      vertex 0 77.2485 120.624
      vertex 0 88.11 130
      vertex 0 77.31 120
    endloop
  endfacet
  facet normal -1 0 0
    outer loop
      vertex 0 77.0664 121.225
      vertex 0 88.11 130
      vertex 0 77.2485 120.624
    endloop
  endfacet
  facet normal -1 0 0
    outer loop
      vertex 0 76.7707 121.778
      vertex 0 88.11 130
      vertex 0 77.0664 121.225
    endloop
  endfacet
  facet normal -1 0 0
    outer loop
      vertex 0 76.3727 122.263
      vertex 0 88.11 130
      vertex 0 76.7707 121.778
    endloop
  endfacet
  facet normal -1 0 0
    outer loop
      vertex 0 75.8878 122.661
      vertex 0 88.11 130
      vertex 0 76.3727 122.263
    endloop
  endfacet
  facet normal -1 0 0
    outer loop
      vertex 0 75.3346 122.956
      vertex 0 88.11 130
      vertex 0 75.8878 122.661
    endloop
  endfacet
  facet normal -1 0 0
    outer loop
      vertex 0 74.7343 123.139
      vertex 0 88.11 130
      vertex 0 75.3346 122.956
    endloop
  endfacet
  facet normal -1 0 0
    outer loop
      vertex 0 74.11 123.2
      vertex 0 88.11 130
      vertex 0 74.7343 123.139
    endloop
  endfacet
  facet normal -1 0 0
    outer loop
      vertex 0 73.4857 123.139
      vertex 0 88.11 130
      vertex 0 74.11 123.2
    endloop
  endfacet
  facet normal -1 0 0
    outer loop
      vertex 0 72.8854 122.956
      vertex 0 88.11 130
      vertex 0 73.4857 123.139
    endloop
  endfacet
  facet normal -1 0 0
    outer loop
      vertex 0 66.3688 106.966
      vertex 0 72.3322 117.339
      vertex 0 66.61 106.866
    endloop
  endfacet
  facet normal -1 -0 0
    outer loop
      vertex 0 72.3322 117.339
      vertex 0 66.3688 106.966
      vertex 0 71.8473 117.737
    endloop
  endfacet
  facet normal -1 0 0
    outer loop
      vertex 0 66.11 107
      vertex 0 71.8473 117.737
      vertex 0 66.3688 106.966
    endloop
  endfacet
  facet normal -1 -0 0
    outer loop
      vertex 0 71.8473 117.737
      vertex 0 66.11 107
      vertex 0 71.4493 118.222
    endloop
  endfacet
  facet normal -1 0 0
    outer loop
      vertex 0 65.8512 106.966
      vertex 0 71.4493 118.222
      vertex 0 66.11 107
    endloop
  endfacet
  facet normal -1 -0 0
    outer loop
      vertex 0 71.4493 118.222
      vertex 0 65.8512 106.966
      vertex 0 71.1536 118.775
    endloop
  endfacet
  facet normal -1 0 0
    outer loop
      vertex 0 65.61 106.866
      vertex 0 71.1536 118.775
      vertex 0 65.8512 106.966
    endloop
  endfacet
  facet normal -1 -0 0
    outer loop
      vertex 0 71.1536 118.775
      vertex 0 65.61 106.866
      vertex 0 70.9715 119.376
    endloop
  endfacet
  facet normal -1 0 0
    outer loop
      vertex 0 65.4029 106.707
      vertex 0 70.9715 119.376
      vertex 0 65.61 106.866
    endloop
  endfacet
  facet normal -1 -0 0
    outer loop
      vertex 0 70.9715 119.376
      vertex 0 65.4029 106.707
      vertex 0 70.91 120
    endloop
  endfacet
  facet normal -1 0 0
    outer loop
      vertex 0 32.86 120
      vertex 0 70.91 120
      vertex 0 65.4029 106.707
    endloop
  endfacet
  facet normal -1 0 0
    outer loop
      vertex 0 70.91 120
      vertex 0 32.86 120
      vertex 0 70.9715 120.624
    endloop
  endfacet
  facet normal -1 0 0
    outer loop
      vertex 0 32.86 120
      vertex 0 65.4029 106.707
      vertex 0 65.244 106.5
    endloop
  endfacet
  facet normal -1 0 0
    outer loop
      vertex 0 32.86 120
      vertex 0 65.244 106.5
      vertex 0 65.1441 106.259
    endloop
  endfacet
  facet normal -1 0 0
    outer loop
      vertex 0 65.244 105.5
      vertex 0 32.86 120
      vertex 0 65.1441 105.741
    endloop
  endfacet
  facet normal -1 0 0
    outer loop
      vertex 0 65.1441 105.741
      vertex 0 32.86 120
      vertex 0 65.11 106
    endloop
  endfacet
  facet normal -1 0 0
    outer loop
      vertex 0 65.11 106
      vertex 0 32.86 120
      vertex 0 65.1441 106.259
    endloop
  endfacet
  facet normal -1 0 0
    outer loop
      vertex 0 32.7985 120.624
      vertex 0 70.9715 120.624
      vertex 0 32.86 120
    endloop
  endfacet
  facet normal -1 0 0
    outer loop
      vertex 0 70.9715 120.624
      vertex 0 32.7985 120.624
      vertex 0 71.1536 121.225
    endloop
  endfacet
  facet normal -1 0 0
    outer loop
      vertex 0 32.6164 121.225
      vertex 0 71.1536 121.225
      vertex 0 32.7985 120.624
    endloop
  endfacet
  facet normal -1 0 0
    outer loop
      vertex 0 71.1536 121.225
      vertex 0 32.6164 121.225
      vertex 0 71.4493 121.778
    endloop
  endfacet
  facet normal -1 0 0
    outer loop
      vertex 0 32.3207 121.778
      vertex 0 71.4493 121.778
      vertex 0 32.6164 121.225
    endloop
  endfacet
  facet normal -1 0 0
    outer loop
      vertex 0 71.4493 121.778
      vertex 0 32.3207 121.778
      vertex 0 71.8473 122.263
    endloop
  endfacet
  facet normal -1 0 0
    outer loop
      vertex 0 31.9227 122.263
      vertex 0 71.8473 122.263
      vertex 0 32.3207 121.778
    endloop
  endfacet
  facet normal -1 0 0
    outer loop
      vertex 0 71.8473 122.263
      vertex 0 31.9227 122.263
      vertex 0 72.3322 122.661
    endloop
  endfacet
  facet normal -1 0 0
    outer loop
      vertex 0 31.4378 122.661
      vertex 0 72.3322 122.661
      vertex 0 31.9227 122.263
    endloop
  endfacet
  facet normal -1 0 0
    outer loop
      vertex 0 72.3322 122.661
      vertex 0 31.4378 122.661
      vertex 0 72.8854 122.956
    endloop
  endfacet
  facet normal -1 0 0
    outer loop
      vertex 0 30.8846 122.956
      vertex 0 72.8854 122.956
      vertex 0 31.4378 122.661
    endloop
  endfacet
  facet normal -1 0 0
    outer loop
      vertex 0 72.8854 122.956
      vertex 0 30.8846 122.956
      vertex 0 88.11 130
    endloop
  endfacet
  facet normal -1 0 0
    outer loop
      vertex 0 30.2843 123.139
      vertex 0 88.11 130
      vertex 0 30.8846 122.956
    endloop
  endfacet
  facet normal -1 0 0
    outer loop
      vertex 0 29.66 123.2
      vertex 0 88.11 130
      vertex 0 30.2843 123.139
    endloop
  endfacet
  facet normal -1 0 0
    outer loop
      vertex 0 3.43323e-07 130
      vertex 0 29.66 123.2
      vertex 0 29.0357 123.139
    endloop
  endfacet
  facet normal -1 0 0
    outer loop
      vertex 0 21.9188 106.966
      vertex 0 27.8822 117.339
      vertex 0 22.16 106.866
    endloop
  endfacet
  facet normal -1 -0 0
    outer loop
      vertex 0 27.8822 117.339
      vertex 0 21.9188 106.966
      vertex 0 27.3973 117.737
    endloop
  endfacet
  facet normal -1 0 0
    outer loop
      vertex 0 21.66 107
      vertex 0 27.3973 117.737
      vertex 0 21.9188 106.966
    endloop
  endfacet
  facet normal -1 -0 0
    outer loop
      vertex 0 27.3973 117.737
      vertex 0 21.66 107
      vertex 0 26.9993 118.222
    endloop
  endfacet
  facet normal -1 0 0
    outer loop
      vertex 0 21.4012 106.966
      vertex 0 26.9993 118.222
      vertex 0 21.66 107
    endloop
  endfacet
  facet normal -1 -0 0
    outer loop
      vertex 0 26.9993 118.222
      vertex 0 21.4012 106.966
      vertex 0 26.7036 118.775
    endloop
  endfacet
  facet normal -1 0 0
    outer loop
      vertex 0 21.16 106.866
      vertex 0 26.7036 118.775
      vertex 0 21.4012 106.966
    endloop
  endfacet
  facet normal -1 -0 0
    outer loop
      vertex 0 26.7036 118.775
      vertex 0 21.16 106.866
      vertex 0 26.5215 119.376
    endloop
  endfacet
  facet normal -1 0 0
    outer loop
      vertex 0 20.9529 106.707
      vertex 0 26.5215 119.376
      vertex 0 21.16 106.866
    endloop
  endfacet
  facet normal -1 -0 0
    outer loop
      vertex 0 26.5215 119.376
      vertex 0 20.9529 106.707
      vertex 0 26.46 120
    endloop
  endfacet
  facet normal -1 0 0
    outer loop
      vertex 0 3.43323e-07 130
      vertex 0 26.46 120
      vertex 0 20.9529 106.707
    endloop
  endfacet
  facet normal -1 0 0
    outer loop
      vertex 0 26.46 120
      vertex 0 3.43323e-07 130
      vertex 0 26.5215 120.624
    endloop
  endfacet
  facet normal -1 0 0
    outer loop
      vertex 0 3.43323e-07 130
      vertex 0 20.9529 106.707
      vertex 0 20.794 106.5
    endloop
  endfacet
  facet normal -1 0 0
    outer loop
      vertex 0 3.43323e-07 130
      vertex 0 20.794 106.5
      vertex 0 20.6941 106.259
    endloop
  endfacet
  facet normal -1 0 0
    outer loop
      vertex 0 20.6941 105.741
      vertex 0 3.43323e-07 130
      vertex 0 20.66 106
    endloop
  endfacet
  facet normal -1 0 0
    outer loop
      vertex 0 29.66 123.2
      vertex 0 3.43323e-07 130
      vertex 0 88.11 130
    endloop
  endfacet
  facet normal -1 0 0
    outer loop
      vertex 0 28.4354 122.956
      vertex 0 3.43323e-07 130
      vertex 0 29.0357 123.139
    endloop
  endfacet
  facet normal -1 0 0
    outer loop
      vertex 0 27.8822 122.661
      vertex 0 3.43323e-07 130
      vertex 0 28.4354 122.956
    endloop
  endfacet
  facet normal -1 0 0
    outer loop
      vertex 0 27.3973 122.263
      vertex 0 3.43323e-07 130
      vertex 0 27.8822 122.661
    endloop
  endfacet
  facet normal -1 0 0
    outer loop
      vertex 0 26.9993 121.778
      vertex 0 3.43323e-07 130
      vertex 0 27.3973 122.263
    endloop
  endfacet
  facet normal -1 0 0
    outer loop
      vertex 0 26.7036 121.225
      vertex 0 3.43323e-07 130
      vertex 0 26.9993 121.778
    endloop
  endfacet
  facet normal -1 0 0
    outer loop
      vertex 0 26.5215 120.624
      vertex 0 3.43323e-07 130
      vertex 0 26.7036 121.225
    endloop
  endfacet
  facet normal -1 0 0
    outer loop
      vertex 0 20.66 106
      vertex 0 3.43323e-07 130
      vertex 0 20.6941 106.259
    endloop
  endfacet
  facet normal -0 0 1
    outer loop
      vertex 6 40.66 4
      vertex 131.5 3.43323e-07 4
      vertex 131.5 40.66 4
    endloop
  endfacet
  facet normal 0 0 1
    outer loop
      vertex 131.5 3.43323e-07 4
      vertex 6 40.66 4
      vertex 6 3.43323e-07 4
    endloop
  endfacet
  facet normal -0 0 1
    outer loop
      vertex 6 86.11 4
      vertex 131.5 43.66 4
      vertex 131.5 86.11 4
    endloop
  endfacet
  facet normal 0 0 1
    outer loop
      vertex 131.5 43.66 4
      vertex 6 86.11 4
      vertex 6 43.66 4
    endloop
  endfacet
  facet normal 0 0 -1
    outer loop
      vertex 0 3.43323e-07 0
      vertex 137.5 88.11 0
      vertex 137.5 3.43323e-07 0
    endloop
  endfacet
  facet normal -0 0 -1
    outer loop
      vertex 137.5 88.11 0
      vertex 0 3.43323e-07 0
      vertex 0 88.11 0
    endloop
  endfacet
  facet normal 0 -1 0
    outer loop
      vertex 6 86.11 4
      vertex 131.5 86.11 130
      vertex 6 86.11 130
    endloop
  endfacet
  facet normal 0 -1 -0
    outer loop
      vertex 131.5 86.11 130
      vertex 6 86.11 4
      vertex 131.5 86.11 4
    endloop
  endfacet
  facet normal -0 0 1
    outer loop
      vertex 6 43.66 130
      vertex 131.5 40.66 130
      vertex 131.5 43.66 130
    endloop
  endfacet
  facet normal 0 0 1
    outer loop
      vertex 131.5 40.66 130
      vertex 6 43.66 130
      vertex 6 40.66 130
    endloop
  endfacet
  facet normal 0 0 1
    outer loop
      vertex 131.5 43.66 130
      vertex 137.5 88.11 130
      vertex 131.5 86.11 130
    endloop
  endfacet
  facet normal 0 0 1
    outer loop
      vertex 137.5 88.11 130
      vertex 6 86.11 130
      vertex 131.5 86.11 130
    endloop
  endfacet
  facet normal 0 0 1
    outer loop
      vertex 0 88.11 130
      vertex 6 43.66 130
      vertex 6 86.11 130
    endloop
  endfacet
  facet normal 0 0 1
    outer loop
      vertex 0 3.43323e-07 130
      vertex 6 43.66 130
      vertex 0 88.11 130
    endloop
  endfacet
  facet normal -0 0 1
    outer loop
      vertex 0 88.11 130
      vertex 6 86.11 130
      vertex 137.5 88.11 130
    endloop
  endfacet
  facet normal 0 0 1
    outer loop
      vertex 6 43.66 130
      vertex 0 3.43323e-07 130
      vertex 6 40.66 130
    endloop
  endfacet
  facet normal 0 0 1
    outer loop
      vertex 6 40.66 130
      vertex 0 3.43323e-07 130
      vertex 6 3.43323e-07 130
    endloop
  endfacet
  facet normal 0 0 1
    outer loop
      vertex 137.5 88.11 130
      vertex 131.5 43.66 130
      vertex 137.5 3.43323e-07 130
    endloop
  endfacet
  facet normal -0 0 1
    outer loop
      vertex 131.5 40.66 130
      vertex 137.5 3.43323e-07 130
      vertex 131.5 43.66 130
    endloop
  endfacet
  facet normal 0 0 1
    outer loop
      vertex 137.5 3.43323e-07 130
      vertex 131.5 40.66 130
      vertex 131.5 3.43323e-07 130
    endloop
  endfacet
  facet normal 0 -1 0
    outer loop
      vertex 6 40.66 4
      vertex 131.5 40.66 130
      vertex 6 40.66 130
    endloop
  endfacet
  facet normal 0 -1 -0
    outer loop
      vertex 131.5 40.66 130
      vertex 6 40.66 4
      vertex 131.5 40.66 4
    endloop
  endfacet
  facet normal 0 1 -0
    outer loop
      vertex 131.5 43.66 4
      vertex 6 43.66 130
      vertex 131.5 43.66 130
    endloop
  endfacet
  facet normal 0 1 0
    outer loop
      vertex 6 43.66 130
      vertex 131.5 43.66 4
      vertex 6 43.66 4
    endloop
  endfacet
  facet normal 1 -0 0
    outer loop
      vertex 6 31.2306 68.3494
      vertex 6 40.66 4
      vertex 6 31.3273 68.6684
    endloop
  endfacet
  facet normal 1 0 0
    outer loop
      vertex 6 40.66 4
      vertex 6 31.3273 22.3317
      vertex 6 31.36 22
    endloop
  endfacet
  facet normal 1 -0 0
    outer loop
      vertex 6 31.2306 22.6506
      vertex 6 40.66 4
      vertex 6 31.2306 68.3494
    endloop
  endfacet
  facet normal 1 0 0
    outer loop
      vertex 6 40.66 4
      vertex 6 31.2306 22.6506
      vertex 6 31.3273 22.3317
    endloop
  endfacet
  facet normal 1 -0 0
    outer loop
      vertex 6 31.0735 68.0555
      vertex 6 31.2306 22.6506
      vertex 6 31.2306 68.3494
    endloop
  endfacet
  facet normal 1 0 0
    outer loop
      vertex 6 31.0735 68.0555
      vertex 6 31.0735 22.9445
      vertex 6 31.2306 22.6506
    endloop
  endfacet
  facet normal 1 -0 0
    outer loop
      vertex 6 30.8621 67.7979
      vertex 6 31.0735 22.9445
      vertex 6 31.0735 68.0555
    endloop
  endfacet
  facet normal 1 0 0
    outer loop
      vertex 6 30.8621 67.7979
      vertex 6 30.8621 23.2021
      vertex 6 31.0735 22.9445
    endloop
  endfacet
  facet normal 1 -0 0
    outer loop
      vertex 6 30.6045 67.5865
      vertex 6 30.8621 23.2021
      vertex 6 30.8621 67.7979
    endloop
  endfacet
  facet normal 1 0 0
    outer loop
      vertex 6 30.6045 67.5865
      vertex 6 30.6045 23.4135
      vertex 6 30.8621 23.2021
    endloop
  endfacet
  facet normal 1 -0 0
    outer loop
      vertex 6 30.3106 67.4294
      vertex 6 30.6045 23.4135
      vertex 6 30.6045 67.5865
    endloop
  endfacet
  facet normal 1 0 0
    outer loop
      vertex 6 30.3106 67.4294
      vertex 6 30.3106 23.5706
      vertex 6 30.6045 23.4135
    endloop
  endfacet
  facet normal 1 -0 0
    outer loop
      vertex 6 29.9917 67.3327
      vertex 6 30.3106 23.5706
      vertex 6 30.3106 67.4294
    endloop
  endfacet
  facet normal 1 0 0
    outer loop
      vertex 6 29.9917 67.3327
      vertex 6 29.9917 23.6673
      vertex 6 30.3106 23.5706
    endloop
  endfacet
  facet normal 1 -0 0
    outer loop
      vertex 6 29.66 67.3
      vertex 6 29.9917 23.6673
      vertex 6 29.9917 67.3327
    endloop
  endfacet
  facet normal 1 0 0
    outer loop
      vertex 6 29.66 67.3
      vertex 6 29.66 23.7
      vertex 6 29.9917 23.6673
    endloop
  endfacet
  facet normal 1 0 0
    outer loop
      vertex 6 29.3283 67.3327
      vertex 6 29.66 23.7
      vertex 6 29.66 67.3
    endloop
  endfacet
  facet normal 1 0 0
    outer loop
      vertex 6 29.3283 67.3327
      vertex 6 29.3283 23.6673
      vertex 6 29.66 23.7
    endloop
  endfacet
  facet normal 1 0 0
    outer loop
      vertex 6 29.0094 67.4294
      vertex 6 29.3283 23.6673
      vertex 6 29.3283 67.3327
    endloop
  endfacet
  facet normal 1 0 0
    outer loop
      vertex 6 29.0094 67.4294
      vertex 6 29.0094 23.5706
      vertex 6 29.3283 23.6673
    endloop
  endfacet
  facet normal 1 0 0
    outer loop
      vertex 6 28.7155 67.5865
      vertex 6 29.0094 23.5706
      vertex 6 29.0094 67.4294
    endloop
  endfacet
  facet normal 1 0 0
    outer loop
      vertex 6 28.7155 67.5865
      vertex 6 28.7155 23.4135
      vertex 6 29.0094 23.5706
    endloop
  endfacet
  facet normal 1 0 0
    outer loop
      vertex 6 28.4579 67.7979
      vertex 6 28.7155 23.4135
      vertex 6 28.7155 67.5865
    endloop
  endfacet
  facet normal 1 0 0
    outer loop
      vertex 6 28.4579 67.7979
      vertex 6 28.4579 23.2021
      vertex 6 28.7155 23.4135
    endloop
  endfacet
  facet normal 1 0 0
    outer loop
      vertex 6 28.2465 68.0555
      vertex 6 28.4579 23.2021
      vertex 6 28.4579 67.7979
    endloop
  endfacet
  facet normal 1 0 0
    outer loop
      vertex 6 28.2465 68.0555
      vertex 6 28.2465 22.9445
      vertex 6 28.4579 23.2021
    endloop
  endfacet
  facet normal 1 0 0
    outer loop
      vertex 6 3.43323e-07 4
      vertex 6 28.2465 68.0555
      vertex 6 28.0894 68.3494
    endloop
  endfacet
  facet normal 1 0 0
    outer loop
      vertex 6 28.2465 68.0555
      vertex 6 3.43323e-07 4
      vertex 6 28.2465 22.9445
    endloop
  endfacet
  facet normal 1 0 0
    outer loop
      vertex 6 3.43323e-07 4
      vertex 6 28.0894 68.3494
      vertex 6 27.9927 68.6684
    endloop
  endfacet
  facet normal 1 0 0
    outer loop
      vertex 6 28.2465 22.9445
      vertex 6 3.43323e-07 4
      vertex 6 28.0894 22.6506
    endloop
  endfacet
  facet normal 1 0 0
    outer loop
      vertex 6 3.43323e-07 4
      vertex 6 27.9927 68.6684
      vertex 6 27.96 69
    endloop
  endfacet
  facet normal 1 0 0
    outer loop
      vertex 6 28.0894 22.6506
      vertex 6 3.43323e-07 4
      vertex 6 27.9927 22.3317
    endloop
  endfacet
  facet normal 1 0 0
    outer loop
      vertex 6 31.2306 119.349
      vertex 6 40.66 130
      vertex 6 31.3273 119.668
    endloop
  endfacet
  facet normal 1 0 0
    outer loop
      vertex 6 40.66 130
      vertex 6 31.3273 69.3316
      vertex 6 31.36 69
    endloop
  endfacet
  facet normal 1 0 0
    outer loop
      vertex 6 31.0735 119.056
      vertex 6 40.66 130
      vertex 6 31.2306 119.349
    endloop
  endfacet
  facet normal 1 0 0
    outer loop
      vertex 6 40.66 130
      vertex 6 31.2306 69.6506
      vertex 6 31.3273 69.3316
    endloop
  endfacet
  facet normal 1 0 0
    outer loop
      vertex 6 31.0735 69.9445
      vertex 6 40.66 130
      vertex 6 31.0735 119.056
    endloop
  endfacet
  facet normal 1 0 0
    outer loop
      vertex 6 40.66 130
      vertex 6 31.0735 69.9445
      vertex 6 31.2306 69.6506
    endloop
  endfacet
  facet normal 1 -0 0
    outer loop
      vertex 6 30.8621 118.798
      vertex 6 31.0735 69.9445
      vertex 6 31.0735 119.056
    endloop
  endfacet
  facet normal 1 0 0
    outer loop
      vertex 6 30.8621 118.798
      vertex 6 30.8621 70.2021
      vertex 6 31.0735 69.9445
    endloop
  endfacet
  facet normal 1 -0 0
    outer loop
      vertex 6 30.6045 118.587
      vertex 6 30.8621 70.2021
      vertex 6 30.8621 118.798
    endloop
  endfacet
  facet normal 1 0 0
    outer loop
      vertex 6 30.6045 118.587
      vertex 6 30.6045 70.4135
      vertex 6 30.8621 70.2021
    endloop
  endfacet
  facet normal 1 -0 0
    outer loop
      vertex 6 30.3106 118.429
      vertex 6 30.6045 70.4135
      vertex 6 30.6045 118.587
    endloop
  endfacet
  facet normal 1 0 0
    outer loop
      vertex 6 30.3106 118.429
      vertex 6 30.3106 70.5706
      vertex 6 30.6045 70.4135
    endloop
  endfacet
  facet normal 1 -0 0
    outer loop
      vertex 6 29.9917 118.333
      vertex 6 30.3106 70.5706
      vertex 6 30.3106 118.429
    endloop
  endfacet
  facet normal 1 0 0
    outer loop
      vertex 6 29.9917 118.333
      vertex 6 29.9917 70.6673
      vertex 6 30.3106 70.5706
    endloop
  endfacet
  facet normal 1 -0 0
    outer loop
      vertex 6 29.66 118.3
      vertex 6 29.9917 70.6673
      vertex 6 29.9917 118.333
    endloop
  endfacet
  facet normal 1 0 0
    outer loop
      vertex 6 29.66 118.3
      vertex 6 29.66 70.7
      vertex 6 29.9917 70.6673
    endloop
  endfacet
  facet normal 1 0 0
    outer loop
      vertex 6 29.3283 118.333
      vertex 6 29.66 70.7
      vertex 6 29.66 118.3
    endloop
  endfacet
  facet normal 1 0 0
    outer loop
      vertex 6 29.3283 118.333
      vertex 6 29.3283 70.6673
      vertex 6 29.66 70.7
    endloop
  endfacet
  facet normal 1 0 0
    outer loop
      vertex 6 29.0094 118.429
      vertex 6 29.3283 70.6673
      vertex 6 29.3283 118.333
    endloop
  endfacet
  facet normal 1 0 0
    outer loop
      vertex 6 29.0094 118.429
      vertex 6 29.0094 70.5706
      vertex 6 29.3283 70.6673
    endloop
  endfacet
  facet normal 1 0 0
    outer loop
      vertex 6 28.7155 118.587
      vertex 6 29.0094 70.5706
      vertex 6 29.0094 118.429
    endloop
  endfacet
  facet normal 1 0 0
    outer loop
      vertex 6 28.7155 118.587
      vertex 6 28.7155 70.4135
      vertex 6 29.0094 70.5706
    endloop
  endfacet
  facet normal 1 0 0
    outer loop
      vertex 6 28.4579 118.798
      vertex 6 28.7155 70.4135
      vertex 6 28.7155 118.587
    endloop
  endfacet
  facet normal 1 0 0
    outer loop
      vertex 6 28.4579 118.798
      vertex 6 28.4579 70.2021
      vertex 6 28.7155 70.4135
    endloop
  endfacet
  facet normal 1 0 0
    outer loop
      vertex 6 3.43323e-07 130
      vertex 6 28.4579 118.798
      vertex 6 28.2465 119.056
    endloop
  endfacet
  facet normal 1 0 0
    outer loop
      vertex 6 28.4579 118.798
      vertex 6 3.43323e-07 130
      vertex 6 28.4579 70.2021
    endloop
  endfacet
  facet normal 1 0 0
    outer loop
      vertex 6 3.43323e-07 130
      vertex 6 28.2465 119.056
      vertex 6 28.0894 119.349
    endloop
  endfacet
  facet normal 1 0 0
    outer loop
      vertex 6 28.4579 70.2021
      vertex 6 3.43323e-07 130
      vertex 6 28.2465 69.9445
    endloop
  endfacet
  facet normal 1 0 0
    outer loop
      vertex 6 3.43323e-07 130
      vertex 6 28.0894 119.349
      vertex 6 27.9927 119.668
    endloop
  endfacet
  facet normal 1 0 0
    outer loop
      vertex 6 28.2465 69.9445
      vertex 6 3.43323e-07 130
      vertex 6 28.0894 69.6506
    endloop
  endfacet
  facet normal 1 0 0
    outer loop
      vertex 6 3.43323e-07 130
      vertex 6 27.9927 119.668
      vertex 6 27.96 120
    endloop
  endfacet
  facet normal 1 0 0
    outer loop
      vertex 6 28.0894 69.6506
      vertex 6 3.43323e-07 130
      vertex 6 27.9927 69.3316
    endloop
  endfacet
  facet normal 1 0 0
    outer loop
      vertex 6 31.3273 119.668
      vertex 6 40.66 130
      vertex 6 31.36 120
    endloop
  endfacet
  facet normal 1 0 0
    outer loop
      vertex 6 40.66 130
      vertex 6 31.3273 120.332
      vertex 6 31.36 120
    endloop
  endfacet
  facet normal 1 0 0
    outer loop
      vertex 6 40.66 130
      vertex 6 31.2306 120.651
      vertex 6 31.3273 120.332
    endloop
  endfacet
  facet normal 1 0 0
    outer loop
      vertex 6 40.66 130
      vertex 6 31.0735 120.944
      vertex 6 31.2306 120.651
    endloop
  endfacet
  facet normal 1 0 0
    outer loop
      vertex 6 40.66 130
      vertex 6 30.8621 121.202
      vertex 6 31.0735 120.944
    endloop
  endfacet
  facet normal 1 0 0
    outer loop
      vertex 6 40.66 130
      vertex 6 30.6045 121.413
      vertex 6 30.8621 121.202
    endloop
  endfacet
  facet normal 1 0 0
    outer loop
      vertex 6 40.66 130
      vertex 6 30.3106 121.571
      vertex 6 30.6045 121.413
    endloop
  endfacet
  facet normal 1 0 0
    outer loop
      vertex 6 40.66 130
      vertex 6 29.9917 121.667
      vertex 6 30.3106 121.571
    endloop
  endfacet
  facet normal 1 0 0
    outer loop
      vertex 6 40.66 130
      vertex 6 29.66 121.7
      vertex 6 29.9917 121.667
    endloop
  endfacet
  facet normal 1 0 0
    outer loop
      vertex 6 40.66 130
      vertex 6 29.3283 121.667
      vertex 6 29.66 121.7
    endloop
  endfacet
  facet normal 1 0 0
    outer loop
      vertex 6 40.66 130
      vertex 6 29.0094 121.571
      vertex 6 29.3283 121.667
    endloop
  endfacet
  facet normal 1 -0 0
    outer loop
      vertex 6 3.43323e-07 130
      vertex 6 29.0094 121.571
      vertex 6 40.66 130
    endloop
  endfacet
  facet normal 1 0 0
    outer loop
      vertex 6 27.9927 69.3316
      vertex 6 3.43323e-07 130
      vertex 6 27.96 69
    endloop
  endfacet
  facet normal 1 0 0
    outer loop
      vertex 6 3.43323e-07 4
      vertex 6 27.96 69
      vertex 6 3.43323e-07 130
    endloop
  endfacet
  facet normal 1 0 0
    outer loop
      vertex 6 27.9927 120.332
      vertex 6 3.43323e-07 130
      vertex 6 27.96 120
    endloop
  endfacet
  facet normal 1 0 0
    outer loop
      vertex 6 28.0894 120.651
      vertex 6 3.43323e-07 130
      vertex 6 27.9927 120.332
    endloop
  endfacet
  facet normal 1 0 0
    outer loop
      vertex 6 28.2465 120.944
      vertex 6 3.43323e-07 130
      vertex 6 28.0894 120.651
    endloop
  endfacet
  facet normal 1 0 0
    outer loop
      vertex 6 28.4579 121.202
      vertex 6 3.43323e-07 130
      vertex 6 28.2465 120.944
    endloop
  endfacet
  facet normal 1 0 0
    outer loop
      vertex 6 28.7155 121.413
      vertex 6 3.43323e-07 130
      vertex 6 28.4579 121.202
    endloop
  endfacet
  facet normal 1 0 0
    outer loop
      vertex 6 29.0094 121.571
      vertex 6 3.43323e-07 130
      vertex 6 28.7155 121.413
    endloop
  endfacet
  facet normal 1 0 0
    outer loop
      vertex 6 40.66 130
      vertex 6 31.36 69
      vertex 6 40.66 4
    endloop
  endfacet
  facet normal 1 -0 0
    outer loop
      vertex 6 31.3273 68.6684
      vertex 6 40.66 4
      vertex 6 31.36 69
    endloop
  endfacet
  facet normal 1 -0 0
    outer loop
      vertex 6 31.3273 21.6683
      vertex 6 40.66 4
      vertex 6 31.36 22
    endloop
  endfacet
  facet normal 1 -0 0
    outer loop
      vertex 6 31.2306 21.3494
      vertex 6 40.66 4
      vertex 6 31.3273 21.6683
    endloop
  endfacet
  facet normal 1 -0 0
    outer loop
      vertex 6 31.0735 21.0555
      vertex 6 40.66 4
      vertex 6 31.2306 21.3494
    endloop
  endfacet
  facet normal 1 -0 0
    outer loop
      vertex 6 30.8621 20.7979
      vertex 6 40.66 4
      vertex 6 31.0735 21.0555
    endloop
  endfacet
  facet normal 1 -0 0
    outer loop
      vertex 6 30.6045 20.5865
      vertex 6 40.66 4
      vertex 6 30.8621 20.7979
    endloop
  endfacet
  facet normal 1 -0 0
    outer loop
      vertex 6 30.3106 20.4294
      vertex 6 40.66 4
      vertex 6 30.6045 20.5865
    endloop
  endfacet
  facet normal 1 -0 0
    outer loop
      vertex 6 29.9917 20.3327
      vertex 6 40.66 4
      vertex 6 30.3106 20.4294
    endloop
  endfacet
  facet normal 1 -0 0
    outer loop
      vertex 6 29.66 20.3
      vertex 6 40.66 4
      vertex 6 29.9917 20.3327
    endloop
  endfacet
  facet normal 1 0 0
    outer loop
      vertex 6 29.3283 20.3327
      vertex 6 40.66 4
      vertex 6 29.66 20.3
    endloop
  endfacet
  facet normal 1 0 0
    outer loop
      vertex 6 29.0094 20.4294
      vertex 6 40.66 4
      vertex 6 29.3283 20.3327
    endloop
  endfacet
  facet normal 1 0 0
    outer loop
      vertex 6 3.43323e-07 4
      vertex 6 29.0094 20.4294
      vertex 6 28.7155 20.5865
    endloop
  endfacet
  facet normal 1 0 0
    outer loop
      vertex 6 3.43323e-07 4
      vertex 6 28.7155 20.5865
      vertex 6 28.4579 20.7979
    endloop
  endfacet
  facet normal 1 0 0
    outer loop
      vertex 6 3.43323e-07 4
      vertex 6 28.4579 20.7979
      vertex 6 28.2465 21.0555
    endloop
  endfacet
  facet normal 1 0 0
    outer loop
      vertex 6 27.9927 22.3317
      vertex 6 3.43323e-07 4
      vertex 6 27.96 22
    endloop
  endfacet
  facet normal 1 0 0
    outer loop
      vertex 6 29.0094 20.4294
      vertex 6 3.43323e-07 4
      vertex 6 40.66 4
    endloop
  endfacet
  facet normal 1 0 0
    outer loop
      vertex 6 28.0894 21.3494
      vertex 6 3.43323e-07 4
      vertex 6 28.2465 21.0555
    endloop
  endfacet
  facet normal 1 0 0
    outer loop
      vertex 6 27.9927 21.6683
      vertex 6 3.43323e-07 4
      vertex 6 28.0894 21.3494
    endloop
  endfacet
  facet normal 1 0 0
    outer loop
      vertex 6 27.96 22
      vertex 6 3.43323e-07 4
      vertex 6 27.9927 21.6683
    endloop
  endfacet
  facet normal 1 -0 0
    outer loop
      vertex 6 75.6806 68.3494
      vertex 6 86.11 4
      vertex 6 75.7773 68.6684
    endloop
  endfacet
  facet normal 1 0 0
    outer loop
      vertex 6 86.11 4
      vertex 6 75.7773 22.3317
      vertex 6 75.81 22
    endloop
  endfacet
  facet normal 1 -0 0
    outer loop
      vertex 6 75.6806 22.6506
      vertex 6 86.11 4
      vertex 6 75.6806 68.3494
    endloop
  endfacet
  facet normal 1 0 0
    outer loop
      vertex 6 86.11 4
      vertex 6 75.6806 22.6506
      vertex 6 75.7773 22.3317
    endloop
  endfacet
  facet normal 1 -0 0
    outer loop
      vertex 6 75.5235 68.0555
      vertex 6 75.6806 22.6506
      vertex 6 75.6806 68.3494
    endloop
  endfacet
  facet normal 1 0 0
    outer loop
      vertex 6 75.5235 68.0555
      vertex 6 75.5235 22.9445
      vertex 6 75.6806 22.6506
    endloop
  endfacet
  facet normal 1 -0 0
    outer loop
      vertex 6 75.3121 67.7979
      vertex 6 75.5235 22.9445
      vertex 6 75.5235 68.0555
    endloop
  endfacet
  facet normal 1 0 0
    outer loop
      vertex 6 75.3121 67.7979
      vertex 6 75.3121 23.2021
      vertex 6 75.5235 22.9445
    endloop
  endfacet
  facet normal 1 -0 0
    outer loop
      vertex 6 75.0545 67.5865
      vertex 6 75.3121 23.2021
      vertex 6 75.3121 67.7979
    endloop
  endfacet
  facet normal 1 0 0
    outer loop
      vertex 6 75.0545 67.5865
      vertex 6 75.0545 23.4135
      vertex 6 75.3121 23.2021
    endloop
  endfacet
  facet normal 1 -0 0
    outer loop
      vertex 6 74.7606 67.4294
      vertex 6 75.0545 23.4135
      vertex 6 75.0545 67.5865
    endloop
  endfacet
  facet normal 1 0 0
    outer loop
      vertex 6 74.7606 67.4294
      vertex 6 74.7606 23.5706
      vertex 6 75.0545 23.4135
    endloop
  endfacet
  facet normal 1 -0 0
    outer loop
      vertex 6 74.4417 67.3327
      vertex 6 74.7606 23.5706
      vertex 6 74.7606 67.4294
    endloop
  endfacet
  facet normal 1 0 0
    outer loop
      vertex 6 74.4417 67.3327
      vertex 6 74.4417 23.6673
      vertex 6 74.7606 23.5706
    endloop
  endfacet
  facet normal 1 -0 0
    outer loop
      vertex 6 74.11 67.3
      vertex 6 74.4417 23.6673
      vertex 6 74.4417 67.3327
    endloop
  endfacet
  facet normal 1 0 0
    outer loop
      vertex 6 74.11 67.3
      vertex 6 74.11 23.7
      vertex 6 74.4417 23.6673
    endloop
  endfacet
  facet normal 1 0 0
    outer loop
      vertex 6 73.7784 67.3327
      vertex 6 74.11 23.7
      vertex 6 74.11 67.3
    endloop
  endfacet
  facet normal 1 0 0
    outer loop
      vertex 6 73.7784 67.3327
      vertex 6 73.7784 23.6673
      vertex 6 74.11 23.7
    endloop
  endfacet
  facet normal 1 0 0
    outer loop
      vertex 6 73.4594 67.4294
      vertex 6 73.7784 23.6673
      vertex 6 73.7784 67.3327
    endloop
  endfacet
  facet normal 1 0 0
    outer loop
      vertex 6 73.4594 67.4294
      vertex 6 73.4594 23.5706
      vertex 6 73.7784 23.6673
    endloop
  endfacet
  facet normal 1 0 0
    outer loop
      vertex 6 73.1655 67.5865
      vertex 6 73.4594 23.5706
      vertex 6 73.4594 67.4294
    endloop
  endfacet
  facet normal 1 0 0
    outer loop
      vertex 6 73.1655 67.5865
      vertex 6 73.1655 23.4135
      vertex 6 73.4594 23.5706
    endloop
  endfacet
  facet normal 1 0 0
    outer loop
      vertex 6 72.9079 67.7979
      vertex 6 73.1655 23.4135
      vertex 6 73.1655 67.5865
    endloop
  endfacet
  facet normal 1 0 0
    outer loop
      vertex 6 72.9079 67.7979
      vertex 6 72.9079 23.2021
      vertex 6 73.1655 23.4135
    endloop
  endfacet
  facet normal 1 0 0
    outer loop
      vertex 6 72.6965 68.0555
      vertex 6 72.9079 23.2021
      vertex 6 72.9079 67.7979
    endloop
  endfacet
  facet normal 1 0 0
    outer loop
      vertex 6 72.6965 68.0555
      vertex 6 72.6965 22.9445
      vertex 6 72.9079 23.2021
    endloop
  endfacet
  facet normal 1 0 0
    outer loop
      vertex 6 43.66 4
      vertex 6 72.6965 68.0555
      vertex 6 72.5394 68.3494
    endloop
  endfacet
  facet normal 1 0 0
    outer loop
      vertex 6 72.6965 68.0555
      vertex 6 43.66 4
      vertex 6 72.6965 22.9445
    endloop
  endfacet
  facet normal 1 0 0
    outer loop
      vertex 6 43.66 4
      vertex 6 72.5394 68.3494
      vertex 6 72.4427 68.6684
    endloop
  endfacet
  facet normal 1 0 0
    outer loop
      vertex 6 72.6965 22.9445
      vertex 6 43.66 4
      vertex 6 72.5394 22.6506
    endloop
  endfacet
  facet normal 1 0 0
    outer loop
      vertex 6 43.66 4
      vertex 6 72.4427 68.6684
      vertex 6 72.41 69
    endloop
  endfacet
  facet normal 1 0 0
    outer loop
      vertex 6 72.5394 22.6506
      vertex 6 43.66 4
      vertex 6 72.4427 22.3317
    endloop
  endfacet
  facet normal 1 0 0
    outer loop
      vertex 6 75.6806 119.349
      vertex 6 86.11 130
      vertex 6 75.7773 119.668
    endloop
  endfacet
  facet normal 1 0 0
    outer loop
      vertex 6 86.11 130
      vertex 6 75.7773 69.3316
      vertex 6 75.81 69
    endloop
  endfacet
  facet normal 1 0 0
    outer loop
      vertex 6 75.5235 119.056
      vertex 6 86.11 130
      vertex 6 75.6806 119.349
    endloop
  endfacet
  facet normal 1 0 0
    outer loop
      vertex 6 86.11 130
      vertex 6 75.6806 69.6506
      vertex 6 75.7773 69.3316
    endloop
  endfacet
  facet normal 1 0 0
    outer loop
      vertex 6 75.5235 69.9445
      vertex 6 86.11 130
      vertex 6 75.5235 119.056
    endloop
  endfacet
  facet normal 1 0 0
    outer loop
      vertex 6 86.11 130
      vertex 6 75.5235 69.9445
      vertex 6 75.6806 69.6506
    endloop
  endfacet
  facet normal 1 -0 0
    outer loop
      vertex 6 75.3121 118.798
      vertex 6 75.5235 69.9445
      vertex 6 75.5235 119.056
    endloop
  endfacet
  facet normal 1 0 0
    outer loop
      vertex 6 75.3121 118.798
      vertex 6 75.3121 70.2021
      vertex 6 75.5235 69.9445
    endloop
  endfacet
  facet normal 1 -0 0
    outer loop
      vertex 6 75.0545 118.587
      vertex 6 75.3121 70.2021
      vertex 6 75.3121 118.798
    endloop
  endfacet
  facet normal 1 0 0
    outer loop
      vertex 6 75.0545 118.587
      vertex 6 75.0545 70.4135
      vertex 6 75.3121 70.2021
    endloop
  endfacet
  facet normal 1 -0 0
    outer loop
      vertex 6 74.7606 118.429
      vertex 6 75.0545 70.4135
      vertex 6 75.0545 118.587
    endloop
  endfacet
  facet normal 1 0 0
    outer loop
      vertex 6 74.7606 118.429
      vertex 6 74.7606 70.5706
      vertex 6 75.0545 70.4135
    endloop
  endfacet
  facet normal 1 -0 0
    outer loop
      vertex 6 74.4417 118.333
      vertex 6 74.7606 70.5706
      vertex 6 74.7606 118.429
    endloop
  endfacet
  facet normal 1 0 0
    outer loop
      vertex 6 74.4417 118.333
      vertex 6 74.4417 70.6673
      vertex 6 74.7606 70.5706
    endloop
  endfacet
  facet normal 1 -0 0
    outer loop
      vertex 6 74.11 118.3
      vertex 6 74.4417 70.6673
      vertex 6 74.4417 118.333
    endloop
  endfacet
  facet normal 1 0 0
    outer loop
      vertex 6 74.11 118.3
      vertex 6 74.11 70.7
      vertex 6 74.4417 70.6673
    endloop
  endfacet
  facet normal 1 0 0
    outer loop
      vertex 6 73.7784 118.333
      vertex 6 74.11 70.7
      vertex 6 74.11 118.3
    endloop
  endfacet
  facet normal 1 0 0
    outer loop
      vertex 6 73.7784 118.333
      vertex 6 73.7784 70.6673
      vertex 6 74.11 70.7
    endloop
  endfacet
  facet normal 1 0 0
    outer loop
      vertex 6 73.4594 118.429
      vertex 6 73.7784 70.6673
      vertex 6 73.7784 118.333
    endloop
  endfacet
  facet normal 1 0 0
    outer loop
      vertex 6 73.4594 118.429
      vertex 6 73.4594 70.5706
      vertex 6 73.7784 70.6673
    endloop
  endfacet
  facet normal 1 0 0
    outer loop
      vertex 6 73.1655 118.587
      vertex 6 73.4594 70.5706
      vertex 6 73.4594 118.429
    endloop
  endfacet
  facet normal 1 0 0
    outer loop
      vertex 6 73.1655 118.587
      vertex 6 73.1655 70.4135
      vertex 6 73.4594 70.5706
    endloop
  endfacet
  facet normal 1 0 0
    outer loop
      vertex 6 72.9079 118.798
      vertex 6 73.1655 70.4135
      vertex 6 73.1655 118.587
    endloop
  endfacet
  facet normal 1 0 0
    outer loop
      vertex 6 72.9079 118.798
      vertex 6 72.9079 70.2021
      vertex 6 73.1655 70.4135
    endloop
  endfacet
  facet normal 1 0 0
    outer loop
      vertex 6 43.66 130
      vertex 6 72.9079 118.798
      vertex 6 72.6965 119.056
    endloop
  endfacet
  facet normal 1 0 0
    outer loop
      vertex 6 72.9079 118.798
      vertex 6 43.66 130
      vertex 6 72.9079 70.2021
    endloop
  endfacet
  facet normal 1 0 0
    outer loop
      vertex 6 43.66 130
      vertex 6 72.6965 119.056
      vertex 6 72.5394 119.349
    endloop
  endfacet
  facet normal 1 0 0
    outer loop
      vertex 6 72.9079 70.2021
      vertex 6 43.66 130
      vertex 6 72.6965 69.9445
    endloop
  endfacet
  facet normal 1 0 0
    outer loop
      vertex 6 43.66 130
      vertex 6 72.5394 119.349
      vertex 6 72.4427 119.668
    endloop
  endfacet
  facet normal 1 0 0
    outer loop
      vertex 6 72.6965 69.9445
      vertex 6 43.66 130
      vertex 6 72.5394 69.6506
    endloop
  endfacet
  facet normal 1 0 0
    outer loop
      vertex 6 43.66 130
      vertex 6 72.4427 119.668
      vertex 6 72.41 120
    endloop
  endfacet
  facet normal 1 0 0
    outer loop
      vertex 6 72.5394 69.6506
      vertex 6 43.66 130
      vertex 6 72.4427 69.3316
    endloop
  endfacet
  facet normal 1 0 0
    outer loop
      vertex 6 75.7773 119.668
      vertex 6 86.11 130
      vertex 6 75.81 120
    endloop
  endfacet
  facet normal 1 0 0
    outer loop
      vertex 6 86.11 130
      vertex 6 75.7773 120.332
      vertex 6 75.81 120
    endloop
  endfacet
  facet normal 1 0 0
    outer loop
      vertex 6 86.11 130
      vertex 6 75.6806 120.651
      vertex 6 75.7773 120.332
    endloop
  endfacet
  facet normal 1 0 0
    outer loop
      vertex 6 86.11 130
      vertex 6 75.5235 120.944
      vertex 6 75.6806 120.651
    endloop
  endfacet
  facet normal 1 0 0
    outer loop
      vertex 6 86.11 130
      vertex 6 75.3121 121.202
      vertex 6 75.5235 120.944
    endloop
  endfacet
  facet normal 1 0 0
    outer loop
      vertex 6 86.11 130
      vertex 6 75.0545 121.413
      vertex 6 75.3121 121.202
    endloop
  endfacet
  facet normal 1 0 0
    outer loop
      vertex 6 86.11 130
      vertex 6 74.7606 121.571
      vertex 6 75.0545 121.413
    endloop
  endfacet
  facet normal 1 0 0
    outer loop
      vertex 6 86.11 130
      vertex 6 74.4417 121.667
      vertex 6 74.7606 121.571
    endloop
  endfacet
  facet normal 1 0 0
    outer loop
      vertex 6 86.11 130
      vertex 6 74.11 121.7
      vertex 6 74.4417 121.667
    endloop
  endfacet
  facet normal 1 0 0
    outer loop
      vertex 6 86.11 130
      vertex 6 73.7784 121.667
      vertex 6 74.11 121.7
    endloop
  endfacet
  facet normal 1 0 0
    outer loop
      vertex 6 86.11 130
      vertex 6 73.4594 121.571
      vertex 6 73.7784 121.667
    endloop
  endfacet
  facet normal 1 -0 0
    outer loop
      vertex 6 43.66 130
      vertex 6 73.4594 121.571
      vertex 6 86.11 130
    endloop
  endfacet
  facet normal 1 0 0
    outer loop
      vertex 6 72.4427 69.3316
      vertex 6 43.66 130
      vertex 6 72.41 69
    endloop
  endfacet
  facet normal 1 0 0
    outer loop
      vertex 6 43.66 4
      vertex 6 72.41 69
      vertex 6 43.66 130
    endloop
  endfacet
  facet normal 1 0 0
    outer loop
      vertex 6 72.4427 120.332
      vertex 6 43.66 130
      vertex 6 72.41 120
    endloop
  endfacet
  facet normal 1 0 0
    outer loop
      vertex 6 72.5394 120.651
      vertex 6 43.66 130
      vertex 6 72.4427 120.332
    endloop
  endfacet
  facet normal 1 0 0
    outer loop
      vertex 6 72.6965 120.944
      vertex 6 43.66 130
      vertex 6 72.5394 120.651
    endloop
  endfacet
  facet normal 1 0 0
    outer loop
      vertex 6 72.9079 121.202
      vertex 6 43.66 130
      vertex 6 72.6965 120.944
    endloop
  endfacet
  facet normal 1 0 0
    outer loop
      vertex 6 73.1655 121.413
      vertex 6 43.66 130
      vertex 6 72.9079 121.202
    endloop
  endfacet
  facet normal 1 0 0
    outer loop
      vertex 6 73.4594 121.571
      vertex 6 43.66 130
      vertex 6 73.1655 121.413
    endloop
  endfacet
  facet normal 1 0 0
    outer loop
      vertex 6 86.11 130
      vertex 6 75.81 69
      vertex 6 86.11 4
    endloop
  endfacet
  facet normal 1 -0 0
    outer loop
      vertex 6 75.7773 68.6684
      vertex 6 86.11 4
      vertex 6 75.81 69
    endloop
  endfacet
  facet normal 1 -0 0
    outer loop
      vertex 6 75.7773 21.6683
      vertex 6 86.11 4
      vertex 6 75.81 22
    endloop
  endfacet
  facet normal 1 -0 0
    outer loop
      vertex 6 75.6806 21.3494
      vertex 6 86.11 4
      vertex 6 75.7773 21.6683
    endloop
  endfacet
  facet normal 1 -0 0
    outer loop
      vertex 6 75.5235 21.0555
      vertex 6 86.11 4
      vertex 6 75.6806 21.3494
    endloop
  endfacet
  facet normal 1 -0 0
    outer loop
      vertex 6 75.3121 20.7979
      vertex 6 86.11 4
      vertex 6 75.5235 21.0555
    endloop
  endfacet
  facet normal 1 -0 0
    outer loop
      vertex 6 75.0545 20.5865
      vertex 6 86.11 4
      vertex 6 75.3121 20.7979
    endloop
  endfacet
  facet normal 1 -0 0
    outer loop
      vertex 6 74.7606 20.4294
      vertex 6 86.11 4
      vertex 6 75.0545 20.5865
    endloop
  endfacet
  facet normal 1 -0 0
    outer loop
      vertex 6 74.4417 20.3327
      vertex 6 86.11 4
      vertex 6 74.7606 20.4294
    endloop
  endfacet
  facet normal 1 -0 0
    outer loop
      vertex 6 74.11 20.3
      vertex 6 86.11 4
      vertex 6 74.4417 20.3327
    endloop
  endfacet
  facet normal 1 0 0
    outer loop
      vertex 6 73.7784 20.3327
      vertex 6 86.11 4
      vertex 6 74.11 20.3
    endloop
  endfacet
  facet normal 1 0 0
    outer loop
      vertex 6 73.4594 20.4294
      vertex 6 86.11 4
      vertex 6 73.7784 20.3327
    endloop
  endfacet
  facet normal 1 0 0
    outer loop
      vertex 6 43.66 4
      vertex 6 73.4594 20.4294
      vertex 6 73.1655 20.5865
    endloop
  endfacet
  facet normal 1 0 0
    outer loop
      vertex 6 43.66 4
      vertex 6 73.1655 20.5865
      vertex 6 72.9079 20.7979
    endloop
  endfacet
  facet normal 1 0 0
    outer loop
      vertex 6 43.66 4
      vertex 6 72.9079 20.7979
      vertex 6 72.6965 21.0555
    endloop
  endfacet
  facet normal 1 0 0
    outer loop
      vertex 6 72.4427 22.3317
      vertex 6 43.66 4
      vertex 6 72.41 22
    endloop
  endfacet
  facet normal 1 0 0
    outer loop
      vertex 6 73.4594 20.4294
      vertex 6 43.66 4
      vertex 6 86.11 4
    endloop
  endfacet
  facet normal 1 0 0
    outer loop
      vertex 6 72.5394 21.3494
      vertex 6 43.66 4
      vertex 6 72.6965 21.0555
    endloop
  endfacet
  facet normal 1 0 0
    outer loop
      vertex 6 72.4427 21.6683
      vertex 6 43.66 4
      vertex 6 72.5394 21.3494
    endloop
  endfacet
  facet normal 1 0 0
    outer loop
      vertex 6 72.41 22
      vertex 6 43.66 4
      vertex 6 72.4427 21.6683
    endloop
  endfacet
  facet normal -1 0 0
    outer loop
      vertex 131.5 21.4012 36.9659
      vertex 131.5 28.7155 67.5865
      vertex 131.5 21.66 37
    endloop
  endfacet
  facet normal -1 0 0
    outer loop
      vertex 131.5 27.96 69
      vertex 131.5 22.6259 105.741
      vertex 131.5 22.66 106
    endloop
  endfacet
  facet normal -1 -0 0
    outer loop
      vertex 131.5 28.7155 67.5865
      vertex 131.5 21.4012 36.9659
      vertex 131.5 28.4579 67.7979
    endloop
  endfacet
  facet normal -1 0 0
    outer loop
      vertex 131.5 27.96 69
      vertex 131.5 22.526 105.5
      vertex 131.5 22.6259 105.741
    endloop
  endfacet
  facet normal -1 0 0
    outer loop
      vertex 131.5 21.16 36.866
      vertex 131.5 28.4579 67.7979
      vertex 131.5 21.4012 36.9659
    endloop
  endfacet
  facet normal -1 0 0
    outer loop
      vertex 131.5 27.96 69
      vertex 131.5 22.3671 105.293
      vertex 131.5 22.526 105.5
    endloop
  endfacet
  facet normal -1 -0 0
    outer loop
      vertex 131.5 28.4579 67.7979
      vertex 131.5 21.16 36.866
      vertex 131.5 28.2465 68.0555
    endloop
  endfacet
  facet normal -1 0 0
    outer loop
      vertex 131.5 27.96 69
      vertex 131.5 22.16 105.134
      vertex 131.5 22.3671 105.293
    endloop
  endfacet
  facet normal -1 -0 0
    outer loop
      vertex 131.5 28.2465 68.0555
      vertex 131.5 21.16 36.866
      vertex 131.5 28.0894 68.3494
    endloop
  endfacet
  facet normal -1 0 0
    outer loop
      vertex 131.5 27.96 69
      vertex 131.5 21.9188 105.034
      vertex 131.5 22.16 105.134
    endloop
  endfacet
  facet normal -1 0 0
    outer loop
      vertex 131.5 20.9529 36.7071
      vertex 131.5 28.0894 68.3494
      vertex 131.5 21.16 36.866
    endloop
  endfacet
  facet normal -1 0 0
    outer loop
      vertex 131.5 27.96 69
      vertex 131.5 21.66 105
      vertex 131.5 21.9188 105.034
    endloop
  endfacet
  facet normal -1 -0 0
    outer loop
      vertex 131.5 28.0894 68.3494
      vertex 131.5 20.9529 36.7071
      vertex 131.5 27.9927 68.6684
    endloop
  endfacet
  facet normal -1 0 0
    outer loop
      vertex 131.5 27.96 69
      vertex 131.5 21.4012 105.034
      vertex 131.5 21.66 105
    endloop
  endfacet
  facet normal -1 0 0
    outer loop
      vertex 131.5 20.794 36.5
      vertex 131.5 27.9927 68.6684
      vertex 131.5 20.9529 36.7071
    endloop
  endfacet
  facet normal -1 0 0
    outer loop
      vertex 131.5 27.96 69
      vertex 131.5 21.16 105.134
      vertex 131.5 21.4012 105.034
    endloop
  endfacet
  facet normal -1 -0 0
    outer loop
      vertex 131.5 27.9927 68.6684
      vertex 131.5 20.794 36.5
      vertex 131.5 27.96 69
    endloop
  endfacet
  facet normal -1 0 0
    outer loop
      vertex 131.5 27.96 69
      vertex 131.5 20.9529 105.293
      vertex 131.5 21.16 105.134
    endloop
  endfacet
  facet normal -1 0 0
    outer loop
      vertex 131.5 3.43323e-07 130
      vertex 131.5 27.96 69
      vertex 131.5 20.794 36.5
    endloop
  endfacet
  facet normal -1 0 0
    outer loop
      vertex 131.5 27.96 69
      vertex 131.5 20.794 105.5
      vertex 131.5 20.9529 105.293
    endloop
  endfacet
  facet normal -1 0 0
    outer loop
      vertex 131.5 3.43323e-07 130
      vertex 131.5 20.794 36.5
      vertex 131.5 20.6941 36.2588
    endloop
  endfacet
  facet normal -1 0 0
    outer loop
      vertex 131.5 27.96 69
      vertex 131.5 3.43323e-07 130
      vertex 131.5 20.794 105.5
    endloop
  endfacet
  facet normal -1 0 0
    outer loop
      vertex 131.5 3.43323e-07 4
      vertex 131.5 20.6941 36.2588
      vertex 131.5 20.66 36
    endloop
  endfacet
  facet normal -1 0 0
    outer loop
      vertex 131.5 20.794 105.5
      vertex 131.5 3.43323e-07 130
      vertex 131.5 20.6941 105.741
    endloop
  endfacet
  facet normal -1 0 0
    outer loop
      vertex 131.5 31.2306 69.6506
      vertex 131.5 40.66 130
      vertex 131.5 31.3273 69.3316
    endloop
  endfacet
  facet normal -1 0 0
    outer loop
      vertex 131.5 40.66 130
      vertex 131.5 31.3273 119.668
      vertex 131.5 31.36 120
    endloop
  endfacet
  facet normal -1 0 0
    outer loop
      vertex 131.5 31.0735 69.9445
      vertex 131.5 40.66 130
      vertex 131.5 31.2306 69.6506
    endloop
  endfacet
  facet normal -1 0 0
    outer loop
      vertex 131.5 40.66 130
      vertex 131.5 31.2306 119.349
      vertex 131.5 31.3273 119.668
    endloop
  endfacet
  facet normal -1 0 0
    outer loop
      vertex 131.5 31.0735 119.056
      vertex 131.5 40.66 130
      vertex 131.5 31.0735 69.9445
    endloop
  endfacet
  facet normal -1 0 0
    outer loop
      vertex 131.5 40.66 130
      vertex 131.5 31.0735 119.056
      vertex 131.5 31.2306 119.349
    endloop
  endfacet
  facet normal -1 0 0
    outer loop
      vertex 131.5 30.8621 70.2021
      vertex 131.5 31.0735 119.056
      vertex 131.5 31.0735 69.9445
    endloop
  endfacet
  facet normal -1 0 0
    outer loop
      vertex 131.5 30.8621 70.2021
      vertex 131.5 30.8621 118.798
      vertex 131.5 31.0735 119.056
    endloop
  endfacet
  facet normal -1 0 0
    outer loop
      vertex 131.5 22.66 106
      vertex 131.5 30.8621 70.2021
      vertex 131.5 30.6045 70.4135
    endloop
  endfacet
  facet normal -1 0 0
    outer loop
      vertex 131.5 30.8621 70.2021
      vertex 131.5 22.66 106
      vertex 131.5 30.8621 118.798
    endloop
  endfacet
  facet normal -1 0 0
    outer loop
      vertex 131.5 22.66 106
      vertex 131.5 30.6045 70.4135
      vertex 131.5 30.3106 70.5706
    endloop
  endfacet
  facet normal -1 0 0
    outer loop
      vertex 131.5 30.8621 118.798
      vertex 131.5 22.66 106
      vertex 131.5 30.6045 118.587
    endloop
  endfacet
  facet normal -1 0 0
    outer loop
      vertex 131.5 22.66 106
      vertex 131.5 30.3106 70.5706
      vertex 131.5 29.9917 70.6673
    endloop
  endfacet
  facet normal -1 0 0
    outer loop
      vertex 131.5 30.6045 118.587
      vertex 131.5 22.66 106
      vertex 131.5 30.3106 118.429
    endloop
  endfacet
  facet normal -1 0 0
    outer loop
      vertex 131.5 22.66 106
      vertex 131.5 29.9917 70.6673
      vertex 131.5 29.66 70.7
    endloop
  endfacet
  facet normal -1 0 0
    outer loop
      vertex 131.5 22.6259 106.259
      vertex 131.5 30.3106 118.429
      vertex 131.5 22.66 106
    endloop
  endfacet
  facet normal -1 0 0
    outer loop
      vertex 131.5 22.66 106
      vertex 131.5 29.66 70.7
      vertex 131.5 29.3283 70.6673
    endloop
  endfacet
  facet normal -1 0 0
    outer loop
      vertex 131.5 30.3106 118.429
      vertex 131.5 22.6259 106.259
      vertex 131.5 29.9917 118.333
    endloop
  endfacet
  facet normal -1 0 0
    outer loop
      vertex 131.5 22.66 106
      vertex 131.5 29.3283 70.6673
      vertex 131.5 29.0094 70.5706
    endloop
  endfacet
  facet normal -1 0 0
    outer loop
      vertex 131.5 29.9917 118.333
      vertex 131.5 22.6259 106.259
      vertex 131.5 29.66 118.3
    endloop
  endfacet
  facet normal -1 0 0
    outer loop
      vertex 131.5 22.66 106
      vertex 131.5 29.0094 70.5706
      vertex 131.5 28.7155 70.4135
    endloop
  endfacet
  facet normal -1 0 0
    outer loop
      vertex 131.5 22.526 106.5
      vertex 131.5 29.66 118.3
      vertex 131.5 22.6259 106.259
    endloop
  endfacet
  facet normal -1 0 0
    outer loop
      vertex 131.5 22.66 106
      vertex 131.5 28.7155 70.4135
      vertex 131.5 28.4579 70.2021
    endloop
  endfacet
  facet normal -1 -0 0
    outer loop
      vertex 131.5 29.66 118.3
      vertex 131.5 22.526 106.5
      vertex 131.5 29.3283 118.333
    endloop
  endfacet
  facet normal -1 0 0
    outer loop
      vertex 131.5 22.66 106
      vertex 131.5 28.4579 70.2021
      vertex 131.5 28.2465 69.9445
    endloop
  endfacet
  facet normal -1 0 0
    outer loop
      vertex 131.5 22.3671 106.707
      vertex 131.5 29.3283 118.333
      vertex 131.5 22.526 106.5
    endloop
  endfacet
  facet normal -1 0 0
    outer loop
      vertex 131.5 22.66 106
      vertex 131.5 28.2465 69.9445
      vertex 131.5 28.0894 69.6506
    endloop
  endfacet
  facet normal -1 -0 0
    outer loop
      vertex 131.5 29.3283 118.333
      vertex 131.5 22.3671 106.707
      vertex 131.5 29.0094 118.429
    endloop
  endfacet
  facet normal -1 0 0
    outer loop
      vertex 131.5 22.66 106
      vertex 131.5 28.0894 69.6506
      vertex 131.5 27.9927 69.3316
    endloop
  endfacet
  facet normal -1 0 0
    outer loop
      vertex 131.5 22.16 106.866
      vertex 131.5 29.0094 118.429
      vertex 131.5 22.3671 106.707
    endloop
  endfacet
  facet normal -1 0 0
    outer loop
      vertex 131.5 22.66 106
      vertex 131.5 27.9927 69.3316
      vertex 131.5 27.96 69
    endloop
  endfacet
  facet normal -1 -0 0
    outer loop
      vertex 131.5 29.0094 118.429
      vertex 131.5 22.16 106.866
      vertex 131.5 28.7155 118.587
    endloop
  endfacet
  facet normal -1 0 0
    outer loop
      vertex 131.5 31.2306 22.6506
      vertex 131.5 40.66 4
      vertex 131.5 31.3273 22.3317
    endloop
  endfacet
  facet normal -1 0 0
    outer loop
      vertex 131.5 40.66 4
      vertex 131.5 31.3273 68.6684
      vertex 131.5 31.36 69
    endloop
  endfacet
  facet normal -1 0 0
    outer loop
      vertex 131.5 31.2306 68.3494
      vertex 131.5 40.66 4
      vertex 131.5 31.2306 22.6506
    endloop
  endfacet
  facet normal -1 0 0
    outer loop
      vertex 131.5 40.66 4
      vertex 131.5 31.2306 68.3494
      vertex 131.5 31.3273 68.6684
    endloop
  endfacet
  facet normal -1 0 0
    outer loop
      vertex 131.5 31.0735 22.9445
      vertex 131.5 31.2306 68.3494
      vertex 131.5 31.2306 22.6506
    endloop
  endfacet
  facet normal -1 0 0
    outer loop
      vertex 131.5 31.0735 22.9445
      vertex 131.5 31.0735 68.0555
      vertex 131.5 31.2306 68.3494
    endloop
  endfacet
  facet normal -1 0 0
    outer loop
      vertex 131.5 30.8621 23.2021
      vertex 131.5 31.0735 68.0555
      vertex 131.5 31.0735 22.9445
    endloop
  endfacet
  facet normal -1 0 0
    outer loop
      vertex 131.5 30.8621 23.2021
      vertex 131.5 30.8621 67.7979
      vertex 131.5 31.0735 68.0555
    endloop
  endfacet
  facet normal -1 0 0
    outer loop
      vertex 131.5 22.6259 36.2588
      vertex 131.5 30.6045 23.4135
      vertex 131.5 22.66 36
    endloop
  endfacet
  facet normal -1 0 0
    outer loop
      vertex 131.5 30.6045 23.4135
      vertex 131.5 22.6259 36.2588
      vertex 131.5 30.8621 23.2021
    endloop
  endfacet
  facet normal -1 0 0
    outer loop
      vertex 131.5 22.66 36
      vertex 131.5 30.6045 23.4135
      vertex 131.5 30.3106 23.5706
    endloop
  endfacet
  facet normal -1 0 0
    outer loop
      vertex 131.5 30.8621 23.2021
      vertex 131.5 22.6259 36.2588
      vertex 131.5 30.8621 67.7979
    endloop
  endfacet
  facet normal -1 0 0
    outer loop
      vertex 131.5 22.6259 35.7412
      vertex 131.5 30.3106 23.5706
      vertex 131.5 29.9917 23.6673
    endloop
  endfacet
  facet normal -1 0 0
    outer loop
      vertex 131.5 30.8621 67.7979
      vertex 131.5 22.6259 36.2588
      vertex 131.5 30.6045 67.5865
    endloop
  endfacet
  facet normal -1 0 0
    outer loop
      vertex 131.5 22.6259 35.7412
      vertex 131.5 29.9917 23.6673
      vertex 131.5 29.66 23.7
    endloop
  endfacet
  facet normal -1 0 0
    outer loop
      vertex 131.5 22.526 36.5
      vertex 131.5 30.6045 67.5865
      vertex 131.5 22.6259 36.2588
    endloop
  endfacet
  facet normal -1 0 0
    outer loop
      vertex 131.5 22.526 35.5
      vertex 131.5 29.66 23.7
      vertex 131.5 29.3283 23.6673
    endloop
  endfacet
  facet normal -1 0 0
    outer loop
      vertex 131.5 30.6045 67.5865
      vertex 131.5 22.526 36.5
      vertex 131.5 30.3106 67.4294
    endloop
  endfacet
  facet normal -1 0 0
    outer loop
      vertex 131.5 22.3671 35.2929
      vertex 131.5 29.3283 23.6673
      vertex 131.5 29.0094 23.5706
    endloop
  endfacet
  facet normal -1 0 0
    outer loop
      vertex 131.5 22.3671 36.7071
      vertex 131.5 30.3106 67.4294
      vertex 131.5 22.526 36.5
    endloop
  endfacet
  facet normal -1 0 0
    outer loop
      vertex 131.5 22.16 35.134
      vertex 131.5 29.0094 23.5706
      vertex 131.5 28.7155 23.4135
    endloop
  endfacet
  facet normal -1 0 0
    outer loop
      vertex 131.5 30.3106 67.4294
      vertex 131.5 22.3671 36.7071
      vertex 131.5 29.9917 67.3327
    endloop
  endfacet
  facet normal -1 0 0
    outer loop
      vertex 131.5 21.9188 35.0341
      vertex 131.5 28.7155 23.4135
      vertex 131.5 28.4579 23.2021
    endloop
  endfacet
  facet normal -1 0 0
    outer loop
      vertex 131.5 22.16 36.866
      vertex 131.5 29.9917 67.3327
      vertex 131.5 22.3671 36.7071
    endloop
  endfacet
  facet normal -1 0 0
    outer loop
      vertex 131.5 21.9188 35.0341
      vertex 131.5 28.4579 23.2021
      vertex 131.5 28.2465 22.9445
    endloop
  endfacet
  facet normal -1 0 0
    outer loop
      vertex 131.5 29.9917 67.3327
      vertex 131.5 22.16 36.866
      vertex 131.5 29.66 67.3
    endloop
  endfacet
  facet normal -1 0 0
    outer loop
      vertex 131.5 21.66 35
      vertex 131.5 28.2465 22.9445
      vertex 131.5 28.0894 22.6506
    endloop
  endfacet
  facet normal -1 -0 0
    outer loop
      vertex 131.5 29.66 67.3
      vertex 131.5 22.16 36.866
      vertex 131.5 29.3283 67.3327
    endloop
  endfacet
  facet normal -1 0 0
    outer loop
      vertex 131.5 21.4012 35.0341
      vertex 131.5 28.0894 22.6506
      vertex 131.5 27.9927 22.3317
    endloop
  endfacet
  facet normal -1 0 0
    outer loop
      vertex 131.5 21.9188 36.9659
      vertex 131.5 29.3283 67.3327
      vertex 131.5 22.16 36.866
    endloop
  endfacet
  facet normal -1 0 0
    outer loop
      vertex 131.5 21.16 35.134
      vertex 131.5 27.9927 22.3317
      vertex 131.5 27.96 22
    endloop
  endfacet
  facet normal -1 -0 0
    outer loop
      vertex 131.5 29.3283 67.3327
      vertex 131.5 21.9188 36.9659
      vertex 131.5 29.0094 67.4294
    endloop
  endfacet
  facet normal -1 0 0
    outer loop
      vertex 131.5 31.3273 22.3317
      vertex 131.5 40.66 4
      vertex 131.5 31.36 22
    endloop
  endfacet
  facet normal -1 0 0
    outer loop
      vertex 131.5 40.66 4
      vertex 131.5 31.3273 21.6683
      vertex 131.5 31.36 22
    endloop
  endfacet
  facet normal -1 0 0
    outer loop
      vertex 131.5 40.66 4
      vertex 131.5 31.2306 21.3494
      vertex 131.5 31.3273 21.6683
    endloop
  endfacet
  facet normal -1 0 0
    outer loop
      vertex 131.5 40.66 4
      vertex 131.5 31.0735 21.0555
      vertex 131.5 31.2306 21.3494
    endloop
  endfacet
  facet normal -1 0 0
    outer loop
      vertex 131.5 40.66 4
      vertex 131.5 30.8621 20.7979
      vertex 131.5 31.0735 21.0555
    endloop
  endfacet
  facet normal -1 0 0
    outer loop
      vertex 131.5 40.66 4
      vertex 131.5 30.6045 20.5865
      vertex 131.5 30.8621 20.7979
    endloop
  endfacet
  facet normal -1 0 0
    outer loop
      vertex 131.5 40.66 4
      vertex 131.5 30.3106 20.4294
      vertex 131.5 30.6045 20.5865
    endloop
  endfacet
  facet normal -1 0 0
    outer loop
      vertex 131.5 40.66 4
      vertex 131.5 29.9917 20.3327
      vertex 131.5 30.3106 20.4294
    endloop
  endfacet
  facet normal -1 0 0
    outer loop
      vertex 131.5 40.66 4
      vertex 131.5 29.66 20.3
      vertex 131.5 29.9917 20.3327
    endloop
  endfacet
  facet normal -1 0 0
    outer loop
      vertex 131.5 40.66 4
      vertex 131.5 29.3283 20.3327
      vertex 131.5 29.66 20.3
    endloop
  endfacet
  facet normal -1 0 0
    outer loop
      vertex 131.5 40.66 4
      vertex 131.5 29.0094 20.4294
      vertex 131.5 29.3283 20.3327
    endloop
  endfacet
  facet normal -1 0 0
    outer loop
      vertex 131.5 3.43323e-07 4
      vertex 131.5 29.0094 20.4294
      vertex 131.5 40.66 4
    endloop
  endfacet
  facet normal -1 -0 0
    outer loop
      vertex 131.5 29.0094 20.4294
      vertex 131.5 3.43323e-07 4
      vertex 131.5 28.7155 20.5865
    endloop
  endfacet
  facet normal -1 -0 0
    outer loop
      vertex 131.5 28.7155 20.5865
      vertex 131.5 3.43323e-07 4
      vertex 131.5 28.4579 20.7979
    endloop
  endfacet
  facet normal -1 0 0
    outer loop
      vertex 131.5 21.66 37
      vertex 131.5 29.0094 67.4294
      vertex 131.5 21.9188 36.9659
    endloop
  endfacet
  facet normal -1 -0 0
    outer loop
      vertex 131.5 29.0094 67.4294
      vertex 131.5 21.66 37
      vertex 131.5 28.7155 67.5865
    endloop
  endfacet
  facet normal -1 0 0
    outer loop
      vertex 131.5 3.43323e-07 4
      vertex 131.5 27.96 22
      vertex 131.5 27.9927 21.6683
    endloop
  endfacet
  facet normal -1 0 0
    outer loop
      vertex 131.5 3.43323e-07 4
      vertex 131.5 27.9927 21.6683
      vertex 131.5 28.0894 21.3494
    endloop
  endfacet
  facet normal -1 0 0
    outer loop
      vertex 131.5 30.3106 23.5706
      vertex 131.5 22.6259 35.7412
      vertex 131.5 22.66 36
    endloop
  endfacet
  facet normal -1 0 0
    outer loop
      vertex 131.5 29.66 23.7
      vertex 131.5 22.526 35.5
      vertex 131.5 22.6259 35.7412
    endloop
  endfacet
  facet normal -1 0 0
    outer loop
      vertex 131.5 29.3283 23.6673
      vertex 131.5 22.3671 35.2929
      vertex 131.5 22.526 35.5
    endloop
  endfacet
  facet normal -1 0 0
    outer loop
      vertex 131.5 29.0094 23.5706
      vertex 131.5 22.16 35.134
      vertex 131.5 22.3671 35.2929
    endloop
  endfacet
  facet normal -1 0 0
    outer loop
      vertex 131.5 28.7155 23.4135
      vertex 131.5 21.9188 35.0341
      vertex 131.5 22.16 35.134
    endloop
  endfacet
  facet normal -1 0 0
    outer loop
      vertex 131.5 28.2465 22.9445
      vertex 131.5 21.66 35
      vertex 131.5 21.9188 35.0341
    endloop
  endfacet
  facet normal -1 0 0
    outer loop
      vertex 131.5 28.0894 22.6506
      vertex 131.5 21.4012 35.0341
      vertex 131.5 21.66 35
    endloop
  endfacet
  facet normal -1 0 0
    outer loop
      vertex 131.5 27.9927 22.3317
      vertex 131.5 21.16 35.134
      vertex 131.5 21.4012 35.0341
    endloop
  endfacet
  facet normal -1 0 0
    outer loop
      vertex 131.5 27.96 22
      vertex 131.5 20.9529 35.2929
      vertex 131.5 21.16 35.134
    endloop
  endfacet
  facet normal -1 -0 0
    outer loop
      vertex 131.5 27.96 22
      vertex 131.5 3.43323e-07 4
      vertex 131.5 20.9529 35.2929
    endloop
  endfacet
  facet normal -1 -0 0
    outer loop
      vertex 131.5 20.6941 36.2588
      vertex 131.5 3.43323e-07 4
      vertex 131.5 3.43323e-07 130
    endloop
  endfacet
  facet normal -1 -0 0
    outer loop
      vertex 131.5 20.6941 35.7412
      vertex 131.5 3.43323e-07 4
      vertex 131.5 20.66 36
    endloop
  endfacet
  facet normal -1 -0 0
    outer loop
      vertex 131.5 20.794 35.5
      vertex 131.5 3.43323e-07 4
      vertex 131.5 20.6941 35.7412
    endloop
  endfacet
  facet normal -1 -0 0
    outer loop
      vertex 131.5 20.9529 35.2929
      vertex 131.5 3.43323e-07 4
      vertex 131.5 20.794 35.5
    endloop
  endfacet
  facet normal -1 -0 0
    outer loop
      vertex 131.5 28.2465 21.0555
      vertex 131.5 3.43323e-07 4
      vertex 131.5 28.0894 21.3494
    endloop
  endfacet
  facet normal -1 -0 0
    outer loop
      vertex 131.5 28.4579 20.7979
      vertex 131.5 3.43323e-07 4
      vertex 131.5 28.2465 21.0555
    endloop
  endfacet
  facet normal -1 0 0
    outer loop
      vertex 131.5 40.66 4
      vertex 131.5 31.36 69
      vertex 131.5 40.66 130
    endloop
  endfacet
  facet normal -1 0 0
    outer loop
      vertex 131.5 31.3273 69.3316
      vertex 131.5 40.66 130
      vertex 131.5 31.36 69
    endloop
  endfacet
  facet normal -1 0 0
    outer loop
      vertex 131.5 31.3273 120.332
      vertex 131.5 40.66 130
      vertex 131.5 31.36 120
    endloop
  endfacet
  facet normal -1 0 0
    outer loop
      vertex 131.5 31.2306 120.651
      vertex 131.5 40.66 130
      vertex 131.5 31.3273 120.332
    endloop
  endfacet
  facet normal -1 0 0
    outer loop
      vertex 131.5 31.0735 120.944
      vertex 131.5 40.66 130
      vertex 131.5 31.2306 120.651
    endloop
  endfacet
  facet normal -1 0 0
    outer loop
      vertex 131.5 30.8621 121.202
      vertex 131.5 40.66 130
      vertex 131.5 31.0735 120.944
    endloop
  endfacet
  facet normal -1 0 0
    outer loop
      vertex 131.5 30.6045 121.413
      vertex 131.5 40.66 130
      vertex 131.5 30.8621 121.202
    endloop
  endfacet
  facet normal -1 0 0
    outer loop
      vertex 131.5 30.3106 121.571
      vertex 131.5 40.66 130
      vertex 131.5 30.6045 121.413
    endloop
  endfacet
  facet normal -1 0 0
    outer loop
      vertex 131.5 29.9917 121.667
      vertex 131.5 40.66 130
      vertex 131.5 30.3106 121.571
    endloop
  endfacet
  facet normal -1 0 0
    outer loop
      vertex 131.5 29.66 121.7
      vertex 131.5 40.66 130
      vertex 131.5 29.9917 121.667
    endloop
  endfacet
  facet normal -1 0 0
    outer loop
      vertex 131.5 29.3283 121.667
      vertex 131.5 40.66 130
      vertex 131.5 29.66 121.7
    endloop
  endfacet
  facet normal -1 0 0
    outer loop
      vertex 131.5 29.0094 121.571
      vertex 131.5 40.66 130
      vertex 131.5 29.3283 121.667
    endloop
  endfacet
  facet normal -1 0 0
    outer loop
      vertex 131.5 3.43323e-07 130
      vertex 131.5 29.0094 121.571
      vertex 131.5 28.7155 121.413
    endloop
  endfacet
  facet normal -1 0 0
    outer loop
      vertex 131.5 21.9188 106.966
      vertex 131.5 28.7155 118.587
      vertex 131.5 22.16 106.866
    endloop
  endfacet
  facet normal -1 -0 0
    outer loop
      vertex 131.5 28.7155 118.587
      vertex 131.5 21.9188 106.966
      vertex 131.5 28.4579 118.798
    endloop
  endfacet
  facet normal -1 -0 0
    outer loop
      vertex 131.5 28.4579 118.798
      vertex 131.5 21.9188 106.966
      vertex 131.5 28.2465 119.056
    endloop
  endfacet
  facet normal -1 0 0
    outer loop
      vertex 131.5 21.66 107
      vertex 131.5 28.2465 119.056
      vertex 131.5 21.9188 106.966
    endloop
  endfacet
  facet normal -1 -0 0
    outer loop
      vertex 131.5 28.2465 119.056
      vertex 131.5 21.66 107
      vertex 131.5 28.0894 119.349
    endloop
  endfacet
  facet normal -1 0 0
    outer loop
      vertex 131.5 21.4012 106.966
      vertex 131.5 28.0894 119.349
      vertex 131.5 21.66 107
    endloop
  endfacet
  facet normal -1 -0 0
    outer loop
      vertex 131.5 28.0894 119.349
      vertex 131.5 21.4012 106.966
      vertex 131.5 27.9927 119.668
    endloop
  endfacet
  facet normal -1 0 0
    outer loop
      vertex 131.5 21.16 106.866
      vertex 131.5 27.9927 119.668
      vertex 131.5 21.4012 106.966
    endloop
  endfacet
  facet normal -1 -0 0
    outer loop
      vertex 131.5 27.9927 119.668
      vertex 131.5 21.16 106.866
      vertex 131.5 27.96 120
    endloop
  endfacet
  facet normal -1 0 0
    outer loop
      vertex 131.5 3.43323e-07 130
      vertex 131.5 27.96 120
      vertex 131.5 21.16 106.866
    endloop
  endfacet
  facet normal -1 0 0
    outer loop
      vertex 131.5 27.96 120
      vertex 131.5 3.43323e-07 130
      vertex 131.5 27.9927 120.332
    endloop
  endfacet
  facet normal -1 0 0
    outer loop
      vertex 131.5 3.43323e-07 130
      vertex 131.5 21.16 106.866
      vertex 131.5 20.9529 106.707
    endloop
  endfacet
  facet normal -1 0 0
    outer loop
      vertex 131.5 3.43323e-07 130
      vertex 131.5 20.9529 106.707
      vertex 131.5 20.794 106.5
    endloop
  endfacet
  facet normal -1 0 0
    outer loop
      vertex 131.5 20.6941 105.741
      vertex 131.5 3.43323e-07 130
      vertex 131.5 20.66 106
    endloop
  endfacet
  facet normal -1 0 0
    outer loop
      vertex 131.5 29.0094 121.571
      vertex 131.5 3.43323e-07 130
      vertex 131.5 40.66 130
    endloop
  endfacet
  facet normal -1 0 0
    outer loop
      vertex 131.5 28.4579 121.202
      vertex 131.5 3.43323e-07 130
      vertex 131.5 28.7155 121.413
    endloop
  endfacet
  facet normal -1 0 0
    outer loop
      vertex 131.5 28.2465 120.944
      vertex 131.5 3.43323e-07 130
      vertex 131.5 28.4579 121.202
    endloop
  endfacet
  facet normal -1 0 0
    outer loop
      vertex 131.5 28.0894 120.651
      vertex 131.5 3.43323e-07 130
      vertex 131.5 28.2465 120.944
    endloop
  endfacet
  facet normal -1 0 0
    outer loop
      vertex 131.5 27.9927 120.332
      vertex 131.5 3.43323e-07 130
      vertex 131.5 28.0894 120.651
    endloop
  endfacet
  facet normal -1 0 0
    outer loop
      vertex 131.5 20.6941 106.259
      vertex 131.5 3.43323e-07 130
      vertex 131.5 20.794 106.5
    endloop
  endfacet
  facet normal -1 0 0
    outer loop
      vertex 131.5 20.66 106
      vertex 131.5 3.43323e-07 130
      vertex 131.5 20.6941 106.259
    endloop
  endfacet
  facet normal -1 0 0
    outer loop
      vertex 131.5 65.8512 36.9659
      vertex 131.5 73.1655 67.5865
      vertex 131.5 66.11 37
    endloop
  endfacet
  facet normal -1 0 0
    outer loop
      vertex 131.5 72.41 69
      vertex 131.5 67.0759 105.741
      vertex 131.5 67.11 106
    endloop
  endfacet
  facet normal -1 -0 0
    outer loop
      vertex 131.5 73.1655 67.5865
      vertex 131.5 65.8512 36.9659
      vertex 131.5 72.9079 67.7979
    endloop
  endfacet
  facet normal -1 0 0
    outer loop
      vertex 131.5 72.41 69
      vertex 131.5 66.976 105.5
      vertex 131.5 67.0759 105.741
    endloop
  endfacet
  facet normal -1 0 0
    outer loop
      vertex 131.5 65.61 36.866
      vertex 131.5 72.9079 67.7979
      vertex 131.5 65.8512 36.9659
    endloop
  endfacet
  facet normal -1 0 0
    outer loop
      vertex 131.5 72.41 69
      vertex 131.5 66.8171 105.293
      vertex 131.5 66.976 105.5
    endloop
  endfacet
  facet normal -1 -0 0
    outer loop
      vertex 131.5 72.9079 67.7979
      vertex 131.5 65.61 36.866
      vertex 131.5 72.6965 68.0555
    endloop
  endfacet
  facet normal -1 0 0
    outer loop
      vertex 131.5 72.41 69
      vertex 131.5 66.61 105.134
      vertex 131.5 66.8171 105.293
    endloop
  endfacet
  facet normal -1 -0 0
    outer loop
      vertex 131.5 72.6965 68.0555
      vertex 131.5 65.61 36.866
      vertex 131.5 72.5394 68.3494
    endloop
  endfacet
  facet normal -1 0 0
    outer loop
      vertex 131.5 72.41 69
      vertex 131.5 66.3688 105.034
      vertex 131.5 66.61 105.134
    endloop
  endfacet
  facet normal -1 0 0
    outer loop
      vertex 131.5 65.4029 36.7071
      vertex 131.5 72.5394 68.3494
      vertex 131.5 65.61 36.866
    endloop
  endfacet
  facet normal -1 0 0
    outer loop
      vertex 131.5 72.41 69
      vertex 131.5 66.11 105
      vertex 131.5 66.3688 105.034
    endloop
  endfacet
  facet normal -1 -0 0
    outer loop
      vertex 131.5 72.5394 68.3494
      vertex 131.5 65.4029 36.7071
      vertex 131.5 72.4427 68.6684
    endloop
  endfacet
  facet normal -1 0 0
    outer loop
      vertex 131.5 72.41 69
      vertex 131.5 65.8512 105.034
      vertex 131.5 66.11 105
    endloop
  endfacet
  facet normal -1 0 0
    outer loop
      vertex 131.5 65.244 36.5
      vertex 131.5 72.4427 68.6684
      vertex 131.5 65.4029 36.7071
    endloop
  endfacet
  facet normal -1 0 0
    outer loop
      vertex 131.5 72.41 69
      vertex 131.5 65.61 105.134
      vertex 131.5 65.8512 105.034
    endloop
  endfacet
  facet normal -1 -0 0
    outer loop
      vertex 131.5 72.4427 68.6684
      vertex 131.5 65.244 36.5
      vertex 131.5 72.41 69
    endloop
  endfacet
  facet normal -1 0 0
    outer loop
      vertex 131.5 72.41 69
      vertex 131.5 65.4029 105.293
      vertex 131.5 65.61 105.134
    endloop
  endfacet
  facet normal -1 0 0
    outer loop
      vertex 131.5 43.66 130
      vertex 131.5 72.41 69
      vertex 131.5 65.244 36.5
    endloop
  endfacet
  facet normal -1 0 0
    outer loop
      vertex 131.5 72.41 69
      vertex 131.5 65.244 105.5
      vertex 131.5 65.4029 105.293
    endloop
  endfacet
  facet normal -1 0 0
    outer loop
      vertex 131.5 43.66 130
      vertex 131.5 65.244 36.5
      vertex 131.5 65.1441 36.2588
    endloop
  endfacet
  facet normal -1 0 0
    outer loop
      vertex 131.5 72.41 69
      vertex 131.5 43.66 130
      vertex 131.5 65.244 105.5
    endloop
  endfacet
  facet normal -1 0 0
    outer loop
      vertex 131.5 43.66 4
      vertex 131.5 65.1441 36.2588
      vertex 131.5 65.11 36
    endloop
  endfacet
  facet normal -1 0 0
    outer loop
      vertex 131.5 65.244 105.5
      vertex 131.5 43.66 130
      vertex 131.5 65.1441 105.741
    endloop
  endfacet
  facet normal -1 0 0
    outer loop
      vertex 131.5 75.6806 69.6506
      vertex 131.5 86.11 130
      vertex 131.5 75.7773 69.3316
    endloop
  endfacet
  facet normal -1 0 0
    outer loop
      vertex 131.5 86.11 130
      vertex 131.5 75.7773 119.668
      vertex 131.5 75.81 120
    endloop
  endfacet
  facet normal -1 0 0
    outer loop
      vertex 131.5 75.5235 69.9445
      vertex 131.5 86.11 130
      vertex 131.5 75.6806 69.6506
    endloop
  endfacet
  facet normal -1 0 0
    outer loop
      vertex 131.5 86.11 130
      vertex 131.5 75.6806 119.349
      vertex 131.5 75.7773 119.668
    endloop
  endfacet
  facet normal -1 0 0
    outer loop
      vertex 131.5 75.5235 119.056
      vertex 131.5 86.11 130
      vertex 131.5 75.5235 69.9445
    endloop
  endfacet
  facet normal -1 0 0
    outer loop
      vertex 131.5 86.11 130
      vertex 131.5 75.5235 119.056
      vertex 131.5 75.6806 119.349
    endloop
  endfacet
  facet normal -1 0 0
    outer loop
      vertex 131.5 75.3121 70.2021
      vertex 131.5 75.5235 119.056
      vertex 131.5 75.5235 69.9445
    endloop
  endfacet
  facet normal -1 0 0
    outer loop
      vertex 131.5 75.3121 70.2021
      vertex 131.5 75.3121 118.798
      vertex 131.5 75.5235 119.056
    endloop
  endfacet
  facet normal -1 0 0
    outer loop
      vertex 131.5 67.11 106
      vertex 131.5 75.3121 70.2021
      vertex 131.5 75.0545 70.4135
    endloop
  endfacet
  facet normal -1 0 0
    outer loop
      vertex 131.5 75.3121 70.2021
      vertex 131.5 67.11 106
      vertex 131.5 75.3121 118.798
    endloop
  endfacet
  facet normal -1 0 0
    outer loop
      vertex 131.5 67.11 106
      vertex 131.5 75.0545 70.4135
      vertex 131.5 74.7606 70.5706
    endloop
  endfacet
  facet normal -1 0 0
    outer loop
      vertex 131.5 75.3121 118.798
      vertex 131.5 67.11 106
      vertex 131.5 75.0545 118.587
    endloop
  endfacet
  facet normal -1 0 0
    outer loop
      vertex 131.5 67.11 106
      vertex 131.5 74.7606 70.5706
      vertex 131.5 74.4417 70.6673
    endloop
  endfacet
  facet normal -1 0 0
    outer loop
      vertex 131.5 75.0545 118.587
      vertex 131.5 67.11 106
      vertex 131.5 74.7606 118.429
    endloop
  endfacet
  facet normal -1 0 0
    outer loop
      vertex 131.5 67.11 106
      vertex 131.5 74.4417 70.6673
      vertex 131.5 74.11 70.7
    endloop
  endfacet
  facet normal -1 0 0
    outer loop
      vertex 131.5 67.0759 106.259
      vertex 131.5 74.7606 118.429
      vertex 131.5 67.11 106
    endloop
  endfacet
  facet normal -1 0 0
    outer loop
      vertex 131.5 67.11 106
      vertex 131.5 74.11 70.7
      vertex 131.5 73.7784 70.6673
    endloop
  endfacet
  facet normal -1 0 0
    outer loop
      vertex 131.5 74.7606 118.429
      vertex 131.5 67.0759 106.259
      vertex 131.5 74.4417 118.333
    endloop
  endfacet
  facet normal -1 0 0
    outer loop
      vertex 131.5 67.11 106
      vertex 131.5 73.7784 70.6673
      vertex 131.5 73.4594 70.5706
    endloop
  endfacet
  facet normal -1 0 0
    outer loop
      vertex 131.5 74.4417 118.333
      vertex 131.5 67.0759 106.259
      vertex 131.5 74.11 118.3
    endloop
  endfacet
  facet normal -1 0 0
    outer loop
      vertex 131.5 67.11 106
      vertex 131.5 73.4594 70.5706
      vertex 131.5 73.1655 70.4135
    endloop
  endfacet
  facet normal -1 0 0
    outer loop
      vertex 131.5 66.976 106.5
      vertex 131.5 74.11 118.3
      vertex 131.5 67.0759 106.259
    endloop
  endfacet
  facet normal -1 0 0
    outer loop
      vertex 131.5 67.11 106
      vertex 131.5 73.1655 70.4135
      vertex 131.5 72.9079 70.2021
    endloop
  endfacet
  facet normal -1 -0 0
    outer loop
      vertex 131.5 74.11 118.3
      vertex 131.5 66.976 106.5
      vertex 131.5 73.7784 118.333
    endloop
  endfacet
  facet normal -1 0 0
    outer loop
      vertex 131.5 67.11 106
      vertex 131.5 72.9079 70.2021
      vertex 131.5 72.6965 69.9445
    endloop
  endfacet
  facet normal -1 0 0
    outer loop
      vertex 131.5 66.8171 106.707
      vertex 131.5 73.7784 118.333
      vertex 131.5 66.976 106.5
    endloop
  endfacet
  facet normal -1 0 0
    outer loop
      vertex 131.5 67.11 106
      vertex 131.5 72.6965 69.9445
      vertex 131.5 72.5394 69.6506
    endloop
  endfacet
  facet normal -1 -0 0
    outer loop
      vertex 131.5 73.7784 118.333
      vertex 131.5 66.8171 106.707
      vertex 131.5 73.4594 118.429
    endloop
  endfacet
  facet normal -1 0 0
    outer loop
      vertex 131.5 67.11 106
      vertex 131.5 72.5394 69.6506
      vertex 131.5 72.4427 69.3316
    endloop
  endfacet
  facet normal -1 0 0
    outer loop
      vertex 131.5 66.61 106.866
      vertex 131.5 73.4594 118.429
      vertex 131.5 66.8171 106.707
    endloop
  endfacet
  facet normal -1 0 0
    outer loop
      vertex 131.5 67.11 106
      vertex 131.5 72.4427 69.3316
      vertex 131.5 72.41 69
    endloop
  endfacet
  facet normal -1 -0 0
    outer loop
      vertex 131.5 73.4594 118.429
      vertex 131.5 66.61 106.866
      vertex 131.5 73.1655 118.587
    endloop
  endfacet
  facet normal -1 0 0
    outer loop
      vertex 131.5 75.6806 22.6506
      vertex 131.5 86.11 4
      vertex 131.5 75.7773 22.3317
    endloop
  endfacet
  facet normal -1 0 0
    outer loop
      vertex 131.5 86.11 4
      vertex 131.5 75.7773 68.6684
      vertex 131.5 75.81 69
    endloop
  endfacet
  facet normal -1 0 0
    outer loop
      vertex 131.5 75.6806 68.3494
      vertex 131.5 86.11 4
      vertex 131.5 75.6806 22.6506
    endloop
  endfacet
  facet normal -1 0 0
    outer loop
      vertex 131.5 86.11 4
      vertex 131.5 75.6806 68.3494
      vertex 131.5 75.7773 68.6684
    endloop
  endfacet
  facet normal -1 0 0
    outer loop
      vertex 131.5 75.5235 22.9445
      vertex 131.5 75.6806 68.3494
      vertex 131.5 75.6806 22.6506
    endloop
  endfacet
  facet normal -1 0 0
    outer loop
      vertex 131.5 75.5235 22.9445
      vertex 131.5 75.5235 68.0555
      vertex 131.5 75.6806 68.3494
    endloop
  endfacet
  facet normal -1 0 0
    outer loop
      vertex 131.5 75.3121 23.2021
      vertex 131.5 75.5235 68.0555
      vertex 131.5 75.5235 22.9445
    endloop
  endfacet
  facet normal -1 0 0
    outer loop
      vertex 131.5 75.3121 23.2021
      vertex 131.5 75.3121 67.7979
      vertex 131.5 75.5235 68.0555
    endloop
  endfacet
  facet normal -1 0 0
    outer loop
      vertex 131.5 67.0759 36.2588
      vertex 131.5 75.0545 23.4135
      vertex 131.5 67.11 36
    endloop
  endfacet
  facet normal -1 0 0
    outer loop
      vertex 131.5 75.0545 23.4135
      vertex 131.5 67.0759 36.2588
      vertex 131.5 75.3121 23.2021
    endloop
  endfacet
  facet normal -1 0 0
    outer loop
      vertex 131.5 67.11 36
      vertex 131.5 75.0545 23.4135
      vertex 131.5 74.7606 23.5706
    endloop
  endfacet
  facet normal -1 0 0
    outer loop
      vertex 131.5 75.3121 23.2021
      vertex 131.5 67.0759 36.2588
      vertex 131.5 75.3121 67.7979
    endloop
  endfacet
  facet normal -1 0 0
    outer loop
      vertex 131.5 67.0759 35.7412
      vertex 131.5 74.7606 23.5706
      vertex 131.5 74.4417 23.6673
    endloop
  endfacet
  facet normal -1 0 0
    outer loop
      vertex 131.5 75.3121 67.7979
      vertex 131.5 67.0759 36.2588
      vertex 131.5 75.0545 67.5865
    endloop
  endfacet
  facet normal -1 0 0
    outer loop
      vertex 131.5 67.0759 35.7412
      vertex 131.5 74.4417 23.6673
      vertex 131.5 74.11 23.7
    endloop
  endfacet
  facet normal -1 0 0
    outer loop
      vertex 131.5 66.976 36.5
      vertex 131.5 75.0545 67.5865
      vertex 131.5 67.0759 36.2588
    endloop
  endfacet
  facet normal -1 0 0
    outer loop
      vertex 131.5 66.976 35.5
      vertex 131.5 74.11 23.7
      vertex 131.5 73.7784 23.6673
    endloop
  endfacet
  facet normal -1 0 0
    outer loop
      vertex 131.5 75.0545 67.5865
      vertex 131.5 66.976 36.5
      vertex 131.5 74.7606 67.4294
    endloop
  endfacet
  facet normal -1 0 0
    outer loop
      vertex 131.5 66.8171 35.2929
      vertex 131.5 73.7784 23.6673
      vertex 131.5 73.4594 23.5706
    endloop
  endfacet
  facet normal -1 0 0
    outer loop
      vertex 131.5 66.8171 36.7071
      vertex 131.5 74.7606 67.4294
      vertex 131.5 66.976 36.5
    endloop
  endfacet
  facet normal -1 0 0
    outer loop
      vertex 131.5 66.61 35.134
      vertex 131.5 73.4594 23.5706
      vertex 131.5 73.1655 23.4135
    endloop
  endfacet
  facet normal -1 0 0
    outer loop
      vertex 131.5 74.7606 67.4294
      vertex 131.5 66.8171 36.7071
      vertex 131.5 74.4417 67.3327
    endloop
  endfacet
  facet normal -1 0 0
    outer loop
      vertex 131.5 66.3688 35.0341
      vertex 131.5 73.1655 23.4135
      vertex 131.5 72.9079 23.2021
    endloop
  endfacet
  facet normal -1 0 0
    outer loop
      vertex 131.5 66.61 36.866
      vertex 131.5 74.4417 67.3327
      vertex 131.5 66.8171 36.7071
    endloop
  endfacet
  facet normal -1 0 0
    outer loop
      vertex 131.5 66.3688 35.0341
      vertex 131.5 72.9079 23.2021
      vertex 131.5 72.6965 22.9445
    endloop
  endfacet
  facet normal -1 0 0
    outer loop
      vertex 131.5 74.4417 67.3327
      vertex 131.5 66.61 36.866
      vertex 131.5 74.11 67.3
    endloop
  endfacet
  facet normal -1 0 0
    outer loop
      vertex 131.5 66.11 35
      vertex 131.5 72.6965 22.9445
      vertex 131.5 72.5394 22.6506
    endloop
  endfacet
  facet normal -1 -0 0
    outer loop
      vertex 131.5 74.11 67.3
      vertex 131.5 66.61 36.866
      vertex 131.5 73.7784 67.3327
    endloop
  endfacet
  facet normal -1 0 0
    outer loop
      vertex 131.5 65.8512 35.0341
      vertex 131.5 72.5394 22.6506
      vertex 131.5 72.4427 22.3317
    endloop
  endfacet
  facet normal -1 0 0
    outer loop
      vertex 131.5 66.3688 36.9659
      vertex 131.5 73.7784 67.3327
      vertex 131.5 66.61 36.866
    endloop
  endfacet
  facet normal -1 0 0
    outer loop
      vertex 131.5 65.61 35.134
      vertex 131.5 72.4427 22.3317
      vertex 131.5 72.41 22
    endloop
  endfacet
  facet normal -1 -0 0
    outer loop
      vertex 131.5 73.7784 67.3327
      vertex 131.5 66.3688 36.9659
      vertex 131.5 73.4594 67.4294
    endloop
  endfacet
  facet normal -1 0 0
    outer loop
      vertex 131.5 75.7773 22.3317
      vertex 131.5 86.11 4
      vertex 131.5 75.81 22
    endloop
  endfacet
  facet normal -1 0 0
    outer loop
      vertex 131.5 86.11 4
      vertex 131.5 75.7773 21.6683
      vertex 131.5 75.81 22
    endloop
  endfacet
  facet normal -1 0 0
    outer loop
      vertex 131.5 86.11 4
      vertex 131.5 75.6806 21.3494
      vertex 131.5 75.7773 21.6683
    endloop
  endfacet
  facet normal -1 0 0
    outer loop
      vertex 131.5 86.11 4
      vertex 131.5 75.5235 21.0555
      vertex 131.5 75.6806 21.3494
    endloop
  endfacet
  facet normal -1 0 0
    outer loop
      vertex 131.5 86.11 4
      vertex 131.5 75.3121 20.7979
      vertex 131.5 75.5235 21.0555
    endloop
  endfacet
  facet normal -1 0 0
    outer loop
      vertex 131.5 86.11 4
      vertex 131.5 75.0545 20.5865
      vertex 131.5 75.3121 20.7979
    endloop
  endfacet
  facet normal -1 0 0
    outer loop
      vertex 131.5 86.11 4
      vertex 131.5 74.7606 20.4294
      vertex 131.5 75.0545 20.5865
    endloop
  endfacet
  facet normal -1 0 0
    outer loop
      vertex 131.5 86.11 4
      vertex 131.5 74.4417 20.3327
      vertex 131.5 74.7606 20.4294
    endloop
  endfacet
  facet normal -1 0 0
    outer loop
      vertex 131.5 86.11 4
      vertex 131.5 74.11 20.3
      vertex 131.5 74.4417 20.3327
    endloop
  endfacet
  facet normal -1 0 0
    outer loop
      vertex 131.5 86.11 4
      vertex 131.5 73.7784 20.3327
      vertex 131.5 74.11 20.3
    endloop
  endfacet
  facet normal -1 0 0
    outer loop
      vertex 131.5 86.11 4
      vertex 131.5 73.4594 20.4294
      vertex 131.5 73.7784 20.3327
    endloop
  endfacet
  facet normal -1 0 0
    outer loop
      vertex 131.5 43.66 4
      vertex 131.5 73.4594 20.4294
      vertex 131.5 86.11 4
    endloop
  endfacet
  facet normal -1 -0 0
    outer loop
      vertex 131.5 73.4594 20.4294
      vertex 131.5 43.66 4
      vertex 131.5 73.1655 20.5865
    endloop
  endfacet
  facet normal -1 -0 0
    outer loop
      vertex 131.5 73.1655 20.5865
      vertex 131.5 43.66 4
      vertex 131.5 72.9079 20.7979
    endloop
  endfacet
  facet normal -1 0 0
    outer loop
      vertex 131.5 66.11 37
      vertex 131.5 73.4594 67.4294
      vertex 131.5 66.3688 36.9659
    endloop
  endfacet
  facet normal -1 -0 0
    outer loop
      vertex 131.5 73.4594 67.4294
      vertex 131.5 66.11 37
      vertex 131.5 73.1655 67.5865
    endloop
  endfacet
  facet normal -1 0 0
    outer loop
      vertex 131.5 43.66 4
      vertex 131.5 72.41 22
      vertex 131.5 72.4427 21.6683
    endloop
  endfacet
  facet normal -1 0 0
    outer loop
      vertex 131.5 43.66 4
      vertex 131.5 72.4427 21.6683
      vertex 131.5 72.5394 21.3494
    endloop
  endfacet
  facet normal -1 0 0
    outer loop
      vertex 131.5 74.7606 23.5706
      vertex 131.5 67.0759 35.7412
      vertex 131.5 67.11 36
    endloop
  endfacet
  facet normal -1 0 0
    outer loop
      vertex 131.5 74.11 23.7
      vertex 131.5 66.976 35.5
      vertex 131.5 67.0759 35.7412
    endloop
  endfacet
  facet normal -1 0 0
    outer loop
      vertex 131.5 73.7784 23.6673
      vertex 131.5 66.8171 35.2929
      vertex 131.5 66.976 35.5
    endloop
  endfacet
  facet normal -1 0 0
    outer loop
      vertex 131.5 73.4594 23.5706
      vertex 131.5 66.61 35.134
      vertex 131.5 66.8171 35.2929
    endloop
  endfacet
  facet normal -1 0 0
    outer loop
      vertex 131.5 73.1655 23.4135
      vertex 131.5 66.3688 35.0341
      vertex 131.5 66.61 35.134
    endloop
  endfacet
  facet normal -1 0 0
    outer loop
      vertex 131.5 72.6965 22.9445
      vertex 131.5 66.11 35
      vertex 131.5 66.3688 35.0341
    endloop
  endfacet
  facet normal -1 0 0
    outer loop
      vertex 131.5 72.5394 22.6506
      vertex 131.5 65.8512 35.0341
      vertex 131.5 66.11 35
    endloop
  endfacet
  facet normal -1 0 0
    outer loop
      vertex 131.5 72.4427 22.3317
      vertex 131.5 65.61 35.134
      vertex 131.5 65.8512 35.0341
    endloop
  endfacet
  facet normal -1 0 0
    outer loop
      vertex 131.5 72.41 22
      vertex 131.5 65.4029 35.2929
      vertex 131.5 65.61 35.134
    endloop
  endfacet
  facet normal -1 -0 0
    outer loop
      vertex 131.5 72.41 22
      vertex 131.5 43.66 4
      vertex 131.5 65.4029 35.2929
    endloop
  endfacet
  facet normal -1 -0 0
    outer loop
      vertex 131.5 65.1441 36.2588
      vertex 131.5 43.66 4
      vertex 131.5 43.66 130
    endloop
  endfacet
  facet normal -1 -0 0
    outer loop
      vertex 131.5 65.1441 35.7412
      vertex 131.5 43.66 4
      vertex 131.5 65.11 36
    endloop
  endfacet
  facet normal -1 -0 0
    outer loop
      vertex 131.5 65.244 35.5
      vertex 131.5 43.66 4
      vertex 131.5 65.1441 35.7412
    endloop
  endfacet
  facet normal -1 -0 0
    outer loop
      vertex 131.5 65.4029 35.2929
      vertex 131.5 43.66 4
      vertex 131.5 65.244 35.5
    endloop
  endfacet
  facet normal -1 -0 0
    outer loop
      vertex 131.5 72.6965 21.0555
      vertex 131.5 43.66 4
      vertex 131.5 72.5394 21.3494
    endloop
  endfacet
  facet normal -1 -0 0
    outer loop
      vertex 131.5 72.9079 20.7979
      vertex 131.5 43.66 4
      vertex 131.5 72.6965 21.0555
    endloop
  endfacet
  facet normal -1 0 0
    outer loop
      vertex 131.5 86.11 4
      vertex 131.5 75.81 69
      vertex 131.5 86.11 130
    endloop
  endfacet
  facet normal -1 0 0
    outer loop
      vertex 131.5 75.7773 69.3316
      vertex 131.5 86.11 130
      vertex 131.5 75.81 69
    endloop
  endfacet
  facet normal -1 0 0
    outer loop
      vertex 131.5 75.7773 120.332
      vertex 131.5 86.11 130
      vertex 131.5 75.81 120
    endloop
  endfacet
  facet normal -1 0 0
    outer loop
      vertex 131.5 75.6806 120.651
      vertex 131.5 86.11 130
      vertex 131.5 75.7773 120.332
    endloop
  endfacet
  facet normal -1 0 0
    outer loop
      vertex 131.5 75.5235 120.944
      vertex 131.5 86.11 130
      vertex 131.5 75.6806 120.651
    endloop
  endfacet
  facet normal -1 0 0
    outer loop
      vertex 131.5 75.3121 121.202
      vertex 131.5 86.11 130
      vertex 131.5 75.5235 120.944
    endloop
  endfacet
  facet normal -1 0 0
    outer loop
      vertex 131.5 75.0545 121.413
      vertex 131.5 86.11 130
      vertex 131.5 75.3121 121.202
    endloop
  endfacet
  facet normal -1 0 0
    outer loop
      vertex 131.5 74.7606 121.571
      vertex 131.5 86.11 130
      vertex 131.5 75.0545 121.413
    endloop
  endfacet
  facet normal -1 0 0
    outer loop
      vertex 131.5 74.4417 121.667
      vertex 131.5 86.11 130
      vertex 131.5 74.7606 121.571
    endloop
  endfacet
  facet normal -1 0 0
    outer loop
      vertex 131.5 74.11 121.7
      vertex 131.5 86.11 130
      vertex 131.5 74.4417 121.667
    endloop
  endfacet
  facet normal -1 0 0
    outer loop
      vertex 131.5 73.7784 121.667
      vertex 131.5 86.11 130
      vertex 131.5 74.11 121.7
    endloop
  endfacet
  facet normal -1 0 0
    outer loop
      vertex 131.5 73.4594 121.571
      vertex 131.5 86.11 130
      vertex 131.5 73.7784 121.667
    endloop
  endfacet
  facet normal -1 0 0
    outer loop
      vertex 131.5 43.66 130
      vertex 131.5 73.4594 121.571
      vertex 131.5 73.1655 121.413
    endloop
  endfacet
  facet normal -1 0 0
    outer loop
      vertex 131.5 66.3688 106.966
      vertex 131.5 73.1655 118.587
      vertex 131.5 66.61 106.866
    endloop
  endfacet
  facet normal -1 -0 0
    outer loop
      vertex 131.5 73.1655 118.587
      vertex 131.5 66.3688 106.966
      vertex 131.5 72.9079 118.798
    endloop
  endfacet
  facet normal -1 -0 0
    outer loop
      vertex 131.5 72.9079 118.798
      vertex 131.5 66.3688 106.966
      vertex 131.5 72.6965 119.056
    endloop
  endfacet
  facet normal -1 0 0
    outer loop
      vertex 131.5 66.11 107
      vertex 131.5 72.6965 119.056
      vertex 131.5 66.3688 106.966
    endloop
  endfacet
  facet normal -1 -0 0
    outer loop
      vertex 131.5 72.6965 119.056
      vertex 131.5 66.11 107
      vertex 131.5 72.5394 119.349
    endloop
  endfacet
  facet normal -1 0 0
    outer loop
      vertex 131.5 65.8512 106.966
      vertex 131.5 72.5394 119.349
      vertex 131.5 66.11 107
    endloop
  endfacet
  facet normal -1 -0 0
    outer loop
      vertex 131.5 72.5394 119.349
      vertex 131.5 65.8512 106.966
      vertex 131.5 72.4427 119.668
    endloop
  endfacet
  facet normal -1 0 0
    outer loop
      vertex 131.5 65.61 106.866
      vertex 131.5 72.4427 119.668
      vertex 131.5 65.8512 106.966
    endloop
  endfacet
  facet normal -1 -0 0
    outer loop
      vertex 131.5 72.4427 119.668
      vertex 131.5 65.61 106.866
      vertex 131.5 72.41 120
    endloop
  endfacet
  facet normal -1 0 0
    outer loop
      vertex 131.5 43.66 130
      vertex 131.5 72.41 120
      vertex 131.5 65.61 106.866
    endloop
  endfacet
  facet normal -1 0 0
    outer loop
      vertex 131.5 72.41 120
      vertex 131.5 43.66 130
      vertex 131.5 72.4427 120.332
    endloop
  endfacet
  facet normal -1 0 0
    outer loop
      vertex 131.5 43.66 130
      vertex 131.5 65.61 106.866
      vertex 131.5 65.4029 106.707
    endloop
  endfacet
  facet normal -1 0 0
    outer loop
      vertex 131.5 43.66 130
      vertex 131.5 65.4029 106.707
      vertex 131.5 65.244 106.5
    endloop
  endfacet
  facet normal -1 0 0
    outer loop
      vertex 131.5 65.1441 105.741
      vertex 131.5 43.66 130
      vertex 131.5 65.11 106
    endloop
  endfacet
  facet normal -1 0 0
    outer loop
      vertex 131.5 73.4594 121.571
      vertex 131.5 43.66 130
      vertex 131.5 86.11 130
    endloop
  endfacet
  facet normal -1 0 0
    outer loop
      vertex 131.5 72.9079 121.202
      vertex 131.5 43.66 130
      vertex 131.5 73.1655 121.413
    endloop
  endfacet
  facet normal -1 0 0
    outer loop
      vertex 131.5 72.6965 120.944
      vertex 131.5 43.66 130
      vertex 131.5 72.9079 121.202
    endloop
  endfacet
  facet normal -1 0 0
    outer loop
      vertex 131.5 72.5394 120.651
      vertex 131.5 43.66 130
      vertex 131.5 72.6965 120.944
    endloop
  endfacet
  facet normal -1 0 0
    outer loop
      vertex 131.5 72.4427 120.332
      vertex 131.5 43.66 130
      vertex 131.5 72.5394 120.651
    endloop
  endfacet
  facet normal -1 0 0
    outer loop
      vertex 131.5 65.1441 106.259
      vertex 131.5 43.66 130
      vertex 131.5 65.244 106.5
    endloop
  endfacet
  facet normal -1 0 0
    outer loop
      vertex 131.5 65.11 106
      vertex 131.5 43.66 130
      vertex 131.5 65.1441 106.259
    endloop
  endfacet
  facet normal -0 0.0981368 0.995173
    outer loop
      vertex 3 74.11 20.3
      vertex 6 73.7784 20.3327
      vertex 6 74.11 20.3
    endloop
  endfacet
  facet normal 0 0.0981368 0.995173
    outer loop
      vertex 6 73.7784 20.3327
      vertex 3 74.11 20.3
      vertex 3 73.7784 20.3327
    endloop
  endfacet
  facet normal 0 -0.773021 0.634381
    outer loop
      vertex 3 75.3121 20.7979
      vertex 6 75.5235 21.0555
      vertex 3 75.5235 21.0555
    endloop
  endfacet
  facet normal 0 -0.773021 0.634381
    outer loop
      vertex 6 75.5235 21.0555
      vertex 3 75.3121 20.7979
      vertex 6 75.3121 20.7979
    endloop
  endfacet
  facet normal 0 -0.881912 -0.471413
    outer loop
      vertex 3 75.6806 22.6506
      vertex 6 75.5235 22.9445
      vertex 3 75.5235 22.9445
    endloop
  endfacet
  facet normal 0 -0.881912 -0.471413
    outer loop
      vertex 6 75.5235 22.9445
      vertex 3 75.6806 22.6506
      vertex 6 75.6806 22.6506
    endloop
  endfacet
  facet normal 0 -0.290182 -0.956971
    outer loop
      vertex 3 74.4417 23.6673
      vertex 6 74.7606 23.5706
      vertex 6 74.4417 23.6673
    endloop
  endfacet
  facet normal -0 -0.290182 -0.956971
    outer loop
      vertex 6 74.7606 23.5706
      vertex 3 74.4417 23.6673
      vertex 3 74.7606 23.5706
    endloop
  endfacet
  facet normal -0 0.634381 0.773021
    outer loop
      vertex 3 73.1655 20.5865
      vertex 6 72.9079 20.7979
      vertex 6 73.1655 20.5865
    endloop
  endfacet
  facet normal 0 0.634381 0.773021
    outer loop
      vertex 6 72.9079 20.7979
      vertex 3 73.1655 20.5865
      vertex 3 72.9079 20.7979
    endloop
  endfacet
  facet normal 0 -0.995176 0.0981075
    outer loop
      vertex 3 75.7773 21.6683
      vertex 6 75.81 22
      vertex 3 75.81 22
    endloop
  endfacet
  facet normal 0 -0.995176 0.0981075
    outer loop
      vertex 6 75.81 22
      vertex 3 75.7773 21.6683
      vertex 6 75.7773 21.6683
    endloop
  endfacet
  facet normal 0 -0.290182 0.956971
    outer loop
      vertex 3 74.7606 20.4294
      vertex 6 74.4417 20.3327
      vertex 6 74.7606 20.4294
    endloop
  endfacet
  facet normal 0 -0.290182 0.956971
    outer loop
      vertex 6 74.4417 20.3327
      vertex 3 74.7606 20.4294
      vertex 3 74.4417 20.3327
    endloop
  endfacet
  facet normal 0 0.995176 0.0981075
    outer loop
      vertex 6 72.4427 21.6683
      vertex 3 72.41 22
      vertex 6 72.41 22
    endloop
  endfacet
  facet normal 0 0.995176 0.0981075
    outer loop
      vertex 3 72.41 22
      vertex 6 72.4427 21.6683
      vertex 3 72.4427 21.6683
    endloop
  endfacet
  facet normal 0 -0.995176 -0.0981075
    outer loop
      vertex 3 75.81 22
      vertex 6 75.7773 22.3317
      vertex 3 75.7773 22.3317
    endloop
  endfacet
  facet normal 0 -0.995176 -0.0981075
    outer loop
      vertex 6 75.7773 22.3317
      vertex 3 75.81 22
      vertex 6 75.81 22
    endloop
  endfacet
  facet normal 0 -0.956971 0.290182
    outer loop
      vertex 3 75.6806 21.3494
      vertex 6 75.7773 21.6683
      vertex 3 75.7773 21.6683
    endloop
  endfacet
  facet normal 0 -0.956971 0.290182
    outer loop
      vertex 6 75.7773 21.6683
      vertex 3 75.6806 21.3494
      vertex 6 75.6806 21.3494
    endloop
  endfacet
  facet normal 0 0.995176 -0.0981075
    outer loop
      vertex 6 72.41 22
      vertex 3 72.4427 22.3317
      vertex 6 72.4427 22.3317
    endloop
  endfacet
  facet normal 0 0.995176 -0.0981075
    outer loop
      vertex 3 72.4427 22.3317
      vertex 6 72.41 22
      vertex 3 72.41 22
    endloop
  endfacet
  facet normal 0 -0.0981075 -0.995176
    outer loop
      vertex 3 74.11 23.7
      vertex 6 74.4417 23.6673
      vertex 6 74.11 23.7
    endloop
  endfacet
  facet normal -0 -0.0981075 -0.995176
    outer loop
      vertex 6 74.4417 23.6673
      vertex 3 74.11 23.7
      vertex 3 74.4417 23.6673
    endloop
  endfacet
  facet normal 0 0.0981368 -0.995173
    outer loop
      vertex 3 73.7784 23.6673
      vertex 6 74.11 23.7
      vertex 6 73.7784 23.6673
    endloop
  endfacet
  facet normal 0 0.0981368 -0.995173
    outer loop
      vertex 6 74.11 23.7
      vertex 3 73.7784 23.6673
      vertex 3 74.11 23.7
    endloop
  endfacet
  facet normal -0 0.290099 0.956997
    outer loop
      vertex 3 73.7784 20.3327
      vertex 6 73.4594 20.4294
      vertex 6 73.7784 20.3327
    endloop
  endfacet
  facet normal 0 0.290099 0.956997
    outer loop
      vertex 6 73.4594 20.4294
      vertex 3 73.7784 20.3327
      vertex 3 73.4594 20.4294
    endloop
  endfacet
  facet normal 0 0.956971 -0.290182
    outer loop
      vertex 6 72.4427 22.3317
      vertex 3 72.5394 22.6506
      vertex 6 72.5394 22.6506
    endloop
  endfacet
  facet normal 0 0.956971 -0.290182
    outer loop
      vertex 3 72.5394 22.6506
      vertex 6 72.4427 22.3317
      vertex 3 72.4427 22.3317
    endloop
  endfacet
  facet normal 0 -0.956971 -0.290182
    outer loop
      vertex 3 75.7773 22.3317
      vertex 6 75.6806 22.6506
      vertex 3 75.6806 22.6506
    endloop
  endfacet
  facet normal 0 -0.956971 -0.290182
    outer loop
      vertex 6 75.6806 22.6506
      vertex 3 75.7773 22.3317
      vertex 6 75.7773 22.3317
    endloop
  endfacet
  facet normal 0 0.634381 -0.773021
    outer loop
      vertex 3 72.9079 23.2021
      vertex 6 73.1655 23.4135
      vertex 6 72.9079 23.2021
    endloop
  endfacet
  facet normal 0 0.634381 -0.773021
    outer loop
      vertex 6 73.1655 23.4135
      vertex 3 72.9079 23.2021
      vertex 3 73.1655 23.4135
    endloop
  endfacet
  facet normal 0 -0.773021 -0.634381
    outer loop
      vertex 3 75.5235 22.9445
      vertex 6 75.3121 23.2021
      vertex 3 75.3121 23.2021
    endloop
  endfacet
  facet normal 0 -0.773021 -0.634381
    outer loop
      vertex 6 75.3121 23.2021
      vertex 3 75.5235 22.9445
      vertex 6 75.5235 22.9445
    endloop
  endfacet
  facet normal 0 0.471413 -0.881912
    outer loop
      vertex 3 73.1655 23.4135
      vertex 6 73.4594 23.5706
      vertex 6 73.1655 23.4135
    endloop
  endfacet
  facet normal 0 0.471413 -0.881912
    outer loop
      vertex 6 73.4594 23.5706
      vertex 3 73.1655 23.4135
      vertex 3 73.4594 23.5706
    endloop
  endfacet
  facet normal 0 0.881912 0.471413
    outer loop
      vertex 6 72.6965 21.0555
      vertex 3 72.5394 21.3494
      vertex 6 72.5394 21.3494
    endloop
  endfacet
  facet normal 0 0.881912 0.471413
    outer loop
      vertex 3 72.5394 21.3494
      vertex 6 72.6965 21.0555
      vertex 3 72.6965 21.0555
    endloop
  endfacet
  facet normal 0 -0.471413 0.881912
    outer loop
      vertex 3 75.0545 20.5865
      vertex 6 74.7606 20.4294
      vertex 6 75.0545 20.5865
    endloop
  endfacet
  facet normal 0 -0.471413 0.881912
    outer loop
      vertex 6 74.7606 20.4294
      vertex 3 75.0545 20.5865
      vertex 3 74.7606 20.4294
    endloop
  endfacet
  facet normal 0 -0.881912 0.471413
    outer loop
      vertex 3 75.5235 21.0555
      vertex 6 75.6806 21.3494
      vertex 3 75.6806 21.3494
    endloop
  endfacet
  facet normal 0 -0.881912 0.471413
    outer loop
      vertex 6 75.6806 21.3494
      vertex 3 75.5235 21.0555
      vertex 6 75.5235 21.0555
    endloop
  endfacet
  facet normal 0 -0.634381 -0.773021
    outer loop
      vertex 3 75.0545 23.4135
      vertex 6 75.3121 23.2021
      vertex 6 75.0545 23.4135
    endloop
  endfacet
  facet normal -0 -0.634381 -0.773021
    outer loop
      vertex 6 75.3121 23.2021
      vertex 3 75.0545 23.4135
      vertex 3 75.3121 23.2021
    endloop
  endfacet
  facet normal 0 -0.634381 0.773021
    outer loop
      vertex 3 75.3121 20.7979
      vertex 6 75.0545 20.5865
      vertex 6 75.3121 20.7979
    endloop
  endfacet
  facet normal 0 -0.634381 0.773021
    outer loop
      vertex 6 75.0545 20.5865
      vertex 3 75.3121 20.7979
      vertex 3 75.0545 20.5865
    endloop
  endfacet
  facet normal 0 -0.471413 -0.881912
    outer loop
      vertex 3 74.7606 23.5706
      vertex 6 75.0545 23.4135
      vertex 6 74.7606 23.5706
    endloop
  endfacet
  facet normal -0 -0.471413 -0.881912
    outer loop
      vertex 6 75.0545 23.4135
      vertex 3 74.7606 23.5706
      vertex 3 75.0545 23.4135
    endloop
  endfacet
  facet normal 0 0.290099 -0.956997
    outer loop
      vertex 3 73.4594 23.5706
      vertex 6 73.7784 23.6673
      vertex 6 73.4594 23.5706
    endloop
  endfacet
  facet normal 0 0.290099 -0.956997
    outer loop
      vertex 6 73.7784 23.6673
      vertex 3 73.4594 23.5706
      vertex 3 73.7784 23.6673
    endloop
  endfacet
  facet normal 0 -0.0981075 0.995176
    outer loop
      vertex 3 74.4417 20.3327
      vertex 6 74.11 20.3
      vertex 6 74.4417 20.3327
    endloop
  endfacet
  facet normal 0 -0.0981075 0.995176
    outer loop
      vertex 6 74.11 20.3
      vertex 3 74.4417 20.3327
      vertex 3 74.11 20.3
    endloop
  endfacet
  facet normal 0 0.956971 0.290182
    outer loop
      vertex 6 72.5394 21.3494
      vertex 3 72.4427 21.6683
      vertex 6 72.4427 21.6683
    endloop
  endfacet
  facet normal 0 0.956971 0.290182
    outer loop
      vertex 3 72.4427 21.6683
      vertex 6 72.5394 21.3494
      vertex 3 72.5394 21.3494
    endloop
  endfacet
  facet normal 0 0.773021 -0.634381
    outer loop
      vertex 6 72.6965 22.9445
      vertex 3 72.9079 23.2021
      vertex 6 72.9079 23.2021
    endloop
  endfacet
  facet normal 0 0.773021 -0.634381
    outer loop
      vertex 3 72.9079 23.2021
      vertex 6 72.6965 22.9445
      vertex 3 72.6965 22.9445
    endloop
  endfacet
  facet normal 0 0.773021 0.634381
    outer loop
      vertex 6 72.9079 20.7979
      vertex 3 72.6965 21.0555
      vertex 6 72.6965 21.0555
    endloop
  endfacet
  facet normal 0 0.773021 0.634381
    outer loop
      vertex 3 72.6965 21.0555
      vertex 6 72.9079 20.7979
      vertex 3 72.9079 20.7979
    endloop
  endfacet
  facet normal -0 0.471413 0.881912
    outer loop
      vertex 3 73.4594 20.4294
      vertex 6 73.1655 20.5865
      vertex 6 73.4594 20.4294
    endloop
  endfacet
  facet normal 0 0.471413 0.881912
    outer loop
      vertex 6 73.1655 20.5865
      vertex 3 73.4594 20.4294
      vertex 3 73.1655 20.5865
    endloop
  endfacet
  facet normal 0 0.881912 -0.471413
    outer loop
      vertex 6 72.5394 22.6506
      vertex 3 72.6965 22.9445
      vertex 6 72.6965 22.9445
    endloop
  endfacet
  facet normal 0 0.881912 -0.471413
    outer loop
      vertex 3 72.6965 22.9445
      vertex 6 72.5394 22.6506
      vertex 3 72.5394 22.6506
    endloop
  endfacet
  facet normal 0 -0.772969 0.634444
    outer loop
      vertex 0 76.3727 19.7373
      vertex 3 76.7707 20.2222
      vertex 0 76.7707 20.2222
    endloop
  endfacet
  facet normal 0 -0.772969 0.634444
    outer loop
      vertex 3 76.7707 20.2222
      vertex 0 76.3727 19.7373
      vertex 3 76.3727 19.7373
    endloop
  endfacet
  facet normal 0 -0.881916 -0.471407
    outer loop
      vertex 0 77.0664 23.2246
      vertex 3 76.7707 23.7778
      vertex 0 76.7707 23.7778
    endloop
  endfacet
  facet normal 0 -0.881916 -0.471407
    outer loop
      vertex 3 76.7707 23.7778
      vertex 0 77.0664 23.2246
      vertex 3 77.0664 23.2246
    endloop
  endfacet
  facet normal -0 0.634444 0.772969
    outer loop
      vertex 0 72.3322 19.3393
      vertex 3 71.8473 19.7373
      vertex 3 72.3322 19.3393
    endloop
  endfacet
  facet normal 0 0.634444 0.772969
    outer loop
      vertex 3 71.8473 19.7373
      vertex 0 72.3322 19.3393
      vertex 0 71.8473 19.7373
    endloop
  endfacet
  facet normal 0 -0.290286 -0.95694
    outer loop
      vertex 0 74.7343 25.1385
      vertex 3 75.3346 24.9564
      vertex 3 74.7343 25.1385
    endloop
  endfacet
  facet normal -0 -0.290286 -0.95694
    outer loop
      vertex 3 75.3346 24.9564
      vertex 0 74.7343 25.1385
      vertex 0 75.3346 24.9564
    endloop
  endfacet
  facet normal 0 0.290286 -0.95694
    outer loop
      vertex 0 72.8854 24.9564
      vertex 3 73.4857 25.1385
      vertex 3 72.8854 24.9564
    endloop
  endfacet
  facet normal 0 0.290286 -0.95694
    outer loop
      vertex 3 73.4857 25.1385
      vertex 0 72.8854 24.9564
      vertex 0 73.4857 25.1385
    endloop
  endfacet
  facet normal 0 -0.995183 0.0980358
    outer loop
      vertex 0 77.2485 21.3757
      vertex 3 77.31 22
      vertex 0 77.31 22
    endloop
  endfacet
  facet normal 0 -0.995183 0.0980358
    outer loop
      vertex 3 77.31 22
      vertex 0 77.2485 21.3757
      vertex 3 77.2485 21.3757
    endloop
  endfacet
  facet normal 0 -0.995183 -0.0980358
    outer loop
      vertex 0 77.31 22
      vertex 3 77.2485 22.6243
      vertex 0 77.2485 22.6243
    endloop
  endfacet
  facet normal 0 -0.995183 -0.0980358
    outer loop
      vertex 3 77.2485 22.6243
      vertex 0 77.31 22
      vertex 3 77.31 22
    endloop
  endfacet
  facet normal -0 0.471407 0.881916
    outer loop
      vertex 0 72.8854 19.0436
      vertex 3 72.3322 19.3393
      vertex 3 72.8854 19.0436
    endloop
  endfacet
  facet normal 0 0.471407 0.881916
    outer loop
      vertex 3 72.3322 19.3393
      vertex 0 72.8854 19.0436
      vertex 0 72.3322 19.3393
    endloop
  endfacet
  facet normal 0 -0.0980358 0.995183
    outer loop
      vertex 0 74.7343 18.8615
      vertex 3 74.11 18.8
      vertex 3 74.7343 18.8615
    endloop
  endfacet
  facet normal 0 -0.0980358 0.995183
    outer loop
      vertex 3 74.11 18.8
      vertex 0 74.7343 18.8615
      vertex 0 74.11 18.8
    endloop
  endfacet
  facet normal 0 -0.95694 0.290286
    outer loop
      vertex 0 77.0664 20.7754
      vertex 3 77.2485 21.3757
      vertex 0 77.2485 21.3757
    endloop
  endfacet
  facet normal 0 -0.95694 0.290286
    outer loop
      vertex 3 77.2485 21.3757
      vertex 0 77.0664 20.7754
      vertex 3 77.0664 20.7754
    endloop
  endfacet
  facet normal 0 0.772969 0.634444
    outer loop
      vertex 3 71.8473 19.7373
      vertex 0 71.4493 20.2222
      vertex 3 71.4493 20.2222
    endloop
  endfacet
  facet normal 0 0.772969 0.634444
    outer loop
      vertex 0 71.4493 20.2222
      vertex 3 71.8473 19.7373
      vertex 0 71.8473 19.7373
    endloop
  endfacet
  facet normal 0 -0.290286 0.95694
    outer loop
      vertex 0 75.3346 19.0436
      vertex 3 74.7343 18.8615
      vertex 3 75.3346 19.0436
    endloop
  endfacet
  facet normal 0 -0.290286 0.95694
    outer loop
      vertex 3 74.7343 18.8615
      vertex 0 75.3346 19.0436
      vertex 0 74.7343 18.8615
    endloop
  endfacet
  facet normal 0 -0.95694 -0.290286
    outer loop
      vertex 0 77.2485 22.6243
      vertex 3 77.0664 23.2246
      vertex 0 77.0664 23.2246
    endloop
  endfacet
  facet normal 0 -0.95694 -0.290286
    outer loop
      vertex 3 77.0664 23.2246
      vertex 0 77.2485 22.6243
      vertex 3 77.2485 22.6243
    endloop
  endfacet
  facet normal 0 0.634444 -0.772969
    outer loop
      vertex 0 71.8473 24.2627
      vertex 3 72.3322 24.6607
      vertex 3 71.8473 24.2627
    endloop
  endfacet
  facet normal 0 0.634444 -0.772969
    outer loop
      vertex 3 72.3322 24.6607
      vertex 0 71.8473 24.2627
      vertex 0 72.3322 24.6607
    endloop
  endfacet
  facet normal 0 -0.772969 -0.634444
    outer loop
      vertex 0 76.7707 23.7778
      vertex 3 76.3727 24.2627
      vertex 0 76.3727 24.2627
    endloop
  endfacet
  facet normal 0 -0.772969 -0.634444
    outer loop
      vertex 3 76.3727 24.2627
      vertex 0 76.7707 23.7778
      vertex 3 76.7707 23.7778
    endloop
  endfacet
  facet normal 0 0.471407 -0.881916
    outer loop
      vertex 0 72.3322 24.6607
      vertex 3 72.8854 24.9564
      vertex 3 72.3322 24.6607
    endloop
  endfacet
  facet normal 0 0.471407 -0.881916
    outer loop
      vertex 3 72.8854 24.9564
      vertex 0 72.3322 24.6607
      vertex 0 72.8854 24.9564
    endloop
  endfacet
  facet normal 0 0.881916 0.471407
    outer loop
      vertex 3 71.4493 20.2222
      vertex 0 71.1536 20.7754
      vertex 3 71.1536 20.7754
    endloop
  endfacet
  facet normal 0 0.881916 0.471407
    outer loop
      vertex 0 71.1536 20.7754
      vertex 3 71.4493 20.2222
      vertex 0 71.4493 20.2222
    endloop
  endfacet
  facet normal 0 -0.471407 0.881916
    outer loop
      vertex 0 75.8878 19.3393
      vertex 3 75.3346 19.0436
      vertex 3 75.8878 19.3393
    endloop
  endfacet
  facet normal 0 -0.471407 0.881916
    outer loop
      vertex 3 75.3346 19.0436
      vertex 0 75.8878 19.3393
      vertex 0 75.3346 19.0436
    endloop
  endfacet
  facet normal 0 0.95694 -0.290286
    outer loop
      vertex 3 70.9715 22.6243
      vertex 0 71.1536 23.2246
      vertex 3 71.1536 23.2246
    endloop
  endfacet
  facet normal 0 0.95694 -0.290286
    outer loop
      vertex 0 71.1536 23.2246
      vertex 3 70.9715 22.6243
      vertex 0 70.9715 22.6243
    endloop
  endfacet
  facet normal 0 0.0980358 -0.995183
    outer loop
      vertex 0 73.4857 25.1385
      vertex 3 74.11 25.2
      vertex 3 73.4857 25.1385
    endloop
  endfacet
  facet normal 0 0.0980358 -0.995183
    outer loop
      vertex 3 74.11 25.2
      vertex 0 73.4857 25.1385
      vertex 0 74.11 25.2
    endloop
  endfacet
  facet normal 0 -0.881916 0.471407
    outer loop
      vertex 0 76.7707 20.2222
      vertex 3 77.0664 20.7754
      vertex 0 77.0664 20.7754
    endloop
  endfacet
  facet normal 0 -0.881916 0.471407
    outer loop
      vertex 3 77.0664 20.7754
      vertex 0 76.7707 20.2222
      vertex 3 76.7707 20.2222
    endloop
  endfacet
  facet normal -1 0 0
    outer loop
      vertex 3 75.81 22
      vertex 3 77.31 22
      vertex 3 77.2485 21.3757
    endloop
  endfacet
  facet normal -1 0 0
    outer loop
      vertex 3 75.7773 21.6683
      vertex 3 77.2485 21.3757
      vertex 3 77.0664 20.7754
    endloop
  endfacet
  facet normal -1 0 0
    outer loop
      vertex 3 77.31 22
      vertex 3 75.81 22
      vertex 3 77.2485 22.6243
    endloop
  endfacet
  facet normal -1 0 0
    outer loop
      vertex 3 75.6806 21.3494
      vertex 3 77.0664 20.7754
      vertex 3 76.7707 20.2222
    endloop
  endfacet
  facet normal -1 0 0
    outer loop
      vertex 3 75.7773 22.3317
      vertex 3 77.2485 22.6243
      vertex 3 75.81 22
    endloop
  endfacet
  facet normal -1 0 0
    outer loop
      vertex 3 75.5235 21.0555
      vertex 3 76.7707 20.2222
      vertex 3 76.3727 19.7373
    endloop
  endfacet
  facet normal -1 -0 0
    outer loop
      vertex 3 77.2485 22.6243
      vertex 3 75.7773 22.3317
      vertex 3 77.0664 23.2246
    endloop
  endfacet
  facet normal -1 0 0
    outer loop
      vertex 3 75.3121 20.7979
      vertex 3 76.3727 19.7373
      vertex 3 75.8878 19.3393
    endloop
  endfacet
  facet normal -1 0 0
    outer loop
      vertex 3 75.6806 22.6506
      vertex 3 77.0664 23.2246
      vertex 3 75.7773 22.3317
    endloop
  endfacet
  facet normal -1 -0 0
    outer loop
      vertex 3 77.0664 23.2246
      vertex 3 75.6806 22.6506
      vertex 3 76.7707 23.7778
    endloop
  endfacet
  facet normal -1 0 0
    outer loop
      vertex 3 77.2485 21.3757
      vertex 3 75.7773 21.6683
      vertex 3 75.81 22
    endloop
  endfacet
  facet normal -1 0 0
    outer loop
      vertex 3 77.0664 20.7754
      vertex 3 75.6806 21.3494
      vertex 3 75.7773 21.6683
    endloop
  endfacet
  facet normal -1 0 0
    outer loop
      vertex 3 76.7707 20.2222
      vertex 3 75.5235 21.0555
      vertex 3 75.6806 21.3494
    endloop
  endfacet
  facet normal -1 0 0
    outer loop
      vertex 3 75.0545 20.5865
      vertex 3 75.8878 19.3393
      vertex 3 75.3346 19.0436
    endloop
  endfacet
  facet normal -1 0 0
    outer loop
      vertex 3 76.3727 19.7373
      vertex 3 75.3121 20.7979
      vertex 3 75.5235 21.0555
    endloop
  endfacet
  facet normal -1 0 0
    outer loop
      vertex 3 75.8878 19.3393
      vertex 3 75.0545 20.5865
      vertex 3 75.3121 20.7979
    endloop
  endfacet
  facet normal -1 0 0
    outer loop
      vertex 3 75.3346 19.0436
      vertex 3 74.7606 20.4294
      vertex 3 75.0545 20.5865
    endloop
  endfacet
  facet normal -1 0 0
    outer loop
      vertex 3 74.7343 18.8615
      vertex 3 74.7606 20.4294
      vertex 3 75.3346 19.0436
    endloop
  endfacet
  facet normal -1 0 0
    outer loop
      vertex 3 74.7343 18.8615
      vertex 3 74.4417 20.3327
      vertex 3 74.7606 20.4294
    endloop
  endfacet
  facet normal -1 0 0
    outer loop
      vertex 3 74.11 18.8
      vertex 3 74.4417 20.3327
      vertex 3 74.7343 18.8615
    endloop
  endfacet
  facet normal -1 0 0
    outer loop
      vertex 3 74.11 18.8
      vertex 3 74.11 20.3
      vertex 3 74.4417 20.3327
    endloop
  endfacet
  facet normal -1 0 0
    outer loop
      vertex 3 74.11 18.8
      vertex 3 73.7784 20.3327
      vertex 3 74.11 20.3
    endloop
  endfacet
  facet normal -1 0 0
    outer loop
      vertex 3 73.4857 18.8615
      vertex 3 73.7784 20.3327
      vertex 3 74.11 18.8
    endloop
  endfacet
  facet normal -1 0 0
    outer loop
      vertex 3 73.4857 18.8615
      vertex 3 73.4594 20.4294
      vertex 3 73.7784 20.3327
    endloop
  endfacet
  facet normal -1 0 0
    outer loop
      vertex 3 72.8854 19.0436
      vertex 3 73.4594 20.4294
      vertex 3 73.4857 18.8615
    endloop
  endfacet
  facet normal -1 -0 0
    outer loop
      vertex 3 73.4594 20.4294
      vertex 3 72.8854 19.0436
      vertex 3 73.1655 20.5865
    endloop
  endfacet
  facet normal -1 0 0
    outer loop
      vertex 3 72.3322 19.3393
      vertex 3 73.1655 20.5865
      vertex 3 72.8854 19.0436
    endloop
  endfacet
  facet normal -1 -0 0
    outer loop
      vertex 3 73.1655 20.5865
      vertex 3 72.3322 19.3393
      vertex 3 72.9079 20.7979
    endloop
  endfacet
  facet normal -1 0 0
    outer loop
      vertex 3 71.8473 19.7373
      vertex 3 72.9079 20.7979
      vertex 3 72.3322 19.3393
    endloop
  endfacet
  facet normal -1 -0 0
    outer loop
      vertex 3 72.9079 20.7979
      vertex 3 71.8473 19.7373
      vertex 3 72.6965 21.0555
    endloop
  endfacet
  facet normal -1 -0 0
    outer loop
      vertex 3 72.6965 21.0555
      vertex 3 71.4493 20.2222
      vertex 3 72.5394 21.3494
    endloop
  endfacet
  facet normal -1 0 0
    outer loop
      vertex 3 71.4493 20.2222
      vertex 3 72.6965 21.0555
      vertex 3 71.8473 19.7373
    endloop
  endfacet
  facet normal -1 0 0
    outer loop
      vertex 3 75.5235 22.9445
      vertex 3 76.7707 23.7778
      vertex 3 75.6806 22.6506
    endloop
  endfacet
  facet normal -1 -0 0
    outer loop
      vertex 3 76.7707 23.7778
      vertex 3 75.5235 22.9445
      vertex 3 76.3727 24.2627
    endloop
  endfacet
  facet normal -1 0 0
    outer loop
      vertex 3 75.3121 23.2021
      vertex 3 76.3727 24.2627
      vertex 3 75.5235 22.9445
    endloop
  endfacet
  facet normal -1 -0 0
    outer loop
      vertex 3 76.3727 24.2627
      vertex 3 75.3121 23.2021
      vertex 3 75.8878 24.6607
    endloop
  endfacet
  facet normal -1 0 0
    outer loop
      vertex 3 75.0545 23.4135
      vertex 3 75.8878 24.6607
      vertex 3 75.3121 23.2021
    endloop
  endfacet
  facet normal -1 -0 0
    outer loop
      vertex 3 75.8878 24.6607
      vertex 3 75.0545 23.4135
      vertex 3 75.3346 24.9564
    endloop
  endfacet
  facet normal -1 0 0
    outer loop
      vertex 3 74.7606 23.5706
      vertex 3 75.3346 24.9564
      vertex 3 75.0545 23.4135
    endloop
  endfacet
  facet normal -1 0 0
    outer loop
      vertex 3 74.7606 23.5706
      vertex 3 74.7343 25.1385
      vertex 3 75.3346 24.9564
    endloop
  endfacet
  facet normal -1 0 0
    outer loop
      vertex 3 74.4417 23.6673
      vertex 3 74.7343 25.1385
      vertex 3 74.7606 23.5706
    endloop
  endfacet
  facet normal -1 0 0
    outer loop
      vertex 3 74.11 23.7
      vertex 3 74.7343 25.1385
      vertex 3 74.4417 23.6673
    endloop
  endfacet
  facet normal -1 0 0
    outer loop
      vertex 3 74.11 23.7
      vertex 3 74.11 25.2
      vertex 3 74.7343 25.1385
    endloop
  endfacet
  facet normal -1 0 0
    outer loop
      vertex 3 73.7784 23.6673
      vertex 3 74.11 25.2
      vertex 3 74.11 23.7
    endloop
  endfacet
  facet normal -1 0 0
    outer loop
      vertex 3 73.7784 23.6673
      vertex 3 73.4857 25.1385
      vertex 3 74.11 25.2
    endloop
  endfacet
  facet normal -1 0 0
    outer loop
      vertex 3 73.4594 23.5706
      vertex 3 73.4857 25.1385
      vertex 3 73.7784 23.6673
    endloop
  endfacet
  facet normal -1 0 0
    outer loop
      vertex 3 72.8854 24.9564
      vertex 3 73.4594 23.5706
      vertex 3 73.1655 23.4135
    endloop
  endfacet
  facet normal -1 0 0
    outer loop
      vertex 3 72.3322 24.6607
      vertex 3 73.1655 23.4135
      vertex 3 72.9079 23.2021
    endloop
  endfacet
  facet normal -1 0 0
    outer loop
      vertex 3 73.4594 23.5706
      vertex 3 72.8854 24.9564
      vertex 3 73.4857 25.1385
    endloop
  endfacet
  facet normal -1 0 0
    outer loop
      vertex 3 71.8473 24.2627
      vertex 3 72.9079 23.2021
      vertex 3 72.6965 22.9445
    endloop
  endfacet
  facet normal -1 0 0
    outer loop
      vertex 3 71.4493 23.7778
      vertex 3 72.6965 22.9445
      vertex 3 72.5394 22.6506
    endloop
  endfacet
  facet normal -1 0 0
    outer loop
      vertex 3 71.1536 23.2246
      vertex 3 72.5394 22.6506
      vertex 3 72.4427 22.3317
    endloop
  endfacet
  facet normal -1 0 0
    outer loop
      vertex 3 73.1655 23.4135
      vertex 3 72.3322 24.6607
      vertex 3 72.8854 24.9564
    endloop
  endfacet
  facet normal -1 0 0
    outer loop
      vertex 3 70.9715 22.6243
      vertex 3 72.4427 22.3317
      vertex 3 72.41 22
    endloop
  endfacet
  facet normal -1 0 0
    outer loop
      vertex 3 71.1536 20.7754
      vertex 3 72.5394 21.3494
      vertex 3 71.4493 20.2222
    endloop
  endfacet
  facet normal -1 -0 0
    outer loop
      vertex 3 72.5394 21.3494
      vertex 3 71.1536 20.7754
      vertex 3 72.4427 21.6683
    endloop
  endfacet
  facet normal -1 0 0
    outer loop
      vertex 3 72.9079 23.2021
      vertex 3 71.8473 24.2627
      vertex 3 72.3322 24.6607
    endloop
  endfacet
  facet normal -1 0 0
    outer loop
      vertex 3 70.9715 21.3757
      vertex 3 72.4427 21.6683
      vertex 3 71.1536 20.7754
    endloop
  endfacet
  facet normal -1 0 0
    outer loop
      vertex 3 72.6965 22.9445
      vertex 3 71.4493 23.7778
      vertex 3 71.8473 24.2627
    endloop
  endfacet
  facet normal -1 -0 0
    outer loop
      vertex 3 72.4427 21.6683
      vertex 3 70.9715 21.3757
      vertex 3 72.41 22
    endloop
  endfacet
  facet normal -1 0 0
    outer loop
      vertex 3 72.5394 22.6506
      vertex 3 71.1536 23.2246
      vertex 3 71.4493 23.7778
    endloop
  endfacet
  facet normal -1 0 0
    outer loop
      vertex 3 70.91 22
      vertex 3 72.41 22
      vertex 3 70.9715 21.3757
    endloop
  endfacet
  facet normal -1 0 0
    outer loop
      vertex 3 72.4427 22.3317
      vertex 3 70.9715 22.6243
      vertex 3 71.1536 23.2246
    endloop
  endfacet
  facet normal -1 0 0
    outer loop
      vertex 3 72.41 22
      vertex 3 70.91 22
      vertex 3 70.9715 22.6243
    endloop
  endfacet
  facet normal 0 -0.634444 -0.772969
    outer loop
      vertex 0 75.8878 24.6607
      vertex 3 76.3727 24.2627
      vertex 3 75.8878 24.6607
    endloop
  endfacet
  facet normal -0 -0.634444 -0.772969
    outer loop
      vertex 3 76.3727 24.2627
      vertex 0 75.8878 24.6607
      vertex 0 76.3727 24.2627
    endloop
  endfacet
  facet normal 0 -0.634444 0.772969
    outer loop
      vertex 0 76.3727 19.7373
      vertex 3 75.8878 19.3393
      vertex 3 76.3727 19.7373
    endloop
  endfacet
  facet normal 0 -0.634444 0.772969
    outer loop
      vertex 3 75.8878 19.3393
      vertex 0 76.3727 19.7373
      vertex 0 75.8878 19.3393
    endloop
  endfacet
  facet normal 0 -0.471407 -0.881916
    outer loop
      vertex 0 75.3346 24.9564
      vertex 3 75.8878 24.6607
      vertex 3 75.3346 24.9564
    endloop
  endfacet
  facet normal -0 -0.471407 -0.881916
    outer loop
      vertex 3 75.8878 24.6607
      vertex 0 75.3346 24.9564
      vertex 0 75.8878 24.6607
    endloop
  endfacet
  facet normal 0 0.95694 0.290286
    outer loop
      vertex 3 71.1536 20.7754
      vertex 0 70.9715 21.3757
      vertex 3 70.9715 21.3757
    endloop
  endfacet
  facet normal 0 0.95694 0.290286
    outer loop
      vertex 0 70.9715 21.3757
      vertex 3 71.1536 20.7754
      vertex 0 71.1536 20.7754
    endloop
  endfacet
  facet normal 0 0.881916 -0.471407
    outer loop
      vertex 3 71.1536 23.2246
      vertex 0 71.4493 23.7778
      vertex 3 71.4493 23.7778
    endloop
  endfacet
  facet normal 0 0.881916 -0.471407
    outer loop
      vertex 0 71.4493 23.7778
      vertex 3 71.1536 23.2246
      vertex 0 71.1536 23.2246
    endloop
  endfacet
  facet normal 0 0.772969 -0.634444
    outer loop
      vertex 3 71.4493 23.7778
      vertex 0 71.8473 24.2627
      vertex 3 71.8473 24.2627
    endloop
  endfacet
  facet normal 0 0.772969 -0.634444
    outer loop
      vertex 0 71.8473 24.2627
      vertex 3 71.4493 23.7778
      vertex 0 71.4493 23.7778
    endloop
  endfacet
  facet normal -0 0.0980358 0.995183
    outer loop
      vertex 0 74.11 18.8
      vertex 3 73.4857 18.8615
      vertex 3 74.11 18.8
    endloop
  endfacet
  facet normal 0 0.0980358 0.995183
    outer loop
      vertex 3 73.4857 18.8615
      vertex 0 74.11 18.8
      vertex 0 73.4857 18.8615
    endloop
  endfacet
  facet normal 0 -0.0980358 -0.995183
    outer loop
      vertex 0 74.11 25.2
      vertex 3 74.7343 25.1385
      vertex 3 74.11 25.2
    endloop
  endfacet
  facet normal -0 -0.0980358 -0.995183
    outer loop
      vertex 3 74.7343 25.1385
      vertex 0 74.11 25.2
      vertex 0 74.7343 25.1385
    endloop
  endfacet
  facet normal 0 0.995183 -0.0980358
    outer loop
      vertex 3 70.91 22
      vertex 0 70.9715 22.6243
      vertex 3 70.9715 22.6243
    endloop
  endfacet
  facet normal 0 0.995183 -0.0980358
    outer loop
      vertex 0 70.9715 22.6243
      vertex 3 70.91 22
      vertex 0 70.91 22
    endloop
  endfacet
  facet normal -0 0.290286 0.95694
    outer loop
      vertex 0 73.4857 18.8615
      vertex 3 72.8854 19.0436
      vertex 3 73.4857 18.8615
    endloop
  endfacet
  facet normal 0 0.290286 0.95694
    outer loop
      vertex 3 72.8854 19.0436
      vertex 0 73.4857 18.8615
      vertex 0 72.8854 19.0436
    endloop
  endfacet
  facet normal 0 0.995183 0.0980358
    outer loop
      vertex 3 70.9715 21.3757
      vertex 0 70.91 22
      vertex 3 70.91 22
    endloop
  endfacet
  facet normal 0 0.995183 0.0980358
    outer loop
      vertex 0 70.91 22
      vertex 3 70.9715 21.3757
      vertex 0 70.9715 21.3757
    endloop
  endfacet
  facet normal 0 -0.0981075 0.995176
    outer loop
      vertex 3 29.9917 20.3327
      vertex 6 29.66 20.3
      vertex 6 29.9917 20.3327
    endloop
  endfacet
  facet normal 0 -0.0981075 0.995176
    outer loop
      vertex 6 29.66 20.3
      vertex 3 29.9917 20.3327
      vertex 3 29.66 20.3
    endloop
  endfacet
  facet normal 0 -0.881912 -0.471413
    outer loop
      vertex 3 31.2306 22.6506
      vertex 6 31.0735 22.9445
      vertex 3 31.0735 22.9445
    endloop
  endfacet
  facet normal 0 -0.881912 -0.471413
    outer loop
      vertex 6 31.0735 22.9445
      vertex 3 31.2306 22.6506
      vertex 6 31.2306 22.6506
    endloop
  endfacet
  facet normal 0 -0.995176 0.0981075
    outer loop
      vertex 3 31.3273 21.6683
      vertex 6 31.36 22
      vertex 3 31.36 22
    endloop
  endfacet
  facet normal 0 -0.995176 0.0981075
    outer loop
      vertex 6 31.36 22
      vertex 3 31.3273 21.6683
      vertex 6 31.3273 21.6683
    endloop
  endfacet
  facet normal 0 0.634381 -0.773021
    outer loop
      vertex 3 28.4579 23.2021
      vertex 6 28.7155 23.4135
      vertex 6 28.4579 23.2021
    endloop
  endfacet
  facet normal 0 0.634381 -0.773021
    outer loop
      vertex 6 28.7155 23.4135
      vertex 3 28.4579 23.2021
      vertex 3 28.7155 23.4135
    endloop
  endfacet
  facet normal 0 0.471413 -0.881912
    outer loop
      vertex 3 28.7155 23.4135
      vertex 6 29.0094 23.5706
      vertex 6 28.7155 23.4135
    endloop
  endfacet
  facet normal 0 0.471413 -0.881912
    outer loop
      vertex 6 29.0094 23.5706
      vertex 3 28.7155 23.4135
      vertex 3 29.0094 23.5706
    endloop
  endfacet
  facet normal 0 -0.995176 -0.0981075
    outer loop
      vertex 3 31.36 22
      vertex 6 31.3273 22.3317
      vertex 3 31.3273 22.3317
    endloop
  endfacet
  facet normal 0 -0.995176 -0.0981075
    outer loop
      vertex 6 31.3273 22.3317
      vertex 3 31.36 22
      vertex 6 31.36 22
    endloop
  endfacet
  facet normal 0 0.773021 0.634381
    outer loop
      vertex 6 28.4579 20.7979
      vertex 3 28.2465 21.0555
      vertex 6 28.2465 21.0555
    endloop
  endfacet
  facet normal 0 0.773021 0.634381
    outer loop
      vertex 3 28.2465 21.0555
      vertex 6 28.4579 20.7979
      vertex 3 28.4579 20.7979
    endloop
  endfacet
  facet normal -0 0.634381 0.773021
    outer loop
      vertex 3 28.7155 20.5865
      vertex 6 28.4579 20.7979
      vertex 6 28.7155 20.5865
    endloop
  endfacet
  facet normal 0 0.634381 0.773021
    outer loop
      vertex 6 28.4579 20.7979
      vertex 3 28.7155 20.5865
      vertex 3 28.4579 20.7979
    endloop
  endfacet
  facet normal 0 -0.634381 0.773021
    outer loop
      vertex 3 30.8621 20.7979
      vertex 6 30.6045 20.5865
      vertex 6 30.8621 20.7979
    endloop
  endfacet
  facet normal 0 -0.634381 0.773021
    outer loop
      vertex 6 30.6045 20.5865
      vertex 3 30.8621 20.7979
      vertex 3 30.6045 20.5865
    endloop
  endfacet
  facet normal 0 0.956971 -0.290182
    outer loop
      vertex 6 27.9927 22.3317
      vertex 3 28.0894 22.6506
      vertex 6 28.0894 22.6506
    endloop
  endfacet
  facet normal 0 0.956971 -0.290182
    outer loop
      vertex 3 28.0894 22.6506
      vertex 6 27.9927 22.3317
      vertex 3 27.9927 22.3317
    endloop
  endfacet
  facet normal 0 -0.0981075 -0.995176
    outer loop
      vertex 3 29.66 23.7
      vertex 6 29.9917 23.6673
      vertex 6 29.66 23.7
    endloop
  endfacet
  facet normal -0 -0.0981075 -0.995176
    outer loop
      vertex 6 29.9917 23.6673
      vertex 3 29.66 23.7
      vertex 3 29.9917 23.6673
    endloop
  endfacet
  facet normal 0 -0.290182 0.956971
    outer loop
      vertex 3 30.3106 20.4294
      vertex 6 29.9917 20.3327
      vertex 6 30.3106 20.4294
    endloop
  endfacet
  facet normal 0 -0.290182 0.956971
    outer loop
      vertex 6 29.9917 20.3327
      vertex 3 30.3106 20.4294
      vertex 3 29.9917 20.3327
    endloop
  endfacet
  facet normal 0 0.290182 -0.956971
    outer loop
      vertex 3 29.0094 23.5706
      vertex 6 29.3283 23.6673
      vertex 6 29.0094 23.5706
    endloop
  endfacet
  facet normal 0 0.290182 -0.956971
    outer loop
      vertex 6 29.3283 23.6673
      vertex 3 29.0094 23.5706
      vertex 3 29.3283 23.6673
    endloop
  endfacet
  facet normal 0 -0.881912 0.471413
    outer loop
      vertex 3 31.0735 21.0555
      vertex 6 31.2306 21.3494
      vertex 3 31.2306 21.3494
    endloop
  endfacet
  facet normal 0 -0.881912 0.471413
    outer loop
      vertex 6 31.2306 21.3494
      vertex 3 31.0735 21.0555
      vertex 6 31.0735 21.0555
    endloop
  endfacet
  facet normal 0 0.773021 -0.634381
    outer loop
      vertex 6 28.2465 22.9445
      vertex 3 28.4579 23.2021
      vertex 6 28.4579 23.2021
    endloop
  endfacet
  facet normal 0 0.773021 -0.634381
    outer loop
      vertex 3 28.4579 23.2021
      vertex 6 28.2465 22.9445
      vertex 3 28.2465 22.9445
    endloop
  endfacet
  facet normal 0 -0.956971 0.290182
    outer loop
      vertex 3 31.2306 21.3494
      vertex 6 31.3273 21.6683
      vertex 3 31.3273 21.6683
    endloop
  endfacet
  facet normal 0 -0.956971 0.290182
    outer loop
      vertex 6 31.3273 21.6683
      vertex 3 31.2306 21.3494
      vertex 6 31.2306 21.3494
    endloop
  endfacet
  facet normal 0 0.881912 0.471413
    outer loop
      vertex 6 28.2465 21.0555
      vertex 3 28.0894 21.3494
      vertex 6 28.0894 21.3494
    endloop
  endfacet
  facet normal 0 0.881912 0.471413
    outer loop
      vertex 3 28.0894 21.3494
      vertex 6 28.2465 21.0555
      vertex 3 28.2465 21.0555
    endloop
  endfacet
  facet normal 0 -0.773021 -0.634381
    outer loop
      vertex 3 31.0735 22.9445
      vertex 6 30.8621 23.2021
      vertex 3 30.8621 23.2021
    endloop
  endfacet
  facet normal 0 -0.773021 -0.634381
    outer loop
      vertex 6 30.8621 23.2021
      vertex 3 31.0735 22.9445
      vertex 6 31.0735 22.9445
    endloop
  endfacet
  facet normal 0 -0.471413 -0.881912
    outer loop
      vertex 3 30.3106 23.5706
      vertex 6 30.6045 23.4135
      vertex 6 30.3106 23.5706
    endloop
  endfacet
  facet normal -0 -0.471413 -0.881912
    outer loop
      vertex 6 30.6045 23.4135
      vertex 3 30.3106 23.5706
      vertex 3 30.6045 23.4135
    endloop
  endfacet
  facet normal 0 -0.956971 -0.290182
    outer loop
      vertex 3 31.3273 22.3317
      vertex 6 31.2306 22.6506
      vertex 3 31.2306 22.6506
    endloop
  endfacet
  facet normal 0 -0.956971 -0.290182
    outer loop
      vertex 6 31.2306 22.6506
      vertex 3 31.3273 22.3317
      vertex 6 31.3273 22.3317
    endloop
  endfacet
  facet normal 0 0.956971 0.290182
    outer loop
      vertex 6 28.0894 21.3494
      vertex 3 27.9927 21.6683
      vertex 6 27.9927 21.6683
    endloop
  endfacet
  facet normal 0 0.956971 0.290182
    outer loop
      vertex 3 27.9927 21.6683
      vertex 6 28.0894 21.3494
      vertex 3 28.0894 21.3494
    endloop
  endfacet
  facet normal -0 0.471413 0.881912
    outer loop
      vertex 3 29.0094 20.4294
      vertex 6 28.7155 20.5865
      vertex 6 29.0094 20.4294
    endloop
  endfacet
  facet normal 0 0.471413 0.881912
    outer loop
      vertex 6 28.7155 20.5865
      vertex 3 29.0094 20.4294
      vertex 3 28.7155 20.5865
    endloop
  endfacet
  facet normal 0 -0.634381 -0.773021
    outer loop
      vertex 3 30.6045 23.4135
      vertex 6 30.8621 23.2021
      vertex 6 30.6045 23.4135
    endloop
  endfacet
  facet normal -0 -0.634381 -0.773021
    outer loop
      vertex 6 30.8621 23.2021
      vertex 3 30.6045 23.4135
      vertex 3 30.8621 23.2021
    endloop
  endfacet
  facet normal 0 -0.290182 -0.956971
    outer loop
      vertex 3 29.9917 23.6673
      vertex 6 30.3106 23.5706
      vertex 6 29.9917 23.6673
    endloop
  endfacet
  facet normal -0 -0.290182 -0.956971
    outer loop
      vertex 6 30.3106 23.5706
      vertex 3 29.9917 23.6673
      vertex 3 30.3106 23.5706
    endloop
  endfacet
  facet normal 0 -0.471413 0.881912
    outer loop
      vertex 3 30.6045 20.5865
      vertex 6 30.3106 20.4294
      vertex 6 30.6045 20.5865
    endloop
  endfacet
  facet normal 0 -0.471413 0.881912
    outer loop
      vertex 6 30.3106 20.4294
      vertex 3 30.6045 20.5865
      vertex 3 30.3106 20.4294
    endloop
  endfacet
  facet normal 0 0.0981075 -0.995176
    outer loop
      vertex 3 29.3283 23.6673
      vertex 6 29.66 23.7
      vertex 6 29.3283 23.6673
    endloop
  endfacet
  facet normal 0 0.0981075 -0.995176
    outer loop
      vertex 6 29.66 23.7
      vertex 3 29.3283 23.6673
      vertex 3 29.66 23.7
    endloop
  endfacet
  facet normal 0 0.881912 -0.471413
    outer loop
      vertex 6 28.0894 22.6506
      vertex 3 28.2465 22.9445
      vertex 6 28.2465 22.9445
    endloop
  endfacet
  facet normal 0 0.881912 -0.471413
    outer loop
      vertex 3 28.2465 22.9445
      vertex 6 28.0894 22.6506
      vertex 3 28.0894 22.6506
    endloop
  endfacet
  facet normal 0 0.995176 0.0981075
    outer loop
      vertex 6 27.9927 21.6683
      vertex 3 27.96 22
      vertex 6 27.96 22
    endloop
  endfacet
  facet normal 0 0.995176 0.0981075
    outer loop
      vertex 3 27.96 22
      vertex 6 27.9927 21.6683
      vertex 3 27.9927 21.6683
    endloop
  endfacet
  facet normal -0 0.0981075 0.995176
    outer loop
      vertex 3 29.66 20.3
      vertex 6 29.3283 20.3327
      vertex 6 29.66 20.3
    endloop
  endfacet
  facet normal 0 0.0981075 0.995176
    outer loop
      vertex 6 29.3283 20.3327
      vertex 3 29.66 20.3
      vertex 3 29.3283 20.3327
    endloop
  endfacet
  facet normal 0 -0.773021 0.634381
    outer loop
      vertex 3 30.8621 20.7979
      vertex 6 31.0735 21.0555
      vertex 3 31.0735 21.0555
    endloop
  endfacet
  facet normal 0 -0.773021 0.634381
    outer loop
      vertex 6 31.0735 21.0555
      vertex 3 30.8621 20.7979
      vertex 6 30.8621 20.7979
    endloop
  endfacet
  facet normal 0 0.995176 -0.0981075
    outer loop
      vertex 6 27.96 22
      vertex 3 27.9927 22.3317
      vertex 6 27.9927 22.3317
    endloop
  endfacet
  facet normal 0 0.995176 -0.0981075
    outer loop
      vertex 3 27.9927 22.3317
      vertex 6 27.96 22
      vertex 3 27.96 22
    endloop
  endfacet
  facet normal -0 0.290182 0.956971
    outer loop
      vertex 3 29.3283 20.3327
      vertex 6 29.0094 20.4294
      vertex 6 29.3283 20.3327
    endloop
  endfacet
  facet normal 0 0.290182 0.956971
    outer loop
      vertex 6 29.0094 20.4294
      vertex 3 29.3283 20.3327
      vertex 3 29.0094 20.4294
    endloop
  endfacet
  facet normal 0 -0.0980358 0.995183
    outer loop
      vertex 0 30.2843 18.8615
      vertex 3 29.66 18.8
      vertex 3 30.2843 18.8615
    endloop
  endfacet
  facet normal 0 -0.0980358 0.995183
    outer loop
      vertex 3 29.66 18.8
      vertex 0 30.2843 18.8615
      vertex 0 29.66 18.8
    endloop
  endfacet
  facet normal 0 -0.881916 -0.471407
    outer loop
      vertex 0 32.6164 23.2246
      vertex 3 32.3207 23.7778
      vertex 0 32.3207 23.7778
    endloop
  endfacet
  facet normal 0 -0.881916 -0.471407
    outer loop
      vertex 3 32.3207 23.7778
      vertex 0 32.6164 23.2246
      vertex 3 32.6164 23.2246
    endloop
  endfacet
  facet normal 0 0.95694 -0.290286
    outer loop
      vertex 3 26.5215 22.6243
      vertex 0 26.7036 23.2246
      vertex 3 26.7036 23.2246
    endloop
  endfacet
  facet normal 0 0.95694 -0.290286
    outer loop
      vertex 0 26.7036 23.2246
      vertex 3 26.5215 22.6243
      vertex 0 26.5215 22.6243
    endloop
  endfacet
  facet normal 0 -0.995183 -0.0980358
    outer loop
      vertex 0 32.86 22
      vertex 3 32.7985 22.6243
      vertex 0 32.7985 22.6243
    endloop
  endfacet
  facet normal 0 -0.995183 -0.0980358
    outer loop
      vertex 3 32.7985 22.6243
      vertex 0 32.86 22
      vertex 3 32.86 22
    endloop
  endfacet
  facet normal 0 -0.634444 -0.772969
    outer loop
      vertex 0 31.4378 24.6607
      vertex 3 31.9227 24.2627
      vertex 3 31.4378 24.6607
    endloop
  endfacet
  facet normal -0 -0.634444 -0.772969
    outer loop
      vertex 3 31.9227 24.2627
      vertex 0 31.4378 24.6607
      vertex 0 31.9227 24.2627
    endloop
  endfacet
  facet normal 0 -0.95694 0.290286
    outer loop
      vertex 0 32.6164 20.7754
      vertex 3 32.7985 21.3757
      vertex 0 32.7985 21.3757
    endloop
  endfacet
  facet normal 0 -0.95694 0.290286
    outer loop
      vertex 3 32.7985 21.3757
      vertex 0 32.6164 20.7754
      vertex 3 32.6164 20.7754
    endloop
  endfacet
  facet normal -0 0.290286 0.95694
    outer loop
      vertex 0 29.0357 18.8615
      vertex 3 28.4354 19.0436
      vertex 3 29.0357 18.8615
    endloop
  endfacet
  facet normal 0 0.290286 0.95694
    outer loop
      vertex 3 28.4354 19.0436
      vertex 0 29.0357 18.8615
      vertex 0 28.4354 19.0436
    endloop
  endfacet
  facet normal 0 -0.881916 0.471407
    outer loop
      vertex 0 32.3207 20.2222
      vertex 3 32.6164 20.7754
      vertex 0 32.6164 20.7754
    endloop
  endfacet
  facet normal 0 -0.881916 0.471407
    outer loop
      vertex 3 32.6164 20.7754
      vertex 0 32.3207 20.2222
      vertex 3 32.3207 20.2222
    endloop
  endfacet
  facet normal -1 0 0
    outer loop
      vertex 3 31.36 22
      vertex 3 32.86 22
      vertex 3 32.7985 21.3757
    endloop
  endfacet
  facet normal -1 0 0
    outer loop
      vertex 3 31.3273 21.6683
      vertex 3 32.7985 21.3757
      vertex 3 32.6164 20.7754
    endloop
  endfacet
  facet normal -1 0 0
    outer loop
      vertex 3 32.86 22
      vertex 3 31.36 22
      vertex 3 32.7985 22.6243
    endloop
  endfacet
  facet normal -1 0 0
    outer loop
      vertex 3 31.2306 21.3494
      vertex 3 32.6164 20.7754
      vertex 3 32.3207 20.2222
    endloop
  endfacet
  facet normal -1 0 0
    outer loop
      vertex 3 31.3273 22.3317
      vertex 3 32.7985 22.6243
      vertex 3 31.36 22
    endloop
  endfacet
  facet normal -1 0 0
    outer loop
      vertex 3 31.0735 21.0555
      vertex 3 32.3207 20.2222
      vertex 3 31.9227 19.7373
    endloop
  endfacet
  facet normal -1 -0 0
    outer loop
      vertex 3 32.7985 22.6243
      vertex 3 31.3273 22.3317
      vertex 3 32.6164 23.2246
    endloop
  endfacet
  facet normal -1 0 0
    outer loop
      vertex 3 30.8621 20.7979
      vertex 3 31.9227 19.7373
      vertex 3 31.4378 19.3393
    endloop
  endfacet
  facet normal -1 0 0
    outer loop
      vertex 3 31.2306 22.6506
      vertex 3 32.6164 23.2246
      vertex 3 31.3273 22.3317
    endloop
  endfacet
  facet normal -1 -0 0
    outer loop
      vertex 3 32.6164 23.2246
      vertex 3 31.2306 22.6506
      vertex 3 32.3207 23.7778
    endloop
  endfacet
  facet normal -1 0 0
    outer loop
      vertex 3 32.7985 21.3757
      vertex 3 31.3273 21.6683
      vertex 3 31.36 22
    endloop
  endfacet
  facet normal -1 0 0
    outer loop
      vertex 3 32.6164 20.7754
      vertex 3 31.2306 21.3494
      vertex 3 31.3273 21.6683
    endloop
  endfacet
  facet normal -1 0 0
    outer loop
      vertex 3 32.3207 20.2222
      vertex 3 31.0735 21.0555
      vertex 3 31.2306 21.3494
    endloop
  endfacet
  facet normal -1 0 0
    outer loop
      vertex 3 30.6045 20.5865
      vertex 3 31.4378 19.3393
      vertex 3 30.8846 19.0436
    endloop
  endfacet
  facet normal -1 0 0
    outer loop
      vertex 3 31.9227 19.7373
      vertex 3 30.8621 20.7979
      vertex 3 31.0735 21.0555
    endloop
  endfacet
  facet normal -1 0 0
    outer loop
      vertex 3 31.4378 19.3393
      vertex 3 30.6045 20.5865
      vertex 3 30.8621 20.7979
    endloop
  endfacet
  facet normal -1 0 0
    outer loop
      vertex 3 30.8846 19.0436
      vertex 3 30.3106 20.4294
      vertex 3 30.6045 20.5865
    endloop
  endfacet
  facet normal -1 0 0
    outer loop
      vertex 3 30.2843 18.8615
      vertex 3 30.3106 20.4294
      vertex 3 30.8846 19.0436
    endloop
  endfacet
  facet normal -1 0 0
    outer loop
      vertex 3 30.2843 18.8615
      vertex 3 29.9917 20.3327
      vertex 3 30.3106 20.4294
    endloop
  endfacet
  facet normal -1 0 0
    outer loop
      vertex 3 29.66 18.8
      vertex 3 29.9917 20.3327
      vertex 3 30.2843 18.8615
    endloop
  endfacet
  facet normal -1 0 0
    outer loop
      vertex 3 29.66 18.8
      vertex 3 29.66 20.3
      vertex 3 29.9917 20.3327
    endloop
  endfacet
  facet normal -1 0 0
    outer loop
      vertex 3 29.66 18.8
      vertex 3 29.3283 20.3327
      vertex 3 29.66 20.3
    endloop
  endfacet
  facet normal -1 0 0
    outer loop
      vertex 3 29.0357 18.8615
      vertex 3 29.3283 20.3327
      vertex 3 29.66 18.8
    endloop
  endfacet
  facet normal -1 0 0
    outer loop
      vertex 3 29.0357 18.8615
      vertex 3 29.0094 20.4294
      vertex 3 29.3283 20.3327
    endloop
  endfacet
  facet normal -1 0 0
    outer loop
      vertex 3 28.4354 19.0436
      vertex 3 29.0094 20.4294
      vertex 3 29.0357 18.8615
    endloop
  endfacet
  facet normal -1 -0 0
    outer loop
      vertex 3 29.0094 20.4294
      vertex 3 28.4354 19.0436
      vertex 3 28.7155 20.5865
    endloop
  endfacet
  facet normal -1 0 0
    outer loop
      vertex 3 27.8822 19.3393
      vertex 3 28.7155 20.5865
      vertex 3 28.4354 19.0436
    endloop
  endfacet
  facet normal -1 -0 0
    outer loop
      vertex 3 28.7155 20.5865
      vertex 3 27.8822 19.3393
      vertex 3 28.4579 20.7979
    endloop
  endfacet
  facet normal -1 0 0
    outer loop
      vertex 3 27.3973 19.7373
      vertex 3 28.4579 20.7979
      vertex 3 27.8822 19.3393
    endloop
  endfacet
  facet normal -1 -0 0
    outer loop
      vertex 3 28.4579 20.7979
      vertex 3 27.3973 19.7373
      vertex 3 28.2465 21.0555
    endloop
  endfacet
  facet normal -1 -0 0
    outer loop
      vertex 3 28.2465 21.0555
      vertex 3 26.9993 20.2222
      vertex 3 28.0894 21.3494
    endloop
  endfacet
  facet normal -1 0 0
    outer loop
      vertex 3 26.9993 20.2222
      vertex 3 28.2465 21.0555
      vertex 3 27.3973 19.7373
    endloop
  endfacet
  facet normal -1 0 0
    outer loop
      vertex 3 31.0735 22.9445
      vertex 3 32.3207 23.7778
      vertex 3 31.2306 22.6506
    endloop
  endfacet
  facet normal -1 -0 0
    outer loop
      vertex 3 32.3207 23.7778
      vertex 3 31.0735 22.9445
      vertex 3 31.9227 24.2627
    endloop
  endfacet
  facet normal -1 0 0
    outer loop
      vertex 3 30.8621 23.2021
      vertex 3 31.9227 24.2627
      vertex 3 31.0735 22.9445
    endloop
  endfacet
  facet normal -1 -0 0
    outer loop
      vertex 3 31.9227 24.2627
      vertex 3 30.8621 23.2021
      vertex 3 31.4378 24.6607
    endloop
  endfacet
  facet normal -1 0 0
    outer loop
      vertex 3 30.6045 23.4135
      vertex 3 31.4378 24.6607
      vertex 3 30.8621 23.2021
    endloop
  endfacet
  facet normal -1 -0 0
    outer loop
      vertex 3 31.4378 24.6607
      vertex 3 30.6045 23.4135
      vertex 3 30.8846 24.9564
    endloop
  endfacet
  facet normal -1 0 0
    outer loop
      vertex 3 30.3106 23.5706
      vertex 3 30.8846 24.9564
      vertex 3 30.6045 23.4135
    endloop
  endfacet
  facet normal -1 0 0
    outer loop
      vertex 3 30.3106 23.5706
      vertex 3 30.2843 25.1385
      vertex 3 30.8846 24.9564
    endloop
  endfacet
  facet normal -1 0 0
    outer loop
      vertex 3 29.9917 23.6673
      vertex 3 30.2843 25.1385
      vertex 3 30.3106 23.5706
    endloop
  endfacet
  facet normal -1 0 0
    outer loop
      vertex 3 29.66 23.7
      vertex 3 30.2843 25.1385
      vertex 3 29.9917 23.6673
    endloop
  endfacet
  facet normal -1 0 0
    outer loop
      vertex 3 29.66 23.7
      vertex 3 29.66 25.2
      vertex 3 30.2843 25.1385
    endloop
  endfacet
  facet normal -1 0 0
    outer loop
      vertex 3 29.3283 23.6673
      vertex 3 29.66 25.2
      vertex 3 29.66 23.7
    endloop
  endfacet
  facet normal -1 0 0
    outer loop
      vertex 3 29.3283 23.6673
      vertex 3 29.0357 25.1385
      vertex 3 29.66 25.2
    endloop
  endfacet
  facet normal -1 0 0
    outer loop
      vertex 3 29.0094 23.5706
      vertex 3 29.0357 25.1385
      vertex 3 29.3283 23.6673
    endloop
  endfacet
  facet normal -1 0 0
    outer loop
      vertex 3 28.4354 24.9564
      vertex 3 29.0094 23.5706
      vertex 3 28.7155 23.4135
    endloop
  endfacet
  facet normal -1 0 0
    outer loop
      vertex 3 27.8822 24.6607
      vertex 3 28.7155 23.4135
      vertex 3 28.4579 23.2021
    endloop
  endfacet
  facet normal -1 0 0
    outer loop
      vertex 3 29.0094 23.5706
      vertex 3 28.4354 24.9564
      vertex 3 29.0357 25.1385
    endloop
  endfacet
  facet normal -1 0 0
    outer loop
      vertex 3 27.3973 24.2627
      vertex 3 28.4579 23.2021
      vertex 3 28.2465 22.9445
    endloop
  endfacet
  facet normal -1 0 0
    outer loop
      vertex 3 26.9993 23.7778
      vertex 3 28.2465 22.9445
      vertex 3 28.0894 22.6506
    endloop
  endfacet
  facet normal -1 0 0
    outer loop
      vertex 3 26.7036 23.2246
      vertex 3 28.0894 22.6506
      vertex 3 27.9927 22.3317
    endloop
  endfacet
  facet normal -1 0 0
    outer loop
      vertex 3 28.7155 23.4135
      vertex 3 27.8822 24.6607
      vertex 3 28.4354 24.9564
    endloop
  endfacet
  facet normal -1 0 0
    outer loop
      vertex 3 26.5215 22.6243
      vertex 3 27.9927 22.3317
      vertex 3 27.96 22
    endloop
  endfacet
  facet normal -1 0 0
    outer loop
      vertex 3 26.7036 20.7754
      vertex 3 28.0894 21.3494
      vertex 3 26.9993 20.2222
    endloop
  endfacet
  facet normal -1 -0 0
    outer loop
      vertex 3 28.0894 21.3494
      vertex 3 26.7036 20.7754
      vertex 3 27.9927 21.6683
    endloop
  endfacet
  facet normal -1 0 0
    outer loop
      vertex 3 28.4579 23.2021
      vertex 3 27.3973 24.2627
      vertex 3 27.8822 24.6607
    endloop
  endfacet
  facet normal -1 0 0
    outer loop
      vertex 3 26.5215 21.3757
      vertex 3 27.9927 21.6683
      vertex 3 26.7036 20.7754
    endloop
  endfacet
  facet normal -1 0 0
    outer loop
      vertex 3 28.2465 22.9445
      vertex 3 26.9993 23.7778
      vertex 3 27.3973 24.2627
    endloop
  endfacet
  facet normal -1 -0 0
    outer loop
      vertex 3 27.9927 21.6683
      vertex 3 26.5215 21.3757
      vertex 3 27.96 22
    endloop
  endfacet
  facet normal -1 0 0
    outer loop
      vertex 3 28.0894 22.6506
      vertex 3 26.7036 23.2246
      vertex 3 26.9993 23.7778
    endloop
  endfacet
  facet normal -1 0 0
    outer loop
      vertex 3 26.46 22
      vertex 3 27.96 22
      vertex 3 26.5215 21.3757
    endloop
  endfacet
  facet normal -1 0 0
    outer loop
      vertex 3 27.9927 22.3317
      vertex 3 26.5215 22.6243
      vertex 3 26.7036 23.2246
    endloop
  endfacet
  facet normal -1 0 0
    outer loop
      vertex 3 27.96 22
      vertex 3 26.46 22
      vertex 3 26.5215 22.6243
    endloop
  endfacet
  facet normal 0 -0.290286 -0.95694
    outer loop
      vertex 0 30.2843 25.1385
      vertex 3 30.8846 24.9564
      vertex 3 30.2843 25.1385
    endloop
  endfacet
  facet normal -0 -0.290286 -0.95694
    outer loop
      vertex 3 30.8846 24.9564
      vertex 0 30.2843 25.1385
      vertex 0 30.8846 24.9564
    endloop
  endfacet
  facet normal -0 0.634444 0.772969
    outer loop
      vertex 0 27.8822 19.3393
      vertex 3 27.3973 19.7373
      vertex 3 27.8822 19.3393
    endloop
  endfacet
  facet normal 0 0.634444 0.772969
    outer loop
      vertex 3 27.3973 19.7373
      vertex 0 27.8822 19.3393
      vertex 0 27.3973 19.7373
    endloop
  endfacet
  facet normal 0 0.995183 -0.0980358
    outer loop
      vertex 3 26.46 22
      vertex 0 26.5215 22.6243
      vertex 3 26.5215 22.6243
    endloop
  endfacet
  facet normal 0 0.995183 -0.0980358
    outer loop
      vertex 0 26.5215 22.6243
      vertex 3 26.46 22
      vertex 0 26.46 22
    endloop
  endfacet
  facet normal 0 -0.0980358 -0.995183
    outer loop
      vertex 0 29.66 25.2
      vertex 3 30.2843 25.1385
      vertex 3 29.66 25.2
    endloop
  endfacet
  facet normal -0 -0.0980358 -0.995183
    outer loop
      vertex 3 30.2843 25.1385
      vertex 0 29.66 25.2
      vertex 0 30.2843 25.1385
    endloop
  endfacet
  facet normal 0 -0.772969 0.634444
    outer loop
      vertex 0 31.9227 19.7373
      vertex 3 32.3207 20.2222
      vertex 0 32.3207 20.2222
    endloop
  endfacet
  facet normal 0 -0.772969 0.634444
    outer loop
      vertex 3 32.3207 20.2222
      vertex 0 31.9227 19.7373
      vertex 3 31.9227 19.7373
    endloop
  endfacet
  facet normal -0 0.471407 0.881916
    outer loop
      vertex 0 28.4354 19.0436
      vertex 3 27.8822 19.3393
      vertex 3 28.4354 19.0436
    endloop
  endfacet
  facet normal 0 0.471407 0.881916
    outer loop
      vertex 3 27.8822 19.3393
      vertex 0 28.4354 19.0436
      vertex 0 27.8822 19.3393
    endloop
  endfacet
  facet normal 0 -0.290286 0.95694
    outer loop
      vertex 0 30.8846 19.0436
      vertex 3 30.2843 18.8615
      vertex 3 30.8846 19.0436
    endloop
  endfacet
  facet normal 0 -0.290286 0.95694
    outer loop
      vertex 3 30.2843 18.8615
      vertex 0 30.8846 19.0436
      vertex 0 30.2843 18.8615
    endloop
  endfacet
  facet normal 0 0.95694 0.290286
    outer loop
      vertex 3 26.7036 20.7754
      vertex 0 26.5215 21.3757
      vertex 3 26.5215 21.3757
    endloop
  endfacet
  facet normal 0 0.95694 0.290286
    outer loop
      vertex 0 26.5215 21.3757
      vertex 3 26.7036 20.7754
      vertex 0 26.7036 20.7754
    endloop
  endfacet
  facet normal 0 0.881916 0.471407
    outer loop
      vertex 3 26.9993 20.2222
      vertex 0 26.7036 20.7754
      vertex 3 26.7036 20.7754
    endloop
  endfacet
  facet normal 0 0.881916 0.471407
    outer loop
      vertex 0 26.7036 20.7754
      vertex 3 26.9993 20.2222
      vertex 0 26.9993 20.2222
    endloop
  endfacet
  facet normal 0 0.290286 -0.95694
    outer loop
      vertex 0 28.4354 24.9564
      vertex 3 29.0357 25.1385
      vertex 3 28.4354 24.9564
    endloop
  endfacet
  facet normal 0 0.290286 -0.95694
    outer loop
      vertex 3 29.0357 25.1385
      vertex 0 28.4354 24.9564
      vertex 0 29.0357 25.1385
    endloop
  endfacet
  facet normal 0 -0.471407 -0.881916
    outer loop
      vertex 0 30.8846 24.9564
      vertex 3 31.4378 24.6607
      vertex 3 30.8846 24.9564
    endloop
  endfacet
  facet normal -0 -0.471407 -0.881916
    outer loop
      vertex 3 31.4378 24.6607
      vertex 0 30.8846 24.9564
      vertex 0 31.4378 24.6607
    endloop
  endfacet
  facet normal 0 -0.95694 -0.290286
    outer loop
      vertex 0 32.7985 22.6243
      vertex 3 32.6164 23.2246
      vertex 0 32.6164 23.2246
    endloop
  endfacet
  facet normal 0 -0.95694 -0.290286
    outer loop
      vertex 3 32.6164 23.2246
      vertex 0 32.7985 22.6243
      vertex 3 32.7985 22.6243
    endloop
  endfacet
  facet normal 0 0.634444 -0.772969
    outer loop
      vertex 0 27.3973 24.2627
      vertex 3 27.8822 24.6607
      vertex 3 27.3973 24.2627
    endloop
  endfacet
  facet normal 0 0.634444 -0.772969
    outer loop
      vertex 3 27.8822 24.6607
      vertex 0 27.3973 24.2627
      vertex 0 27.8822 24.6607
    endloop
  endfacet
  facet normal 0 0.471407 -0.881916
    outer loop
      vertex 0 27.8822 24.6607
      vertex 3 28.4354 24.9564
      vertex 3 27.8822 24.6607
    endloop
  endfacet
  facet normal 0 0.471407 -0.881916
    outer loop
      vertex 3 28.4354 24.9564
      vertex 0 27.8822 24.6607
      vertex 0 28.4354 24.9564
    endloop
  endfacet
  facet normal 0 -0.471407 0.881916
    outer loop
      vertex 0 31.4378 19.3393
      vertex 3 30.8846 19.0436
      vertex 3 31.4378 19.3393
    endloop
  endfacet
  facet normal 0 -0.471407 0.881916
    outer loop
      vertex 3 30.8846 19.0436
      vertex 0 31.4378 19.3393
      vertex 0 30.8846 19.0436
    endloop
  endfacet
  facet normal 0 -0.772969 -0.634444
    outer loop
      vertex 0 32.3207 23.7778
      vertex 3 31.9227 24.2627
      vertex 0 31.9227 24.2627
    endloop
  endfacet
  facet normal 0 -0.772969 -0.634444
    outer loop
      vertex 3 31.9227 24.2627
      vertex 0 32.3207 23.7778
      vertex 3 32.3207 23.7778
    endloop
  endfacet
  facet normal 0 0.881916 -0.471407
    outer loop
      vertex 3 26.7036 23.2246
      vertex 0 26.9993 23.7778
      vertex 3 26.9993 23.7778
    endloop
  endfacet
  facet normal 0 0.881916 -0.471407
    outer loop
      vertex 0 26.9993 23.7778
      vertex 3 26.7036 23.2246
      vertex 0 26.7036 23.2246
    endloop
  endfacet
  facet normal 0 -0.995183 0.0980358
    outer loop
      vertex 0 32.7985 21.3757
      vertex 3 32.86 22
      vertex 0 32.86 22
    endloop
  endfacet
  facet normal 0 -0.995183 0.0980358
    outer loop
      vertex 3 32.86 22
      vertex 0 32.7985 21.3757
      vertex 3 32.7985 21.3757
    endloop
  endfacet
  facet normal 0 0.995183 0.0980358
    outer loop
      vertex 3 26.5215 21.3757
      vertex 0 26.46 22
      vertex 3 26.46 22
    endloop
  endfacet
  facet normal 0 0.995183 0.0980358
    outer loop
      vertex 0 26.46 22
      vertex 3 26.5215 21.3757
      vertex 0 26.5215 21.3757
    endloop
  endfacet
  facet normal 0 0.0980358 -0.995183
    outer loop
      vertex 0 29.0357 25.1385
      vertex 3 29.66 25.2
      vertex 3 29.0357 25.1385
    endloop
  endfacet
  facet normal 0 0.0980358 -0.995183
    outer loop
      vertex 3 29.66 25.2
      vertex 0 29.0357 25.1385
      vertex 0 29.66 25.2
    endloop
  endfacet
  facet normal 0 0.772969 -0.634444
    outer loop
      vertex 3 26.9993 23.7778
      vertex 0 27.3973 24.2627
      vertex 3 27.3973 24.2627
    endloop
  endfacet
  facet normal 0 0.772969 -0.634444
    outer loop
      vertex 0 27.3973 24.2627
      vertex 3 26.9993 23.7778
      vertex 0 26.9993 23.7778
    endloop
  endfacet
  facet normal 0 0.772969 0.634444
    outer loop
      vertex 3 27.3973 19.7373
      vertex 0 26.9993 20.2222
      vertex 3 26.9993 20.2222
    endloop
  endfacet
  facet normal 0 0.772969 0.634444
    outer loop
      vertex 0 26.9993 20.2222
      vertex 3 27.3973 19.7373
      vertex 0 27.3973 19.7373
    endloop
  endfacet
  facet normal 0 -0.634444 0.772969
    outer loop
      vertex 0 31.9227 19.7373
      vertex 3 31.4378 19.3393
      vertex 3 31.9227 19.7373
    endloop
  endfacet
  facet normal 0 -0.634444 0.772969
    outer loop
      vertex 3 31.4378 19.3393
      vertex 0 31.9227 19.7373
      vertex 0 31.4378 19.3393
    endloop
  endfacet
  facet normal -0 0.0980358 0.995183
    outer loop
      vertex 0 29.66 18.8
      vertex 3 29.0357 18.8615
      vertex 3 29.66 18.8
    endloop
  endfacet
  facet normal 0 0.0980358 0.995183
    outer loop
      vertex 3 29.0357 18.8615
      vertex 0 29.66 18.8
      vertex 0 29.0357 18.8615
    endloop
  endfacet
  facet normal -0 0.0981368 0.995173
    outer loop
      vertex 3 74.11 67.3
      vertex 6 73.7784 67.3327
      vertex 6 74.11 67.3
    endloop
  endfacet
  facet normal 0 0.0981368 0.995173
    outer loop
      vertex 6 73.7784 67.3327
      vertex 3 74.11 67.3
      vertex 3 73.7784 67.3327
    endloop
  endfacet
  facet normal 0 -0.773021 0.634381
    outer loop
      vertex 3 75.3121 67.7979
      vertex 6 75.5235 68.0555
      vertex 3 75.5235 68.0555
    endloop
  endfacet
  facet normal 0 -0.773021 0.634381
    outer loop
      vertex 6 75.5235 68.0555
      vertex 3 75.3121 67.7979
      vertex 6 75.3121 67.7979
    endloop
  endfacet
  facet normal 0 -0.881912 -0.471413
    outer loop
      vertex 3 75.6806 69.6506
      vertex 6 75.5235 69.9445
      vertex 3 75.5235 69.9445
    endloop
  endfacet
  facet normal 0 -0.881912 -0.471413
    outer loop
      vertex 6 75.5235 69.9445
      vertex 3 75.6806 69.6506
      vertex 6 75.6806 69.6506
    endloop
  endfacet
  facet normal 0 -0.290182 -0.956971
    outer loop
      vertex 3 74.4417 70.6673
      vertex 6 74.7606 70.5706
      vertex 6 74.4417 70.6673
    endloop
  endfacet
  facet normal -0 -0.290182 -0.956971
    outer loop
      vertex 6 74.7606 70.5706
      vertex 3 74.4417 70.6673
      vertex 3 74.7606 70.5706
    endloop
  endfacet
  facet normal -0 0.634381 0.773021
    outer loop
      vertex 3 73.1655 67.5865
      vertex 6 72.9079 67.7979
      vertex 6 73.1655 67.5865
    endloop
  endfacet
  facet normal 0 0.634381 0.773021
    outer loop
      vertex 6 72.9079 67.7979
      vertex 3 73.1655 67.5865
      vertex 3 72.9079 67.7979
    endloop
  endfacet
  facet normal 0 0.290099 -0.956997
    outer loop
      vertex 3 73.4594 70.5706
      vertex 6 73.7784 70.6673
      vertex 6 73.4594 70.5706
    endloop
  endfacet
  facet normal 0 0.290099 -0.956997
    outer loop
      vertex 6 73.7784 70.6673
      vertex 3 73.4594 70.5706
      vertex 3 73.7784 70.6673
    endloop
  endfacet
  facet normal 0 -0.995173 0.0981368
    outer loop
      vertex 3 75.7773 68.6684
      vertex 6 75.81 69
      vertex 3 75.81 69
    endloop
  endfacet
  facet normal 0 -0.995173 0.0981368
    outer loop
      vertex 6 75.81 69
      vertex 3 75.7773 68.6684
      vertex 6 75.7773 68.6684
    endloop
  endfacet
  facet normal 0 -0.290182 0.956971
    outer loop
      vertex 3 74.7606 67.4294
      vertex 6 74.4417 67.3327
      vertex 6 74.7606 67.4294
    endloop
  endfacet
  facet normal 0 -0.290182 0.956971
    outer loop
      vertex 6 74.4417 67.3327
      vertex 3 74.7606 67.4294
      vertex 3 74.4417 67.3327
    endloop
  endfacet
  facet normal 0 0.995173 0.0981368
    outer loop
      vertex 6 72.4427 68.6684
      vertex 3 72.41 69
      vertex 6 72.41 69
    endloop
  endfacet
  facet normal 0 0.995173 0.0981368
    outer loop
      vertex 3 72.41 69
      vertex 6 72.4427 68.6684
      vertex 3 72.4427 68.6684
    endloop
  endfacet
  facet normal 0 -0.995173 -0.0981368
    outer loop
      vertex 3 75.81 69
      vertex 6 75.7773 69.3316
      vertex 3 75.7773 69.3316
    endloop
  endfacet
  facet normal 0 -0.995173 -0.0981368
    outer loop
      vertex 6 75.7773 69.3316
      vertex 3 75.81 69
      vertex 6 75.81 69
    endloop
  endfacet
  facet normal 0 -0.956997 0.290099
    outer loop
      vertex 3 75.6806 68.3494
      vertex 6 75.7773 68.6684
      vertex 3 75.7773 68.6684
    endloop
  endfacet
  facet normal 0 -0.956997 0.290099
    outer loop
      vertex 6 75.7773 68.6684
      vertex 3 75.6806 68.3494
      vertex 6 75.6806 68.3494
    endloop
  endfacet
  facet normal 0 0.995173 -0.0981368
    outer loop
      vertex 6 72.41 69
      vertex 3 72.4427 69.3316
      vertex 6 72.4427 69.3316
    endloop
  endfacet
  facet normal 0 0.995173 -0.0981368
    outer loop
      vertex 3 72.4427 69.3316
      vertex 6 72.41 69
      vertex 3 72.41 69
    endloop
  endfacet
  facet normal 0 -0.0981075 -0.995176
    outer loop
      vertex 3 74.11 70.7
      vertex 6 74.4417 70.6673
      vertex 6 74.11 70.7
    endloop
  endfacet
  facet normal -0 -0.0981075 -0.995176
    outer loop
      vertex 6 74.4417 70.6673
      vertex 3 74.11 70.7
      vertex 3 74.4417 70.6673
    endloop
  endfacet
  facet normal 0 0.0981368 -0.995173
    outer loop
      vertex 3 73.7784 70.6673
      vertex 6 74.11 70.7
      vertex 6 73.7784 70.6673
    endloop
  endfacet
  facet normal 0 0.0981368 -0.995173
    outer loop
      vertex 6 74.11 70.7
      vertex 3 73.7784 70.6673
      vertex 3 74.11 70.7
    endloop
  endfacet
  facet normal -0 0.290099 0.956997
    outer loop
      vertex 3 73.7784 67.3327
      vertex 6 73.4594 67.4294
      vertex 6 73.7784 67.3327
    endloop
  endfacet
  facet normal 0 0.290099 0.956997
    outer loop
      vertex 6 73.4594 67.4294
      vertex 3 73.7784 67.3327
      vertex 3 73.4594 67.4294
    endloop
  endfacet
  facet normal 0 0.956997 -0.290099
    outer loop
      vertex 6 72.4427 69.3316
      vertex 3 72.5394 69.6506
      vertex 6 72.5394 69.6506
    endloop
  endfacet
  facet normal 0 0.956997 -0.290099
    outer loop
      vertex 3 72.5394 69.6506
      vertex 6 72.4427 69.3316
      vertex 3 72.4427 69.3316
    endloop
  endfacet
  facet normal 0 -0.956997 -0.290099
    outer loop
      vertex 3 75.7773 69.3316
      vertex 6 75.6806 69.6506
      vertex 3 75.6806 69.6506
    endloop
  endfacet
  facet normal 0 -0.956997 -0.290099
    outer loop
      vertex 6 75.6806 69.6506
      vertex 3 75.7773 69.3316
      vertex 6 75.7773 69.3316
    endloop
  endfacet
  facet normal 0 0.634381 -0.773021
    outer loop
      vertex 3 72.9079 70.2021
      vertex 6 73.1655 70.4135
      vertex 6 72.9079 70.2021
    endloop
  endfacet
  facet normal 0 0.634381 -0.773021
    outer loop
      vertex 6 73.1655 70.4135
      vertex 3 72.9079 70.2021
      vertex 3 73.1655 70.4135
    endloop
  endfacet
  facet normal 0 -0.773021 -0.634381
    outer loop
      vertex 3 75.5235 69.9445
      vertex 6 75.3121 70.2021
      vertex 3 75.3121 70.2021
    endloop
  endfacet
  facet normal 0 -0.773021 -0.634381
    outer loop
      vertex 6 75.3121 70.2021
      vertex 3 75.5235 69.9445
      vertex 6 75.5235 69.9445
    endloop
  endfacet
  facet normal 0 0.471413 -0.881912
    outer loop
      vertex 3 73.1655 70.4135
      vertex 6 73.4594 70.5706
      vertex 6 73.1655 70.4135
    endloop
  endfacet
  facet normal 0 0.471413 -0.881912
    outer loop
      vertex 6 73.4594 70.5706
      vertex 3 73.1655 70.4135
      vertex 3 73.4594 70.5706
    endloop
  endfacet
  facet normal 0 0.881912 0.471413
    outer loop
      vertex 6 72.6965 68.0555
      vertex 3 72.5394 68.3494
      vertex 6 72.5394 68.3494
    endloop
  endfacet
  facet normal 0 0.881912 0.471413
    outer loop
      vertex 3 72.5394 68.3494
      vertex 6 72.6965 68.0555
      vertex 3 72.6965 68.0555
    endloop
  endfacet
  facet normal 0 -0.471413 0.881912
    outer loop
      vertex 3 75.0545 67.5865
      vertex 6 74.7606 67.4294
      vertex 6 75.0545 67.5865
    endloop
  endfacet
  facet normal 0 -0.471413 0.881912
    outer loop
      vertex 6 74.7606 67.4294
      vertex 3 75.0545 67.5865
      vertex 3 74.7606 67.4294
    endloop
  endfacet
  facet normal 0 -0.881912 0.471413
    outer loop
      vertex 3 75.5235 68.0555
      vertex 6 75.6806 68.3494
      vertex 3 75.6806 68.3494
    endloop
  endfacet
  facet normal 0 -0.881912 0.471413
    outer loop
      vertex 6 75.6806 68.3494
      vertex 3 75.5235 68.0555
      vertex 6 75.5235 68.0555
    endloop
  endfacet
  facet normal 0 -0.634381 -0.773021
    outer loop
      vertex 3 75.0545 70.4135
      vertex 6 75.3121 70.2021
      vertex 6 75.0545 70.4135
    endloop
  endfacet
  facet normal -0 -0.634381 -0.773021
    outer loop
      vertex 6 75.3121 70.2021
      vertex 3 75.0545 70.4135
      vertex 3 75.3121 70.2021
    endloop
  endfacet
  facet normal 0 -0.634381 0.773021
    outer loop
      vertex 3 75.3121 67.7979
      vertex 6 75.0545 67.5865
      vertex 6 75.3121 67.7979
    endloop
  endfacet
  facet normal 0 -0.634381 0.773021
    outer loop
      vertex 6 75.0545 67.5865
      vertex 3 75.3121 67.7979
      vertex 3 75.0545 67.5865
    endloop
  endfacet
  facet normal 0 -0.471413 -0.881912
    outer loop
      vertex 3 74.7606 70.5706
      vertex 6 75.0545 70.4135
      vertex 6 74.7606 70.5706
    endloop
  endfacet
  facet normal -0 -0.471413 -0.881912
    outer loop
      vertex 6 75.0545 70.4135
      vertex 3 74.7606 70.5706
      vertex 3 75.0545 70.4135
    endloop
  endfacet
  facet normal 0 -0.0981075 0.995176
    outer loop
      vertex 3 74.4417 67.3327
      vertex 6 74.11 67.3
      vertex 6 74.4417 67.3327
    endloop
  endfacet
  facet normal 0 -0.0981075 0.995176
    outer loop
      vertex 6 74.11 67.3
      vertex 3 74.4417 67.3327
      vertex 3 74.11 67.3
    endloop
  endfacet
  facet normal 0 0.956997 0.290099
    outer loop
      vertex 6 72.5394 68.3494
      vertex 3 72.4427 68.6684
      vertex 6 72.4427 68.6684
    endloop
  endfacet
  facet normal 0 0.956997 0.290099
    outer loop
      vertex 3 72.4427 68.6684
      vertex 6 72.5394 68.3494
      vertex 3 72.5394 68.3494
    endloop
  endfacet
  facet normal 0 0.773021 -0.634381
    outer loop
      vertex 6 72.6965 69.9445
      vertex 3 72.9079 70.2021
      vertex 6 72.9079 70.2021
    endloop
  endfacet
  facet normal 0 0.773021 -0.634381
    outer loop
      vertex 3 72.9079 70.2021
      vertex 6 72.6965 69.9445
      vertex 3 72.6965 69.9445
    endloop
  endfacet
  facet normal -0 0.471413 0.881912
    outer loop
      vertex 3 73.4594 67.4294
      vertex 6 73.1655 67.5865
      vertex 6 73.4594 67.4294
    endloop
  endfacet
  facet normal 0 0.471413 0.881912
    outer loop
      vertex 6 73.1655 67.5865
      vertex 3 73.4594 67.4294
      vertex 3 73.1655 67.5865
    endloop
  endfacet
  facet normal 0 0.773021 0.634381
    outer loop
      vertex 6 72.9079 67.7979
      vertex 3 72.6965 68.0555
      vertex 6 72.6965 68.0555
    endloop
  endfacet
  facet normal 0 0.773021 0.634381
    outer loop
      vertex 3 72.6965 68.0555
      vertex 6 72.9079 67.7979
      vertex 3 72.9079 67.7979
    endloop
  endfacet
  facet normal 0 0.881912 -0.471413
    outer loop
      vertex 6 72.5394 69.6506
      vertex 3 72.6965 69.9445
      vertex 6 72.6965 69.9445
    endloop
  endfacet
  facet normal 0 0.881912 -0.471413
    outer loop
      vertex 3 72.6965 69.9445
      vertex 6 72.5394 69.6506
      vertex 3 72.5394 69.6506
    endloop
  endfacet
  facet normal 0 -0.772969 0.634444
    outer loop
      vertex 0 76.3727 66.7373
      vertex 3 76.7707 67.2222
      vertex 0 76.7707 67.2222
    endloop
  endfacet
  facet normal 0 -0.772969 0.634444
    outer loop
      vertex 3 76.7707 67.2222
      vertex 0 76.3727 66.7373
      vertex 3 76.3727 66.7373
    endloop
  endfacet
  facet normal 0 -0.881916 -0.471407
    outer loop
      vertex 0 77.0664 70.2246
      vertex 3 76.7707 70.7778
      vertex 0 76.7707 70.7778
    endloop
  endfacet
  facet normal 0 -0.881916 -0.471407
    outer loop
      vertex 3 76.7707 70.7778
      vertex 0 77.0664 70.2246
      vertex 3 77.0664 70.2246
    endloop
  endfacet
  facet normal -0 0.634444 0.772969
    outer loop
      vertex 0 72.3322 66.3393
      vertex 3 71.8473 66.7373
      vertex 3 72.3322 66.3393
    endloop
  endfacet
  facet normal 0 0.634444 0.772969
    outer loop
      vertex 3 71.8473 66.7373
      vertex 0 72.3322 66.3393
      vertex 0 71.8473 66.7373
    endloop
  endfacet
  facet normal 0 -0.290286 -0.95694
    outer loop
      vertex 0 74.7343 72.1385
      vertex 3 75.3346 71.9564
      vertex 3 74.7343 72.1385
    endloop
  endfacet
  facet normal -0 -0.290286 -0.95694
    outer loop
      vertex 3 75.3346 71.9564
      vertex 0 74.7343 72.1385
      vertex 0 75.3346 71.9564
    endloop
  endfacet
  facet normal 0 0.290286 -0.95694
    outer loop
      vertex 0 72.8854 71.9564
      vertex 3 73.4857 72.1385
      vertex 3 72.8854 71.9564
    endloop
  endfacet
  facet normal 0 0.290286 -0.95694
    outer loop
      vertex 3 73.4857 72.1385
      vertex 0 72.8854 71.9564
      vertex 0 73.4857 72.1385
    endloop
  endfacet
  facet normal 0 -0.995183 0.0980358
    outer loop
      vertex 0 77.2485 68.3757
      vertex 3 77.31 69
      vertex 0 77.31 69
    endloop
  endfacet
  facet normal 0 -0.995183 0.0980358
    outer loop
      vertex 3 77.31 69
      vertex 0 77.2485 68.3757
      vertex 3 77.2485 68.3757
    endloop
  endfacet
  facet normal 0 -0.995183 -0.0980358
    outer loop
      vertex 0 77.31 69
      vertex 3 77.2485 69.6243
      vertex 0 77.2485 69.6243
    endloop
  endfacet
  facet normal 0 -0.995183 -0.0980358
    outer loop
      vertex 3 77.2485 69.6243
      vertex 0 77.31 69
      vertex 3 77.31 69
    endloop
  endfacet
  facet normal -0 0.471407 0.881916
    outer loop
      vertex 0 72.8854 66.0436
      vertex 3 72.3322 66.3393
      vertex 3 72.8854 66.0436
    endloop
  endfacet
  facet normal 0 0.471407 0.881916
    outer loop
      vertex 3 72.3322 66.3393
      vertex 0 72.8854 66.0436
      vertex 0 72.3322 66.3393
    endloop
  endfacet
  facet normal 0 -0.0980358 0.995183
    outer loop
      vertex 0 74.7343 65.8615
      vertex 3 74.11 65.8
      vertex 3 74.7343 65.8615
    endloop
  endfacet
  facet normal 0 -0.0980358 0.995183
    outer loop
      vertex 3 74.11 65.8
      vertex 0 74.7343 65.8615
      vertex 0 74.11 65.8
    endloop
  endfacet
  facet normal 0 -0.95694 0.290286
    outer loop
      vertex 0 77.0664 67.7754
      vertex 3 77.2485 68.3757
      vertex 0 77.2485 68.3757
    endloop
  endfacet
  facet normal 0 -0.95694 0.290286
    outer loop
      vertex 3 77.2485 68.3757
      vertex 0 77.0664 67.7754
      vertex 3 77.0664 67.7754
    endloop
  endfacet
  facet normal 0 0.772969 0.634444
    outer loop
      vertex 3 71.8473 66.7373
      vertex 0 71.4493 67.2222
      vertex 3 71.4493 67.2222
    endloop
  endfacet
  facet normal 0 0.772969 0.634444
    outer loop
      vertex 0 71.4493 67.2222
      vertex 3 71.8473 66.7373
      vertex 0 71.8473 66.7373
    endloop
  endfacet
  facet normal 0 -0.290286 0.95694
    outer loop
      vertex 0 75.3346 66.0436
      vertex 3 74.7343 65.8615
      vertex 3 75.3346 66.0436
    endloop
  endfacet
  facet normal 0 -0.290286 0.95694
    outer loop
      vertex 3 74.7343 65.8615
      vertex 0 75.3346 66.0436
      vertex 0 74.7343 65.8615
    endloop
  endfacet
  facet normal 0 -0.95694 -0.290286
    outer loop
      vertex 0 77.2485 69.6243
      vertex 3 77.0664 70.2246
      vertex 0 77.0664 70.2246
    endloop
  endfacet
  facet normal 0 -0.95694 -0.290286
    outer loop
      vertex 3 77.0664 70.2246
      vertex 0 77.2485 69.6243
      vertex 3 77.2485 69.6243
    endloop
  endfacet
  facet normal 0 0.634444 -0.772969
    outer loop
      vertex 0 71.8473 71.2627
      vertex 3 72.3322 71.6607
      vertex 3 71.8473 71.2627
    endloop
  endfacet
  facet normal 0 0.634444 -0.772969
    outer loop
      vertex 3 72.3322 71.6607
      vertex 0 71.8473 71.2627
      vertex 0 72.3322 71.6607
    endloop
  endfacet
  facet normal 0 -0.772969 -0.634444
    outer loop
      vertex 0 76.7707 70.7778
      vertex 3 76.3727 71.2627
      vertex 0 76.3727 71.2627
    endloop
  endfacet
  facet normal 0 -0.772969 -0.634444
    outer loop
      vertex 3 76.3727 71.2627
      vertex 0 76.7707 70.7778
      vertex 3 76.7707 70.7778
    endloop
  endfacet
  facet normal 0 0.471407 -0.881916
    outer loop
      vertex 0 72.3322 71.6607
      vertex 3 72.8854 71.9564
      vertex 3 72.3322 71.6607
    endloop
  endfacet
  facet normal 0 0.471407 -0.881916
    outer loop
      vertex 3 72.8854 71.9564
      vertex 0 72.3322 71.6607
      vertex 0 72.8854 71.9564
    endloop
  endfacet
  facet normal 0 0.881916 0.471407
    outer loop
      vertex 3 71.4493 67.2222
      vertex 0 71.1536 67.7754
      vertex 3 71.1536 67.7754
    endloop
  endfacet
  facet normal 0 0.881916 0.471407
    outer loop
      vertex 0 71.1536 67.7754
      vertex 3 71.4493 67.2222
      vertex 0 71.4493 67.2222
    endloop
  endfacet
  facet normal 0 -0.471407 0.881916
    outer loop
      vertex 0 75.8878 66.3393
      vertex 3 75.3346 66.0436
      vertex 3 75.8878 66.3393
    endloop
  endfacet
  facet normal 0 -0.471407 0.881916
    outer loop
      vertex 3 75.3346 66.0436
      vertex 0 75.8878 66.3393
      vertex 0 75.3346 66.0436
    endloop
  endfacet
  facet normal 0 0.95694 -0.290286
    outer loop
      vertex 3 70.9715 69.6243
      vertex 0 71.1536 70.2246
      vertex 3 71.1536 70.2246
    endloop
  endfacet
  facet normal 0 0.95694 -0.290286
    outer loop
      vertex 0 71.1536 70.2246
      vertex 3 70.9715 69.6243
      vertex 0 70.9715 69.6243
    endloop
  endfacet
  facet normal 0 0.0980358 -0.995183
    outer loop
      vertex 0 73.4857 72.1385
      vertex 3 74.11 72.2
      vertex 3 73.4857 72.1385
    endloop
  endfacet
  facet normal 0 0.0980358 -0.995183
    outer loop
      vertex 3 74.11 72.2
      vertex 0 73.4857 72.1385
      vertex 0 74.11 72.2
    endloop
  endfacet
  facet normal 0 -0.881916 0.471407
    outer loop
      vertex 0 76.7707 67.2222
      vertex 3 77.0664 67.7754
      vertex 0 77.0664 67.7754
    endloop
  endfacet
  facet normal 0 -0.881916 0.471407
    outer loop
      vertex 3 77.0664 67.7754
      vertex 0 76.7707 67.2222
      vertex 3 76.7707 67.2222
    endloop
  endfacet
  facet normal -1 0 0
    outer loop
      vertex 3 75.81 69
      vertex 3 77.31 69
      vertex 3 77.2485 68.3757
    endloop
  endfacet
  facet normal -1 0 0
    outer loop
      vertex 3 75.7773 68.6684
      vertex 3 77.2485 68.3757
      vertex 3 77.0664 67.7754
    endloop
  endfacet
  facet normal -1 0 0
    outer loop
      vertex 3 77.31 69
      vertex 3 75.81 69
      vertex 3 77.2485 69.6243
    endloop
  endfacet
  facet normal -1 0 0
    outer loop
      vertex 3 75.6806 68.3494
      vertex 3 77.0664 67.7754
      vertex 3 76.7707 67.2222
    endloop
  endfacet
  facet normal -1 0 0
    outer loop
      vertex 3 75.7773 69.3316
      vertex 3 77.2485 69.6243
      vertex 3 75.81 69
    endloop
  endfacet
  facet normal -1 0 0
    outer loop
      vertex 3 75.5235 68.0555
      vertex 3 76.7707 67.2222
      vertex 3 76.3727 66.7373
    endloop
  endfacet
  facet normal -1 -0 0
    outer loop
      vertex 3 77.2485 69.6243
      vertex 3 75.7773 69.3316
      vertex 3 77.0664 70.2246
    endloop
  endfacet
  facet normal -1 0 0
    outer loop
      vertex 3 75.3121 67.7979
      vertex 3 76.3727 66.7373
      vertex 3 75.8878 66.3393
    endloop
  endfacet
  facet normal -1 0 0
    outer loop
      vertex 3 75.6806 69.6506
      vertex 3 77.0664 70.2246
      vertex 3 75.7773 69.3316
    endloop
  endfacet
  facet normal -1 -0 0
    outer loop
      vertex 3 77.0664 70.2246
      vertex 3 75.6806 69.6506
      vertex 3 76.7707 70.7778
    endloop
  endfacet
  facet normal -1 0 0
    outer loop
      vertex 3 77.2485 68.3757
      vertex 3 75.7773 68.6684
      vertex 3 75.81 69
    endloop
  endfacet
  facet normal -1 0 0
    outer loop
      vertex 3 77.0664 67.7754
      vertex 3 75.6806 68.3494
      vertex 3 75.7773 68.6684
    endloop
  endfacet
  facet normal -1 0 0
    outer loop
      vertex 3 76.7707 67.2222
      vertex 3 75.5235 68.0555
      vertex 3 75.6806 68.3494
    endloop
  endfacet
  facet normal -1 0 0
    outer loop
      vertex 3 75.0545 67.5865
      vertex 3 75.8878 66.3393
      vertex 3 75.3346 66.0436
    endloop
  endfacet
  facet normal -1 0 0
    outer loop
      vertex 3 76.3727 66.7373
      vertex 3 75.3121 67.7979
      vertex 3 75.5235 68.0555
    endloop
  endfacet
  facet normal -1 0 0
    outer loop
      vertex 3 75.8878 66.3393
      vertex 3 75.0545 67.5865
      vertex 3 75.3121 67.7979
    endloop
  endfacet
  facet normal -1 0 0
    outer loop
      vertex 3 75.3346 66.0436
      vertex 3 74.7606 67.4294
      vertex 3 75.0545 67.5865
    endloop
  endfacet
  facet normal -1 0 0
    outer loop
      vertex 3 74.7343 65.8615
      vertex 3 74.7606 67.4294
      vertex 3 75.3346 66.0436
    endloop
  endfacet
  facet normal -1 0 0
    outer loop
      vertex 3 74.7343 65.8615
      vertex 3 74.4417 67.3327
      vertex 3 74.7606 67.4294
    endloop
  endfacet
  facet normal -1 0 0
    outer loop
      vertex 3 74.11 65.8
      vertex 3 74.4417 67.3327
      vertex 3 74.7343 65.8615
    endloop
  endfacet
  facet normal -1 0 0
    outer loop
      vertex 3 74.11 65.8
      vertex 3 74.11 67.3
      vertex 3 74.4417 67.3327
    endloop
  endfacet
  facet normal -1 0 0
    outer loop
      vertex 3 74.11 65.8
      vertex 3 73.7784 67.3327
      vertex 3 74.11 67.3
    endloop
  endfacet
  facet normal -1 0 0
    outer loop
      vertex 3 73.4857 65.8615
      vertex 3 73.7784 67.3327
      vertex 3 74.11 65.8
    endloop
  endfacet
  facet normal -1 0 0
    outer loop
      vertex 3 73.4857 65.8615
      vertex 3 73.4594 67.4294
      vertex 3 73.7784 67.3327
    endloop
  endfacet
  facet normal -1 0 0
    outer loop
      vertex 3 72.8854 66.0436
      vertex 3 73.4594 67.4294
      vertex 3 73.4857 65.8615
    endloop
  endfacet
  facet normal -1 -0 0
    outer loop
      vertex 3 73.4594 67.4294
      vertex 3 72.8854 66.0436
      vertex 3 73.1655 67.5865
    endloop
  endfacet
  facet normal -1 0 0
    outer loop
      vertex 3 72.3322 66.3393
      vertex 3 73.1655 67.5865
      vertex 3 72.8854 66.0436
    endloop
  endfacet
  facet normal -1 -0 0
    outer loop
      vertex 3 73.1655 67.5865
      vertex 3 72.3322 66.3393
      vertex 3 72.9079 67.7979
    endloop
  endfacet
  facet normal -1 0 0
    outer loop
      vertex 3 71.8473 66.7373
      vertex 3 72.9079 67.7979
      vertex 3 72.3322 66.3393
    endloop
  endfacet
  facet normal -1 -0 0
    outer loop
      vertex 3 72.9079 67.7979
      vertex 3 71.8473 66.7373
      vertex 3 72.6965 68.0555
    endloop
  endfacet
  facet normal -1 -0 0
    outer loop
      vertex 3 72.6965 68.0555
      vertex 3 71.4493 67.2222
      vertex 3 72.5394 68.3494
    endloop
  endfacet
  facet normal -1 0 0
    outer loop
      vertex 3 71.4493 67.2222
      vertex 3 72.6965 68.0555
      vertex 3 71.8473 66.7373
    endloop
  endfacet
  facet normal -1 0 0
    outer loop
      vertex 3 75.5235 69.9445
      vertex 3 76.7707 70.7778
      vertex 3 75.6806 69.6506
    endloop
  endfacet
  facet normal -1 -0 0
    outer loop
      vertex 3 76.7707 70.7778
      vertex 3 75.5235 69.9445
      vertex 3 76.3727 71.2627
    endloop
  endfacet
  facet normal -1 0 0
    outer loop
      vertex 3 75.3121 70.2021
      vertex 3 76.3727 71.2627
      vertex 3 75.5235 69.9445
    endloop
  endfacet
  facet normal -1 -0 0
    outer loop
      vertex 3 76.3727 71.2627
      vertex 3 75.3121 70.2021
      vertex 3 75.8878 71.6607
    endloop
  endfacet
  facet normal -1 0 0
    outer loop
      vertex 3 75.0545 70.4135
      vertex 3 75.8878 71.6607
      vertex 3 75.3121 70.2021
    endloop
  endfacet
  facet normal -1 -0 0
    outer loop
      vertex 3 75.8878 71.6607
      vertex 3 75.0545 70.4135
      vertex 3 75.3346 71.9564
    endloop
  endfacet
  facet normal -1 0 0
    outer loop
      vertex 3 74.7606 70.5706
      vertex 3 75.3346 71.9564
      vertex 3 75.0545 70.4135
    endloop
  endfacet
  facet normal -1 0 0
    outer loop
      vertex 3 74.7606 70.5706
      vertex 3 74.7343 72.1385
      vertex 3 75.3346 71.9564
    endloop
  endfacet
  facet normal -1 0 0
    outer loop
      vertex 3 74.4417 70.6673
      vertex 3 74.7343 72.1385
      vertex 3 74.7606 70.5706
    endloop
  endfacet
  facet normal -1 0 0
    outer loop
      vertex 3 74.11 70.7
      vertex 3 74.7343 72.1385
      vertex 3 74.4417 70.6673
    endloop
  endfacet
  facet normal -1 0 0
    outer loop
      vertex 3 74.11 70.7
      vertex 3 74.11 72.2
      vertex 3 74.7343 72.1385
    endloop
  endfacet
  facet normal -1 0 0
    outer loop
      vertex 3 73.7784 70.6673
      vertex 3 74.11 72.2
      vertex 3 74.11 70.7
    endloop
  endfacet
  facet normal -1 0 0
    outer loop
      vertex 3 73.7784 70.6673
      vertex 3 73.4857 72.1385
      vertex 3 74.11 72.2
    endloop
  endfacet
  facet normal -1 0 0
    outer loop
      vertex 3 73.4594 70.5706
      vertex 3 73.4857 72.1385
      vertex 3 73.7784 70.6673
    endloop
  endfacet
  facet normal -1 0 0
    outer loop
      vertex 3 72.8854 71.9564
      vertex 3 73.4594 70.5706
      vertex 3 73.1655 70.4135
    endloop
  endfacet
  facet normal -1 0 0
    outer loop
      vertex 3 72.3322 71.6607
      vertex 3 73.1655 70.4135
      vertex 3 72.9079 70.2021
    endloop
  endfacet
  facet normal -1 0 0
    outer loop
      vertex 3 73.4594 70.5706
      vertex 3 72.8854 71.9564
      vertex 3 73.4857 72.1385
    endloop
  endfacet
  facet normal -1 0 0
    outer loop
      vertex 3 71.8473 71.2627
      vertex 3 72.9079 70.2021
      vertex 3 72.6965 69.9445
    endloop
  endfacet
  facet normal -1 0 0
    outer loop
      vertex 3 71.4493 70.7778
      vertex 3 72.6965 69.9445
      vertex 3 72.5394 69.6506
    endloop
  endfacet
  facet normal -1 0 0
    outer loop
      vertex 3 71.1536 70.2246
      vertex 3 72.5394 69.6506
      vertex 3 72.4427 69.3316
    endloop
  endfacet
  facet normal -1 0 0
    outer loop
      vertex 3 73.1655 70.4135
      vertex 3 72.3322 71.6607
      vertex 3 72.8854 71.9564
    endloop
  endfacet
  facet normal -1 0 0
    outer loop
      vertex 3 70.9715 69.6243
      vertex 3 72.4427 69.3316
      vertex 3 72.41 69
    endloop
  endfacet
  facet normal -1 0 0
    outer loop
      vertex 3 71.1536 67.7754
      vertex 3 72.5394 68.3494
      vertex 3 71.4493 67.2222
    endloop
  endfacet
  facet normal -1 -0 0
    outer loop
      vertex 3 72.5394 68.3494
      vertex 3 71.1536 67.7754
      vertex 3 72.4427 68.6684
    endloop
  endfacet
  facet normal -1 0 0
    outer loop
      vertex 3 72.9079 70.2021
      vertex 3 71.8473 71.2627
      vertex 3 72.3322 71.6607
    endloop
  endfacet
  facet normal -1 0 0
    outer loop
      vertex 3 70.9715 68.3757
      vertex 3 72.4427 68.6684
      vertex 3 71.1536 67.7754
    endloop
  endfacet
  facet normal -1 0 0
    outer loop
      vertex 3 72.6965 69.9445
      vertex 3 71.4493 70.7778
      vertex 3 71.8473 71.2627
    endloop
  endfacet
  facet normal -1 -0 0
    outer loop
      vertex 3 72.4427 68.6684
      vertex 3 70.9715 68.3757
      vertex 3 72.41 69
    endloop
  endfacet
  facet normal -1 0 0
    outer loop
      vertex 3 72.5394 69.6506
      vertex 3 71.1536 70.2246
      vertex 3 71.4493 70.7778
    endloop
  endfacet
  facet normal -1 0 0
    outer loop
      vertex 3 70.91 69
      vertex 3 72.41 69
      vertex 3 70.9715 68.3757
    endloop
  endfacet
  facet normal -1 0 0
    outer loop
      vertex 3 72.4427 69.3316
      vertex 3 70.9715 69.6243
      vertex 3 71.1536 70.2246
    endloop
  endfacet
  facet normal -1 0 0
    outer loop
      vertex 3 72.41 69
      vertex 3 70.91 69
      vertex 3 70.9715 69.6243
    endloop
  endfacet
  facet normal 0 -0.634444 -0.772969
    outer loop
      vertex 0 75.8878 71.6607
      vertex 3 76.3727 71.2627
      vertex 3 75.8878 71.6607
    endloop
  endfacet
  facet normal -0 -0.634444 -0.772969
    outer loop
      vertex 3 76.3727 71.2627
      vertex 0 75.8878 71.6607
      vertex 0 76.3727 71.2627
    endloop
  endfacet
  facet normal 0 -0.634444 0.772969
    outer loop
      vertex 0 76.3727 66.7373
      vertex 3 75.8878 66.3393
      vertex 3 76.3727 66.7373
    endloop
  endfacet
  facet normal 0 -0.634444 0.772969
    outer loop
      vertex 3 75.8878 66.3393
      vertex 0 76.3727 66.7373
      vertex 0 75.8878 66.3393
    endloop
  endfacet
  facet normal 0 -0.471407 -0.881916
    outer loop
      vertex 0 75.3346 71.9564
      vertex 3 75.8878 71.6607
      vertex 3 75.3346 71.9564
    endloop
  endfacet
  facet normal -0 -0.471407 -0.881916
    outer loop
      vertex 3 75.8878 71.6607
      vertex 0 75.3346 71.9564
      vertex 0 75.8878 71.6607
    endloop
  endfacet
  facet normal 0 0.95694 0.290286
    outer loop
      vertex 3 71.1536 67.7754
      vertex 0 70.9715 68.3757
      vertex 3 70.9715 68.3757
    endloop
  endfacet
  facet normal 0 0.95694 0.290286
    outer loop
      vertex 0 70.9715 68.3757
      vertex 3 71.1536 67.7754
      vertex 0 71.1536 67.7754
    endloop
  endfacet
  facet normal 0 0.881916 -0.471407
    outer loop
      vertex 3 71.1536 70.2246
      vertex 0 71.4493 70.7778
      vertex 3 71.4493 70.7778
    endloop
  endfacet
  facet normal 0 0.881916 -0.471407
    outer loop
      vertex 0 71.4493 70.7778
      vertex 3 71.1536 70.2246
      vertex 0 71.1536 70.2246
    endloop
  endfacet
  facet normal 0 0.772969 -0.634444
    outer loop
      vertex 3 71.4493 70.7778
      vertex 0 71.8473 71.2627
      vertex 3 71.8473 71.2627
    endloop
  endfacet
  facet normal 0 0.772969 -0.634444
    outer loop
      vertex 0 71.8473 71.2627
      vertex 3 71.4493 70.7778
      vertex 0 71.4493 70.7778
    endloop
  endfacet
  facet normal -0 0.0980358 0.995183
    outer loop
      vertex 0 74.11 65.8
      vertex 3 73.4857 65.8615
      vertex 3 74.11 65.8
    endloop
  endfacet
  facet normal 0 0.0980358 0.995183
    outer loop
      vertex 3 73.4857 65.8615
      vertex 0 74.11 65.8
      vertex 0 73.4857 65.8615
    endloop
  endfacet
  facet normal 0 -0.0980358 -0.995183
    outer loop
      vertex 0 74.11 72.2
      vertex 3 74.7343 72.1385
      vertex 3 74.11 72.2
    endloop
  endfacet
  facet normal -0 -0.0980358 -0.995183
    outer loop
      vertex 3 74.7343 72.1385
      vertex 0 74.11 72.2
      vertex 0 74.7343 72.1385
    endloop
  endfacet
  facet normal 0 0.995183 -0.0980358
    outer loop
      vertex 3 70.91 69
      vertex 0 70.9715 69.6243
      vertex 3 70.9715 69.6243
    endloop
  endfacet
  facet normal 0 0.995183 -0.0980358
    outer loop
      vertex 0 70.9715 69.6243
      vertex 3 70.91 69
      vertex 0 70.91 69
    endloop
  endfacet
  facet normal -0 0.290286 0.95694
    outer loop
      vertex 0 73.4857 65.8615
      vertex 3 72.8854 66.0436
      vertex 3 73.4857 65.8615
    endloop
  endfacet
  facet normal 0 0.290286 0.95694
    outer loop
      vertex 3 72.8854 66.0436
      vertex 0 73.4857 65.8615
      vertex 0 72.8854 66.0436
    endloop
  endfacet
  facet normal 0 0.995183 0.0980358
    outer loop
      vertex 3 70.9715 68.3757
      vertex 0 70.91 69
      vertex 3 70.91 69
    endloop
  endfacet
  facet normal 0 0.995183 0.0980358
    outer loop
      vertex 0 70.91 69
      vertex 3 70.9715 68.3757
      vertex 0 70.9715 68.3757
    endloop
  endfacet
  facet normal 0 -0.0981075 0.995176
    outer loop
      vertex 3 29.9917 67.3327
      vertex 6 29.66 67.3
      vertex 6 29.9917 67.3327
    endloop
  endfacet
  facet normal 0 -0.0981075 0.995176
    outer loop
      vertex 6 29.66 67.3
      vertex 3 29.9917 67.3327
      vertex 3 29.66 67.3
    endloop
  endfacet
  facet normal 0 -0.881912 -0.471413
    outer loop
      vertex 3 31.2306 69.6506
      vertex 6 31.0735 69.9445
      vertex 3 31.0735 69.9445
    endloop
  endfacet
  facet normal 0 -0.881912 -0.471413
    outer loop
      vertex 6 31.0735 69.9445
      vertex 3 31.2306 69.6506
      vertex 6 31.2306 69.6506
    endloop
  endfacet
  facet normal 0 -0.995173 0.0981368
    outer loop
      vertex 3 31.3273 68.6684
      vertex 6 31.36 69
      vertex 3 31.36 69
    endloop
  endfacet
  facet normal 0 -0.995173 0.0981368
    outer loop
      vertex 6 31.36 69
      vertex 3 31.3273 68.6684
      vertex 6 31.3273 68.6684
    endloop
  endfacet
  facet normal 0 0.634381 -0.773021
    outer loop
      vertex 3 28.4579 70.2021
      vertex 6 28.7155 70.4135
      vertex 6 28.4579 70.2021
    endloop
  endfacet
  facet normal 0 0.634381 -0.773021
    outer loop
      vertex 6 28.7155 70.4135
      vertex 3 28.4579 70.2021
      vertex 3 28.7155 70.4135
    endloop
  endfacet
  facet normal 0 0.471413 -0.881912
    outer loop
      vertex 3 28.7155 70.4135
      vertex 6 29.0094 70.5706
      vertex 6 28.7155 70.4135
    endloop
  endfacet
  facet normal 0 0.471413 -0.881912
    outer loop
      vertex 6 29.0094 70.5706
      vertex 3 28.7155 70.4135
      vertex 3 29.0094 70.5706
    endloop
  endfacet
  facet normal 0 -0.995173 -0.0981368
    outer loop
      vertex 3 31.36 69
      vertex 6 31.3273 69.3316
      vertex 3 31.3273 69.3316
    endloop
  endfacet
  facet normal 0 -0.995173 -0.0981368
    outer loop
      vertex 6 31.3273 69.3316
      vertex 3 31.36 69
      vertex 6 31.36 69
    endloop
  endfacet
  facet normal 0 0.773021 0.634381
    outer loop
      vertex 6 28.4579 67.7979
      vertex 3 28.2465 68.0555
      vertex 6 28.2465 68.0555
    endloop
  endfacet
  facet normal 0 0.773021 0.634381
    outer loop
      vertex 3 28.2465 68.0555
      vertex 6 28.4579 67.7979
      vertex 3 28.4579 67.7979
    endloop
  endfacet
  facet normal -0 0.634381 0.773021
    outer loop
      vertex 3 28.7155 67.5865
      vertex 6 28.4579 67.7979
      vertex 6 28.7155 67.5865
    endloop
  endfacet
  facet normal 0 0.634381 0.773021
    outer loop
      vertex 6 28.4579 67.7979
      vertex 3 28.7155 67.5865
      vertex 3 28.4579 67.7979
    endloop
  endfacet
  facet normal 0 -0.634381 0.773021
    outer loop
      vertex 3 30.8621 67.7979
      vertex 6 30.6045 67.5865
      vertex 6 30.8621 67.7979
    endloop
  endfacet
  facet normal 0 -0.634381 0.773021
    outer loop
      vertex 6 30.6045 67.5865
      vertex 3 30.8621 67.7979
      vertex 3 30.6045 67.5865
    endloop
  endfacet
  facet normal 0 0.956997 -0.290099
    outer loop
      vertex 6 27.9927 69.3316
      vertex 3 28.0894 69.6506
      vertex 6 28.0894 69.6506
    endloop
  endfacet
  facet normal 0 0.956997 -0.290099
    outer loop
      vertex 3 28.0894 69.6506
      vertex 6 27.9927 69.3316
      vertex 3 27.9927 69.3316
    endloop
  endfacet
  facet normal 0 -0.0981075 -0.995176
    outer loop
      vertex 3 29.66 70.7
      vertex 6 29.9917 70.6673
      vertex 6 29.66 70.7
    endloop
  endfacet
  facet normal -0 -0.0981075 -0.995176
    outer loop
      vertex 6 29.9917 70.6673
      vertex 3 29.66 70.7
      vertex 3 29.9917 70.6673
    endloop
  endfacet
  facet normal 0 -0.290182 0.956971
    outer loop
      vertex 3 30.3106 67.4294
      vertex 6 29.9917 67.3327
      vertex 6 30.3106 67.4294
    endloop
  endfacet
  facet normal 0 -0.290182 0.956971
    outer loop
      vertex 6 29.9917 67.3327
      vertex 3 30.3106 67.4294
      vertex 3 29.9917 67.3327
    endloop
  endfacet
  facet normal 0 0.290182 -0.956971
    outer loop
      vertex 3 29.0094 70.5706
      vertex 6 29.3283 70.6673
      vertex 6 29.0094 70.5706
    endloop
  endfacet
  facet normal 0 0.290182 -0.956971
    outer loop
      vertex 6 29.3283 70.6673
      vertex 3 29.0094 70.5706
      vertex 3 29.3283 70.6673
    endloop
  endfacet
  facet normal 0 0.773021 -0.634381
    outer loop
      vertex 6 28.2465 69.9445
      vertex 3 28.4579 70.2021
      vertex 6 28.4579 70.2021
    endloop
  endfacet
  facet normal 0 0.773021 -0.634381
    outer loop
      vertex 3 28.4579 70.2021
      vertex 6 28.2465 69.9445
      vertex 3 28.2465 69.9445
    endloop
  endfacet
  facet normal 0 -0.956997 0.290099
    outer loop
      vertex 3 31.2306 68.3494
      vertex 6 31.3273 68.6684
      vertex 3 31.3273 68.6684
    endloop
  endfacet
  facet normal 0 -0.956997 0.290099
    outer loop
      vertex 6 31.3273 68.6684
      vertex 3 31.2306 68.3494
      vertex 6 31.2306 68.3494
    endloop
  endfacet
  facet normal 0 0.881912 0.471413
    outer loop
      vertex 6 28.2465 68.0555
      vertex 3 28.0894 68.3494
      vertex 6 28.0894 68.3494
    endloop
  endfacet
  facet normal 0 0.881912 0.471413
    outer loop
      vertex 3 28.0894 68.3494
      vertex 6 28.2465 68.0555
      vertex 3 28.2465 68.0555
    endloop
  endfacet
  facet normal 0 -0.773021 -0.634381
    outer loop
      vertex 3 31.0735 69.9445
      vertex 6 30.8621 70.2021
      vertex 3 30.8621 70.2021
    endloop
  endfacet
  facet normal 0 -0.773021 -0.634381
    outer loop
      vertex 6 30.8621 70.2021
      vertex 3 31.0735 69.9445
      vertex 6 31.0735 69.9445
    endloop
  endfacet
  facet normal 0 -0.471413 -0.881912
    outer loop
      vertex 3 30.3106 70.5706
      vertex 6 30.6045 70.4135
      vertex 6 30.3106 70.5706
    endloop
  endfacet
  facet normal -0 -0.471413 -0.881912
    outer loop
      vertex 6 30.6045 70.4135
      vertex 3 30.3106 70.5706
      vertex 3 30.6045 70.4135
    endloop
  endfacet
  facet normal 0 -0.956997 -0.290099
    outer loop
      vertex 3 31.3273 69.3316
      vertex 6 31.2306 69.6506
      vertex 3 31.2306 69.6506
    endloop
  endfacet
  facet normal 0 -0.956997 -0.290099
    outer loop
      vertex 6 31.2306 69.6506
      vertex 3 31.3273 69.3316
      vertex 6 31.3273 69.3316
    endloop
  endfacet
  facet normal 0 0.956997 0.290099
    outer loop
      vertex 6 28.0894 68.3494
      vertex 3 27.9927 68.6684
      vertex 6 27.9927 68.6684
    endloop
  endfacet
  facet normal 0 0.956997 0.290099
    outer loop
      vertex 3 27.9927 68.6684
      vertex 6 28.0894 68.3494
      vertex 3 28.0894 68.3494
    endloop
  endfacet
  facet normal -0 0.471413 0.881912
    outer loop
      vertex 3 29.0094 67.4294
      vertex 6 28.7155 67.5865
      vertex 6 29.0094 67.4294
    endloop
  endfacet
  facet normal 0 0.471413 0.881912
    outer loop
      vertex 6 28.7155 67.5865
      vertex 3 29.0094 67.4294
      vertex 3 28.7155 67.5865
    endloop
  endfacet
  facet normal 0 -0.634381 -0.773021
    outer loop
      vertex 3 30.6045 70.4135
      vertex 6 30.8621 70.2021
      vertex 6 30.6045 70.4135
    endloop
  endfacet
  facet normal -0 -0.634381 -0.773021
    outer loop
      vertex 6 30.8621 70.2021
      vertex 3 30.6045 70.4135
      vertex 3 30.8621 70.2021
    endloop
  endfacet
  facet normal 0 -0.290182 -0.956971
    outer loop
      vertex 3 29.9917 70.6673
      vertex 6 30.3106 70.5706
      vertex 6 29.9917 70.6673
    endloop
  endfacet
  facet normal -0 -0.290182 -0.956971
    outer loop
      vertex 6 30.3106 70.5706
      vertex 3 29.9917 70.6673
      vertex 3 30.3106 70.5706
    endloop
  endfacet
  facet normal 0 -0.471413 0.881912
    outer loop
      vertex 3 30.6045 67.5865
      vertex 6 30.3106 67.4294
      vertex 6 30.6045 67.5865
    endloop
  endfacet
  facet normal 0 -0.471413 0.881912
    outer loop
      vertex 6 30.3106 67.4294
      vertex 3 30.6045 67.5865
      vertex 3 30.3106 67.4294
    endloop
  endfacet
  facet normal 0 -0.881912 0.471413
    outer loop
      vertex 3 31.0735 68.0555
      vertex 6 31.2306 68.3494
      vertex 3 31.2306 68.3494
    endloop
  endfacet
  facet normal 0 -0.881912 0.471413
    outer loop
      vertex 6 31.2306 68.3494
      vertex 3 31.0735 68.0555
      vertex 6 31.0735 68.0555
    endloop
  endfacet
  facet normal 0 0.0981075 -0.995176
    outer loop
      vertex 3 29.3283 70.6673
      vertex 6 29.66 70.7
      vertex 6 29.3283 70.6673
    endloop
  endfacet
  facet normal 0 0.0981075 -0.995176
    outer loop
      vertex 6 29.66 70.7
      vertex 3 29.3283 70.6673
      vertex 3 29.66 70.7
    endloop
  endfacet
  facet normal 0 0.881912 -0.471413
    outer loop
      vertex 6 28.0894 69.6506
      vertex 3 28.2465 69.9445
      vertex 6 28.2465 69.9445
    endloop
  endfacet
  facet normal 0 0.881912 -0.471413
    outer loop
      vertex 3 28.2465 69.9445
      vertex 6 28.0894 69.6506
      vertex 3 28.0894 69.6506
    endloop
  endfacet
  facet normal 0 0.995173 0.0981368
    outer loop
      vertex 6 27.9927 68.6684
      vertex 3 27.96 69
      vertex 6 27.96 69
    endloop
  endfacet
  facet normal 0 0.995173 0.0981368
    outer loop
      vertex 3 27.96 69
      vertex 6 27.9927 68.6684
      vertex 3 27.9927 68.6684
    endloop
  endfacet
  facet normal -0 0.0981075 0.995176
    outer loop
      vertex 3 29.66 67.3
      vertex 6 29.3283 67.3327
      vertex 6 29.66 67.3
    endloop
  endfacet
  facet normal 0 0.0981075 0.995176
    outer loop
      vertex 6 29.3283 67.3327
      vertex 3 29.66 67.3
      vertex 3 29.3283 67.3327
    endloop
  endfacet
  facet normal 0 -0.773021 0.634381
    outer loop
      vertex 3 30.8621 67.7979
      vertex 6 31.0735 68.0555
      vertex 3 31.0735 68.0555
    endloop
  endfacet
  facet normal 0 -0.773021 0.634381
    outer loop
      vertex 6 31.0735 68.0555
      vertex 3 30.8621 67.7979
      vertex 6 30.8621 67.7979
    endloop
  endfacet
  facet normal 0 0.995173 -0.0981368
    outer loop
      vertex 6 27.96 69
      vertex 3 27.9927 69.3316
      vertex 6 27.9927 69.3316
    endloop
  endfacet
  facet normal 0 0.995173 -0.0981368
    outer loop
      vertex 3 27.9927 69.3316
      vertex 6 27.96 69
      vertex 3 27.96 69
    endloop
  endfacet
  facet normal -0 0.290182 0.956971
    outer loop
      vertex 3 29.3283 67.3327
      vertex 6 29.0094 67.4294
      vertex 6 29.3283 67.3327
    endloop
  endfacet
  facet normal 0 0.290182 0.956971
    outer loop
      vertex 6 29.0094 67.4294
      vertex 3 29.3283 67.3327
      vertex 3 29.0094 67.4294
    endloop
  endfacet
  facet normal 0 -0.0980358 0.995183
    outer loop
      vertex 0 30.2843 65.8615
      vertex 3 29.66 65.8
      vertex 3 30.2843 65.8615
    endloop
  endfacet
  facet normal 0 -0.0980358 0.995183
    outer loop
      vertex 3 29.66 65.8
      vertex 0 30.2843 65.8615
      vertex 0 29.66 65.8
    endloop
  endfacet
  facet normal 0 -0.95694 -0.290286
    outer loop
      vertex 0 32.7985 69.6243
      vertex 3 32.6164 70.2246
      vertex 0 32.6164 70.2246
    endloop
  endfacet
  facet normal 0 -0.95694 -0.290286
    outer loop
      vertex 3 32.6164 70.2246
      vertex 0 32.7985 69.6243
      vertex 3 32.7985 69.6243
    endloop
  endfacet
  facet normal 0 -0.881916 -0.471407
    outer loop
      vertex 0 32.6164 70.2246
      vertex 3 32.3207 70.7778
      vertex 0 32.3207 70.7778
    endloop
  endfacet
  facet normal 0 -0.881916 -0.471407
    outer loop
      vertex 3 32.3207 70.7778
      vertex 0 32.6164 70.2246
      vertex 3 32.6164 70.2246
    endloop
  endfacet
  facet normal 0 0.95694 -0.290286
    outer loop
      vertex 3 26.5215 69.6243
      vertex 0 26.7036 70.2246
      vertex 3 26.7036 70.2246
    endloop
  endfacet
  facet normal 0 0.95694 -0.290286
    outer loop
      vertex 0 26.7036 70.2246
      vertex 3 26.5215 69.6243
      vertex 0 26.5215 69.6243
    endloop
  endfacet
  facet normal 0 -0.995183 -0.0980358
    outer loop
      vertex 0 32.86 69
      vertex 3 32.7985 69.6243
      vertex 0 32.7985 69.6243
    endloop
  endfacet
  facet normal 0 -0.995183 -0.0980358
    outer loop
      vertex 3 32.7985 69.6243
      vertex 0 32.86 69
      vertex 3 32.86 69
    endloop
  endfacet
  facet normal 0 -0.634444 -0.772969
    outer loop
      vertex 0 31.4378 71.6607
      vertex 3 31.9227 71.2627
      vertex 3 31.4378 71.6607
    endloop
  endfacet
  facet normal -0 -0.634444 -0.772969
    outer loop
      vertex 3 31.9227 71.2627
      vertex 0 31.4378 71.6607
      vertex 0 31.9227 71.2627
    endloop
  endfacet
  facet normal 0 -0.95694 0.290286
    outer loop
      vertex 0 32.6164 67.7754
      vertex 3 32.7985 68.3757
      vertex 0 32.7985 68.3757
    endloop
  endfacet
  facet normal 0 -0.95694 0.290286
    outer loop
      vertex 3 32.7985 68.3757
      vertex 0 32.6164 67.7754
      vertex 3 32.6164 67.7754
    endloop
  endfacet
  facet normal -0 0.290286 0.95694
    outer loop
      vertex 0 29.0357 65.8615
      vertex 3 28.4354 66.0436
      vertex 3 29.0357 65.8615
    endloop
  endfacet
  facet normal 0 0.290286 0.95694
    outer loop
      vertex 3 28.4354 66.0436
      vertex 0 29.0357 65.8615
      vertex 0 28.4354 66.0436
    endloop
  endfacet
  facet normal 0 -0.881916 0.471407
    outer loop
      vertex 0 32.3207 67.2222
      vertex 3 32.6164 67.7754
      vertex 0 32.6164 67.7754
    endloop
  endfacet
  facet normal 0 -0.881916 0.471407
    outer loop
      vertex 3 32.6164 67.7754
      vertex 0 32.3207 67.2222
      vertex 3 32.3207 67.2222
    endloop
  endfacet
  facet normal -1 0 0
    outer loop
      vertex 3 31.36 69
      vertex 3 32.86 69
      vertex 3 32.7985 68.3757
    endloop
  endfacet
  facet normal -1 0 0
    outer loop
      vertex 3 31.3273 68.6684
      vertex 3 32.7985 68.3757
      vertex 3 32.6164 67.7754
    endloop
  endfacet
  facet normal -1 0 0
    outer loop
      vertex 3 32.86 69
      vertex 3 31.36 69
      vertex 3 32.7985 69.6243
    endloop
  endfacet
  facet normal -1 0 0
    outer loop
      vertex 3 31.2306 68.3494
      vertex 3 32.6164 67.7754
      vertex 3 32.3207 67.2222
    endloop
  endfacet
  facet normal -1 0 0
    outer loop
      vertex 3 31.3273 69.3316
      vertex 3 32.7985 69.6243
      vertex 3 31.36 69
    endloop
  endfacet
  facet normal -1 0 0
    outer loop
      vertex 3 31.0735 68.0555
      vertex 3 32.3207 67.2222
      vertex 3 31.9227 66.7373
    endloop
  endfacet
  facet normal -1 -0 0
    outer loop
      vertex 3 32.7985 69.6243
      vertex 3 31.3273 69.3316
      vertex 3 32.6164 70.2246
    endloop
  endfacet
  facet normal -1 0 0
    outer loop
      vertex 3 30.8621 67.7979
      vertex 3 31.9227 66.7373
      vertex 3 31.4378 66.3393
    endloop
  endfacet
  facet normal -1 0 0
    outer loop
      vertex 3 31.2306 69.6506
      vertex 3 32.6164 70.2246
      vertex 3 31.3273 69.3316
    endloop
  endfacet
  facet normal -1 -0 0
    outer loop
      vertex 3 32.6164 70.2246
      vertex 3 31.2306 69.6506
      vertex 3 32.3207 70.7778
    endloop
  endfacet
  facet normal -1 0 0
    outer loop
      vertex 3 32.7985 68.3757
      vertex 3 31.3273 68.6684
      vertex 3 31.36 69
    endloop
  endfacet
  facet normal -1 0 0
    outer loop
      vertex 3 32.6164 67.7754
      vertex 3 31.2306 68.3494
      vertex 3 31.3273 68.6684
    endloop
  endfacet
  facet normal -1 0 0
    outer loop
      vertex 3 32.3207 67.2222
      vertex 3 31.0735 68.0555
      vertex 3 31.2306 68.3494
    endloop
  endfacet
  facet normal -1 0 0
    outer loop
      vertex 3 30.6045 67.5865
      vertex 3 31.4378 66.3393
      vertex 3 30.8846 66.0436
    endloop
  endfacet
  facet normal -1 0 0
    outer loop
      vertex 3 31.9227 66.7373
      vertex 3 30.8621 67.7979
      vertex 3 31.0735 68.0555
    endloop
  endfacet
  facet normal -1 0 0
    outer loop
      vertex 3 31.4378 66.3393
      vertex 3 30.6045 67.5865
      vertex 3 30.8621 67.7979
    endloop
  endfacet
  facet normal -1 0 0
    outer loop
      vertex 3 30.8846 66.0436
      vertex 3 30.3106 67.4294
      vertex 3 30.6045 67.5865
    endloop
  endfacet
  facet normal -1 0 0
    outer loop
      vertex 3 30.2843 65.8615
      vertex 3 30.3106 67.4294
      vertex 3 30.8846 66.0436
    endloop
  endfacet
  facet normal -1 0 0
    outer loop
      vertex 3 30.2843 65.8615
      vertex 3 29.9917 67.3327
      vertex 3 30.3106 67.4294
    endloop
  endfacet
  facet normal -1 0 0
    outer loop
      vertex 3 29.66 65.8
      vertex 3 29.9917 67.3327
      vertex 3 30.2843 65.8615
    endloop
  endfacet
  facet normal -1 0 0
    outer loop
      vertex 3 29.66 65.8
      vertex 3 29.66 67.3
      vertex 3 29.9917 67.3327
    endloop
  endfacet
  facet normal -1 0 0
    outer loop
      vertex 3 29.66 65.8
      vertex 3 29.3283 67.3327
      vertex 3 29.66 67.3
    endloop
  endfacet
  facet normal -1 0 0
    outer loop
      vertex 3 29.0357 65.8615
      vertex 3 29.3283 67.3327
      vertex 3 29.66 65.8
    endloop
  endfacet
  facet normal -1 0 0
    outer loop
      vertex 3 29.0357 65.8615
      vertex 3 29.0094 67.4294
      vertex 3 29.3283 67.3327
    endloop
  endfacet
  facet normal -1 0 0
    outer loop
      vertex 3 28.4354 66.0436
      vertex 3 29.0094 67.4294
      vertex 3 29.0357 65.8615
    endloop
  endfacet
  facet normal -1 -0 0
    outer loop
      vertex 3 29.0094 67.4294
      vertex 3 28.4354 66.0436
      vertex 3 28.7155 67.5865
    endloop
  endfacet
  facet normal -1 0 0
    outer loop
      vertex 3 27.8822 66.3393
      vertex 3 28.7155 67.5865
      vertex 3 28.4354 66.0436
    endloop
  endfacet
  facet normal -1 -0 0
    outer loop
      vertex 3 28.7155 67.5865
      vertex 3 27.8822 66.3393
      vertex 3 28.4579 67.7979
    endloop
  endfacet
  facet normal -1 0 0
    outer loop
      vertex 3 27.3973 66.7373
      vertex 3 28.4579 67.7979
      vertex 3 27.8822 66.3393
    endloop
  endfacet
  facet normal -1 -0 0
    outer loop
      vertex 3 28.4579 67.7979
      vertex 3 27.3973 66.7373
      vertex 3 28.2465 68.0555
    endloop
  endfacet
  facet normal -1 -0 0
    outer loop
      vertex 3 28.2465 68.0555
      vertex 3 26.9993 67.2222
      vertex 3 28.0894 68.3494
    endloop
  endfacet
  facet normal -1 0 0
    outer loop
      vertex 3 26.9993 67.2222
      vertex 3 28.2465 68.0555
      vertex 3 27.3973 66.7373
    endloop
  endfacet
  facet normal -1 0 0
    outer loop
      vertex 3 31.0735 69.9445
      vertex 3 32.3207 70.7778
      vertex 3 31.2306 69.6506
    endloop
  endfacet
  facet normal -1 -0 0
    outer loop
      vertex 3 32.3207 70.7778
      vertex 3 31.0735 69.9445
      vertex 3 31.9227 71.2627
    endloop
  endfacet
  facet normal -1 0 0
    outer loop
      vertex 3 30.8621 70.2021
      vertex 3 31.9227 71.2627
      vertex 3 31.0735 69.9445
    endloop
  endfacet
  facet normal -1 -0 0
    outer loop
      vertex 3 31.9227 71.2627
      vertex 3 30.8621 70.2021
      vertex 3 31.4378 71.6607
    endloop
  endfacet
  facet normal -1 0 0
    outer loop
      vertex 3 30.6045 70.4135
      vertex 3 31.4378 71.6607
      vertex 3 30.8621 70.2021
    endloop
  endfacet
  facet normal -1 -0 0
    outer loop
      vertex 3 31.4378 71.6607
      vertex 3 30.6045 70.4135
      vertex 3 30.8846 71.9564
    endloop
  endfacet
  facet normal -1 0 0
    outer loop
      vertex 3 30.3106 70.5706
      vertex 3 30.8846 71.9564
      vertex 3 30.6045 70.4135
    endloop
  endfacet
  facet normal -1 0 0
    outer loop
      vertex 3 30.3106 70.5706
      vertex 3 30.2843 72.1385
      vertex 3 30.8846 71.9564
    endloop
  endfacet
  facet normal -1 0 0
    outer loop
      vertex 3 29.9917 70.6673
      vertex 3 30.2843 72.1385
      vertex 3 30.3106 70.5706
    endloop
  endfacet
  facet normal -1 0 0
    outer loop
      vertex 3 29.66 70.7
      vertex 3 30.2843 72.1385
      vertex 3 29.9917 70.6673
    endloop
  endfacet
  facet normal -1 0 0
    outer loop
      vertex 3 29.66 70.7
      vertex 3 29.66 72.2
      vertex 3 30.2843 72.1385
    endloop
  endfacet
  facet normal -1 0 0
    outer loop
      vertex 3 29.3283 70.6673
      vertex 3 29.66 72.2
      vertex 3 29.66 70.7
    endloop
  endfacet
  facet normal -1 0 0
    outer loop
      vertex 3 29.3283 70.6673
      vertex 3 29.0357 72.1385
      vertex 3 29.66 72.2
    endloop
  endfacet
  facet normal -1 0 0
    outer loop
      vertex 3 29.0094 70.5706
      vertex 3 29.0357 72.1385
      vertex 3 29.3283 70.6673
    endloop
  endfacet
  facet normal -1 0 0
    outer loop
      vertex 3 28.4354 71.9564
      vertex 3 29.0094 70.5706
      vertex 3 28.7155 70.4135
    endloop
  endfacet
  facet normal -1 0 0
    outer loop
      vertex 3 27.8822 71.6607
      vertex 3 28.7155 70.4135
      vertex 3 28.4579 70.2021
    endloop
  endfacet
  facet normal -1 0 0
    outer loop
      vertex 3 29.0094 70.5706
      vertex 3 28.4354 71.9564
      vertex 3 29.0357 72.1385
    endloop
  endfacet
  facet normal -1 0 0
    outer loop
      vertex 3 27.3973 71.2627
      vertex 3 28.4579 70.2021
      vertex 3 28.2465 69.9445
    endloop
  endfacet
  facet normal -1 0 0
    outer loop
      vertex 3 26.9993 70.7778
      vertex 3 28.2465 69.9445
      vertex 3 28.0894 69.6506
    endloop
  endfacet
  facet normal -1 0 0
    outer loop
      vertex 3 26.7036 70.2246
      vertex 3 28.0894 69.6506
      vertex 3 27.9927 69.3316
    endloop
  endfacet
  facet normal -1 0 0
    outer loop
      vertex 3 28.7155 70.4135
      vertex 3 27.8822 71.6607
      vertex 3 28.4354 71.9564
    endloop
  endfacet
  facet normal -1 0 0
    outer loop
      vertex 3 26.5215 69.6243
      vertex 3 27.9927 69.3316
      vertex 3 27.96 69
    endloop
  endfacet
  facet normal -1 0 0
    outer loop
      vertex 3 26.7036 67.7754
      vertex 3 28.0894 68.3494
      vertex 3 26.9993 67.2222
    endloop
  endfacet
  facet normal -1 -0 0
    outer loop
      vertex 3 28.0894 68.3494
      vertex 3 26.7036 67.7754
      vertex 3 27.9927 68.6684
    endloop
  endfacet
  facet normal -1 0 0
    outer loop
      vertex 3 28.4579 70.2021
      vertex 3 27.3973 71.2627
      vertex 3 27.8822 71.6607
    endloop
  endfacet
  facet normal -1 0 0
    outer loop
      vertex 3 26.5215 68.3757
      vertex 3 27.9927 68.6684
      vertex 3 26.7036 67.7754
    endloop
  endfacet
  facet normal -1 0 0
    outer loop
      vertex 3 28.2465 69.9445
      vertex 3 26.9993 70.7778
      vertex 3 27.3973 71.2627
    endloop
  endfacet
  facet normal -1 -0 0
    outer loop
      vertex 3 27.9927 68.6684
      vertex 3 26.5215 68.3757
      vertex 3 27.96 69
    endloop
  endfacet
  facet normal -1 0 0
    outer loop
      vertex 3 28.0894 69.6506
      vertex 3 26.7036 70.2246
      vertex 3 26.9993 70.7778
    endloop
  endfacet
  facet normal -1 0 0
    outer loop
      vertex 3 26.46 69
      vertex 3 27.96 69
      vertex 3 26.5215 68.3757
    endloop
  endfacet
  facet normal -1 0 0
    outer loop
      vertex 3 27.9927 69.3316
      vertex 3 26.5215 69.6243
      vertex 3 26.7036 70.2246
    endloop
  endfacet
  facet normal -1 0 0
    outer loop
      vertex 3 27.96 69
      vertex 3 26.46 69
      vertex 3 26.5215 69.6243
    endloop
  endfacet
  facet normal 0 -0.290286 -0.95694
    outer loop
      vertex 0 30.2843 72.1385
      vertex 3 30.8846 71.9564
      vertex 3 30.2843 72.1385
    endloop
  endfacet
  facet normal -0 -0.290286 -0.95694
    outer loop
      vertex 3 30.8846 71.9564
      vertex 0 30.2843 72.1385
      vertex 0 30.8846 71.9564
    endloop
  endfacet
  facet normal -0 0.634444 0.772969
    outer loop
      vertex 0 27.8822 66.3393
      vertex 3 27.3973 66.7373
      vertex 3 27.8822 66.3393
    endloop
  endfacet
  facet normal 0 0.634444 0.772969
    outer loop
      vertex 3 27.3973 66.7373
      vertex 0 27.8822 66.3393
      vertex 0 27.3973 66.7373
    endloop
  endfacet
  facet normal 0 0.995183 -0.0980358
    outer loop
      vertex 3 26.46 69
      vertex 0 26.5215 69.6243
      vertex 3 26.5215 69.6243
    endloop
  endfacet
  facet normal 0 0.995183 -0.0980358
    outer loop
      vertex 0 26.5215 69.6243
      vertex 3 26.46 69
      vertex 0 26.46 69
    endloop
  endfacet
  facet normal 0 -0.0980358 -0.995183
    outer loop
      vertex 0 29.66 72.2
      vertex 3 30.2843 72.1385
      vertex 3 29.66 72.2
    endloop
  endfacet
  facet normal -0 -0.0980358 -0.995183
    outer loop
      vertex 3 30.2843 72.1385
      vertex 0 29.66 72.2
      vertex 0 30.2843 72.1385
    endloop
  endfacet
  facet normal 0 -0.772969 0.634444
    outer loop
      vertex 0 31.9227 66.7373
      vertex 3 32.3207 67.2222
      vertex 0 32.3207 67.2222
    endloop
  endfacet
  facet normal 0 -0.772969 0.634444
    outer loop
      vertex 3 32.3207 67.2222
      vertex 0 31.9227 66.7373
      vertex 3 31.9227 66.7373
    endloop
  endfacet
  facet normal -0 0.471407 0.881916
    outer loop
      vertex 0 28.4354 66.0436
      vertex 3 27.8822 66.3393
      vertex 3 28.4354 66.0436
    endloop
  endfacet
  facet normal 0 0.471407 0.881916
    outer loop
      vertex 3 27.8822 66.3393
      vertex 0 28.4354 66.0436
      vertex 0 27.8822 66.3393
    endloop
  endfacet
  facet normal 0 -0.290286 0.95694
    outer loop
      vertex 0 30.8846 66.0436
      vertex 3 30.2843 65.8615
      vertex 3 30.8846 66.0436
    endloop
  endfacet
  facet normal 0 -0.290286 0.95694
    outer loop
      vertex 3 30.2843 65.8615
      vertex 0 30.8846 66.0436
      vertex 0 30.2843 65.8615
    endloop
  endfacet
  facet normal 0 0.95694 0.290286
    outer loop
      vertex 3 26.7036 67.7754
      vertex 0 26.5215 68.3757
      vertex 3 26.5215 68.3757
    endloop
  endfacet
  facet normal 0 0.95694 0.290286
    outer loop
      vertex 0 26.5215 68.3757
      vertex 3 26.7036 67.7754
      vertex 0 26.7036 67.7754
    endloop
  endfacet
  facet normal 0 0.881916 0.471407
    outer loop
      vertex 3 26.9993 67.2222
      vertex 0 26.7036 67.7754
      vertex 3 26.7036 67.7754
    endloop
  endfacet
  facet normal 0 0.881916 0.471407
    outer loop
      vertex 0 26.7036 67.7754
      vertex 3 26.9993 67.2222
      vertex 0 26.9993 67.2222
    endloop
  endfacet
  facet normal 0 0.290286 -0.95694
    outer loop
      vertex 0 28.4354 71.9564
      vertex 3 29.0357 72.1385
      vertex 3 28.4354 71.9564
    endloop
  endfacet
  facet normal 0 0.290286 -0.95694
    outer loop
      vertex 3 29.0357 72.1385
      vertex 0 28.4354 71.9564
      vertex 0 29.0357 72.1385
    endloop
  endfacet
  facet normal 0 -0.471407 -0.881916
    outer loop
      vertex 0 30.8846 71.9564
      vertex 3 31.4378 71.6607
      vertex 3 30.8846 71.9564
    endloop
  endfacet
  facet normal -0 -0.471407 -0.881916
    outer loop
      vertex 3 31.4378 71.6607
      vertex 0 30.8846 71.9564
      vertex 0 31.4378 71.6607
    endloop
  endfacet
  facet normal 0 0.634444 -0.772969
    outer loop
      vertex 0 27.3973 71.2627
      vertex 3 27.8822 71.6607
      vertex 3 27.3973 71.2627
    endloop
  endfacet
  facet normal 0 0.634444 -0.772969
    outer loop
      vertex 3 27.8822 71.6607
      vertex 0 27.3973 71.2627
      vertex 0 27.8822 71.6607
    endloop
  endfacet
  facet normal 0 0.471407 -0.881916
    outer loop
      vertex 0 27.8822 71.6607
      vertex 3 28.4354 71.9564
      vertex 3 27.8822 71.6607
    endloop
  endfacet
  facet normal 0 0.471407 -0.881916
    outer loop
      vertex 3 28.4354 71.9564
      vertex 0 27.8822 71.6607
      vertex 0 28.4354 71.9564
    endloop
  endfacet
  facet normal 0 -0.471407 0.881916
    outer loop
      vertex 0 31.4378 66.3393
      vertex 3 30.8846 66.0436
      vertex 3 31.4378 66.3393
    endloop
  endfacet
  facet normal 0 -0.471407 0.881916
    outer loop
      vertex 3 30.8846 66.0436
      vertex 0 31.4378 66.3393
      vertex 0 30.8846 66.0436
    endloop
  endfacet
  facet normal 0 -0.772969 -0.634444
    outer loop
      vertex 0 32.3207 70.7778
      vertex 3 31.9227 71.2627
      vertex 0 31.9227 71.2627
    endloop
  endfacet
  facet normal 0 -0.772969 -0.634444
    outer loop
      vertex 3 31.9227 71.2627
      vertex 0 32.3207 70.7778
      vertex 3 32.3207 70.7778
    endloop
  endfacet
  facet normal 0 0.881916 -0.471407
    outer loop
      vertex 3 26.7036 70.2246
      vertex 0 26.9993 70.7778
      vertex 3 26.9993 70.7778
    endloop
  endfacet
  facet normal 0 0.881916 -0.471407
    outer loop
      vertex 0 26.9993 70.7778
      vertex 3 26.7036 70.2246
      vertex 0 26.7036 70.2246
    endloop
  endfacet
  facet normal 0 -0.995183 0.0980358
    outer loop
      vertex 0 32.7985 68.3757
      vertex 3 32.86 69
      vertex 0 32.86 69
    endloop
  endfacet
  facet normal 0 -0.995183 0.0980358
    outer loop
      vertex 3 32.86 69
      vertex 0 32.7985 68.3757
      vertex 3 32.7985 68.3757
    endloop
  endfacet
  facet normal 0 0.995183 0.0980358
    outer loop
      vertex 3 26.5215 68.3757
      vertex 0 26.46 69
      vertex 3 26.46 69
    endloop
  endfacet
  facet normal 0 0.995183 0.0980358
    outer loop
      vertex 0 26.46 69
      vertex 3 26.5215 68.3757
      vertex 0 26.5215 68.3757
    endloop
  endfacet
  facet normal 0 0.0980358 -0.995183
    outer loop
      vertex 0 29.0357 72.1385
      vertex 3 29.66 72.2
      vertex 3 29.0357 72.1385
    endloop
  endfacet
  facet normal 0 0.0980358 -0.995183
    outer loop
      vertex 3 29.66 72.2
      vertex 0 29.0357 72.1385
      vertex 0 29.66 72.2
    endloop
  endfacet
  facet normal 0 0.772969 -0.634444
    outer loop
      vertex 3 26.9993 70.7778
      vertex 0 27.3973 71.2627
      vertex 3 27.3973 71.2627
    endloop
  endfacet
  facet normal 0 0.772969 -0.634444
    outer loop
      vertex 0 27.3973 71.2627
      vertex 3 26.9993 70.7778
      vertex 0 26.9993 70.7778
    endloop
  endfacet
  facet normal 0 0.772969 0.634444
    outer loop
      vertex 3 27.3973 66.7373
      vertex 0 26.9993 67.2222
      vertex 3 26.9993 67.2222
    endloop
  endfacet
  facet normal 0 0.772969 0.634444
    outer loop
      vertex 0 26.9993 67.2222
      vertex 3 27.3973 66.7373
      vertex 0 27.3973 66.7373
    endloop
  endfacet
  facet normal 0 -0.634444 0.772969
    outer loop
      vertex 0 31.9227 66.7373
      vertex 3 31.4378 66.3393
      vertex 3 31.9227 66.7373
    endloop
  endfacet
  facet normal 0 -0.634444 0.772969
    outer loop
      vertex 3 31.4378 66.3393
      vertex 0 31.9227 66.7373
      vertex 0 31.4378 66.3393
    endloop
  endfacet
  facet normal -0 0.0980358 0.995183
    outer loop
      vertex 0 29.66 65.8
      vertex 3 29.0357 65.8615
      vertex 3 29.66 65.8
    endloop
  endfacet
  facet normal 0 0.0980358 0.995183
    outer loop
      vertex 3 29.0357 65.8615
      vertex 0 29.66 65.8
      vertex 0 29.0357 65.8615
    endloop
  endfacet
  facet normal -0 0.0990283 0.995085
    outer loop
      vertex 3 74.11 118.3
      vertex 6 73.7784 118.333
      vertex 6 74.11 118.3
    endloop
  endfacet
  facet normal 0 0.0990283 0.995085
    outer loop
      vertex 6 73.7784 118.333
      vertex 3 74.11 118.3
      vertex 3 73.7784 118.333
    endloop
  endfacet
  facet normal 0 -0.773503 0.633793
    outer loop
      vertex 3 75.3121 118.798
      vertex 6 75.5235 119.056
      vertex 3 75.5235 119.056
    endloop
  endfacet
  facet normal 0 -0.773503 0.633793
    outer loop
      vertex 6 75.5235 119.056
      vertex 3 75.3121 118.798
      vertex 6 75.3121 118.798
    endloop
  endfacet
  facet normal 0 -0.88131 -0.472539
    outer loop
      vertex 3 75.6806 120.651
      vertex 6 75.5235 120.944
      vertex 3 75.5235 120.944
    endloop
  endfacet
  facet normal 0 -0.88131 -0.472539
    outer loop
      vertex 6 75.5235 120.944
      vertex 3 75.6806 120.651
      vertex 6 75.6806 120.651
    endloop
  endfacet
  facet normal 0 -0.288257 -0.957553
    outer loop
      vertex 3 74.4417 121.667
      vertex 6 74.7606 121.571
      vertex 6 74.4417 121.667
    endloop
  endfacet
  facet normal -0 -0.288257 -0.957553
    outer loop
      vertex 6 74.7606 121.571
      vertex 3 74.4417 121.667
      vertex 3 74.7606 121.571
    endloop
  endfacet
  facet normal -0 0.633663 0.773609
    outer loop
      vertex 3 73.1655 118.587
      vertex 6 72.9079 118.798
      vertex 6 73.1655 118.587
    endloop
  endfacet
  facet normal 0 0.633663 0.773609
    outer loop
      vertex 6 72.9079 118.798
      vertex 3 73.1655 118.587
      vertex 3 72.9079 118.798
    endloop
  endfacet
  facet normal 0 -0.995184 0.0980197
    outer loop
      vertex 3 75.7773 119.668
      vertex 6 75.81 120
      vertex 3 75.81 120
    endloop
  endfacet
  facet normal 0 -0.995184 0.0980197
    outer loop
      vertex 6 75.81 120
      vertex 3 75.7773 119.668
      vertex 6 75.7773 119.668
    endloop
  endfacet
  facet normal 0 -0.288257 0.957553
    outer loop
      vertex 3 74.7606 118.429
      vertex 6 74.4417 118.333
      vertex 6 74.7606 118.429
    endloop
  endfacet
  facet normal 0 -0.288257 0.957553
    outer loop
      vertex 6 74.4417 118.333
      vertex 3 74.7606 118.429
      vertex 3 74.4417 118.333
    endloop
  endfacet
  facet normal 0 0.995184 0.0980197
    outer loop
      vertex 6 72.4427 119.668
      vertex 3 72.41 120
      vertex 6 72.41 120
    endloop
  endfacet
  facet normal 0 0.995184 0.0980197
    outer loop
      vertex 3 72.41 120
      vertex 6 72.4427 119.668
      vertex 3 72.4427 119.668
    endloop
  endfacet
  facet normal 0 -0.995184 -0.0980197
    outer loop
      vertex 3 75.81 120
      vertex 6 75.7773 120.332
      vertex 3 75.7773 120.332
    endloop
  endfacet
  facet normal 0 -0.995184 -0.0980197
    outer loop
      vertex 6 75.7773 120.332
      vertex 3 75.81 120
      vertex 6 75.81 120
    endloop
  endfacet
  facet normal 0 -0.956997 0.290099
    outer loop
      vertex 3 75.6806 119.349
      vertex 6 75.7773 119.668
      vertex 3 75.7773 119.668
    endloop
  endfacet
  facet normal 0 -0.956997 0.290099
    outer loop
      vertex 6 75.7773 119.668
      vertex 3 75.6806 119.349
      vertex 6 75.6806 119.349
    endloop
  endfacet
  facet normal 0 0.995184 -0.0980197
    outer loop
      vertex 6 72.41 120
      vertex 3 72.4427 120.332
      vertex 6 72.4427 120.332
    endloop
  endfacet
  facet normal 0 0.995184 -0.0980197
    outer loop
      vertex 3 72.4427 120.332
      vertex 6 72.41 120
      vertex 3 72.41 120
    endloop
  endfacet
  facet normal 0 -0.0989988 -0.995088
    outer loop
      vertex 3 74.11 121.7
      vertex 6 74.4417 121.667
      vertex 6 74.11 121.7
    endloop
  endfacet
  facet normal -0 -0.0989988 -0.995088
    outer loop
      vertex 6 74.4417 121.667
      vertex 3 74.11 121.7
      vertex 3 74.4417 121.667
    endloop
  endfacet
  facet normal 0 0.0990283 -0.995085
    outer loop
      vertex 3 73.7784 121.667
      vertex 6 74.11 121.7
      vertex 6 73.7784 121.667
    endloop
  endfacet
  facet normal 0 0.0990283 -0.995085
    outer loop
      vertex 6 74.11 121.7
      vertex 3 73.7784 121.667
      vertex 3 74.11 121.7
    endloop
  endfacet
  facet normal -0 0.288174 0.957578
    outer loop
      vertex 3 73.7784 118.333
      vertex 6 73.4594 118.429
      vertex 6 73.7784 118.333
    endloop
  endfacet
  facet normal 0 0.288174 0.957578
    outer loop
      vertex 6 73.4594 118.429
      vertex 3 73.7784 118.333
      vertex 3 73.4594 118.429
    endloop
  endfacet
  facet normal 0 0.956997 -0.290099
    outer loop
      vertex 6 72.4427 120.332
      vertex 3 72.5394 120.651
      vertex 6 72.5394 120.651
    endloop
  endfacet
  facet normal 0 0.956997 -0.290099
    outer loop
      vertex 3 72.5394 120.651
      vertex 6 72.4427 120.332
      vertex 3 72.4427 120.332
    endloop
  endfacet
  facet normal 0 -0.956997 -0.290099
    outer loop
      vertex 3 75.7773 120.332
      vertex 6 75.6806 120.651
      vertex 3 75.6806 120.651
    endloop
  endfacet
  facet normal 0 -0.956997 -0.290099
    outer loop
      vertex 6 75.6806 120.651
      vertex 3 75.7773 120.332
      vertex 6 75.7773 120.332
    endloop
  endfacet
  facet normal 0 0.633663 -0.773609
    outer loop
      vertex 3 72.9079 121.202
      vertex 6 73.1655 121.413
      vertex 6 72.9079 121.202
    endloop
  endfacet
  facet normal 0 0.633663 -0.773609
    outer loop
      vertex 6 73.1655 121.413
      vertex 3 72.9079 121.202
      vertex 3 73.1655 121.413
    endloop
  endfacet
  facet normal 0 -0.773503 -0.633793
    outer loop
      vertex 3 75.5235 120.944
      vertex 6 75.3121 121.202
      vertex 3 75.3121 121.202
    endloop
  endfacet
  facet normal 0 -0.773503 -0.633793
    outer loop
      vertex 6 75.3121 121.202
      vertex 3 75.5235 120.944
      vertex 6 75.5235 120.944
    endloop
  endfacet
  facet normal 0 0.47351 -0.880788
    outer loop
      vertex 3 73.1655 121.413
      vertex 6 73.4594 121.571
      vertex 6 73.1655 121.413
    endloop
  endfacet
  facet normal 0 0.47351 -0.880788
    outer loop
      vertex 6 73.4594 121.571
      vertex 3 73.1655 121.413
      vertex 3 73.4594 121.571
    endloop
  endfacet
  facet normal 0 0.88131 0.472539
    outer loop
      vertex 6 72.6965 119.056
      vertex 3 72.5394 119.349
      vertex 6 72.5394 119.349
    endloop
  endfacet
  facet normal 0 0.88131 0.472539
    outer loop
      vertex 3 72.5394 119.349
      vertex 6 72.6965 119.056
      vertex 3 72.6965 119.056
    endloop
  endfacet
  facet normal 0 -0.47351 0.880788
    outer loop
      vertex 3 75.0545 118.587
      vertex 6 74.7606 118.429
      vertex 6 75.0545 118.587
    endloop
  endfacet
  facet normal 0 -0.47351 0.880788
    outer loop
      vertex 6 74.7606 118.429
      vertex 3 75.0545 118.587
      vertex 3 74.7606 118.429
    endloop
  endfacet
  facet normal 0 -0.88131 0.472539
    outer loop
      vertex 3 75.5235 119.056
      vertex 6 75.6806 119.349
      vertex 3 75.6806 119.349
    endloop
  endfacet
  facet normal 0 -0.88131 0.472539
    outer loop
      vertex 6 75.6806 119.349
      vertex 3 75.5235 119.056
      vertex 6 75.5235 119.056
    endloop
  endfacet
  facet normal 0 -0.633663 -0.773609
    outer loop
      vertex 3 75.0545 121.413
      vertex 6 75.3121 121.202
      vertex 6 75.0545 121.413
    endloop
  endfacet
  facet normal -0 -0.633663 -0.773609
    outer loop
      vertex 6 75.3121 121.202
      vertex 3 75.0545 121.413
      vertex 3 75.3121 121.202
    endloop
  endfacet
  facet normal 0 -0.633663 0.773609
    outer loop
      vertex 3 75.3121 118.798
      vertex 6 75.0545 118.587
      vertex 6 75.3121 118.798
    endloop
  endfacet
  facet normal 0 -0.633663 0.773609
    outer loop
      vertex 6 75.0545 118.587
      vertex 3 75.3121 118.798
      vertex 3 75.0545 118.587
    endloop
  endfacet
  facet normal 0 -0.47351 -0.880788
    outer loop
      vertex 3 74.7606 121.571
      vertex 6 75.0545 121.413
      vertex 6 74.7606 121.571
    endloop
  endfacet
  facet normal -0 -0.47351 -0.880788
    outer loop
      vertex 6 75.0545 121.413
      vertex 3 74.7606 121.571
      vertex 3 75.0545 121.413
    endloop
  endfacet
  facet normal 0 0.288174 -0.957578
    outer loop
      vertex 3 73.4594 121.571
      vertex 6 73.7784 121.667
      vertex 6 73.4594 121.571
    endloop
  endfacet
  facet normal 0 0.288174 -0.957578
    outer loop
      vertex 6 73.7784 121.667
      vertex 3 73.4594 121.571
      vertex 3 73.7784 121.667
    endloop
  endfacet
  facet normal 0 -0.0989988 0.995088
    outer loop
      vertex 3 74.4417 118.333
      vertex 6 74.11 118.3
      vertex 6 74.4417 118.333
    endloop
  endfacet
  facet normal 0 -0.0989988 0.995088
    outer loop
      vertex 6 74.11 118.3
      vertex 3 74.4417 118.333
      vertex 3 74.11 118.3
    endloop
  endfacet
  facet normal 0 0.956997 0.290099
    outer loop
      vertex 6 72.5394 119.349
      vertex 3 72.4427 119.668
      vertex 6 72.4427 119.668
    endloop
  endfacet
  facet normal 0 0.956997 0.290099
    outer loop
      vertex 3 72.4427 119.668
      vertex 6 72.5394 119.349
      vertex 3 72.5394 119.349
    endloop
  endfacet
  facet normal 0 0.773503 -0.633793
    outer loop
      vertex 6 72.6965 120.944
      vertex 3 72.9079 121.202
      vertex 6 72.9079 121.202
    endloop
  endfacet
  facet normal 0 0.773503 -0.633793
    outer loop
      vertex 3 72.9079 121.202
      vertex 6 72.6965 120.944
      vertex 3 72.6965 120.944
    endloop
  endfacet
  facet normal -0 0.47351 0.880788
    outer loop
      vertex 3 73.4594 118.429
      vertex 6 73.1655 118.587
      vertex 6 73.4594 118.429
    endloop
  endfacet
  facet normal 0 0.47351 0.880788
    outer loop
      vertex 6 73.1655 118.587
      vertex 3 73.4594 118.429
      vertex 3 73.1655 118.587
    endloop
  endfacet
  facet normal 0 0.773503 0.633793
    outer loop
      vertex 6 72.9079 118.798
      vertex 3 72.6965 119.056
      vertex 6 72.6965 119.056
    endloop
  endfacet
  facet normal 0 0.773503 0.633793
    outer loop
      vertex 3 72.6965 119.056
      vertex 6 72.9079 118.798
      vertex 3 72.9079 118.798
    endloop
  endfacet
  facet normal 0 0.88131 -0.472539
    outer loop
      vertex 6 72.5394 120.651
      vertex 3 72.6965 120.944
      vertex 6 72.6965 120.944
    endloop
  endfacet
  facet normal 0 0.88131 -0.472539
    outer loop
      vertex 3 72.6965 120.944
      vertex 6 72.5394 120.651
      vertex 3 72.5394 120.651
    endloop
  endfacet
  facet normal 0 -0.773033 0.634365
    outer loop
      vertex 0 76.3727 117.737
      vertex 3 76.7707 118.222
      vertex 0 76.7707 118.222
    endloop
  endfacet
  facet normal 0 -0.773033 0.634365
    outer loop
      vertex 3 76.7707 118.222
      vertex 0 76.3727 117.737
      vertex 3 76.3727 117.737
    endloop
  endfacet
  facet normal 0 -0.881845 -0.47154
    outer loop
      vertex 0 77.0664 121.225
      vertex 3 76.7707 121.778
      vertex 0 76.7707 121.778
    endloop
  endfacet
  facet normal 0 -0.881845 -0.47154
    outer loop
      vertex 3 76.7707 121.778
      vertex 0 77.0664 121.225
      vertex 3 77.0664 121.225
    endloop
  endfacet
  facet normal -0 0.634444 0.772969
    outer loop
      vertex 0 72.3322 117.339
      vertex 3 71.8473 117.737
      vertex 3 72.3322 117.339
    endloop
  endfacet
  facet normal 0 0.634444 0.772969
    outer loop
      vertex 3 71.8473 117.737
      vertex 0 72.3322 117.339
      vertex 0 71.8473 117.737
    endloop
  endfacet
  facet normal 0 -0.291599 -0.956541
    outer loop
      vertex 0 74.7343 123.139
      vertex 3 75.3346 122.956
      vertex 3 74.7343 123.139
    endloop
  endfacet
  facet normal -0 -0.291599 -0.956541
    outer loop
      vertex 3 75.3346 122.956
      vertex 0 74.7343 123.139
      vertex 0 75.3346 122.956
    endloop
  endfacet
  facet normal 0 0.291599 -0.956541
    outer loop
      vertex 0 72.8854 122.956
      vertex 3 73.4857 123.139
      vertex 3 72.8854 122.956
    endloop
  endfacet
  facet normal 0 0.291599 -0.956541
    outer loop
      vertex 3 73.4857 123.139
      vertex 0 72.8854 122.956
      vertex 0 73.4857 123.139
    endloop
  endfacet
  facet normal 0 -0.995178 0.0980825
    outer loop
      vertex 0 77.2485 119.376
      vertex 3 77.31 120
      vertex 0 77.31 120
    endloop
  endfacet
  facet normal 0 -0.995178 0.0980825
    outer loop
      vertex 3 77.31 120
      vertex 0 77.2485 119.376
      vertex 3 77.2485 119.376
    endloop
  endfacet
  facet normal -0 0.0972463 0.99526
    outer loop
      vertex 0 74.11 116.8
      vertex 3 73.4857 116.861
      vertex 3 74.11 116.8
    endloop
  endfacet
  facet normal 0 0.0972463 0.99526
    outer loop
      vertex 3 73.4857 116.861
      vertex 0 74.11 116.8
      vertex 0 73.4857 116.861
    endloop
  endfacet
  facet normal 0 -0.995178 -0.0980825
    outer loop
      vertex 0 77.31 120
      vertex 3 77.2485 120.624
      vertex 0 77.2485 120.624
    endloop
  endfacet
  facet normal 0 -0.995178 -0.0980825
    outer loop
      vertex 3 77.2485 120.624
      vertex 0 77.31 120
      vertex 3 77.31 120
    endloop
  endfacet
  facet normal -0 0.470539 0.882379
    outer loop
      vertex 0 72.8854 117.044
      vertex 3 72.3322 117.339
      vertex 3 72.8854 117.044
    endloop
  endfacet
  facet normal 0 0.470539 0.882379
    outer loop
      vertex 3 72.3322 117.339
      vertex 0 72.8854 117.044
      vertex 0 72.3322 117.339
    endloop
  endfacet
  facet normal 0 -0.0972463 0.99526
    outer loop
      vertex 0 74.7343 116.861
      vertex 3 74.11 116.8
      vertex 3 74.7343 116.861
    endloop
  endfacet
  facet normal 0 -0.0972463 0.99526
    outer loop
      vertex 3 74.11 116.8
      vertex 0 74.7343 116.861
      vertex 0 74.11 116.8
    endloop
  endfacet
  facet normal 0 -0.957034 0.289976
    outer loop
      vertex 0 77.0664 118.775
      vertex 3 77.2485 119.376
      vertex 0 77.2485 119.376
    endloop
  endfacet
  facet normal 0 -0.957034 0.289976
    outer loop
      vertex 3 77.2485 119.376
      vertex 0 77.0664 118.775
      vertex 3 77.0664 118.775
    endloop
  endfacet
  facet normal 0 0.773033 0.634365
    outer loop
      vertex 3 71.8473 117.737
      vertex 0 71.4493 118.222
      vertex 3 71.4493 118.222
    endloop
  endfacet
  facet normal 0 0.773033 0.634365
    outer loop
      vertex 0 71.4493 118.222
      vertex 3 71.8473 117.737
      vertex 0 71.8473 117.737
    endloop
  endfacet
  facet normal 0 -0.291599 0.956541
    outer loop
      vertex 0 75.3346 117.044
      vertex 3 74.7343 116.861
      vertex 3 75.3346 117.044
    endloop
  endfacet
  facet normal 0 -0.291599 0.956541
    outer loop
      vertex 3 74.7343 116.861
      vertex 0 75.3346 117.044
      vertex 0 74.7343 116.861
    endloop
  endfacet
  facet normal 0 -0.957034 -0.289976
    outer loop
      vertex 0 77.2485 120.624
      vertex 3 77.0664 121.225
      vertex 0 77.0664 121.225
    endloop
  endfacet
  facet normal 0 -0.957034 -0.289976
    outer loop
      vertex 3 77.0664 121.225
      vertex 0 77.2485 120.624
      vertex 3 77.2485 120.624
    endloop
  endfacet
  facet normal 0 0.634444 -0.772969
    outer loop
      vertex 0 71.8473 122.263
      vertex 3 72.3322 122.661
      vertex 3 71.8473 122.263
    endloop
  endfacet
  facet normal 0 0.634444 -0.772969
    outer loop
      vertex 3 72.3322 122.661
      vertex 0 71.8473 122.263
      vertex 0 72.3322 122.661
    endloop
  endfacet
  facet normal 0 -0.773033 -0.634365
    outer loop
      vertex 0 76.7707 121.778
      vertex 3 76.3727 122.263
      vertex 0 76.3727 122.263
    endloop
  endfacet
  facet normal 0 -0.773033 -0.634365
    outer loop
      vertex 3 76.3727 122.263
      vertex 0 76.7707 121.778
      vertex 3 76.7707 121.778
    endloop
  endfacet
  facet normal 0 0.470539 -0.882379
    outer loop
      vertex 0 72.3322 122.661
      vertex 3 72.8854 122.956
      vertex 3 72.3322 122.661
    endloop
  endfacet
  facet normal 0 0.470539 -0.882379
    outer loop
      vertex 3 72.8854 122.956
      vertex 0 72.3322 122.661
      vertex 0 72.8854 122.956
    endloop
  endfacet
  facet normal 0 0.881845 0.47154
    outer loop
      vertex 3 71.4493 118.222
      vertex 0 71.1536 118.775
      vertex 3 71.1536 118.775
    endloop
  endfacet
  facet normal 0 0.881845 0.47154
    outer loop
      vertex 0 71.1536 118.775
      vertex 3 71.4493 118.222
      vertex 0 71.4493 118.222
    endloop
  endfacet
  facet normal 0 -0.470539 0.882379
    outer loop
      vertex 0 75.8878 117.339
      vertex 3 75.3346 117.044
      vertex 3 75.8878 117.339
    endloop
  endfacet
  facet normal 0 -0.470539 0.882379
    outer loop
      vertex 3 75.3346 117.044
      vertex 0 75.8878 117.339
      vertex 0 75.3346 117.044
    endloop
  endfacet
  facet normal 0 0.957034 -0.289976
    outer loop
      vertex 3 70.9715 120.624
      vertex 0 71.1536 121.225
      vertex 3 71.1536 121.225
    endloop
  endfacet
  facet normal 0 0.957034 -0.289976
    outer loop
      vertex 0 71.1536 121.225
      vertex 3 70.9715 120.624
      vertex 0 70.9715 120.624
    endloop
  endfacet
  facet normal 0 0.0972463 -0.99526
    outer loop
      vertex 0 73.4857 123.139
      vertex 3 74.11 123.2
      vertex 3 73.4857 123.139
    endloop
  endfacet
  facet normal 0 0.0972463 -0.99526
    outer loop
      vertex 3 74.11 123.2
      vertex 0 73.4857 123.139
      vertex 0 74.11 123.2
    endloop
  endfacet
  facet normal 0 -0.881845 0.47154
    outer loop
      vertex 0 76.7707 118.222
      vertex 3 77.0664 118.775
      vertex 0 77.0664 118.775
    endloop
  endfacet
  facet normal 0 -0.881845 0.47154
    outer loop
      vertex 3 77.0664 118.775
      vertex 0 76.7707 118.222
      vertex 3 76.7707 118.222
    endloop
  endfacet
  facet normal -1 0 0
    outer loop
      vertex 3 75.81 120
      vertex 3 77.31 120
      vertex 3 77.2485 119.376
    endloop
  endfacet
  facet normal -1 0 0
    outer loop
      vertex 3 75.7773 119.668
      vertex 3 77.2485 119.376
      vertex 3 77.0664 118.775
    endloop
  endfacet
  facet normal -1 0 0
    outer loop
      vertex 3 77.31 120
      vertex 3 75.81 120
      vertex 3 77.2485 120.624
    endloop
  endfacet
  facet normal -1 0 0
    outer loop
      vertex 3 75.6806 119.349
      vertex 3 77.0664 118.775
      vertex 3 76.7707 118.222
    endloop
  endfacet
  facet normal -1 0 0
    outer loop
      vertex 3 75.7773 120.332
      vertex 3 77.2485 120.624
      vertex 3 75.81 120
    endloop
  endfacet
  facet normal -1 0 0
    outer loop
      vertex 3 75.5235 119.056
      vertex 3 76.7707 118.222
      vertex 3 76.3727 117.737
    endloop
  endfacet
  facet normal -1 -0 0
    outer loop
      vertex 3 77.2485 120.624
      vertex 3 75.7773 120.332
      vertex 3 77.0664 121.225
    endloop
  endfacet
  facet normal -1 0 0
    outer loop
      vertex 3 75.3121 118.798
      vertex 3 76.3727 117.737
      vertex 3 75.8878 117.339
    endloop
  endfacet
  facet normal -1 0 0
    outer loop
      vertex 3 75.6806 120.651
      vertex 3 77.0664 121.225
      vertex 3 75.7773 120.332
    endloop
  endfacet
  facet normal -1 -0 0
    outer loop
      vertex 3 77.0664 121.225
      vertex 3 75.6806 120.651
      vertex 3 76.7707 121.778
    endloop
  endfacet
  facet normal -1 0 0
    outer loop
      vertex 3 77.2485 119.376
      vertex 3 75.7773 119.668
      vertex 3 75.81 120
    endloop
  endfacet
  facet normal -1 0 0
    outer loop
      vertex 3 77.0664 118.775
      vertex 3 75.6806 119.349
      vertex 3 75.7773 119.668
    endloop
  endfacet
  facet normal -1 0 0
    outer loop
      vertex 3 76.7707 118.222
      vertex 3 75.5235 119.056
      vertex 3 75.6806 119.349
    endloop
  endfacet
  facet normal -1 0 0
    outer loop
      vertex 3 75.0545 118.587
      vertex 3 75.8878 117.339
      vertex 3 75.3346 117.044
    endloop
  endfacet
  facet normal -1 0 0
    outer loop
      vertex 3 76.3727 117.737
      vertex 3 75.3121 118.798
      vertex 3 75.5235 119.056
    endloop
  endfacet
  facet normal -1 0 0
    outer loop
      vertex 3 75.8878 117.339
      vertex 3 75.0545 118.587
      vertex 3 75.3121 118.798
    endloop
  endfacet
  facet normal -1 0 0
    outer loop
      vertex 3 75.3346 117.044
      vertex 3 74.7606 118.429
      vertex 3 75.0545 118.587
    endloop
  endfacet
  facet normal -1 0 0
    outer loop
      vertex 3 74.7343 116.861
      vertex 3 74.7606 118.429
      vertex 3 75.3346 117.044
    endloop
  endfacet
  facet normal -1 0 0
    outer loop
      vertex 3 74.7343 116.861
      vertex 3 74.4417 118.333
      vertex 3 74.7606 118.429
    endloop
  endfacet
  facet normal -1 0 0
    outer loop
      vertex 3 74.11 116.8
      vertex 3 74.4417 118.333
      vertex 3 74.7343 116.861
    endloop
  endfacet
  facet normal -1 0 0
    outer loop
      vertex 3 74.11 116.8
      vertex 3 74.11 118.3
      vertex 3 74.4417 118.333
    endloop
  endfacet
  facet normal -1 0 0
    outer loop
      vertex 3 74.11 116.8
      vertex 3 73.7784 118.333
      vertex 3 74.11 118.3
    endloop
  endfacet
  facet normal -1 0 0
    outer loop
      vertex 3 73.4857 116.861
      vertex 3 73.7784 118.333
      vertex 3 74.11 116.8
    endloop
  endfacet
  facet normal -1 0 0
    outer loop
      vertex 3 73.4857 116.861
      vertex 3 73.4594 118.429
      vertex 3 73.7784 118.333
    endloop
  endfacet
  facet normal -1 0 0
    outer loop
      vertex 3 72.8854 117.044
      vertex 3 73.4594 118.429
      vertex 3 73.4857 116.861
    endloop
  endfacet
  facet normal -1 -0 0
    outer loop
      vertex 3 73.4594 118.429
      vertex 3 72.8854 117.044
      vertex 3 73.1655 118.587
    endloop
  endfacet
  facet normal -1 0 0
    outer loop
      vertex 3 72.3322 117.339
      vertex 3 73.1655 118.587
      vertex 3 72.8854 117.044
    endloop
  endfacet
  facet normal -1 -0 0
    outer loop
      vertex 3 73.1655 118.587
      vertex 3 72.3322 117.339
      vertex 3 72.9079 118.798
    endloop
  endfacet
  facet normal -1 0 0
    outer loop
      vertex 3 71.8473 117.737
      vertex 3 72.9079 118.798
      vertex 3 72.3322 117.339
    endloop
  endfacet
  facet normal -1 -0 0
    outer loop
      vertex 3 72.9079 118.798
      vertex 3 71.8473 117.737
      vertex 3 72.6965 119.056
    endloop
  endfacet
  facet normal -1 -0 0
    outer loop
      vertex 3 72.6965 119.056
      vertex 3 71.4493 118.222
      vertex 3 72.5394 119.349
    endloop
  endfacet
  facet normal -1 0 0
    outer loop
      vertex 3 71.4493 118.222
      vertex 3 72.6965 119.056
      vertex 3 71.8473 117.737
    endloop
  endfacet
  facet normal -1 0 0
    outer loop
      vertex 3 75.5235 120.944
      vertex 3 76.7707 121.778
      vertex 3 75.6806 120.651
    endloop
  endfacet
  facet normal -1 -0 0
    outer loop
      vertex 3 76.7707 121.778
      vertex 3 75.5235 120.944
      vertex 3 76.3727 122.263
    endloop
  endfacet
  facet normal -1 0 0
    outer loop
      vertex 3 75.3121 121.202
      vertex 3 76.3727 122.263
      vertex 3 75.5235 120.944
    endloop
  endfacet
  facet normal -1 -0 0
    outer loop
      vertex 3 76.3727 122.263
      vertex 3 75.3121 121.202
      vertex 3 75.8878 122.661
    endloop
  endfacet
  facet normal -1 0 0
    outer loop
      vertex 3 75.0545 121.413
      vertex 3 75.8878 122.661
      vertex 3 75.3121 121.202
    endloop
  endfacet
  facet normal -1 -0 0
    outer loop
      vertex 3 75.8878 122.661
      vertex 3 75.0545 121.413
      vertex 3 75.3346 122.956
    endloop
  endfacet
  facet normal -1 0 0
    outer loop
      vertex 3 74.7606 121.571
      vertex 3 75.3346 122.956
      vertex 3 75.0545 121.413
    endloop
  endfacet
  facet normal -1 0 0
    outer loop
      vertex 3 74.7606 121.571
      vertex 3 74.7343 123.139
      vertex 3 75.3346 122.956
    endloop
  endfacet
  facet normal -1 0 0
    outer loop
      vertex 3 74.4417 121.667
      vertex 3 74.7343 123.139
      vertex 3 74.7606 121.571
    endloop
  endfacet
  facet normal -1 0 0
    outer loop
      vertex 3 74.11 121.7
      vertex 3 74.7343 123.139
      vertex 3 74.4417 121.667
    endloop
  endfacet
  facet normal -1 0 0
    outer loop
      vertex 3 74.11 121.7
      vertex 3 74.11 123.2
      vertex 3 74.7343 123.139
    endloop
  endfacet
  facet normal -1 0 0
    outer loop
      vertex 3 73.7784 121.667
      vertex 3 74.11 123.2
      vertex 3 74.11 121.7
    endloop
  endfacet
  facet normal -1 0 0
    outer loop
      vertex 3 73.7784 121.667
      vertex 3 73.4857 123.139
      vertex 3 74.11 123.2
    endloop
  endfacet
  facet normal -1 0 0
    outer loop
      vertex 3 73.4594 121.571
      vertex 3 73.4857 123.139
      vertex 3 73.7784 121.667
    endloop
  endfacet
  facet normal -1 0 0
    outer loop
      vertex 3 72.8854 122.956
      vertex 3 73.4594 121.571
      vertex 3 73.1655 121.413
    endloop
  endfacet
  facet normal -1 0 0
    outer loop
      vertex 3 72.3322 122.661
      vertex 3 73.1655 121.413
      vertex 3 72.9079 121.202
    endloop
  endfacet
  facet normal -1 0 0
    outer loop
      vertex 3 73.4594 121.571
      vertex 3 72.8854 122.956
      vertex 3 73.4857 123.139
    endloop
  endfacet
  facet normal -1 0 0
    outer loop
      vertex 3 71.8473 122.263
      vertex 3 72.9079 121.202
      vertex 3 72.6965 120.944
    endloop
  endfacet
  facet normal -1 0 0
    outer loop
      vertex 3 71.4493 121.778
      vertex 3 72.6965 120.944
      vertex 3 72.5394 120.651
    endloop
  endfacet
  facet normal -1 0 0
    outer loop
      vertex 3 71.1536 121.225
      vertex 3 72.5394 120.651
      vertex 3 72.4427 120.332
    endloop
  endfacet
  facet normal -1 0 0
    outer loop
      vertex 3 73.1655 121.413
      vertex 3 72.3322 122.661
      vertex 3 72.8854 122.956
    endloop
  endfacet
  facet normal -1 0 0
    outer loop
      vertex 3 70.9715 120.624
      vertex 3 72.4427 120.332
      vertex 3 72.41 120
    endloop
  endfacet
  facet normal -1 0 0
    outer loop
      vertex 3 71.1536 118.775
      vertex 3 72.5394 119.349
      vertex 3 71.4493 118.222
    endloop
  endfacet
  facet normal -1 -0 0
    outer loop
      vertex 3 72.5394 119.349
      vertex 3 71.1536 118.775
      vertex 3 72.4427 119.668
    endloop
  endfacet
  facet normal -1 0 0
    outer loop
      vertex 3 72.9079 121.202
      vertex 3 71.8473 122.263
      vertex 3 72.3322 122.661
    endloop
  endfacet
  facet normal -1 0 0
    outer loop
      vertex 3 70.9715 119.376
      vertex 3 72.4427 119.668
      vertex 3 71.1536 118.775
    endloop
  endfacet
  facet normal -1 0 0
    outer loop
      vertex 3 72.6965 120.944
      vertex 3 71.4493 121.778
      vertex 3 71.8473 122.263
    endloop
  endfacet
  facet normal -1 -0 0
    outer loop
      vertex 3 72.4427 119.668
      vertex 3 70.9715 119.376
      vertex 3 72.41 120
    endloop
  endfacet
  facet normal -1 0 0
    outer loop
      vertex 3 72.5394 120.651
      vertex 3 71.1536 121.225
      vertex 3 71.4493 121.778
    endloop
  endfacet
  facet normal -1 0 0
    outer loop
      vertex 3 70.91 120
      vertex 3 72.41 120
      vertex 3 70.9715 119.376
    endloop
  endfacet
  facet normal -1 0 0
    outer loop
      vertex 3 72.4427 120.332
      vertex 3 70.9715 120.624
      vertex 3 71.1536 121.225
    endloop
  endfacet
  facet normal -1 0 0
    outer loop
      vertex 3 72.41 120
      vertex 3 70.91 120
      vertex 3 70.9715 120.624
    endloop
  endfacet
  facet normal 0 -0.634444 -0.772969
    outer loop
      vertex 0 75.8878 122.661
      vertex 3 76.3727 122.263
      vertex 3 75.8878 122.661
    endloop
  endfacet
  facet normal -0 -0.634444 -0.772969
    outer loop
      vertex 3 76.3727 122.263
      vertex 0 75.8878 122.661
      vertex 0 76.3727 122.263
    endloop
  endfacet
  facet normal 0 -0.634444 0.772969
    outer loop
      vertex 0 76.3727 117.737
      vertex 3 75.8878 117.339
      vertex 3 76.3727 117.737
    endloop
  endfacet
  facet normal 0 -0.634444 0.772969
    outer loop
      vertex 3 75.8878 117.339
      vertex 0 76.3727 117.737
      vertex 0 75.8878 117.339
    endloop
  endfacet
  facet normal 0 -0.470539 -0.882379
    outer loop
      vertex 0 75.3346 122.956
      vertex 3 75.8878 122.661
      vertex 3 75.3346 122.956
    endloop
  endfacet
  facet normal -0 -0.470539 -0.882379
    outer loop
      vertex 3 75.8878 122.661
      vertex 0 75.3346 122.956
      vertex 0 75.8878 122.661
    endloop
  endfacet
  facet normal 0 0.957034 0.289976
    outer loop
      vertex 3 71.1536 118.775
      vertex 0 70.9715 119.376
      vertex 3 70.9715 119.376
    endloop
  endfacet
  facet normal 0 0.957034 0.289976
    outer loop
      vertex 0 70.9715 119.376
      vertex 3 71.1536 118.775
      vertex 0 71.1536 118.775
    endloop
  endfacet
  facet normal 0 0.881845 -0.47154
    outer loop
      vertex 3 71.1536 121.225
      vertex 0 71.4493 121.778
      vertex 3 71.4493 121.778
    endloop
  endfacet
  facet normal 0 0.881845 -0.47154
    outer loop
      vertex 0 71.4493 121.778
      vertex 3 71.1536 121.225
      vertex 0 71.1536 121.225
    endloop
  endfacet
  facet normal 0 0.773033 -0.634365
    outer loop
      vertex 3 71.4493 121.778
      vertex 0 71.8473 122.263
      vertex 3 71.8473 122.263
    endloop
  endfacet
  facet normal 0 0.773033 -0.634365
    outer loop
      vertex 0 71.8473 122.263
      vertex 3 71.4493 121.778
      vertex 0 71.4493 121.778
    endloop
  endfacet
  facet normal 0 -0.0972463 -0.99526
    outer loop
      vertex 0 74.11 123.2
      vertex 3 74.7343 123.139
      vertex 3 74.11 123.2
    endloop
  endfacet
  facet normal -0 -0.0972463 -0.99526
    outer loop
      vertex 3 74.7343 123.139
      vertex 0 74.11 123.2
      vertex 0 74.7343 123.139
    endloop
  endfacet
  facet normal 0 0.995178 -0.0980825
    outer loop
      vertex 3 70.91 120
      vertex 0 70.9715 120.624
      vertex 3 70.9715 120.624
    endloop
  endfacet
  facet normal 0 0.995178 -0.0980825
    outer loop
      vertex 0 70.9715 120.624
      vertex 3 70.91 120
      vertex 0 70.91 120
    endloop
  endfacet
  facet normal -0 0.291599 0.956541
    outer loop
      vertex 0 73.4857 116.861
      vertex 3 72.8854 117.044
      vertex 3 73.4857 116.861
    endloop
  endfacet
  facet normal 0 0.291599 0.956541
    outer loop
      vertex 3 72.8854 117.044
      vertex 0 73.4857 116.861
      vertex 0 72.8854 117.044
    endloop
  endfacet
  facet normal 0 0.995178 0.0980825
    outer loop
      vertex 3 70.9715 119.376
      vertex 0 70.91 120
      vertex 3 70.91 120
    endloop
  endfacet
  facet normal 0 0.995178 0.0980825
    outer loop
      vertex 0 70.91 120
      vertex 3 70.9715 119.376
      vertex 0 70.9715 119.376
    endloop
  endfacet
  facet normal 0 -0.0989988 0.995088
    outer loop
      vertex 3 29.9917 118.333
      vertex 6 29.66 118.3
      vertex 6 29.9917 118.333
    endloop
  endfacet
  facet normal 0 -0.0989988 0.995088
    outer loop
      vertex 6 29.66 118.3
      vertex 3 29.9917 118.333
      vertex 3 29.66 118.3
    endloop
  endfacet
  facet normal 0 -0.88131 -0.472539
    outer loop
      vertex 3 31.2306 120.651
      vertex 6 31.0735 120.944
      vertex 3 31.0735 120.944
    endloop
  endfacet
  facet normal 0 -0.88131 -0.472539
    outer loop
      vertex 6 31.0735 120.944
      vertex 3 31.2306 120.651
      vertex 6 31.2306 120.651
    endloop
  endfacet
  facet normal 0 -0.995184 0.0980197
    outer loop
      vertex 3 31.3273 119.668
      vertex 6 31.36 120
      vertex 3 31.36 120
    endloop
  endfacet
  facet normal 0 -0.995184 0.0980197
    outer loop
      vertex 6 31.36 120
      vertex 3 31.3273 119.668
      vertex 6 31.3273 119.668
    endloop
  endfacet
  facet normal 0 0.633663 -0.773609
    outer loop
      vertex 3 28.4579 121.202
      vertex 6 28.7155 121.413
      vertex 6 28.4579 121.202
    endloop
  endfacet
  facet normal 0 0.633663 -0.773609
    outer loop
      vertex 6 28.7155 121.413
      vertex 3 28.4579 121.202
      vertex 3 28.7155 121.413
    endloop
  endfacet
  facet normal 0 0.47351 -0.880788
    outer loop
      vertex 3 28.7155 121.413
      vertex 6 29.0094 121.571
      vertex 6 28.7155 121.413
    endloop
  endfacet
  facet normal 0 0.47351 -0.880788
    outer loop
      vertex 6 29.0094 121.571
      vertex 3 28.7155 121.413
      vertex 3 29.0094 121.571
    endloop
  endfacet
  facet normal 0 -0.995184 -0.0980197
    outer loop
      vertex 3 31.36 120
      vertex 6 31.3273 120.332
      vertex 3 31.3273 120.332
    endloop
  endfacet
  facet normal 0 -0.995184 -0.0980197
    outer loop
      vertex 6 31.3273 120.332
      vertex 3 31.36 120
      vertex 6 31.36 120
    endloop
  endfacet
  facet normal 0 0.773503 0.633793
    outer loop
      vertex 6 28.4579 118.798
      vertex 3 28.2465 119.056
      vertex 6 28.2465 119.056
    endloop
  endfacet
  facet normal 0 0.773503 0.633793
    outer loop
      vertex 3 28.2465 119.056
      vertex 6 28.4579 118.798
      vertex 3 28.4579 118.798
    endloop
  endfacet
  facet normal -0 0.633663 0.773609
    outer loop
      vertex 3 28.7155 118.587
      vertex 6 28.4579 118.798
      vertex 6 28.7155 118.587
    endloop
  endfacet
  facet normal 0 0.633663 0.773609
    outer loop
      vertex 6 28.4579 118.798
      vertex 3 28.7155 118.587
      vertex 3 28.4579 118.798
    endloop
  endfacet
  facet normal 0 -0.633663 0.773609
    outer loop
      vertex 3 30.8621 118.798
      vertex 6 30.6045 118.587
      vertex 6 30.8621 118.798
    endloop
  endfacet
  facet normal 0 -0.633663 0.773609
    outer loop
      vertex 6 30.6045 118.587
      vertex 3 30.8621 118.798
      vertex 3 30.6045 118.587
    endloop
  endfacet
  facet normal 0 0.956997 -0.290099
    outer loop
      vertex 6 27.9927 120.332
      vertex 3 28.0894 120.651
      vertex 6 28.0894 120.651
    endloop
  endfacet
  facet normal 0 0.956997 -0.290099
    outer loop
      vertex 3 28.0894 120.651
      vertex 6 27.9927 120.332
      vertex 3 27.9927 120.332
    endloop
  endfacet
  facet normal 0 -0.0989988 -0.995088
    outer loop
      vertex 3 29.66 121.7
      vertex 6 29.9917 121.667
      vertex 6 29.66 121.7
    endloop
  endfacet
  facet normal -0 -0.0989988 -0.995088
    outer loop
      vertex 6 29.9917 121.667
      vertex 3 29.66 121.7
      vertex 3 29.9917 121.667
    endloop
  endfacet
  facet normal 0 -0.288257 0.957553
    outer loop
      vertex 3 30.3106 118.429
      vertex 6 29.9917 118.333
      vertex 6 30.3106 118.429
    endloop
  endfacet
  facet normal 0 -0.288257 0.957553
    outer loop
      vertex 6 29.9917 118.333
      vertex 3 30.3106 118.429
      vertex 3 29.9917 118.333
    endloop
  endfacet
  facet normal 0 0.288257 -0.957553
    outer loop
      vertex 3 29.0094 121.571
      vertex 6 29.3283 121.667
      vertex 6 29.0094 121.571
    endloop
  endfacet
  facet normal 0 0.288257 -0.957553
    outer loop
      vertex 6 29.3283 121.667
      vertex 3 29.0094 121.571
      vertex 3 29.3283 121.667
    endloop
  endfacet
  facet normal 0 -0.88131 0.472539
    outer loop
      vertex 3 31.0735 119.056
      vertex 6 31.2306 119.349
      vertex 3 31.2306 119.349
    endloop
  endfacet
  facet normal 0 -0.88131 0.472539
    outer loop
      vertex 6 31.2306 119.349
      vertex 3 31.0735 119.056
      vertex 6 31.0735 119.056
    endloop
  endfacet
  facet normal 0 0.773503 -0.633793
    outer loop
      vertex 6 28.2465 120.944
      vertex 3 28.4579 121.202
      vertex 6 28.4579 121.202
    endloop
  endfacet
  facet normal 0 0.773503 -0.633793
    outer loop
      vertex 3 28.4579 121.202
      vertex 6 28.2465 120.944
      vertex 3 28.2465 120.944
    endloop
  endfacet
  facet normal 0 -0.956997 0.290099
    outer loop
      vertex 3 31.2306 119.349
      vertex 6 31.3273 119.668
      vertex 3 31.3273 119.668
    endloop
  endfacet
  facet normal 0 -0.956997 0.290099
    outer loop
      vertex 6 31.3273 119.668
      vertex 3 31.2306 119.349
      vertex 6 31.2306 119.349
    endloop
  endfacet
  facet normal 0 0.88131 0.472539
    outer loop
      vertex 6 28.2465 119.056
      vertex 3 28.0894 119.349
      vertex 6 28.0894 119.349
    endloop
  endfacet
  facet normal 0 0.88131 0.472539
    outer loop
      vertex 3 28.0894 119.349
      vertex 6 28.2465 119.056
      vertex 3 28.2465 119.056
    endloop
  endfacet
  facet normal 0 -0.773503 -0.633793
    outer loop
      vertex 3 31.0735 120.944
      vertex 6 30.8621 121.202
      vertex 3 30.8621 121.202
    endloop
  endfacet
  facet normal 0 -0.773503 -0.633793
    outer loop
      vertex 6 30.8621 121.202
      vertex 3 31.0735 120.944
      vertex 6 31.0735 120.944
    endloop
  endfacet
  facet normal 0 -0.47351 -0.880788
    outer loop
      vertex 3 30.3106 121.571
      vertex 6 30.6045 121.413
      vertex 6 30.3106 121.571
    endloop
  endfacet
  facet normal -0 -0.47351 -0.880788
    outer loop
      vertex 6 30.6045 121.413
      vertex 3 30.3106 121.571
      vertex 3 30.6045 121.413
    endloop
  endfacet
  facet normal 0 -0.956997 -0.290099
    outer loop
      vertex 3 31.3273 120.332
      vertex 6 31.2306 120.651
      vertex 3 31.2306 120.651
    endloop
  endfacet
  facet normal 0 -0.956997 -0.290099
    outer loop
      vertex 6 31.2306 120.651
      vertex 3 31.3273 120.332
      vertex 6 31.3273 120.332
    endloop
  endfacet
  facet normal 0 0.956997 0.290099
    outer loop
      vertex 6 28.0894 119.349
      vertex 3 27.9927 119.668
      vertex 6 27.9927 119.668
    endloop
  endfacet
  facet normal 0 0.956997 0.290099
    outer loop
      vertex 3 27.9927 119.668
      vertex 6 28.0894 119.349
      vertex 3 28.0894 119.349
    endloop
  endfacet
  facet normal -0 0.47351 0.880788
    outer loop
      vertex 3 29.0094 118.429
      vertex 6 28.7155 118.587
      vertex 6 29.0094 118.429
    endloop
  endfacet
  facet normal 0 0.47351 0.880788
    outer loop
      vertex 6 28.7155 118.587
      vertex 3 29.0094 118.429
      vertex 3 28.7155 118.587
    endloop
  endfacet
  facet normal 0 -0.633663 -0.773609
    outer loop
      vertex 3 30.6045 121.413
      vertex 6 30.8621 121.202
      vertex 6 30.6045 121.413
    endloop
  endfacet
  facet normal -0 -0.633663 -0.773609
    outer loop
      vertex 6 30.8621 121.202
      vertex 3 30.6045 121.413
      vertex 3 30.8621 121.202
    endloop
  endfacet
  facet normal 0 -0.288257 -0.957553
    outer loop
      vertex 3 29.9917 121.667
      vertex 6 30.3106 121.571
      vertex 6 29.9917 121.667
    endloop
  endfacet
  facet normal -0 -0.288257 -0.957553
    outer loop
      vertex 6 30.3106 121.571
      vertex 3 29.9917 121.667
      vertex 3 30.3106 121.571
    endloop
  endfacet
  facet normal 0 -0.47351 0.880788
    outer loop
      vertex 3 30.6045 118.587
      vertex 6 30.3106 118.429
      vertex 6 30.6045 118.587
    endloop
  endfacet
  facet normal 0 -0.47351 0.880788
    outer loop
      vertex 6 30.3106 118.429
      vertex 3 30.6045 118.587
      vertex 3 30.3106 118.429
    endloop
  endfacet
  facet normal 0 0.0989988 -0.995088
    outer loop
      vertex 3 29.3283 121.667
      vertex 6 29.66 121.7
      vertex 6 29.3283 121.667
    endloop
  endfacet
  facet normal 0 0.0989988 -0.995088
    outer loop
      vertex 6 29.66 121.7
      vertex 3 29.3283 121.667
      vertex 3 29.66 121.7
    endloop
  endfacet
  facet normal 0 0.88131 -0.472539
    outer loop
      vertex 6 28.0894 120.651
      vertex 3 28.2465 120.944
      vertex 6 28.2465 120.944
    endloop
  endfacet
  facet normal 0 0.88131 -0.472539
    outer loop
      vertex 3 28.2465 120.944
      vertex 6 28.0894 120.651
      vertex 3 28.0894 120.651
    endloop
  endfacet
  facet normal 0 0.995184 0.0980197
    outer loop
      vertex 6 27.9927 119.668
      vertex 3 27.96 120
      vertex 6 27.96 120
    endloop
  endfacet
  facet normal 0 0.995184 0.0980197
    outer loop
      vertex 3 27.96 120
      vertex 6 27.9927 119.668
      vertex 3 27.9927 119.668
    endloop
  endfacet
  facet normal -0 0.0989988 0.995088
    outer loop
      vertex 3 29.66 118.3
      vertex 6 29.3283 118.333
      vertex 6 29.66 118.3
    endloop
  endfacet
  facet normal 0 0.0989988 0.995088
    outer loop
      vertex 6 29.3283 118.333
      vertex 3 29.66 118.3
      vertex 3 29.3283 118.333
    endloop
  endfacet
  facet normal 0 -0.773503 0.633793
    outer loop
      vertex 3 30.8621 118.798
      vertex 6 31.0735 119.056
      vertex 3 31.0735 119.056
    endloop
  endfacet
  facet normal 0 -0.773503 0.633793
    outer loop
      vertex 6 31.0735 119.056
      vertex 3 30.8621 118.798
      vertex 6 30.8621 118.798
    endloop
  endfacet
  facet normal 0 0.995184 -0.0980197
    outer loop
      vertex 6 27.96 120
      vertex 3 27.9927 120.332
      vertex 6 27.9927 120.332
    endloop
  endfacet
  facet normal 0 0.995184 -0.0980197
    outer loop
      vertex 3 27.9927 120.332
      vertex 6 27.96 120
      vertex 3 27.96 120
    endloop
  endfacet
  facet normal -0 0.288257 0.957553
    outer loop
      vertex 3 29.3283 118.333
      vertex 6 29.0094 118.429
      vertex 6 29.3283 118.333
    endloop
  endfacet
  facet normal 0 0.288257 0.957553
    outer loop
      vertex 6 29.0094 118.429
      vertex 3 29.3283 118.333
      vertex 3 29.0094 118.429
    endloop
  endfacet
  facet normal 0 -0.0972463 0.99526
    outer loop
      vertex 0 30.2843 116.861
      vertex 3 29.66 116.8
      vertex 3 30.2843 116.861
    endloop
  endfacet
  facet normal 0 -0.0972463 0.99526
    outer loop
      vertex 3 29.66 116.8
      vertex 0 30.2843 116.861
      vertex 0 29.66 116.8
    endloop
  endfacet
  facet normal 0 -0.957034 -0.289976
    outer loop
      vertex 0 32.7985 120.624
      vertex 3 32.6164 121.225
      vertex 0 32.6164 121.225
    endloop
  endfacet
  facet normal 0 -0.957034 -0.289976
    outer loop
      vertex 3 32.6164 121.225
      vertex 0 32.7985 120.624
      vertex 3 32.7985 120.624
    endloop
  endfacet
  facet normal 0 -0.881845 -0.47154
    outer loop
      vertex 0 32.6164 121.225
      vertex 3 32.3207 121.778
      vertex 0 32.3207 121.778
    endloop
  endfacet
  facet normal 0 -0.881845 -0.47154
    outer loop
      vertex 3 32.3207 121.778
      vertex 0 32.6164 121.225
      vertex 3 32.6164 121.225
    endloop
  endfacet
  facet normal 0 0.957034 -0.289976
    outer loop
      vertex 3 26.5215 120.624
      vertex 0 26.7036 121.225
      vertex 3 26.7036 121.225
    endloop
  endfacet
  facet normal 0 0.957034 -0.289976
    outer loop
      vertex 0 26.7036 121.225
      vertex 3 26.5215 120.624
      vertex 0 26.5215 120.624
    endloop
  endfacet
  facet normal 0 -0.995178 -0.0980825
    outer loop
      vertex 0 32.86 120
      vertex 3 32.7985 120.624
      vertex 0 32.7985 120.624
    endloop
  endfacet
  facet normal 0 -0.995178 -0.0980825
    outer loop
      vertex 3 32.7985 120.624
      vertex 0 32.86 120
      vertex 3 32.86 120
    endloop
  endfacet
  facet normal 0 -0.634444 -0.772969
    outer loop
      vertex 0 31.4378 122.661
      vertex 3 31.9227 122.263
      vertex 3 31.4378 122.661
    endloop
  endfacet
  facet normal -0 -0.634444 -0.772969
    outer loop
      vertex 3 31.9227 122.263
      vertex 0 31.4378 122.661
      vertex 0 31.9227 122.263
    endloop
  endfacet
  facet normal 0 -0.957034 0.289976
    outer loop
      vertex 0 32.6164 118.775
      vertex 3 32.7985 119.376
      vertex 0 32.7985 119.376
    endloop
  endfacet
  facet normal 0 -0.957034 0.289976
    outer loop
      vertex 3 32.7985 119.376
      vertex 0 32.6164 118.775
      vertex 3 32.6164 118.775
    endloop
  endfacet
  facet normal -0 0.291599 0.956541
    outer loop
      vertex 0 29.0357 116.861
      vertex 3 28.4354 117.044
      vertex 3 29.0357 116.861
    endloop
  endfacet
  facet normal 0 0.291599 0.956541
    outer loop
      vertex 3 28.4354 117.044
      vertex 0 29.0357 116.861
      vertex 0 28.4354 117.044
    endloop
  endfacet
  facet normal 0 -0.881845 0.47154
    outer loop
      vertex 0 32.3207 118.222
      vertex 3 32.6164 118.775
      vertex 0 32.6164 118.775
    endloop
  endfacet
  facet normal 0 -0.881845 0.47154
    outer loop
      vertex 3 32.6164 118.775
      vertex 0 32.3207 118.222
      vertex 3 32.3207 118.222
    endloop
  endfacet
  facet normal -1 0 0
    outer loop
      vertex 3 31.36 120
      vertex 3 32.86 120
      vertex 3 32.7985 119.376
    endloop
  endfacet
  facet normal -1 0 0
    outer loop
      vertex 3 31.3273 119.668
      vertex 3 32.7985 119.376
      vertex 3 32.6164 118.775
    endloop
  endfacet
  facet normal -1 0 0
    outer loop
      vertex 3 32.86 120
      vertex 3 31.36 120
      vertex 3 32.7985 120.624
    endloop
  endfacet
  facet normal -1 0 0
    outer loop
      vertex 3 31.2306 119.349
      vertex 3 32.6164 118.775
      vertex 3 32.3207 118.222
    endloop
  endfacet
  facet normal -1 0 0
    outer loop
      vertex 3 31.3273 120.332
      vertex 3 32.7985 120.624
      vertex 3 31.36 120
    endloop
  endfacet
  facet normal -1 0 0
    outer loop
      vertex 3 31.0735 119.056
      vertex 3 32.3207 118.222
      vertex 3 31.9227 117.737
    endloop
  endfacet
  facet normal -1 -0 0
    outer loop
      vertex 3 32.7985 120.624
      vertex 3 31.3273 120.332
      vertex 3 32.6164 121.225
    endloop
  endfacet
  facet normal -1 0 0
    outer loop
      vertex 3 30.8621 118.798
      vertex 3 31.9227 117.737
      vertex 3 31.4378 117.339
    endloop
  endfacet
  facet normal -1 0 0
    outer loop
      vertex 3 31.2306 120.651
      vertex 3 32.6164 121.225
      vertex 3 31.3273 120.332
    endloop
  endfacet
  facet normal -1 -0 0
    outer loop
      vertex 3 32.6164 121.225
      vertex 3 31.2306 120.651
      vertex 3 32.3207 121.778
    endloop
  endfacet
  facet normal -1 0 0
    outer loop
      vertex 3 32.7985 119.376
      vertex 3 31.3273 119.668
      vertex 3 31.36 120
    endloop
  endfacet
  facet normal -1 0 0
    outer loop
      vertex 3 32.6164 118.775
      vertex 3 31.2306 119.349
      vertex 3 31.3273 119.668
    endloop
  endfacet
  facet normal -1 0 0
    outer loop
      vertex 3 32.3207 118.222
      vertex 3 31.0735 119.056
      vertex 3 31.2306 119.349
    endloop
  endfacet
  facet normal -1 0 0
    outer loop
      vertex 3 30.6045 118.587
      vertex 3 31.4378 117.339
      vertex 3 30.8846 117.044
    endloop
  endfacet
  facet normal -1 0 0
    outer loop
      vertex 3 31.9227 117.737
      vertex 3 30.8621 118.798
      vertex 3 31.0735 119.056
    endloop
  endfacet
  facet normal -1 0 0
    outer loop
      vertex 3 31.4378 117.339
      vertex 3 30.6045 118.587
      vertex 3 30.8621 118.798
    endloop
  endfacet
  facet normal -1 0 0
    outer loop
      vertex 3 30.8846 117.044
      vertex 3 30.3106 118.429
      vertex 3 30.6045 118.587
    endloop
  endfacet
  facet normal -1 0 0
    outer loop
      vertex 3 30.2843 116.861
      vertex 3 30.3106 118.429
      vertex 3 30.8846 117.044
    endloop
  endfacet
  facet normal -1 0 0
    outer loop
      vertex 3 30.2843 116.861
      vertex 3 29.9917 118.333
      vertex 3 30.3106 118.429
    endloop
  endfacet
  facet normal -1 0 0
    outer loop
      vertex 3 29.66 116.8
      vertex 3 29.9917 118.333
      vertex 3 30.2843 116.861
    endloop
  endfacet
  facet normal -1 0 0
    outer loop
      vertex 3 29.66 116.8
      vertex 3 29.66 118.3
      vertex 3 29.9917 118.333
    endloop
  endfacet
  facet normal -1 0 0
    outer loop
      vertex 3 29.66 116.8
      vertex 3 29.3283 118.333
      vertex 3 29.66 118.3
    endloop
  endfacet
  facet normal -1 0 0
    outer loop
      vertex 3 29.0357 116.861
      vertex 3 29.3283 118.333
      vertex 3 29.66 116.8
    endloop
  endfacet
  facet normal -1 0 0
    outer loop
      vertex 3 29.0357 116.861
      vertex 3 29.0094 118.429
      vertex 3 29.3283 118.333
    endloop
  endfacet
  facet normal -1 0 0
    outer loop
      vertex 3 28.4354 117.044
      vertex 3 29.0094 118.429
      vertex 3 29.0357 116.861
    endloop
  endfacet
  facet normal -1 -0 0
    outer loop
      vertex 3 29.0094 118.429
      vertex 3 28.4354 117.044
      vertex 3 28.7155 118.587
    endloop
  endfacet
  facet normal -1 0 0
    outer loop
      vertex 3 27.8822 117.339
      vertex 3 28.7155 118.587
      vertex 3 28.4354 117.044
    endloop
  endfacet
  facet normal -1 -0 0
    outer loop
      vertex 3 28.7155 118.587
      vertex 3 27.8822 117.339
      vertex 3 28.4579 118.798
    endloop
  endfacet
  facet normal -1 0 0
    outer loop
      vertex 3 27.3973 117.737
      vertex 3 28.4579 118.798
      vertex 3 27.8822 117.339
    endloop
  endfacet
  facet normal -1 -0 0
    outer loop
      vertex 3 28.4579 118.798
      vertex 3 27.3973 117.737
      vertex 3 28.2465 119.056
    endloop
  endfacet
  facet normal -1 -0 0
    outer loop
      vertex 3 28.2465 119.056
      vertex 3 26.9993 118.222
      vertex 3 28.0894 119.349
    endloop
  endfacet
  facet normal -1 0 0
    outer loop
      vertex 3 26.9993 118.222
      vertex 3 28.2465 119.056
      vertex 3 27.3973 117.737
    endloop
  endfacet
  facet normal -1 0 0
    outer loop
      vertex 3 31.0735 120.944
      vertex 3 32.3207 121.778
      vertex 3 31.2306 120.651
    endloop
  endfacet
  facet normal -1 -0 0
    outer loop
      vertex 3 32.3207 121.778
      vertex 3 31.0735 120.944
      vertex 3 31.9227 122.263
    endloop
  endfacet
  facet normal -1 0 0
    outer loop
      vertex 3 30.8621 121.202
      vertex 3 31.9227 122.263
      vertex 3 31.0735 120.944
    endloop
  endfacet
  facet normal -1 -0 0
    outer loop
      vertex 3 31.9227 122.263
      vertex 3 30.8621 121.202
      vertex 3 31.4378 122.661
    endloop
  endfacet
  facet normal -1 0 0
    outer loop
      vertex 3 30.6045 121.413
      vertex 3 31.4378 122.661
      vertex 3 30.8621 121.202
    endloop
  endfacet
  facet normal -1 -0 0
    outer loop
      vertex 3 31.4378 122.661
      vertex 3 30.6045 121.413
      vertex 3 30.8846 122.956
    endloop
  endfacet
  facet normal -1 0 0
    outer loop
      vertex 3 30.3106 121.571
      vertex 3 30.8846 122.956
      vertex 3 30.6045 121.413
    endloop
  endfacet
  facet normal -1 0 0
    outer loop
      vertex 3 30.3106 121.571
      vertex 3 30.2843 123.139
      vertex 3 30.8846 122.956
    endloop
  endfacet
  facet normal -1 0 0
    outer loop
      vertex 3 29.9917 121.667
      vertex 3 30.2843 123.139
      vertex 3 30.3106 121.571
    endloop
  endfacet
  facet normal -1 0 0
    outer loop
      vertex 3 29.66 121.7
      vertex 3 30.2843 123.139
      vertex 3 29.9917 121.667
    endloop
  endfacet
  facet normal -1 0 0
    outer loop
      vertex 3 29.66 121.7
      vertex 3 29.66 123.2
      vertex 3 30.2843 123.139
    endloop
  endfacet
  facet normal -1 0 0
    outer loop
      vertex 3 29.3283 121.667
      vertex 3 29.66 123.2
      vertex 3 29.66 121.7
    endloop
  endfacet
  facet normal -1 0 0
    outer loop
      vertex 3 29.3283 121.667
      vertex 3 29.0357 123.139
      vertex 3 29.66 123.2
    endloop
  endfacet
  facet normal -1 0 0
    outer loop
      vertex 3 29.0094 121.571
      vertex 3 29.0357 123.139
      vertex 3 29.3283 121.667
    endloop
  endfacet
  facet normal -1 0 0
    outer loop
      vertex 3 28.4354 122.956
      vertex 3 29.0094 121.571
      vertex 3 28.7155 121.413
    endloop
  endfacet
  facet normal -1 0 0
    outer loop
      vertex 3 27.8822 122.661
      vertex 3 28.7155 121.413
      vertex 3 28.4579 121.202
    endloop
  endfacet
  facet normal -1 0 0
    outer loop
      vertex 3 29.0094 121.571
      vertex 3 28.4354 122.956
      vertex 3 29.0357 123.139
    endloop
  endfacet
  facet normal -1 0 0
    outer loop
      vertex 3 27.3973 122.263
      vertex 3 28.4579 121.202
      vertex 3 28.2465 120.944
    endloop
  endfacet
  facet normal -1 0 0
    outer loop
      vertex 3 26.9993 121.778
      vertex 3 28.2465 120.944
      vertex 3 28.0894 120.651
    endloop
  endfacet
  facet normal -1 0 0
    outer loop
      vertex 3 26.7036 121.225
      vertex 3 28.0894 120.651
      vertex 3 27.9927 120.332
    endloop
  endfacet
  facet normal -1 0 0
    outer loop
      vertex 3 28.7155 121.413
      vertex 3 27.8822 122.661
      vertex 3 28.4354 122.956
    endloop
  endfacet
  facet normal -1 0 0
    outer loop
      vertex 3 26.5215 120.624
      vertex 3 27.9927 120.332
      vertex 3 27.96 120
    endloop
  endfacet
  facet normal -1 0 0
    outer loop
      vertex 3 26.7036 118.775
      vertex 3 28.0894 119.349
      vertex 3 26.9993 118.222
    endloop
  endfacet
  facet normal -1 -0 0
    outer loop
      vertex 3 28.0894 119.349
      vertex 3 26.7036 118.775
      vertex 3 27.9927 119.668
    endloop
  endfacet
  facet normal -1 0 0
    outer loop
      vertex 3 28.4579 121.202
      vertex 3 27.3973 122.263
      vertex 3 27.8822 122.661
    endloop
  endfacet
  facet normal -1 0 0
    outer loop
      vertex 3 26.5215 119.376
      vertex 3 27.9927 119.668
      vertex 3 26.7036 118.775
    endloop
  endfacet
  facet normal -1 0 0
    outer loop
      vertex 3 28.2465 120.944
      vertex 3 26.9993 121.778
      vertex 3 27.3973 122.263
    endloop
  endfacet
  facet normal -1 -0 0
    outer loop
      vertex 3 27.9927 119.668
      vertex 3 26.5215 119.376
      vertex 3 27.96 120
    endloop
  endfacet
  facet normal -1 0 0
    outer loop
      vertex 3 28.0894 120.651
      vertex 3 26.7036 121.225
      vertex 3 26.9993 121.778
    endloop
  endfacet
  facet normal -1 0 0
    outer loop
      vertex 3 26.46 120
      vertex 3 27.96 120
      vertex 3 26.5215 119.376
    endloop
  endfacet
  facet normal -1 0 0
    outer loop
      vertex 3 27.9927 120.332
      vertex 3 26.5215 120.624
      vertex 3 26.7036 121.225
    endloop
  endfacet
  facet normal -1 0 0
    outer loop
      vertex 3 27.96 120
      vertex 3 26.46 120
      vertex 3 26.5215 120.624
    endloop
  endfacet
  facet normal 0 -0.291599 -0.956541
    outer loop
      vertex 0 30.2843 123.139
      vertex 3 30.8846 122.956
      vertex 3 30.2843 123.139
    endloop
  endfacet
  facet normal -0 -0.291599 -0.956541
    outer loop
      vertex 3 30.8846 122.956
      vertex 0 30.2843 123.139
      vertex 0 30.8846 122.956
    endloop
  endfacet
  facet normal -0 0.634444 0.772969
    outer loop
      vertex 0 27.8822 117.339
      vertex 3 27.3973 117.737
      vertex 3 27.8822 117.339
    endloop
  endfacet
  facet normal 0 0.634444 0.772969
    outer loop
      vertex 3 27.3973 117.737
      vertex 0 27.8822 117.339
      vertex 0 27.3973 117.737
    endloop
  endfacet
  facet normal 0 0.995178 -0.0980825
    outer loop
      vertex 3 26.46 120
      vertex 0 26.5215 120.624
      vertex 3 26.5215 120.624
    endloop
  endfacet
  facet normal 0 0.995178 -0.0980825
    outer loop
      vertex 0 26.5215 120.624
      vertex 3 26.46 120
      vertex 0 26.46 120
    endloop
  endfacet
  facet normal 0 -0.0972463 -0.99526
    outer loop
      vertex 0 29.66 123.2
      vertex 3 30.2843 123.139
      vertex 3 29.66 123.2
    endloop
  endfacet
  facet normal -0 -0.0972463 -0.99526
    outer loop
      vertex 3 30.2843 123.139
      vertex 0 29.66 123.2
      vertex 0 30.2843 123.139
    endloop
  endfacet
  facet normal 0 -0.773033 0.634365
    outer loop
      vertex 0 31.9227 117.737
      vertex 3 32.3207 118.222
      vertex 0 32.3207 118.222
    endloop
  endfacet
  facet normal 0 -0.773033 0.634365
    outer loop
      vertex 3 32.3207 118.222
      vertex 0 31.9227 117.737
      vertex 3 31.9227 117.737
    endloop
  endfacet
  facet normal -0 0.470539 0.882379
    outer loop
      vertex 0 28.4354 117.044
      vertex 3 27.8822 117.339
      vertex 3 28.4354 117.044
    endloop
  endfacet
  facet normal 0 0.470539 0.882379
    outer loop
      vertex 3 27.8822 117.339
      vertex 0 28.4354 117.044
      vertex 0 27.8822 117.339
    endloop
  endfacet
  facet normal 0 -0.291599 0.956541
    outer loop
      vertex 0 30.8846 117.044
      vertex 3 30.2843 116.861
      vertex 3 30.8846 117.044
    endloop
  endfacet
  facet normal 0 -0.291599 0.956541
    outer loop
      vertex 3 30.2843 116.861
      vertex 0 30.8846 117.044
      vertex 0 30.2843 116.861
    endloop
  endfacet
  facet normal 0 0.957034 0.289976
    outer loop
      vertex 3 26.7036 118.775
      vertex 0 26.5215 119.376
      vertex 3 26.5215 119.376
    endloop
  endfacet
  facet normal 0 0.957034 0.289976
    outer loop
      vertex 0 26.5215 119.376
      vertex 3 26.7036 118.775
      vertex 0 26.7036 118.775
    endloop
  endfacet
  facet normal 0 0.881845 0.47154
    outer loop
      vertex 3 26.9993 118.222
      vertex 0 26.7036 118.775
      vertex 3 26.7036 118.775
    endloop
  endfacet
  facet normal 0 0.881845 0.47154
    outer loop
      vertex 0 26.7036 118.775
      vertex 3 26.9993 118.222
      vertex 0 26.9993 118.222
    endloop
  endfacet
  facet normal 0 0.291599 -0.956541
    outer loop
      vertex 0 28.4354 122.956
      vertex 3 29.0357 123.139
      vertex 3 28.4354 122.956
    endloop
  endfacet
  facet normal 0 0.291599 -0.956541
    outer loop
      vertex 3 29.0357 123.139
      vertex 0 28.4354 122.956
      vertex 0 29.0357 123.139
    endloop
  endfacet
  facet normal 0 -0.470539 -0.882379
    outer loop
      vertex 0 30.8846 122.956
      vertex 3 31.4378 122.661
      vertex 3 30.8846 122.956
    endloop
  endfacet
  facet normal -0 -0.470539 -0.882379
    outer loop
      vertex 3 31.4378 122.661
      vertex 0 30.8846 122.956
      vertex 0 31.4378 122.661
    endloop
  endfacet
  facet normal 0 0.634444 -0.772969
    outer loop
      vertex 0 27.3973 122.263
      vertex 3 27.8822 122.661
      vertex 3 27.3973 122.263
    endloop
  endfacet
  facet normal 0 0.634444 -0.772969
    outer loop
      vertex 3 27.8822 122.661
      vertex 0 27.3973 122.263
      vertex 0 27.8822 122.661
    endloop
  endfacet
  facet normal 0 0.470539 -0.882379
    outer loop
      vertex 0 27.8822 122.661
      vertex 3 28.4354 122.956
      vertex 3 27.8822 122.661
    endloop
  endfacet
  facet normal 0 0.470539 -0.882379
    outer loop
      vertex 3 28.4354 122.956
      vertex 0 27.8822 122.661
      vertex 0 28.4354 122.956
    endloop
  endfacet
  facet normal 0 -0.470539 0.882379
    outer loop
      vertex 0 31.4378 117.339
      vertex 3 30.8846 117.044
      vertex 3 31.4378 117.339
    endloop
  endfacet
  facet normal 0 -0.470539 0.882379
    outer loop
      vertex 3 30.8846 117.044
      vertex 0 31.4378 117.339
      vertex 0 30.8846 117.044
    endloop
  endfacet
  facet normal 0 -0.773033 -0.634365
    outer loop
      vertex 0 32.3207 121.778
      vertex 3 31.9227 122.263
      vertex 0 31.9227 122.263
    endloop
  endfacet
  facet normal 0 -0.773033 -0.634365
    outer loop
      vertex 3 31.9227 122.263
      vertex 0 32.3207 121.778
      vertex 3 32.3207 121.778
    endloop
  endfacet
  facet normal 0 0.881845 -0.47154
    outer loop
      vertex 3 26.7036 121.225
      vertex 0 26.9993 121.778
      vertex 3 26.9993 121.778
    endloop
  endfacet
  facet normal 0 0.881845 -0.47154
    outer loop
      vertex 0 26.9993 121.778
      vertex 3 26.7036 121.225
      vertex 0 26.7036 121.225
    endloop
  endfacet
  facet normal 0 -0.995178 0.0980825
    outer loop
      vertex 0 32.7985 119.376
      vertex 3 32.86 120
      vertex 0 32.86 120
    endloop
  endfacet
  facet normal 0 -0.995178 0.0980825
    outer loop
      vertex 3 32.86 120
      vertex 0 32.7985 119.376
      vertex 3 32.7985 119.376
    endloop
  endfacet
  facet normal 0 0.995178 0.0980825
    outer loop
      vertex 3 26.5215 119.376
      vertex 0 26.46 120
      vertex 3 26.46 120
    endloop
  endfacet
  facet normal 0 0.995178 0.0980825
    outer loop
      vertex 0 26.46 120
      vertex 3 26.5215 119.376
      vertex 0 26.5215 119.376
    endloop
  endfacet
  facet normal 0 0.0972463 -0.99526
    outer loop
      vertex 0 29.0357 123.139
      vertex 3 29.66 123.2
      vertex 3 29.0357 123.139
    endloop
  endfacet
  facet normal 0 0.0972463 -0.99526
    outer loop
      vertex 3 29.66 123.2
      vertex 0 29.0357 123.139
      vertex 0 29.66 123.2
    endloop
  endfacet
  facet normal 0 0.773033 -0.634365
    outer loop
      vertex 3 26.9993 121.778
      vertex 0 27.3973 122.263
      vertex 3 27.3973 122.263
    endloop
  endfacet
  facet normal 0 0.773033 -0.634365
    outer loop
      vertex 0 27.3973 122.263
      vertex 3 26.9993 121.778
      vertex 0 26.9993 121.778
    endloop
  endfacet
  facet normal 0 0.773033 0.634365
    outer loop
      vertex 3 27.3973 117.737
      vertex 0 26.9993 118.222
      vertex 3 26.9993 118.222
    endloop
  endfacet
  facet normal 0 0.773033 0.634365
    outer loop
      vertex 0 26.9993 118.222
      vertex 3 27.3973 117.737
      vertex 0 27.3973 117.737
    endloop
  endfacet
  facet normal 0 -0.634444 0.772969
    outer loop
      vertex 0 31.9227 117.737
      vertex 3 31.4378 117.339
      vertex 3 31.9227 117.737
    endloop
  endfacet
  facet normal 0 -0.634444 0.772969
    outer loop
      vertex 3 31.4378 117.339
      vertex 0 31.9227 117.737
      vertex 0 31.4378 117.339
    endloop
  endfacet
  facet normal -0 0.0972463 0.99526
    outer loop
      vertex 0 29.66 116.8
      vertex 3 29.0357 116.861
      vertex 3 29.66 116.8
    endloop
  endfacet
  facet normal 0 0.0972463 0.99526
    outer loop
      vertex 3 29.0357 116.861
      vertex 0 29.66 116.8
      vertex 0 29.0357 116.861
    endloop
  endfacet
  facet normal 0 -0.793378 -0.608729
    outer loop
      vertex 0 66.976 36.5
      vertex 5 66.8171 36.7071
      vertex 0 66.8171 36.7071
    endloop
  endfacet
  facet normal 0 -0.793378 -0.608729
    outer loop
      vertex 5 66.8171 36.7071
      vertex 0 66.976 36.5
      vertex 5 66.976 36.5
    endloop
  endfacet
  facet normal 0 -0.793378 0.608729
    outer loop
      vertex 0 66.8171 35.2929
      vertex 5 66.976 35.5
      vertex 0 66.976 35.5
    endloop
  endfacet
  facet normal 0 -0.793378 0.608729
    outer loop
      vertex 5 66.976 35.5
      vertex 0 66.8171 35.2929
      vertex 5 66.8171 35.2929
    endloop
  endfacet
  facet normal -1 0 0
    outer loop
      vertex 5 67.0759 35.7412
      vertex 5 67.0759 36.2588
      vertex 5 67.11 36
    endloop
  endfacet
  facet normal -1 0 0
    outer loop
      vertex 5 66.976 35.5
      vertex 5 67.0759 36.2588
      vertex 5 67.0759 35.7412
    endloop
  endfacet
  facet normal -1 0 0
    outer loop
      vertex 5 66.976 35.5
      vertex 5 66.976 36.5
      vertex 5 67.0759 36.2588
    endloop
  endfacet
  facet normal -1 0 0
    outer loop
      vertex 5 66.8171 35.2929
      vertex 5 66.976 36.5
      vertex 5 66.976 35.5
    endloop
  endfacet
  facet normal -1 0 0
    outer loop
      vertex 5 66.8171 35.2929
      vertex 5 66.8171 36.7071
      vertex 5 66.976 36.5
    endloop
  endfacet
  facet normal -1 0 0
    outer loop
      vertex 5 66.61 35.134
      vertex 5 66.8171 36.7071
      vertex 5 66.8171 35.2929
    endloop
  endfacet
  facet normal -1 0 0
    outer loop
      vertex 5 66.61 35.134
      vertex 5 66.61 36.866
      vertex 5 66.8171 36.7071
    endloop
  endfacet
  facet normal -1 0 0
    outer loop
      vertex 5 66.3688 35.0341
      vertex 5 66.61 36.866
      vertex 5 66.61 35.134
    endloop
  endfacet
  facet normal -1 0 0
    outer loop
      vertex 5 66.3688 35.0341
      vertex 5 66.3688 36.9659
      vertex 5 66.61 36.866
    endloop
  endfacet
  facet normal -1 0 0
    outer loop
      vertex 5 66.11 35
      vertex 5 66.3688 36.9659
      vertex 5 66.3688 35.0341
    endloop
  endfacet
  facet normal -1 0 0
    outer loop
      vertex 5 66.11 35
      vertex 5 66.11 37
      vertex 5 66.3688 36.9659
    endloop
  endfacet
  facet normal -1 0 0
    outer loop
      vertex 5 65.8512 35.0341
      vertex 5 66.11 37
      vertex 5 66.11 35
    endloop
  endfacet
  facet normal -1 0 0
    outer loop
      vertex 5 65.8512 35.0341
      vertex 5 65.8512 36.9659
      vertex 5 66.11 37
    endloop
  endfacet
  facet normal -1 0 0
    outer loop
      vertex 5 65.61 35.134
      vertex 5 65.8512 36.9659
      vertex 5 65.8512 35.0341
    endloop
  endfacet
  facet normal -1 0 0
    outer loop
      vertex 5 65.61 35.134
      vertex 5 65.61 36.866
      vertex 5 65.8512 36.9659
    endloop
  endfacet
  facet normal -1 0 0
    outer loop
      vertex 5 65.4029 35.2929
      vertex 5 65.61 36.866
      vertex 5 65.61 35.134
    endloop
  endfacet
  facet normal -1 0 0
    outer loop
      vertex 5 65.4029 35.2929
      vertex 5 65.4029 36.7071
      vertex 5 65.61 36.866
    endloop
  endfacet
  facet normal -1 0 0
    outer loop
      vertex 5 65.244 35.5
      vertex 5 65.4029 36.7071
      vertex 5 65.4029 35.2929
    endloop
  endfacet
  facet normal -1 0 0
    outer loop
      vertex 5 65.244 35.5
      vertex 5 65.244 36.5
      vertex 5 65.4029 36.7071
    endloop
  endfacet
  facet normal -1 0 0
    outer loop
      vertex 5 65.1441 35.7412
      vertex 5 65.244 36.5
      vertex 5 65.244 35.5
    endloop
  endfacet
  facet normal -1 0 0
    outer loop
      vertex 5 65.1441 35.7412
      vertex 5 65.1441 36.2588
      vertex 5 65.244 36.5
    endloop
  endfacet
  facet normal -1 0 -0
    outer loop
      vertex 5 65.1441 36.2588
      vertex 5 65.1441 35.7412
      vertex 5 65.11 36
    endloop
  endfacet
  facet normal 0 -0.923891 0.382656
    outer loop
      vertex 0 66.976 35.5
      vertex 5 67.0759 35.7412
      vertex 0 67.0759 35.7412
    endloop
  endfacet
  facet normal 0 -0.923891 0.382656
    outer loop
      vertex 5 67.0759 35.7412
      vertex 0 66.976 35.5
      vertex 5 66.976 35.5
    endloop
  endfacet
  facet normal 0 0.991431 -0.130633
    outer loop
      vertex 5 65.11 36
      vertex 0 65.1441 36.2588
      vertex 5 65.1441 36.2588
    endloop
  endfacet
  facet normal 0 0.991431 -0.130633
    outer loop
      vertex 0 65.1441 36.2588
      vertex 5 65.11 36
      vertex 0 65.11 36
    endloop
  endfacet
  facet normal 0 0.608729 -0.793378
    outer loop
      vertex 0 65.4029 36.7071
      vertex 5 65.61 36.866
      vertex 5 65.4029 36.7071
    endloop
  endfacet
  facet normal 0 0.608729 -0.793378
    outer loop
      vertex 5 65.61 36.866
      vertex 0 65.4029 36.7071
      vertex 0 65.61 36.866
    endloop
  endfacet
  facet normal 0 -0.991431 -0.130633
    outer loop
      vertex 0 67.11 36
      vertex 5 67.0759 36.2588
      vertex 0 67.0759 36.2588
    endloop
  endfacet
  facet normal 0 -0.991431 -0.130633
    outer loop
      vertex 5 67.0759 36.2588
      vertex 0 67.11 36
      vertex 5 67.11 36
    endloop
  endfacet
  facet normal -0 0.130633 0.991431
    outer loop
      vertex 0 66.11 35
      vertex 5 65.8512 35.0341
      vertex 5 66.11 35
    endloop
  endfacet
  facet normal 0 0.130633 0.991431
    outer loop
      vertex 5 65.8512 35.0341
      vertex 0 66.11 35
      vertex 0 65.8512 35.0341
    endloop
  endfacet
  facet normal 0 -0.608729 -0.793378
    outer loop
      vertex 0 66.61 36.866
      vertex 5 66.8171 36.7071
      vertex 5 66.61 36.866
    endloop
  endfacet
  facet normal -0 -0.608729 -0.793378
    outer loop
      vertex 5 66.8171 36.7071
      vertex 0 66.61 36.866
      vertex 0 66.8171 36.7071
    endloop
  endfacet
  facet normal 0 -0.923891 -0.382656
    outer loop
      vertex 0 67.0759 36.2588
      vertex 5 66.976 36.5
      vertex 0 66.976 36.5
    endloop
  endfacet
  facet normal 0 -0.923891 -0.382656
    outer loop
      vertex 5 66.976 36.5
      vertex 0 67.0759 36.2588
      vertex 5 67.0759 36.2588
    endloop
  endfacet
  facet normal 0 -0.130633 -0.991431
    outer loop
      vertex 0 66.11 37
      vertex 5 66.3688 36.9659
      vertex 5 66.11 37
    endloop
  endfacet
  facet normal -0 -0.130633 -0.991431
    outer loop
      vertex 5 66.3688 36.9659
      vertex 0 66.11 37
      vertex 0 66.3688 36.9659
    endloop
  endfacet
  facet normal -0 0.382656 0.923891
    outer loop
      vertex 0 65.8512 35.0341
      vertex 5 65.61 35.134
      vertex 5 65.8512 35.0341
    endloop
  endfacet
  facet normal 0 0.382656 0.923891
    outer loop
      vertex 5 65.61 35.134
      vertex 0 65.8512 35.0341
      vertex 0 65.61 35.134
    endloop
  endfacet
  facet normal 0 0.923891 -0.382656
    outer loop
      vertex 5 65.1441 36.2588
      vertex 0 65.244 36.5
      vertex 5 65.244 36.5
    endloop
  endfacet
  facet normal 0 0.923891 -0.382656
    outer loop
      vertex 0 65.244 36.5
      vertex 5 65.1441 36.2588
      vertex 0 65.1441 36.2588
    endloop
  endfacet
  facet normal 0 -0.382656 0.923891
    outer loop
      vertex 0 66.61 35.134
      vertex 5 66.3688 35.0341
      vertex 5 66.61 35.134
    endloop
  endfacet
  facet normal 0 -0.382656 0.923891
    outer loop
      vertex 5 66.3688 35.0341
      vertex 0 66.61 35.134
      vertex 0 66.3688 35.0341
    endloop
  endfacet
  facet normal 0 0.793378 -0.608729
    outer loop
      vertex 5 65.244 36.5
      vertex 0 65.4029 36.7071
      vertex 5 65.4029 36.7071
    endloop
  endfacet
  facet normal 0 0.793378 -0.608729
    outer loop
      vertex 0 65.4029 36.7071
      vertex 5 65.244 36.5
      vertex 0 65.244 36.5
    endloop
  endfacet
  facet normal 0 0.382656 -0.923891
    outer loop
      vertex 0 65.61 36.866
      vertex 5 65.8512 36.9659
      vertex 5 65.61 36.866
    endloop
  endfacet
  facet normal 0 0.382656 -0.923891
    outer loop
      vertex 5 65.8512 36.9659
      vertex 0 65.61 36.866
      vertex 0 65.8512 36.9659
    endloop
  endfacet
  facet normal 0 0.130633 -0.991431
    outer loop
      vertex 0 65.8512 36.9659
      vertex 5 66.11 37
      vertex 5 65.8512 36.9659
    endloop
  endfacet
  facet normal 0 0.130633 -0.991431
    outer loop
      vertex 5 66.11 37
      vertex 0 65.8512 36.9659
      vertex 0 66.11 37
    endloop
  endfacet
  facet normal 0 -0.991431 0.130633
    outer loop
      vertex 0 67.0759 35.7412
      vertex 5 67.11 36
      vertex 0 67.11 36
    endloop
  endfacet
  facet normal 0 -0.991431 0.130633
    outer loop
      vertex 5 67.11 36
      vertex 0 67.0759 35.7412
      vertex 5 67.0759 35.7412
    endloop
  endfacet
  facet normal 0 0.793378 0.608729
    outer loop
      vertex 5 65.4029 35.2929
      vertex 0 65.244 35.5
      vertex 5 65.244 35.5
    endloop
  endfacet
  facet normal 0 0.793378 0.608729
    outer loop
      vertex 0 65.244 35.5
      vertex 5 65.4029 35.2929
      vertex 0 65.4029 35.2929
    endloop
  endfacet
  facet normal -0 0.608729 0.793378
    outer loop
      vertex 0 65.61 35.134
      vertex 5 65.4029 35.2929
      vertex 5 65.61 35.134
    endloop
  endfacet
  facet normal 0 0.608729 0.793378
    outer loop
      vertex 5 65.4029 35.2929
      vertex 0 65.61 35.134
      vertex 0 65.4029 35.2929
    endloop
  endfacet
  facet normal 0 0.991431 0.130633
    outer loop
      vertex 5 65.1441 35.7412
      vertex 0 65.11 36
      vertex 5 65.11 36
    endloop
  endfacet
  facet normal 0 0.991431 0.130633
    outer loop
      vertex 0 65.11 36
      vertex 5 65.1441 35.7412
      vertex 0 65.1441 35.7412
    endloop
  endfacet
  facet normal 0 -0.382656 -0.923891
    outer loop
      vertex 0 66.3688 36.9659
      vertex 5 66.61 36.866
      vertex 5 66.3688 36.9659
    endloop
  endfacet
  facet normal -0 -0.382656 -0.923891
    outer loop
      vertex 5 66.61 36.866
      vertex 0 66.3688 36.9659
      vertex 0 66.61 36.866
    endloop
  endfacet
  facet normal 0 0.923891 0.382656
    outer loop
      vertex 5 65.244 35.5
      vertex 0 65.1441 35.7412
      vertex 5 65.1441 35.7412
    endloop
  endfacet
  facet normal 0 0.923891 0.382656
    outer loop
      vertex 0 65.1441 35.7412
      vertex 5 65.244 35.5
      vertex 0 65.244 35.5
    endloop
  endfacet
  facet normal 0 -0.608729 0.793378
    outer loop
      vertex 0 66.8171 35.2929
      vertex 5 66.61 35.134
      vertex 5 66.8171 35.2929
    endloop
  endfacet
  facet normal 0 -0.608729 0.793378
    outer loop
      vertex 5 66.61 35.134
      vertex 0 66.8171 35.2929
      vertex 0 66.61 35.134
    endloop
  endfacet
  facet normal 0 -0.130633 0.991431
    outer loop
      vertex 0 66.3688 35.0341
      vertex 5 66.11 35
      vertex 5 66.3688 35.0341
    endloop
  endfacet
  facet normal 0 -0.130633 0.991431
    outer loop
      vertex 5 66.11 35
      vertex 0 66.3688 35.0341
      vertex 0 66.11 35
    endloop
  endfacet
  facet normal 0 -0.793378 -0.608729
    outer loop
      vertex 0 22.526 36.5
      vertex 5 22.3671 36.7071
      vertex 0 22.3671 36.7071
    endloop
  endfacet
  facet normal 0 -0.793378 -0.608729
    outer loop
      vertex 5 22.3671 36.7071
      vertex 0 22.526 36.5
      vertex 5 22.526 36.5
    endloop
  endfacet
  facet normal 0 -0.793378 0.608729
    outer loop
      vertex 0 22.3671 35.2929
      vertex 5 22.526 35.5
      vertex 0 22.526 35.5
    endloop
  endfacet
  facet normal 0 -0.793378 0.608729
    outer loop
      vertex 5 22.526 35.5
      vertex 0 22.3671 35.2929
      vertex 5 22.3671 35.2929
    endloop
  endfacet
  facet normal -1 0 0
    outer loop
      vertex 5 22.6259 35.7412
      vertex 5 22.6259 36.2588
      vertex 5 22.66 36
    endloop
  endfacet
  facet normal -1 0 0
    outer loop
      vertex 5 22.526 35.5
      vertex 5 22.6259 36.2588
      vertex 5 22.6259 35.7412
    endloop
  endfacet
  facet normal -1 0 0
    outer loop
      vertex 5 22.526 35.5
      vertex 5 22.526 36.5
      vertex 5 22.6259 36.2588
    endloop
  endfacet
  facet normal -1 0 0
    outer loop
      vertex 5 22.3671 35.2929
      vertex 5 22.526 36.5
      vertex 5 22.526 35.5
    endloop
  endfacet
  facet normal -1 0 0
    outer loop
      vertex 5 22.3671 35.2929
      vertex 5 22.3671 36.7071
      vertex 5 22.526 36.5
    endloop
  endfacet
  facet normal -1 0 0
    outer loop
      vertex 5 22.16 35.134
      vertex 5 22.3671 36.7071
      vertex 5 22.3671 35.2929
    endloop
  endfacet
  facet normal -1 0 0
    outer loop
      vertex 5 22.16 35.134
      vertex 5 22.16 36.866
      vertex 5 22.3671 36.7071
    endloop
  endfacet
  facet normal -1 0 0
    outer loop
      vertex 5 21.9188 35.0341
      vertex 5 22.16 36.866
      vertex 5 22.16 35.134
    endloop
  endfacet
  facet normal -1 0 0
    outer loop
      vertex 5 21.9188 35.0341
      vertex 5 21.9188 36.9659
      vertex 5 22.16 36.866
    endloop
  endfacet
  facet normal -1 0 0
    outer loop
      vertex 5 21.66 35
      vertex 5 21.9188 36.9659
      vertex 5 21.9188 35.0341
    endloop
  endfacet
  facet normal -1 0 0
    outer loop
      vertex 5 21.66 35
      vertex 5 21.66 37
      vertex 5 21.9188 36.9659
    endloop
  endfacet
  facet normal -1 0 0
    outer loop
      vertex 5 21.4012 35.0341
      vertex 5 21.66 37
      vertex 5 21.66 35
    endloop
  endfacet
  facet normal -1 0 0
    outer loop
      vertex 5 21.4012 35.0341
      vertex 5 21.4012 36.9659
      vertex 5 21.66 37
    endloop
  endfacet
  facet normal -1 0 0
    outer loop
      vertex 5 21.16 35.134
      vertex 5 21.4012 36.9659
      vertex 5 21.4012 35.0341
    endloop
  endfacet
  facet normal -1 0 0
    outer loop
      vertex 5 21.16 35.134
      vertex 5 21.16 36.866
      vertex 5 21.4012 36.9659
    endloop
  endfacet
  facet normal -1 0 0
    outer loop
      vertex 5 20.9529 35.2929
      vertex 5 21.16 36.866
      vertex 5 21.16 35.134
    endloop
  endfacet
  facet normal -1 0 0
    outer loop
      vertex 5 20.9529 35.2929
      vertex 5 20.9529 36.7071
      vertex 5 21.16 36.866
    endloop
  endfacet
  facet normal -1 0 0
    outer loop
      vertex 5 20.794 35.5
      vertex 5 20.9529 36.7071
      vertex 5 20.9529 35.2929
    endloop
  endfacet
  facet normal -1 0 0
    outer loop
      vertex 5 20.794 35.5
      vertex 5 20.794 36.5
      vertex 5 20.9529 36.7071
    endloop
  endfacet
  facet normal -1 0 0
    outer loop
      vertex 5 20.6941 35.7412
      vertex 5 20.794 36.5
      vertex 5 20.794 35.5
    endloop
  endfacet
  facet normal -1 0 0
    outer loop
      vertex 5 20.6941 35.7412
      vertex 5 20.6941 36.2588
      vertex 5 20.794 36.5
    endloop
  endfacet
  facet normal -1 0 -0
    outer loop
      vertex 5 20.6941 36.2588
      vertex 5 20.6941 35.7412
      vertex 5 20.66 36
    endloop
  endfacet
  facet normal 0 -0.923891 0.382656
    outer loop
      vertex 0 22.526 35.5
      vertex 5 22.6259 35.7412
      vertex 0 22.6259 35.7412
    endloop
  endfacet
  facet normal 0 -0.923891 0.382656
    outer loop
      vertex 5 22.6259 35.7412
      vertex 0 22.526 35.5
      vertex 5 22.526 35.5
    endloop
  endfacet
  facet normal 0 0.991431 -0.130633
    outer loop
      vertex 5 20.66 36
      vertex 0 20.6941 36.2588
      vertex 5 20.6941 36.2588
    endloop
  endfacet
  facet normal 0 0.991431 -0.130633
    outer loop
      vertex 0 20.6941 36.2588
      vertex 5 20.66 36
      vertex 0 20.66 36
    endloop
  endfacet
  facet normal 0 0.608729 -0.793378
    outer loop
      vertex 0 20.9529 36.7071
      vertex 5 21.16 36.866
      vertex 5 20.9529 36.7071
    endloop
  endfacet
  facet normal 0 0.608729 -0.793378
    outer loop
      vertex 5 21.16 36.866
      vertex 0 20.9529 36.7071
      vertex 0 21.16 36.866
    endloop
  endfacet
  facet normal 0 -0.991431 -0.130633
    outer loop
      vertex 0 22.66 36
      vertex 5 22.6259 36.2588
      vertex 0 22.6259 36.2588
    endloop
  endfacet
  facet normal 0 -0.991431 -0.130633
    outer loop
      vertex 5 22.6259 36.2588
      vertex 0 22.66 36
      vertex 5 22.66 36
    endloop
  endfacet
  facet normal -0 0.130633 0.991431
    outer loop
      vertex 0 21.66 35
      vertex 5 21.4012 35.0341
      vertex 5 21.66 35
    endloop
  endfacet
  facet normal 0 0.130633 0.991431
    outer loop
      vertex 5 21.4012 35.0341
      vertex 0 21.66 35
      vertex 0 21.4012 35.0341
    endloop
  endfacet
  facet normal 0 -0.608729 -0.793378
    outer loop
      vertex 0 22.16 36.866
      vertex 5 22.3671 36.7071
      vertex 5 22.16 36.866
    endloop
  endfacet
  facet normal -0 -0.608729 -0.793378
    outer loop
      vertex 5 22.3671 36.7071
      vertex 0 22.16 36.866
      vertex 0 22.3671 36.7071
    endloop
  endfacet
  facet normal 0 -0.923891 -0.382656
    outer loop
      vertex 0 22.6259 36.2588
      vertex 5 22.526 36.5
      vertex 0 22.526 36.5
    endloop
  endfacet
  facet normal 0 -0.923891 -0.382656
    outer loop
      vertex 5 22.526 36.5
      vertex 0 22.6259 36.2588
      vertex 5 22.6259 36.2588
    endloop
  endfacet
  facet normal 0 -0.130633 -0.991431
    outer loop
      vertex 0 21.66 37
      vertex 5 21.9188 36.9659
      vertex 5 21.66 37
    endloop
  endfacet
  facet normal -0 -0.130633 -0.991431
    outer loop
      vertex 5 21.9188 36.9659
      vertex 0 21.66 37
      vertex 0 21.9188 36.9659
    endloop
  endfacet
  facet normal -0 0.382656 0.923891
    outer loop
      vertex 0 21.4012 35.0341
      vertex 5 21.16 35.134
      vertex 5 21.4012 35.0341
    endloop
  endfacet
  facet normal 0 0.382656 0.923891
    outer loop
      vertex 5 21.16 35.134
      vertex 0 21.4012 35.0341
      vertex 0 21.16 35.134
    endloop
  endfacet
  facet normal 0 0.923891 -0.382656
    outer loop
      vertex 5 20.6941 36.2588
      vertex 0 20.794 36.5
      vertex 5 20.794 36.5
    endloop
  endfacet
  facet normal 0 0.923891 -0.382656
    outer loop
      vertex 0 20.794 36.5
      vertex 5 20.6941 36.2588
      vertex 0 20.6941 36.2588
    endloop
  endfacet
  facet normal 0 -0.382656 0.923891
    outer loop
      vertex 0 22.16 35.134
      vertex 5 21.9188 35.0341
      vertex 5 22.16 35.134
    endloop
  endfacet
  facet normal 0 -0.382656 0.923891
    outer loop
      vertex 5 21.9188 35.0341
      vertex 0 22.16 35.134
      vertex 0 21.9188 35.0341
    endloop
  endfacet
  facet normal 0 0.793378 -0.608729
    outer loop
      vertex 5 20.794 36.5
      vertex 0 20.9529 36.7071
      vertex 5 20.9529 36.7071
    endloop
  endfacet
  facet normal 0 0.793378 -0.608729
    outer loop
      vertex 0 20.9529 36.7071
      vertex 5 20.794 36.5
      vertex 0 20.794 36.5
    endloop
  endfacet
  facet normal 0 0.382656 -0.923891
    outer loop
      vertex 0 21.16 36.866
      vertex 5 21.4012 36.9659
      vertex 5 21.16 36.866
    endloop
  endfacet
  facet normal 0 0.382656 -0.923891
    outer loop
      vertex 5 21.4012 36.9659
      vertex 0 21.16 36.866
      vertex 0 21.4012 36.9659
    endloop
  endfacet
  facet normal 0 0.130633 -0.991431
    outer loop
      vertex 0 21.4012 36.9659
      vertex 5 21.66 37
      vertex 5 21.4012 36.9659
    endloop
  endfacet
  facet normal 0 0.130633 -0.991431
    outer loop
      vertex 5 21.66 37
      vertex 0 21.4012 36.9659
      vertex 0 21.66 37
    endloop
  endfacet
  facet normal 0 -0.991431 0.130633
    outer loop
      vertex 0 22.6259 35.7412
      vertex 5 22.66 36
      vertex 0 22.66 36
    endloop
  endfacet
  facet normal 0 -0.991431 0.130633
    outer loop
      vertex 5 22.66 36
      vertex 0 22.6259 35.7412
      vertex 5 22.6259 35.7412
    endloop
  endfacet
  facet normal 0 0.793378 0.608729
    outer loop
      vertex 5 20.9529 35.2929
      vertex 0 20.794 35.5
      vertex 5 20.794 35.5
    endloop
  endfacet
  facet normal 0 0.793378 0.608729
    outer loop
      vertex 0 20.794 35.5
      vertex 5 20.9529 35.2929
      vertex 0 20.9529 35.2929
    endloop
  endfacet
  facet normal -0 0.608729 0.793378
    outer loop
      vertex 0 21.16 35.134
      vertex 5 20.9529 35.2929
      vertex 5 21.16 35.134
    endloop
  endfacet
  facet normal 0 0.608729 0.793378
    outer loop
      vertex 5 20.9529 35.2929
      vertex 0 21.16 35.134
      vertex 0 20.9529 35.2929
    endloop
  endfacet
  facet normal 0 0.991431 0.130633
    outer loop
      vertex 5 20.6941 35.7412
      vertex 0 20.66 36
      vertex 5 20.66 36
    endloop
  endfacet
  facet normal 0 0.991431 0.130633
    outer loop
      vertex 0 20.66 36
      vertex 5 20.6941 35.7412
      vertex 0 20.6941 35.7412
    endloop
  endfacet
  facet normal 0 -0.382656 -0.923891
    outer loop
      vertex 0 21.9188 36.9659
      vertex 5 22.16 36.866
      vertex 5 21.9188 36.9659
    endloop
  endfacet
  facet normal -0 -0.382656 -0.923891
    outer loop
      vertex 5 22.16 36.866
      vertex 0 21.9188 36.9659
      vertex 0 22.16 36.866
    endloop
  endfacet
  facet normal 0 0.923891 0.382656
    outer loop
      vertex 5 20.794 35.5
      vertex 0 20.6941 35.7412
      vertex 5 20.6941 35.7412
    endloop
  endfacet
  facet normal 0 0.923891 0.382656
    outer loop
      vertex 0 20.6941 35.7412
      vertex 5 20.794 35.5
      vertex 0 20.794 35.5
    endloop
  endfacet
  facet normal 0 -0.608729 0.793378
    outer loop
      vertex 0 22.3671 35.2929
      vertex 5 22.16 35.134
      vertex 5 22.3671 35.2929
    endloop
  endfacet
  facet normal 0 -0.608729 0.793378
    outer loop
      vertex 5 22.16 35.134
      vertex 0 22.3671 35.2929
      vertex 0 22.16 35.134
    endloop
  endfacet
  facet normal 0 -0.130633 0.991431
    outer loop
      vertex 0 21.9188 35.0341
      vertex 5 21.66 35
      vertex 5 21.9188 35.0341
    endloop
  endfacet
  facet normal 0 -0.130633 0.991431
    outer loop
      vertex 5 21.66 35
      vertex 0 21.9188 35.0341
      vertex 0 21.66 35
    endloop
  endfacet
  facet normal 0 -0.793236 -0.608914
    outer loop
      vertex 0 66.976 106.5
      vertex 5 66.8171 106.707
      vertex 0 66.8171 106.707
    endloop
  endfacet
  facet normal 0 -0.793236 -0.608914
    outer loop
      vertex 5 66.8171 106.707
      vertex 0 66.976 106.5
      vertex 5 66.976 106.5
    endloop
  endfacet
  facet normal 0 -0.793236 0.608914
    outer loop
      vertex 0 66.8171 105.293
      vertex 5 66.976 105.5
      vertex 0 66.976 105.5
    endloop
  endfacet
  facet normal 0 -0.793236 0.608914
    outer loop
      vertex 5 66.976 105.5
      vertex 0 66.8171 105.293
      vertex 5 66.8171 105.293
    endloop
  endfacet
  facet normal -1 0 0
    outer loop
      vertex 5 67.0759 105.741
      vertex 5 67.0759 106.259
      vertex 5 67.11 106
    endloop
  endfacet
  facet normal -1 0 0
    outer loop
      vertex 5 66.976 105.5
      vertex 5 67.0759 106.259
      vertex 5 67.0759 105.741
    endloop
  endfacet
  facet normal -1 0 0
    outer loop
      vertex 5 66.976 105.5
      vertex 5 66.976 106.5
      vertex 5 67.0759 106.259
    endloop
  endfacet
  facet normal -1 0 0
    outer loop
      vertex 5 66.8171 105.293
      vertex 5 66.976 106.5
      vertex 5 66.976 105.5
    endloop
  endfacet
  facet normal -1 0 0
    outer loop
      vertex 5 66.8171 105.293
      vertex 5 66.8171 106.707
      vertex 5 66.976 106.5
    endloop
  endfacet
  facet normal -1 0 0
    outer loop
      vertex 5 66.61 105.134
      vertex 5 66.8171 106.707
      vertex 5 66.8171 105.293
    endloop
  endfacet
  facet normal -1 0 0
    outer loop
      vertex 5 66.61 105.134
      vertex 5 66.61 106.866
      vertex 5 66.8171 106.707
    endloop
  endfacet
  facet normal -1 0 0
    outer loop
      vertex 5 66.3688 105.034
      vertex 5 66.61 106.866
      vertex 5 66.61 105.134
    endloop
  endfacet
  facet normal -1 0 0
    outer loop
      vertex 5 66.3688 105.034
      vertex 5 66.3688 106.966
      vertex 5 66.61 106.866
    endloop
  endfacet
  facet normal -1 0 0
    outer loop
      vertex 5 66.11 105
      vertex 5 66.3688 106.966
      vertex 5 66.3688 105.034
    endloop
  endfacet
  facet normal -1 0 0
    outer loop
      vertex 5 66.11 105
      vertex 5 66.11 107
      vertex 5 66.3688 106.966
    endloop
  endfacet
  facet normal -1 0 0
    outer loop
      vertex 5 65.8512 105.034
      vertex 5 66.11 107
      vertex 5 66.11 105
    endloop
  endfacet
  facet normal -1 0 0
    outer loop
      vertex 5 65.8512 105.034
      vertex 5 65.8512 106.966
      vertex 5 66.11 107
    endloop
  endfacet
  facet normal -1 0 0
    outer loop
      vertex 5 65.61 105.134
      vertex 5 65.8512 106.966
      vertex 5 65.8512 105.034
    endloop
  endfacet
  facet normal -1 0 0
    outer loop
      vertex 5 65.61 105.134
      vertex 5 65.61 106.866
      vertex 5 65.8512 106.966
    endloop
  endfacet
  facet normal -1 0 0
    outer loop
      vertex 5 65.4029 105.293
      vertex 5 65.61 106.866
      vertex 5 65.61 105.134
    endloop
  endfacet
  facet normal -1 0 0
    outer loop
      vertex 5 65.4029 105.293
      vertex 5 65.4029 106.707
      vertex 5 65.61 106.866
    endloop
  endfacet
  facet normal -1 0 0
    outer loop
      vertex 5 65.244 105.5
      vertex 5 65.4029 106.707
      vertex 5 65.4029 105.293
    endloop
  endfacet
  facet normal -1 0 0
    outer loop
      vertex 5 65.244 105.5
      vertex 5 65.244 106.5
      vertex 5 65.4029 106.707
    endloop
  endfacet
  facet normal -1 0 0
    outer loop
      vertex 5 65.1441 105.741
      vertex 5 65.244 106.5
      vertex 5 65.244 105.5
    endloop
  endfacet
  facet normal -1 0 0
    outer loop
      vertex 5 65.1441 105.741
      vertex 5 65.1441 106.259
      vertex 5 65.244 106.5
    endloop
  endfacet
  facet normal -1 0 -0
    outer loop
      vertex 5 65.1441 106.259
      vertex 5 65.1441 105.741
      vertex 5 65.11 106
    endloop
  endfacet
  facet normal 0 -0.923778 0.382927
    outer loop
      vertex 0 66.976 105.5
      vertex 5 67.0759 105.741
      vertex 0 67.0759 105.741
    endloop
  endfacet
  facet normal 0 -0.923778 0.382927
    outer loop
      vertex 5 67.0759 105.741
      vertex 0 66.976 105.5
      vertex 5 66.976 105.5
    endloop
  endfacet
  facet normal 0 0.991444 -0.130534
    outer loop
      vertex 5 65.11 106
      vertex 0 65.1441 106.259
      vertex 5 65.1441 106.259
    endloop
  endfacet
  facet normal 0 0.991444 -0.130534
    outer loop
      vertex 0 65.1441 106.259
      vertex 5 65.11 106
      vertex 0 65.11 106
    endloop
  endfacet
  facet normal 0 0.60897 -0.793193
    outer loop
      vertex 0 65.4029 106.707
      vertex 5 65.61 106.866
      vertex 5 65.4029 106.707
    endloop
  endfacet
  facet normal 0 0.60897 -0.793193
    outer loop
      vertex 5 65.61 106.866
      vertex 0 65.4029 106.707
      vertex 0 65.61 106.866
    endloop
  endfacet
  facet normal 0 -0.991444 -0.130534
    outer loop
      vertex 0 67.11 106
      vertex 5 67.0759 106.259
      vertex 0 67.0759 106.259
    endloop
  endfacet
  facet normal 0 -0.991444 -0.130534
    outer loop
      vertex 5 67.0759 106.259
      vertex 0 67.11 106
      vertex 5 67.11 106
    endloop
  endfacet
  facet normal -0 0.130256 0.99148
    outer loop
      vertex 0 66.11 105
      vertex 5 65.8512 105.034
      vertex 5 66.11 105
    endloop
  endfacet
  facet normal 0 0.130256 0.99148
    outer loop
      vertex 5 65.8512 105.034
      vertex 0 66.11 105
      vertex 0 65.8512 105.034
    endloop
  endfacet
  facet normal 0 -0.60897 -0.793193
    outer loop
      vertex 0 66.61 106.866
      vertex 5 66.8171 106.707
      vertex 5 66.61 106.866
    endloop
  endfacet
  facet normal -0 -0.60897 -0.793193
    outer loop
      vertex 5 66.8171 106.707
      vertex 0 66.61 106.866
      vertex 0 66.8171 106.707
    endloop
  endfacet
  facet normal 0 -0.923778 -0.382927
    outer loop
      vertex 0 67.0759 106.259
      vertex 5 66.976 106.5
      vertex 0 66.976 106.5
    endloop
  endfacet
  facet normal 0 -0.923778 -0.382927
    outer loop
      vertex 5 66.976 106.5
      vertex 0 67.0759 106.259
      vertex 5 67.0759 106.259
    endloop
  endfacet
  facet normal 0 -0.130256 -0.99148
    outer loop
      vertex 0 66.11 107
      vertex 5 66.3688 106.966
      vertex 5 66.11 107
    endloop
  endfacet
  facet normal -0 -0.130256 -0.99148
    outer loop
      vertex 5 66.3688 106.966
      vertex 0 66.11 107
      vertex 0 66.3688 106.966
    endloop
  endfacet
  facet normal -0 0.382983 0.923755
    outer loop
      vertex 0 65.8512 105.034
      vertex 5 65.61 105.134
      vertex 5 65.8512 105.034
    endloop
  endfacet
  facet normal 0 0.382983 0.923755
    outer loop
      vertex 5 65.61 105.134
      vertex 0 65.8512 105.034
      vertex 0 65.61 105.134
    endloop
  endfacet
  facet normal 0 0.923778 -0.382927
    outer loop
      vertex 5 65.1441 106.259
      vertex 0 65.244 106.5
      vertex 5 65.244 106.5
    endloop
  endfacet
  facet normal 0 0.923778 -0.382927
    outer loop
      vertex 0 65.244 106.5
      vertex 5 65.1441 106.259
      vertex 0 65.1441 106.259
    endloop
  endfacet
  facet normal 0 -0.382983 0.923755
    outer loop
      vertex 0 66.61 105.134
      vertex 5 66.3688 105.034
      vertex 5 66.61 105.134
    endloop
  endfacet
  facet normal 0 -0.382983 0.923755
    outer loop
      vertex 5 66.3688 105.034
      vertex 0 66.61 105.134
      vertex 0 66.3688 105.034
    endloop
  endfacet
  facet normal 0 0.793236 -0.608914
    outer loop
      vertex 5 65.244 106.5
      vertex 0 65.4029 106.707
      vertex 5 65.4029 106.707
    endloop
  endfacet
  facet normal 0 0.793236 -0.608914
    outer loop
      vertex 0 65.4029 106.707
      vertex 5 65.244 106.5
      vertex 0 65.244 106.5
    endloop
  endfacet
  facet normal 0 0.382983 -0.923755
    outer loop
      vertex 0 65.61 106.866
      vertex 5 65.8512 106.966
      vertex 5 65.61 106.866
    endloop
  endfacet
  facet normal 0 0.382983 -0.923755
    outer loop
      vertex 5 65.8512 106.966
      vertex 0 65.61 106.866
      vertex 0 65.8512 106.966
    endloop
  endfacet
  facet normal 0 0.130256 -0.99148
    outer loop
      vertex 0 65.8512 106.966
      vertex 5 66.11 107
      vertex 5 65.8512 106.966
    endloop
  endfacet
  facet normal 0 0.130256 -0.99148
    outer loop
      vertex 5 66.11 107
      vertex 0 65.8512 106.966
      vertex 0 66.11 107
    endloop
  endfacet
  facet normal 0 -0.991444 0.130534
    outer loop
      vertex 0 67.0759 105.741
      vertex 5 67.11 106
      vertex 0 67.11 106
    endloop
  endfacet
  facet normal 0 -0.991444 0.130534
    outer loop
      vertex 5 67.11 106
      vertex 0 67.0759 105.741
      vertex 5 67.0759 105.741
    endloop
  endfacet
  facet normal 0 0.793236 0.608914
    outer loop
      vertex 5 65.4029 105.293
      vertex 0 65.244 105.5
      vertex 5 65.244 105.5
    endloop
  endfacet
  facet normal 0 0.793236 0.608914
    outer loop
      vertex 0 65.244 105.5
      vertex 5 65.4029 105.293
      vertex 0 65.4029 105.293
    endloop
  endfacet
  facet normal -0 0.60897 0.793193
    outer loop
      vertex 0 65.61 105.134
      vertex 5 65.4029 105.293
      vertex 5 65.61 105.134
    endloop
  endfacet
  facet normal 0 0.60897 0.793193
    outer loop
      vertex 5 65.4029 105.293
      vertex 0 65.61 105.134
      vertex 0 65.4029 105.293
    endloop
  endfacet
  facet normal 0 0.991444 0.130534
    outer loop
      vertex 5 65.1441 105.741
      vertex 0 65.11 106
      vertex 5 65.11 106
    endloop
  endfacet
  facet normal 0 0.991444 0.130534
    outer loop
      vertex 0 65.11 106
      vertex 5 65.1441 105.741
      vertex 0 65.1441 105.741
    endloop
  endfacet
  facet normal 0 -0.382983 -0.923755
    outer loop
      vertex 0 66.3688 106.966
      vertex 5 66.61 106.866
      vertex 5 66.3688 106.966
    endloop
  endfacet
  facet normal -0 -0.382983 -0.923755
    outer loop
      vertex 5 66.61 106.866
      vertex 0 66.3688 106.966
      vertex 0 66.61 106.866
    endloop
  endfacet
  facet normal 0 0.923778 0.382927
    outer loop
      vertex 5 65.244 105.5
      vertex 0 65.1441 105.741
      vertex 5 65.1441 105.741
    endloop
  endfacet
  facet normal 0 0.923778 0.382927
    outer loop
      vertex 0 65.1441 105.741
      vertex 5 65.244 105.5
      vertex 0 65.244 105.5
    endloop
  endfacet
  facet normal 0 -0.60897 0.793193
    outer loop
      vertex 0 66.8171 105.293
      vertex 5 66.61 105.134
      vertex 5 66.8171 105.293
    endloop
  endfacet
  facet normal 0 -0.60897 0.793193
    outer loop
      vertex 5 66.61 105.134
      vertex 0 66.8171 105.293
      vertex 0 66.61 105.134
    endloop
  endfacet
  facet normal 0 -0.130256 0.99148
    outer loop
      vertex 0 66.3688 105.034
      vertex 5 66.11 105
      vertex 5 66.3688 105.034
    endloop
  endfacet
  facet normal 0 -0.130256 0.99148
    outer loop
      vertex 5 66.11 105
      vertex 0 66.3688 105.034
      vertex 0 66.11 105
    endloop
  endfacet
  facet normal 0 -0.793236 -0.608914
    outer loop
      vertex 0 22.526 106.5
      vertex 5 22.3671 106.707
      vertex 0 22.3671 106.707
    endloop
  endfacet
  facet normal 0 -0.793236 -0.608914
    outer loop
      vertex 5 22.3671 106.707
      vertex 0 22.526 106.5
      vertex 5 22.526 106.5
    endloop
  endfacet
  facet normal 0 -0.793236 0.608914
    outer loop
      vertex 0 22.3671 105.293
      vertex 5 22.526 105.5
      vertex 0 22.526 105.5
    endloop
  endfacet
  facet normal 0 -0.793236 0.608914
    outer loop
      vertex 5 22.526 105.5
      vertex 0 22.3671 105.293
      vertex 5 22.3671 105.293
    endloop
  endfacet
  facet normal -1 0 0
    outer loop
      vertex 5 22.6259 105.741
      vertex 5 22.6259 106.259
      vertex 5 22.66 106
    endloop
  endfacet
  facet normal -1 0 0
    outer loop
      vertex 5 22.526 105.5
      vertex 5 22.6259 106.259
      vertex 5 22.6259 105.741
    endloop
  endfacet
  facet normal -1 0 0
    outer loop
      vertex 5 22.526 105.5
      vertex 5 22.526 106.5
      vertex 5 22.6259 106.259
    endloop
  endfacet
  facet normal -1 0 0
    outer loop
      vertex 5 22.3671 105.293
      vertex 5 22.526 106.5
      vertex 5 22.526 105.5
    endloop
  endfacet
  facet normal -1 0 0
    outer loop
      vertex 5 22.3671 105.293
      vertex 5 22.3671 106.707
      vertex 5 22.526 106.5
    endloop
  endfacet
  facet normal -1 0 0
    outer loop
      vertex 5 22.16 105.134
      vertex 5 22.3671 106.707
      vertex 5 22.3671 105.293
    endloop
  endfacet
  facet normal -1 0 0
    outer loop
      vertex 5 22.16 105.134
      vertex 5 22.16 106.866
      vertex 5 22.3671 106.707
    endloop
  endfacet
  facet normal -1 0 0
    outer loop
      vertex 5 21.9188 105.034
      vertex 5 22.16 106.866
      vertex 5 22.16 105.134
    endloop
  endfacet
  facet normal -1 0 0
    outer loop
      vertex 5 21.9188 105.034
      vertex 5 21.9188 106.966
      vertex 5 22.16 106.866
    endloop
  endfacet
  facet normal -1 0 0
    outer loop
      vertex 5 21.66 105
      vertex 5 21.9188 106.966
      vertex 5 21.9188 105.034
    endloop
  endfacet
  facet normal -1 0 0
    outer loop
      vertex 5 21.66 105
      vertex 5 21.66 107
      vertex 5 21.9188 106.966
    endloop
  endfacet
  facet normal -1 0 0
    outer loop
      vertex 5 21.4012 105.034
      vertex 5 21.66 107
      vertex 5 21.66 105
    endloop
  endfacet
  facet normal -1 0 0
    outer loop
      vertex 5 21.4012 105.034
      vertex 5 21.4012 106.966
      vertex 5 21.66 107
    endloop
  endfacet
  facet normal -1 0 0
    outer loop
      vertex 5 21.16 105.134
      vertex 5 21.4012 106.966
      vertex 5 21.4012 105.034
    endloop
  endfacet
  facet normal -1 0 0
    outer loop
      vertex 5 21.16 105.134
      vertex 5 21.16 106.866
      vertex 5 21.4012 106.966
    endloop
  endfacet
  facet normal -1 0 0
    outer loop
      vertex 5 20.9529 105.293
      vertex 5 21.16 106.866
      vertex 5 21.16 105.134
    endloop
  endfacet
  facet normal -1 0 0
    outer loop
      vertex 5 20.9529 105.293
      vertex 5 20.9529 106.707
      vertex 5 21.16 106.866
    endloop
  endfacet
  facet normal -1 0 0
    outer loop
      vertex 5 20.794 105.5
      vertex 5 20.9529 106.707
      vertex 5 20.9529 105.293
    endloop
  endfacet
  facet normal -1 0 0
    outer loop
      vertex 5 20.794 105.5
      vertex 5 20.794 106.5
      vertex 5 20.9529 106.707
    endloop
  endfacet
  facet normal -1 0 0
    outer loop
      vertex 5 20.6941 105.741
      vertex 5 20.794 106.5
      vertex 5 20.794 105.5
    endloop
  endfacet
  facet normal -1 0 0
    outer loop
      vertex 5 20.6941 105.741
      vertex 5 20.6941 106.259
      vertex 5 20.794 106.5
    endloop
  endfacet
  facet normal -1 0 -0
    outer loop
      vertex 5 20.6941 106.259
      vertex 5 20.6941 105.741
      vertex 5 20.66 106
    endloop
  endfacet
  facet normal 0 -0.923778 0.382927
    outer loop
      vertex 0 22.526 105.5
      vertex 5 22.6259 105.741
      vertex 0 22.6259 105.741
    endloop
  endfacet
  facet normal 0 -0.923778 0.382927
    outer loop
      vertex 5 22.6259 105.741
      vertex 0 22.526 105.5
      vertex 5 22.526 105.5
    endloop
  endfacet
  facet normal 0 0.991444 -0.130534
    outer loop
      vertex 5 20.66 106
      vertex 0 20.6941 106.259
      vertex 5 20.6941 106.259
    endloop
  endfacet
  facet normal 0 0.991444 -0.130534
    outer loop
      vertex 0 20.6941 106.259
      vertex 5 20.66 106
      vertex 0 20.66 106
    endloop
  endfacet
  facet normal 0 0.60897 -0.793193
    outer loop
      vertex 0 20.9529 106.707
      vertex 5 21.16 106.866
      vertex 5 20.9529 106.707
    endloop
  endfacet
  facet normal 0 0.60897 -0.793193
    outer loop
      vertex 5 21.16 106.866
      vertex 0 20.9529 106.707
      vertex 0 21.16 106.866
    endloop
  endfacet
  facet normal 0 -0.991444 -0.130534
    outer loop
      vertex 0 22.66 106
      vertex 5 22.6259 106.259
      vertex 0 22.6259 106.259
    endloop
  endfacet
  facet normal 0 -0.991444 -0.130534
    outer loop
      vertex 5 22.6259 106.259
      vertex 0 22.66 106
      vertex 5 22.66 106
    endloop
  endfacet
  facet normal -0 0.130256 0.99148
    outer loop
      vertex 0 21.66 105
      vertex 5 21.4012 105.034
      vertex 5 21.66 105
    endloop
  endfacet
  facet normal 0 0.130256 0.99148
    outer loop
      vertex 5 21.4012 105.034
      vertex 0 21.66 105
      vertex 0 21.4012 105.034
    endloop
  endfacet
  facet normal 0 -0.60897 -0.793193
    outer loop
      vertex 0 22.16 106.866
      vertex 5 22.3671 106.707
      vertex 5 22.16 106.866
    endloop
  endfacet
  facet normal -0 -0.60897 -0.793193
    outer loop
      vertex 5 22.3671 106.707
      vertex 0 22.16 106.866
      vertex 0 22.3671 106.707
    endloop
  endfacet
  facet normal 0 -0.923778 -0.382927
    outer loop
      vertex 0 22.6259 106.259
      vertex 5 22.526 106.5
      vertex 0 22.526 106.5
    endloop
  endfacet
  facet normal 0 -0.923778 -0.382927
    outer loop
      vertex 5 22.526 106.5
      vertex 0 22.6259 106.259
      vertex 5 22.6259 106.259
    endloop
  endfacet
  facet normal 0 -0.130256 -0.99148
    outer loop
      vertex 0 21.66 107
      vertex 5 21.9188 106.966
      vertex 5 21.66 107
    endloop
  endfacet
  facet normal -0 -0.130256 -0.99148
    outer loop
      vertex 5 21.9188 106.966
      vertex 0 21.66 107
      vertex 0 21.9188 106.966
    endloop
  endfacet
  facet normal -0 0.382983 0.923755
    outer loop
      vertex 0 21.4012 105.034
      vertex 5 21.16 105.134
      vertex 5 21.4012 105.034
    endloop
  endfacet
  facet normal 0 0.382983 0.923755
    outer loop
      vertex 5 21.16 105.134
      vertex 0 21.4012 105.034
      vertex 0 21.16 105.134
    endloop
  endfacet
  facet normal 0 0.923778 -0.382927
    outer loop
      vertex 5 20.6941 106.259
      vertex 0 20.794 106.5
      vertex 5 20.794 106.5
    endloop
  endfacet
  facet normal 0 0.923778 -0.382927
    outer loop
      vertex 0 20.794 106.5
      vertex 5 20.6941 106.259
      vertex 0 20.6941 106.259
    endloop
  endfacet
  facet normal 0 -0.382983 0.923755
    outer loop
      vertex 0 22.16 105.134
      vertex 5 21.9188 105.034
      vertex 5 22.16 105.134
    endloop
  endfacet
  facet normal 0 -0.382983 0.923755
    outer loop
      vertex 5 21.9188 105.034
      vertex 0 22.16 105.134
      vertex 0 21.9188 105.034
    endloop
  endfacet
  facet normal 0 0.793236 -0.608914
    outer loop
      vertex 5 20.794 106.5
      vertex 0 20.9529 106.707
      vertex 5 20.9529 106.707
    endloop
  endfacet
  facet normal 0 0.793236 -0.608914
    outer loop
      vertex 0 20.9529 106.707
      vertex 5 20.794 106.5
      vertex 0 20.794 106.5
    endloop
  endfacet
  facet normal 0 0.382983 -0.923755
    outer loop
      vertex 0 21.16 106.866
      vertex 5 21.4012 106.966
      vertex 5 21.16 106.866
    endloop
  endfacet
  facet normal 0 0.382983 -0.923755
    outer loop
      vertex 5 21.4012 106.966
      vertex 0 21.16 106.866
      vertex 0 21.4012 106.966
    endloop
  endfacet
  facet normal 0 0.130256 -0.99148
    outer loop
      vertex 0 21.4012 106.966
      vertex 5 21.66 107
      vertex 5 21.4012 106.966
    endloop
  endfacet
  facet normal 0 0.130256 -0.99148
    outer loop
      vertex 5 21.66 107
      vertex 0 21.4012 106.966
      vertex 0 21.66 107
    endloop
  endfacet
  facet normal 0 -0.991444 0.130534
    outer loop
      vertex 0 22.6259 105.741
      vertex 5 22.66 106
      vertex 0 22.66 106
    endloop
  endfacet
  facet normal 0 -0.991444 0.130534
    outer loop
      vertex 5 22.66 106
      vertex 0 22.6259 105.741
      vertex 5 22.6259 105.741
    endloop
  endfacet
  facet normal 0 0.793236 0.608914
    outer loop
      vertex 5 20.9529 105.293
      vertex 0 20.794 105.5
      vertex 5 20.794 105.5
    endloop
  endfacet
  facet normal 0 0.793236 0.608914
    outer loop
      vertex 0 20.794 105.5
      vertex 5 20.9529 105.293
      vertex 0 20.9529 105.293
    endloop
  endfacet
  facet normal -0 0.60897 0.793193
    outer loop
      vertex 0 21.16 105.134
      vertex 5 20.9529 105.293
      vertex 5 21.16 105.134
    endloop
  endfacet
  facet normal 0 0.60897 0.793193
    outer loop
      vertex 5 20.9529 105.293
      vertex 0 21.16 105.134
      vertex 0 20.9529 105.293
    endloop
  endfacet
  facet normal 0 0.991444 0.130534
    outer loop
      vertex 5 20.6941 105.741
      vertex 0 20.66 106
      vertex 5 20.66 106
    endloop
  endfacet
  facet normal 0 0.991444 0.130534
    outer loop
      vertex 0 20.66 106
      vertex 5 20.6941 105.741
      vertex 0 20.6941 105.741
    endloop
  endfacet
  facet normal 0 -0.382983 -0.923755
    outer loop
      vertex 0 21.9188 106.966
      vertex 5 22.16 106.866
      vertex 5 21.9188 106.966
    endloop
  endfacet
  facet normal -0 -0.382983 -0.923755
    outer loop
      vertex 5 22.16 106.866
      vertex 0 21.9188 106.966
      vertex 0 22.16 106.866
    endloop
  endfacet
  facet normal 0 0.923778 0.382927
    outer loop
      vertex 5 20.794 105.5
      vertex 0 20.6941 105.741
      vertex 5 20.6941 105.741
    endloop
  endfacet
  facet normal 0 0.923778 0.382927
    outer loop
      vertex 0 20.6941 105.741
      vertex 5 20.794 105.5
      vertex 0 20.794 105.5
    endloop
  endfacet
  facet normal 0 -0.60897 0.793193
    outer loop
      vertex 0 22.3671 105.293
      vertex 5 22.16 105.134
      vertex 5 22.3671 105.293
    endloop
  endfacet
  facet normal 0 -0.60897 0.793193
    outer loop
      vertex 5 22.16 105.134
      vertex 0 22.3671 105.293
      vertex 0 22.16 105.134
    endloop
  endfacet
  facet normal 0 -0.130256 0.99148
    outer loop
      vertex 0 21.9188 105.034
      vertex 5 21.66 105
      vertex 5 21.9188 105.034
    endloop
  endfacet
  facet normal 0 -0.130256 0.99148
    outer loop
      vertex 5 21.66 105
      vertex 0 21.9188 105.034
      vertex 0 21.66 105
    endloop
  endfacet
  facet normal 0 -0.793378 -0.608729
    outer loop
      vertex 131.5 66.976 36.5
      vertex 136.5 66.8171 36.7071
      vertex 131.5 66.8171 36.7071
    endloop
  endfacet
  facet normal 0 -0.793378 -0.608729
    outer loop
      vertex 136.5 66.8171 36.7071
      vertex 131.5 66.976 36.5
      vertex 136.5 66.976 36.5
    endloop
  endfacet
  facet normal 0 -0.793378 0.608729
    outer loop
      vertex 131.5 66.8171 35.2929
      vertex 136.5 66.976 35.5
      vertex 131.5 66.976 35.5
    endloop
  endfacet
  facet normal 0 -0.793378 0.608729
    outer loop
      vertex 136.5 66.976 35.5
      vertex 131.5 66.8171 35.2929
      vertex 136.5 66.8171 35.2929
    endloop
  endfacet
  facet normal -1 0 0
    outer loop
      vertex 136.5 67.0759 35.7412
      vertex 136.5 67.0759 36.2588
      vertex 136.5 67.11 36
    endloop
  endfacet
  facet normal -1 0 0
    outer loop
      vertex 136.5 66.976 35.5
      vertex 136.5 67.0759 36.2588
      vertex 136.5 67.0759 35.7412
    endloop
  endfacet
  facet normal -1 0 0
    outer loop
      vertex 136.5 66.976 35.5
      vertex 136.5 66.976 36.5
      vertex 136.5 67.0759 36.2588
    endloop
  endfacet
  facet normal -1 0 0
    outer loop
      vertex 136.5 66.8171 35.2929
      vertex 136.5 66.976 36.5
      vertex 136.5 66.976 35.5
    endloop
  endfacet
  facet normal -1 0 0
    outer loop
      vertex 136.5 66.8171 35.2929
      vertex 136.5 66.8171 36.7071
      vertex 136.5 66.976 36.5
    endloop
  endfacet
  facet normal -1 0 0
    outer loop
      vertex 136.5 66.61 35.134
      vertex 136.5 66.8171 36.7071
      vertex 136.5 66.8171 35.2929
    endloop
  endfacet
  facet normal -1 0 0
    outer loop
      vertex 136.5 66.61 35.134
      vertex 136.5 66.61 36.866
      vertex 136.5 66.8171 36.7071
    endloop
  endfacet
  facet normal -1 0 0
    outer loop
      vertex 136.5 66.3688 35.0341
      vertex 136.5 66.61 36.866
      vertex 136.5 66.61 35.134
    endloop
  endfacet
  facet normal -1 0 0
    outer loop
      vertex 136.5 66.3688 35.0341
      vertex 136.5 66.3688 36.9659
      vertex 136.5 66.61 36.866
    endloop
  endfacet
  facet normal -1 0 0
    outer loop
      vertex 136.5 66.11 35
      vertex 136.5 66.3688 36.9659
      vertex 136.5 66.3688 35.0341
    endloop
  endfacet
  facet normal -1 0 0
    outer loop
      vertex 136.5 66.11 35
      vertex 136.5 66.11 37
      vertex 136.5 66.3688 36.9659
    endloop
  endfacet
  facet normal -1 0 0
    outer loop
      vertex 136.5 65.8512 35.0341
      vertex 136.5 66.11 37
      vertex 136.5 66.11 35
    endloop
  endfacet
  facet normal -1 0 0
    outer loop
      vertex 136.5 65.8512 35.0341
      vertex 136.5 65.8512 36.9659
      vertex 136.5 66.11 37
    endloop
  endfacet
  facet normal -1 0 0
    outer loop
      vertex 136.5 65.61 35.134
      vertex 136.5 65.8512 36.9659
      vertex 136.5 65.8512 35.0341
    endloop
  endfacet
  facet normal -1 0 0
    outer loop
      vertex 136.5 65.61 35.134
      vertex 136.5 65.61 36.866
      vertex 136.5 65.8512 36.9659
    endloop
  endfacet
  facet normal -1 0 0
    outer loop
      vertex 136.5 65.4029 35.2929
      vertex 136.5 65.61 36.866
      vertex 136.5 65.61 35.134
    endloop
  endfacet
  facet normal -1 0 0
    outer loop
      vertex 136.5 65.4029 35.2929
      vertex 136.5 65.4029 36.7071
      vertex 136.5 65.61 36.866
    endloop
  endfacet
  facet normal -1 0 0
    outer loop
      vertex 136.5 65.244 35.5
      vertex 136.5 65.4029 36.7071
      vertex 136.5 65.4029 35.2929
    endloop
  endfacet
  facet normal -1 0 0
    outer loop
      vertex 136.5 65.244 35.5
      vertex 136.5 65.244 36.5
      vertex 136.5 65.4029 36.7071
    endloop
  endfacet
  facet normal -1 0 0
    outer loop
      vertex 136.5 65.1441 35.7412
      vertex 136.5 65.244 36.5
      vertex 136.5 65.244 35.5
    endloop
  endfacet
  facet normal -1 0 0
    outer loop
      vertex 136.5 65.1441 35.7412
      vertex 136.5 65.1441 36.2588
      vertex 136.5 65.244 36.5
    endloop
  endfacet
  facet normal -1 0 -0
    outer loop
      vertex 136.5 65.1441 36.2588
      vertex 136.5 65.1441 35.7412
      vertex 136.5 65.11 36
    endloop
  endfacet
  facet normal 0 -0.923891 0.382656
    outer loop
      vertex 131.5 66.976 35.5
      vertex 136.5 67.0759 35.7412
      vertex 131.5 67.0759 35.7412
    endloop
  endfacet
  facet normal 0 -0.923891 0.382656
    outer loop
      vertex 136.5 67.0759 35.7412
      vertex 131.5 66.976 35.5
      vertex 136.5 66.976 35.5
    endloop
  endfacet
  facet normal 0 0.991431 -0.130633
    outer loop
      vertex 136.5 65.11 36
      vertex 131.5 65.1441 36.2588
      vertex 136.5 65.1441 36.2588
    endloop
  endfacet
  facet normal 0 0.991431 -0.130633
    outer loop
      vertex 131.5 65.1441 36.2588
      vertex 136.5 65.11 36
      vertex 131.5 65.11 36
    endloop
  endfacet
  facet normal 0 0.608729 -0.793378
    outer loop
      vertex 131.5 65.4029 36.7071
      vertex 136.5 65.61 36.866
      vertex 136.5 65.4029 36.7071
    endloop
  endfacet
  facet normal 0 0.608729 -0.793378
    outer loop
      vertex 136.5 65.61 36.866
      vertex 131.5 65.4029 36.7071
      vertex 131.5 65.61 36.866
    endloop
  endfacet
  facet normal 0 -0.991431 -0.130633
    outer loop
      vertex 131.5 67.11 36
      vertex 136.5 67.0759 36.2588
      vertex 131.5 67.0759 36.2588
    endloop
  endfacet
  facet normal 0 -0.991431 -0.130633
    outer loop
      vertex 136.5 67.0759 36.2588
      vertex 131.5 67.11 36
      vertex 136.5 67.11 36
    endloop
  endfacet
  facet normal -0 0.130633 0.991431
    outer loop
      vertex 131.5 66.11 35
      vertex 136.5 65.8512 35.0341
      vertex 136.5 66.11 35
    endloop
  endfacet
  facet normal 0 0.130633 0.991431
    outer loop
      vertex 136.5 65.8512 35.0341
      vertex 131.5 66.11 35
      vertex 131.5 65.8512 35.0341
    endloop
  endfacet
  facet normal 0 -0.608729 -0.793378
    outer loop
      vertex 131.5 66.61 36.866
      vertex 136.5 66.8171 36.7071
      vertex 136.5 66.61 36.866
    endloop
  endfacet
  facet normal -0 -0.608729 -0.793378
    outer loop
      vertex 136.5 66.8171 36.7071
      vertex 131.5 66.61 36.866
      vertex 131.5 66.8171 36.7071
    endloop
  endfacet
  facet normal 0 -0.923891 -0.382656
    outer loop
      vertex 131.5 67.0759 36.2588
      vertex 136.5 66.976 36.5
      vertex 131.5 66.976 36.5
    endloop
  endfacet
  facet normal 0 -0.923891 -0.382656
    outer loop
      vertex 136.5 66.976 36.5
      vertex 131.5 67.0759 36.2588
      vertex 136.5 67.0759 36.2588
    endloop
  endfacet
  facet normal 0 -0.130633 -0.991431
    outer loop
      vertex 131.5 66.11 37
      vertex 136.5 66.3688 36.9659
      vertex 136.5 66.11 37
    endloop
  endfacet
  facet normal -0 -0.130633 -0.991431
    outer loop
      vertex 136.5 66.3688 36.9659
      vertex 131.5 66.11 37
      vertex 131.5 66.3688 36.9659
    endloop
  endfacet
  facet normal -0 0.382656 0.923891
    outer loop
      vertex 131.5 65.8512 35.0341
      vertex 136.5 65.61 35.134
      vertex 136.5 65.8512 35.0341
    endloop
  endfacet
  facet normal 0 0.382656 0.923891
    outer loop
      vertex 136.5 65.61 35.134
      vertex 131.5 65.8512 35.0341
      vertex 131.5 65.61 35.134
    endloop
  endfacet
  facet normal 0 0.923891 -0.382656
    outer loop
      vertex 136.5 65.1441 36.2588
      vertex 131.5 65.244 36.5
      vertex 136.5 65.244 36.5
    endloop
  endfacet
  facet normal 0 0.923891 -0.382656
    outer loop
      vertex 131.5 65.244 36.5
      vertex 136.5 65.1441 36.2588
      vertex 131.5 65.1441 36.2588
    endloop
  endfacet
  facet normal 0 -0.382656 0.923891
    outer loop
      vertex 131.5 66.61 35.134
      vertex 136.5 66.3688 35.0341
      vertex 136.5 66.61 35.134
    endloop
  endfacet
  facet normal 0 -0.382656 0.923891
    outer loop
      vertex 136.5 66.3688 35.0341
      vertex 131.5 66.61 35.134
      vertex 131.5 66.3688 35.0341
    endloop
  endfacet
  facet normal 0 0.793378 -0.608729
    outer loop
      vertex 136.5 65.244 36.5
      vertex 131.5 65.4029 36.7071
      vertex 136.5 65.4029 36.7071
    endloop
  endfacet
  facet normal 0 0.793378 -0.608729
    outer loop
      vertex 131.5 65.4029 36.7071
      vertex 136.5 65.244 36.5
      vertex 131.5 65.244 36.5
    endloop
  endfacet
  facet normal 0 0.382656 -0.923891
    outer loop
      vertex 131.5 65.61 36.866
      vertex 136.5 65.8512 36.9659
      vertex 136.5 65.61 36.866
    endloop
  endfacet
  facet normal 0 0.382656 -0.923891
    outer loop
      vertex 136.5 65.8512 36.9659
      vertex 131.5 65.61 36.866
      vertex 131.5 65.8512 36.9659
    endloop
  endfacet
  facet normal 0 0.130633 -0.991431
    outer loop
      vertex 131.5 65.8512 36.9659
      vertex 136.5 66.11 37
      vertex 136.5 65.8512 36.9659
    endloop
  endfacet
  facet normal 0 0.130633 -0.991431
    outer loop
      vertex 136.5 66.11 37
      vertex 131.5 65.8512 36.9659
      vertex 131.5 66.11 37
    endloop
  endfacet
  facet normal 0 -0.991431 0.130633
    outer loop
      vertex 131.5 67.0759 35.7412
      vertex 136.5 67.11 36
      vertex 131.5 67.11 36
    endloop
  endfacet
  facet normal 0 -0.991431 0.130633
    outer loop
      vertex 136.5 67.11 36
      vertex 131.5 67.0759 35.7412
      vertex 136.5 67.0759 35.7412
    endloop
  endfacet
  facet normal 0 0.793378 0.608729
    outer loop
      vertex 136.5 65.4029 35.2929
      vertex 131.5 65.244 35.5
      vertex 136.5 65.244 35.5
    endloop
  endfacet
  facet normal 0 0.793378 0.608729
    outer loop
      vertex 131.5 65.244 35.5
      vertex 136.5 65.4029 35.2929
      vertex 131.5 65.4029 35.2929
    endloop
  endfacet
  facet normal -0 0.608729 0.793378
    outer loop
      vertex 131.5 65.61 35.134
      vertex 136.5 65.4029 35.2929
      vertex 136.5 65.61 35.134
    endloop
  endfacet
  facet normal 0 0.608729 0.793378
    outer loop
      vertex 136.5 65.4029 35.2929
      vertex 131.5 65.61 35.134
      vertex 131.5 65.4029 35.2929
    endloop
  endfacet
  facet normal 0 0.991431 0.130633
    outer loop
      vertex 136.5 65.1441 35.7412
      vertex 131.5 65.11 36
      vertex 136.5 65.11 36
    endloop
  endfacet
  facet normal 0 0.991431 0.130633
    outer loop
      vertex 131.5 65.11 36
      vertex 136.5 65.1441 35.7412
      vertex 131.5 65.1441 35.7412
    endloop
  endfacet
  facet normal 0 -0.382656 -0.923891
    outer loop
      vertex 131.5 66.3688 36.9659
      vertex 136.5 66.61 36.866
      vertex 136.5 66.3688 36.9659
    endloop
  endfacet
  facet normal -0 -0.382656 -0.923891
    outer loop
      vertex 136.5 66.61 36.866
      vertex 131.5 66.3688 36.9659
      vertex 131.5 66.61 36.866
    endloop
  endfacet
  facet normal 0 0.923891 0.382656
    outer loop
      vertex 136.5 65.244 35.5
      vertex 131.5 65.1441 35.7412
      vertex 136.5 65.1441 35.7412
    endloop
  endfacet
  facet normal 0 0.923891 0.382656
    outer loop
      vertex 131.5 65.1441 35.7412
      vertex 136.5 65.244 35.5
      vertex 131.5 65.244 35.5
    endloop
  endfacet
  facet normal 0 -0.608729 0.793378
    outer loop
      vertex 131.5 66.8171 35.2929
      vertex 136.5 66.61 35.134
      vertex 136.5 66.8171 35.2929
    endloop
  endfacet
  facet normal 0 -0.608729 0.793378
    outer loop
      vertex 136.5 66.61 35.134
      vertex 131.5 66.8171 35.2929
      vertex 131.5 66.61 35.134
    endloop
  endfacet
  facet normal 0 -0.130633 0.991431
    outer loop
      vertex 131.5 66.3688 35.0341
      vertex 136.5 66.11 35
      vertex 136.5 66.3688 35.0341
    endloop
  endfacet
  facet normal 0 -0.130633 0.991431
    outer loop
      vertex 136.5 66.11 35
      vertex 131.5 66.3688 35.0341
      vertex 131.5 66.11 35
    endloop
  endfacet
  facet normal 0 -0.793378 -0.608729
    outer loop
      vertex 131.5 22.526 36.5
      vertex 136.5 22.3671 36.7071
      vertex 131.5 22.3671 36.7071
    endloop
  endfacet
  facet normal 0 -0.793378 -0.608729
    outer loop
      vertex 136.5 22.3671 36.7071
      vertex 131.5 22.526 36.5
      vertex 136.5 22.526 36.5
    endloop
  endfacet
  facet normal 0 -0.793378 0.608729
    outer loop
      vertex 131.5 22.3671 35.2929
      vertex 136.5 22.526 35.5
      vertex 131.5 22.526 35.5
    endloop
  endfacet
  facet normal 0 -0.793378 0.608729
    outer loop
      vertex 136.5 22.526 35.5
      vertex 131.5 22.3671 35.2929
      vertex 136.5 22.3671 35.2929
    endloop
  endfacet
  facet normal -1 0 0
    outer loop
      vertex 136.5 22.6259 35.7412
      vertex 136.5 22.6259 36.2588
      vertex 136.5 22.66 36
    endloop
  endfacet
  facet normal -1 0 0
    outer loop
      vertex 136.5 22.526 35.5
      vertex 136.5 22.6259 36.2588
      vertex 136.5 22.6259 35.7412
    endloop
  endfacet
  facet normal -1 0 0
    outer loop
      vertex 136.5 22.526 35.5
      vertex 136.5 22.526 36.5
      vertex 136.5 22.6259 36.2588
    endloop
  endfacet
  facet normal -1 0 0
    outer loop
      vertex 136.5 22.3671 35.2929
      vertex 136.5 22.526 36.5
      vertex 136.5 22.526 35.5
    endloop
  endfacet
  facet normal -1 0 0
    outer loop
      vertex 136.5 22.3671 35.2929
      vertex 136.5 22.3671 36.7071
      vertex 136.5 22.526 36.5
    endloop
  endfacet
  facet normal -1 0 0
    outer loop
      vertex 136.5 22.16 35.134
      vertex 136.5 22.3671 36.7071
      vertex 136.5 22.3671 35.2929
    endloop
  endfacet
  facet normal -1 0 0
    outer loop
      vertex 136.5 22.16 35.134
      vertex 136.5 22.16 36.866
      vertex 136.5 22.3671 36.7071
    endloop
  endfacet
  facet normal -1 0 0
    outer loop
      vertex 136.5 21.9188 35.0341
      vertex 136.5 22.16 36.866
      vertex 136.5 22.16 35.134
    endloop
  endfacet
  facet normal -1 0 0
    outer loop
      vertex 136.5 21.9188 35.0341
      vertex 136.5 21.9188 36.9659
      vertex 136.5 22.16 36.866
    endloop
  endfacet
  facet normal -1 0 0
    outer loop
      vertex 136.5 21.66 35
      vertex 136.5 21.9188 36.9659
      vertex 136.5 21.9188 35.0341
    endloop
  endfacet
  facet normal -1 0 0
    outer loop
      vertex 136.5 21.66 35
      vertex 136.5 21.66 37
      vertex 136.5 21.9188 36.9659
    endloop
  endfacet
  facet normal -1 0 0
    outer loop
      vertex 136.5 21.4012 35.0341
      vertex 136.5 21.66 37
      vertex 136.5 21.66 35
    endloop
  endfacet
  facet normal -1 0 0
    outer loop
      vertex 136.5 21.4012 35.0341
      vertex 136.5 21.4012 36.9659
      vertex 136.5 21.66 37
    endloop
  endfacet
  facet normal -1 0 0
    outer loop
      vertex 136.5 21.16 35.134
      vertex 136.5 21.4012 36.9659
      vertex 136.5 21.4012 35.0341
    endloop
  endfacet
  facet normal -1 0 0
    outer loop
      vertex 136.5 21.16 35.134
      vertex 136.5 21.16 36.866
      vertex 136.5 21.4012 36.9659
    endloop
  endfacet
  facet normal -1 0 0
    outer loop
      vertex 136.5 20.9529 35.2929
      vertex 136.5 21.16 36.866
      vertex 136.5 21.16 35.134
    endloop
  endfacet
  facet normal -1 0 0
    outer loop
      vertex 136.5 20.9529 35.2929
      vertex 136.5 20.9529 36.7071
      vertex 136.5 21.16 36.866
    endloop
  endfacet
  facet normal -1 0 0
    outer loop
      vertex 136.5 20.794 35.5
      vertex 136.5 20.9529 36.7071
      vertex 136.5 20.9529 35.2929
    endloop
  endfacet
  facet normal -1 0 0
    outer loop
      vertex 136.5 20.794 35.5
      vertex 136.5 20.794 36.5
      vertex 136.5 20.9529 36.7071
    endloop
  endfacet
  facet normal -1 0 0
    outer loop
      vertex 136.5 20.6941 35.7412
      vertex 136.5 20.794 36.5
      vertex 136.5 20.794 35.5
    endloop
  endfacet
  facet normal -1 0 0
    outer loop
      vertex 136.5 20.6941 35.7412
      vertex 136.5 20.6941 36.2588
      vertex 136.5 20.794 36.5
    endloop
  endfacet
  facet normal -1 0 -0
    outer loop
      vertex 136.5 20.6941 36.2588
      vertex 136.5 20.6941 35.7412
      vertex 136.5 20.66 36
    endloop
  endfacet
  facet normal 0 -0.923891 0.382656
    outer loop
      vertex 131.5 22.526 35.5
      vertex 136.5 22.6259 35.7412
      vertex 131.5 22.6259 35.7412
    endloop
  endfacet
  facet normal 0 -0.923891 0.382656
    outer loop
      vertex 136.5 22.6259 35.7412
      vertex 131.5 22.526 35.5
      vertex 136.5 22.526 35.5
    endloop
  endfacet
  facet normal 0 0.991431 -0.130633
    outer loop
      vertex 136.5 20.66 36
      vertex 131.5 20.6941 36.2588
      vertex 136.5 20.6941 36.2588
    endloop
  endfacet
  facet normal 0 0.991431 -0.130633
    outer loop
      vertex 131.5 20.6941 36.2588
      vertex 136.5 20.66 36
      vertex 131.5 20.66 36
    endloop
  endfacet
  facet normal 0 0.608729 -0.793378
    outer loop
      vertex 131.5 20.9529 36.7071
      vertex 136.5 21.16 36.866
      vertex 136.5 20.9529 36.7071
    endloop
  endfacet
  facet normal 0 0.608729 -0.793378
    outer loop
      vertex 136.5 21.16 36.866
      vertex 131.5 20.9529 36.7071
      vertex 131.5 21.16 36.866
    endloop
  endfacet
  facet normal 0 -0.991431 -0.130633
    outer loop
      vertex 131.5 22.66 36
      vertex 136.5 22.6259 36.2588
      vertex 131.5 22.6259 36.2588
    endloop
  endfacet
  facet normal 0 -0.991431 -0.130633
    outer loop
      vertex 136.5 22.6259 36.2588
      vertex 131.5 22.66 36
      vertex 136.5 22.66 36
    endloop
  endfacet
  facet normal -0 0.130633 0.991431
    outer loop
      vertex 131.5 21.66 35
      vertex 136.5 21.4012 35.0341
      vertex 136.5 21.66 35
    endloop
  endfacet
  facet normal 0 0.130633 0.991431
    outer loop
      vertex 136.5 21.4012 35.0341
      vertex 131.5 21.66 35
      vertex 131.5 21.4012 35.0341
    endloop
  endfacet
  facet normal 0 -0.608729 -0.793378
    outer loop
      vertex 131.5 22.16 36.866
      vertex 136.5 22.3671 36.7071
      vertex 136.5 22.16 36.866
    endloop
  endfacet
  facet normal -0 -0.608729 -0.793378
    outer loop
      vertex 136.5 22.3671 36.7071
      vertex 131.5 22.16 36.866
      vertex 131.5 22.3671 36.7071
    endloop
  endfacet
  facet normal 0 -0.923891 -0.382656
    outer loop
      vertex 131.5 22.6259 36.2588
      vertex 136.5 22.526 36.5
      vertex 131.5 22.526 36.5
    endloop
  endfacet
  facet normal 0 -0.923891 -0.382656
    outer loop
      vertex 136.5 22.526 36.5
      vertex 131.5 22.6259 36.2588
      vertex 136.5 22.6259 36.2588
    endloop
  endfacet
  facet normal 0 -0.130633 -0.991431
    outer loop
      vertex 131.5 21.66 37
      vertex 136.5 21.9188 36.9659
      vertex 136.5 21.66 37
    endloop
  endfacet
  facet normal -0 -0.130633 -0.991431
    outer loop
      vertex 136.5 21.9188 36.9659
      vertex 131.5 21.66 37
      vertex 131.5 21.9188 36.9659
    endloop
  endfacet
  facet normal -0 0.382656 0.923891
    outer loop
      vertex 131.5 21.4012 35.0341
      vertex 136.5 21.16 35.134
      vertex 136.5 21.4012 35.0341
    endloop
  endfacet
  facet normal 0 0.382656 0.923891
    outer loop
      vertex 136.5 21.16 35.134
      vertex 131.5 21.4012 35.0341
      vertex 131.5 21.16 35.134
    endloop
  endfacet
  facet normal 0 0.923891 -0.382656
    outer loop
      vertex 136.5 20.6941 36.2588
      vertex 131.5 20.794 36.5
      vertex 136.5 20.794 36.5
    endloop
  endfacet
  facet normal 0 0.923891 -0.382656
    outer loop
      vertex 131.5 20.794 36.5
      vertex 136.5 20.6941 36.2588
      vertex 131.5 20.6941 36.2588
    endloop
  endfacet
  facet normal 0 -0.382656 0.923891
    outer loop
      vertex 131.5 22.16 35.134
      vertex 136.5 21.9188 35.0341
      vertex 136.5 22.16 35.134
    endloop
  endfacet
  facet normal 0 -0.382656 0.923891
    outer loop
      vertex 136.5 21.9188 35.0341
      vertex 131.5 22.16 35.134
      vertex 131.5 21.9188 35.0341
    endloop
  endfacet
  facet normal 0 0.793378 -0.608729
    outer loop
      vertex 136.5 20.794 36.5
      vertex 131.5 20.9529 36.7071
      vertex 136.5 20.9529 36.7071
    endloop
  endfacet
  facet normal 0 0.793378 -0.608729
    outer loop
      vertex 131.5 20.9529 36.7071
      vertex 136.5 20.794 36.5
      vertex 131.5 20.794 36.5
    endloop
  endfacet
  facet normal 0 0.382656 -0.923891
    outer loop
      vertex 131.5 21.16 36.866
      vertex 136.5 21.4012 36.9659
      vertex 136.5 21.16 36.866
    endloop
  endfacet
  facet normal 0 0.382656 -0.923891
    outer loop
      vertex 136.5 21.4012 36.9659
      vertex 131.5 21.16 36.866
      vertex 131.5 21.4012 36.9659
    endloop
  endfacet
  facet normal 0 0.130633 -0.991431
    outer loop
      vertex 131.5 21.4012 36.9659
      vertex 136.5 21.66 37
      vertex 136.5 21.4012 36.9659
    endloop
  endfacet
  facet normal 0 0.130633 -0.991431
    outer loop
      vertex 136.5 21.66 37
      vertex 131.5 21.4012 36.9659
      vertex 131.5 21.66 37
    endloop
  endfacet
  facet normal 0 -0.991431 0.130633
    outer loop
      vertex 131.5 22.6259 35.7412
      vertex 136.5 22.66 36
      vertex 131.5 22.66 36
    endloop
  endfacet
  facet normal 0 -0.991431 0.130633
    outer loop
      vertex 136.5 22.66 36
      vertex 131.5 22.6259 35.7412
      vertex 136.5 22.6259 35.7412
    endloop
  endfacet
  facet normal 0 0.793378 0.608729
    outer loop
      vertex 136.5 20.9529 35.2929
      vertex 131.5 20.794 35.5
      vertex 136.5 20.794 35.5
    endloop
  endfacet
  facet normal 0 0.793378 0.608729
    outer loop
      vertex 131.5 20.794 35.5
      vertex 136.5 20.9529 35.2929
      vertex 131.5 20.9529 35.2929
    endloop
  endfacet
  facet normal -0 0.608729 0.793378
    outer loop
      vertex 131.5 21.16 35.134
      vertex 136.5 20.9529 35.2929
      vertex 136.5 21.16 35.134
    endloop
  endfacet
  facet normal 0 0.608729 0.793378
    outer loop
      vertex 136.5 20.9529 35.2929
      vertex 131.5 21.16 35.134
      vertex 131.5 20.9529 35.2929
    endloop
  endfacet
  facet normal 0 0.991431 0.130633
    outer loop
      vertex 136.5 20.6941 35.7412
      vertex 131.5 20.66 36
      vertex 136.5 20.66 36
    endloop
  endfacet
  facet normal 0 0.991431 0.130633
    outer loop
      vertex 131.5 20.66 36
      vertex 136.5 20.6941 35.7412
      vertex 131.5 20.6941 35.7412
    endloop
  endfacet
  facet normal 0 -0.382656 -0.923891
    outer loop
      vertex 131.5 21.9188 36.9659
      vertex 136.5 22.16 36.866
      vertex 136.5 21.9188 36.9659
    endloop
  endfacet
  facet normal -0 -0.382656 -0.923891
    outer loop
      vertex 136.5 22.16 36.866
      vertex 131.5 21.9188 36.9659
      vertex 131.5 22.16 36.866
    endloop
  endfacet
  facet normal 0 0.923891 0.382656
    outer loop
      vertex 136.5 20.794 35.5
      vertex 131.5 20.6941 35.7412
      vertex 136.5 20.6941 35.7412
    endloop
  endfacet
  facet normal 0 0.923891 0.382656
    outer loop
      vertex 131.5 20.6941 35.7412
      vertex 136.5 20.794 35.5
      vertex 131.5 20.794 35.5
    endloop
  endfacet
  facet normal 0 -0.608729 0.793378
    outer loop
      vertex 131.5 22.3671 35.2929
      vertex 136.5 22.16 35.134
      vertex 136.5 22.3671 35.2929
    endloop
  endfacet
  facet normal 0 -0.608729 0.793378
    outer loop
      vertex 136.5 22.16 35.134
      vertex 131.5 22.3671 35.2929
      vertex 131.5 22.16 35.134
    endloop
  endfacet
  facet normal 0 -0.130633 0.991431
    outer loop
      vertex 131.5 21.9188 35.0341
      vertex 136.5 21.66 35
      vertex 136.5 21.9188 35.0341
    endloop
  endfacet
  facet normal 0 -0.130633 0.991431
    outer loop
      vertex 136.5 21.66 35
      vertex 131.5 21.9188 35.0341
      vertex 131.5 21.66 35
    endloop
  endfacet
  facet normal 0 -0.793236 -0.608914
    outer loop
      vertex 131.5 66.976 106.5
      vertex 136.5 66.8171 106.707
      vertex 131.5 66.8171 106.707
    endloop
  endfacet
  facet normal 0 -0.793236 -0.608914
    outer loop
      vertex 136.5 66.8171 106.707
      vertex 131.5 66.976 106.5
      vertex 136.5 66.976 106.5
    endloop
  endfacet
  facet normal 0 -0.793236 0.608914
    outer loop
      vertex 131.5 66.8171 105.293
      vertex 136.5 66.976 105.5
      vertex 131.5 66.976 105.5
    endloop
  endfacet
  facet normal 0 -0.793236 0.608914
    outer loop
      vertex 136.5 66.976 105.5
      vertex 131.5 66.8171 105.293
      vertex 136.5 66.8171 105.293
    endloop
  endfacet
  facet normal -1 0 0
    outer loop
      vertex 136.5 67.0759 105.741
      vertex 136.5 67.0759 106.259
      vertex 136.5 67.11 106
    endloop
  endfacet
  facet normal -1 0 0
    outer loop
      vertex 136.5 66.976 105.5
      vertex 136.5 67.0759 106.259
      vertex 136.5 67.0759 105.741
    endloop
  endfacet
  facet normal -1 0 0
    outer loop
      vertex 136.5 66.976 105.5
      vertex 136.5 66.976 106.5
      vertex 136.5 67.0759 106.259
    endloop
  endfacet
  facet normal -1 0 0
    outer loop
      vertex 136.5 66.8171 105.293
      vertex 136.5 66.976 106.5
      vertex 136.5 66.976 105.5
    endloop
  endfacet
  facet normal -1 0 0
    outer loop
      vertex 136.5 66.8171 105.293
      vertex 136.5 66.8171 106.707
      vertex 136.5 66.976 106.5
    endloop
  endfacet
  facet normal -1 0 0
    outer loop
      vertex 136.5 66.61 105.134
      vertex 136.5 66.8171 106.707
      vertex 136.5 66.8171 105.293
    endloop
  endfacet
  facet normal -1 0 0
    outer loop
      vertex 136.5 66.61 105.134
      vertex 136.5 66.61 106.866
      vertex 136.5 66.8171 106.707
    endloop
  endfacet
  facet normal -1 0 0
    outer loop
      vertex 136.5 66.3688 105.034
      vertex 136.5 66.61 106.866
      vertex 136.5 66.61 105.134
    endloop
  endfacet
  facet normal -1 0 0
    outer loop
      vertex 136.5 66.3688 105.034
      vertex 136.5 66.3688 106.966
      vertex 136.5 66.61 106.866
    endloop
  endfacet
  facet normal -1 0 0
    outer loop
      vertex 136.5 66.11 105
      vertex 136.5 66.3688 106.966
      vertex 136.5 66.3688 105.034
    endloop
  endfacet
  facet normal -1 0 0
    outer loop
      vertex 136.5 66.11 105
      vertex 136.5 66.11 107
      vertex 136.5 66.3688 106.966
    endloop
  endfacet
  facet normal -1 0 0
    outer loop
      vertex 136.5 65.8512 105.034
      vertex 136.5 66.11 107
      vertex 136.5 66.11 105
    endloop
  endfacet
  facet normal -1 0 0
    outer loop
      vertex 136.5 65.8512 105.034
      vertex 136.5 65.8512 106.966
      vertex 136.5 66.11 107
    endloop
  endfacet
  facet normal -1 0 0
    outer loop
      vertex 136.5 65.61 105.134
      vertex 136.5 65.8512 106.966
      vertex 136.5 65.8512 105.034
    endloop
  endfacet
  facet normal -1 0 0
    outer loop
      vertex 136.5 65.61 105.134
      vertex 136.5 65.61 106.866
      vertex 136.5 65.8512 106.966
    endloop
  endfacet
  facet normal -1 0 0
    outer loop
      vertex 136.5 65.4029 105.293
      vertex 136.5 65.61 106.866
      vertex 136.5 65.61 105.134
    endloop
  endfacet
  facet normal -1 0 0
    outer loop
      vertex 136.5 65.4029 105.293
      vertex 136.5 65.4029 106.707
      vertex 136.5 65.61 106.866
    endloop
  endfacet
  facet normal -1 0 0
    outer loop
      vertex 136.5 65.244 105.5
      vertex 136.5 65.4029 106.707
      vertex 136.5 65.4029 105.293
    endloop
  endfacet
  facet normal -1 0 0
    outer loop
      vertex 136.5 65.244 105.5
      vertex 136.5 65.244 106.5
      vertex 136.5 65.4029 106.707
    endloop
  endfacet
  facet normal -1 0 0
    outer loop
      vertex 136.5 65.1441 105.741
      vertex 136.5 65.244 106.5
      vertex 136.5 65.244 105.5
    endloop
  endfacet
  facet normal -1 0 0
    outer loop
      vertex 136.5 65.1441 105.741
      vertex 136.5 65.1441 106.259
      vertex 136.5 65.244 106.5
    endloop
  endfacet
  facet normal -1 0 -0
    outer loop
      vertex 136.5 65.1441 106.259
      vertex 136.5 65.1441 105.741
      vertex 136.5 65.11 106
    endloop
  endfacet
  facet normal 0 -0.923778 0.382927
    outer loop
      vertex 131.5 66.976 105.5
      vertex 136.5 67.0759 105.741
      vertex 131.5 67.0759 105.741
    endloop
  endfacet
  facet normal 0 -0.923778 0.382927
    outer loop
      vertex 136.5 67.0759 105.741
      vertex 131.5 66.976 105.5
      vertex 136.5 66.976 105.5
    endloop
  endfacet
  facet normal 0 0.991444 -0.130534
    outer loop
      vertex 136.5 65.11 106
      vertex 131.5 65.1441 106.259
      vertex 136.5 65.1441 106.259
    endloop
  endfacet
  facet normal 0 0.991444 -0.130534
    outer loop
      vertex 131.5 65.1441 106.259
      vertex 136.5 65.11 106
      vertex 131.5 65.11 106
    endloop
  endfacet
  facet normal 0 0.60897 -0.793193
    outer loop
      vertex 131.5 65.4029 106.707
      vertex 136.5 65.61 106.866
      vertex 136.5 65.4029 106.707
    endloop
  endfacet
  facet normal 0 0.60897 -0.793193
    outer loop
      vertex 136.5 65.61 106.866
      vertex 131.5 65.4029 106.707
      vertex 131.5 65.61 106.866
    endloop
  endfacet
  facet normal 0 -0.991444 -0.130534
    outer loop
      vertex 131.5 67.11 106
      vertex 136.5 67.0759 106.259
      vertex 131.5 67.0759 106.259
    endloop
  endfacet
  facet normal 0 -0.991444 -0.130534
    outer loop
      vertex 136.5 67.0759 106.259
      vertex 131.5 67.11 106
      vertex 136.5 67.11 106
    endloop
  endfacet
  facet normal -0 0.130256 0.99148
    outer loop
      vertex 131.5 66.11 105
      vertex 136.5 65.8512 105.034
      vertex 136.5 66.11 105
    endloop
  endfacet
  facet normal 0 0.130256 0.99148
    outer loop
      vertex 136.5 65.8512 105.034
      vertex 131.5 66.11 105
      vertex 131.5 65.8512 105.034
    endloop
  endfacet
  facet normal 0 -0.60897 -0.793193
    outer loop
      vertex 131.5 66.61 106.866
      vertex 136.5 66.8171 106.707
      vertex 136.5 66.61 106.866
    endloop
  endfacet
  facet normal -0 -0.60897 -0.793193
    outer loop
      vertex 136.5 66.8171 106.707
      vertex 131.5 66.61 106.866
      vertex 131.5 66.8171 106.707
    endloop
  endfacet
  facet normal 0 -0.923778 -0.382927
    outer loop
      vertex 131.5 67.0759 106.259
      vertex 136.5 66.976 106.5
      vertex 131.5 66.976 106.5
    endloop
  endfacet
  facet normal 0 -0.923778 -0.382927
    outer loop
      vertex 136.5 66.976 106.5
      vertex 131.5 67.0759 106.259
      vertex 136.5 67.0759 106.259
    endloop
  endfacet
  facet normal 0 -0.130256 -0.99148
    outer loop
      vertex 131.5 66.11 107
      vertex 136.5 66.3688 106.966
      vertex 136.5 66.11 107
    endloop
  endfacet
  facet normal -0 -0.130256 -0.99148
    outer loop
      vertex 136.5 66.3688 106.966
      vertex 131.5 66.11 107
      vertex 131.5 66.3688 106.966
    endloop
  endfacet
  facet normal -0 0.382983 0.923755
    outer loop
      vertex 131.5 65.8512 105.034
      vertex 136.5 65.61 105.134
      vertex 136.5 65.8512 105.034
    endloop
  endfacet
  facet normal 0 0.382983 0.923755
    outer loop
      vertex 136.5 65.61 105.134
      vertex 131.5 65.8512 105.034
      vertex 131.5 65.61 105.134
    endloop
  endfacet
  facet normal 0 0.923778 -0.382927
    outer loop
      vertex 136.5 65.1441 106.259
      vertex 131.5 65.244 106.5
      vertex 136.5 65.244 106.5
    endloop
  endfacet
  facet normal 0 0.923778 -0.382927
    outer loop
      vertex 131.5 65.244 106.5
      vertex 136.5 65.1441 106.259
      vertex 131.5 65.1441 106.259
    endloop
  endfacet
  facet normal 0 -0.382983 0.923755
    outer loop
      vertex 131.5 66.61 105.134
      vertex 136.5 66.3688 105.034
      vertex 136.5 66.61 105.134
    endloop
  endfacet
  facet normal 0 -0.382983 0.923755
    outer loop
      vertex 136.5 66.3688 105.034
      vertex 131.5 66.61 105.134
      vertex 131.5 66.3688 105.034
    endloop
  endfacet
  facet normal 0 0.793236 -0.608914
    outer loop
      vertex 136.5 65.244 106.5
      vertex 131.5 65.4029 106.707
      vertex 136.5 65.4029 106.707
    endloop
  endfacet
  facet normal 0 0.793236 -0.608914
    outer loop
      vertex 131.5 65.4029 106.707
      vertex 136.5 65.244 106.5
      vertex 131.5 65.244 106.5
    endloop
  endfacet
  facet normal 0 0.382983 -0.923755
    outer loop
      vertex 131.5 65.61 106.866
      vertex 136.5 65.8512 106.966
      vertex 136.5 65.61 106.866
    endloop
  endfacet
  facet normal 0 0.382983 -0.923755
    outer loop
      vertex 136.5 65.8512 106.966
      vertex 131.5 65.61 106.866
      vertex 131.5 65.8512 106.966
    endloop
  endfacet
  facet normal 0 0.130256 -0.99148
    outer loop
      vertex 131.5 65.8512 106.966
      vertex 136.5 66.11 107
      vertex 136.5 65.8512 106.966
    endloop
  endfacet
  facet normal 0 0.130256 -0.99148
    outer loop
      vertex 136.5 66.11 107
      vertex 131.5 65.8512 106.966
      vertex 131.5 66.11 107
    endloop
  endfacet
  facet normal 0 -0.991444 0.130534
    outer loop
      vertex 131.5 67.0759 105.741
      vertex 136.5 67.11 106
      vertex 131.5 67.11 106
    endloop
  endfacet
  facet normal 0 -0.991444 0.130534
    outer loop
      vertex 136.5 67.11 106
      vertex 131.5 67.0759 105.741
      vertex 136.5 67.0759 105.741
    endloop
  endfacet
  facet normal 0 0.793236 0.608914
    outer loop
      vertex 136.5 65.4029 105.293
      vertex 131.5 65.244 105.5
      vertex 136.5 65.244 105.5
    endloop
  endfacet
  facet normal 0 0.793236 0.608914
    outer loop
      vertex 131.5 65.244 105.5
      vertex 136.5 65.4029 105.293
      vertex 131.5 65.4029 105.293
    endloop
  endfacet
  facet normal -0 0.60897 0.793193
    outer loop
      vertex 131.5 65.61 105.134
      vertex 136.5 65.4029 105.293
      vertex 136.5 65.61 105.134
    endloop
  endfacet
  facet normal 0 0.60897 0.793193
    outer loop
      vertex 136.5 65.4029 105.293
      vertex 131.5 65.61 105.134
      vertex 131.5 65.4029 105.293
    endloop
  endfacet
  facet normal 0 0.991444 0.130534
    outer loop
      vertex 136.5 65.1441 105.741
      vertex 131.5 65.11 106
      vertex 136.5 65.11 106
    endloop
  endfacet
  facet normal 0 0.991444 0.130534
    outer loop
      vertex 131.5 65.11 106
      vertex 136.5 65.1441 105.741
      vertex 131.5 65.1441 105.741
    endloop
  endfacet
  facet normal 0 -0.382983 -0.923755
    outer loop
      vertex 131.5 66.3688 106.966
      vertex 136.5 66.61 106.866
      vertex 136.5 66.3688 106.966
    endloop
  endfacet
  facet normal -0 -0.382983 -0.923755
    outer loop
      vertex 136.5 66.61 106.866
      vertex 131.5 66.3688 106.966
      vertex 131.5 66.61 106.866
    endloop
  endfacet
  facet normal 0 0.923778 0.382927
    outer loop
      vertex 136.5 65.244 105.5
      vertex 131.5 65.1441 105.741
      vertex 136.5 65.1441 105.741
    endloop
  endfacet
  facet normal 0 0.923778 0.382927
    outer loop
      vertex 131.5 65.1441 105.741
      vertex 136.5 65.244 105.5
      vertex 131.5 65.244 105.5
    endloop
  endfacet
  facet normal 0 -0.60897 0.793193
    outer loop
      vertex 131.5 66.8171 105.293
      vertex 136.5 66.61 105.134
      vertex 136.5 66.8171 105.293
    endloop
  endfacet
  facet normal 0 -0.60897 0.793193
    outer loop
      vertex 136.5 66.61 105.134
      vertex 131.5 66.8171 105.293
      vertex 131.5 66.61 105.134
    endloop
  endfacet
  facet normal 0 -0.130256 0.99148
    outer loop
      vertex 131.5 66.3688 105.034
      vertex 136.5 66.11 105
      vertex 136.5 66.3688 105.034
    endloop
  endfacet
  facet normal 0 -0.130256 0.99148
    outer loop
      vertex 136.5 66.11 105
      vertex 131.5 66.3688 105.034
      vertex 131.5 66.11 105
    endloop
  endfacet
  facet normal 0 -0.793236 -0.608914
    outer loop
      vertex 131.5 22.526 106.5
      vertex 136.5 22.3671 106.707
      vertex 131.5 22.3671 106.707
    endloop
  endfacet
  facet normal 0 -0.793236 -0.608914
    outer loop
      vertex 136.5 22.3671 106.707
      vertex 131.5 22.526 106.5
      vertex 136.5 22.526 106.5
    endloop
  endfacet
  facet normal 0 -0.793236 0.608914
    outer loop
      vertex 131.5 22.3671 105.293
      vertex 136.5 22.526 105.5
      vertex 131.5 22.526 105.5
    endloop
  endfacet
  facet normal 0 -0.793236 0.608914
    outer loop
      vertex 136.5 22.526 105.5
      vertex 131.5 22.3671 105.293
      vertex 136.5 22.3671 105.293
    endloop
  endfacet
  facet normal -1 0 0
    outer loop
      vertex 136.5 22.6259 105.741
      vertex 136.5 22.6259 106.259
      vertex 136.5 22.66 106
    endloop
  endfacet
  facet normal -1 0 0
    outer loop
      vertex 136.5 22.526 105.5
      vertex 136.5 22.6259 106.259
      vertex 136.5 22.6259 105.741
    endloop
  endfacet
  facet normal -1 0 0
    outer loop
      vertex 136.5 22.526 105.5
      vertex 136.5 22.526 106.5
      vertex 136.5 22.6259 106.259
    endloop
  endfacet
  facet normal -1 0 0
    outer loop
      vertex 136.5 22.3671 105.293
      vertex 136.5 22.526 106.5
      vertex 136.5 22.526 105.5
    endloop
  endfacet
  facet normal -1 0 0
    outer loop
      vertex 136.5 22.3671 105.293
      vertex 136.5 22.3671 106.707
      vertex 136.5 22.526 106.5
    endloop
  endfacet
  facet normal -1 0 0
    outer loop
      vertex 136.5 22.16 105.134
      vertex 136.5 22.3671 106.707
      vertex 136.5 22.3671 105.293
    endloop
  endfacet
  facet normal -1 0 0
    outer loop
      vertex 136.5 22.16 105.134
      vertex 136.5 22.16 106.866
      vertex 136.5 22.3671 106.707
    endloop
  endfacet
  facet normal -1 0 0
    outer loop
      vertex 136.5 21.9188 105.034
      vertex 136.5 22.16 106.866
      vertex 136.5 22.16 105.134
    endloop
  endfacet
  facet normal -1 0 0
    outer loop
      vertex 136.5 21.9188 105.034
      vertex 136.5 21.9188 106.966
      vertex 136.5 22.16 106.866
    endloop
  endfacet
  facet normal -1 0 0
    outer loop
      vertex 136.5 21.66 105
      vertex 136.5 21.9188 106.966
      vertex 136.5 21.9188 105.034
    endloop
  endfacet
  facet normal -1 0 0
    outer loop
      vertex 136.5 21.66 105
      vertex 136.5 21.66 107
      vertex 136.5 21.9188 106.966
    endloop
  endfacet
  facet normal -1 0 0
    outer loop
      vertex 136.5 21.4012 105.034
      vertex 136.5 21.66 107
      vertex 136.5 21.66 105
    endloop
  endfacet
  facet normal -1 0 0
    outer loop
      vertex 136.5 21.4012 105.034
      vertex 136.5 21.4012 106.966
      vertex 136.5 21.66 107
    endloop
  endfacet
  facet normal -1 0 0
    outer loop
      vertex 136.5 21.16 105.134
      vertex 136.5 21.4012 106.966
      vertex 136.5 21.4012 105.034
    endloop
  endfacet
  facet normal -1 0 0
    outer loop
      vertex 136.5 21.16 105.134
      vertex 136.5 21.16 106.866
      vertex 136.5 21.4012 106.966
    endloop
  endfacet
  facet normal -1 0 0
    outer loop
      vertex 136.5 20.9529 105.293
      vertex 136.5 21.16 106.866
      vertex 136.5 21.16 105.134
    endloop
  endfacet
  facet normal -1 0 0
    outer loop
      vertex 136.5 20.9529 105.293
      vertex 136.5 20.9529 106.707
      vertex 136.5 21.16 106.866
    endloop
  endfacet
  facet normal -1 0 0
    outer loop
      vertex 136.5 20.794 105.5
      vertex 136.5 20.9529 106.707
      vertex 136.5 20.9529 105.293
    endloop
  endfacet
  facet normal -1 0 0
    outer loop
      vertex 136.5 20.794 105.5
      vertex 136.5 20.794 106.5
      vertex 136.5 20.9529 106.707
    endloop
  endfacet
  facet normal -1 0 0
    outer loop
      vertex 136.5 20.6941 105.741
      vertex 136.5 20.794 106.5
      vertex 136.5 20.794 105.5
    endloop
  endfacet
  facet normal -1 0 0
    outer loop
      vertex 136.5 20.6941 105.741
      vertex 136.5 20.6941 106.259
      vertex 136.5 20.794 106.5
    endloop
  endfacet
  facet normal -1 0 -0
    outer loop
      vertex 136.5 20.6941 106.259
      vertex 136.5 20.6941 105.741
      vertex 136.5 20.66 106
    endloop
  endfacet
  facet normal 0 -0.923778 0.382927
    outer loop
      vertex 131.5 22.526 105.5
      vertex 136.5 22.6259 105.741
      vertex 131.5 22.6259 105.741
    endloop
  endfacet
  facet normal 0 -0.923778 0.382927
    outer loop
      vertex 136.5 22.6259 105.741
      vertex 131.5 22.526 105.5
      vertex 136.5 22.526 105.5
    endloop
  endfacet
  facet normal 0 0.991444 -0.130534
    outer loop
      vertex 136.5 20.66 106
      vertex 131.5 20.6941 106.259
      vertex 136.5 20.6941 106.259
    endloop
  endfacet
  facet normal 0 0.991444 -0.130534
    outer loop
      vertex 131.5 20.6941 106.259
      vertex 136.5 20.66 106
      vertex 131.5 20.66 106
    endloop
  endfacet
  facet normal 0 0.60897 -0.793193
    outer loop
      vertex 131.5 20.9529 106.707
      vertex 136.5 21.16 106.866
      vertex 136.5 20.9529 106.707
    endloop
  endfacet
  facet normal 0 0.60897 -0.793193
    outer loop
      vertex 136.5 21.16 106.866
      vertex 131.5 20.9529 106.707
      vertex 131.5 21.16 106.866
    endloop
  endfacet
  facet normal 0 -0.991444 -0.130534
    outer loop
      vertex 131.5 22.66 106
      vertex 136.5 22.6259 106.259
      vertex 131.5 22.6259 106.259
    endloop
  endfacet
  facet normal 0 -0.991444 -0.130534
    outer loop
      vertex 136.5 22.6259 106.259
      vertex 131.5 22.66 106
      vertex 136.5 22.66 106
    endloop
  endfacet
  facet normal -0 0.130256 0.99148
    outer loop
      vertex 131.5 21.66 105
      vertex 136.5 21.4012 105.034
      vertex 136.5 21.66 105
    endloop
  endfacet
  facet normal 0 0.130256 0.99148
    outer loop
      vertex 136.5 21.4012 105.034
      vertex 131.5 21.66 105
      vertex 131.5 21.4012 105.034
    endloop
  endfacet
  facet normal 0 -0.60897 -0.793193
    outer loop
      vertex 131.5 22.16 106.866
      vertex 136.5 22.3671 106.707
      vertex 136.5 22.16 106.866
    endloop
  endfacet
  facet normal -0 -0.60897 -0.793193
    outer loop
      vertex 136.5 22.3671 106.707
      vertex 131.5 22.16 106.866
      vertex 131.5 22.3671 106.707
    endloop
  endfacet
  facet normal 0 -0.923778 -0.382927
    outer loop
      vertex 131.5 22.6259 106.259
      vertex 136.5 22.526 106.5
      vertex 131.5 22.526 106.5
    endloop
  endfacet
  facet normal 0 -0.923778 -0.382927
    outer loop
      vertex 136.5 22.526 106.5
      vertex 131.5 22.6259 106.259
      vertex 136.5 22.6259 106.259
    endloop
  endfacet
  facet normal 0 -0.130256 -0.99148
    outer loop
      vertex 131.5 21.66 107
      vertex 136.5 21.9188 106.966
      vertex 136.5 21.66 107
    endloop
  endfacet
  facet normal -0 -0.130256 -0.99148
    outer loop
      vertex 136.5 21.9188 106.966
      vertex 131.5 21.66 107
      vertex 131.5 21.9188 106.966
    endloop
  endfacet
  facet normal -0 0.382983 0.923755
    outer loop
      vertex 131.5 21.4012 105.034
      vertex 136.5 21.16 105.134
      vertex 136.5 21.4012 105.034
    endloop
  endfacet
  facet normal 0 0.382983 0.923755
    outer loop
      vertex 136.5 21.16 105.134
      vertex 131.5 21.4012 105.034
      vertex 131.5 21.16 105.134
    endloop
  endfacet
  facet normal 0 0.923778 -0.382927
    outer loop
      vertex 136.5 20.6941 106.259
      vertex 131.5 20.794 106.5
      vertex 136.5 20.794 106.5
    endloop
  endfacet
  facet normal 0 0.923778 -0.382927
    outer loop
      vertex 131.5 20.794 106.5
      vertex 136.5 20.6941 106.259
      vertex 131.5 20.6941 106.259
    endloop
  endfacet
  facet normal 0 -0.382983 0.923755
    outer loop
      vertex 131.5 22.16 105.134
      vertex 136.5 21.9188 105.034
      vertex 136.5 22.16 105.134
    endloop
  endfacet
  facet normal 0 -0.382983 0.923755
    outer loop
      vertex 136.5 21.9188 105.034
      vertex 131.5 22.16 105.134
      vertex 131.5 21.9188 105.034
    endloop
  endfacet
  facet normal 0 0.793236 -0.608914
    outer loop
      vertex 136.5 20.794 106.5
      vertex 131.5 20.9529 106.707
      vertex 136.5 20.9529 106.707
    endloop
  endfacet
  facet normal 0 0.793236 -0.608914
    outer loop
      vertex 131.5 20.9529 106.707
      vertex 136.5 20.794 106.5
      vertex 131.5 20.794 106.5
    endloop
  endfacet
  facet normal 0 0.382983 -0.923755
    outer loop
      vertex 131.5 21.16 106.866
      vertex 136.5 21.4012 106.966
      vertex 136.5 21.16 106.866
    endloop
  endfacet
  facet normal 0 0.382983 -0.923755
    outer loop
      vertex 136.5 21.4012 106.966
      vertex 131.5 21.16 106.866
      vertex 131.5 21.4012 106.966
    endloop
  endfacet
  facet normal 0 0.130256 -0.99148
    outer loop
      vertex 131.5 21.4012 106.966
      vertex 136.5 21.66 107
      vertex 136.5 21.4012 106.966
    endloop
  endfacet
  facet normal 0 0.130256 -0.99148
    outer loop
      vertex 136.5 21.66 107
      vertex 131.5 21.4012 106.966
      vertex 131.5 21.66 107
    endloop
  endfacet
  facet normal 0 -0.991444 0.130534
    outer loop
      vertex 131.5 22.6259 105.741
      vertex 136.5 22.66 106
      vertex 131.5 22.66 106
    endloop
  endfacet
  facet normal 0 -0.991444 0.130534
    outer loop
      vertex 136.5 22.66 106
      vertex 131.5 22.6259 105.741
      vertex 136.5 22.6259 105.741
    endloop
  endfacet
  facet normal 0 0.793236 0.608914
    outer loop
      vertex 136.5 20.9529 105.293
      vertex 131.5 20.794 105.5
      vertex 136.5 20.794 105.5
    endloop
  endfacet
  facet normal 0 0.793236 0.608914
    outer loop
      vertex 131.5 20.794 105.5
      vertex 136.5 20.9529 105.293
      vertex 131.5 20.9529 105.293
    endloop
  endfacet
  facet normal -0 0.60897 0.793193
    outer loop
      vertex 131.5 21.16 105.134
      vertex 136.5 20.9529 105.293
      vertex 136.5 21.16 105.134
    endloop
  endfacet
  facet normal 0 0.60897 0.793193
    outer loop
      vertex 136.5 20.9529 105.293
      vertex 131.5 21.16 105.134
      vertex 131.5 20.9529 105.293
    endloop
  endfacet
  facet normal 0 0.991444 0.130534
    outer loop
      vertex 136.5 20.6941 105.741
      vertex 131.5 20.66 106
      vertex 136.5 20.66 106
    endloop
  endfacet
  facet normal 0 0.991444 0.130534
    outer loop
      vertex 131.5 20.66 106
      vertex 136.5 20.6941 105.741
      vertex 131.5 20.6941 105.741
    endloop
  endfacet
  facet normal 0 -0.382983 -0.923755
    outer loop
      vertex 131.5 21.9188 106.966
      vertex 136.5 22.16 106.866
      vertex 136.5 21.9188 106.966
    endloop
  endfacet
  facet normal -0 -0.382983 -0.923755
    outer loop
      vertex 136.5 22.16 106.866
      vertex 131.5 21.9188 106.966
      vertex 131.5 22.16 106.866
    endloop
  endfacet
  facet normal 0 0.923778 0.382927
    outer loop
      vertex 136.5 20.794 105.5
      vertex 131.5 20.6941 105.741
      vertex 136.5 20.6941 105.741
    endloop
  endfacet
  facet normal 0 0.923778 0.382927
    outer loop
      vertex 131.5 20.6941 105.741
      vertex 136.5 20.794 105.5
      vertex 131.5 20.794 105.5
    endloop
  endfacet
  facet normal 0 -0.60897 0.793193
    outer loop
      vertex 131.5 22.3671 105.293
      vertex 136.5 22.16 105.134
      vertex 136.5 22.3671 105.293
    endloop
  endfacet
  facet normal 0 -0.60897 0.793193
    outer loop
      vertex 136.5 22.16 105.134
      vertex 131.5 22.3671 105.293
      vertex 131.5 22.16 105.134
    endloop
  endfacet
  facet normal 0 -0.130256 0.99148
    outer loop
      vertex 131.5 21.9188 105.034
      vertex 136.5 21.66 105
      vertex 136.5 21.9188 105.034
    endloop
  endfacet
  facet normal 0 -0.130256 0.99148
    outer loop
      vertex 136.5 21.66 105
      vertex 131.5 21.9188 105.034
      vertex 131.5 21.66 105
    endloop
  endfacet
  facet normal -0 0.0981368 0.995173
    outer loop
      vertex 131.5 74.11 20.3
      vertex 134.7 73.7784 20.3327
      vertex 134.7 74.11 20.3
    endloop
  endfacet
  facet normal 0 0.0981368 0.995173
    outer loop
      vertex 134.7 73.7784 20.3327
      vertex 131.5 74.11 20.3
      vertex 131.5 73.7784 20.3327
    endloop
  endfacet
  facet normal 0 -0.773021 0.634381
    outer loop
      vertex 131.5 75.3121 20.7979
      vertex 134.7 75.5235 21.0555
      vertex 131.5 75.5235 21.0555
    endloop
  endfacet
  facet normal 0 -0.773021 0.634381
    outer loop
      vertex 134.7 75.5235 21.0555
      vertex 131.5 75.3121 20.7979
      vertex 134.7 75.3121 20.7979
    endloop
  endfacet
  facet normal 0 -0.881912 -0.471413
    outer loop
      vertex 131.5 75.6806 22.6506
      vertex 134.7 75.5235 22.9445
      vertex 131.5 75.5235 22.9445
    endloop
  endfacet
  facet normal 0 -0.881912 -0.471413
    outer loop
      vertex 134.7 75.5235 22.9445
      vertex 131.5 75.6806 22.6506
      vertex 134.7 75.6806 22.6506
    endloop
  endfacet
  facet normal 0 -0.290182 -0.956971
    outer loop
      vertex 131.5 74.4417 23.6673
      vertex 134.7 74.7606 23.5706
      vertex 134.7 74.4417 23.6673
    endloop
  endfacet
  facet normal -0 -0.290182 -0.956971
    outer loop
      vertex 134.7 74.7606 23.5706
      vertex 131.5 74.4417 23.6673
      vertex 131.5 74.7606 23.5706
    endloop
  endfacet
  facet normal -0 0.634381 0.773021
    outer loop
      vertex 131.5 73.1655 20.5865
      vertex 134.7 72.9079 20.7979
      vertex 134.7 73.1655 20.5865
    endloop
  endfacet
  facet normal 0 0.634381 0.773021
    outer loop
      vertex 134.7 72.9079 20.7979
      vertex 131.5 73.1655 20.5865
      vertex 131.5 72.9079 20.7979
    endloop
  endfacet
  facet normal 0 -0.995176 0.0981075
    outer loop
      vertex 131.5 75.7773 21.6683
      vertex 134.7 75.81 22
      vertex 131.5 75.81 22
    endloop
  endfacet
  facet normal 0 -0.995176 0.0981075
    outer loop
      vertex 134.7 75.81 22
      vertex 131.5 75.7773 21.6683
      vertex 134.7 75.7773 21.6683
    endloop
  endfacet
  facet normal 0 -0.290182 0.956971
    outer loop
      vertex 131.5 74.7606 20.4294
      vertex 134.7 74.4417 20.3327
      vertex 134.7 74.7606 20.4294
    endloop
  endfacet
  facet normal 0 -0.290182 0.956971
    outer loop
      vertex 134.7 74.4417 20.3327
      vertex 131.5 74.7606 20.4294
      vertex 131.5 74.4417 20.3327
    endloop
  endfacet
  facet normal 0 0.995176 0.0981075
    outer loop
      vertex 134.7 72.4427 21.6683
      vertex 131.5 72.41 22
      vertex 134.7 72.41 22
    endloop
  endfacet
  facet normal 0 0.995176 0.0981075
    outer loop
      vertex 131.5 72.41 22
      vertex 134.7 72.4427 21.6683
      vertex 131.5 72.4427 21.6683
    endloop
  endfacet
  facet normal 0 -0.995176 -0.0981075
    outer loop
      vertex 131.5 75.81 22
      vertex 134.7 75.7773 22.3317
      vertex 131.5 75.7773 22.3317
    endloop
  endfacet
  facet normal 0 -0.995176 -0.0981075
    outer loop
      vertex 134.7 75.7773 22.3317
      vertex 131.5 75.81 22
      vertex 134.7 75.81 22
    endloop
  endfacet
  facet normal 0 -0.956971 0.290182
    outer loop
      vertex 131.5 75.6806 21.3494
      vertex 134.7 75.7773 21.6683
      vertex 131.5 75.7773 21.6683
    endloop
  endfacet
  facet normal 0 -0.956971 0.290182
    outer loop
      vertex 134.7 75.7773 21.6683
      vertex 131.5 75.6806 21.3494
      vertex 134.7 75.6806 21.3494
    endloop
  endfacet
  facet normal 0 0.995176 -0.0981075
    outer loop
      vertex 134.7 72.41 22
      vertex 131.5 72.4427 22.3317
      vertex 134.7 72.4427 22.3317
    endloop
  endfacet
  facet normal 0 0.995176 -0.0981075
    outer loop
      vertex 131.5 72.4427 22.3317
      vertex 134.7 72.41 22
      vertex 131.5 72.41 22
    endloop
  endfacet
  facet normal 0 -0.0981075 -0.995176
    outer loop
      vertex 131.5 74.11 23.7
      vertex 134.7 74.4417 23.6673
      vertex 134.7 74.11 23.7
    endloop
  endfacet
  facet normal -0 -0.0981075 -0.995176
    outer loop
      vertex 134.7 74.4417 23.6673
      vertex 131.5 74.11 23.7
      vertex 131.5 74.4417 23.6673
    endloop
  endfacet
  facet normal 0 0.0981368 -0.995173
    outer loop
      vertex 131.5 73.7784 23.6673
      vertex 134.7 74.11 23.7
      vertex 134.7 73.7784 23.6673
    endloop
  endfacet
  facet normal 0 0.0981368 -0.995173
    outer loop
      vertex 134.7 74.11 23.7
      vertex 131.5 73.7784 23.6673
      vertex 131.5 74.11 23.7
    endloop
  endfacet
  facet normal -0 0.290099 0.956997
    outer loop
      vertex 131.5 73.7784 20.3327
      vertex 134.7 73.4594 20.4294
      vertex 134.7 73.7784 20.3327
    endloop
  endfacet
  facet normal 0 0.290099 0.956997
    outer loop
      vertex 134.7 73.4594 20.4294
      vertex 131.5 73.7784 20.3327
      vertex 131.5 73.4594 20.4294
    endloop
  endfacet
  facet normal 0 0.956971 -0.290182
    outer loop
      vertex 134.7 72.4427 22.3317
      vertex 131.5 72.5394 22.6506
      vertex 134.7 72.5394 22.6506
    endloop
  endfacet
  facet normal 0 0.956971 -0.290182
    outer loop
      vertex 131.5 72.5394 22.6506
      vertex 134.7 72.4427 22.3317
      vertex 131.5 72.4427 22.3317
    endloop
  endfacet
  facet normal 0 -0.956971 -0.290182
    outer loop
      vertex 131.5 75.7773 22.3317
      vertex 134.7 75.6806 22.6506
      vertex 131.5 75.6806 22.6506
    endloop
  endfacet
  facet normal 0 -0.956971 -0.290182
    outer loop
      vertex 134.7 75.6806 22.6506
      vertex 131.5 75.7773 22.3317
      vertex 134.7 75.7773 22.3317
    endloop
  endfacet
  facet normal 0 0.634381 -0.773021
    outer loop
      vertex 131.5 72.9079 23.2021
      vertex 134.7 73.1655 23.4135
      vertex 134.7 72.9079 23.2021
    endloop
  endfacet
  facet normal 0 0.634381 -0.773021
    outer loop
      vertex 134.7 73.1655 23.4135
      vertex 131.5 72.9079 23.2021
      vertex 131.5 73.1655 23.4135
    endloop
  endfacet
  facet normal 0 -0.773021 -0.634381
    outer loop
      vertex 131.5 75.5235 22.9445
      vertex 134.7 75.3121 23.2021
      vertex 131.5 75.3121 23.2021
    endloop
  endfacet
  facet normal 0 -0.773021 -0.634381
    outer loop
      vertex 134.7 75.3121 23.2021
      vertex 131.5 75.5235 22.9445
      vertex 134.7 75.5235 22.9445
    endloop
  endfacet
  facet normal 0 0.471413 -0.881912
    outer loop
      vertex 131.5 73.1655 23.4135
      vertex 134.7 73.4594 23.5706
      vertex 134.7 73.1655 23.4135
    endloop
  endfacet
  facet normal 0 0.471413 -0.881912
    outer loop
      vertex 134.7 73.4594 23.5706
      vertex 131.5 73.1655 23.4135
      vertex 131.5 73.4594 23.5706
    endloop
  endfacet
  facet normal 0 0.881912 0.471413
    outer loop
      vertex 134.7 72.6965 21.0555
      vertex 131.5 72.5394 21.3494
      vertex 134.7 72.5394 21.3494
    endloop
  endfacet
  facet normal 0 0.881912 0.471413
    outer loop
      vertex 131.5 72.5394 21.3494
      vertex 134.7 72.6965 21.0555
      vertex 131.5 72.6965 21.0555
    endloop
  endfacet
  facet normal 0 -0.471413 0.881912
    outer loop
      vertex 131.5 75.0545 20.5865
      vertex 134.7 74.7606 20.4294
      vertex 134.7 75.0545 20.5865
    endloop
  endfacet
  facet normal 0 -0.471413 0.881912
    outer loop
      vertex 134.7 74.7606 20.4294
      vertex 131.5 75.0545 20.5865
      vertex 131.5 74.7606 20.4294
    endloop
  endfacet
  facet normal 0 -0.881912 0.471413
    outer loop
      vertex 131.5 75.5235 21.0555
      vertex 134.7 75.6806 21.3494
      vertex 131.5 75.6806 21.3494
    endloop
  endfacet
  facet normal 0 -0.881912 0.471413
    outer loop
      vertex 134.7 75.6806 21.3494
      vertex 131.5 75.5235 21.0555
      vertex 134.7 75.5235 21.0555
    endloop
  endfacet
  facet normal 0 -0.634381 -0.773021
    outer loop
      vertex 131.5 75.0545 23.4135
      vertex 134.7 75.3121 23.2021
      vertex 134.7 75.0545 23.4135
    endloop
  endfacet
  facet normal -0 -0.634381 -0.773021
    outer loop
      vertex 134.7 75.3121 23.2021
      vertex 131.5 75.0545 23.4135
      vertex 131.5 75.3121 23.2021
    endloop
  endfacet
  facet normal 0 -0.634381 0.773021
    outer loop
      vertex 131.5 75.3121 20.7979
      vertex 134.7 75.0545 20.5865
      vertex 134.7 75.3121 20.7979
    endloop
  endfacet
  facet normal 0 -0.634381 0.773021
    outer loop
      vertex 134.7 75.0545 20.5865
      vertex 131.5 75.3121 20.7979
      vertex 131.5 75.0545 20.5865
    endloop
  endfacet
  facet normal 0 -0.471413 -0.881912
    outer loop
      vertex 131.5 74.7606 23.5706
      vertex 134.7 75.0545 23.4135
      vertex 134.7 74.7606 23.5706
    endloop
  endfacet
  facet normal -0 -0.471413 -0.881912
    outer loop
      vertex 134.7 75.0545 23.4135
      vertex 131.5 74.7606 23.5706
      vertex 131.5 75.0545 23.4135
    endloop
  endfacet
  facet normal 0 0.290099 -0.956997
    outer loop
      vertex 131.5 73.4594 23.5706
      vertex 134.7 73.7784 23.6673
      vertex 134.7 73.4594 23.5706
    endloop
  endfacet
  facet normal 0 0.290099 -0.956997
    outer loop
      vertex 134.7 73.7784 23.6673
      vertex 131.5 73.4594 23.5706
      vertex 131.5 73.7784 23.6673
    endloop
  endfacet
  facet normal 0 -0.0981075 0.995176
    outer loop
      vertex 131.5 74.4417 20.3327
      vertex 134.7 74.11 20.3
      vertex 134.7 74.4417 20.3327
    endloop
  endfacet
  facet normal 0 -0.0981075 0.995176
    outer loop
      vertex 134.7 74.11 20.3
      vertex 131.5 74.4417 20.3327
      vertex 131.5 74.11 20.3
    endloop
  endfacet
  facet normal 0 0.956971 0.290182
    outer loop
      vertex 134.7 72.5394 21.3494
      vertex 131.5 72.4427 21.6683
      vertex 134.7 72.4427 21.6683
    endloop
  endfacet
  facet normal 0 0.956971 0.290182
    outer loop
      vertex 131.5 72.4427 21.6683
      vertex 134.7 72.5394 21.3494
      vertex 131.5 72.5394 21.3494
    endloop
  endfacet
  facet normal 0 0.773021 -0.634381
    outer loop
      vertex 134.7 72.6965 22.9445
      vertex 131.5 72.9079 23.2021
      vertex 134.7 72.9079 23.2021
    endloop
  endfacet
  facet normal 0 0.773021 -0.634381
    outer loop
      vertex 131.5 72.9079 23.2021
      vertex 134.7 72.6965 22.9445
      vertex 131.5 72.6965 22.9445
    endloop
  endfacet
  facet normal 0 0.773021 0.634381
    outer loop
      vertex 134.7 72.9079 20.7979
      vertex 131.5 72.6965 21.0555
      vertex 134.7 72.6965 21.0555
    endloop
  endfacet
  facet normal 0 0.773021 0.634381
    outer loop
      vertex 131.5 72.6965 21.0555
      vertex 134.7 72.9079 20.7979
      vertex 131.5 72.9079 20.7979
    endloop
  endfacet
  facet normal -0 0.471413 0.881912
    outer loop
      vertex 131.5 73.4594 20.4294
      vertex 134.7 73.1655 20.5865
      vertex 134.7 73.4594 20.4294
    endloop
  endfacet
  facet normal 0 0.471413 0.881912
    outer loop
      vertex 134.7 73.1655 20.5865
      vertex 131.5 73.4594 20.4294
      vertex 131.5 73.1655 20.5865
    endloop
  endfacet
  facet normal 0 0.881912 -0.471413
    outer loop
      vertex 134.7 72.5394 22.6506
      vertex 131.5 72.6965 22.9445
      vertex 134.7 72.6965 22.9445
    endloop
  endfacet
  facet normal 0 0.881912 -0.471413
    outer loop
      vertex 131.5 72.6965 22.9445
      vertex 134.7 72.5394 22.6506
      vertex 131.5 72.5394 22.6506
    endloop
  endfacet
  facet normal 0 -0.866019 -0.500012
    outer loop
      vertex 134.7 77.4009 22
      vertex 137.5 75.7554 24.85
      vertex 134.7 75.7554 24.85
    endloop
  endfacet
  facet normal 0 -0.866019 -0.500012
    outer loop
      vertex 137.5 75.7554 24.85
      vertex 134.7 77.4009 22
      vertex 137.5 77.4009 22
    endloop
  endfacet
  facet normal 0 0.866019 -0.500012
    outer loop
      vertex 137.5 70.8191 22
      vertex 134.7 72.4646 24.85
      vertex 137.5 72.4646 24.85
    endloop
  endfacet
  facet normal 0 0.866019 -0.500012
    outer loop
      vertex 134.7 72.4646 24.85
      vertex 137.5 70.8191 22
      vertex 134.7 70.8191 22
    endloop
  endfacet
  facet normal 1 0 0
    outer loop
      vertex 134.7 77.4009 22
      vertex 134.7 75.7773 22.3317
      vertex 134.7 75.81 22
    endloop
  endfacet
  facet normal 1 -0 0
    outer loop
      vertex 134.7 75.5235 22.9445
      vertex 134.7 77.4009 22
      vertex 134.7 75.7554 24.85
    endloop
  endfacet
  facet normal 1 0 0
    outer loop
      vertex 134.7 77.4009 22
      vertex 134.7 75.6806 22.6506
      vertex 134.7 75.7773 22.3317
    endloop
  endfacet
  facet normal 1 0 0
    outer loop
      vertex 134.7 77.4009 22
      vertex 134.7 75.5235 22.9445
      vertex 134.7 75.6806 22.6506
    endloop
  endfacet
  facet normal 1 0 0
    outer loop
      vertex 134.7 75.7554 24.85
      vertex 134.7 75.3121 23.2021
      vertex 134.7 75.5235 22.9445
    endloop
  endfacet
  facet normal 1 0 0
    outer loop
      vertex 134.7 75.7554 24.85
      vertex 134.7 75.0545 23.4135
      vertex 134.7 75.3121 23.2021
    endloop
  endfacet
  facet normal 1 0 0
    outer loop
      vertex 134.7 75.7554 24.85
      vertex 134.7 74.7606 23.5706
      vertex 134.7 75.0545 23.4135
    endloop
  endfacet
  facet normal 1 0 0
    outer loop
      vertex 134.7 75.7554 24.85
      vertex 134.7 74.4417 23.6673
      vertex 134.7 74.7606 23.5706
    endloop
  endfacet
  facet normal 1 0 0
    outer loop
      vertex 134.7 75.7554 24.85
      vertex 134.7 74.11 23.7
      vertex 134.7 74.4417 23.6673
    endloop
  endfacet
  facet normal 1 -0 0
    outer loop
      vertex 134.7 72.4646 24.85
      vertex 134.7 74.11 23.7
      vertex 134.7 75.7554 24.85
    endloop
  endfacet
  facet normal 1 0 0
    outer loop
      vertex 134.7 74.11 23.7
      vertex 134.7 72.4646 24.85
      vertex 134.7 73.7784 23.6673
    endloop
  endfacet
  facet normal 1 0 0
    outer loop
      vertex 134.7 73.7784 23.6673
      vertex 134.7 72.4646 24.85
      vertex 134.7 73.4594 23.5706
    endloop
  endfacet
  facet normal 1 0 0
    outer loop
      vertex 134.7 73.4594 23.5706
      vertex 134.7 72.4646 24.85
      vertex 134.7 73.1655 23.4135
    endloop
  endfacet
  facet normal 1 0 0
    outer loop
      vertex 134.7 72.4646 24.85
      vertex 134.7 72.9079 23.2021
      vertex 134.7 73.1655 23.4135
    endloop
  endfacet
  facet normal 1 0 0
    outer loop
      vertex 134.7 72.4646 24.85
      vertex 134.7 72.6965 22.9445
      vertex 134.7 72.9079 23.2021
    endloop
  endfacet
  facet normal 1 0 0
    outer loop
      vertex 134.7 70.8191 22
      vertex 134.7 72.6965 22.9445
      vertex 134.7 72.4646 24.85
    endloop
  endfacet
  facet normal 1 0 0
    outer loop
      vertex 134.7 72.6965 22.9445
      vertex 134.7 70.8191 22
      vertex 134.7 72.5394 22.6506
    endloop
  endfacet
  facet normal 1 0 0
    outer loop
      vertex 134.7 72.5394 22.6506
      vertex 134.7 70.8191 22
      vertex 134.7 72.4427 22.3317
    endloop
  endfacet
  facet normal 1 0 0
    outer loop
      vertex 134.7 72.4427 22.3317
      vertex 134.7 70.8191 22
      vertex 134.7 72.41 22
    endloop
  endfacet
  facet normal 1 0 0
    outer loop
      vertex 134.7 75.7773 21.6683
      vertex 134.7 77.4009 22
      vertex 134.7 75.81 22
    endloop
  endfacet
  facet normal 1 0 0
    outer loop
      vertex 134.7 75.6806 21.3494
      vertex 134.7 77.4009 22
      vertex 134.7 75.7773 21.6683
    endloop
  endfacet
  facet normal 1 0 0
    outer loop
      vertex 134.7 75.5235 21.0555
      vertex 134.7 77.4009 22
      vertex 134.7 75.6806 21.3494
    endloop
  endfacet
  facet normal 1 0 0
    outer loop
      vertex 134.7 77.4009 22
      vertex 134.7 75.5235 21.0555
      vertex 134.7 75.7554 19.15
    endloop
  endfacet
  facet normal 1 -0 0
    outer loop
      vertex 134.7 75.3121 20.7979
      vertex 134.7 75.7554 19.15
      vertex 134.7 75.5235 21.0555
    endloop
  endfacet
  facet normal 1 -0 0
    outer loop
      vertex 134.7 75.0545 20.5865
      vertex 134.7 75.7554 19.15
      vertex 134.7 75.3121 20.7979
    endloop
  endfacet
  facet normal 1 -0 0
    outer loop
      vertex 134.7 74.7606 20.4294
      vertex 134.7 75.7554 19.15
      vertex 134.7 75.0545 20.5865
    endloop
  endfacet
  facet normal 1 -0 0
    outer loop
      vertex 134.7 74.4417 20.3327
      vertex 134.7 75.7554 19.15
      vertex 134.7 74.7606 20.4294
    endloop
  endfacet
  facet normal 1 -0 0
    outer loop
      vertex 134.7 74.11 20.3
      vertex 134.7 75.7554 19.15
      vertex 134.7 74.4417 20.3327
    endloop
  endfacet
  facet normal 1 0 0
    outer loop
      vertex 134.7 72.4646 19.15
      vertex 134.7 74.11 20.3
      vertex 134.7 73.7784 20.3327
    endloop
  endfacet
  facet normal 1 0 0
    outer loop
      vertex 134.7 72.4646 19.15
      vertex 134.7 73.7784 20.3327
      vertex 134.7 73.4594 20.4294
    endloop
  endfacet
  facet normal 1 0 0
    outer loop
      vertex 134.7 72.4646 19.15
      vertex 134.7 73.4594 20.4294
      vertex 134.7 73.1655 20.5865
    endloop
  endfacet
  facet normal 1 0 0
    outer loop
      vertex 134.7 74.11 20.3
      vertex 134.7 72.4646 19.15
      vertex 134.7 75.7554 19.15
    endloop
  endfacet
  facet normal 1 0 0
    outer loop
      vertex 134.7 72.9079 20.7979
      vertex 134.7 72.4646 19.15
      vertex 134.7 73.1655 20.5865
    endloop
  endfacet
  facet normal 1 0 0
    outer loop
      vertex 134.7 72.6965 21.0555
      vertex 134.7 72.4646 19.15
      vertex 134.7 72.9079 20.7979
    endloop
  endfacet
  facet normal 1 0 0
    outer loop
      vertex 134.7 70.8191 22
      vertex 134.7 72.6965 21.0555
      vertex 134.7 72.5394 21.3494
    endloop
  endfacet
  facet normal 1 0 0
    outer loop
      vertex 134.7 70.8191 22
      vertex 134.7 72.5394 21.3494
      vertex 134.7 72.4427 21.6683
    endloop
  endfacet
  facet normal 1 -0 0
    outer loop
      vertex 134.7 70.8191 22
      vertex 134.7 72.4427 21.6683
      vertex 134.7 72.41 22
    endloop
  endfacet
  facet normal 1 0 0
    outer loop
      vertex 134.7 72.6965 21.0555
      vertex 134.7 70.8191 22
      vertex 134.7 72.4646 19.15
    endloop
  endfacet
  facet normal 0 0.866019 0.500012
    outer loop
      vertex 137.5 72.4646 19.15
      vertex 134.7 70.8191 22
      vertex 137.5 70.8191 22
    endloop
  endfacet
  facet normal 0 0.866019 0.500012
    outer loop
      vertex 134.7 70.8191 22
      vertex 137.5 72.4646 19.15
      vertex 134.7 72.4646 19.15
    endloop
  endfacet
  facet normal 0 -0.866019 0.500012
    outer loop
      vertex 134.7 75.7554 19.15
      vertex 137.5 77.4009 22
      vertex 134.7 77.4009 22
    endloop
  endfacet
  facet normal 0 -0.866019 0.500012
    outer loop
      vertex 137.5 77.4009 22
      vertex 134.7 75.7554 19.15
      vertex 137.5 75.7554 19.15
    endloop
  endfacet
  facet normal -0 0 1
    outer loop
      vertex 134.7 75.7554 19.15
      vertex 137.5 72.4646 19.15
      vertex 137.5 75.7554 19.15
    endloop
  endfacet
  facet normal 0 0 1
    outer loop
      vertex 137.5 72.4646 19.15
      vertex 134.7 75.7554 19.15
      vertex 134.7 72.4646 19.15
    endloop
  endfacet
  facet normal 0 0 -1
    outer loop
      vertex 134.7 72.4646 24.85
      vertex 137.5 75.7554 24.85
      vertex 137.5 72.4646 24.85
    endloop
  endfacet
  facet normal -0 0 -1
    outer loop
      vertex 137.5 75.7554 24.85
      vertex 134.7 72.4646 24.85
      vertex 134.7 75.7554 24.85
    endloop
  endfacet
  facet normal 0 -0.881912 -0.471413
    outer loop
      vertex 131.5 31.2306 22.6506
      vertex 134.7 31.0735 22.9445
      vertex 131.5 31.0735 22.9445
    endloop
  endfacet
  facet normal 0 -0.881912 -0.471413
    outer loop
      vertex 134.7 31.0735 22.9445
      vertex 131.5 31.2306 22.6506
      vertex 134.7 31.2306 22.6506
    endloop
  endfacet
  facet normal 0 -0.995176 0.0981075
    outer loop
      vertex 131.5 31.3273 21.6683
      vertex 134.7 31.36 22
      vertex 131.5 31.36 22
    endloop
  endfacet
  facet normal 0 -0.995176 0.0981075
    outer loop
      vertex 134.7 31.36 22
      vertex 131.5 31.3273 21.6683
      vertex 134.7 31.3273 21.6683
    endloop
  endfacet
  facet normal 0 0.634381 -0.773021
    outer loop
      vertex 131.5 28.4579 23.2021
      vertex 134.7 28.7155 23.4135
      vertex 134.7 28.4579 23.2021
    endloop
  endfacet
  facet normal 0 0.634381 -0.773021
    outer loop
      vertex 134.7 28.7155 23.4135
      vertex 131.5 28.4579 23.2021
      vertex 131.5 28.7155 23.4135
    endloop
  endfacet
  facet normal 0 0.471413 -0.881912
    outer loop
      vertex 131.5 28.7155 23.4135
      vertex 134.7 29.0094 23.5706
      vertex 134.7 28.7155 23.4135
    endloop
  endfacet
  facet normal 0 0.471413 -0.881912
    outer loop
      vertex 134.7 29.0094 23.5706
      vertex 131.5 28.7155 23.4135
      vertex 131.5 29.0094 23.5706
    endloop
  endfacet
  facet normal 0 -0.995176 -0.0981075
    outer loop
      vertex 131.5 31.36 22
      vertex 134.7 31.3273 22.3317
      vertex 131.5 31.3273 22.3317
    endloop
  endfacet
  facet normal 0 -0.995176 -0.0981075
    outer loop
      vertex 134.7 31.3273 22.3317
      vertex 131.5 31.36 22
      vertex 134.7 31.36 22
    endloop
  endfacet
  facet normal 0 0.773021 0.634381
    outer loop
      vertex 134.7 28.4579 20.7979
      vertex 131.5 28.2465 21.0555
      vertex 134.7 28.2465 21.0555
    endloop
  endfacet
  facet normal 0 0.773021 0.634381
    outer loop
      vertex 131.5 28.2465 21.0555
      vertex 134.7 28.4579 20.7979
      vertex 131.5 28.4579 20.7979
    endloop
  endfacet
  facet normal -0 0.634381 0.773021
    outer loop
      vertex 131.5 28.7155 20.5865
      vertex 134.7 28.4579 20.7979
      vertex 134.7 28.7155 20.5865
    endloop
  endfacet
  facet normal 0 0.634381 0.773021
    outer loop
      vertex 134.7 28.4579 20.7979
      vertex 131.5 28.7155 20.5865
      vertex 131.5 28.4579 20.7979
    endloop
  endfacet
  facet normal 0 -0.634381 0.773021
    outer loop
      vertex 131.5 30.8621 20.7979
      vertex 134.7 30.6045 20.5865
      vertex 134.7 30.8621 20.7979
    endloop
  endfacet
  facet normal 0 -0.634381 0.773021
    outer loop
      vertex 134.7 30.6045 20.5865
      vertex 131.5 30.8621 20.7979
      vertex 131.5 30.6045 20.5865
    endloop
  endfacet
  facet normal 0 0.956971 -0.290182
    outer loop
      vertex 134.7 27.9927 22.3317
      vertex 131.5 28.0894 22.6506
      vertex 134.7 28.0894 22.6506
    endloop
  endfacet
  facet normal 0 0.956971 -0.290182
    outer loop
      vertex 131.5 28.0894 22.6506
      vertex 134.7 27.9927 22.3317
      vertex 131.5 27.9927 22.3317
    endloop
  endfacet
  facet normal 0 -0.0981075 -0.995176
    outer loop
      vertex 131.5 29.66 23.7
      vertex 134.7 29.9917 23.6673
      vertex 134.7 29.66 23.7
    endloop
  endfacet
  facet normal -0 -0.0981075 -0.995176
    outer loop
      vertex 134.7 29.9917 23.6673
      vertex 131.5 29.66 23.7
      vertex 131.5 29.9917 23.6673
    endloop
  endfacet
  facet normal 0 -0.290182 0.956971
    outer loop
      vertex 131.5 30.3106 20.4294
      vertex 134.7 29.9917 20.3327
      vertex 134.7 30.3106 20.4294
    endloop
  endfacet
  facet normal 0 -0.290182 0.956971
    outer loop
      vertex 134.7 29.9917 20.3327
      vertex 131.5 30.3106 20.4294
      vertex 131.5 29.9917 20.3327
    endloop
  endfacet
  facet normal 0 0.290182 -0.956971
    outer loop
      vertex 131.5 29.0094 23.5706
      vertex 134.7 29.3283 23.6673
      vertex 134.7 29.0094 23.5706
    endloop
  endfacet
  facet normal 0 0.290182 -0.956971
    outer loop
      vertex 134.7 29.3283 23.6673
      vertex 131.5 29.0094 23.5706
      vertex 131.5 29.3283 23.6673
    endloop
  endfacet
  facet normal 0 -0.881912 0.471413
    outer loop
      vertex 131.5 31.0735 21.0555
      vertex 134.7 31.2306 21.3494
      vertex 131.5 31.2306 21.3494
    endloop
  endfacet
  facet normal 0 -0.881912 0.471413
    outer loop
      vertex 134.7 31.2306 21.3494
      vertex 131.5 31.0735 21.0555
      vertex 134.7 31.0735 21.0555
    endloop
  endfacet
  facet normal 0 0.773021 -0.634381
    outer loop
      vertex 134.7 28.2465 22.9445
      vertex 131.5 28.4579 23.2021
      vertex 134.7 28.4579 23.2021
    endloop
  endfacet
  facet normal 0 0.773021 -0.634381
    outer loop
      vertex 131.5 28.4579 23.2021
      vertex 134.7 28.2465 22.9445
      vertex 131.5 28.2465 22.9445
    endloop
  endfacet
  facet normal 0 -0.956971 0.290182
    outer loop
      vertex 131.5 31.2306 21.3494
      vertex 134.7 31.3273 21.6683
      vertex 131.5 31.3273 21.6683
    endloop
  endfacet
  facet normal 0 -0.956971 0.290182
    outer loop
      vertex 134.7 31.3273 21.6683
      vertex 131.5 31.2306 21.3494
      vertex 134.7 31.2306 21.3494
    endloop
  endfacet
  facet normal 0 0.881912 0.471413
    outer loop
      vertex 134.7 28.2465 21.0555
      vertex 131.5 28.0894 21.3494
      vertex 134.7 28.0894 21.3494
    endloop
  endfacet
  facet normal 0 0.881912 0.471413
    outer loop
      vertex 131.5 28.0894 21.3494
      vertex 134.7 28.2465 21.0555
      vertex 131.5 28.2465 21.0555
    endloop
  endfacet
  facet normal 0 -0.773021 -0.634381
    outer loop
      vertex 131.5 31.0735 22.9445
      vertex 134.7 30.8621 23.2021
      vertex 131.5 30.8621 23.2021
    endloop
  endfacet
  facet normal 0 -0.773021 -0.634381
    outer loop
      vertex 134.7 30.8621 23.2021
      vertex 131.5 31.0735 22.9445
      vertex 134.7 31.0735 22.9445
    endloop
  endfacet
  facet normal 0 -0.471413 -0.881912
    outer loop
      vertex 131.5 30.3106 23.5706
      vertex 134.7 30.6045 23.4135
      vertex 134.7 30.3106 23.5706
    endloop
  endfacet
  facet normal -0 -0.471413 -0.881912
    outer loop
      vertex 134.7 30.6045 23.4135
      vertex 131.5 30.3106 23.5706
      vertex 131.5 30.6045 23.4135
    endloop
  endfacet
  facet normal 0 -0.956971 -0.290182
    outer loop
      vertex 131.5 31.3273 22.3317
      vertex 134.7 31.2306 22.6506
      vertex 131.5 31.2306 22.6506
    endloop
  endfacet
  facet normal 0 -0.956971 -0.290182
    outer loop
      vertex 134.7 31.2306 22.6506
      vertex 131.5 31.3273 22.3317
      vertex 134.7 31.3273 22.3317
    endloop
  endfacet
  facet normal 0 0.956971 0.290182
    outer loop
      vertex 134.7 28.0894 21.3494
      vertex 131.5 27.9927 21.6683
      vertex 134.7 27.9927 21.6683
    endloop
  endfacet
  facet normal 0 0.956971 0.290182
    outer loop
      vertex 131.5 27.9927 21.6683
      vertex 134.7 28.0894 21.3494
      vertex 131.5 28.0894 21.3494
    endloop
  endfacet
  facet normal -0 0.471413 0.881912
    outer loop
      vertex 131.5 29.0094 20.4294
      vertex 134.7 28.7155 20.5865
      vertex 134.7 29.0094 20.4294
    endloop
  endfacet
  facet normal 0 0.471413 0.881912
    outer loop
      vertex 134.7 28.7155 20.5865
      vertex 131.5 29.0094 20.4294
      vertex 131.5 28.7155 20.5865
    endloop
  endfacet
  facet normal 0 -0.634381 -0.773021
    outer loop
      vertex 131.5 30.6045 23.4135
      vertex 134.7 30.8621 23.2021
      vertex 134.7 30.6045 23.4135
    endloop
  endfacet
  facet normal -0 -0.634381 -0.773021
    outer loop
      vertex 134.7 30.8621 23.2021
      vertex 131.5 30.6045 23.4135
      vertex 131.5 30.8621 23.2021
    endloop
  endfacet
  facet normal 0 -0.290182 -0.956971
    outer loop
      vertex 131.5 29.9917 23.6673
      vertex 134.7 30.3106 23.5706
      vertex 134.7 29.9917 23.6673
    endloop
  endfacet
  facet normal -0 -0.290182 -0.956971
    outer loop
      vertex 134.7 30.3106 23.5706
      vertex 131.5 29.9917 23.6673
      vertex 131.5 30.3106 23.5706
    endloop
  endfacet
  facet normal 0 -0.0981075 0.995176
    outer loop
      vertex 131.5 29.9917 20.3327
      vertex 134.7 29.66 20.3
      vertex 134.7 29.9917 20.3327
    endloop
  endfacet
  facet normal 0 -0.0981075 0.995176
    outer loop
      vertex 134.7 29.66 20.3
      vertex 131.5 29.9917 20.3327
      vertex 131.5 29.66 20.3
    endloop
  endfacet
  facet normal 0 -0.471413 0.881912
    outer loop
      vertex 131.5 30.6045 20.5865
      vertex 134.7 30.3106 20.4294
      vertex 134.7 30.6045 20.5865
    endloop
  endfacet
  facet normal 0 -0.471413 0.881912
    outer loop
      vertex 134.7 30.3106 20.4294
      vertex 131.5 30.6045 20.5865
      vertex 131.5 30.3106 20.4294
    endloop
  endfacet
  facet normal 0 0.0981075 -0.995176
    outer loop
      vertex 131.5 29.3283 23.6673
      vertex 134.7 29.66 23.7
      vertex 134.7 29.3283 23.6673
    endloop
  endfacet
  facet normal 0 0.0981075 -0.995176
    outer loop
      vertex 134.7 29.66 23.7
      vertex 131.5 29.3283 23.6673
      vertex 131.5 29.66 23.7
    endloop
  endfacet
  facet normal 0 0.881912 -0.471413
    outer loop
      vertex 134.7 28.0894 22.6506
      vertex 131.5 28.2465 22.9445
      vertex 134.7 28.2465 22.9445
    endloop
  endfacet
  facet normal 0 0.881912 -0.471413
    outer loop
      vertex 131.5 28.2465 22.9445
      vertex 134.7 28.0894 22.6506
      vertex 131.5 28.0894 22.6506
    endloop
  endfacet
  facet normal 0 0.995176 0.0981075
    outer loop
      vertex 134.7 27.9927 21.6683
      vertex 131.5 27.96 22
      vertex 134.7 27.96 22
    endloop
  endfacet
  facet normal 0 0.995176 0.0981075
    outer loop
      vertex 131.5 27.96 22
      vertex 134.7 27.9927 21.6683
      vertex 131.5 27.9927 21.6683
    endloop
  endfacet
  facet normal -0 0.0981075 0.995176
    outer loop
      vertex 131.5 29.66 20.3
      vertex 134.7 29.3283 20.3327
      vertex 134.7 29.66 20.3
    endloop
  endfacet
  facet normal 0 0.0981075 0.995176
    outer loop
      vertex 134.7 29.3283 20.3327
      vertex 131.5 29.66 20.3
      vertex 131.5 29.3283 20.3327
    endloop
  endfacet
  facet normal 0 -0.773021 0.634381
    outer loop
      vertex 131.5 30.8621 20.7979
      vertex 134.7 31.0735 21.0555
      vertex 131.5 31.0735 21.0555
    endloop
  endfacet
  facet normal 0 -0.773021 0.634381
    outer loop
      vertex 134.7 31.0735 21.0555
      vertex 131.5 30.8621 20.7979
      vertex 134.7 30.8621 20.7979
    endloop
  endfacet
  facet normal 0 0.995176 -0.0981075
    outer loop
      vertex 134.7 27.96 22
      vertex 131.5 27.9927 22.3317
      vertex 134.7 27.9927 22.3317
    endloop
  endfacet
  facet normal 0 0.995176 -0.0981075
    outer loop
      vertex 131.5 27.9927 22.3317
      vertex 134.7 27.96 22
      vertex 131.5 27.96 22
    endloop
  endfacet
  facet normal -0 0.290182 0.956971
    outer loop
      vertex 131.5 29.3283 20.3327
      vertex 134.7 29.0094 20.4294
      vertex 134.7 29.3283 20.3327
    endloop
  endfacet
  facet normal 0 0.290182 0.956971
    outer loop
      vertex 134.7 29.0094 20.4294
      vertex 131.5 29.3283 20.3327
      vertex 131.5 29.0094 20.4294
    endloop
  endfacet
  facet normal 0 -0.866019 0.500012
    outer loop
      vertex 134.7 31.3054 19.15
      vertex 137.5 32.9509 22
      vertex 134.7 32.9509 22
    endloop
  endfacet
  facet normal 0 -0.866019 0.500012
    outer loop
      vertex 137.5 32.9509 22
      vertex 134.7 31.3054 19.15
      vertex 137.5 31.3054 19.15
    endloop
  endfacet
  facet normal 0 0.866019 -0.500012
    outer loop
      vertex 137.5 26.3691 22
      vertex 134.7 28.0146 24.85
      vertex 137.5 28.0146 24.85
    endloop
  endfacet
  facet normal 0 0.866019 -0.500012
    outer loop
      vertex 134.7 28.0146 24.85
      vertex 137.5 26.3691 22
      vertex 134.7 26.3691 22
    endloop
  endfacet
  facet normal 1 0 0
    outer loop
      vertex 134.7 32.9509 22
      vertex 134.7 31.3273 22.3317
      vertex 134.7 31.36 22
    endloop
  endfacet
  facet normal 1 -0 0
    outer loop
      vertex 134.7 31.0735 22.9445
      vertex 134.7 32.9509 22
      vertex 134.7 31.3054 24.85
    endloop
  endfacet
  facet normal 1 0 0
    outer loop
      vertex 134.7 32.9509 22
      vertex 134.7 31.2306 22.6506
      vertex 134.7 31.3273 22.3317
    endloop
  endfacet
  facet normal 1 0 0
    outer loop
      vertex 134.7 32.9509 22
      vertex 134.7 31.0735 22.9445
      vertex 134.7 31.2306 22.6506
    endloop
  endfacet
  facet normal 1 0 0
    outer loop
      vertex 134.7 31.3054 24.85
      vertex 134.7 30.8621 23.2021
      vertex 134.7 31.0735 22.9445
    endloop
  endfacet
  facet normal 1 0 0
    outer loop
      vertex 134.7 31.3054 24.85
      vertex 134.7 30.6045 23.4135
      vertex 134.7 30.8621 23.2021
    endloop
  endfacet
  facet normal 1 0 0
    outer loop
      vertex 134.7 31.3054 24.85
      vertex 134.7 30.3106 23.5706
      vertex 134.7 30.6045 23.4135
    endloop
  endfacet
  facet normal 1 0 0
    outer loop
      vertex 134.7 31.3054 24.85
      vertex 134.7 29.9917 23.6673
      vertex 134.7 30.3106 23.5706
    endloop
  endfacet
  facet normal 1 0 0
    outer loop
      vertex 134.7 31.3054 24.85
      vertex 134.7 29.66 23.7
      vertex 134.7 29.9917 23.6673
    endloop
  endfacet
  facet normal 1 -0 0
    outer loop
      vertex 134.7 28.0146 24.85
      vertex 134.7 29.66 23.7
      vertex 134.7 31.3054 24.85
    endloop
  endfacet
  facet normal 1 0 0
    outer loop
      vertex 134.7 29.66 23.7
      vertex 134.7 28.0146 24.85
      vertex 134.7 29.3283 23.6673
    endloop
  endfacet
  facet normal 1 0 0
    outer loop
      vertex 134.7 29.3283 23.6673
      vertex 134.7 28.0146 24.85
      vertex 134.7 29.0094 23.5706
    endloop
  endfacet
  facet normal 1 0 0
    outer loop
      vertex 134.7 29.0094 23.5706
      vertex 134.7 28.0146 24.85
      vertex 134.7 28.7155 23.4135
    endloop
  endfacet
  facet normal 1 0 0
    outer loop
      vertex 134.7 28.0146 24.85
      vertex 134.7 28.4579 23.2021
      vertex 134.7 28.7155 23.4135
    endloop
  endfacet
  facet normal 1 0 0
    outer loop
      vertex 134.7 28.0146 24.85
      vertex 134.7 28.2465 22.9445
      vertex 134.7 28.4579 23.2021
    endloop
  endfacet
  facet normal 1 0 0
    outer loop
      vertex 134.7 26.3691 22
      vertex 134.7 28.2465 22.9445
      vertex 134.7 28.0146 24.85
    endloop
  endfacet
  facet normal 1 0 0
    outer loop
      vertex 134.7 28.2465 22.9445
      vertex 134.7 26.3691 22
      vertex 134.7 28.0894 22.6506
    endloop
  endfacet
  facet normal 1 0 0
    outer loop
      vertex 134.7 28.0894 22.6506
      vertex 134.7 26.3691 22
      vertex 134.7 27.9927 22.3317
    endloop
  endfacet
  facet normal 1 0 0
    outer loop
      vertex 134.7 27.9927 22.3317
      vertex 134.7 26.3691 22
      vertex 134.7 27.96 22
    endloop
  endfacet
  facet normal 1 0 0
    outer loop
      vertex 134.7 31.3273 21.6683
      vertex 134.7 32.9509 22
      vertex 134.7 31.36 22
    endloop
  endfacet
  facet normal 1 0 0
    outer loop
      vertex 134.7 31.2306 21.3494
      vertex 134.7 32.9509 22
      vertex 134.7 31.3273 21.6683
    endloop
  endfacet
  facet normal 1 0 0
    outer loop
      vertex 134.7 31.0735 21.0555
      vertex 134.7 32.9509 22
      vertex 134.7 31.2306 21.3494
    endloop
  endfacet
  facet normal 1 0 0
    outer loop
      vertex 134.7 32.9509 22
      vertex 134.7 31.0735 21.0555
      vertex 134.7 31.3054 19.15
    endloop
  endfacet
  facet normal 1 -0 0
    outer loop
      vertex 134.7 30.8621 20.7979
      vertex 134.7 31.3054 19.15
      vertex 134.7 31.0735 21.0555
    endloop
  endfacet
  facet normal 1 -0 0
    outer loop
      vertex 134.7 30.6045 20.5865
      vertex 134.7 31.3054 19.15
      vertex 134.7 30.8621 20.7979
    endloop
  endfacet
  facet normal 1 -0 0
    outer loop
      vertex 134.7 30.3106 20.4294
      vertex 134.7 31.3054 19.15
      vertex 134.7 30.6045 20.5865
    endloop
  endfacet
  facet normal 1 -0 0
    outer loop
      vertex 134.7 29.9917 20.3327
      vertex 134.7 31.3054 19.15
      vertex 134.7 30.3106 20.4294
    endloop
  endfacet
  facet normal 1 -0 0
    outer loop
      vertex 134.7 29.66 20.3
      vertex 134.7 31.3054 19.15
      vertex 134.7 29.9917 20.3327
    endloop
  endfacet
  facet normal 1 0 0
    outer loop
      vertex 134.7 28.0146 19.15
      vertex 134.7 29.66 20.3
      vertex 134.7 29.3283 20.3327
    endloop
  endfacet
  facet normal 1 0 0
    outer loop
      vertex 134.7 28.0146 19.15
      vertex 134.7 29.3283 20.3327
      vertex 134.7 29.0094 20.4294
    endloop
  endfacet
  facet normal 1 0 0
    outer loop
      vertex 134.7 28.0146 19.15
      vertex 134.7 29.0094 20.4294
      vertex 134.7 28.7155 20.5865
    endloop
  endfacet
  facet normal 1 0 0
    outer loop
      vertex 134.7 29.66 20.3
      vertex 134.7 28.0146 19.15
      vertex 134.7 31.3054 19.15
    endloop
  endfacet
  facet normal 1 0 0
    outer loop
      vertex 134.7 28.4579 20.7979
      vertex 134.7 28.0146 19.15
      vertex 134.7 28.7155 20.5865
    endloop
  endfacet
  facet normal 1 0 0
    outer loop
      vertex 134.7 28.2465 21.0555
      vertex 134.7 28.0146 19.15
      vertex 134.7 28.4579 20.7979
    endloop
  endfacet
  facet normal 1 0 0
    outer loop
      vertex 134.7 26.3691 22
      vertex 134.7 28.2465 21.0555
      vertex 134.7 28.0894 21.3494
    endloop
  endfacet
  facet normal 1 0 0
    outer loop
      vertex 134.7 26.3691 22
      vertex 134.7 28.0894 21.3494
      vertex 134.7 27.9927 21.6683
    endloop
  endfacet
  facet normal 1 -0 0
    outer loop
      vertex 134.7 26.3691 22
      vertex 134.7 27.9927 21.6683
      vertex 134.7 27.96 22
    endloop
  endfacet
  facet normal 1 0 0
    outer loop
      vertex 134.7 28.2465 21.0555
      vertex 134.7 26.3691 22
      vertex 134.7 28.0146 19.15
    endloop
  endfacet
  facet normal -0 0 1
    outer loop
      vertex 134.7 31.3054 19.15
      vertex 137.5 28.0146 19.15
      vertex 137.5 31.3054 19.15
    endloop
  endfacet
  facet normal 0 0 1
    outer loop
      vertex 137.5 28.0146 19.15
      vertex 134.7 31.3054 19.15
      vertex 134.7 28.0146 19.15
    endloop
  endfacet
  facet normal 0 -0.866019 -0.500012
    outer loop
      vertex 134.7 32.9509 22
      vertex 137.5 31.3054 24.85
      vertex 134.7 31.3054 24.85
    endloop
  endfacet
  facet normal 0 -0.866019 -0.500012
    outer loop
      vertex 137.5 31.3054 24.85
      vertex 134.7 32.9509 22
      vertex 137.5 32.9509 22
    endloop
  endfacet
  facet normal 0 0 -1
    outer loop
      vertex 134.7 28.0146 24.85
      vertex 137.5 31.3054 24.85
      vertex 137.5 28.0146 24.85
    endloop
  endfacet
  facet normal -0 0 -1
    outer loop
      vertex 137.5 31.3054 24.85
      vertex 134.7 28.0146 24.85
      vertex 134.7 31.3054 24.85
    endloop
  endfacet
  facet normal 0 0.866019 0.500012
    outer loop
      vertex 137.5 28.0146 19.15
      vertex 134.7 26.3691 22
      vertex 137.5 26.3691 22
    endloop
  endfacet
  facet normal 0 0.866019 0.500012
    outer loop
      vertex 134.7 26.3691 22
      vertex 137.5 28.0146 19.15
      vertex 134.7 28.0146 19.15
    endloop
  endfacet
  facet normal 0 -0.290182 0.956971
    outer loop
      vertex 131.5 74.7606 67.4294
      vertex 134.7 74.4417 67.3327
      vertex 134.7 74.7606 67.4294
    endloop
  endfacet
  facet normal 0 -0.290182 0.956971
    outer loop
      vertex 134.7 74.4417 67.3327
      vertex 131.5 74.7606 67.4294
      vertex 131.5 74.4417 67.3327
    endloop
  endfacet
  facet normal 0 -0.956997 -0.290099
    outer loop
      vertex 131.5 75.7773 69.3316
      vertex 134.7 75.6806 69.6506
      vertex 131.5 75.6806 69.6506
    endloop
  endfacet
  facet normal 0 -0.956997 -0.290099
    outer loop
      vertex 134.7 75.6806 69.6506
      vertex 131.5 75.7773 69.3316
      vertex 134.7 75.7773 69.3316
    endloop
  endfacet
  facet normal 0 0.773021 -0.634381
    outer loop
      vertex 134.7 72.6965 69.9445
      vertex 131.5 72.9079 70.2021
      vertex 134.7 72.9079 70.2021
    endloop
  endfacet
  facet normal 0 0.773021 -0.634381
    outer loop
      vertex 131.5 72.9079 70.2021
      vertex 134.7 72.6965 69.9445
      vertex 131.5 72.6965 69.9445
    endloop
  endfacet
  facet normal 0 -0.995173 0.0981368
    outer loop
      vertex 131.5 75.7773 68.6684
      vertex 134.7 75.81 69
      vertex 131.5 75.81 69
    endloop
  endfacet
  facet normal 0 -0.995173 0.0981368
    outer loop
      vertex 134.7 75.81 69
      vertex 131.5 75.7773 68.6684
      vertex 134.7 75.7773 68.6684
    endloop
  endfacet
  facet normal 0 -0.881912 -0.471413
    outer loop
      vertex 131.5 75.6806 69.6506
      vertex 134.7 75.5235 69.9445
      vertex 131.5 75.5235 69.9445
    endloop
  endfacet
  facet normal 0 -0.881912 -0.471413
    outer loop
      vertex 134.7 75.5235 69.9445
      vertex 131.5 75.6806 69.6506
      vertex 134.7 75.6806 69.6506
    endloop
  endfacet
  facet normal -0 0.0981368 0.995173
    outer loop
      vertex 131.5 74.11 67.3
      vertex 134.7 73.7784 67.3327
      vertex 134.7 74.11 67.3
    endloop
  endfacet
  facet normal 0 0.0981368 0.995173
    outer loop
      vertex 134.7 73.7784 67.3327
      vertex 131.5 74.11 67.3
      vertex 131.5 73.7784 67.3327
    endloop
  endfacet
  facet normal 0 -0.995173 -0.0981368
    outer loop
      vertex 131.5 75.81 69
      vertex 134.7 75.7773 69.3316
      vertex 131.5 75.7773 69.3316
    endloop
  endfacet
  facet normal 0 -0.995173 -0.0981368
    outer loop
      vertex 134.7 75.7773 69.3316
      vertex 131.5 75.81 69
      vertex 134.7 75.81 69
    endloop
  endfacet
  facet normal -0 0.290099 0.956997
    outer loop
      vertex 131.5 73.7784 67.3327
      vertex 134.7 73.4594 67.4294
      vertex 134.7 73.7784 67.3327
    endloop
  endfacet
  facet normal 0 0.290099 0.956997
    outer loop
      vertex 134.7 73.4594 67.4294
      vertex 131.5 73.7784 67.3327
      vertex 131.5 73.4594 67.4294
    endloop
  endfacet
  facet normal 0 0.995173 0.0981368
    outer loop
      vertex 134.7 72.4427 68.6684
      vertex 131.5 72.41 69
      vertex 134.7 72.41 69
    endloop
  endfacet
  facet normal 0 0.995173 0.0981368
    outer loop
      vertex 131.5 72.41 69
      vertex 134.7 72.4427 68.6684
      vertex 131.5 72.4427 68.6684
    endloop
  endfacet
  facet normal 0 -0.471413 0.881912
    outer loop
      vertex 131.5 75.0545 67.5865
      vertex 134.7 74.7606 67.4294
      vertex 134.7 75.0545 67.5865
    endloop
  endfacet
  facet normal 0 -0.471413 0.881912
    outer loop
      vertex 134.7 74.7606 67.4294
      vertex 131.5 75.0545 67.5865
      vertex 131.5 74.7606 67.4294
    endloop
  endfacet
  facet normal 0 -0.290182 -0.956971
    outer loop
      vertex 131.5 74.4417 70.6673
      vertex 134.7 74.7606 70.5706
      vertex 134.7 74.4417 70.6673
    endloop
  endfacet
  facet normal -0 -0.290182 -0.956971
    outer loop
      vertex 134.7 74.7606 70.5706
      vertex 131.5 74.4417 70.6673
      vertex 131.5 74.7606 70.5706
    endloop
  endfacet
  facet normal 0 0.471413 -0.881912
    outer loop
      vertex 131.5 73.1655 70.4135
      vertex 134.7 73.4594 70.5706
      vertex 134.7 73.1655 70.4135
    endloop
  endfacet
  facet normal 0 0.471413 -0.881912
    outer loop
      vertex 134.7 73.4594 70.5706
      vertex 131.5 73.1655 70.4135
      vertex 131.5 73.4594 70.5706
    endloop
  endfacet
  facet normal 0 0.0981368 -0.995173
    outer loop
      vertex 131.5 73.7784 70.6673
      vertex 134.7 74.11 70.7
      vertex 134.7 73.7784 70.6673
    endloop
  endfacet
  facet normal 0 0.0981368 -0.995173
    outer loop
      vertex 134.7 74.11 70.7
      vertex 131.5 73.7784 70.6673
      vertex 131.5 74.11 70.7
    endloop
  endfacet
  facet normal 0 -0.634381 -0.773021
    outer loop
      vertex 131.5 75.0545 70.4135
      vertex 134.7 75.3121 70.2021
      vertex 134.7 75.0545 70.4135
    endloop
  endfacet
  facet normal -0 -0.634381 -0.773021
    outer loop
      vertex 134.7 75.3121 70.2021
      vertex 131.5 75.0545 70.4135
      vertex 131.5 75.3121 70.2021
    endloop
  endfacet
  facet normal 0 -0.634381 0.773021
    outer loop
      vertex 131.5 75.3121 67.7979
      vertex 134.7 75.0545 67.5865
      vertex 134.7 75.3121 67.7979
    endloop
  endfacet
  facet normal 0 -0.634381 0.773021
    outer loop
      vertex 134.7 75.0545 67.5865
      vertex 131.5 75.3121 67.7979
      vertex 131.5 75.0545 67.5865
    endloop
  endfacet
  facet normal 0 -0.956997 0.290099
    outer loop
      vertex 131.5 75.6806 68.3494
      vertex 134.7 75.7773 68.6684
      vertex 131.5 75.7773 68.6684
    endloop
  endfacet
  facet normal 0 -0.956997 0.290099
    outer loop
      vertex 134.7 75.7773 68.6684
      vertex 131.5 75.6806 68.3494
      vertex 134.7 75.6806 68.3494
    endloop
  endfacet
  facet normal -0 0.634381 0.773021
    outer loop
      vertex 131.5 73.1655 67.5865
      vertex 134.7 72.9079 67.7979
      vertex 134.7 73.1655 67.5865
    endloop
  endfacet
  facet normal 0 0.634381 0.773021
    outer loop
      vertex 134.7 72.9079 67.7979
      vertex 131.5 73.1655 67.5865
      vertex 131.5 72.9079 67.7979
    endloop
  endfacet
  facet normal 0 0.773021 0.634381
    outer loop
      vertex 134.7 72.9079 67.7979
      vertex 131.5 72.6965 68.0555
      vertex 134.7 72.6965 68.0555
    endloop
  endfacet
  facet normal 0 0.773021 0.634381
    outer loop
      vertex 131.5 72.6965 68.0555
      vertex 134.7 72.9079 67.7979
      vertex 131.5 72.9079 67.7979
    endloop
  endfacet
  facet normal 0 -0.0981075 0.995176
    outer loop
      vertex 131.5 74.4417 67.3327
      vertex 134.7 74.11 67.3
      vertex 134.7 74.4417 67.3327
    endloop
  endfacet
  facet normal 0 -0.0981075 0.995176
    outer loop
      vertex 134.7 74.11 67.3
      vertex 131.5 74.4417 67.3327
      vertex 131.5 74.11 67.3
    endloop
  endfacet
  facet normal 0 -0.773021 -0.634381
    outer loop
      vertex 131.5 75.5235 69.9445
      vertex 134.7 75.3121 70.2021
      vertex 131.5 75.3121 70.2021
    endloop
  endfacet
  facet normal 0 -0.773021 -0.634381
    outer loop
      vertex 134.7 75.3121 70.2021
      vertex 131.5 75.5235 69.9445
      vertex 134.7 75.5235 69.9445
    endloop
  endfacet
  facet normal -0 0.471413 0.881912
    outer loop
      vertex 131.5 73.4594 67.4294
      vertex 134.7 73.1655 67.5865
      vertex 134.7 73.4594 67.4294
    endloop
  endfacet
  facet normal 0 0.471413 0.881912
    outer loop
      vertex 134.7 73.1655 67.5865
      vertex 131.5 73.4594 67.4294
      vertex 131.5 73.1655 67.5865
    endloop
  endfacet
  facet normal 0 -0.881912 0.471413
    outer loop
      vertex 131.5 75.5235 68.0555
      vertex 134.7 75.6806 68.3494
      vertex 131.5 75.6806 68.3494
    endloop
  endfacet
  facet normal 0 -0.881912 0.471413
    outer loop
      vertex 134.7 75.6806 68.3494
      vertex 131.5 75.5235 68.0555
      vertex 134.7 75.5235 68.0555
    endloop
  endfacet
  facet normal 0 -0.471413 -0.881912
    outer loop
      vertex 131.5 74.7606 70.5706
      vertex 134.7 75.0545 70.4135
      vertex 134.7 74.7606 70.5706
    endloop
  endfacet
  facet normal -0 -0.471413 -0.881912
    outer loop
      vertex 134.7 75.0545 70.4135
      vertex 131.5 74.7606 70.5706
      vertex 131.5 75.0545 70.4135
    endloop
  endfacet
  facet normal 0 0.634381 -0.773021
    outer loop
      vertex 131.5 72.9079 70.2021
      vertex 134.7 73.1655 70.4135
      vertex 134.7 72.9079 70.2021
    endloop
  endfacet
  facet normal 0 0.634381 -0.773021
    outer loop
      vertex 134.7 73.1655 70.4135
      vertex 131.5 72.9079 70.2021
      vertex 131.5 73.1655 70.4135
    endloop
  endfacet
  facet normal 0 0.881912 -0.471413
    outer loop
      vertex 134.7 72.5394 69.6506
      vertex 131.5 72.6965 69.9445
      vertex 134.7 72.6965 69.9445
    endloop
  endfacet
  facet normal 0 0.881912 -0.471413
    outer loop
      vertex 131.5 72.6965 69.9445
      vertex 134.7 72.5394 69.6506
      vertex 131.5 72.5394 69.6506
    endloop
  endfacet
  facet normal 0 0.956997 0.290099
    outer loop
      vertex 134.7 72.5394 68.3494
      vertex 131.5 72.4427 68.6684
      vertex 134.7 72.4427 68.6684
    endloop
  endfacet
  facet normal 0 0.956997 0.290099
    outer loop
      vertex 131.5 72.4427 68.6684
      vertex 134.7 72.5394 68.3494
      vertex 131.5 72.5394 68.3494
    endloop
  endfacet
  facet normal 0 0.881912 0.471413
    outer loop
      vertex 134.7 72.6965 68.0555
      vertex 131.5 72.5394 68.3494
      vertex 134.7 72.5394 68.3494
    endloop
  endfacet
  facet normal 0 0.881912 0.471413
    outer loop
      vertex 131.5 72.5394 68.3494
      vertex 134.7 72.6965 68.0555
      vertex 131.5 72.6965 68.0555
    endloop
  endfacet
  facet normal 0 0.290099 -0.956997
    outer loop
      vertex 131.5 73.4594 70.5706
      vertex 134.7 73.7784 70.6673
      vertex 134.7 73.4594 70.5706
    endloop
  endfacet
  facet normal 0 0.290099 -0.956997
    outer loop
      vertex 134.7 73.7784 70.6673
      vertex 131.5 73.4594 70.5706
      vertex 131.5 73.7784 70.6673
    endloop
  endfacet
  facet normal 0 0.956997 -0.290099
    outer loop
      vertex 134.7 72.4427 69.3316
      vertex 131.5 72.5394 69.6506
      vertex 134.7 72.5394 69.6506
    endloop
  endfacet
  facet normal 0 0.956997 -0.290099
    outer loop
      vertex 131.5 72.5394 69.6506
      vertex 134.7 72.4427 69.3316
      vertex 131.5 72.4427 69.3316
    endloop
  endfacet
  facet normal 0 -0.773021 0.634381
    outer loop
      vertex 131.5 75.3121 67.7979
      vertex 134.7 75.5235 68.0555
      vertex 131.5 75.5235 68.0555
    endloop
  endfacet
  facet normal 0 -0.773021 0.634381
    outer loop
      vertex 134.7 75.5235 68.0555
      vertex 131.5 75.3121 67.7979
      vertex 134.7 75.3121 67.7979
    endloop
  endfacet
  facet normal 0 -0.0981075 -0.995176
    outer loop
      vertex 131.5 74.11 70.7
      vertex 134.7 74.4417 70.6673
      vertex 134.7 74.11 70.7
    endloop
  endfacet
  facet normal -0 -0.0981075 -0.995176
    outer loop
      vertex 134.7 74.4417 70.6673
      vertex 131.5 74.11 70.7
      vertex 131.5 74.4417 70.6673
    endloop
  endfacet
  facet normal 0 0.995173 -0.0981368
    outer loop
      vertex 134.7 72.41 69
      vertex 131.5 72.4427 69.3316
      vertex 134.7 72.4427 69.3316
    endloop
  endfacet
  facet normal 0 0.995173 -0.0981368
    outer loop
      vertex 131.5 72.4427 69.3316
      vertex 134.7 72.41 69
      vertex 131.5 72.41 69
    endloop
  endfacet
  facet normal 0 -0.866019 -0.500012
    outer loop
      vertex 134.7 77.4009 69
      vertex 137.5 75.7554 71.85
      vertex 134.7 75.7554 71.85
    endloop
  endfacet
  facet normal 0 -0.866019 -0.500012
    outer loop
      vertex 137.5 75.7554 71.85
      vertex 134.7 77.4009 69
      vertex 137.5 77.4009 69
    endloop
  endfacet
  facet normal 0 0.866019 -0.500012
    outer loop
      vertex 137.5 70.8191 69
      vertex 134.7 72.4646 71.85
      vertex 137.5 72.4646 71.85
    endloop
  endfacet
  facet normal 0 0.866019 -0.500012
    outer loop
      vertex 134.7 72.4646 71.85
      vertex 137.5 70.8191 69
      vertex 134.7 70.8191 69
    endloop
  endfacet
  facet normal 1 0 0
    outer loop
      vertex 134.7 77.4009 69
      vertex 134.7 75.7773 69.3316
      vertex 134.7 75.81 69
    endloop
  endfacet
  facet normal 1 -0 0
    outer loop
      vertex 134.7 75.5235 69.9445
      vertex 134.7 77.4009 69
      vertex 134.7 75.7554 71.85
    endloop
  endfacet
  facet normal 1 0 0
    outer loop
      vertex 134.7 77.4009 69
      vertex 134.7 75.6806 69.6506
      vertex 134.7 75.7773 69.3316
    endloop
  endfacet
  facet normal 1 0 0
    outer loop
      vertex 134.7 77.4009 69
      vertex 134.7 75.5235 69.9445
      vertex 134.7 75.6806 69.6506
    endloop
  endfacet
  facet normal 1 0 0
    outer loop
      vertex 134.7 75.7554 71.85
      vertex 134.7 75.3121 70.2021
      vertex 134.7 75.5235 69.9445
    endloop
  endfacet
  facet normal 1 0 0
    outer loop
      vertex 134.7 75.7554 71.85
      vertex 134.7 75.0545 70.4135
      vertex 134.7 75.3121 70.2021
    endloop
  endfacet
  facet normal 1 0 0
    outer loop
      vertex 134.7 75.7554 71.85
      vertex 134.7 74.7606 70.5706
      vertex 134.7 75.0545 70.4135
    endloop
  endfacet
  facet normal 1 0 0
    outer loop
      vertex 134.7 75.7554 71.85
      vertex 134.7 74.4417 70.6673
      vertex 134.7 74.7606 70.5706
    endloop
  endfacet
  facet normal 1 0 0
    outer loop
      vertex 134.7 75.7554 71.85
      vertex 134.7 74.11 70.7
      vertex 134.7 74.4417 70.6673
    endloop
  endfacet
  facet normal 1 -0 0
    outer loop
      vertex 134.7 72.4646 71.85
      vertex 134.7 74.11 70.7
      vertex 134.7 75.7554 71.85
    endloop
  endfacet
  facet normal 1 0 0
    outer loop
      vertex 134.7 74.11 70.7
      vertex 134.7 72.4646 71.85
      vertex 134.7 73.7784 70.6673
    endloop
  endfacet
  facet normal 1 0 0
    outer loop
      vertex 134.7 73.7784 70.6673
      vertex 134.7 72.4646 71.85
      vertex 134.7 73.4594 70.5706
    endloop
  endfacet
  facet normal 1 0 0
    outer loop
      vertex 134.7 73.4594 70.5706
      vertex 134.7 72.4646 71.85
      vertex 134.7 73.1655 70.4135
    endloop
  endfacet
  facet normal 1 0 0
    outer loop
      vertex 134.7 72.4646 71.85
      vertex 134.7 72.9079 70.2021
      vertex 134.7 73.1655 70.4135
    endloop
  endfacet
  facet normal 1 0 0
    outer loop
      vertex 134.7 72.4646 71.85
      vertex 134.7 72.6965 69.9445
      vertex 134.7 72.9079 70.2021
    endloop
  endfacet
  facet normal 1 0 0
    outer loop
      vertex 134.7 70.8191 69
      vertex 134.7 72.6965 69.9445
      vertex 134.7 72.4646 71.85
    endloop
  endfacet
  facet normal 1 0 0
    outer loop
      vertex 134.7 72.6965 69.9445
      vertex 134.7 70.8191 69
      vertex 134.7 72.5394 69.6506
    endloop
  endfacet
  facet normal 1 0 0
    outer loop
      vertex 134.7 72.5394 69.6506
      vertex 134.7 70.8191 69
      vertex 134.7 72.4427 69.3316
    endloop
  endfacet
  facet normal 1 0 0
    outer loop
      vertex 134.7 72.4427 69.3316
      vertex 134.7 70.8191 69
      vertex 134.7 72.41 69
    endloop
  endfacet
  facet normal 1 0 0
    outer loop
      vertex 134.7 75.7773 68.6684
      vertex 134.7 77.4009 69
      vertex 134.7 75.81 69
    endloop
  endfacet
  facet normal 1 0 0
    outer loop
      vertex 134.7 75.6806 68.3494
      vertex 134.7 77.4009 69
      vertex 134.7 75.7773 68.6684
    endloop
  endfacet
  facet normal 1 0 0
    outer loop
      vertex 134.7 75.5235 68.0555
      vertex 134.7 77.4009 69
      vertex 134.7 75.6806 68.3494
    endloop
  endfacet
  facet normal 1 0 0
    outer loop
      vertex 134.7 77.4009 69
      vertex 134.7 75.5235 68.0555
      vertex 134.7 75.7554 66.15
    endloop
  endfacet
  facet normal 1 -0 0
    outer loop
      vertex 134.7 75.3121 67.7979
      vertex 134.7 75.7554 66.15
      vertex 134.7 75.5235 68.0555
    endloop
  endfacet
  facet normal 1 -0 0
    outer loop
      vertex 134.7 75.0545 67.5865
      vertex 134.7 75.7554 66.15
      vertex 134.7 75.3121 67.7979
    endloop
  endfacet
  facet normal 1 -0 0
    outer loop
      vertex 134.7 74.7606 67.4294
      vertex 134.7 75.7554 66.15
      vertex 134.7 75.0545 67.5865
    endloop
  endfacet
  facet normal 1 -0 0
    outer loop
      vertex 134.7 74.4417 67.3327
      vertex 134.7 75.7554 66.15
      vertex 134.7 74.7606 67.4294
    endloop
  endfacet
  facet normal 1 -0 0
    outer loop
      vertex 134.7 74.11 67.3
      vertex 134.7 75.7554 66.15
      vertex 134.7 74.4417 67.3327
    endloop
  endfacet
  facet normal 1 0 0
    outer loop
      vertex 134.7 72.4646 66.15
      vertex 134.7 74.11 67.3
      vertex 134.7 73.7784 67.3327
    endloop
  endfacet
  facet normal 1 0 0
    outer loop
      vertex 134.7 72.4646 66.15
      vertex 134.7 73.7784 67.3327
      vertex 134.7 73.4594 67.4294
    endloop
  endfacet
  facet normal 1 0 0
    outer loop
      vertex 134.7 72.4646 66.15
      vertex 134.7 73.4594 67.4294
      vertex 134.7 73.1655 67.5865
    endloop
  endfacet
  facet normal 1 0 0
    outer loop
      vertex 134.7 74.11 67.3
      vertex 134.7 72.4646 66.15
      vertex 134.7 75.7554 66.15
    endloop
  endfacet
  facet normal 1 0 0
    outer loop
      vertex 134.7 72.9079 67.7979
      vertex 134.7 72.4646 66.15
      vertex 134.7 73.1655 67.5865
    endloop
  endfacet
  facet normal 1 0 0
    outer loop
      vertex 134.7 72.6965 68.0555
      vertex 134.7 72.4646 66.15
      vertex 134.7 72.9079 67.7979
    endloop
  endfacet
  facet normal 1 0 0
    outer loop
      vertex 134.7 70.8191 69
      vertex 134.7 72.6965 68.0555
      vertex 134.7 72.5394 68.3494
    endloop
  endfacet
  facet normal 1 0 0
    outer loop
      vertex 134.7 70.8191 69
      vertex 134.7 72.5394 68.3494
      vertex 134.7 72.4427 68.6684
    endloop
  endfacet
  facet normal 1 -0 0
    outer loop
      vertex 134.7 70.8191 69
      vertex 134.7 72.4427 68.6684
      vertex 134.7 72.41 69
    endloop
  endfacet
  facet normal 1 0 0
    outer loop
      vertex 134.7 72.6965 68.0555
      vertex 134.7 70.8191 69
      vertex 134.7 72.4646 66.15
    endloop
  endfacet
  facet normal 0 0.866019 0.500012
    outer loop
      vertex 137.5 72.4646 66.15
      vertex 134.7 70.8191 69
      vertex 137.5 70.8191 69
    endloop
  endfacet
  facet normal 0 0.866019 0.500012
    outer loop
      vertex 134.7 70.8191 69
      vertex 137.5 72.4646 66.15
      vertex 134.7 72.4646 66.15
    endloop
  endfacet
  facet normal 0 -0.866019 0.500012
    outer loop
      vertex 134.7 75.7554 66.15
      vertex 137.5 77.4009 69
      vertex 134.7 77.4009 69
    endloop
  endfacet
  facet normal 0 -0.866019 0.500012
    outer loop
      vertex 137.5 77.4009 69
      vertex 134.7 75.7554 66.15
      vertex 137.5 75.7554 66.15
    endloop
  endfacet
  facet normal -0 0 1
    outer loop
      vertex 134.7 75.7554 66.15
      vertex 137.5 72.4646 66.15
      vertex 137.5 75.7554 66.15
    endloop
  endfacet
  facet normal 0 0 1
    outer loop
      vertex 137.5 72.4646 66.15
      vertex 134.7 75.7554 66.15
      vertex 134.7 72.4646 66.15
    endloop
  endfacet
  facet normal 0 0 -1
    outer loop
      vertex 134.7 72.4646 71.85
      vertex 137.5 75.7554 71.85
      vertex 137.5 72.4646 71.85
    endloop
  endfacet
  facet normal -0 0 -1
    outer loop
      vertex 137.5 75.7554 71.85
      vertex 134.7 72.4646 71.85
      vertex 134.7 75.7554 71.85
    endloop
  endfacet
  facet normal 0 -0.0981075 0.995176
    outer loop
      vertex 131.5 29.9917 67.3327
      vertex 134.7 29.66 67.3
      vertex 134.7 29.9917 67.3327
    endloop
  endfacet
  facet normal 0 -0.0981075 0.995176
    outer loop
      vertex 134.7 29.66 67.3
      vertex 131.5 29.9917 67.3327
      vertex 131.5 29.66 67.3
    endloop
  endfacet
  facet normal 0 -0.881912 -0.471413
    outer loop
      vertex 131.5 31.2306 69.6506
      vertex 134.7 31.0735 69.9445
      vertex 131.5 31.0735 69.9445
    endloop
  endfacet
  facet normal 0 -0.881912 -0.471413
    outer loop
      vertex 134.7 31.0735 69.9445
      vertex 131.5 31.2306 69.6506
      vertex 134.7 31.2306 69.6506
    endloop
  endfacet
  facet normal 0 0.881912 -0.471413
    outer loop
      vertex 134.7 28.0894 69.6506
      vertex 131.5 28.2465 69.9445
      vertex 134.7 28.2465 69.9445
    endloop
  endfacet
  facet normal 0 0.881912 -0.471413
    outer loop
      vertex 131.5 28.2465 69.9445
      vertex 134.7 28.0894 69.6506
      vertex 131.5 28.0894 69.6506
    endloop
  endfacet
  facet normal 0 -0.995173 0.0981368
    outer loop
      vertex 131.5 31.3273 68.6684
      vertex 134.7 31.36 69
      vertex 131.5 31.36 69
    endloop
  endfacet
  facet normal 0 -0.995173 0.0981368
    outer loop
      vertex 134.7 31.36 69
      vertex 131.5 31.3273 68.6684
      vertex 134.7 31.3273 68.6684
    endloop
  endfacet
  facet normal 0 0.634381 -0.773021
    outer loop
      vertex 131.5 28.4579 70.2021
      vertex 134.7 28.7155 70.4135
      vertex 134.7 28.4579 70.2021
    endloop
  endfacet
  facet normal 0 0.634381 -0.773021
    outer loop
      vertex 134.7 28.7155 70.4135
      vertex 131.5 28.4579 70.2021
      vertex 131.5 28.7155 70.4135
    endloop
  endfacet
  facet normal -0 0.634381 0.773021
    outer loop
      vertex 131.5 28.7155 67.5865
      vertex 134.7 28.4579 67.7979
      vertex 134.7 28.7155 67.5865
    endloop
  endfacet
  facet normal 0 0.634381 0.773021
    outer loop
      vertex 134.7 28.4579 67.7979
      vertex 131.5 28.7155 67.5865
      vertex 131.5 28.4579 67.7979
    endloop
  endfacet
  facet normal 0 -0.634381 -0.773021
    outer loop
      vertex 131.5 30.6045 70.4135
      vertex 134.7 30.8621 70.2021
      vertex 134.7 30.6045 70.4135
    endloop
  endfacet
  facet normal -0 -0.634381 -0.773021
    outer loop
      vertex 134.7 30.8621 70.2021
      vertex 131.5 30.6045 70.4135
      vertex 131.5 30.8621 70.2021
    endloop
  endfacet
  facet normal 0 -0.995173 -0.0981368
    outer loop
      vertex 131.5 31.36 69
      vertex 134.7 31.3273 69.3316
      vertex 131.5 31.3273 69.3316
    endloop
  endfacet
  facet normal 0 -0.995173 -0.0981368
    outer loop
      vertex 134.7 31.3273 69.3316
      vertex 131.5 31.36 69
      vertex 134.7 31.36 69
    endloop
  endfacet
  facet normal 0 0.995173 0.0981368
    outer loop
      vertex 134.7 27.9927 68.6684
      vertex 131.5 27.96 69
      vertex 134.7 27.96 69
    endloop
  endfacet
  facet normal 0 0.995173 0.0981368
    outer loop
      vertex 131.5 27.96 69
      vertex 134.7 27.9927 68.6684
      vertex 131.5 27.9927 68.6684
    endloop
  endfacet
  facet normal 0 0.995173 -0.0981368
    outer loop
      vertex 134.7 27.96 69
      vertex 131.5 27.9927 69.3316
      vertex 134.7 27.9927 69.3316
    endloop
  endfacet
  facet normal 0 0.995173 -0.0981368
    outer loop
      vertex 131.5 27.9927 69.3316
      vertex 134.7 27.96 69
      vertex 131.5 27.96 69
    endloop
  endfacet
  facet normal 0 0.0981075 -0.995176
    outer loop
      vertex 131.5 29.3283 70.6673
      vertex 134.7 29.66 70.7
      vertex 134.7 29.3283 70.6673
    endloop
  endfacet
  facet normal 0 0.0981075 -0.995176
    outer loop
      vertex 134.7 29.66 70.7
      vertex 131.5 29.3283 70.6673
      vertex 131.5 29.66 70.7
    endloop
  endfacet
  facet normal 0 -0.290182 0.956971
    outer loop
      vertex 131.5 30.3106 67.4294
      vertex 134.7 29.9917 67.3327
      vertex 134.7 30.3106 67.4294
    endloop
  endfacet
  facet normal 0 -0.290182 0.956971
    outer loop
      vertex 134.7 29.9917 67.3327
      vertex 131.5 30.3106 67.4294
      vertex 131.5 29.9917 67.3327
    endloop
  endfacet
  facet normal 0 0.773021 -0.634381
    outer loop
      vertex 134.7 28.2465 69.9445
      vertex 131.5 28.4579 70.2021
      vertex 134.7 28.4579 70.2021
    endloop
  endfacet
  facet normal 0 0.773021 -0.634381
    outer loop
      vertex 131.5 28.4579 70.2021
      vertex 134.7 28.2465 69.9445
      vertex 131.5 28.2465 69.9445
    endloop
  endfacet
  facet normal 0 -0.881912 0.471413
    outer loop
      vertex 131.5 31.0735 68.0555
      vertex 134.7 31.2306 68.3494
      vertex 131.5 31.2306 68.3494
    endloop
  endfacet
  facet normal 0 -0.881912 0.471413
    outer loop
      vertex 134.7 31.2306 68.3494
      vertex 131.5 31.0735 68.0555
      vertex 134.7 31.0735 68.0555
    endloop
  endfacet
  facet normal 0 0.956997 0.290099
    outer loop
      vertex 134.7 28.0894 68.3494
      vertex 131.5 27.9927 68.6684
      vertex 134.7 27.9927 68.6684
    endloop
  endfacet
  facet normal 0 0.956997 0.290099
    outer loop
      vertex 131.5 27.9927 68.6684
      vertex 134.7 28.0894 68.3494
      vertex 131.5 28.0894 68.3494
    endloop
  endfacet
  facet normal 0 -0.956997 0.290099
    outer loop
      vertex 131.5 31.2306 68.3494
      vertex 134.7 31.3273 68.6684
      vertex 131.5 31.3273 68.6684
    endloop
  endfacet
  facet normal 0 -0.956997 0.290099
    outer loop
      vertex 134.7 31.3273 68.6684
      vertex 131.5 31.2306 68.3494
      vertex 134.7 31.2306 68.3494
    endloop
  endfacet
  facet normal 0 -0.773021 -0.634381
    outer loop
      vertex 131.5 31.0735 69.9445
      vertex 134.7 30.8621 70.2021
      vertex 131.5 30.8621 70.2021
    endloop
  endfacet
  facet normal 0 -0.773021 -0.634381
    outer loop
      vertex 134.7 30.8621 70.2021
      vertex 131.5 31.0735 69.9445
      vertex 134.7 31.0735 69.9445
    endloop
  endfacet
  facet normal 0 -0.471413 -0.881912
    outer loop
      vertex 131.5 30.3106 70.5706
      vertex 134.7 30.6045 70.4135
      vertex 134.7 30.3106 70.5706
    endloop
  endfacet
  facet normal -0 -0.471413 -0.881912
    outer loop
      vertex 134.7 30.6045 70.4135
      vertex 131.5 30.3106 70.5706
      vertex 131.5 30.6045 70.4135
    endloop
  endfacet
  facet normal 0 0.773021 0.634381
    outer loop
      vertex 134.7 28.4579 67.7979
      vertex 131.5 28.2465 68.0555
      vertex 134.7 28.2465 68.0555
    endloop
  endfacet
  facet normal 0 0.773021 0.634381
    outer loop
      vertex 131.5 28.2465 68.0555
      vertex 134.7 28.4579 67.7979
      vertex 131.5 28.4579 67.7979
    endloop
  endfacet
  facet normal 0 -0.956997 -0.290099
    outer loop
      vertex 131.5 31.3273 69.3316
      vertex 134.7 31.2306 69.6506
      vertex 131.5 31.2306 69.6506
    endloop
  endfacet
  facet normal 0 -0.956997 -0.290099
    outer loop
      vertex 134.7 31.2306 69.6506
      vertex 131.5 31.3273 69.3316
      vertex 134.7 31.3273 69.3316
    endloop
  endfacet
  facet normal -0 0.471413 0.881912
    outer loop
      vertex 131.5 29.0094 67.4294
      vertex 134.7 28.7155 67.5865
      vertex 134.7 29.0094 67.4294
    endloop
  endfacet
  facet normal 0 0.471413 0.881912
    outer loop
      vertex 134.7 28.7155 67.5865
      vertex 131.5 29.0094 67.4294
      vertex 131.5 28.7155 67.5865
    endloop
  endfacet
  facet normal 0 0.471413 -0.881912
    outer loop
      vertex 131.5 28.7155 70.4135
      vertex 134.7 29.0094 70.5706
      vertex 134.7 28.7155 70.4135
    endloop
  endfacet
  facet normal 0 0.471413 -0.881912
    outer loop
      vertex 134.7 29.0094 70.5706
      vertex 131.5 28.7155 70.4135
      vertex 131.5 29.0094 70.5706
    endloop
  endfacet
  facet normal -0 0.290182 0.956971
    outer loop
      vertex 131.5 29.3283 67.3327
      vertex 134.7 29.0094 67.4294
      vertex 134.7 29.3283 67.3327
    endloop
  endfacet
  facet normal 0 0.290182 0.956971
    outer loop
      vertex 134.7 29.0094 67.4294
      vertex 131.5 29.3283 67.3327
      vertex 131.5 29.0094 67.4294
    endloop
  endfacet
  facet normal 0 0.290182 -0.956971
    outer loop
      vertex 131.5 29.0094 70.5706
      vertex 134.7 29.3283 70.6673
      vertex 134.7 29.0094 70.5706
    endloop
  endfacet
  facet normal 0 0.290182 -0.956971
    outer loop
      vertex 134.7 29.3283 70.6673
      vertex 131.5 29.0094 70.5706
      vertex 131.5 29.3283 70.6673
    endloop
  endfacet
  facet normal -0 0.0981075 0.995176
    outer loop
      vertex 131.5 29.66 67.3
      vertex 134.7 29.3283 67.3327
      vertex 134.7 29.66 67.3
    endloop
  endfacet
  facet normal 0 0.0981075 0.995176
    outer loop
      vertex 134.7 29.3283 67.3327
      vertex 131.5 29.66 67.3
      vertex 131.5 29.3283 67.3327
    endloop
  endfacet
  facet normal 0 -0.0981075 -0.995176
    outer loop
      vertex 131.5 29.66 70.7
      vertex 134.7 29.9917 70.6673
      vertex 134.7 29.66 70.7
    endloop
  endfacet
  facet normal -0 -0.0981075 -0.995176
    outer loop
      vertex 134.7 29.9917 70.6673
      vertex 131.5 29.66 70.7
      vertex 131.5 29.9917 70.6673
    endloop
  endfacet
  facet normal 0 -0.471413 0.881912
    outer loop
      vertex 131.5 30.6045 67.5865
      vertex 134.7 30.3106 67.4294
      vertex 134.7 30.6045 67.5865
    endloop
  endfacet
  facet normal 0 -0.471413 0.881912
    outer loop
      vertex 134.7 30.3106 67.4294
      vertex 131.5 30.6045 67.5865
      vertex 131.5 30.3106 67.4294
    endloop
  endfacet
  facet normal 0 0.881912 0.471413
    outer loop
      vertex 134.7 28.2465 68.0555
      vertex 131.5 28.0894 68.3494
      vertex 134.7 28.0894 68.3494
    endloop
  endfacet
  facet normal 0 0.881912 0.471413
    outer loop
      vertex 131.5 28.0894 68.3494
      vertex 134.7 28.2465 68.0555
      vertex 131.5 28.2465 68.0555
    endloop
  endfacet
  facet normal 0 -0.290182 -0.956971
    outer loop
      vertex 131.5 29.9917 70.6673
      vertex 134.7 30.3106 70.5706
      vertex 134.7 29.9917 70.6673
    endloop
  endfacet
  facet normal -0 -0.290182 -0.956971
    outer loop
      vertex 134.7 30.3106 70.5706
      vertex 131.5 29.9917 70.6673
      vertex 131.5 30.3106 70.5706
    endloop
  endfacet
  facet normal 0 0.956997 -0.290099
    outer loop
      vertex 134.7 27.9927 69.3316
      vertex 131.5 28.0894 69.6506
      vertex 134.7 28.0894 69.6506
    endloop
  endfacet
  facet normal 0 0.956997 -0.290099
    outer loop
      vertex 131.5 28.0894 69.6506
      vertex 134.7 27.9927 69.3316
      vertex 131.5 27.9927 69.3316
    endloop
  endfacet
  facet normal 0 -0.634381 0.773021
    outer loop
      vertex 131.5 30.8621 67.7979
      vertex 134.7 30.6045 67.5865
      vertex 134.7 30.8621 67.7979
    endloop
  endfacet
  facet normal 0 -0.634381 0.773021
    outer loop
      vertex 134.7 30.6045 67.5865
      vertex 131.5 30.8621 67.7979
      vertex 131.5 30.6045 67.5865
    endloop
  endfacet
  facet normal 0 -0.773021 0.634381
    outer loop
      vertex 131.5 30.8621 67.7979
      vertex 134.7 31.0735 68.0555
      vertex 131.5 31.0735 68.0555
    endloop
  endfacet
  facet normal 0 -0.773021 0.634381
    outer loop
      vertex 134.7 31.0735 68.0555
      vertex 131.5 30.8621 67.7979
      vertex 134.7 30.8621 67.7979
    endloop
  endfacet
  facet normal 0 -0.866019 0.500012
    outer loop
      vertex 134.7 31.3054 66.15
      vertex 137.5 32.9509 69
      vertex 134.7 32.9509 69
    endloop
  endfacet
  facet normal 0 -0.866019 0.500012
    outer loop
      vertex 137.5 32.9509 69
      vertex 134.7 31.3054 66.15
      vertex 137.5 31.3054 66.15
    endloop
  endfacet
  facet normal 0 0.866019 -0.500012
    outer loop
      vertex 137.5 26.3691 69
      vertex 134.7 28.0146 71.85
      vertex 137.5 28.0146 71.85
    endloop
  endfacet
  facet normal 0 0.866019 -0.500012
    outer loop
      vertex 134.7 28.0146 71.85
      vertex 137.5 26.3691 69
      vertex 134.7 26.3691 69
    endloop
  endfacet
  facet normal 1 0 0
    outer loop
      vertex 134.7 32.9509 69
      vertex 134.7 31.3273 69.3316
      vertex 134.7 31.36 69
    endloop
  endfacet
  facet normal 1 -0 0
    outer loop
      vertex 134.7 31.0735 69.9445
      vertex 134.7 32.9509 69
      vertex 134.7 31.3054 71.85
    endloop
  endfacet
  facet normal 1 0 0
    outer loop
      vertex 134.7 32.9509 69
      vertex 134.7 31.2306 69.6506
      vertex 134.7 31.3273 69.3316
    endloop
  endfacet
  facet normal 1 0 0
    outer loop
      vertex 134.7 32.9509 69
      vertex 134.7 31.0735 69.9445
      vertex 134.7 31.2306 69.6506
    endloop
  endfacet
  facet normal 1 0 0
    outer loop
      vertex 134.7 31.3054 71.85
      vertex 134.7 30.8621 70.2021
      vertex 134.7 31.0735 69.9445
    endloop
  endfacet
  facet normal 1 0 0
    outer loop
      vertex 134.7 31.3054 71.85
      vertex 134.7 30.6045 70.4135
      vertex 134.7 30.8621 70.2021
    endloop
  endfacet
  facet normal 1 0 0
    outer loop
      vertex 134.7 31.3054 71.85
      vertex 134.7 30.3106 70.5706
      vertex 134.7 30.6045 70.4135
    endloop
  endfacet
  facet normal 1 0 0
    outer loop
      vertex 134.7 31.3054 71.85
      vertex 134.7 29.9917 70.6673
      vertex 134.7 30.3106 70.5706
    endloop
  endfacet
  facet normal 1 0 0
    outer loop
      vertex 134.7 31.3054 71.85
      vertex 134.7 29.66 70.7
      vertex 134.7 29.9917 70.6673
    endloop
  endfacet
  facet normal 1 -0 0
    outer loop
      vertex 134.7 28.0146 71.85
      vertex 134.7 29.66 70.7
      vertex 134.7 31.3054 71.85
    endloop
  endfacet
  facet normal 1 0 0
    outer loop
      vertex 134.7 29.66 70.7
      vertex 134.7 28.0146 71.85
      vertex 134.7 29.3283 70.6673
    endloop
  endfacet
  facet normal 1 0 0
    outer loop
      vertex 134.7 29.3283 70.6673
      vertex 134.7 28.0146 71.85
      vertex 134.7 29.0094 70.5706
    endloop
  endfacet
  facet normal 1 0 0
    outer loop
      vertex 134.7 29.0094 70.5706
      vertex 134.7 28.0146 71.85
      vertex 134.7 28.7155 70.4135
    endloop
  endfacet
  facet normal 1 0 0
    outer loop
      vertex 134.7 28.0146 71.85
      vertex 134.7 28.4579 70.2021
      vertex 134.7 28.7155 70.4135
    endloop
  endfacet
  facet normal 1 0 0
    outer loop
      vertex 134.7 28.0146 71.85
      vertex 134.7 28.2465 69.9445
      vertex 134.7 28.4579 70.2021
    endloop
  endfacet
  facet normal 1 0 0
    outer loop
      vertex 134.7 26.3691 69
      vertex 134.7 28.2465 69.9445
      vertex 134.7 28.0146 71.85
    endloop
  endfacet
  facet normal 1 0 0
    outer loop
      vertex 134.7 28.2465 69.9445
      vertex 134.7 26.3691 69
      vertex 134.7 28.0894 69.6506
    endloop
  endfacet
  facet normal 1 0 0
    outer loop
      vertex 134.7 28.0894 69.6506
      vertex 134.7 26.3691 69
      vertex 134.7 27.9927 69.3316
    endloop
  endfacet
  facet normal 1 0 0
    outer loop
      vertex 134.7 27.9927 69.3316
      vertex 134.7 26.3691 69
      vertex 134.7 27.96 69
    endloop
  endfacet
  facet normal 1 0 0
    outer loop
      vertex 134.7 31.3273 68.6684
      vertex 134.7 32.9509 69
      vertex 134.7 31.36 69
    endloop
  endfacet
  facet normal 1 0 0
    outer loop
      vertex 134.7 31.2306 68.3494
      vertex 134.7 32.9509 69
      vertex 134.7 31.3273 68.6684
    endloop
  endfacet
  facet normal 1 0 0
    outer loop
      vertex 134.7 31.0735 68.0555
      vertex 134.7 32.9509 69
      vertex 134.7 31.2306 68.3494
    endloop
  endfacet
  facet normal 1 0 0
    outer loop
      vertex 134.7 32.9509 69
      vertex 134.7 31.0735 68.0555
      vertex 134.7 31.3054 66.15
    endloop
  endfacet
  facet normal 1 -0 0
    outer loop
      vertex 134.7 30.8621 67.7979
      vertex 134.7 31.3054 66.15
      vertex 134.7 31.0735 68.0555
    endloop
  endfacet
  facet normal 1 -0 0
    outer loop
      vertex 134.7 30.6045 67.5865
      vertex 134.7 31.3054 66.15
      vertex 134.7 30.8621 67.7979
    endloop
  endfacet
  facet normal 1 -0 0
    outer loop
      vertex 134.7 30.3106 67.4294
      vertex 134.7 31.3054 66.15
      vertex 134.7 30.6045 67.5865
    endloop
  endfacet
  facet normal 1 -0 0
    outer loop
      vertex 134.7 29.9917 67.3327
      vertex 134.7 31.3054 66.15
      vertex 134.7 30.3106 67.4294
    endloop
  endfacet
  facet normal 1 -0 0
    outer loop
      vertex 134.7 29.66 67.3
      vertex 134.7 31.3054 66.15
      vertex 134.7 29.9917 67.3327
    endloop
  endfacet
  facet normal 1 0 0
    outer loop
      vertex 134.7 28.0146 66.15
      vertex 134.7 29.66 67.3
      vertex 134.7 29.3283 67.3327
    endloop
  endfacet
  facet normal 1 0 0
    outer loop
      vertex 134.7 28.0146 66.15
      vertex 134.7 29.3283 67.3327
      vertex 134.7 29.0094 67.4294
    endloop
  endfacet
  facet normal 1 0 0
    outer loop
      vertex 134.7 28.0146 66.15
      vertex 134.7 29.0094 67.4294
      vertex 134.7 28.7155 67.5865
    endloop
  endfacet
  facet normal 1 0 0
    outer loop
      vertex 134.7 29.66 67.3
      vertex 134.7 28.0146 66.15
      vertex 134.7 31.3054 66.15
    endloop
  endfacet
  facet normal 1 0 0
    outer loop
      vertex 134.7 28.4579 67.7979
      vertex 134.7 28.0146 66.15
      vertex 134.7 28.7155 67.5865
    endloop
  endfacet
  facet normal 1 0 0
    outer loop
      vertex 134.7 28.2465 68.0555
      vertex 134.7 28.0146 66.15
      vertex 134.7 28.4579 67.7979
    endloop
  endfacet
  facet normal 1 0 0
    outer loop
      vertex 134.7 26.3691 69
      vertex 134.7 28.2465 68.0555
      vertex 134.7 28.0894 68.3494
    endloop
  endfacet
  facet normal 1 0 0
    outer loop
      vertex 134.7 26.3691 69
      vertex 134.7 28.0894 68.3494
      vertex 134.7 27.9927 68.6684
    endloop
  endfacet
  facet normal 1 -0 0
    outer loop
      vertex 134.7 26.3691 69
      vertex 134.7 27.9927 68.6684
      vertex 134.7 27.96 69
    endloop
  endfacet
  facet normal 1 0 0
    outer loop
      vertex 134.7 28.2465 68.0555
      vertex 134.7 26.3691 69
      vertex 134.7 28.0146 66.15
    endloop
  endfacet
  facet normal -0 0 1
    outer loop
      vertex 134.7 31.3054 66.15
      vertex 137.5 28.0146 66.15
      vertex 137.5 31.3054 66.15
    endloop
  endfacet
  facet normal 0 0 1
    outer loop
      vertex 137.5 28.0146 66.15
      vertex 134.7 31.3054 66.15
      vertex 134.7 28.0146 66.15
    endloop
  endfacet
  facet normal 0 -0.866019 -0.500012
    outer loop
      vertex 134.7 32.9509 69
      vertex 137.5 31.3054 71.85
      vertex 134.7 31.3054 71.85
    endloop
  endfacet
  facet normal 0 -0.866019 -0.500012
    outer loop
      vertex 137.5 31.3054 71.85
      vertex 134.7 32.9509 69
      vertex 137.5 32.9509 69
    endloop
  endfacet
  facet normal 0 0 -1
    outer loop
      vertex 134.7 28.0146 71.85
      vertex 137.5 31.3054 71.85
      vertex 137.5 28.0146 71.85
    endloop
  endfacet
  facet normal -0 0 -1
    outer loop
      vertex 137.5 31.3054 71.85
      vertex 134.7 28.0146 71.85
      vertex 134.7 31.3054 71.85
    endloop
  endfacet
  facet normal 0 0.866019 0.500012
    outer loop
      vertex 137.5 28.0146 66.15
      vertex 134.7 26.3691 69
      vertex 137.5 26.3691 69
    endloop
  endfacet
  facet normal 0 0.866019 0.500012
    outer loop
      vertex 134.7 26.3691 69
      vertex 137.5 28.0146 66.15
      vertex 134.7 28.0146 66.15
    endloop
  endfacet
  facet normal 0 0.956997 0.290099
    outer loop
      vertex 134.7 72.5394 119.349
      vertex 131.5 72.4427 119.668
      vertex 134.7 72.4427 119.668
    endloop
  endfacet
  facet normal 0 0.956997 0.290099
    outer loop
      vertex 131.5 72.4427 119.668
      vertex 134.7 72.5394 119.349
      vertex 131.5 72.5394 119.349
    endloop
  endfacet
  facet normal 0 -0.288257 0.957553
    outer loop
      vertex 131.5 74.7606 118.429
      vertex 134.7 74.4417 118.333
      vertex 134.7 74.7606 118.429
    endloop
  endfacet
  facet normal 0 -0.288257 0.957553
    outer loop
      vertex 134.7 74.4417 118.333
      vertex 131.5 74.7606 118.429
      vertex 131.5 74.4417 118.333
    endloop
  endfacet
  facet normal 0 -0.956997 -0.290099
    outer loop
      vertex 131.5 75.7773 120.332
      vertex 134.7 75.6806 120.651
      vertex 131.5 75.6806 120.651
    endloop
  endfacet
  facet normal 0 -0.956997 -0.290099
    outer loop
      vertex 134.7 75.6806 120.651
      vertex 131.5 75.7773 120.332
      vertex 134.7 75.7773 120.332
    endloop
  endfacet
  facet normal 0 0.773503 -0.633793
    outer loop
      vertex 134.7 72.6965 120.944
      vertex 131.5 72.9079 121.202
      vertex 134.7 72.9079 121.202
    endloop
  endfacet
  facet normal 0 0.773503 -0.633793
    outer loop
      vertex 131.5 72.9079 121.202
      vertex 134.7 72.6965 120.944
      vertex 131.5 72.6965 120.944
    endloop
  endfacet
  facet normal 0 -0.995184 0.0980197
    outer loop
      vertex 131.5 75.7773 119.668
      vertex 134.7 75.81 120
      vertex 131.5 75.81 120
    endloop
  endfacet
  facet normal 0 -0.995184 0.0980197
    outer loop
      vertex 134.7 75.81 120
      vertex 131.5 75.7773 119.668
      vertex 134.7 75.7773 119.668
    endloop
  endfacet
  facet normal 0 -0.88131 -0.472539
    outer loop
      vertex 131.5 75.6806 120.651
      vertex 134.7 75.5235 120.944
      vertex 131.5 75.5235 120.944
    endloop
  endfacet
  facet normal 0 -0.88131 -0.472539
    outer loop
      vertex 134.7 75.5235 120.944
      vertex 131.5 75.6806 120.651
      vertex 134.7 75.6806 120.651
    endloop
  endfacet
  facet normal 0 -0.88131 0.472539
    outer loop
      vertex 131.5 75.5235 119.056
      vertex 134.7 75.6806 119.349
      vertex 131.5 75.6806 119.349
    endloop
  endfacet
  facet normal 0 -0.88131 0.472539
    outer loop
      vertex 134.7 75.6806 119.349
      vertex 131.5 75.5235 119.056
      vertex 134.7 75.5235 119.056
    endloop
  endfacet
  facet normal 0 0.995184 0.0980197
    outer loop
      vertex 134.7 72.4427 119.668
      vertex 131.5 72.41 120
      vertex 134.7 72.41 120
    endloop
  endfacet
  facet normal 0 0.995184 0.0980197
    outer loop
      vertex 131.5 72.41 120
      vertex 134.7 72.4427 119.668
      vertex 131.5 72.4427 119.668
    endloop
  endfacet
  facet normal -0 0.633663 0.773609
    outer loop
      vertex 131.5 73.1655 118.587
      vertex 134.7 72.9079 118.798
      vertex 134.7 73.1655 118.587
    endloop
  endfacet
  facet normal 0 0.633663 0.773609
    outer loop
      vertex 134.7 72.9079 118.798
      vertex 131.5 73.1655 118.587
      vertex 131.5 72.9079 118.798
    endloop
  endfacet
  facet normal 0 0.288174 -0.957578
    outer loop
      vertex 131.5 73.4594 121.571
      vertex 134.7 73.7784 121.667
      vertex 134.7 73.4594 121.571
    endloop
  endfacet
  facet normal 0 0.288174 -0.957578
    outer loop
      vertex 134.7 73.7784 121.667
      vertex 131.5 73.4594 121.571
      vertex 131.5 73.7784 121.667
    endloop
  endfacet
  facet normal 0 -0.0989988 -0.995088
    outer loop
      vertex 131.5 74.11 121.7
      vertex 134.7 74.4417 121.667
      vertex 134.7 74.11 121.7
    endloop
  endfacet
  facet normal -0 -0.0989988 -0.995088
    outer loop
      vertex 134.7 74.4417 121.667
      vertex 131.5 74.11 121.7
      vertex 131.5 74.4417 121.667
    endloop
  endfacet
  facet normal 0 -0.995184 -0.0980197
    outer loop
      vertex 131.5 75.81 120
      vertex 134.7 75.7773 120.332
      vertex 131.5 75.7773 120.332
    endloop
  endfacet
  facet normal 0 -0.995184 -0.0980197
    outer loop
      vertex 134.7 75.7773 120.332
      vertex 131.5 75.81 120
      vertex 134.7 75.81 120
    endloop
  endfacet
  facet normal -0 0.288174 0.957578
    outer loop
      vertex 131.5 73.7784 118.333
      vertex 134.7 73.4594 118.429
      vertex 134.7 73.7784 118.333
    endloop
  endfacet
  facet normal 0 0.288174 0.957578
    outer loop
      vertex 134.7 73.4594 118.429
      vertex 131.5 73.7784 118.333
      vertex 131.5 73.4594 118.429
    endloop
  endfacet
  facet normal 0 -0.47351 0.880788
    outer loop
      vertex 131.5 75.0545 118.587
      vertex 134.7 74.7606 118.429
      vertex 134.7 75.0545 118.587
    endloop
  endfacet
  facet normal 0 -0.47351 0.880788
    outer loop
      vertex 134.7 74.7606 118.429
      vertex 131.5 75.0545 118.587
      vertex 131.5 74.7606 118.429
    endloop
  endfacet
  facet normal 0 0.995184 -0.0980197
    outer loop
      vertex 134.7 72.41 120
      vertex 131.5 72.4427 120.332
      vertex 134.7 72.4427 120.332
    endloop
  endfacet
  facet normal 0 0.995184 -0.0980197
    outer loop
      vertex 131.5 72.4427 120.332
      vertex 134.7 72.41 120
      vertex 131.5 72.41 120
    endloop
  endfacet
  facet normal 0 0.88131 0.472539
    outer loop
      vertex 134.7 72.6965 119.056
      vertex 131.5 72.5394 119.349
      vertex 134.7 72.5394 119.349
    endloop
  endfacet
  facet normal 0 0.88131 0.472539
    outer loop
      vertex 131.5 72.5394 119.349
      vertex 134.7 72.6965 119.056
      vertex 131.5 72.6965 119.056
    endloop
  endfacet
  facet normal 0 -0.0989988 0.995088
    outer loop
      vertex 131.5 74.4417 118.333
      vertex 134.7 74.11 118.3
      vertex 134.7 74.4417 118.333
    endloop
  endfacet
  facet normal 0 -0.0989988 0.995088
    outer loop
      vertex 134.7 74.11 118.3
      vertex 131.5 74.4417 118.333
      vertex 131.5 74.11 118.3
    endloop
  endfacet
  facet normal 0 -0.633663 -0.773609
    outer loop
      vertex 131.5 75.0545 121.413
      vertex 134.7 75.3121 121.202
      vertex 134.7 75.0545 121.413
    endloop
  endfacet
  facet normal -0 -0.633663 -0.773609
    outer loop
      vertex 134.7 75.3121 121.202
      vertex 131.5 75.0545 121.413
      vertex 131.5 75.3121 121.202
    endloop
  endfacet
  facet normal 0 0.0990283 -0.995085
    outer loop
      vertex 131.5 73.7784 121.667
      vertex 134.7 74.11 121.7
      vertex 134.7 73.7784 121.667
    endloop
  endfacet
  facet normal 0 0.0990283 -0.995085
    outer loop
      vertex 134.7 74.11 121.7
      vertex 131.5 73.7784 121.667
      vertex 131.5 74.11 121.7
    endloop
  endfacet
  facet normal -0 0.0990283 0.995085
    outer loop
      vertex 131.5 74.11 118.3
      vertex 134.7 73.7784 118.333
      vertex 134.7 74.11 118.3
    endloop
  endfacet
  facet normal 0 0.0990283 0.995085
    outer loop
      vertex 134.7 73.7784 118.333
      vertex 131.5 74.11 118.3
      vertex 131.5 73.7784 118.333
    endloop
  endfacet
  facet normal 0 -0.633663 0.773609
    outer loop
      vertex 131.5 75.3121 118.798
      vertex 134.7 75.0545 118.587
      vertex 134.7 75.3121 118.798
    endloop
  endfacet
  facet normal 0 -0.633663 0.773609
    outer loop
      vertex 134.7 75.0545 118.587
      vertex 131.5 75.3121 118.798
      vertex 131.5 75.0545 118.587
    endloop
  endfacet
  facet normal 0 -0.773503 -0.633793
    outer loop
      vertex 131.5 75.5235 120.944
      vertex 134.7 75.3121 121.202
      vertex 131.5 75.3121 121.202
    endloop
  endfacet
  facet normal 0 -0.773503 -0.633793
    outer loop
      vertex 134.7 75.3121 121.202
      vertex 131.5 75.5235 120.944
      vertex 134.7 75.5235 120.944
    endloop
  endfacet
  facet normal 0 -0.47351 -0.880788
    outer loop
      vertex 131.5 74.7606 121.571
      vertex 134.7 75.0545 121.413
      vertex 134.7 74.7606 121.571
    endloop
  endfacet
  facet normal -0 -0.47351 -0.880788
    outer loop
      vertex 134.7 75.0545 121.413
      vertex 131.5 74.7606 121.571
      vertex 131.5 75.0545 121.413
    endloop
  endfacet
  facet normal 0 -0.288257 -0.957553
    outer loop
      vertex 131.5 74.4417 121.667
      vertex 134.7 74.7606 121.571
      vertex 134.7 74.4417 121.667
    endloop
  endfacet
  facet normal -0 -0.288257 -0.957553
    outer loop
      vertex 134.7 74.7606 121.571
      vertex 131.5 74.4417 121.667
      vertex 131.5 74.7606 121.571
    endloop
  endfacet
  facet normal 0 -0.773503 0.633793
    outer loop
      vertex 131.5 75.3121 118.798
      vertex 134.7 75.5235 119.056
      vertex 131.5 75.5235 119.056
    endloop
  endfacet
  facet normal 0 -0.773503 0.633793
    outer loop
      vertex 134.7 75.5235 119.056
      vertex 131.5 75.3121 118.798
      vertex 134.7 75.3121 118.798
    endloop
  endfacet
  facet normal 0 0.633663 -0.773609
    outer loop
      vertex 131.5 72.9079 121.202
      vertex 134.7 73.1655 121.413
      vertex 134.7 72.9079 121.202
    endloop
  endfacet
  facet normal 0 0.633663 -0.773609
    outer loop
      vertex 134.7 73.1655 121.413
      vertex 131.5 72.9079 121.202
      vertex 131.5 73.1655 121.413
    endloop
  endfacet
  facet normal 0 0.47351 -0.880788
    outer loop
      vertex 131.5 73.1655 121.413
      vertex 134.7 73.4594 121.571
      vertex 134.7 73.1655 121.413
    endloop
  endfacet
  facet normal 0 0.47351 -0.880788
    outer loop
      vertex 134.7 73.4594 121.571
      vertex 131.5 73.1655 121.413
      vertex 131.5 73.4594 121.571
    endloop
  endfacet
  facet normal 0 0.773503 0.633793
    outer loop
      vertex 134.7 72.9079 118.798
      vertex 131.5 72.6965 119.056
      vertex 134.7 72.6965 119.056
    endloop
  endfacet
  facet normal 0 0.773503 0.633793
    outer loop
      vertex 131.5 72.6965 119.056
      vertex 134.7 72.9079 118.798
      vertex 131.5 72.9079 118.798
    endloop
  endfacet
  facet normal 0 -0.956997 0.290099
    outer loop
      vertex 131.5 75.6806 119.349
      vertex 134.7 75.7773 119.668
      vertex 131.5 75.7773 119.668
    endloop
  endfacet
  facet normal 0 -0.956997 0.290099
    outer loop
      vertex 134.7 75.7773 119.668
      vertex 131.5 75.6806 119.349
      vertex 134.7 75.6806 119.349
    endloop
  endfacet
  facet normal -0 0.47351 0.880788
    outer loop
      vertex 131.5 73.4594 118.429
      vertex 134.7 73.1655 118.587
      vertex 134.7 73.4594 118.429
    endloop
  endfacet
  facet normal 0 0.47351 0.880788
    outer loop
      vertex 134.7 73.1655 118.587
      vertex 131.5 73.4594 118.429
      vertex 131.5 73.1655 118.587
    endloop
  endfacet
  facet normal 0 0.956997 -0.290099
    outer loop
      vertex 134.7 72.4427 120.332
      vertex 131.5 72.5394 120.651
      vertex 134.7 72.5394 120.651
    endloop
  endfacet
  facet normal 0 0.956997 -0.290099
    outer loop
      vertex 131.5 72.5394 120.651
      vertex 134.7 72.4427 120.332
      vertex 131.5 72.4427 120.332
    endloop
  endfacet
  facet normal 0 0.88131 -0.472539
    outer loop
      vertex 134.7 72.5394 120.651
      vertex 131.5 72.6965 120.944
      vertex 134.7 72.6965 120.944
    endloop
  endfacet
  facet normal 0 0.88131 -0.472539
    outer loop
      vertex 131.5 72.6965 120.944
      vertex 134.7 72.5394 120.651
      vertex 131.5 72.5394 120.651
    endloop
  endfacet
  facet normal 0 -0.866019 -0.500012
    outer loop
      vertex 134.7 77.4009 120
      vertex 137.5 75.7554 122.85
      vertex 134.7 75.7554 122.85
    endloop
  endfacet
  facet normal 0 -0.866019 -0.500012
    outer loop
      vertex 137.5 75.7554 122.85
      vertex 134.7 77.4009 120
      vertex 137.5 77.4009 120
    endloop
  endfacet
  facet normal 0 0 -1
    outer loop
      vertex 134.7 72.4646 122.85
      vertex 137.5 75.7554 122.85
      vertex 137.5 72.4646 122.85
    endloop
  endfacet
  facet normal -0 0 -1
    outer loop
      vertex 137.5 75.7554 122.85
      vertex 134.7 72.4646 122.85
      vertex 134.7 75.7554 122.85
    endloop
  endfacet
  facet normal 0 0.866019 -0.500012
    outer loop
      vertex 137.5 70.8191 120
      vertex 134.7 72.4646 122.85
      vertex 137.5 72.4646 122.85
    endloop
  endfacet
  facet normal 0 0.866019 -0.500012
    outer loop
      vertex 134.7 72.4646 122.85
      vertex 137.5 70.8191 120
      vertex 134.7 70.8191 120
    endloop
  endfacet
  facet normal 1 0 0
    outer loop
      vertex 134.7 77.4009 120
      vertex 134.7 75.7773 120.332
      vertex 134.7 75.81 120
    endloop
  endfacet
  facet normal 1 -0 0
    outer loop
      vertex 134.7 75.5235 120.944
      vertex 134.7 77.4009 120
      vertex 134.7 75.7554 122.85
    endloop
  endfacet
  facet normal 1 0 0
    outer loop
      vertex 134.7 77.4009 120
      vertex 134.7 75.6806 120.651
      vertex 134.7 75.7773 120.332
    endloop
  endfacet
  facet normal 1 0 0
    outer loop
      vertex 134.7 77.4009 120
      vertex 134.7 75.5235 120.944
      vertex 134.7 75.6806 120.651
    endloop
  endfacet
  facet normal 1 0 0
    outer loop
      vertex 134.7 75.7554 122.85
      vertex 134.7 75.3121 121.202
      vertex 134.7 75.5235 120.944
    endloop
  endfacet
  facet normal 1 0 0
    outer loop
      vertex 134.7 75.7554 122.85
      vertex 134.7 75.0545 121.413
      vertex 134.7 75.3121 121.202
    endloop
  endfacet
  facet normal 1 0 0
    outer loop
      vertex 134.7 75.7554 122.85
      vertex 134.7 74.7606 121.571
      vertex 134.7 75.0545 121.413
    endloop
  endfacet
  facet normal 1 0 0
    outer loop
      vertex 134.7 75.7554 122.85
      vertex 134.7 74.4417 121.667
      vertex 134.7 74.7606 121.571
    endloop
  endfacet
  facet normal 1 0 0
    outer loop
      vertex 134.7 75.7554 122.85
      vertex 134.7 74.11 121.7
      vertex 134.7 74.4417 121.667
    endloop
  endfacet
  facet normal 1 -0 0
    outer loop
      vertex 134.7 72.4646 122.85
      vertex 134.7 74.11 121.7
      vertex 134.7 75.7554 122.85
    endloop
  endfacet
  facet normal 1 0 0
    outer loop
      vertex 134.7 74.11 121.7
      vertex 134.7 72.4646 122.85
      vertex 134.7 73.7784 121.667
    endloop
  endfacet
  facet normal 1 0 0
    outer loop
      vertex 134.7 73.7784 121.667
      vertex 134.7 72.4646 122.85
      vertex 134.7 73.4594 121.571
    endloop
  endfacet
  facet normal 1 0 0
    outer loop
      vertex 134.7 73.4594 121.571
      vertex 134.7 72.4646 122.85
      vertex 134.7 73.1655 121.413
    endloop
  endfacet
  facet normal 1 0 0
    outer loop
      vertex 134.7 72.4646 122.85
      vertex 134.7 72.9079 121.202
      vertex 134.7 73.1655 121.413
    endloop
  endfacet
  facet normal 1 0 0
    outer loop
      vertex 134.7 72.4646 122.85
      vertex 134.7 72.6965 120.944
      vertex 134.7 72.9079 121.202
    endloop
  endfacet
  facet normal 1 0 0
    outer loop
      vertex 134.7 70.8191 120
      vertex 134.7 72.6965 120.944
      vertex 134.7 72.4646 122.85
    endloop
  endfacet
  facet normal 1 0 0
    outer loop
      vertex 134.7 72.6965 120.944
      vertex 134.7 70.8191 120
      vertex 134.7 72.5394 120.651
    endloop
  endfacet
  facet normal 1 0 0
    outer loop
      vertex 134.7 72.5394 120.651
      vertex 134.7 70.8191 120
      vertex 134.7 72.4427 120.332
    endloop
  endfacet
  facet normal 1 0 0
    outer loop
      vertex 134.7 72.4427 120.332
      vertex 134.7 70.8191 120
      vertex 134.7 72.41 120
    endloop
  endfacet
  facet normal 1 0 0
    outer loop
      vertex 134.7 75.7773 119.668
      vertex 134.7 77.4009 120
      vertex 134.7 75.81 120
    endloop
  endfacet
  facet normal 1 0 0
    outer loop
      vertex 134.7 75.6806 119.349
      vertex 134.7 77.4009 120
      vertex 134.7 75.7773 119.668
    endloop
  endfacet
  facet normal 1 0 0
    outer loop
      vertex 134.7 75.5235 119.056
      vertex 134.7 77.4009 120
      vertex 134.7 75.6806 119.349
    endloop
  endfacet
  facet normal 1 0 0
    outer loop
      vertex 134.7 77.4009 120
      vertex 134.7 75.5235 119.056
      vertex 134.7 75.7554 117.15
    endloop
  endfacet
  facet normal 1 -0 0
    outer loop
      vertex 134.7 75.3121 118.798
      vertex 134.7 75.7554 117.15
      vertex 134.7 75.5235 119.056
    endloop
  endfacet
  facet normal 1 -0 0
    outer loop
      vertex 134.7 75.0545 118.587
      vertex 134.7 75.7554 117.15
      vertex 134.7 75.3121 118.798
    endloop
  endfacet
  facet normal 1 -0 0
    outer loop
      vertex 134.7 74.7606 118.429
      vertex 134.7 75.7554 117.15
      vertex 134.7 75.0545 118.587
    endloop
  endfacet
  facet normal 1 -0 0
    outer loop
      vertex 134.7 74.4417 118.333
      vertex 134.7 75.7554 117.15
      vertex 134.7 74.7606 118.429
    endloop
  endfacet
  facet normal 1 -0 0
    outer loop
      vertex 134.7 74.11 118.3
      vertex 134.7 75.7554 117.15
      vertex 134.7 74.4417 118.333
    endloop
  endfacet
  facet normal 1 0 0
    outer loop
      vertex 134.7 72.4646 117.15
      vertex 134.7 74.11 118.3
      vertex 134.7 73.7784 118.333
    endloop
  endfacet
  facet normal 1 0 0
    outer loop
      vertex 134.7 72.4646 117.15
      vertex 134.7 73.7784 118.333
      vertex 134.7 73.4594 118.429
    endloop
  endfacet
  facet normal 1 0 0
    outer loop
      vertex 134.7 72.4646 117.15
      vertex 134.7 73.4594 118.429
      vertex 134.7 73.1655 118.587
    endloop
  endfacet
  facet normal 1 0 0
    outer loop
      vertex 134.7 74.11 118.3
      vertex 134.7 72.4646 117.15
      vertex 134.7 75.7554 117.15
    endloop
  endfacet
  facet normal 1 0 0
    outer loop
      vertex 134.7 72.9079 118.798
      vertex 134.7 72.4646 117.15
      vertex 134.7 73.1655 118.587
    endloop
  endfacet
  facet normal 1 0 0
    outer loop
      vertex 134.7 72.6965 119.056
      vertex 134.7 72.4646 117.15
      vertex 134.7 72.9079 118.798
    endloop
  endfacet
  facet normal 1 0 0
    outer loop
      vertex 134.7 70.8191 120
      vertex 134.7 72.6965 119.056
      vertex 134.7 72.5394 119.349
    endloop
  endfacet
  facet normal 1 0 0
    outer loop
      vertex 134.7 70.8191 120
      vertex 134.7 72.5394 119.349
      vertex 134.7 72.4427 119.668
    endloop
  endfacet
  facet normal 1 -0 0
    outer loop
      vertex 134.7 70.8191 120
      vertex 134.7 72.4427 119.668
      vertex 134.7 72.41 120
    endloop
  endfacet
  facet normal 1 0 0
    outer loop
      vertex 134.7 72.6965 119.056
      vertex 134.7 70.8191 120
      vertex 134.7 72.4646 117.15
    endloop
  endfacet
  facet normal 0 0.866019 0.500012
    outer loop
      vertex 137.5 72.4646 117.15
      vertex 134.7 70.8191 120
      vertex 137.5 70.8191 120
    endloop
  endfacet
  facet normal 0 0.866019 0.500012
    outer loop
      vertex 134.7 70.8191 120
      vertex 137.5 72.4646 117.15
      vertex 134.7 72.4646 117.15
    endloop
  endfacet
  facet normal 0 -0.866019 0.500012
    outer loop
      vertex 134.7 75.7554 117.15
      vertex 137.5 77.4009 120
      vertex 134.7 77.4009 120
    endloop
  endfacet
  facet normal 0 -0.866019 0.500012
    outer loop
      vertex 137.5 77.4009 120
      vertex 134.7 75.7554 117.15
      vertex 137.5 75.7554 117.15
    endloop
  endfacet
  facet normal -0 0 1
    outer loop
      vertex 134.7 75.7554 117.15
      vertex 137.5 72.4646 117.15
      vertex 137.5 75.7554 117.15
    endloop
  endfacet
  facet normal 0 0 1
    outer loop
      vertex 137.5 72.4646 117.15
      vertex 134.7 75.7554 117.15
      vertex 134.7 72.4646 117.15
    endloop
  endfacet
  facet normal 0 -0.0989988 0.995088
    outer loop
      vertex 131.5 29.9917 118.333
      vertex 134.7 29.66 118.3
      vertex 134.7 29.9917 118.333
    endloop
  endfacet
  facet normal 0 -0.0989988 0.995088
    outer loop
      vertex 134.7 29.66 118.3
      vertex 131.5 29.9917 118.333
      vertex 131.5 29.66 118.3
    endloop
  endfacet
  facet normal 0 -0.88131 -0.472539
    outer loop
      vertex 131.5 31.2306 120.651
      vertex 134.7 31.0735 120.944
      vertex 131.5 31.0735 120.944
    endloop
  endfacet
  facet normal 0 -0.88131 -0.472539
    outer loop
      vertex 134.7 31.0735 120.944
      vertex 131.5 31.2306 120.651
      vertex 134.7 31.2306 120.651
    endloop
  endfacet
  facet normal 0 -0.995184 0.0980197
    outer loop
      vertex 131.5 31.3273 119.668
      vertex 134.7 31.36 120
      vertex 131.5 31.36 120
    endloop
  endfacet
  facet normal 0 -0.995184 0.0980197
    outer loop
      vertex 134.7 31.36 120
      vertex 131.5 31.3273 119.668
      vertex 134.7 31.3273 119.668
    endloop
  endfacet
  facet normal 0 0.633663 -0.773609
    outer loop
      vertex 131.5 28.4579 121.202
      vertex 134.7 28.7155 121.413
      vertex 134.7 28.4579 121.202
    endloop
  endfacet
  facet normal 0 0.633663 -0.773609
    outer loop
      vertex 134.7 28.7155 121.413
      vertex 131.5 28.4579 121.202
      vertex 131.5 28.7155 121.413
    endloop
  endfacet
  facet normal 0 0.47351 -0.880788
    outer loop
      vertex 131.5 28.7155 121.413
      vertex 134.7 29.0094 121.571
      vertex 134.7 28.7155 121.413
    endloop
  endfacet
  facet normal 0 0.47351 -0.880788
    outer loop
      vertex 134.7 29.0094 121.571
      vertex 131.5 28.7155 121.413
      vertex 131.5 29.0094 121.571
    endloop
  endfacet
  facet normal 0 -0.995184 -0.0980197
    outer loop
      vertex 131.5 31.36 120
      vertex 134.7 31.3273 120.332
      vertex 131.5 31.3273 120.332
    endloop
  endfacet
  facet normal 0 -0.995184 -0.0980197
    outer loop
      vertex 134.7 31.3273 120.332
      vertex 131.5 31.36 120
      vertex 134.7 31.36 120
    endloop
  endfacet
  facet normal 0 0.773503 0.633793
    outer loop
      vertex 134.7 28.4579 118.798
      vertex 131.5 28.2465 119.056
      vertex 134.7 28.2465 119.056
    endloop
  endfacet
  facet normal 0 0.773503 0.633793
    outer loop
      vertex 131.5 28.2465 119.056
      vertex 134.7 28.4579 118.798
      vertex 131.5 28.4579 118.798
    endloop
  endfacet
  facet normal -0 0.633663 0.773609
    outer loop
      vertex 131.5 28.7155 118.587
      vertex 134.7 28.4579 118.798
      vertex 134.7 28.7155 118.587
    endloop
  endfacet
  facet normal 0 0.633663 0.773609
    outer loop
      vertex 134.7 28.4579 118.798
      vertex 131.5 28.7155 118.587
      vertex 131.5 28.4579 118.798
    endloop
  endfacet
  facet normal 0 -0.633663 0.773609
    outer loop
      vertex 131.5 30.8621 118.798
      vertex 134.7 30.6045 118.587
      vertex 134.7 30.8621 118.798
    endloop
  endfacet
  facet normal 0 -0.633663 0.773609
    outer loop
      vertex 134.7 30.6045 118.587
      vertex 131.5 30.8621 118.798
      vertex 131.5 30.6045 118.587
    endloop
  endfacet
  facet normal 0 0.956997 -0.290099
    outer loop
      vertex 134.7 27.9927 120.332
      vertex 131.5 28.0894 120.651
      vertex 134.7 28.0894 120.651
    endloop
  endfacet
  facet normal 0 0.956997 -0.290099
    outer loop
      vertex 131.5 28.0894 120.651
      vertex 134.7 27.9927 120.332
      vertex 131.5 27.9927 120.332
    endloop
  endfacet
  facet normal 0 -0.0989988 -0.995088
    outer loop
      vertex 131.5 29.66 121.7
      vertex 134.7 29.9917 121.667
      vertex 134.7 29.66 121.7
    endloop
  endfacet
  facet normal -0 -0.0989988 -0.995088
    outer loop
      vertex 134.7 29.9917 121.667
      vertex 131.5 29.66 121.7
      vertex 131.5 29.9917 121.667
    endloop
  endfacet
  facet normal 0 -0.288257 0.957553
    outer loop
      vertex 131.5 30.3106 118.429
      vertex 134.7 29.9917 118.333
      vertex 134.7 30.3106 118.429
    endloop
  endfacet
  facet normal 0 -0.288257 0.957553
    outer loop
      vertex 134.7 29.9917 118.333
      vertex 131.5 30.3106 118.429
      vertex 131.5 29.9917 118.333
    endloop
  endfacet
  facet normal 0 0.288257 -0.957553
    outer loop
      vertex 131.5 29.0094 121.571
      vertex 134.7 29.3283 121.667
      vertex 134.7 29.0094 121.571
    endloop
  endfacet
  facet normal 0 0.288257 -0.957553
    outer loop
      vertex 134.7 29.3283 121.667
      vertex 131.5 29.0094 121.571
      vertex 131.5 29.3283 121.667
    endloop
  endfacet
  facet normal 0 0.773503 -0.633793
    outer loop
      vertex 134.7 28.2465 120.944
      vertex 131.5 28.4579 121.202
      vertex 134.7 28.4579 121.202
    endloop
  endfacet
  facet normal 0 0.773503 -0.633793
    outer loop
      vertex 131.5 28.4579 121.202
      vertex 134.7 28.2465 120.944
      vertex 131.5 28.2465 120.944
    endloop
  endfacet
  facet normal 0 -0.956997 0.290099
    outer loop
      vertex 131.5 31.2306 119.349
      vertex 134.7 31.3273 119.668
      vertex 131.5 31.3273 119.668
    endloop
  endfacet
  facet normal 0 -0.956997 0.290099
    outer loop
      vertex 134.7 31.3273 119.668
      vertex 131.5 31.2306 119.349
      vertex 134.7 31.2306 119.349
    endloop
  endfacet
  facet normal 0 0.88131 0.472539
    outer loop
      vertex 134.7 28.2465 119.056
      vertex 131.5 28.0894 119.349
      vertex 134.7 28.0894 119.349
    endloop
  endfacet
  facet normal 0 0.88131 0.472539
    outer loop
      vertex 131.5 28.0894 119.349
      vertex 134.7 28.2465 119.056
      vertex 131.5 28.2465 119.056
    endloop
  endfacet
  facet normal 0 -0.773503 -0.633793
    outer loop
      vertex 131.5 31.0735 120.944
      vertex 134.7 30.8621 121.202
      vertex 131.5 30.8621 121.202
    endloop
  endfacet
  facet normal 0 -0.773503 -0.633793
    outer loop
      vertex 134.7 30.8621 121.202
      vertex 131.5 31.0735 120.944
      vertex 134.7 31.0735 120.944
    endloop
  endfacet
  facet normal 0 -0.47351 -0.880788
    outer loop
      vertex 131.5 30.3106 121.571
      vertex 134.7 30.6045 121.413
      vertex 134.7 30.3106 121.571
    endloop
  endfacet
  facet normal -0 -0.47351 -0.880788
    outer loop
      vertex 134.7 30.6045 121.413
      vertex 131.5 30.3106 121.571
      vertex 131.5 30.6045 121.413
    endloop
  endfacet
  facet normal 0 -0.956997 -0.290099
    outer loop
      vertex 131.5 31.3273 120.332
      vertex 134.7 31.2306 120.651
      vertex 131.5 31.2306 120.651
    endloop
  endfacet
  facet normal 0 -0.956997 -0.290099
    outer loop
      vertex 134.7 31.2306 120.651
      vertex 131.5 31.3273 120.332
      vertex 134.7 31.3273 120.332
    endloop
  endfacet
  facet normal 0 0.956997 0.290099
    outer loop
      vertex 134.7 28.0894 119.349
      vertex 131.5 27.9927 119.668
      vertex 134.7 27.9927 119.668
    endloop
  endfacet
  facet normal 0 0.956997 0.290099
    outer loop
      vertex 131.5 27.9927 119.668
      vertex 134.7 28.0894 119.349
      vertex 131.5 28.0894 119.349
    endloop
  endfacet
  facet normal -0 0.47351 0.880788
    outer loop
      vertex 131.5 29.0094 118.429
      vertex 134.7 28.7155 118.587
      vertex 134.7 29.0094 118.429
    endloop
  endfacet
  facet normal 0 0.47351 0.880788
    outer loop
      vertex 134.7 28.7155 118.587
      vertex 131.5 29.0094 118.429
      vertex 131.5 28.7155 118.587
    endloop
  endfacet
  facet normal 0 -0.633663 -0.773609
    outer loop
      vertex 131.5 30.6045 121.413
      vertex 134.7 30.8621 121.202
      vertex 134.7 30.6045 121.413
    endloop
  endfacet
  facet normal -0 -0.633663 -0.773609
    outer loop
      vertex 134.7 30.8621 121.202
      vertex 131.5 30.6045 121.413
      vertex 131.5 30.8621 121.202
    endloop
  endfacet
  facet normal 0 -0.288257 -0.957553
    outer loop
      vertex 131.5 29.9917 121.667
      vertex 134.7 30.3106 121.571
      vertex 134.7 29.9917 121.667
    endloop
  endfacet
  facet normal -0 -0.288257 -0.957553
    outer loop
      vertex 134.7 30.3106 121.571
      vertex 131.5 29.9917 121.667
      vertex 131.5 30.3106 121.571
    endloop
  endfacet
  facet normal 0 -0.47351 0.880788
    outer loop
      vertex 131.5 30.6045 118.587
      vertex 134.7 30.3106 118.429
      vertex 134.7 30.6045 118.587
    endloop
  endfacet
  facet normal 0 -0.47351 0.880788
    outer loop
      vertex 134.7 30.3106 118.429
      vertex 131.5 30.6045 118.587
      vertex 131.5 30.3106 118.429
    endloop
  endfacet
  facet normal 0 -0.88131 0.472539
    outer loop
      vertex 131.5 31.0735 119.056
      vertex 134.7 31.2306 119.349
      vertex 131.5 31.2306 119.349
    endloop
  endfacet
  facet normal 0 -0.88131 0.472539
    outer loop
      vertex 134.7 31.2306 119.349
      vertex 131.5 31.0735 119.056
      vertex 134.7 31.0735 119.056
    endloop
  endfacet
  facet normal 0 0.0989988 -0.995088
    outer loop
      vertex 131.5 29.3283 121.667
      vertex 134.7 29.66 121.7
      vertex 134.7 29.3283 121.667
    endloop
  endfacet
  facet normal 0 0.0989988 -0.995088
    outer loop
      vertex 134.7 29.66 121.7
      vertex 131.5 29.3283 121.667
      vertex 131.5 29.66 121.7
    endloop
  endfacet
  facet normal 0 0.88131 -0.472539
    outer loop
      vertex 134.7 28.0894 120.651
      vertex 131.5 28.2465 120.944
      vertex 134.7 28.2465 120.944
    endloop
  endfacet
  facet normal 0 0.88131 -0.472539
    outer loop
      vertex 131.5 28.2465 120.944
      vertex 134.7 28.0894 120.651
      vertex 131.5 28.0894 120.651
    endloop
  endfacet
  facet normal 0 0.995184 0.0980197
    outer loop
      vertex 134.7 27.9927 119.668
      vertex 131.5 27.96 120
      vertex 134.7 27.96 120
    endloop
  endfacet
  facet normal 0 0.995184 0.0980197
    outer loop
      vertex 131.5 27.96 120
      vertex 134.7 27.9927 119.668
      vertex 131.5 27.9927 119.668
    endloop
  endfacet
  facet normal -0 0.0989988 0.995088
    outer loop
      vertex 131.5 29.66 118.3
      vertex 134.7 29.3283 118.333
      vertex 134.7 29.66 118.3
    endloop
  endfacet
  facet normal 0 0.0989988 0.995088
    outer loop
      vertex 134.7 29.3283 118.333
      vertex 131.5 29.66 118.3
      vertex 131.5 29.3283 118.333
    endloop
  endfacet
  facet normal 0 -0.773503 0.633793
    outer loop
      vertex 131.5 30.8621 118.798
      vertex 134.7 31.0735 119.056
      vertex 131.5 31.0735 119.056
    endloop
  endfacet
  facet normal 0 -0.773503 0.633793
    outer loop
      vertex 134.7 31.0735 119.056
      vertex 131.5 30.8621 118.798
      vertex 134.7 30.8621 118.798
    endloop
  endfacet
  facet normal 0 0.995184 -0.0980197
    outer loop
      vertex 134.7 27.96 120
      vertex 131.5 27.9927 120.332
      vertex 134.7 27.9927 120.332
    endloop
  endfacet
  facet normal 0 0.995184 -0.0980197
    outer loop
      vertex 131.5 27.9927 120.332
      vertex 134.7 27.96 120
      vertex 131.5 27.96 120
    endloop
  endfacet
  facet normal -0 0.288257 0.957553
    outer loop
      vertex 131.5 29.3283 118.333
      vertex 134.7 29.0094 118.429
      vertex 134.7 29.3283 118.333
    endloop
  endfacet
  facet normal 0 0.288257 0.957553
    outer loop
      vertex 134.7 29.0094 118.429
      vertex 131.5 29.3283 118.333
      vertex 131.5 29.0094 118.429
    endloop
  endfacet
  facet normal 0 -0.866019 0.500012
    outer loop
      vertex 134.7 31.3054 117.15
      vertex 137.5 32.9509 120
      vertex 134.7 32.9509 120
    endloop
  endfacet
  facet normal 0 -0.866019 0.500012
    outer loop
      vertex 137.5 32.9509 120
      vertex 134.7 31.3054 117.15
      vertex 137.5 31.3054 117.15
    endloop
  endfacet
  facet normal 0 0.866019 -0.500012
    outer loop
      vertex 137.5 26.3691 120
      vertex 134.7 28.0146 122.85
      vertex 137.5 28.0146 122.85
    endloop
  endfacet
  facet normal 0 0.866019 -0.500012
    outer loop
      vertex 134.7 28.0146 122.85
      vertex 137.5 26.3691 120
      vertex 134.7 26.3691 120
    endloop
  endfacet
  facet normal 1 0 0
    outer loop
      vertex 134.7 32.9509 120
      vertex 134.7 31.3273 120.332
      vertex 134.7 31.36 120
    endloop
  endfacet
  facet normal 1 -0 0
    outer loop
      vertex 134.7 31.0735 120.944
      vertex 134.7 32.9509 120
      vertex 134.7 31.3054 122.85
    endloop
  endfacet
  facet normal 1 0 0
    outer loop
      vertex 134.7 32.9509 120
      vertex 134.7 31.2306 120.651
      vertex 134.7 31.3273 120.332
    endloop
  endfacet
  facet normal 1 0 0
    outer loop
      vertex 134.7 32.9509 120
      vertex 134.7 31.0735 120.944
      vertex 134.7 31.2306 120.651
    endloop
  endfacet
  facet normal 1 0 0
    outer loop
      vertex 134.7 31.3054 122.85
      vertex 134.7 30.8621 121.202
      vertex 134.7 31.0735 120.944
    endloop
  endfacet
  facet normal 1 0 0
    outer loop
      vertex 134.7 31.3054 122.85
      vertex 134.7 30.6045 121.413
      vertex 134.7 30.8621 121.202
    endloop
  endfacet
  facet normal 1 0 0
    outer loop
      vertex 134.7 31.3054 122.85
      vertex 134.7 30.3106 121.571
      vertex 134.7 30.6045 121.413
    endloop
  endfacet
  facet normal 1 0 0
    outer loop
      vertex 134.7 31.3054 122.85
      vertex 134.7 29.9917 121.667
      vertex 134.7 30.3106 121.571
    endloop
  endfacet
  facet normal 1 0 0
    outer loop
      vertex 134.7 31.3054 122.85
      vertex 134.7 29.66 121.7
      vertex 134.7 29.9917 121.667
    endloop
  endfacet
  facet normal 1 -0 0
    outer loop
      vertex 134.7 28.0146 122.85
      vertex 134.7 29.66 121.7
      vertex 134.7 31.3054 122.85
    endloop
  endfacet
  facet normal 1 0 0
    outer loop
      vertex 134.7 29.66 121.7
      vertex 134.7 28.0146 122.85
      vertex 134.7 29.3283 121.667
    endloop
  endfacet
  facet normal 1 0 0
    outer loop
      vertex 134.7 29.3283 121.667
      vertex 134.7 28.0146 122.85
      vertex 134.7 29.0094 121.571
    endloop
  endfacet
  facet normal 1 0 0
    outer loop
      vertex 134.7 29.0094 121.571
      vertex 134.7 28.0146 122.85
      vertex 134.7 28.7155 121.413
    endloop
  endfacet
  facet normal 1 0 0
    outer loop
      vertex 134.7 28.0146 122.85
      vertex 134.7 28.4579 121.202
      vertex 134.7 28.7155 121.413
    endloop
  endfacet
  facet normal 1 0 0
    outer loop
      vertex 134.7 28.0146 122.85
      vertex 134.7 28.2465 120.944
      vertex 134.7 28.4579 121.202
    endloop
  endfacet
  facet normal 1 0 0
    outer loop
      vertex 134.7 26.3691 120
      vertex 134.7 28.2465 120.944
      vertex 134.7 28.0146 122.85
    endloop
  endfacet
  facet normal 1 0 0
    outer loop
      vertex 134.7 28.2465 120.944
      vertex 134.7 26.3691 120
      vertex 134.7 28.0894 120.651
    endloop
  endfacet
  facet normal 1 0 0
    outer loop
      vertex 134.7 28.0894 120.651
      vertex 134.7 26.3691 120
      vertex 134.7 27.9927 120.332
    endloop
  endfacet
  facet normal 1 0 0
    outer loop
      vertex 134.7 27.9927 120.332
      vertex 134.7 26.3691 120
      vertex 134.7 27.96 120
    endloop
  endfacet
  facet normal 1 0 0
    outer loop
      vertex 134.7 31.3273 119.668
      vertex 134.7 32.9509 120
      vertex 134.7 31.36 120
    endloop
  endfacet
  facet normal 1 0 0
    outer loop
      vertex 134.7 31.2306 119.349
      vertex 134.7 32.9509 120
      vertex 134.7 31.3273 119.668
    endloop
  endfacet
  facet normal 1 0 0
    outer loop
      vertex 134.7 31.0735 119.056
      vertex 134.7 32.9509 120
      vertex 134.7 31.2306 119.349
    endloop
  endfacet
  facet normal 1 0 0
    outer loop
      vertex 134.7 32.9509 120
      vertex 134.7 31.0735 119.056
      vertex 134.7 31.3054 117.15
    endloop
  endfacet
  facet normal 1 -0 0
    outer loop
      vertex 134.7 30.8621 118.798
      vertex 134.7 31.3054 117.15
      vertex 134.7 31.0735 119.056
    endloop
  endfacet
  facet normal 1 -0 0
    outer loop
      vertex 134.7 30.6045 118.587
      vertex 134.7 31.3054 117.15
      vertex 134.7 30.8621 118.798
    endloop
  endfacet
  facet normal 1 -0 0
    outer loop
      vertex 134.7 30.3106 118.429
      vertex 134.7 31.3054 117.15
      vertex 134.7 30.6045 118.587
    endloop
  endfacet
  facet normal 1 -0 0
    outer loop
      vertex 134.7 29.9917 118.333
      vertex 134.7 31.3054 117.15
      vertex 134.7 30.3106 118.429
    endloop
  endfacet
  facet normal 1 -0 0
    outer loop
      vertex 134.7 29.66 118.3
      vertex 134.7 31.3054 117.15
      vertex 134.7 29.9917 118.333
    endloop
  endfacet
  facet normal 1 0 0
    outer loop
      vertex 134.7 28.0146 117.15
      vertex 134.7 29.66 118.3
      vertex 134.7 29.3283 118.333
    endloop
  endfacet
  facet normal 1 0 0
    outer loop
      vertex 134.7 28.0146 117.15
      vertex 134.7 29.3283 118.333
      vertex 134.7 29.0094 118.429
    endloop
  endfacet
  facet normal 1 0 0
    outer loop
      vertex 134.7 28.0146 117.15
      vertex 134.7 29.0094 118.429
      vertex 134.7 28.7155 118.587
    endloop
  endfacet
  facet normal 1 0 0
    outer loop
      vertex 134.7 29.66 118.3
      vertex 134.7 28.0146 117.15
      vertex 134.7 31.3054 117.15
    endloop
  endfacet
  facet normal 1 0 0
    outer loop
      vertex 134.7 28.4579 118.798
      vertex 134.7 28.0146 117.15
      vertex 134.7 28.7155 118.587
    endloop
  endfacet
  facet normal 1 0 0
    outer loop
      vertex 134.7 28.2465 119.056
      vertex 134.7 28.0146 117.15
      vertex 134.7 28.4579 118.798
    endloop
  endfacet
  facet normal 1 0 0
    outer loop
      vertex 134.7 26.3691 120
      vertex 134.7 28.2465 119.056
      vertex 134.7 28.0894 119.349
    endloop
  endfacet
  facet normal 1 0 0
    outer loop
      vertex 134.7 26.3691 120
      vertex 134.7 28.0894 119.349
      vertex 134.7 27.9927 119.668
    endloop
  endfacet
  facet normal 1 -0 0
    outer loop
      vertex 134.7 26.3691 120
      vertex 134.7 27.9927 119.668
      vertex 134.7 27.96 120
    endloop
  endfacet
  facet normal 1 0 0
    outer loop
      vertex 134.7 28.2465 119.056
      vertex 134.7 26.3691 120
      vertex 134.7 28.0146 117.15
    endloop
  endfacet
  facet normal -0 0 1
    outer loop
      vertex 134.7 31.3054 117.15
      vertex 137.5 28.0146 117.15
      vertex 137.5 31.3054 117.15
    endloop
  endfacet
  facet normal 0 0 1
    outer loop
      vertex 137.5 28.0146 117.15
      vertex 134.7 31.3054 117.15
      vertex 134.7 28.0146 117.15
    endloop
  endfacet
  facet normal 0 -0.866019 -0.500012
    outer loop
      vertex 134.7 32.9509 120
      vertex 137.5 31.3054 122.85
      vertex 134.7 31.3054 122.85
    endloop
  endfacet
  facet normal 0 -0.866019 -0.500012
    outer loop
      vertex 137.5 31.3054 122.85
      vertex 134.7 32.9509 120
      vertex 137.5 32.9509 120
    endloop
  endfacet
  facet normal 0 0 -1
    outer loop
      vertex 134.7 28.0146 122.85
      vertex 137.5 31.3054 122.85
      vertex 137.5 28.0146 122.85
    endloop
  endfacet
  facet normal -0 0 -1
    outer loop
      vertex 137.5 31.3054 122.85
      vertex 134.7 28.0146 122.85
      vertex 134.7 31.3054 122.85
    endloop
  endfacet
  facet normal 0 0.866019 0.500012
    outer loop
      vertex 137.5 28.0146 117.15
      vertex 134.7 26.3691 120
      vertex 137.5 26.3691 120
    endloop
  endfacet
  facet normal 0 0.866019 0.500012
    outer loop
      vertex 134.7 26.3691 120
      vertex 137.5 28.0146 117.15
      vertex 134.7 28.0146 117.15
    endloop
  endfacet
endsolid OpenSCAD_Model
