solid OpenSCAD_Model
  facet normal 0 0 -1
    outer loop
      vertex 0 43.66 0
      vertex 7.206432300885541 40.73442218224045 0
      vertex 6.751530142205591 40.455657780874816 0
    endloop
  endfacet
  facet normal 0 0 -1
    outer loop
      vertex 0 43.66 0
      vertex 8.218122818863215 41.06314035802347 0
      vertex 7.699342219125179 40.93859215540352 0
    endloop
  endfacet
  facet normal 0 0 -1
    outer loop
      vertex 0 43.66 0
      vertex 7.699342219125179 40.93859215540352 0
      vertex 7.206432300885541 40.73442218224045 0
    endloop
  endfacet
  facet normal 0 0 -1
    outer loop
      vertex 0 43.66 0
      vertex 8.75 41.105 0
      vertex 8.218122818863215 41.06314035802347 0
    endloop
  endfacet
  facet normal 0 0 -1
    outer loop
      vertex 0 43.66 0
      vertex 9.281877181136785 41.06314035802347 0
      vertex 8.75 41.105 0
    endloop
  endfacet
  facet normal 0 0 -1
    outer loop
      vertex 0 43.66 0
      vertex 6.751530142205591 40.455657780874816 0
      vertex 6.345836943965738 40.10916305603426 0
    endloop
  endfacet
  facet normal 0 0 -1
    outer loop
      vertex 0 43.66 0
      vertex 6.345836943965738 40.10916305603426 0
      vertex 5.999342219125179 39.70346985779441 0
    endloop
  endfacet
  facet normal 0 0 -1
    outer loop
      vertex 0 43.66 0
      vertex 5.720577817759549 39.24856769911446 0
      vertex 5.516407844596478 38.75565778087482 0
    endloop
  endfacet
  facet normal 0 0 -1
    outer loop
      vertex 0 43.66 0
      vertex 5.516407844596478 38.75565778087482 0
      vertex 5.391859641976532 38.236877181136784 0
    endloop
  endfacet
  facet normal 0 0 -1
    outer loop
      vertex 0 43.66 0
      vertex 5.391859641976532 38.236877181136784 0
      vertex 5.35 37.705 0
    endloop
  endfacet
  facet normal 0 0 -1
    outer loop
      vertex 0 43.66 0
      vertex 5.999342219125179 39.70346985779441 0
      vertex 5.720577817759549 39.24856769911446 0
    endloop
  endfacet
  facet normal 0 0 -1
    outer loop
      vertex 22.31458333333333 35.83 0
      vertex 10.293567699114458 40.73442218224045 0
      vertex 9.800657780874822 40.93859215540352 0
    endloop
  endfacet
  facet normal 0 0 -1
    outer loop
      vertex 10.293567699114458 40.73442218224045 0
      vertex 22.31458333333333 35.83 0
      vertex 10.748469857794408 40.455657780874816 0
    endloop
  endfacet
  facet normal 0 0 -1
    outer loop
      vertex 10.748469857794408 40.455657780874816 0
      vertex 22.31458333333333 35.83 0
      vertex 11.154163056034262 40.10916305603426 0
    endloop
  endfacet
  facet normal 0 0 -1
    outer loop
      vertex 11.500657780874821 39.70346985779441 0
      vertex 11.154163056034262 40.10916305603426 0
      vertex 22.31458333333333 35.83 0
    endloop
  endfacet
  facet normal 0 0 -1
    outer loop
      vertex 0 43.66 0
      vertex 39.943749999999994 35.83 0
      vertex 9.281877181136785 41.06314035802347 0
    endloop
  endfacet
  facet normal 0 0 -1
    outer loop
      vertex 11.77942218224045 39.24856769911446 0
      vertex 11.500657780874821 39.70346985779441 0
      vertex 22.31458333333333 35.83 0
    endloop
  endfacet
  facet normal 0 0 -1
    outer loop
      vertex 39.943749999999994 35.83 0
      vertex 9.800657780874822 40.93859215540352 0
      vertex 9.281877181136785 41.06314035802347 0
    endloop
  endfacet
  facet normal 0 0 -1
    outer loop
      vertex 11.983592155403521 38.75565778087482 0
      vertex 11.77942218224045 39.24856769911446 0
      vertex 22.31458333333333 35.83 0
    endloop
  endfacet
  facet normal 0 0 -1
    outer loop
      vertex 12.10814035802347 38.236877181136784 0
      vertex 11.983592155403521 38.75565778087482 0
      vertex 22.31458333333333 35.83 0
    endloop
  endfacet
  facet normal 0 0 -1
    outer loop
      vertex 12.15 37.705 0
      vertex 12.10814035802347 38.236877181136784 0
      vertex 22.31458333333333 35.83 0
    endloop
  endfacet
  facet normal 0 0 -1
    outer loop
      vertex 12.10814035802347 37.17312281886321 0
      vertex 12.15 37.705 0
      vertex 22.31458333333333 35.83 0
    endloop
  endfacet
  facet normal 0 0 -1
    outer loop
      vertex 36.81458333333333 35.83 0
      vertex 22.31458333333333 35.83 0
      vertex 9.800657780874822 40.93859215540352 0
    endloop
  endfacet
  facet normal 0 0 -1
    outer loop
      vertex 39.943749999999994 35.83 0
      vertex 36.81458333333333 35.83 0
      vertex 9.800657780874822 40.93859215540352 0
    endloop
  endfacet
  facet normal 0 1 0
    outer loop
      vertex 0 43.66 0
      vertex 0 43.66 2.5
      vertex 17.75 43.66 2.5
    endloop
  endfacet
  facet normal 0 0 -1
    outer loop
      vertex 0 43.66 0
      vertex 54.443749999999994 35.83 0
      vertex 39.943749999999994 35.83 0
    endloop
  endfacet
  facet normal 0 0 -1
    outer loop
      vertex 0 43.66 0
      vertex 57.57291666666666 35.83 0
      vertex 54.443749999999994 35.83 0
    endloop
  endfacet
  facet normal 0 0 -1
    outer loop
      vertex 0 43.66 0
      vertex 72.07291666666666 35.83 0
      vertex 57.57291666666666 35.83 0
    endloop
  endfacet
  facet normal 0 0 -1
    outer loop
      vertex 12.10814035802347 37.17312281886321 0
      vertex 22.31458333333333 35.83 0
      vertex 22.31458333333333 19.83 0
    endloop
  endfacet
  facet normal 0 0 -1
    outer loop
      vertex 0 43.66 0
      vertex 5.35 37.705 0
      vertex 0 0 0
    endloop
  endfacet
  facet normal 0 0 -1
    outer loop
      vertex 6.345836943965738 35.300836943965734 0
      vertex 6.751530142205591 34.95434221912518 0
      vertex 6.345836943965738 8.359163056034262 0
    endloop
  endfacet
  facet normal 0 0 -1
    outer loop
      vertex 7.206432300885541 34.675577817759546 0
      vertex 6.751530142205591 8.705657780874816 0
      vertex 6.751530142205591 34.95434221912518 0
    endloop
  endfacet
  facet normal 0 0 -1
    outer loop
      vertex 7.699342219125179 34.47140784459648 0
      vertex 7.206432300885541 8.98442218224045 0
      vertex 7.206432300885541 34.675577817759546 0
    endloop
  endfacet
  facet normal 0 0 -1
    outer loop
      vertex 0 0 0
      vertex 5.35 37.705 0
      vertex 5.391859641976532 37.17312281886321 0
    endloop
  endfacet
  facet normal 0 0 -1
    outer loop
      vertex 0 0 0
      vertex 5.391859641976532 37.17312281886321 0
      vertex 5.516407844596478 36.654342219125176 0
    endloop
  endfacet
  facet normal 0 0 -1
    outer loop
      vertex 8.218122818863215 34.34685964197653 0
      vertex 7.699342219125179 9.18859215540352 0
      vertex 7.699342219125179 34.47140784459648 0
    endloop
  endfacet
  facet normal 0 0 -1
    outer loop
      vertex 8.75 34.305 0
      vertex 8.218122818863215 9.313140358023468 0
      vertex 8.218122818863215 34.34685964197653 0
    endloop
  endfacet
  facet normal 0 0 -1
    outer loop
      vertex 9.281877181136785 34.34685964197653 0
      vertex 8.75 9.354999999999997 0
      vertex 8.75 34.305 0
    endloop
  endfacet
  facet normal 0 0 -1
    outer loop
      vertex 11.500657780874821 35.70653014220559 0
      vertex 11.154163056034262 8.359163056034262 0
      vertex 11.154163056034262 35.300836943965734 0
    endloop
  endfacet
  facet normal 0 0 -1
    outer loop
      vertex 11.154163056034262 35.300836943965734 0
      vertex 10.748469857794408 8.705657780874816 0
      vertex 10.748469857794408 34.95434221912518 0
    endloop
  endfacet
  facet normal 0 0 -1
    outer loop
      vertex 10.293567699114458 34.675577817759546 0
      vertex 9.800657780874822 9.18859215540352 0
      vertex 9.800657780874822 34.47140784459648 0
    endloop
  endfacet
  facet normal 0 0 -1
    outer loop
      vertex 9.800657780874822 34.47140784459648 0
      vertex 9.281877181136785 9.313140358023468 0
      vertex 9.281877181136785 34.34685964197653 0
    endloop
  endfacet
  facet normal 0 0 -1
    outer loop
      vertex 10.748469857794408 34.95434221912518 0
      vertex 10.293567699114458 8.98442218224045 0
      vertex 10.293567699114458 34.675577817759546 0
    endloop
  endfacet
  facet normal 0 0 -1
    outer loop
      vertex 11.983592155403521 36.654342219125176 0
      vertex 12.10814035802347 37.17312281886321 0
      vertex 11.983592155403521 7.00565778087482 0
    endloop
  endfacet
  facet normal 0 0 -1
    outer loop
      vertex 11.500657780874821 35.70653014220559 0
      vertex 11.77942218224045 36.16143230088554 0
      vertex 11.500657780874821 7.95346985779441 0
    endloop
  endfacet
  facet normal 0 0 -1
    outer loop
      vertex 11.77942218224045 36.16143230088554 0
      vertex 11.983592155403521 36.654342219125176 0
      vertex 11.77942218224045 7.49856769911446 0
    endloop
  endfacet
  facet normal 0 0 -1
    outer loop
      vertex 0 0 0
      vertex 5.516407844596478 36.654342219125176 0
      vertex 5.720577817759549 36.16143230088554 0
    endloop
  endfacet
  facet normal 0 0 -1
    outer loop
      vertex 0 0 0
      vertex 5.720577817759549 36.16143230088554 0
      vertex 5.999342219125179 35.70653014220559 0
    endloop
  endfacet
  facet normal 0 0 -1
    outer loop
      vertex 0 0 0
      vertex 5.999342219125179 35.70653014220559 0
      vertex 6.345836943965738 35.300836943965734 0
    endloop
  endfacet
  facet normal -1 0 0
    outer loop
      vertex 0 43.66 0
      vertex 0 0 2.5
      vertex 0 43.66 2.5
    endloop
  endfacet
  facet normal 0 0 -1
    outer loop
      vertex 36.81458333333333 35.83 0
      vertex 39.943749999999994 35.83 0
      vertex 39.943749999999994 19.83 0
    endloop
  endfacet
  facet normal 0 0 -1
    outer loop
      vertex 54.443749999999994 35.83 0
      vertex 57.57291666666666 35.83 0
      vertex 57.57291666666666 19.83 0
    endloop
  endfacet
  facet normal 0 0 -1
    outer loop
      vertex 36.81458333333333 35.83 0
      vertex 39.943749999999994 19.83 0
      vertex 36.81458333333333 19.83 0
    endloop
  endfacet
  facet normal 0 0 -1
    outer loop
      vertex 54.443749999999994 35.83 0
      vertex 57.57291666666666 19.83 0
      vertex 54.443749999999994 19.83 0
    endloop
  endfacet
  facet normal 0 0 1
    outer loop
      vertex 17.75 43.66 2.5
      vertex 22.31458333333333 35.83 2.5
      vertex 36.81458333333333 35.83 2.5
    endloop
  endfacet
  facet normal 0 0 1
    outer loop
      vertex 17.75 43.66 2.5
      vertex 22.31458333333333 19.83 2.5
      vertex 22.31458333333333 35.83 2.5
    endloop
  endfacet
  facet normal 0 0 1
    outer loop
      vertex 17.75 43.66 2.5
      vertex 36.81458333333333 35.83 2.5
      vertex 39.943749999999994 35.83 2.5
    endloop
  endfacet
  facet normal 0 0 1
    outer loop
      vertex 17.75 43.66 2.5
      vertex 39.943749999999994 35.83 2.5
      vertex 54.443749999999994 35.83 2.5
    endloop
  endfacet
  facet normal 0 0 1
    outer loop
      vertex 17.75 43.66 2.5
      vertex 54.443749999999994 35.83 2.5
      vertex 57.57291666666666 35.83 2.5
    endloop
  endfacet
  facet normal 0 0 1
    outer loop
      vertex 17.75 43.66 2.5
      vertex 57.57291666666666 35.83 2.5
      vertex 72.07291666666666 35.83 2.5
    endloop
  endfacet
  facet normal 0 0 1
    outer loop
      vertex 17.75 43.66 2.5
      vertex 72.07291666666666 35.83 2.5
      vertex 75.20208333333333 35.83 2.5
    endloop
  endfacet
  facet normal 0 0 1
    outer loop
      vertex 36.81458333333333 35.83 2.5
      vertex 36.81458333333333 19.83 2.5
      vertex 39.943749999999994 35.83 2.5
    endloop
  endfacet
  facet normal 0 0 1
    outer loop
      vertex 57.57291666666666 35.83 2.5
      vertex 54.443749999999994 35.83 2.5
      vertex 54.443749999999994 19.83 2.5
    endloop
  endfacet
  facet normal 0 0 1
    outer loop
      vertex 39.943749999999994 19.83 2.5
      vertex 39.943749999999994 35.83 2.5
      vertex 36.81458333333333 19.83 2.5
    endloop
  endfacet
  facet normal 0 0 1
    outer loop
      vertex 57.57291666666666 19.83 2.5
      vertex 57.57291666666666 35.83 2.5
      vertex 54.443749999999994 19.83 2.5
    endloop
  endfacet
  facet normal 0 1 0
    outer loop
      vertex 0 43.66 0
      vertex 17.75 43.66 2.5
      vertex 235.3 43.66 2.5
    endloop
  endfacet
  facet normal 0 0 -1
    outer loop
      vertex 0 43.66 0
      vertex 241.3 43.66 0
      vertex 72.07291666666666 35.83 0
    endloop
  endfacet
  facet normal 0 0 -1
    outer loop
      vertex 72.07291666666666 35.83 0
      vertex 75.20208333333333 35.83 0
      vertex 75.20208333333333 19.83 0
    endloop
  endfacet
  facet normal 0 0 -1
    outer loop
      vertex 72.07291666666666 35.83 0
      vertex 75.20208333333333 19.83 0
      vertex 72.07291666666666 19.83 0
    endloop
  endfacet
  facet normal 0 0 -1
    outer loop
      vertex 89.70208333333333 35.83 0
      vertex 92.83125 35.83 0
      vertex 92.83125 19.83 0
    endloop
  endfacet
  facet normal 0 0 -1
    outer loop
      vertex 107.33125 35.83 0
      vertex 110.46041666666666 35.83 0
      vertex 110.46041666666666 19.83 0
    endloop
  endfacet
  facet normal 0 0 -1
    outer loop
      vertex 89.70208333333333 35.83 0
      vertex 92.83125 19.83 0
      vertex 89.70208333333333 19.83 0
    endloop
  endfacet
  facet normal 0 0 -1
    outer loop
      vertex 107.33125 35.83 0
      vertex 110.46041666666666 19.83 0
      vertex 107.33125 19.83 0
    endloop
  endfacet
  facet normal 0 0 1
    outer loop
      vertex 17.75 43.66 2.5
      vertex 75.20208333333333 35.83 2.5
      vertex 89.70208333333333 35.83 2.5
    endloop
  endfacet
  facet normal 0 0 1
    outer loop
      vertex 17.75 43.66 2.5
      vertex 89.70208333333333 35.83 2.5
      vertex 92.83125 35.83 2.5
    endloop
  endfacet
  facet normal 0 0 1
    outer loop
      vertex 17.75 43.66 2.5
      vertex 92.83125 35.83 2.5
      vertex 235.3 43.66 2.5
    endloop
  endfacet
  facet normal 0 0 1
    outer loop
      vertex 72.07291666666666 19.83 2.5
      vertex 75.20208333333333 35.83 2.5
      vertex 72.07291666666666 35.83 2.5
    endloop
  endfacet
  facet normal 0 0 1
    outer loop
      vertex 75.20208333333333 19.83 2.5
      vertex 75.20208333333333 35.83 2.5
      vertex 72.07291666666666 19.83 2.5
    endloop
  endfacet
  facet normal 0 0 1
    outer loop
      vertex 89.70208333333333 35.83 2.5
      vertex 89.70208333333333 19.83 2.5
      vertex 92.83125 35.83 2.5
    endloop
  endfacet
  facet normal 0 0 1
    outer loop
      vertex 107.33125 35.83 2.5
      vertex 107.33125 19.83 2.5
      vertex 110.46041666666666 35.83 2.5
    endloop
  endfacet
  facet normal 0 0 1
    outer loop
      vertex 92.83125 19.83 2.5
      vertex 92.83125 35.83 2.5
      vertex 89.70208333333333 19.83 2.5
    endloop
  endfacet
  facet normal 0 0 1
    outer loop
      vertex 110.46041666666666 19.83 2.5
      vertex 110.46041666666666 35.83 2.5
      vertex 107.33125 19.83 2.5
    endloop
  endfacet
  facet normal 0 0 -1
    outer loop
      vertex 7.206432300885541 34.675577817759546 0
      vertex 7.206432300885541 8.98442218224045 0
      vertex 6.751530142205591 8.705657780874816 0
    endloop
  endfacet
  facet normal 0 0 -1
    outer loop
      vertex 7.699342219125179 34.47140784459648 0
      vertex 7.699342219125179 9.18859215540352 0
      vertex 7.206432300885541 8.98442218224045 0
    endloop
  endfacet
  facet normal 0 0 -1
    outer loop
      vertex 6.345836943965738 35.300836943965734 0
      vertex 6.345836943965738 8.359163056034262 0
      vertex 5.999342219125179 7.95346985779441 0
    endloop
  endfacet
  facet normal 0 0 -1
    outer loop
      vertex 6.751530142205591 34.95434221912518 0
      vertex 6.751530142205591 8.705657780874816 0
      vertex 6.345836943965738 8.359163056034262 0
    endloop
  endfacet
  facet normal 0 0 -1
    outer loop
      vertex 8.218122818863215 34.34685964197653 0
      vertex 8.218122818863215 9.313140358023468 0
      vertex 7.699342219125179 9.18859215540352 0
    endloop
  endfacet
  facet normal 0 0 -1
    outer loop
      vertex 8.75 34.305 0
      vertex 8.75 9.354999999999997 0
      vertex 8.218122818863215 9.313140358023468 0
    endloop
  endfacet
  facet normal 0 0 -1
    outer loop
      vertex 9.281877181136785 34.34685964197653 0
      vertex 9.281877181136785 9.313140358023468 0
      vertex 8.75 9.354999999999997 0
    endloop
  endfacet
  facet normal 0 0 -1
    outer loop
      vertex 9.800657780874822 34.47140784459648 0
      vertex 9.800657780874822 9.18859215540352 0
      vertex 9.281877181136785 9.313140358023468 0
    endloop
  endfacet
  facet normal 0 0 -1
    outer loop
      vertex 10.293567699114458 34.675577817759546 0
      vertex 10.293567699114458 8.98442218224045 0
      vertex 9.800657780874822 9.18859215540352 0
    endloop
  endfacet
  facet normal 0 0 -1
    outer loop
      vertex 10.748469857794408 34.95434221912518 0
      vertex 10.748469857794408 8.705657780874816 0
      vertex 10.293567699114458 8.98442218224045 0
    endloop
  endfacet
  facet normal 0 0 -1
    outer loop
      vertex 11.154163056034262 35.300836943965734 0
      vertex 11.154163056034262 8.359163056034262 0
      vertex 10.748469857794408 8.705657780874816 0
    endloop
  endfacet
  facet normal 0 0 -1
    outer loop
      vertex 11.500657780874821 35.70653014220559 0
      vertex 11.500657780874821 7.95346985779441 0
      vertex 11.154163056034262 8.359163056034262 0
    endloop
  endfacet
  facet normal 0 0 -1
    outer loop
      vertex 11.77942218224045 36.16143230088554 0
      vertex 11.77942218224045 7.49856769911446 0
      vertex 11.500657780874821 7.95346985779441 0
    endloop
  endfacet
  facet normal 0 0 -1
    outer loop
      vertex 11.983592155403521 36.654342219125176 0
      vertex 11.983592155403521 7.00565778087482 0
      vertex 11.77942218224045 7.49856769911446 0
    endloop
  endfacet
  facet normal 0 0 -1
    outer loop
      vertex 12.10814035802347 37.17312281886321 0
      vertex 12.10814035802347 6.486877181136784 0
      vertex 11.983592155403521 7.00565778087482 0
    endloop
  endfacet
  facet normal 0 0 -1
    outer loop
      vertex 22.31458333333333 19.83 0
      vertex 12.10814035802347 6.486877181136784 0
      vertex 12.10814035802347 37.17312281886321 0
    endloop
  endfacet
  facet normal 0 0 -1
    outer loop
      vertex 0 0 0
      vertex 6.345836943965738 35.300836943965734 0
      vertex 5.999342219125179 7.95346985779441 0
    endloop
  endfacet
  facet normal -1 0 0
    outer loop
      vertex 0 43.66 0
      vertex 0 0 0
      vertex 0 0 2.5
    endloop
  endfacet
  facet normal 0 0 -1
    outer loop
      vertex 22.31458333333333 19.83 0
      vertex 36.81458333333333 19.83 0
      vertex 12.10814035802347 6.486877181136784 0
    endloop
  endfacet
  facet normal 0 0 -1
    outer loop
      vertex 39.943749999999994 19.83 0
      vertex 12.10814035802347 6.486877181136784 0
      vertex 36.81458333333333 19.83 0
    endloop
  endfacet
  facet normal 0 0 -1
    outer loop
      vertex 39.943749999999994 19.83 0
      vertex 54.443749999999994 19.83 0
      vertex 12.10814035802347 6.486877181136784 0
    endloop
  endfacet
  facet normal 0 0 -1
    outer loop
      vertex 57.57291666666666 19.83 0
      vertex 12.10814035802347 6.486877181136784 0
      vertex 54.443749999999994 19.83 0
    endloop
  endfacet
  facet normal 0 0 -1
    outer loop
      vertex 0 0 0
      vertex 5.720577817759549 7.49856769911446 0
      vertex 5.516407844596478 7.00565778087482 0
    endloop
  endfacet
  facet normal 0 0 -1
    outer loop
      vertex 0 0 0
      vertex 5.516407844596478 7.00565778087482 0
      vertex 5.391859641976532 6.486877181136784 0
    endloop
  endfacet
  facet normal 0 0 -1
    outer loop
      vertex 0 0 0
      vertex 5.391859641976532 6.486877181136784 0
      vertex 5.35 5.954999999999998 0
    endloop
  endfacet
  facet normal 0 0 -1
    outer loop
      vertex 0 0 0
      vertex 5.999342219125179 7.95346985779441 0
      vertex 5.720577817759549 7.49856769911446 0
    endloop
  endfacet
  facet normal 0 0 -1
    outer loop
      vertex 0 0 0
      vertex 5.35 5.954999999999998 0
      vertex 5.391859641976532 5.423122818863213 0
    endloop
  endfacet
  facet normal 0 0 -1
    outer loop
      vertex 0 0 0
      vertex 5.391859641976532 5.423122818863213 0
      vertex 5.516407844596478 4.904342219125176 0
    endloop
  endfacet
  facet normal 0 0 -1
    outer loop
      vertex 0 0 0
      vertex 5.516407844596478 4.904342219125176 0
      vertex 5.720577817759549 4.4114323008855365 0
    endloop
  endfacet
  facet normal 0 0 -1
    outer loop
      vertex 0 0 0
      vertex 5.720577817759549 4.4114323008855365 0
      vertex 5.999342219125179 3.9565301422055867 0
    endloop
  endfacet
  facet normal 0 0 -1
    outer loop
      vertex 0 0 0
      vertex 5.999342219125179 3.9565301422055867 0
      vertex 6.345836943965738 3.5508369439657343 0
    endloop
  endfacet
  facet normal 0 0 -1
    outer loop
      vertex 0 0 0
      vertex 6.345836943965738 3.5508369439657343 0
      vertex 6.751530142205591 3.2043422191251807 0
    endloop
  endfacet
  facet normal 0 0 -1
    outer loop
      vertex 0 0 0
      vertex 6.751530142205591 3.2043422191251807 0
      vertex 7.206432300885541 2.925577817759546 0
    endloop
  endfacet
  facet normal 0 0 -1
    outer loop
      vertex 0 0 0
      vertex 7.206432300885541 2.925577817759546 0
      vertex 7.699342219125179 2.7214078445964773 0
    endloop
  endfacet
  facet normal 0 0 -1
    outer loop
      vertex 0 0 0
      vertex 7.699342219125179 2.7214078445964773 0
      vertex 8.218122818863215 2.596859641976529 0
    endloop
  endfacet
  facet normal 0 0 -1
    outer loop
      vertex 0 0 0
      vertex 8.218122818863215 2.596859641976529 0
      vertex 8.75 2.5549999999999997 0
    endloop
  endfacet
  facet normal 0 -1 0
    outer loop
      vertex 0 0 0
      vertex 17.75 0 2.316100290095317
      vertex 0 0 2.5
    endloop
  endfacet
  facet normal 0 0 1
    outer loop
      vertex 17.75 43.66 2.5
      vertex 17.75 0 2.5
      vertex 22.31458333333333 19.83 2.5
    endloop
  endfacet
  facet normal 0 0 1
    outer loop
      vertex 17.75 0 2.5
      vertex 36.81458333333333 19.83 2.5
      vertex 22.31458333333333 19.83 2.5
    endloop
  endfacet
  facet normal 0 0 1
    outer loop
      vertex 17.75 0 2.5
      vertex 39.943749999999994 19.83 2.5
      vertex 36.81458333333333 19.83 2.5
    endloop
  endfacet
  facet normal 0 0 1
    outer loop
      vertex 17.75 0 2.5
      vertex 54.443749999999994 19.83 2.5
      vertex 39.943749999999994 19.83 2.5
    endloop
  endfacet
  facet normal 0 0 1
    outer loop
      vertex 17.75 0 2.5
      vertex 57.57291666666666 19.83 2.5
      vertex 54.443749999999994 19.83 2.5
    endloop
  endfacet
  facet normal 0 0 1
    outer loop
      vertex 17.75 0 2.5
      vertex 72.07291666666666 19.83 2.5
      vertex 57.57291666666666 19.83 2.5
    endloop
  endfacet
  facet normal 0 0 1
    outer loop
      vertex 17.75 0 2.5
      vertex 75.20208333333333 19.83 2.5
      vertex 72.07291666666666 19.83 2.5
    endloop
  endfacet
  facet normal 0 0 -1
    outer loop
      vertex 241.3 0 0
      vertex 12.15 5.954999999999998 0
      vertex 12.10814035802347 6.486877181136784 0
    endloop
  endfacet
  facet normal 0 0 -1
    outer loop
      vertex 241.3 0 0
      vertex 12.10814035802347 5.423122818863213 0
      vertex 12.15 5.954999999999998 0
    endloop
  endfacet
  facet normal 0 0 -1
    outer loop
      vertex 241.3 0 0
      vertex 11.983592155403521 4.904342219125176 0
      vertex 12.10814035802347 5.423122818863213 0
    endloop
  endfacet
  facet normal 0 0 -1
    outer loop
      vertex 241.3 0 0
      vertex 11.77942218224045 4.4114323008855365 0
      vertex 11.983592155403521 4.904342219125176 0
    endloop
  endfacet
  facet normal 0 0 -1
    outer loop
      vertex 241.3 0 0
      vertex 11.500657780874821 3.9565301422055867 0
      vertex 11.77942218224045 4.4114323008855365 0
    endloop
  endfacet
  facet normal 0 0 -1
    outer loop
      vertex 241.3 0 0
      vertex 8.75 2.5549999999999997 0
      vertex 9.281877181136785 2.596859641976529 0
    endloop
  endfacet
  facet normal 0 0 -1
    outer loop
      vertex 241.3 0 0
      vertex 11.154163056034262 3.5508369439657343 0
      vertex 11.500657780874821 3.9565301422055867 0
    endloop
  endfacet
  facet normal 0 0 -1
    outer loop
      vertex 241.3 0 0
      vertex 10.748469857794408 3.2043422191251807 0
      vertex 11.154163056034262 3.5508369439657343 0
    endloop
  endfacet
  facet normal 0 0 -1
    outer loop
      vertex 241.3 0 0
      vertex 9.800657780874822 2.7214078445964773 0
      vertex 10.293567699114458 2.925577817759546 0
    endloop
  endfacet
  facet normal 0 0 -1
    outer loop
      vertex 241.3 0 0
      vertex 10.293567699114458 2.925577817759546 0
      vertex 10.748469857794408 3.2043422191251807 0
    endloop
  endfacet
  facet normal 0 0 -1
    outer loop
      vertex 241.3 0 0
      vertex 9.281877181136785 2.596859641976529 0
      vertex 9.800657780874822 2.7214078445964773 0
    endloop
  endfacet
  facet normal 0 0 -1
    outer loop
      vertex 0 0 0
      vertex 8.75 2.5549999999999997 0
      vertex 241.3 0 0
    endloop
  endfacet
  facet normal 0 -1 0
    outer loop
      vertex 0 0 0
      vertex 241.3 0 0
      vertex 17.75 0 2.316100290095317
    endloop
  endfacet
  facet normal 0 -1 0
    outer loop
      vertex 17.75 0 2.316100290095317
      vertex 235.3 0 2.5
      vertex 17.75 0 2.5
    endloop
  endfacet
  facet normal 0 0 -1
    outer loop
      vertex 241.3 0 0
      vertex 12.10814035802347 6.486877181136784 0
      vertex 57.57291666666666 19.83 0
    endloop
  endfacet
  facet normal 0 0 1
    outer loop
      vertex 17.75 0 2.5
      vertex 89.70208333333333 19.83 2.5
      vertex 75.20208333333333 19.83 2.5
    endloop
  endfacet
  facet normal 0 0 1
    outer loop
      vertex 17.75 0 2.5
      vertex 92.83125 19.83 2.5
      vertex 89.70208333333333 19.83 2.5
    endloop
  endfacet
  facet normal 0 0 1
    outer loop
      vertex 17.75 0 2.5
      vertex 107.33125 19.83 2.5
      vertex 92.83125 19.83 2.5
    endloop
  endfacet
  facet normal 0 0 1
    outer loop
      vertex 17.75 0 2.5
      vertex 110.46041666666666 19.83 2.5
      vertex 107.33125 19.83 2.5
    endloop
  endfacet
  facet normal 0 0 1
    outer loop
      vertex 17.75 0 2.5
      vertex 124.96041666666666 19.83 2.5
      vertex 110.46041666666666 19.83 2.5
    endloop
  endfacet
  facet normal 0 0 1
    outer loop
      vertex 17.75 0 2.5
      vertex 128.08958333333334 19.83 2.5
      vertex 124.96041666666666 19.83 2.5
    endloop
  endfacet
  facet normal 0 0 -1
    outer loop
      vertex 241.3 43.66 0
      vertex 75.20208333333333 35.83 0
      vertex 72.07291666666666 35.83 0
    endloop
  endfacet
  facet normal 0 0 -1
    outer loop
      vertex 241.3 43.66 0
      vertex 89.70208333333333 35.83 0
      vertex 75.20208333333333 35.83 0
    endloop
  endfacet
  facet normal 0 0 -1
    outer loop
      vertex 241.3 43.66 0
      vertex 92.83125 35.83 0
      vertex 89.70208333333333 35.83 0
    endloop
  endfacet
  facet normal 0 0 -1
    outer loop
      vertex 241.3 43.66 0
      vertex 107.33125 35.83 0
      vertex 92.83125 35.83 0
    endloop
  endfacet
  facet normal 0 0 -1
    outer loop
      vertex 241.3 43.66 0
      vertex 110.46041666666666 35.83 0
      vertex 107.33125 35.83 0
    endloop
  endfacet
  facet normal 0 0 -1
    outer loop
      vertex 241.3 43.66 0
      vertex 124.96041666666666 35.83 0
      vertex 110.46041666666666 35.83 0
    endloop
  endfacet
  facet normal 0 0 -1
    outer loop
      vertex 241.3 43.66 0
      vertex 128.08958333333334 35.83 0
      vertex 124.96041666666666 35.83 0
    endloop
  endfacet
  facet normal 0 1 0
    outer loop
      vertex 0 43.66 0
      vertex 241.3 43.66 2.5
      vertex 241.3 43.66 0
    endloop
  endfacet
  facet normal 0 0 -1
    outer loop
      vertex 241.3 43.66 0
      vertex 142.58958333333334 35.83 0
      vertex 128.08958333333334 35.83 0
    endloop
  endfacet
  facet normal 0 0 -1
    outer loop
      vertex 241.3 43.66 0
      vertex 145.71875 35.83 0
      vertex 142.58958333333334 35.83 0
    endloop
  endfacet
  facet normal 0 1 0
    outer loop
      vertex 0 43.66 0
      vertex 235.3 43.66 2.5
      vertex 241.3 43.66 2.5
    endloop
  endfacet
  facet normal 0 0 -1
    outer loop
      vertex 124.96041666666666 35.83 0
      vertex 128.08958333333334 35.83 0
      vertex 128.08958333333334 19.83 0
    endloop
  endfacet
  facet normal 0 0 -1
    outer loop
      vertex 142.58958333333334 35.83 0
      vertex 145.71875 35.83 0
      vertex 145.71875 19.83 0
    endloop
  endfacet
  facet normal 0 0 -1
    outer loop
      vertex 128.08958333333334 19.83 0
      vertex 124.96041666666666 19.83 0
      vertex 124.96041666666666 35.83 0
    endloop
  endfacet
  facet normal 0 0 -1
    outer loop
      vertex 142.58958333333334 35.83 0
      vertex 145.71875 19.83 0
      vertex 142.58958333333334 19.83 0
    endloop
  endfacet
  facet normal 0 0 -1
    outer loop
      vertex 160.21875 35.83 0
      vertex 163.34791666666666 35.83 0
      vertex 163.34791666666666 19.83 0
    endloop
  endfacet
  facet normal 0 0 -1
    outer loop
      vertex 177.84791666666666 35.83 0
      vertex 180.97708333333333 35.83 0
      vertex 180.97708333333333 19.83 0
    endloop
  endfacet
  facet normal 0 0 -1
    outer loop
      vertex 160.21875 35.83 0
      vertex 163.34791666666666 19.83 0
      vertex 160.21875 19.83 0
    endloop
  endfacet
  facet normal 0 0 -1
    outer loop
      vertex 177.84791666666666 35.83 0
      vertex 180.97708333333333 19.83 0
      vertex 177.84791666666666 19.83 0
    endloop
  endfacet
  facet normal 0 0 1
    outer loop
      vertex 235.3 43.66 2.5
      vertex 92.83125 35.83 2.5
      vertex 107.33125 35.83 2.5
    endloop
  endfacet
  facet normal 0 0 1
    outer loop
      vertex 235.3 43.66 2.5
      vertex 107.33125 35.83 2.5
      vertex 110.46041666666666 35.83 2.5
    endloop
  endfacet
  facet normal 0 0 1
    outer loop
      vertex 235.3 43.66 2.5
      vertex 110.46041666666666 35.83 2.5
      vertex 124.96041666666666 35.83 2.5
    endloop
  endfacet
  facet normal 0 0 1
    outer loop
      vertex 235.3 43.66 2.5
      vertex 124.96041666666666 35.83 2.5
      vertex 128.08958333333334 35.83 2.5
    endloop
  endfacet
  facet normal 0 0 1
    outer loop
      vertex 235.3 43.66 2.5
      vertex 128.08958333333334 35.83 2.5
      vertex 142.58958333333334 35.83 2.5
    endloop
  endfacet
  facet normal 0 0 1
    outer loop
      vertex 235.3 43.66 2.5
      vertex 142.58958333333334 35.83 2.5
      vertex 145.71875 35.83 2.5
    endloop
  endfacet
  facet normal 0 0 1
    outer loop
      vertex 235.3 43.66 2.5
      vertex 145.71875 35.83 2.5
      vertex 160.21875 35.83 2.5
    endloop
  endfacet
  facet normal 0 0 1
    outer loop
      vertex 124.96041666666666 35.83 2.5
      vertex 124.96041666666666 19.83 2.5
      vertex 128.08958333333334 35.83 2.5
    endloop
  endfacet
  facet normal 0 0 1
    outer loop
      vertex 142.58958333333334 35.83 2.5
      vertex 142.58958333333334 19.83 2.5
      vertex 145.71875 35.83 2.5
    endloop
  endfacet
  facet normal 0 0 1
    outer loop
      vertex 128.08958333333334 35.83 2.5
      vertex 124.96041666666666 19.83 2.5
      vertex 128.08958333333334 19.83 2.5
    endloop
  endfacet
  facet normal 0 0 1
    outer loop
      vertex 145.71875 19.83 2.5
      vertex 145.71875 35.83 2.5
      vertex 142.58958333333334 19.83 2.5
    endloop
  endfacet
  facet normal 0 0 1
    outer loop
      vertex 160.21875 35.83 2.5
      vertex 160.21875 19.83 2.5
      vertex 163.34791666666666 35.83 2.5
    endloop
  endfacet
  facet normal 0 0 1
    outer loop
      vertex 177.84791666666666 35.83 2.5
      vertex 177.84791666666666 19.83 2.5
      vertex 180.97708333333333 35.83 2.5
    endloop
  endfacet
  facet normal 0 0 1
    outer loop
      vertex 163.34791666666666 19.83 2.5
      vertex 163.34791666666666 35.83 2.5
      vertex 160.21875 19.83 2.5
    endloop
  endfacet
  facet normal 0 0 1
    outer loop
      vertex 180.97708333333333 19.83 2.5
      vertex 180.97708333333333 35.83 2.5
      vertex 177.84791666666666 19.83 2.5
    endloop
  endfacet
  facet normal 0 0 -1
    outer loop
      vertex 241.3 43.66 0
      vertex 160.21875 35.83 0
      vertex 145.71875 35.83 0
    endloop
  endfacet
  facet normal 0 0 -1
    outer loop
      vertex 241.3 43.66 0
      vertex 163.34791666666666 35.83 0
      vertex 160.21875 35.83 0
    endloop
  endfacet
  facet normal 0 0 -1
    outer loop
      vertex 241.3 43.66 0
      vertex 177.84791666666666 35.83 0
      vertex 163.34791666666666 35.83 0
    endloop
  endfacet
  facet normal 0 0 -1
    outer loop
      vertex 241.3 43.66 0
      vertex 180.97708333333333 35.83 0
      vertex 177.84791666666666 35.83 0
    endloop
  endfacet
  facet normal 0 0 -1
    outer loop
      vertex 241.3 43.66 0
      vertex 195.47708333333333 35.83 0
      vertex 180.97708333333333 35.83 0
    endloop
  endfacet
  facet normal 0 0 -1
    outer loop
      vertex 241.3 43.66 0
      vertex 198.60625 35.83 0
      vertex 195.47708333333333 35.83 0
    endloop
  endfacet
  facet normal 0 0 -1
    outer loop
      vertex 241.3 43.66 0
      vertex 213.10625 35.83 0
      vertex 198.60625 35.83 0
    endloop
  endfacet
  facet normal 0 0 -1
    outer loop
      vertex 241.3 43.66 0
      vertex 216.23541666666665 35.83 0
      vertex 213.10625 35.83 0
    endloop
  endfacet
  facet normal 0 0 -1
    outer loop
      vertex 241.3 43.66 0
      vertex 230.73541666666665 35.83 0
      vertex 216.23541666666665 35.83 0
    endloop
  endfacet
  facet normal 0 0 -1
    outer loop
      vertex 195.47708333333333 35.83 0
      vertex 198.60625 35.83 0
      vertex 198.60625 19.83 0
    endloop
  endfacet
  facet normal 0 0 -1
    outer loop
      vertex 195.47708333333333 35.83 0
      vertex 198.60625 19.83 0
      vertex 195.47708333333333 19.83 0
    endloop
  endfacet
  facet normal 0 0 -1
    outer loop
      vertex 213.10625 35.83 0
      vertex 216.23541666666665 35.83 0
      vertex 216.23541666666665 19.83 0
    endloop
  endfacet
  facet normal 1 0 0
    outer loop
      vertex 241.3 43.66 0
      vertex 241.3 43.66 2.5
      vertex 241.3 0 0
    endloop
  endfacet
  facet normal 0 0 -1
    outer loop
      vertex 213.10625 35.83 0
      vertex 216.23541666666665 19.83 0
      vertex 213.10625 19.83 0
    endloop
  endfacet
  facet normal 0 0 -1
    outer loop
      vertex 241.3 43.66 0
      vertex 241.3 0 0
      vertex 230.73541666666665 35.83 0
    endloop
  endfacet
  facet normal 0 0 1
    outer loop
      vertex 235.3 43.66 2.5
      vertex 160.21875 35.83 2.5
      vertex 163.34791666666666 35.83 2.5
    endloop
  endfacet
  facet normal 0 0 1
    outer loop
      vertex 235.3 43.66 2.5
      vertex 163.34791666666666 35.83 2.5
      vertex 177.84791666666666 35.83 2.5
    endloop
  endfacet
  facet normal 0 0 1
    outer loop
      vertex 235.3 43.66 2.5
      vertex 177.84791666666666 35.83 2.5
      vertex 180.97708333333333 35.83 2.5
    endloop
  endfacet
  facet normal 0 0 1
    outer loop
      vertex 235.3 43.66 2.5
      vertex 180.97708333333333 35.83 2.5
      vertex 195.47708333333333 35.83 2.5
    endloop
  endfacet
  facet normal 0 0 1
    outer loop
      vertex 235.3 43.66 2.5
      vertex 195.47708333333333 35.83 2.5
      vertex 198.60625 35.83 2.5
    endloop
  endfacet
  facet normal 0 0 1
    outer loop
      vertex 235.3 43.66 2.5
      vertex 198.60625 35.83 2.5
      vertex 213.10625 35.83 2.5
    endloop
  endfacet
  facet normal 0 0 1
    outer loop
      vertex 235.3 43.66 2.5
      vertex 213.10625 35.83 2.5
      vertex 216.23541666666665 35.83 2.5
    endloop
  endfacet
  facet normal 0 0 1
    outer loop
      vertex 235.3 43.66 2.5
      vertex 216.23541666666665 35.83 2.5
      vertex 230.73541666666665 35.83 2.5
    endloop
  endfacet
  facet normal 0 0 1
    outer loop
      vertex 235.3 43.66 2.5
      vertex 230.73541666666665 35.83 2.5
      vertex 235.20000000000002 36.028441624524525 2.5
    endloop
  endfacet
  facet normal 0 0 1
    outer loop
      vertex 235.3 43.66 2.5
      vertex 235.20000000000002 36.028441624524525 2.5
      vertex 235.3 36.028441624524525 2.5
    endloop
  endfacet
  facet normal 0 0 1
    outer loop
      vertex 195.47708333333333 35.83 2.5
      vertex 195.47708333333333 19.83 2.5
      vertex 198.60625 35.83 2.5
    endloop
  endfacet
  facet normal 0 0 1
    outer loop
      vertex 198.60625 19.83 2.5
      vertex 198.60625 35.83 2.5
      vertex 195.47708333333333 19.83 2.5
    endloop
  endfacet
  facet normal 0 0 1
    outer loop
      vertex 213.10625 35.83 2.5
      vertex 213.10625 19.83 2.5
      vertex 216.23541666666665 35.83 2.5
    endloop
  endfacet
  facet normal 0 0 1
    outer loop
      vertex 230.73541666666665 35.83 2.5
      vertex 230.73541666666665 19.83 2.5
      vertex 235.20000000000002 36.028441624524525 2.5
    endloop
  endfacet
  facet normal 0 0 1
    outer loop
      vertex 230.73541666666665 19.83 2.5
      vertex 235.20000000000002 32.08115837547547 2.5
      vertex 235.20000000000002 36.028441624524525 2.5
    endloop
  endfacet
  facet normal 0 0 1
    outer loop
      vertex 235.3 32.08115837547547 2.5
      vertex 235.20000000000002 32.08115837547547 2.5
      vertex 235.20000000000002 23.803641624524527 2.5
    endloop
  endfacet
  facet normal 0 0 1
    outer loop
      vertex 216.23541666666665 19.83 2.5
      vertex 216.23541666666665 35.83 2.5
      vertex 213.10625 19.83 2.5
    endloop
  endfacet
  facet normal 0 0 1
    outer loop
      vertex 230.73541666666665 19.83 2.5
      vertex 235.20000000000002 23.803641624524527 2.5
      vertex 235.20000000000002 32.08115837547547 2.5
    endloop
  endfacet
  facet normal 0 0 1
    outer loop
      vertex 235.3 32.08115837547547 2.5
      vertex 235.20000000000002 23.803641624524527 2.5
      vertex 235.3 23.803641624524527 2.5
    endloop
  endfacet
  facet normal 0 0 -1
    outer loop
      vertex 241.3 0 0
      vertex 57.57291666666666 19.83 0
      vertex 72.07291666666666 19.83 0
    endloop
  endfacet
  facet normal 0 0 -1
    outer loop
      vertex 241.3 0 0
      vertex 72.07291666666666 19.83 0
      vertex 75.20208333333333 19.83 0
    endloop
  endfacet
  facet normal 0 0 -1
    outer loop
      vertex 241.3 0 0
      vertex 75.20208333333333 19.83 0
      vertex 89.70208333333333 19.83 0
    endloop
  endfacet
  facet normal 0 0 -1
    outer loop
      vertex 241.3 0 0
      vertex 89.70208333333333 19.83 0
      vertex 92.83125 19.83 0
    endloop
  endfacet
  facet normal 0 0 -1
    outer loop
      vertex 241.3 0 0
      vertex 92.83125 19.83 0
      vertex 107.33125 19.83 0
    endloop
  endfacet
  facet normal 0 0 -1
    outer loop
      vertex 241.3 0 0
      vertex 107.33125 19.83 0
      vertex 110.46041666666666 19.83 0
    endloop
  endfacet
  facet normal 0 0 -1
    outer loop
      vertex 241.3 0 0
      vertex 110.46041666666666 19.83 0
      vertex 124.96041666666666 19.83 0
    endloop
  endfacet
  facet normal 0 0 -1
    outer loop
      vertex 241.3 0 0
      vertex 124.96041666666666 19.83 0
      vertex 128.08958333333334 19.83 0
    endloop
  endfacet
  facet normal 0 0 -1
    outer loop
      vertex 241.3 0 0
      vertex 128.08958333333334 19.83 0
      vertex 142.58958333333334 19.83 0
    endloop
  endfacet
  facet normal 0 0 -1
    outer loop
      vertex 241.3 0 0
      vertex 142.58958333333334 19.83 0
      vertex 145.71875 19.83 0
    endloop
  endfacet
  facet normal 0 -1 0
    outer loop
      vertex 17.75 0 2.316100290095317
      vertex 239.8 0 2.5
      vertex 235.3 0 2.5
    endloop
  endfacet
  facet normal 0 -1 0
    outer loop
      vertex 17.75 0 2.316100290095317
      vertex 241.3 0 0
      vertex 241.3 0 2
    endloop
  endfacet
  facet normal 0 -1 0
    outer loop
      vertex 17.75 0 2.316100290095317
      vertex 241.3 0 2
      vertex 239.8 0 2.5
    endloop
  endfacet
  facet normal 0 0 1
    outer loop
      vertex 235.3 0 2.5
      vertex 142.58958333333334 19.83 2.5
      vertex 128.08958333333334 19.83 2.5
    endloop
  endfacet
  facet normal 0 0 1
    outer loop
      vertex 235.3 0 2.5
      vertex 145.71875 19.83 2.5
      vertex 142.58958333333334 19.83 2.5
    endloop
  endfacet
  facet normal 0 0 1
    outer loop
      vertex 235.3 0 2.5
      vertex 160.21875 19.83 2.5
      vertex 145.71875 19.83 2.5
    endloop
  endfacet
  facet normal 0 0 1
    outer loop
      vertex 17.75 0 2.5
      vertex 235.3 0 2.5
      vertex 128.08958333333334 19.83 2.5
    endloop
  endfacet
  facet normal 0 0 -1
    outer loop
      vertex 241.3 0 0
      vertex 145.71875 19.83 0
      vertex 160.21875 19.83 0
    endloop
  endfacet
  facet normal 0 0 -1
    outer loop
      vertex 241.3 0 0
      vertex 160.21875 19.83 0
      vertex 163.34791666666666 19.83 0
    endloop
  endfacet
  facet normal 0 0 -1
    outer loop
      vertex 241.3 0 0
      vertex 163.34791666666666 19.83 0
      vertex 177.84791666666666 19.83 0
    endloop
  endfacet
  facet normal 0 0 -1
    outer loop
      vertex 241.3 0 0
      vertex 177.84791666666666 19.83 0
      vertex 180.97708333333333 19.83 0
    endloop
  endfacet
  facet normal 0 0 -1
    outer loop
      vertex 241.3 0 0
      vertex 180.97708333333333 19.83 0
      vertex 195.47708333333333 19.83 0
    endloop
  endfacet
  facet normal 0 0 -1
    outer loop
      vertex 241.3 0 0
      vertex 230.73541666666665 19.83 0
      vertex 230.73541666666665 35.83 0
    endloop
  endfacet
  facet normal 0 0 -1
    outer loop
      vertex 241.3 0 0
      vertex 195.47708333333333 19.83 0
      vertex 198.60625 19.83 0
    endloop
  endfacet
  facet normal 0 0 -1
    outer loop
      vertex 241.3 0 0
      vertex 198.60625 19.83 0
      vertex 213.10625 19.83 0
    endloop
  endfacet
  facet normal 0 0 -1
    outer loop
      vertex 241.3 0 0
      vertex 213.10625 19.83 0
      vertex 216.23541666666665 19.83 0
    endloop
  endfacet
  facet normal 0 0 -1
    outer loop
      vertex 241.3 0 0
      vertex 216.23541666666665 19.83 0
      vertex 230.73541666666665 19.83 0
    endloop
  endfacet
  facet normal 1 0 0
    outer loop
      vertex 241.3 43.66 2.5
      vertex 241.3 5.457499999999996 2.5
      vertex 241.3 0 0
    endloop
  endfacet
  facet normal 1 0 0
    outer loop
      vertex 241.3 0 0
      vertex 241.3 5.457499999999996 2.5
      vertex 241.3 0 2
    endloop
  endfacet
  facet normal 0 0 1
    outer loop
      vertex 235.3 0 2.5
      vertex 163.34791666666666 19.83 2.5
      vertex 160.21875 19.83 2.5
    endloop
  endfacet
  facet normal 0 0 1
    outer loop
      vertex 235.3 0 2.5
      vertex 177.84791666666666 19.83 2.5
      vertex 163.34791666666666 19.83 2.5
    endloop
  endfacet
  facet normal 0 0 1
    outer loop
      vertex 235.3 0 2.5
      vertex 180.97708333333333 19.83 2.5
      vertex 177.84791666666666 19.83 2.5
    endloop
  endfacet
  facet normal 0 0 1
    outer loop
      vertex 235.3 0 2.5
      vertex 195.47708333333333 19.83 2.5
      vertex 180.97708333333333 19.83 2.5
    endloop
  endfacet
  facet normal 0 0 1
    outer loop
      vertex 235.3 0 2.5
      vertex 198.60625 19.83 2.5
      vertex 195.47708333333333 19.83 2.5
    endloop
  endfacet
  facet normal 0 0 1
    outer loop
      vertex 235.20000000000002 23.803641624524527 2.5
      vertex 230.73541666666665 19.83 2.5
      vertex 235.20000000000002 19.85635837547547 2.5
    endloop
  endfacet
  facet normal 0 0 1
    outer loop
      vertex 230.73541666666665 19.83 2.5
      vertex 235.20000000000002 11.578841624524522 2.5
      vertex 235.20000000000002 19.85635837547547 2.5
    endloop
  endfacet
  facet normal 0 0 1
    outer loop
      vertex 235.3 19.856358375475473 2.5
      vertex 235.20000000000002 19.85635837547547 2.5
      vertex 235.3 11.578841624524522 2.5
    endloop
  endfacet
  facet normal 0 0 1
    outer loop
      vertex 235.3 0 2.5
      vertex 213.10625 19.83 2.5
      vertex 198.60625 19.83 2.5
    endloop
  endfacet
  facet normal 0 0 1
    outer loop
      vertex 235.3 0 2.5
      vertex 216.23541666666665 19.83 2.5
      vertex 213.10625 19.83 2.5
    endloop
  endfacet
  facet normal 0 0 1
    outer loop
      vertex 235.3 11.578841624524522 2.5
      vertex 235.20000000000002 19.85635837547547 2.5
      vertex 235.20000000000002 11.578841624524522 2.5
    endloop
  endfacet
  facet normal 0 0 1
    outer loop
      vertex 235.3 0 2.5
      vertex 230.73541666666665 19.83 2.5
      vertex 216.23541666666665 19.83 2.5
    endloop
  endfacet
  facet normal 0 0 1
    outer loop
      vertex 230.73541666666665 19.83 2.5
      vertex 235.20000000000002 7.631558375475464 2.5
      vertex 235.20000000000002 11.578841624524522 2.5
    endloop
  endfacet
  facet normal 0 0 1
    outer loop
      vertex 235.3 0 2.5
      vertex 235.20000000000002 7.631558375475464 2.5
      vertex 230.73541666666665 19.83 2.5
    endloop
  endfacet
  facet normal 0 0 1
    outer loop
      vertex 235.3 0 2.5
      vertex 235.3 7.631558375475464 2.5
      vertex 235.20000000000002 7.631558375475464 2.5
    endloop
  endfacet
  facet normal -1 0 0
    outer loop
      vertex 235.3 43.66 2.5
      vertex 235.3 36.028441624524525 2.5
      vertex 235.3 36.31754169979695 2.7372583002030475
    endloop
  endfacet
  facet normal -1 0 0
    outer loop
      vertex 235.3 43.66 2.5
      vertex 235.3 36.31754169979695 2.7372583002030475
      vertex 235.3 36.71550275936814 3.222175254337273
    endloop
  endfacet
  facet normal -1 0 0
    outer loop
      vertex 235.3 43.66 2.5
      vertex 235.3 36.71550275936814 3.222175254337273
      vertex 235.3 37.01121450403612 3.7754130164317123
    endloop
  endfacet
  facet normal -1 0 0
    outer loop
      vertex 235.3 43.66 2.5
      vertex 235.3 37.01121450403612 3.7754130164317123
      vertex 235.3 37.19331289729033 4.37571096954839
    endloop
  endfacet
  facet normal 1 0 0
    outer loop
      vertex 241.3 43.66 2.5
      vertex 241.3 35.625395205269186 4.349438164979348
      vertex 241.3 35.46829834091432 4.055530603866677
    endloop
  endfacet
  facet normal 1 0 0
    outer loop
      vertex 241.3 43.66 2.5
      vertex 241.3 34.70536183502065 3.4294047947308126
      vertex 241.3 34.386453547427415 3.332665023314508
    endloop
  endfacet
  facet normal 1 0 0
    outer loop
      vertex 241.3 43.66 2.5
      vertex 241.3 34.386453547427415 3.332665023314508
      vertex 241.3 34.0548 3.3
    endloop
  endfacet
  facet normal 1 0 0
    outer loop
      vertex 241.3 43.66 2.5
      vertex 241.3 34.99926939613332 3.5865016590856733
      vertex 241.3 34.70536183502065 3.4294047947308126
    endloop
  endfacet
  facet normal 1 0 0
    outer loop
      vertex 241.3 43.66 2.5
      vertex 241.3 35.256881528017125 3.797918471982869
      vertex 241.3 34.99926939613332 3.5865016590856733
    endloop
  endfacet
  facet normal 1 0 0
    outer loop
      vertex 241.3 43.66 2.5
      vertex 241.3 35.46829834091432 4.055530603866677
      vertex 241.3 35.256881528017125 3.797918471982869
    endloop
  endfacet
  facet normal -1 0 0
    outer loop
      vertex 235.3 43.66 2.5
      vertex 235.3 37.19331289729033 4.37571096954839
      vertex 235.3 37.254799999999996 5
    endloop
  endfacet
  facet normal 1 0 0
    outer loop
      vertex 241.3 43.66 2.5
      vertex 241.3 35.72213497668549 4.668346452572582
      vertex 241.3 35.625395205269186 4.349438164979348
    endloop
  endfacet
  facet normal 1 0 0
    outer loop
      vertex 241.3 43.66 2.5
      vertex 241.3 35.754799999999996 5
      vertex 241.3 35.72213497668549 4.668346452572582
    endloop
  endfacet
  facet normal 1 0 0
    outer loop
      vertex 241.3 43.66 2.5
      vertex 241.3 35.72213497668549 5.331653547427418
      vertex 241.3 35.754799999999996 5
    endloop
  endfacet
  facet normal 1 0 0
    outer loop
      vertex 241.3 43.66 2.5
      vertex 241.3 35.625395205269186 5.650561835020652
      vertex 241.3 35.72213497668549 5.331653547427418
    endloop
  endfacet
  facet normal -1 0 0
    outer loop
      vertex 235.3 32.08115837547547 2.5
      vertex 235.3 27.9424 4
      vertex 235.3 31.792058300203045 2.7372583002030475
    endloop
  endfacet
  facet normal 1 0 0
    outer loop
      vertex 241.3 43.66 2.5
      vertex 241.3 34.0548 3.3
      vertex 241.3 5.457499999999996 2.5
    endloop
  endfacet
  facet normal -1 0 0
    outer loop
      vertex 235.3 32.08115837547547 2.5
      vertex 235.3 23.803641624524527 2.5
      vertex 235.3 27.9424 4
    endloop
  endfacet
  facet normal -1 0 0
    outer loop
      vertex 235.3 31.792058300203045 2.7372583002030475
      vertex 235.3 28.20121904510252 4.034074173710931
      vertex 235.3 31.39409724063185 3.222175254337273
    endloop
  endfacet
  facet normal 1 0 0
    outer loop
      vertex 241.3 33.40423816497935 3.4294047947308126
      vertex 241.3 33.11033060386667 3.5865016590856733
      vertex 241.3 28.20121904510252 4.034074173710931
    endloop
  endfacet
  facet normal 1 0 0
    outer loop
      vertex 241.3 33.40423816497935 3.4294047947308126
      vertex 241.3 22.161653547427417 3.332665023314508
      vertex 241.3 33.72314645257258 3.332665023314508
    endloop
  endfacet
  facet normal -1 0 0
    outer loop
      vertex 235.3 31.792058300203045 2.7372583002030475
      vertex 235.3 27.9424 4
      vertex 235.3 28.20121904510252 4.034074173710931
    endloop
  endfacet
  facet normal 1 0 0
    outer loop
      vertex 241.3 33.40423816497935 3.4294047947308126
      vertex 241.3 27.9424 4
      vertex 241.3 22.48056183502065 3.4294047947308126
    endloop
  endfacet
  facet normal -1 0 0
    outer loop
      vertex 235.3 23.803641624524527 2.5
      vertex 235.3 24.09274169979695 2.7372583002030475
      vertex 235.3 27.9424 4
    endloop
  endfacet
  facet normal 1 0 0
    outer loop
      vertex 241.3 5.457499999999996 2.5
      vertex 241.3 34.0548 3.3
      vertex 241.3 33.72314645257258 3.332665023314508
    endloop
  endfacet
  facet normal 1 0 0
    outer loop
      vertex 241.3 33.40423816497935 3.4294047947308126
      vertex 241.3 22.48056183502065 3.4294047947308126
      vertex 241.3 22.161653547427417 3.332665023314508
    endloop
  endfacet
  facet normal -1 0 0
    outer loop
      vertex 235.3 24.09274169979695 2.7372583002030475
      vertex 235.3 24.490702759368144 3.222175254337273
      vertex 235.3 27.9424 4
    endloop
  endfacet
  facet normal 1 0 0
    outer loop
      vertex 241.3 33.72314645257258 3.332665023314508
      vertex 241.3 22.161653547427417 3.332665023314508
      vertex 241.3 21.83 3.3
    endloop
  endfacet
  facet normal -1 0 0
    outer loop
      vertex 235.3 24.490702759368144 3.222175254337273
      vertex 235.3 24.786414504036117 3.7754130164317123
      vertex 235.3 27.68358095489748 4.034074173710931
    endloop
  endfacet
  facet normal 1 0 0
    outer loop
      vertex 241.3 22.774469396133323 3.5865016590856733
      vertex 241.3 22.48056183502065 3.4294047947308126
      vertex 241.3 27.68358095489748 4.034074173710931
    endloop
  endfacet
  facet normal 1 0 0
    outer loop
      vertex 241.3 32.85271847198287 3.797918471982869
      vertex 241.3 28.4424 4.133974596215562
      vertex 241.3 33.11033060386667 3.5865016590856733
    endloop
  endfacet
  facet normal 1 0 0
    outer loop
      vertex 241.3 32.85271847198287 3.797918471982869
      vertex 241.3 32.64130165908567 4.055530603866677
      vertex 241.3 28.649506781186545 4.292893218813452
    endloop
  endfacet
  facet normal -1 0 0
    outer loop
      vertex 235.3 31.39409724063185 3.222175254337273
      vertex 235.3 28.649506781186545 4.292893218813452
      vertex 235.3 31.09838549596388 3.7754130164317123
    endloop
  endfacet
  facet normal -1 0 0
    outer loop
      vertex 235.3 31.09838549596388 3.7754130164317123
      vertex 235.3 28.908325826289065 4.741180954897479
      vertex 235.3 30.91628710270966 4.37571096954839
    endloop
  endfacet
  facet normal 1 0 0
    outer loop
      vertex 241.3 32.64130165908567 4.055530603866677
      vertex 241.3 32.48420479473081 4.349438164979348
      vertex 241.3 28.80842540378444 4.5
    endloop
  endfacet
  facet normal 1 0 0
    outer loop
      vertex 241.3 32.64130165908567 4.055530603866677
      vertex 241.3 28.80842540378444 4.5
      vertex 241.3 28.649506781186545 4.292893218813452
    endloop
  endfacet
  facet normal -1 0 0
    outer loop
      vertex 235.3 31.39409724063185 3.222175254337273
      vertex 235.3 28.20121904510252 4.034074173710931
      vertex 235.3 28.4424 4.133974596215562
    endloop
  endfacet
  facet normal -1 0 0
    outer loop
      vertex 235.3 31.39409724063185 3.222175254337273
      vertex 235.3 28.4424 4.133974596215562
      vertex 235.3 28.649506781186545 4.292893218813452
    endloop
  endfacet
  facet normal 1 0 0
    outer loop
      vertex 241.3 33.40423816497935 3.4294047947308126
      vertex 241.3 28.20121904510252 4.034074173710931
      vertex 241.3 27.9424 4
    endloop
  endfacet
  facet normal 1 0 0
    outer loop
      vertex 241.3 33.11033060386667 3.5865016590856733
      vertex 241.3 28.4424 4.133974596215562
      vertex 241.3 28.20121904510252 4.034074173710931
    endloop
  endfacet
  facet normal -1 0 0
    outer loop
      vertex 235.3 31.09838549596388 3.7754130164317123
      vertex 235.3 28.649506781186545 4.292893218813452
      vertex 235.3 28.80842540378444 4.5
    endloop
  endfacet
  facet normal -1 0 0
    outer loop
      vertex 235.3 31.09838549596388 3.7754130164317123
      vertex 235.3 28.80842540378444 4.5
      vertex 235.3 28.908325826289065 4.741180954897479
    endloop
  endfacet
  facet normal 1 0 0
    outer loop
      vertex 241.3 32.85271847198287 3.797918471982869
      vertex 241.3 28.649506781186545 4.292893218813452
      vertex 241.3 28.4424 4.133974596215562
    endloop
  endfacet
  facet normal 1 0 0
    outer loop
      vertex 241.3 32.48420479473081 4.349438164979348
      vertex 241.3 28.908325826289065 4.741180954897479
      vertex 241.3 28.80842540378444 4.5
    endloop
  endfacet
  facet normal 1 0 0
    outer loop
      vertex 241.3 32.48420479473081 4.349438164979348
      vertex 241.3 32.387465023314505 4.668346452572582
      vertex 241.3 28.908325826289065 4.741180954897479
    endloop
  endfacet
  facet normal -1 0 0
    outer loop
      vertex 235.3 30.91628710270966 4.37571096954839
      vertex 235.3 28.9424 5
      vertex 235.3 30.854799999999997 5
    endloop
  endfacet
  facet normal 1 0 0
    outer loop
      vertex 241.3 32.387465023314505 4.668346452572582
      vertex 241.3 28.9424 5
      vertex 241.3 28.908325826289065 4.741180954897479
    endloop
  endfacet
  facet normal 1 0 0
    outer loop
      vertex 241.3 32.3548 5
      vertex 241.3 28.9424 5
      vertex 241.3 32.387465023314505 4.668346452572582
    endloop
  endfacet
  facet normal -1 0 0
    outer loop
      vertex 235.3 30.91628710270966 4.37571096954839
      vertex 235.3 28.908325826289065 4.741180954897479
      vertex 235.3 28.9424 5
    endloop
  endfacet
  facet normal -1 0 0
    outer loop
      vertex 235.3 24.490702759368144 3.222175254337273
      vertex 235.3 27.68358095489748 4.034074173710931
      vertex 235.3 27.9424 4
    endloop
  endfacet
  facet normal -1 0 0
    outer loop
      vertex 235.3 24.786414504036117 3.7754130164317123
      vertex 235.3 27.4424 4.133974596215562
      vertex 235.3 27.68358095489748 4.034074173710931
    endloop
  endfacet
  facet normal 1 0 0
    outer loop
      vertex 241.3 22.48056183502065 3.4294047947308126
      vertex 241.3 27.9424 4
      vertex 241.3 27.68358095489748 4.034074173710931
    endloop
  endfacet
  facet normal 1 0 0
    outer loop
      vertex 241.3 22.774469396133323 3.5865016590856733
      vertex 241.3 27.68358095489748 4.034074173710931
      vertex 241.3 27.4424 4.133974596215562
    endloop
  endfacet
  facet normal -1 0 0
    outer loop
      vertex 235.3 24.786414504036117 3.7754130164317123
      vertex 235.3 27.235293218813453 4.292893218813452
      vertex 235.3 27.4424 4.133974596215562
    endloop
  endfacet
  facet normal -1 0 0
    outer loop
      vertex 235.3 24.786414504036117 3.7754130164317123
      vertex 235.3 24.968512897290335 4.37571096954839
      vertex 235.3 27.235293218813453 4.292893218813452
    endloop
  endfacet
  facet normal 1 0 0
    outer loop
      vertex 241.3 27.235293218813453 4.292893218813452
      vertex 241.3 23.03208152801713 3.797918471982869
      vertex 241.3 27.4424 4.133974596215562
    endloop
  endfacet
  facet normal 1 0 0
    outer loop
      vertex 241.3 27.235293218813453 4.292893218813452
      vertex 241.3 27.07637459621556 4.5
      vertex 241.3 23.243498340914325 4.055530603866677
    endloop
  endfacet
  facet normal 1 0 0
    outer loop
      vertex 241.3 27.07637459621556 4.5
      vertex 241.3 23.400595205269184 4.349438164979348
      vertex 241.3 23.243498340914325 4.055530603866677
    endloop
  endfacet
  facet normal 1 0 0
    outer loop
      vertex 241.3 27.4424 4.133974596215562
      vertex 241.3 23.03208152801713 3.797918471982869
      vertex 241.3 22.774469396133323 3.5865016590856733
    endloop
  endfacet
  facet normal 1 0 0
    outer loop
      vertex 241.3 27.235293218813453 4.292893218813452
      vertex 241.3 23.243498340914325 4.055530603866677
      vertex 241.3 23.03208152801713 3.797918471982869
    endloop
  endfacet
  facet normal -1 0 0
    outer loop
      vertex 235.3 27.235293218813453 4.292893218813452
      vertex 235.3 24.968512897290335 4.37571096954839
      vertex 235.3 27.07637459621556 4.5
    endloop
  endfacet
  facet normal -1 0 0
    outer loop
      vertex 235.3 27.07637459621556 4.5
      vertex 235.3 24.968512897290335 4.37571096954839
      vertex 235.3 25.029999999999998 5
    endloop
  endfacet
  facet normal 1 0 0
    outer loop
      vertex 241.3 27.07637459621556 4.5
      vertex 241.3 26.97647417371093 4.741180954897479
      vertex 241.3 23.400595205269184 4.349438164979348
    endloop
  endfacet
  facet normal 1 0 0
    outer loop
      vertex 241.3 23.400595205269184 4.349438164979348
      vertex 241.3 26.97647417371093 4.741180954897479
      vertex 241.3 23.49733497668549 4.668346452572582
    endloop
  endfacet
  facet normal -1 0 0
    outer loop
      vertex 235.3 27.07637459621556 4.5
      vertex 235.3 25.029999999999998 5
      vertex 235.3 26.97647417371093 4.741180954897479
    endloop
  endfacet
  facet normal -1 0 0
    outer loop
      vertex 235.3 26.97647417371093 4.741180954897479
      vertex 235.3 25.029999999999998 5
      vertex 235.3 26.9424 5
    endloop
  endfacet
  facet normal 1 0 0
    outer loop
      vertex 241.3 23.49733497668549 4.668346452572582
      vertex 241.3 26.97647417371093 4.741180954897479
      vertex 241.3 26.9424 5
    endloop
  endfacet
  facet normal 1 0 0
    outer loop
      vertex 241.3 26.9424 5
      vertex 241.3 23.529999999999998 5
      vertex 241.3 23.49733497668549 4.668346452572582
    endloop
  endfacet
  facet normal 1 0 0
    outer loop
      vertex 241.3 5.457499999999996 2.5
      vertex 241.3 33.72314645257258 3.332665023314508
      vertex 241.3 21.83 3.3
    endloop
  endfacet
  facet normal -1 0 0
    outer loop
      vertex 235.3 19.856358375475473 2.5
      vertex 235.3 15.717599999999997 4
      vertex 235.3 19.567258300203047 2.7372583002030475
    endloop
  endfacet
  facet normal 1 0 0
    outer loop
      vertex 241.3 21.179438164979345 3.4294047947308126
      vertex 241.3 20.885530603866673 3.5865016590856733
      vertex 241.3 15.976419045102517 4.034074173710931
    endloop
  endfacet
  facet normal -1 0 0
    outer loop
      vertex 235.3 19.567258300203047 2.7372583002030475
      vertex 235.3 15.976419045102517 4.034074173710931
      vertex 235.3 19.169297240631852 3.222175254337273
    endloop
  endfacet
  facet normal 1 0 0
    outer loop
      vertex 241.3 21.49834645257258 3.332665023314508
      vertex 241.3 21.179438164979345 3.4294047947308126
      vertex 241.3 9.936853547427411 3.332665023314508
    endloop
  endfacet
  facet normal -1 0 0
    outer loop
      vertex 235.3 19.567258300203047 2.7372583002030475
      vertex 235.3 15.717599999999997 4
      vertex 235.3 15.976419045102517 4.034074173710931
    endloop
  endfacet
  facet normal -1 0 0
    outer loop
      vertex 235.3 19.856358375475473 2.5
      vertex 235.3 15.458780954897477 4.034074173710931
      vertex 235.3 15.717599999999997 4
    endloop
  endfacet
  facet normal -1 0 0
    outer loop
      vertex 235.3 19.856358375475473 2.5
      vertex 235.3 11.578841624524522 2.5
      vertex 235.3 11.867941699796948 2.7372583002030475
    endloop
  endfacet
  facet normal -1 0 0
    outer loop
      vertex 235.3 19.856358375475473 2.5
      vertex 235.3 11.867941699796948 2.7372583002030475
      vertex 235.3 15.458780954897477 4.034074173710931
    endloop
  endfacet
  facet normal 1 0 0
    outer loop
      vertex 241.3 5.457499999999996 2.5
      vertex 241.3 21.83 3.3
      vertex 241.3 21.49834645257258 3.332665023314508
    endloop
  endfacet
  facet normal 1 0 0
    outer loop
      vertex 241.3 5.457499999999996 2.5
      vertex 241.3 21.49834645257258 3.332665023314508
      vertex 241.3 9.605199999999996 3.3
    endloop
  endfacet
  facet normal 1 0 0
    outer loop
      vertex 241.3 21.49834645257258 3.332665023314508
      vertex 241.3 9.936853547427411 3.332665023314508
      vertex 241.3 9.605199999999996 3.3
    endloop
  endfacet
  facet normal 1 0 0
    outer loop
      vertex 241.3 21.179438164979345 3.4294047947308126
      vertex 241.3 10.25576183502065 3.4294047947308126
      vertex 241.3 9.936853547427411 3.332665023314508
    endloop
  endfacet
  facet normal 1 0 0
    outer loop
      vertex 241.3 21.179438164979345 3.4294047947308126
      vertex 241.3 15.717599999999997 4
      vertex 241.3 10.25576183502065 3.4294047947308126
    endloop
  endfacet
  facet normal -1 0 0
    outer loop
      vertex 235.3 11.867941699796948 2.7372583002030475
      vertex 235.3 12.265902759368142 3.222175254337273
      vertex 235.3 15.458780954897477 4.034074173710931
    endloop
  endfacet
  facet normal -1 0 0
    outer loop
      vertex 235.3 12.561614504036115 3.7754130164317123
      vertex 235.3 15.217599999999997 4.133974596215562
      vertex 235.3 12.265902759368142 3.222175254337273
    endloop
  endfacet
  facet normal 1 0 0
    outer loop
      vertex 241.3 20.885530603866673 3.5865016590856733
      vertex 241.3 20.627918471982866 3.797918471982869
      vertex 241.3 16.217599999999997 4.133974596215562
    endloop
  endfacet
  facet normal -1 0 0
    outer loop
      vertex 235.3 19.169297240631852 3.222175254337273
      vertex 235.3 16.424706781186543 4.292893218813452
      vertex 235.3 18.87358549596388 3.7754130164317123
    endloop
  endfacet
  facet normal 1 0 0
    outer loop
      vertex 241.3 20.627918471982866 3.797918471982869
      vertex 241.3 20.41650165908567 4.055530603866677
      vertex 241.3 16.217599999999997 4.133974596215562
    endloop
  endfacet
  facet normal -1 0 0
    outer loop
      vertex 235.3 19.169297240631852 3.222175254337273
      vertex 235.3 15.976419045102517 4.034074173710931
      vertex 235.3 16.217599999999997 4.133974596215562
    endloop
  endfacet
  facet normal -1 0 0
    outer loop
      vertex 235.3 19.169297240631852 3.222175254337273
      vertex 235.3 16.217599999999997 4.133974596215562
      vertex 235.3 16.424706781186543 4.292893218813452
    endloop
  endfacet
  facet normal 1 0 0
    outer loop
      vertex 241.3 21.179438164979345 3.4294047947308126
      vertex 241.3 15.976419045102517 4.034074173710931
      vertex 241.3 15.717599999999997 4
    endloop
  endfacet
  facet normal 1 0 0
    outer loop
      vertex 241.3 20.885530603866673 3.5865016590856733
      vertex 241.3 16.217599999999997 4.133974596215562
      vertex 241.3 15.976419045102517 4.034074173710931
    endloop
  endfacet
  facet normal -1 0 0
    outer loop
      vertex 235.3 18.87358549596388 3.7754130164317123
      vertex 235.3 16.583625403784435 4.5
      vertex 235.3 18.69148710270966 4.37571096954839
    endloop
  endfacet
  facet normal 1 0 0
    outer loop
      vertex 241.3 20.41650165908567 4.055530603866677
      vertex 241.3 20.259404794730813 4.349438164979348
      vertex 241.3 16.424706781186543 4.292893218813452
    endloop
  endfacet
  facet normal -1 0 0
    outer loop
      vertex 235.3 18.87358549596388 3.7754130164317123
      vertex 235.3 16.424706781186543 4.292893218813452
      vertex 235.3 16.583625403784435 4.5
    endloop
  endfacet
  facet normal 1 0 0
    outer loop
      vertex 241.3 20.41650165908567 4.055530603866677
      vertex 241.3 16.424706781186543 4.292893218813452
      vertex 241.3 16.217599999999997 4.133974596215562
    endloop
  endfacet
  facet normal 1 0 0
    outer loop
      vertex 241.3 20.259404794730813 4.349438164979348
      vertex 241.3 20.162665023314506 4.668346452572582
      vertex 241.3 16.583625403784435 4.5
    endloop
  endfacet
  facet normal 1 0 0
    outer loop
      vertex 241.3 20.259404794730813 4.349438164979348
      vertex 241.3 16.583625403784435 4.5
      vertex 241.3 16.424706781186543 4.292893218813452
    endloop
  endfacet
  facet normal -1 0 0
    outer loop
      vertex 235.3 18.69148710270966 4.37571096954839
      vertex 235.3 16.583625403784435 4.5
      vertex 235.3 16.683525826289067 4.741180954897479
    endloop
  endfacet
  facet normal -1 0 0
    outer loop
      vertex 235.3 18.69148710270966 4.37571096954839
      vertex 235.3 16.717599999999997 5
      vertex 235.3 18.63 5
    endloop
  endfacet
  facet normal 1 0 0
    outer loop
      vertex 241.3 16.583625403784435 4.5
      vertex 241.3 20.162665023314506 4.668346452572582
      vertex 241.3 20.13 5
    endloop
  endfacet
  facet normal 1 0 0
    outer loop
      vertex 241.3 16.583625403784435 4.5
      vertex 241.3 20.13 5
      vertex 241.3 20.162665023314506 5.331653547427418
    endloop
  endfacet
  facet normal 1 0 0
    outer loop
      vertex 241.3 20.259404794730813 5.650561835020652
      vertex 241.3 16.683525826289067 4.741180954897479
      vertex 241.3 16.583625403784435 4.5
    endloop
  endfacet
  facet normal -1 0 0
    outer loop
      vertex 235.3 18.69148710270966 4.37571096954839
      vertex 235.3 16.683525826289067 4.741180954897479
      vertex 235.3 16.717599999999997 5
    endloop
  endfacet
  facet normal -1 0 0
    outer loop
      vertex 235.3 12.265902759368142 3.222175254337273
      vertex 235.3 15.217599999999997 4.133974596215562
      vertex 235.3 15.458780954897477 4.034074173710931
    endloop
  endfacet
  facet normal 1 0 0
    outer loop
      vertex 241.3 10.25576183502065 3.4294047947308126
      vertex 241.3 15.717599999999997 4
      vertex 241.3 15.458780954897477 4.034074173710931
    endloop
  endfacet
  facet normal 1 0 0
    outer loop
      vertex 241.3 10.25576183502065 3.4294047947308126
      vertex 241.3 15.458780954897477 4.034074173710931
      vertex 241.3 15.217599999999997 4.133974596215562
    endloop
  endfacet
  facet normal -1 0 0
    outer loop
      vertex 235.3 12.561614504036115 3.7754130164317123
      vertex 235.3 15.010493218813451 4.292893218813452
      vertex 235.3 15.217599999999997 4.133974596215562
    endloop
  endfacet
  facet normal 1 0 0
    outer loop
      vertex 241.3 10.25576183502065 3.4294047947308126
      vertex 241.3 15.217599999999997 4.133974596215562
      vertex 241.3 15.010493218813451 4.292893218813452
    endloop
  endfacet
  facet normal 1 0 0
    outer loop
      vertex 241.3 14.85157459621556 4.5
      vertex 241.3 10.549669396133318 3.5865016590856733
      vertex 241.3 10.25576183502065 3.4294047947308126
    endloop
  endfacet
  facet normal 1 0 0
    outer loop
      vertex 241.3 14.85157459621556 4.5
      vertex 241.3 10.807281528017128 3.797918471982869
      vertex 241.3 10.549669396133318 3.5865016590856733
    endloop
  endfacet
  facet normal -1 0 0
    outer loop
      vertex 235.3 12.561614504036115 3.7754130164317123
      vertex 235.3 12.743712897290333 4.37571096954839
      vertex 235.3 15.010493218813451 4.292893218813452
    endloop
  endfacet
  facet normal 1 0 0
    outer loop
      vertex 241.3 10.25576183502065 3.4294047947308126
      vertex 241.3 15.010493218813451 4.292893218813452
      vertex 241.3 14.85157459621556 4.5
    endloop
  endfacet
  facet normal 1 0 0
    outer loop
      vertex 241.3 14.85157459621556 4.5
      vertex 241.3 11.175795205269182 4.349438164979348
      vertex 241.3 11.018698340914327 4.055530603866677
    endloop
  endfacet
  facet normal 1 0 0
    outer loop
      vertex 241.3 14.85157459621556 4.5
      vertex 241.3 11.018698340914327 4.055530603866677
      vertex 241.3 10.807281528017128 3.797918471982869
    endloop
  endfacet
  facet normal -1 0 0
    outer loop
      vertex 235.3 12.743712897290333 4.37571096954839
      vertex 235.3 14.85157459621556 4.5
      vertex 235.3 15.010493218813451 4.292893218813452
    endloop
  endfacet
  facet normal -1 0 0
    outer loop
      vertex 235.3 14.85157459621556 4.5
      vertex 235.3 12.805199999999996 5
      vertex 235.3 14.751674173710928 4.741180954897479
    endloop
  endfacet
  facet normal -1 0 0
    outer loop
      vertex 235.3 12.805199999999996 5
      vertex 235.3 14.717599999999997 5
      vertex 235.3 14.751674173710928 4.741180954897479
    endloop
  endfacet
  facet normal -1 0 0
    outer loop
      vertex 235.3 14.85157459621556 4.5
      vertex 235.3 12.743712897290333 4.37571096954839
      vertex 235.3 12.805199999999996 5
    endloop
  endfacet
  facet normal 1 0 0
    outer loop
      vertex 241.3 14.85157459621556 4.5
      vertex 241.3 14.751674173710928 4.741180954897479
      vertex 241.3 11.175795205269182 4.349438164979348
    endloop
  endfacet
  facet normal 1 0 0
    outer loop
      vertex 241.3 14.751674173710928 4.741180954897479
      vertex 241.3 11.272534976685485 4.668346452572582
      vertex 241.3 11.175795205269182 4.349438164979348
    endloop
  endfacet
  facet normal 1 0 0
    outer loop
      vertex 241.3 14.751674173710928 4.741180954897479
      vertex 241.3 14.717599999999997 5
      vertex 241.3 11.272534976685485 4.668346452572582
    endloop
  endfacet
  facet normal 1 0 0
    outer loop
      vertex 241.3 14.717599999999997 5
      vertex 241.3 11.3052 5
      vertex 241.3 11.272534976685485 4.668346452572582
    endloop
  endfacet
  facet normal 1 0 0
    outer loop
      vertex 241.3 5.457499999999996 2.5
      vertex 241.3 9.605199999999996 3.3
      vertex 241.3 9.273546452572582 3.332665023314508
    endloop
  endfacet
  facet normal 1 0 0
    outer loop
      vertex 241.3 5.457499999999996 2.5
      vertex 241.3 9.273546452572582 3.332665023314508
      vertex 241.3 8.954638164979343 3.4294047947308126
    endloop
  endfacet
  facet normal 1 0 0
    outer loop
      vertex 241.3 5.457499999999996 2.5
      vertex 241.3 8.954638164979343 3.4294047947308126
      vertex 241.3 8.660730603866675 3.5865016590856733
    endloop
  endfacet
  facet normal 1 0 0
    outer loop
      vertex 241.3 5.457499999999996 2.5
      vertex 241.3 8.660730603866675 3.5865016590856733
      vertex 241.3 8.403118471982864 3.797918471982869
    endloop
  endfacet
  facet normal 1 0 0
    outer loop
      vertex 241.3 5.457499999999996 2.5
      vertex 241.3 8.403118471982864 3.797918471982869
      vertex 241.3 8.191701659085666 4.055530603866677
    endloop
  endfacet
  facet normal 1 0 0
    outer loop
      vertex 241.3 5.457499999999996 2.5
      vertex 241.3 8.191701659085666 4.055530603866677
      vertex 241.3 8.03460479473081 4.349438164979348
    endloop
  endfacet
  facet normal -1 0 0
    outer loop
      vertex 235.3 0 2.5
      vertex 235.3 7.342458300203042 2.7372583002030475
      vertex 235.3 7.631558375475464 2.5
    endloop
  endfacet
  facet normal -1 0 0
    outer loop
      vertex 235.3 0 2.5
      vertex 235.3 6.944497240631854 3.222175254337273
      vertex 235.3 7.342458300203042 2.7372583002030475
    endloop
  endfacet
  facet normal -1 0 0
    outer loop
      vertex 235.3 0 2.5
      vertex 235.3 6.648785495963878 3.7754130164317123
      vertex 235.3 6.944497240631854 3.222175254337273
    endloop
  endfacet
  facet normal -1 0 0
    outer loop
      vertex 235.3 0 2.5
      vertex 235.3 6.466687102709656 4.37571096954839
      vertex 235.3 6.648785495963878 3.7754130164317123
    endloop
  endfacet
  facet normal 1 0 0
    outer loop
      vertex 241.3 0 2
      vertex 241.3 5.457499999999996 2.5
      vertex 241.3 0 10
    endloop
  endfacet
  facet normal 0 -1 0
    outer loop
      vertex 241.3 0 2
      vertex 241.3 0 10
      vertex 239.8 0 2.5
    endloop
  endfacet
  facet normal 0 1 0
    outer loop
      vertex 235.3 43.66 2.5
      vertex 241.3 43.66 10
      vertex 241.3 43.66 2.5
    endloop
  endfacet
  facet normal -1 0 0
    outer loop
      vertex 235.3 43.66 2.5
      vertex 235.3 37.254799999999996 5
      vertex 235.3 43.66 10
    endloop
  endfacet
  facet normal 1 0 0
    outer loop
      vertex 241.3 43.66 2.5
      vertex 241.3 43.66 10
      vertex 241.3 35.625395205269186 5.650561835020652
    endloop
  endfacet
  facet normal -1 0 0
    outer loop
      vertex 235.3 43.66 10
      vertex 235.3 37.254799999999996 5
      vertex 235.3 37.19331289729033 5.62428903045161
    endloop
  endfacet
  facet normal -1 0 0
    outer loop
      vertex 235.3 43.66 10
      vertex 235.3 37.19331289729033 5.62428903045161
      vertex 235.3 37.01121450403612 6.224586983568288
    endloop
  endfacet
  facet normal 1 0 0
    outer loop
      vertex 241.3 43.66 10
      vertex 241.3 35.46829834091432 5.944469396133323
      vertex 241.3 35.625395205269186 5.650561835020652
    endloop
  endfacet
  facet normal 1 0 0
    outer loop
      vertex 241.3 43.66 10
      vertex 241.3 35.256881528017125 6.202081528017131
      vertex 241.3 35.46829834091432 5.944469396133323
    endloop
  endfacet
  facet normal 1 0 0
    outer loop
      vertex 241.3 43.66 10
      vertex 241.3 28.80842540378444 5.5
      vertex 241.3 28.908325826289065 5.258819045102521
    endloop
  endfacet
  facet normal 1 0 0
    outer loop
      vertex 241.3 43.66 10
      vertex 241.3 28.649506781186545 5.707106781186548
      vertex 241.3 28.80842540378444 5.5
    endloop
  endfacet
  facet normal 1 0 0
    outer loop
      vertex 241.3 43.66 10
      vertex 241.3 28.908325826289065 5.258819045102521
      vertex 241.3 33.72314645257258 6.667334976685492
    endloop
  endfacet
  facet normal 1 0 0
    outer loop
      vertex 241.3 43.66 10
      vertex 241.3 28.4424 5.866025403784438
      vertex 241.3 28.649506781186545 5.707106781186548
    endloop
  endfacet
  facet normal 1 0 0
    outer loop
      vertex 241.3 43.66 10
      vertex 241.3 28.20121904510252 5.965925826289069
      vertex 241.3 28.4424 5.866025403784438
    endloop
  endfacet
  facet normal 1 0 0
    outer loop
      vertex 241.3 43.66 10
      vertex 241.3 27.9424 6
      vertex 241.3 28.20121904510252 5.965925826289069
    endloop
  endfacet
  facet normal 1 0 0
    outer loop
      vertex 241.3 32.3548 5
      vertex 241.3 32.387465023314505 5.331653547427418
      vertex 241.3 28.9424 5
    endloop
  endfacet
  facet normal 1 0 0
    outer loop
      vertex 241.3 32.387465023314505 5.331653547427418
      vertex 241.3 28.908325826289065 5.258819045102521
      vertex 241.3 28.9424 5
    endloop
  endfacet
  facet normal -1 0 0
    outer loop
      vertex 235.3 30.854799999999997 5
      vertex 235.3 28.80842540378444 5.5
      vertex 235.3 30.91628710270966 5.62428903045161
    endloop
  endfacet
  facet normal 1 0 0
    outer loop
      vertex 241.3 32.387465023314505 5.331653547427418
      vertex 241.3 32.48420479473081 5.650561835020652
      vertex 241.3 28.908325826289065 5.258819045102521
    endloop
  endfacet
  facet normal 1 0 0
    outer loop
      vertex 241.3 32.48420479473081 5.650561835020652
      vertex 241.3 32.64130165908567 5.944469396133323
      vertex 241.3 28.908325826289065 5.258819045102521
    endloop
  endfacet
  facet normal -1 0 0
    outer loop
      vertex 235.3 30.854799999999997 5
      vertex 235.3 28.9424 5
      vertex 235.3 28.908325826289065 5.258819045102521
    endloop
  endfacet
  facet normal -1 0 0
    outer loop
      vertex 235.3 30.854799999999997 5
      vertex 235.3 28.908325826289065 5.258819045102521
      vertex 235.3 28.80842540378444 5.5
    endloop
  endfacet
  facet normal -1 0 0
    outer loop
      vertex 235.3 30.91628710270966 5.62428903045161
      vertex 235.3 28.80842540378444 5.5
      vertex 235.3 28.649506781186545 5.707106781186548
    endloop
  endfacet
  facet normal 1 0 0
    outer loop
      vertex 241.3 28.908325826289065 5.258819045102521
      vertex 241.3 32.64130165908567 5.944469396133323
      vertex 241.3 32.85271847198287 6.202081528017131
    endloop
  endfacet
  facet normal -1 0 0
    outer loop
      vertex 235.3 30.91628710270966 5.62428903045161
      vertex 235.3 28.649506781186545 5.707106781186548
      vertex 235.3 31.09838549596388 6.224586983568288
    endloop
  endfacet
  facet normal 1 0 0
    outer loop
      vertex 241.3 28.908325826289065 5.258819045102521
      vertex 241.3 32.85271847198287 6.202081528017131
      vertex 241.3 33.11033060386667 6.413498340914327
    endloop
  endfacet
  facet normal 1 0 0
    outer loop
      vertex 241.3 28.908325826289065 5.258819045102521
      vertex 241.3 33.11033060386667 6.413498340914327
      vertex 241.3 33.40423816497935 6.570595205269187
    endloop
  endfacet
  facet normal 1 0 0
    outer loop
      vertex 241.3 28.908325826289065 5.258819045102521
      vertex 241.3 33.40423816497935 6.570595205269187
      vertex 241.3 33.72314645257258 6.667334976685492
    endloop
  endfacet
  facet normal -1 0 0
    outer loop
      vertex 235.3 28.649506781186545 5.707106781186548
      vertex 235.3 28.4424 5.866025403784438
      vertex 235.3 31.09838549596388 6.224586983568288
    endloop
  endfacet
  facet normal -1 0 0
    outer loop
      vertex 235.3 28.4424 5.866025403784438
      vertex 235.3 28.20121904510252 5.965925826289069
      vertex 235.3 31.39409724063185 6.777824745662727
    endloop
  endfacet
  facet normal -1 0 0
    outer loop
      vertex 235.3 26.9424 5
      vertex 235.3 24.968512897290335 5.62428903045161
      vertex 235.3 26.97647417371093 5.258819045102521
    endloop
  endfacet
  facet normal -1 0 0
    outer loop
      vertex 235.3 26.9424 5
      vertex 235.3 25.029999999999998 5
      vertex 235.3 24.968512897290335 5.62428903045161
    endloop
  endfacet
  facet normal 1 0 0
    outer loop
      vertex 241.3 26.9424 5
      vertex 241.3 26.97647417371093 5.258819045102521
      vertex 241.3 23.529999999999998 5
    endloop
  endfacet
  facet normal 1 0 0
    outer loop
      vertex 241.3 26.97647417371093 5.258819045102521
      vertex 241.3 23.49733497668549 5.331653547427418
      vertex 241.3 23.529999999999998 5
    endloop
  endfacet
  facet normal -1 0 0
    outer loop
      vertex 235.3 26.97647417371093 5.258819045102521
      vertex 235.3 24.968512897290335 5.62428903045161
      vertex 235.3 27.07637459621556 5.5
    endloop
  endfacet
  facet normal 1 0 0
    outer loop
      vertex 241.3 27.07637459621556 5.5
      vertex 241.3 27.235293218813453 5.707106781186548
      vertex 241.3 23.49733497668549 5.331653547427418
    endloop
  endfacet
  facet normal 1 0 0
    outer loop
      vertex 241.3 26.97647417371093 5.258819045102521
      vertex 241.3 27.07637459621556 5.5
      vertex 241.3 23.49733497668549 5.331653547427418
    endloop
  endfacet
  facet normal 1 0 0
    outer loop
      vertex 241.3 27.235293218813453 5.707106781186548
      vertex 241.3 23.400595205269184 5.650561835020652
      vertex 241.3 23.49733497668549 5.331653547427418
    endloop
  endfacet
  facet normal -1 0 0
    outer loop
      vertex 235.3 27.07637459621556 5.5
      vertex 235.3 24.786414504036117 6.224586983568288
      vertex 235.3 27.235293218813453 5.707106781186548
    endloop
  endfacet
  facet normal 1 0 0
    outer loop
      vertex 241.3 23.243498340914325 5.944469396133323
      vertex 241.3 27.235293218813453 5.707106781186548
      vertex 241.3 27.4424 5.866025403784438
    endloop
  endfacet
  facet normal 1 0 0
    outer loop
      vertex 241.3 23.243498340914325 5.944469396133323
      vertex 241.3 27.4424 5.866025403784438
      vertex 241.3 27.68358095489748 5.965925826289069
    endloop
  endfacet
  facet normal -1 0 0
    outer loop
      vertex 235.3 27.07637459621556 5.5
      vertex 235.3 24.968512897290335 5.62428903045161
      vertex 235.3 24.786414504036117 6.224586983568288
    endloop
  endfacet
  facet normal 1 0 0
    outer loop
      vertex 241.3 27.235293218813453 5.707106781186548
      vertex 241.3 23.243498340914325 5.944469396133323
      vertex 241.3 23.400595205269184 5.650561835020652
    endloop
  endfacet
  facet normal -1 0 0
    outer loop
      vertex 235.3 24.490702759368144 6.777824745662727
      vertex 235.3 27.9424 6
      vertex 235.3 27.68358095489748 5.965925826289069
    endloop
  endfacet
  facet normal -1 0 0
    outer loop
      vertex 235.3 27.235293218813453 5.707106781186548
      vertex 235.3 24.490702759368144 6.777824745662727
      vertex 235.3 27.4424 5.866025403784438
    endloop
  endfacet
  facet normal -1 0 0
    outer loop
      vertex 235.3 24.490702759368144 6.777824745662727
      vertex 235.3 27.68358095489748 5.965925826289069
      vertex 235.3 27.4424 5.866025403784438
    endloop
  endfacet
  facet normal 1 0 0
    outer loop
      vertex 241.3 23.243498340914325 5.944469396133323
      vertex 241.3 27.68358095489748 5.965925826289069
      vertex 241.3 27.9424 6
    endloop
  endfacet
  facet normal -1 0 0
    outer loop
      vertex 235.3 27.235293218813453 5.707106781186548
      vertex 235.3 24.786414504036117 6.224586983568288
      vertex 235.3 24.490702759368144 6.777824745662727
    endloop
  endfacet
  facet normal -1 0 0
    outer loop
      vertex 235.3 28.4424 5.866025403784438
      vertex 235.3 31.39409724063185 6.777824745662727
      vertex 235.3 31.09838549596388 6.224586983568288
    endloop
  endfacet
  facet normal -1 0 0
    outer loop
      vertex 235.3 31.39409724063185 6.777824745662727
      vertex 235.3 28.20121904510252 5.965925826289069
      vertex 235.3 31.792058300203045 7.262741699796953
    endloop
  endfacet
  facet normal -1 0 0
    outer loop
      vertex 235.3 31.792058300203045 7.262741699796953
      vertex 235.3 28.20121904510252 5.965925826289069
      vertex 235.3 27.9424 6
    endloop
  endfacet
  facet normal -1 0 0
    outer loop
      vertex 235.3 24.490702759368144 6.777824745662727
      vertex 235.3 32.27697525433727 7.660702759368145
      vertex 235.3 27.9424 6
    endloop
  endfacet
  facet normal -1 0 0
    outer loop
      vertex 235.3 31.792058300203045 7.262741699796953
      vertex 235.3 27.9424 6
      vertex 235.3 32.27697525433727 7.660702759368145
    endloop
  endfacet
  facet normal 1 0 0
    outer loop
      vertex 241.3 43.66 10
      vertex 241.3 23.243498340914325 5.944469396133323
      vertex 241.3 27.9424 6
    endloop
  endfacet
  facet normal -1 0 0
    outer loop
      vertex 235.3 24.490702759368144 6.777824745662727
      vertex 235.3 32.83021301643171 7.956414504036118
      vertex 235.3 32.27697525433727 7.660702759368145
    endloop
  endfacet
  facet normal 1 0 0
    outer loop
      vertex 241.3 43.66 10
      vertex 241.3 23.03208152801713 6.202081528017131
      vertex 241.3 23.243498340914325 5.944469396133323
    endloop
  endfacet
  facet normal 1 0 0
    outer loop
      vertex 241.3 43.66 10
      vertex 241.3 15.717599999999997 6
      vertex 241.3 15.976419045102517 5.965925826289069
    endloop
  endfacet
  facet normal 1 0 0
    outer loop
      vertex 241.3 43.66 10
      vertex 241.3 15.458780954897477 5.965925826289069
      vertex 241.3 15.717599999999997 6
    endloop
  endfacet
  facet normal 1 0 0
    outer loop
      vertex 241.3 43.66 10
      vertex 241.3 10.549669396133318 6.413498340914327
      vertex 241.3 15.458780954897477 5.965925826289069
    endloop
  endfacet
  facet normal 0 1 0
    outer loop
      vertex 235.3 43.66 2.5
      vertex 235.3 43.66 10
      vertex 241.3 43.66 10
    endloop
  endfacet
  facet normal -1 0 0
    outer loop
      vertex 235.3 43.66 10
      vertex 235.3 37.01121450403612 6.224586983568288
      vertex 235.3 36.71550275936814 6.777824745662727
    endloop
  endfacet
  facet normal -1 0 0
    outer loop
      vertex 235.3 43.66 10
      vertex 235.3 36.71550275936814 6.777824745662727
      vertex 235.3 36.31754169979695 7.262741699796953
    endloop
  endfacet
  facet normal -1 0 0
    outer loop
      vertex 235.3 43.66 10
      vertex 235.3 36.31754169979695 7.262741699796953
      vertex 235.3 35.83262474566273 7.660702759368145
    endloop
  endfacet
  facet normal -1 0 0
    outer loop
      vertex 235.3 43.66 10
      vertex 235.3 35.83262474566273 7.660702759368145
      vertex 235.3 35.27938698356829 7.956414504036118
    endloop
  endfacet
  facet normal 1 0 0
    outer loop
      vertex 241.3 43.66 10
      vertex 241.3 34.99926939613332 6.413498340914327
      vertex 241.3 35.256881528017125 6.202081528017131
    endloop
  endfacet
  facet normal 1 0 0
    outer loop
      vertex 241.3 43.66 10
      vertex 241.3 34.70536183502065 6.570595205269187
      vertex 241.3 34.99926939613332 6.413498340914327
    endloop
  endfacet
  facet normal 1 0 0
    outer loop
      vertex 241.3 43.66 10
      vertex 241.3 34.386453547427415 6.667334976685492
      vertex 241.3 34.70536183502065 6.570595205269187
    endloop
  endfacet
  facet normal 1 0 0
    outer loop
      vertex 241.3 43.66 10
      vertex 241.3 34.0548 6.7
      vertex 241.3 34.386453547427415 6.667334976685492
    endloop
  endfacet
  facet normal 1 0 0
    outer loop
      vertex 241.3 43.66 10
      vertex 241.3 33.72314645257258 6.667334976685492
      vertex 241.3 34.0548 6.7
    endloop
  endfacet
  facet normal -1 0 0
    outer loop
      vertex 235.3 43.66 10
      vertex 235.3 35.27938698356829 7.956414504036118
      vertex 235.3 34.67908903045161 8.138512897290337
    endloop
  endfacet
  facet normal -1 0 0
    outer loop
      vertex 235.3 43.66 10
      vertex 235.3 33.430510969548386 8.138512897290337
      vertex 235.3 24.490702759368144 6.777824745662727
    endloop
  endfacet
  facet normal -1 0 0
    outer loop
      vertex 235.3 43.66 10
      vertex 235.3 34.67908903045161 8.138512897290337
      vertex 235.3 34.0548 8.2
    endloop
  endfacet
  facet normal -1 0 0
    outer loop
      vertex 235.3 43.66 10
      vertex 235.3 34.0548 8.2
      vertex 235.3 33.430510969548386 8.138512897290337
    endloop
  endfacet
  facet normal -1 0 0
    outer loop
      vertex 235.3 24.490702759368144 6.777824745662727
      vertex 235.3 33.430510969548386 8.138512897290337
      vertex 235.3 32.83021301643171 7.956414504036118
    endloop
  endfacet
  facet normal -1 0 0
    outer loop
      vertex 235.3 43.66 10
      vertex 235.3 24.490702759368144 6.777824745662727
      vertex 235.3 24.09274169979695 7.262741699796953
    endloop
  endfacet
  facet normal 1 0 0
    outer loop
      vertex 241.3 43.66 10
      vertex 241.3 22.774469396133323 6.413498340914327
      vertex 241.3 23.03208152801713 6.202081528017131
    endloop
  endfacet
  facet normal 1 0 0
    outer loop
      vertex 241.3 43.66 10
      vertex 241.3 22.48056183502065 6.570595205269187
      vertex 241.3 22.774469396133323 6.413498340914327
    endloop
  endfacet
  facet normal 1 0 0
    outer loop
      vertex 241.3 43.66 10
      vertex 241.3 22.161653547427417 6.667334976685492
      vertex 241.3 22.48056183502065 6.570595205269187
    endloop
  endfacet
  facet normal 1 0 0
    outer loop
      vertex 241.3 43.66 10
      vertex 241.3 21.83 6.7
      vertex 241.3 22.161653547427417 6.667334976685492
    endloop
  endfacet
  facet normal 1 0 0
    outer loop
      vertex 241.3 43.66 10
      vertex 241.3 21.49834645257258 6.667334976685492
      vertex 241.3 21.83 6.7
    endloop
  endfacet
  facet normal -1 0 0
    outer loop
      vertex 235.3 43.66 10
      vertex 235.3 24.09274169979695 7.262741699796953
      vertex 235.3 23.607824745662725 7.660702759368145
    endloop
  endfacet
  facet normal -1 0 0
    outer loop
      vertex 235.3 43.66 10
      vertex 235.3 23.607824745662725 7.660702759368145
      vertex 235.3 23.054586983568285 7.956414504036118
    endloop
  endfacet
  facet normal -1 0 0
    outer loop
      vertex 235.3 43.66 10
      vertex 235.3 23.054586983568285 7.956414504036118
      vertex 235.3 22.45428903045161 8.138512897290337
    endloop
  endfacet
  facet normal 1 0 0
    outer loop
      vertex 241.3 43.66 10
      vertex 241.3 15.976419045102517 5.965925826289069
      vertex 241.3 21.49834645257258 6.667334976685492
    endloop
  endfacet
  facet normal -1 0 0
    outer loop
      vertex 235.3 43.66 10
      vertex 235.3 21.83 8.2
      vertex 235.3 10.829786983568283 7.956414504036118
    endloop
  endfacet
  facet normal -1 0 0
    outer loop
      vertex 235.3 43.66 10
      vertex 235.3 22.45428903045161 8.138512897290337
      vertex 235.3 21.83 8.2
    endloop
  endfacet
  facet normal 0 0 1
    outer loop
      vertex 235.3 43.66 10
      vertex 235.3 0 10
      vertex 241.3 43.66 10
    endloop
  endfacet
  facet normal 1 0 0
    outer loop
      vertex 241.3 20.259404794730813 5.650561835020652
      vertex 241.3 16.717599999999997 5
      vertex 241.3 16.683525826289067 4.741180954897479
    endloop
  endfacet
  facet normal 1 0 0
    outer loop
      vertex 241.3 16.583625403784435 4.5
      vertex 241.3 20.162665023314506 5.331653547427418
      vertex 241.3 20.259404794730813 5.650561835020652
    endloop
  endfacet
  facet normal 1 0 0
    outer loop
      vertex 241.3 20.259404794730813 5.650561835020652
      vertex 241.3 16.683525826289067 5.258819045102521
      vertex 241.3 16.717599999999997 5
    endloop
  endfacet
  facet normal -1 0 0
    outer loop
      vertex 235.3 18.63 5
      vertex 235.3 16.717599999999997 5
      vertex 235.3 16.683525826289067 5.258819045102521
    endloop
  endfacet
  facet normal -1 0 0
    outer loop
      vertex 235.3 18.63 5
      vertex 235.3 16.683525826289067 5.258819045102521
      vertex 235.3 16.583625403784435 5.5
    endloop
  endfacet
  facet normal -1 0 0
    outer loop
      vertex 235.3 18.63 5
      vertex 235.3 16.583625403784435 5.5
      vertex 235.3 18.69148710270966 5.62428903045161
    endloop
  endfacet
  facet normal 1 0 0
    outer loop
      vertex 241.3 20.259404794730813 5.650561835020652
      vertex 241.3 16.583625403784435 5.5
      vertex 241.3 16.683525826289067 5.258819045102521
    endloop
  endfacet
  facet normal -1 0 0
    outer loop
      vertex 235.3 18.69148710270966 5.62428903045161
      vertex 235.3 16.583625403784435 5.5
      vertex 235.3 16.424706781186543 5.707106781186548
    endloop
  endfacet
  facet normal 1 0 0
    outer loop
      vertex 241.3 16.424706781186543 5.707106781186548
      vertex 241.3 20.41650165908567 5.944469396133323
      vertex 241.3 20.627918471982866 6.202081528017131
    endloop
  endfacet
  facet normal 1 0 0
    outer loop
      vertex 241.3 16.217599999999997 5.866025403784438
      vertex 241.3 20.627918471982866 6.202081528017131
      vertex 241.3 20.885530603866673 6.413498340914327
    endloop
  endfacet
  facet normal -1 0 0
    outer loop
      vertex 235.3 18.69148710270966 5.62428903045161
      vertex 235.3 16.424706781186543 5.707106781186548
      vertex 235.3 18.87358549596388 6.224586983568288
    endloop
  endfacet
  facet normal 1 0 0
    outer loop
      vertex 241.3 20.259404794730813 5.650561835020652
      vertex 241.3 20.41650165908567 5.944469396133323
      vertex 241.3 16.583625403784435 5.5
    endloop
  endfacet
  facet normal 1 0 0
    outer loop
      vertex 241.3 16.583625403784435 5.5
      vertex 241.3 20.41650165908567 5.944469396133323
      vertex 241.3 16.424706781186543 5.707106781186548
    endloop
  endfacet
  facet normal 1 0 0
    outer loop
      vertex 241.3 16.424706781186543 5.707106781186548
      vertex 241.3 20.627918471982866 6.202081528017131
      vertex 241.3 16.217599999999997 5.866025403784438
    endloop
  endfacet
  facet normal -1 0 0
    outer loop
      vertex 235.3 16.424706781186543 5.707106781186548
      vertex 235.3 16.217599999999997 5.866025403784438
      vertex 235.3 18.87358549596388 6.224586983568288
    endloop
  endfacet
  facet normal -1 0 0
    outer loop
      vertex 235.3 16.217599999999997 5.866025403784438
      vertex 235.3 15.976419045102517 5.965925826289069
      vertex 235.3 19.169297240631852 6.777824745662727
    endloop
  endfacet
  facet normal 1 0 0
    outer loop
      vertex 241.3 20.885530603866673 6.413498340914327
      vertex 241.3 15.976419045102517 5.965925826289069
      vertex 241.3 16.217599999999997 5.866025403784438
    endloop
  endfacet
  facet normal -1 0 0
    outer loop
      vertex 235.3 14.717599999999997 5
      vertex 235.3 12.743712897290333 5.62428903045161
      vertex 235.3 14.751674173710928 5.258819045102521
    endloop
  endfacet
  facet normal -1 0 0
    outer loop
      vertex 235.3 14.751674173710928 5.258819045102521
      vertex 235.3 12.743712897290333 5.62428903045161
      vertex 235.3 14.85157459621556 5.5
    endloop
  endfacet
  facet normal 1 0 0
    outer loop
      vertex 241.3 14.85157459621556 5.5
      vertex 241.3 15.010493218813451 5.707106781186548
      vertex 241.3 11.175795205269182 5.650561835020652
    endloop
  endfacet
  facet normal -1 0 0
    outer loop
      vertex 235.3 14.717599999999997 5
      vertex 235.3 12.805199999999996 5
      vertex 235.3 12.743712897290333 5.62428903045161
    endloop
  endfacet
  facet normal 1 0 0
    outer loop
      vertex 241.3 14.717599999999997 5
      vertex 241.3 14.751674173710928 5.258819045102521
      vertex 241.3 11.3052 5
    endloop
  endfacet
  facet normal 1 0 0
    outer loop
      vertex 241.3 14.751674173710928 5.258819045102521
      vertex 241.3 11.272534976685485 5.331653547427418
      vertex 241.3 11.3052 5
    endloop
  endfacet
  facet normal 1 0 0
    outer loop
      vertex 241.3 14.751674173710928 5.258819045102521
      vertex 241.3 14.85157459621556 5.5
      vertex 241.3 11.272534976685485 5.331653547427418
    endloop
  endfacet
  facet normal 1 0 0
    outer loop
      vertex 241.3 14.85157459621556 5.5
      vertex 241.3 11.175795205269182 5.650561835020652
      vertex 241.3 11.272534976685485 5.331653547427418
    endloop
  endfacet
  facet normal -1 0 0
    outer loop
      vertex 235.3 14.85157459621556 5.5
      vertex 235.3 12.561614504036115 6.224586983568288
      vertex 235.3 15.010493218813451 5.707106781186548
    endloop
  endfacet
  facet normal 1 0 0
    outer loop
      vertex 241.3 15.217599999999997 5.866025403784438
      vertex 241.3 11.018698340914327 5.944469396133323
      vertex 241.3 15.010493218813451 5.707106781186548
    endloop
  endfacet
  facet normal -1 0 0
    outer loop
      vertex 235.3 15.010493218813451 5.707106781186548
      vertex 235.3 12.265902759368142 6.777824745662727
      vertex 235.3 15.217599999999997 5.866025403784438
    endloop
  endfacet
  facet normal -1 0 0
    outer loop
      vertex 235.3 15.217599999999997 5.866025403784438
      vertex 235.3 12.265902759368142 6.777824745662727
      vertex 235.3 15.458780954897477 5.965925826289069
    endloop
  endfacet
  facet normal 1 0 0
    outer loop
      vertex 241.3 15.217599999999997 5.866025403784438
      vertex 241.3 15.458780954897477 5.965925826289069
      vertex 241.3 10.549669396133318 6.413498340914327
    endloop
  endfacet
  facet normal -1 0 0
    outer loop
      vertex 235.3 14.85157459621556 5.5
      vertex 235.3 12.743712897290333 5.62428903045161
      vertex 235.3 12.561614504036115 6.224586983568288
    endloop
  endfacet
  facet normal 1 0 0
    outer loop
      vertex 241.3 15.010493218813451 5.707106781186548
      vertex 241.3 11.018698340914327 5.944469396133323
      vertex 241.3 11.175795205269182 5.650561835020652
    endloop
  endfacet
  facet normal -1 0 0
    outer loop
      vertex 235.3 15.010493218813451 5.707106781186548
      vertex 235.3 12.561614504036115 6.224586983568288
      vertex 235.3 12.265902759368142 6.777824745662727
    endloop
  endfacet
  facet normal 1 0 0
    outer loop
      vertex 241.3 15.217599999999997 5.866025403784438
      vertex 241.3 10.807281528017128 6.202081528017131
      vertex 241.3 11.018698340914327 5.944469396133323
    endloop
  endfacet
  facet normal 1 0 0
    outer loop
      vertex 241.3 15.217599999999997 5.866025403784438
      vertex 241.3 10.549669396133318 6.413498340914327
      vertex 241.3 10.807281528017128 6.202081528017131
    endloop
  endfacet
  facet normal 1 0 0
    outer loop
      vertex 241.3 20.885530603866673 6.413498340914327
      vertex 241.3 21.179438164979345 6.570595205269187
      vertex 241.3 15.976419045102517 5.965925826289069
    endloop
  endfacet
  facet normal 1 0 0
    outer loop
      vertex 241.3 21.179438164979345 6.570595205269187
      vertex 241.3 21.49834645257258 6.667334976685492
      vertex 241.3 15.976419045102517 5.965925826289069
    endloop
  endfacet
  facet normal -1 0 0
    outer loop
      vertex 235.3 16.217599999999997 5.866025403784438
      vertex 235.3 19.169297240631852 6.777824745662727
      vertex 235.3 18.87358549596388 6.224586983568288
    endloop
  endfacet
  facet normal -1 0 0
    outer loop
      vertex 235.3 15.976419045102517 5.965925826289069
      vertex 235.3 15.717599999999997 6
      vertex 235.3 19.567258300203047 7.262741699796953
    endloop
  endfacet
  facet normal -1 0 0
    outer loop
      vertex 235.3 19.169297240631852 6.777824745662727
      vertex 235.3 15.976419045102517 5.965925826289069
      vertex 235.3 19.567258300203047 7.262741699796953
    endloop
  endfacet
  facet normal -1 0 0
    outer loop
      vertex 235.3 15.458780954897477 5.965925826289069
      vertex 235.3 11.867941699796948 7.262741699796953
      vertex 235.3 15.717599999999997 6
    endloop
  endfacet
  facet normal -1 0 0
    outer loop
      vertex 235.3 15.717599999999997 6
      vertex 235.3 11.867941699796948 7.262741699796953
      vertex 235.3 19.567258300203047 7.262741699796953
    endloop
  endfacet
  facet normal -1 0 0
    outer loop
      vertex 235.3 15.458780954897477 5.965925826289069
      vertex 235.3 12.265902759368142 6.777824745662727
      vertex 235.3 11.867941699796948 7.262741699796953
    endloop
  endfacet
  facet normal -1 0 0
    outer loop
      vertex 235.3 19.567258300203047 7.262741699796953
      vertex 235.3 11.867941699796948 7.262741699796953
      vertex 235.3 11.383024745662723 7.660702759368145
    endloop
  endfacet
  facet normal 1 0 0
    outer loop
      vertex 241.3 5.457499999999996 2.5
      vertex 241.3 8.03460479473081 4.349438164979348
      vertex 241.3 0 10
    endloop
  endfacet
  facet normal 0 -1 0
    outer loop
      vertex 235.3 0 2.5
      vertex 239.8 0 2.5
      vertex 235.3 0 10
    endloop
  endfacet
  facet normal -1 0 0
    outer loop
      vertex 235.3 0 2.5
      vertex 235.3 0 10
      vertex 235.3 6.466687102709656 4.37571096954839
    endloop
  endfacet
  facet normal 1 0 0
    outer loop
      vertex 241.3 0 10
      vertex 241.3 8.191701659085666 5.944469396133323
      vertex 241.3 8.403118471982864 6.202081528017131
    endloop
  endfacet
  facet normal -1 0 0
    outer loop
      vertex 235.3 0 10
      vertex 235.3 6.405199999999994 5
      vertex 235.3 6.466687102709656 4.37571096954839
    endloop
  endfacet
  facet normal 1 0 0
    outer loop
      vertex 241.3 0 10
      vertex 241.3 8.03460479473081 4.349438164979348
      vertex 241.3 7.937865023314508 4.668346452572582
    endloop
  endfacet
  facet normal 1 0 0
    outer loop
      vertex 241.3 0 10
      vertex 241.3 7.937865023314508 4.668346452572582
      vertex 241.3 7.905199999999994 5
    endloop
  endfacet
  facet normal -1 0 0
    outer loop
      vertex 235.3 0 10
      vertex 235.3 6.466687102709656 5.62428903045161
      vertex 235.3 6.405199999999994 5
    endloop
  endfacet
  facet normal 1 0 0
    outer loop
      vertex 241.3 0 10
      vertex 241.3 7.905199999999994 5
      vertex 241.3 7.937865023314508 5.331653547427418
    endloop
  endfacet
  facet normal 1 0 0
    outer loop
      vertex 241.3 0 10
      vertex 241.3 7.937865023314508 5.331653547427418
      vertex 241.3 8.03460479473081 5.650561835020652
    endloop
  endfacet
  facet normal -1 0 0
    outer loop
      vertex 235.3 0 10
      vertex 235.3 6.648785495963878 6.224586983568288
      vertex 235.3 6.466687102709656 5.62428903045161
    endloop
  endfacet
  facet normal 1 0 0
    outer loop
      vertex 241.3 0 10
      vertex 241.3 8.03460479473081 5.650561835020652
      vertex 241.3 8.191701659085666 5.944469396133323
    endloop
  endfacet
  facet normal 1 0 0
    outer loop
      vertex 241.3 43.66 10
      vertex 241.3 10.25576183502065 6.570595205269187
      vertex 241.3 10.549669396133318 6.413498340914327
    endloop
  endfacet
  facet normal 1 0 0
    outer loop
      vertex 241.3 43.66 10
      vertex 241.3 9.936853547427411 6.667334976685492
      vertex 241.3 10.25576183502065 6.570595205269187
    endloop
  endfacet
  facet normal 1 0 0
    outer loop
      vertex 241.3 43.66 10
      vertex 241.3 9.605199999999996 6.7
      vertex 241.3 9.936853547427411 6.667334976685492
    endloop
  endfacet
  facet normal -1 0 0
    outer loop
      vertex 235.3 19.567258300203047 7.262741699796953
      vertex 235.3 11.383024745662723 7.660702759368145
      vertex 235.3 20.05217525433727 7.660702759368145
    endloop
  endfacet
  facet normal -1 0 0
    outer loop
      vertex 235.3 21.83 8.2
      vertex 235.3 21.205710969548388 8.138512897290337
      vertex 235.3 10.829786983568283 7.956414504036118
    endloop
  endfacet
  facet normal -1 0 0
    outer loop
      vertex 235.3 20.05217525433727 7.660702759368145
      vertex 235.3 10.829786983568283 7.956414504036118
      vertex 235.3 20.60541301643171 7.956414504036118
    endloop
  endfacet
  facet normal -1 0 0
    outer loop
      vertex 235.3 20.60541301643171 7.956414504036118
      vertex 235.3 10.829786983568283 7.956414504036118
      vertex 235.3 21.205710969548388 8.138512897290337
    endloop
  endfacet
  facet normal -1 0 0
    outer loop
      vertex 235.3 43.66 10
      vertex 235.3 10.829786983568283 7.956414504036118
      vertex 235.3 10.22948903045161 8.138512897290337
    endloop
  endfacet
  facet normal -1 0 0
    outer loop
      vertex 235.3 20.05217525433727 7.660702759368145
      vertex 235.3 11.383024745662723 7.660702759368145
      vertex 235.3 10.829786983568283 7.956414504036118
    endloop
  endfacet
  facet normal -1 0 0
    outer loop
      vertex 235.3 43.66 10
      vertex 235.3 10.22948903045161 8.138512897290337
      vertex 235.3 9.605199999999996 8.2
    endloop
  endfacet
  facet normal 1 0 0
    outer loop
      vertex 241.3 43.66 10
      vertex 241.3 0 10
      vertex 241.3 9.605199999999996 6.7
    endloop
  endfacet
  facet normal -1 0 0
    outer loop
      vertex 235.3 43.66 10
      vertex 235.3 9.605199999999996 8.2
      vertex 235.3 0 10
    endloop
  endfacet
  facet normal 0 0 1
    outer loop
      vertex 241.3 43.66 10
      vertex 235.3 0 10
      vertex 241.3 0 10
    endloop
  endfacet
  facet normal 1 0 0
    outer loop
      vertex 241.3 0 10
      vertex 241.3 8.403118471982864 6.202081528017131
      vertex 241.3 8.660730603866675 6.413498340914327
    endloop
  endfacet
  facet normal 1 0 0
    outer loop
      vertex 241.3 0 10
      vertex 241.3 9.273546452572582 6.667334976685492
      vertex 241.3 9.605199999999996 6.7
    endloop
  endfacet
  facet normal 1 0 0
    outer loop
      vertex 241.3 0 10
      vertex 241.3 8.660730603866675 6.413498340914327
      vertex 241.3 8.954638164979343 6.570595205269187
    endloop
  endfacet
  facet normal 1 0 0
    outer loop
      vertex 241.3 0 10
      vertex 241.3 8.954638164979343 6.570595205269187
      vertex 241.3 9.273546452572582 6.667334976685492
    endloop
  endfacet
  facet normal -1 0 0
    outer loop
      vertex 235.3 0 10
      vertex 235.3 8.980910969548383 8.138512897290337
      vertex 235.3 8.38061301643171 7.956414504036118
    endloop
  endfacet
  facet normal -1 0 0
    outer loop
      vertex 235.3 0 10
      vertex 235.3 6.944497240631854 6.777824745662727
      vertex 235.3 6.648785495963878 6.224586983568288
    endloop
  endfacet
  facet normal -1 0 0
    outer loop
      vertex 235.3 0 10
      vertex 235.3 7.342458300203042 7.262741699796953
      vertex 235.3 6.944497240631854 6.777824745662727
    endloop
  endfacet
  facet normal 0 -1 0
    outer loop
      vertex 239.8 0 2.5
      vertex 241.3 0 10
      vertex 235.3 0 10
    endloop
  endfacet
  facet normal -1 0 0
    outer loop
      vertex 235.3 0 10
      vertex 235.3 7.827375254337269 7.660702759368145
      vertex 235.3 7.342458300203042 7.262741699796953
    endloop
  endfacet
  facet normal -1 0 0
    outer loop
      vertex 235.3 0 10
      vertex 235.3 8.38061301643171 7.956414504036118
      vertex 235.3 7.827375254337269 7.660702759368145
    endloop
  endfacet
  facet normal -1 0 0
    outer loop
      vertex 235.3 0 10
      vertex 235.3 9.605199999999996 8.2
      vertex 235.3 8.980910969548383 8.138512897290337
    endloop
  endfacet
  facet normal 0 1 0
    outer loop
      vertex 0 43.66 2.5
      vertex 17.75 43.66 5
      vertex 17.75 43.66 2.5
    endloop
  endfacet
  facet normal 0 1 0
    outer loop
      vertex 0 43.66 2.5
      vertex 0 43.66 5
      vertex 17.75 43.66 5
    endloop
  endfacet
  facet normal -1 0 0
    outer loop
      vertex 0 43.66 2.5
      vertex 0 0 2.5
      vertex 0 43.66 5
    endloop
  endfacet
  facet normal 1 0 0
    outer loop
      vertex 17.75 43.66 2.5
      vertex 17.75 43.66 5
      vertex 17.75 0 5
    endloop
  endfacet
  facet normal 1 0 0
    outer loop
      vertex 17.75 43.66 2.5
      vertex 17.75 0 5
      vertex 17.75 0 2.5
    endloop
  endfacet
  facet normal -1 0 0
    outer loop
      vertex 0 0 2.5
      vertex 0 0 5
      vertex 0 43.66 5
    endloop
  endfacet
  facet normal 0 -1 0
    outer loop
      vertex 17.75 0 2.316100290095317
      vertex 0 0 5
      vertex 0 0 2.5
    endloop
  endfacet
  facet normal 0 -1 0
    outer loop
      vertex 17.75 0 2.316100290095317
      vertex 17.75 0 2.5
      vertex 0 0 5
    endloop
  endfacet
  facet normal 0 -1 0
    outer loop
      vertex 17.75 0 2.5
      vertex 17.75 0 5
      vertex 0 0 5
    endloop
  endfacet
  facet normal 0 0 1
    outer loop
      vertex 0 43.66 5
      vertex 6.751530142205591 40.455657780874816 5
      vertex 7.206432300885541 40.73442218224045 5
    endloop
  endfacet
  facet normal 0 0 1
    outer loop
      vertex 0 43.66 5
      vertex 7.206432300885541 40.73442218224045 5
      vertex 7.699342219125179 40.93859215540352 5
    endloop
  endfacet
  facet normal 0 0 1
    outer loop
      vertex 0 43.66 5
      vertex 6.345836943965738 40.10916305603426 5
      vertex 6.751530142205591 40.455657780874816 5
    endloop
  endfacet
  facet normal 0 0 1
    outer loop
      vertex 0 43.66 5
      vertex 5.999342219125179 39.70346985779441 5
      vertex 6.345836943965738 40.10916305603426 5
    endloop
  endfacet
  facet normal 0 0 1
    outer loop
      vertex 0 43.66 5
      vertex 7.699342219125179 40.93859215540352 5
      vertex 17.75 43.66 5
    endloop
  endfacet
  facet normal 0 0 1
    outer loop
      vertex 17.75 43.66 5
      vertex 7.699342219125179 40.93859215540352 5
      vertex 8.218122818863215 41.06314035802347 5
    endloop
  endfacet
  facet normal 0 0 1
    outer loop
      vertex 17.75 43.66 5
      vertex 8.218122818863215 41.06314035802347 5
      vertex 8.75 41.105 5
    endloop
  endfacet
  facet normal 0 0 1
    outer loop
      vertex 17.75 43.66 5
      vertex 8.75 41.105 5
      vertex 9.281877181136785 41.06314035802347 5
    endloop
  endfacet
  facet normal 0 0 1
    outer loop
      vertex 17.75 43.66 5
      vertex 9.281877181136785 41.06314035802347 5
      vertex 9.800657780874822 40.93859215540352 5
    endloop
  endfacet
  facet normal 0 0 1
    outer loop
      vertex 17.75 43.66 5
      vertex 9.800657780874822 40.93859215540352 5
      vertex 10.293567699114458 40.73442218224045 5
    endloop
  endfacet
  facet normal 0 0 1
    outer loop
      vertex 17.75 43.66 5
      vertex 10.293567699114458 40.73442218224045 5
      vertex 10.748469857794408 40.455657780874816 5
    endloop
  endfacet
  facet normal 0 0 1
    outer loop
      vertex 17.75 43.66 5
      vertex 10.748469857794408 40.455657780874816 5
      vertex 11.154163056034262 40.10916305603426 5
    endloop
  endfacet
  facet normal 0 0 1
    outer loop
      vertex 17.75 43.66 5
      vertex 11.154163056034262 40.10916305603426 5
      vertex 11.500657780874821 39.70346985779441 5
    endloop
  endfacet
  facet normal 0 0 1
    outer loop
      vertex 0 43.66 5
      vertex 5.516407844596478 38.75565778087482 5
      vertex 5.720577817759549 39.24856769911446 5
    endloop
  endfacet
  facet normal 0 0 1
    outer loop
      vertex 0 43.66 5
      vertex 5.391859641976532 38.236877181136784 5
      vertex 5.516407844596478 38.75565778087482 5
    endloop
  endfacet
  facet normal 0 0 1
    outer loop
      vertex 0 43.66 5
      vertex 5.35 37.705 5
      vertex 5.391859641976532 38.236877181136784 5
    endloop
  endfacet
  facet normal 0 0 1
    outer loop
      vertex 0 43.66 5
      vertex 5.720577817759549 39.24856769911446 5
      vertex 5.999342219125179 39.70346985779441 5
    endloop
  endfacet
  facet normal 0 0 1
    outer loop
      vertex 0 43.66 5
      vertex 5.391859641976532 37.17312281886321 5
      vertex 5.35 37.705 5
    endloop
  endfacet
  facet normal 0 0 1
    outer loop
      vertex 0 43.66 5
      vertex 5.516407844596478 36.654342219125176 5
      vertex 5.391859641976532 37.17312281886321 5
    endloop
  endfacet
  facet normal 0 0 1
    outer loop
      vertex 0 43.66 5
      vertex 5.720577817759549 36.16143230088554 5
      vertex 5.516407844596478 36.654342219125176 5
    endloop
  endfacet
  facet normal 0 0 1
    outer loop
      vertex 0 43.66 5
      vertex 5.999342219125179 35.70653014220559 5
      vertex 5.720577817759549 36.16143230088554 5
    endloop
  endfacet
  facet normal 0 0 1
    outer loop
      vertex 17.75 43.66 5
      vertex 11.500657780874821 39.70346985779441 5
      vertex 11.77942218224045 39.24856769911446 5
    endloop
  endfacet
  facet normal 0 0 1
    outer loop
      vertex 17.75 43.66 5
      vertex 11.77942218224045 39.24856769911446 5
      vertex 11.983592155403521 38.75565778087482 5
    endloop
  endfacet
  facet normal 0 0 1
    outer loop
      vertex 17.75 43.66 5
      vertex 11.983592155403521 38.75565778087482 5
      vertex 12.10814035802347 38.236877181136784 5
    endloop
  endfacet
  facet normal 0 0 1
    outer loop
      vertex 17.75 43.66 5
      vertex 12.10814035802347 38.236877181136784 5
      vertex 12.15 37.705 5
    endloop
  endfacet
  facet normal 0 0 1
    outer loop
      vertex 17.75 43.66 5
      vertex 12.15 37.705 5
      vertex 12.10814035802347 37.17312281886321 5
    endloop
  endfacet
  facet normal 0 0 1
    outer loop
      vertex 17.75 43.66 5
      vertex 12.10814035802347 37.17312281886321 5
      vertex 11.983592155403521 36.654342219125176 5
    endloop
  endfacet
  facet normal 0 0 1
    outer loop
      vertex 0 43.66 5
      vertex 0 0 5
      vertex 5.999342219125179 35.70653014220559 5
    endloop
  endfacet
  facet normal 0 0 1
    outer loop
      vertex 17.75 43.66 5
      vertex 11.983592155403521 36.654342219125176 5
      vertex 0 0 5
    endloop
  endfacet
  facet normal 0 0 1
    outer loop
      vertex 0 0 5
      vertex 6.345836943965738 35.300836943965734 5
      vertex 5.999342219125179 35.70653014220559 5
    endloop
  endfacet
  facet normal 0 0 1
    outer loop
      vertex 0 0 5
      vertex 6.751530142205591 34.95434221912518 5
      vertex 6.345836943965738 35.300836943965734 5
    endloop
  endfacet
  facet normal 0 0 1
    outer loop
      vertex 0 0 5
      vertex 7.206432300885541 34.675577817759546 5
      vertex 6.751530142205591 34.95434221912518 5
    endloop
  endfacet
  facet normal 0 0 1
    outer loop
      vertex 0 0 5
      vertex 11.154163056034262 35.300836943965734 5
      vertex 10.748469857794408 34.95434221912518 5
    endloop
  endfacet
  facet normal 0 0 1
    outer loop
      vertex 0 0 5
      vertex 10.748469857794408 34.95434221912518 5
      vertex 10.293567699114458 34.675577817759546 5
    endloop
  endfacet
  facet normal 0 0 1
    outer loop
      vertex 0 0 5
      vertex 7.699342219125179 34.47140784459648 5
      vertex 7.206432300885541 34.675577817759546 5
    endloop
  endfacet
  facet normal 0 0 1
    outer loop
      vertex 0 0 5
      vertex 8.218122818863215 34.34685964197653 5
      vertex 7.699342219125179 34.47140784459648 5
    endloop
  endfacet
  facet normal 0 0 1
    outer loop
      vertex 0 0 5
      vertex 8.75 34.305 5
      vertex 8.218122818863215 34.34685964197653 5
    endloop
  endfacet
  facet normal 0 0 1
    outer loop
      vertex 0 0 5
      vertex 9.281877181136785 34.34685964197653 5
      vertex 8.75 34.305 5
    endloop
  endfacet
  facet normal 0 0 1
    outer loop
      vertex 0 0 5
      vertex 9.800657780874822 34.47140784459648 5
      vertex 9.281877181136785 34.34685964197653 5
    endloop
  endfacet
  facet normal 0 0 1
    outer loop
      vertex 0 0 5
      vertex 10.293567699114458 34.675577817759546 5
      vertex 9.800657780874822 34.47140784459648 5
    endloop
  endfacet
  facet normal 0 0 1
    outer loop
      vertex 0 0 5
      vertex 11.983592155403521 36.654342219125176 5
      vertex 11.77942218224045 36.16143230088554 5
    endloop
  endfacet
  facet normal 0 0 1
    outer loop
      vertex 0 0 5
      vertex 11.77942218224045 36.16143230088554 5
      vertex 11.500657780874821 35.70653014220559 5
    endloop
  endfacet
  facet normal 0 0 1
    outer loop
      vertex 0 0 5
      vertex 11.500657780874821 35.70653014220559 5
      vertex 11.154163056034262 35.300836943965734 5
    endloop
  endfacet
  facet normal 0 0 1
    outer loop
      vertex 17.75 43.66 5
      vertex 7.699342219125179 9.18859215540352 5
      vertex 8.218122818863215 9.313140358023468 5
    endloop
  endfacet
  facet normal 0 0 1
    outer loop
      vertex 17.75 43.66 5
      vertex 7.206432300885541 8.98442218224045 5
      vertex 7.699342219125179 9.18859215540352 5
    endloop
  endfacet
  facet normal 0 0 1
    outer loop
      vertex 17.75 43.66 5
      vertex 8.218122818863215 9.313140358023468 5
      vertex 8.75 9.354999999999997 5
    endloop
  endfacet
  facet normal 0 0 1
    outer loop
      vertex 17.75 43.66 5
      vertex 8.75 9.354999999999997 5
      vertex 9.281877181136785 9.313140358023468 5
    endloop
  endfacet
  facet normal 0 0 1
    outer loop
      vertex 17.75 43.66 5
      vertex 9.281877181136785 9.313140358023468 5
      vertex 9.800657780874822 9.18859215540352 5
    endloop
  endfacet
  facet normal 0 0 1
    outer loop
      vertex 17.75 43.66 5
      vertex 9.800657780874822 9.18859215540352 5
      vertex 10.293567699114458 8.98442218224045 5
    endloop
  endfacet
  facet normal 0 0 1
    outer loop
      vertex 17.75 43.66 5
      vertex 6.345836943965738 8.359163056034262 5
      vertex 6.751530142205591 8.705657780874816 5
    endloop
  endfacet
  facet normal 0 0 1
    outer loop
      vertex 17.75 43.66 5
      vertex 6.751530142205591 8.705657780874816 5
      vertex 7.206432300885541 8.98442218224045 5
    endloop
  endfacet
  facet normal 0 0 1
    outer loop
      vertex 17.75 43.66 5
      vertex 5.999342219125179 7.95346985779441 5
      vertex 6.345836943965738 8.359163056034262 5
    endloop
  endfacet
  facet normal 0 0 1
    outer loop
      vertex 17.75 43.66 5
      vertex 5.720577817759549 7.49856769911446 5
      vertex 5.999342219125179 7.95346985779441 5
    endloop
  endfacet
  facet normal 0 0 1
    outer loop
      vertex 17.75 43.66 5
      vertex 5.516407844596478 7.00565778087482 5
      vertex 5.720577817759549 7.49856769911446 5
    endloop
  endfacet
  facet normal 0 0 1
    outer loop
      vertex 17.75 43.66 5
      vertex 10.293567699114458 8.98442218224045 5
      vertex 10.748469857794408 8.705657780874816 5
    endloop
  endfacet
  facet normal 0 0 1
    outer loop
      vertex 17.75 43.66 5
      vertex 10.748469857794408 8.705657780874816 5
      vertex 11.154163056034262 8.359163056034262 5
    endloop
  endfacet
  facet normal 0 0 1
    outer loop
      vertex 17.75 43.66 5
      vertex 11.154163056034262 8.359163056034262 5
      vertex 11.500657780874821 7.95346985779441 5
    endloop
  endfacet
  facet normal 0 0 1
    outer loop
      vertex 17.75 43.66 5
      vertex 11.500657780874821 7.95346985779441 5
      vertex 11.77942218224045 7.49856769911446 5
    endloop
  endfacet
  facet normal 0 0 1
    outer loop
      vertex 17.75 43.66 5
      vertex 11.77942218224045 7.49856769911446 5
      vertex 11.983592155403521 7.00565778087482 5
    endloop
  endfacet
  facet normal 0 0 1
    outer loop
      vertex 17.75 43.66 5
      vertex 11.983592155403521 7.00565778087482 5
      vertex 12.10814035802347 6.486877181136784 5
    endloop
  endfacet
  facet normal 0 0 1
    outer loop
      vertex 17.75 43.66 5
      vertex 12.10814035802347 6.486877181136784 5
      vertex 12.15 5.954999999999998 5
    endloop
  endfacet
  facet normal 0 0 1
    outer loop
      vertex 17.75 43.66 5
      vertex 12.15 5.954999999999998 5
      vertex 12.10814035802347 5.423122818863213 5
    endloop
  endfacet
  facet normal 0 0 1
    outer loop
      vertex 17.75 43.66 5
      vertex 0 0 5
      vertex 5.516407844596478 7.00565778087482 5
    endloop
  endfacet
  facet normal 0 0 1
    outer loop
      vertex 17.75 43.66 5
      vertex 12.10814035802347 5.423122818863213 5
      vertex 17.75 0 5
    endloop
  endfacet
  facet normal 0 0 1
    outer loop
      vertex 0 0 5
      vertex 5.391859641976532 6.486877181136784 5
      vertex 5.516407844596478 7.00565778087482 5
    endloop
  endfacet
  facet normal 0 0 1
    outer loop
      vertex 0 0 5
      vertex 5.35 5.954999999999998 5
      vertex 5.391859641976532 6.486877181136784 5
    endloop
  endfacet
  facet normal 0 0 1
    outer loop
      vertex 0 0 5
      vertex 5.391859641976532 5.423122818863213 5
      vertex 5.35 5.954999999999998 5
    endloop
  endfacet
  facet normal 0 0 1
    outer loop
      vertex 0 0 5
      vertex 5.516407844596478 4.904342219125176 5
      vertex 5.391859641976532 5.423122818863213 5
    endloop
  endfacet
  facet normal 0 0 1
    outer loop
      vertex 0 0 5
      vertex 5.720577817759549 4.4114323008855365 5
      vertex 5.516407844596478 4.904342219125176 5
    endloop
  endfacet
  facet normal 0 0 1
    outer loop
      vertex 0 0 5
      vertex 5.999342219125179 3.9565301422055867 5
      vertex 5.720577817759549 4.4114323008855365 5
    endloop
  endfacet
  facet normal 0 0 1
    outer loop
      vertex 17.75 0 5
      vertex 12.10814035802347 5.423122818863213 5
      vertex 11.983592155403521 4.904342219125176 5
    endloop
  endfacet
  facet normal 0 0 1
    outer loop
      vertex 17.75 0 5
      vertex 11.983592155403521 4.904342219125176 5
      vertex 11.77942218224045 4.4114323008855365 5
    endloop
  endfacet
  facet normal 0 0 1
    outer loop
      vertex 17.75 0 5
      vertex 11.77942218224045 4.4114323008855365 5
      vertex 11.500657780874821 3.9565301422055867 5
    endloop
  endfacet
  facet normal 0 0 1
    outer loop
      vertex 0 0 5
      vertex 6.345836943965738 3.5508369439657343 5
      vertex 5.999342219125179 3.9565301422055867 5
    endloop
  endfacet
  facet normal 0 0 1
    outer loop
      vertex 0 0 5
      vertex 6.751530142205591 3.2043422191251807 5
      vertex 6.345836943965738 3.5508369439657343 5
    endloop
  endfacet
  facet normal 0 0 1
    outer loop
      vertex 0 0 5
      vertex 7.206432300885541 2.925577817759546 5
      vertex 6.751530142205591 3.2043422191251807 5
    endloop
  endfacet
  facet normal 0 0 1
    outer loop
      vertex 0 0 5
      vertex 7.699342219125179 2.7214078445964773 5
      vertex 7.206432300885541 2.925577817759546 5
    endloop
  endfacet
  facet normal 0 0 1
    outer loop
      vertex 0 0 5
      vertex 8.218122818863215 2.596859641976529 5
      vertex 7.699342219125179 2.7214078445964773 5
    endloop
  endfacet
  facet normal 0 0 1
    outer loop
      vertex 0 0 5
      vertex 8.75 2.5549999999999997 5
      vertex 8.218122818863215 2.596859641976529 5
    endloop
  endfacet
  facet normal 0 0 1
    outer loop
      vertex 17.75 0 5
      vertex 11.500657780874821 3.9565301422055867 5
      vertex 11.154163056034262 3.5508369439657343 5
    endloop
  endfacet
  facet normal 0 0 1
    outer loop
      vertex 17.75 0 5
      vertex 11.154163056034262 3.5508369439657343 5
      vertex 10.748469857794408 3.2043422191251807 5
    endloop
  endfacet
  facet normal 0 0 1
    outer loop
      vertex 17.75 0 5
      vertex 9.281877181136785 2.596859641976529 5
      vertex 8.75 2.5549999999999997 5
    endloop
  endfacet
  facet normal 0 0 1
    outer loop
      vertex 17.75 0 5
      vertex 10.293567699114458 2.925577817759546 5
      vertex 9.800657780874822 2.7214078445964773 5
    endloop
  endfacet
  facet normal 0 0 1
    outer loop
      vertex 17.75 0 5
      vertex 10.748469857794408 3.2043422191251807 5
      vertex 10.293567699114458 2.925577817759546 5
    endloop
  endfacet
  facet normal 0 0 1
    outer loop
      vertex 17.75 0 5
      vertex 9.800657780874822 2.7214078445964773 5
      vertex 9.281877181136785 2.596859641976529 5
    endloop
  endfacet
  facet normal 0 0 1
    outer loop
      vertex 0 0 5
      vertex 17.75 0 5
      vertex 8.75 2.5549999999999997 5
    endloop
  endfacet
  facet normal 0.23344536385590944 -0.9723699203976756 -1.7346514369633581e-18
    outer loop
      vertex 7.699342219125179 40.93859215540352 0
      vertex 8.218122818863215 41.06314035802347 0
      vertex 8.218122818863215 41.06314035802347 5
    endloop
  endfacet
  facet normal 0.07845909572784049 -0.9969173337331284 -3.805714261902353e-19
    outer loop
      vertex 8.218122818863215 41.06314035802347 0
      vertex 8.75 41.105 0
      vertex 8.75 41.105 5
    endloop
  endfacet
  facet normal -0.07845909572784049 -0.9969173337331284 3.805714261902353e-19
    outer loop
      vertex 8.75 41.105 0
      vertex 9.281877181136785 41.06314035802347 0
      vertex 9.281877181136785 41.06314035802347 5
    endloop
  endfacet
  facet normal -0.23344536385590905 -0.9723699203976757 1.885077022091681e-18
    outer loop
      vertex 9.281877181136785 41.06314035802347 0
      vertex 9.800657780874822 40.93859215540352 0
      vertex 9.800657780874822 40.93859215540352 5
    endloop
  endfacet
  facet normal 0.38268343236508506 -0.9238795325112886 1.731267254337335e-18
    outer loop
      vertex 7.206432300885541 40.73442218224045 0
      vertex 7.699342219125179 40.93859215540352 0
      vertex 7.699342219125179 40.93859215540352 5
    endloop
  endfacet
  facet normal 0.5224985647159558 -0.8526401643540878 -2.8987224470662277e-18
    outer loop
      vertex 6.751530142205591 40.455657780874816 0
      vertex 7.206432300885541 40.73442218224045 0
      vertex 7.206432300885541 40.73442218224045 5
    endloop
  endfacet
  facet normal 0.6494480483301768 -0.7604059656000367 1.085270831570882e-18
    outer loop
      vertex 6.345836943965738 40.10916305603426 0
      vertex 6.751530142205591 40.455657780874816 0
      vertex 6.751530142205591 40.455657780874816 5
    endloop
  endfacet
  facet normal 0.7604059656000312 -0.6494480483301834 0
    outer loop
      vertex 6.345836943965738 40.10916305603426 0
      vertex 6.345836943965738 40.10916305603426 5
      vertex 5.999342219125179 39.70346985779441 0
    endloop
  endfacet
  facet normal 0.9238795325112874 -0.38268343236508817 0
    outer loop
      vertex 5.720577817759549 39.24856769911446 0
      vertex 5.720577817759549 39.24856769911446 5
      vertex 5.516407844596478 38.75565778087482 0
    endloop
  endfacet
  facet normal 0.8526401643540924 -0.5224985647159486 0
    outer loop
      vertex 5.999342219125179 39.70346985779441 0
      vertex 5.999342219125179 39.70346985779441 5
      vertex 5.720577817759549 39.24856769911446 0
    endloop
  endfacet
  facet normal 0.9723699203976764 -0.23344536385590592 0
    outer loop
      vertex 5.516407844596478 38.75565778087482 0
      vertex 5.516407844596478 38.75565778087482 5
      vertex 5.391859641976532 38.236877181136784 0
    endloop
  endfacet
  facet normal -0.3826834323650863 -0.9238795325112883 -1.0354212559387104e-18
    outer loop
      vertex 9.800657780874822 40.93859215540352 0
      vertex 10.293567699114458 40.73442218224045 0
      vertex 10.293567699114458 40.73442218224045 5
    endloop
  endfacet
  facet normal -0.5224985647159558 -0.8526401643540878 2.8987224470662277e-18
    outer loop
      vertex 10.293567699114458 40.73442218224045 0
      vertex 10.748469857794408 40.455657780874816 0
      vertex 10.748469857794408 40.455657780874816 5
    endloop
  endfacet
  facet normal -0.649448048330176 -0.7604059656000375 -1.9991248253883123e-18
    outer loop
      vertex 10.748469857794408 40.455657780874816 0
      vertex 11.154163056034262 40.10916305603426 0
      vertex 11.154163056034262 40.10916305603426 5
    endloop
  endfacet
  facet normal -0.7604059656000312 -0.6494480483301834 0
    outer loop
      vertex 11.500657780874821 39.70346985779441 0
      vertex 11.500657780874821 39.70346985779441 5
      vertex 11.154163056034262 40.10916305603426 0
    endloop
  endfacet
  facet normal -0.8526401643540924 -0.5224985647159486 0
    outer loop
      vertex 11.77942218224045 39.24856769911446 0
      vertex 11.77942218224045 39.24856769911446 5
      vertex 11.500657780874821 39.70346985779441 0
    endloop
  endfacet
  facet normal -0.923879532511288 -0.3826834323650868 0
    outer loop
      vertex 11.983592155403521 38.75565778087482 0
      vertex 11.983592155403521 38.75565778087482 5
      vertex 11.77942218224045 39.24856769911446 0
    endloop
  endfacet
  facet normal -0.9723699203976757 -0.23344536385590905 0
    outer loop
      vertex 12.10814035802347 38.236877181136784 0
      vertex 12.10814035802347 38.236877181136784 5
      vertex 11.983592155403521 38.75565778087482 0
    endloop
  endfacet
  facet normal 0.9969173337331279 -0.07845909572784544 0
    outer loop
      vertex 5.391859641976532 38.236877181136784 0
      vertex 5.391859641976532 38.236877181136784 5
      vertex 5.35 37.705 0
    endloop
  endfacet
  facet normal 0.9969173337331279 0.07845909572784544 0
    outer loop
      vertex 5.35 37.705 0
      vertex 5.35 37.705 5
      vertex 5.391859641976532 37.17312281886321 0
    endloop
  endfacet
  facet normal 0.9723699203976764 0.23344536385590592 0
    outer loop
      vertex 5.391859641976532 37.17312281886321 0
      vertex 5.391859641976532 37.17312281886321 5
      vertex 5.516407844596478 36.654342219125176 0
    endloop
  endfacet
  facet normal 0.9238795325112874 0.38268343236508817 0
    outer loop
      vertex 5.516407844596478 36.654342219125176 0
      vertex 5.516407844596478 36.654342219125176 5
      vertex 5.720577817759549 36.16143230088554 0
    endloop
  endfacet
  facet normal 0.8526401643540924 0.5224985647159486 0
    outer loop
      vertex 5.720577817759549 36.16143230088554 0
      vertex 5.720577817759549 36.16143230088554 5
      vertex 5.999342219125179 35.70653014220559 0
    endloop
  endfacet
  facet normal 0.7604059656000312 0.6494480483301834 0
    outer loop
      vertex 5.999342219125179 35.70653014220559 0
      vertex 5.999342219125179 35.70653014220559 5
      vertex 6.345836943965738 35.300836943965734 0
    endloop
  endfacet
  facet normal -0.9969173337331281 -0.07845909572784379 0
    outer loop
      vertex 12.15 37.705 0
      vertex 12.15 37.705 5
      vertex 12.10814035802347 38.236877181136784 0
    endloop
  endfacet
  facet normal -0.9969173337331281 0.07845909572784379 0
    outer loop
      vertex 12.10814035802347 37.17312281886321 0
      vertex 12.10814035802347 37.17312281886321 5
      vertex 12.15 37.705 0
    endloop
  endfacet
  facet normal -0.9723699203976757 0.23344536385590905 0
    outer loop
      vertex 11.983592155403521 36.654342219125176 0
      vertex 11.983592155403521 36.654342219125176 5
      vertex 12.10814035802347 37.17312281886321 0
    endloop
  endfacet
  facet normal -0.923879532511288 0.3826834323650868 0
    outer loop
      vertex 11.77942218224045 36.16143230088554 0
      vertex 11.77942218224045 36.16143230088554 5
      vertex 11.983592155403521 36.654342219125176 0
    endloop
  endfacet
  facet normal -0.8526401643540924 0.5224985647159486 0
    outer loop
      vertex 11.500657780874821 35.70653014220559 0
      vertex 11.500657780874821 35.70653014220559 5
      vertex 11.77942218224045 36.16143230088554 0
    endloop
  endfacet
  facet normal 0.6494480483301768 0.7604059656000367 0
    outer loop
      vertex 6.345836943965738 35.300836943965734 0
      vertex 6.345836943965738 35.300836943965734 5
      vertex 6.751530142205591 34.95434221912518 0
    endloop
  endfacet
  facet normal 0.5224985647159558 0.8526401643540878 2.8987224470662277e-18
    outer loop
      vertex 7.206432300885541 34.675577817759546 0
      vertex 6.751530142205591 34.95434221912518 0
      vertex 6.751530142205591 34.95434221912518 5
    endloop
  endfacet
  facet normal 0.38268343236508506 0.9238795325112886 -1.731267254337335e-18
    outer loop
      vertex 7.699342219125179 34.47140784459648 0
      vertex 7.206432300885541 34.675577817759546 0
      vertex 7.206432300885541 34.675577817759546 5
    endloop
  endfacet
  facet normal -0.7604059656000312 0.6494480483301834 -9.409034314932648e-19
    outer loop
      vertex 11.500657780874821 35.70653014220559 0
      vertex 11.154163056034262 35.300836943965734 0
      vertex 11.154163056034262 35.300836943965734 5
    endloop
  endfacet
  facet normal -0.649448048330176 0.7604059656000375 1.9991248253883123e-18
    outer loop
      vertex 11.154163056034262 35.300836943965734 0
      vertex 10.748469857794408 34.95434221912518 0
      vertex 10.748469857794408 34.95434221912518 5
    endloop
  endfacet
  facet normal 0.23344536385590944 0.9723699203976756 1.7346514369633581e-18
    outer loop
      vertex 8.218122818863215 34.34685964197653 0
      vertex 7.699342219125179 34.47140784459648 0
      vertex 7.699342219125179 34.47140784459648 5
    endloop
  endfacet
  facet normal 0.07845909572784049 0.9969173337331284 3.805714261902353e-19
    outer loop
      vertex 8.75 34.305 0
      vertex 8.218122818863215 34.34685964197653 0
      vertex 8.218122818863215 34.34685964197653 5
    endloop
  endfacet
  facet normal -0.07845909572784049 0.9969173337331284 -3.805714261902353e-19
    outer loop
      vertex 9.281877181136785 34.34685964197653 0
      vertex 8.75 34.305 0
      vertex 8.75 34.305 5
    endloop
  endfacet
  facet normal -0.3826834323650863 0.9238795325112883 1.0354212559387104e-18
    outer loop
      vertex 10.293567699114458 34.675577817759546 0
      vertex 9.800657780874822 34.47140784459648 0
      vertex 9.800657780874822 34.47140784459648 5
    endloop
  endfacet
  facet normal -0.5224985647159558 0.8526401643540878 -2.8987224470662277e-18
    outer loop
      vertex 10.748469857794408 34.95434221912518 0
      vertex 10.293567699114458 34.675577817759546 0
      vertex 10.293567699114458 34.675577817759546 5
    endloop
  endfacet
  facet normal -0.23344536385590905 0.9723699203976757 -1.885077022091681e-18
    outer loop
      vertex 9.800657780874822 34.47140784459648 0
      vertex 9.281877181136785 34.34685964197653 0
      vertex 9.281877181136785 34.34685964197653 5
    endloop
  endfacet
  facet normal 0.23344536385590944 -0.9723699203976756 0
    outer loop
      vertex 7.699342219125179 40.93859215540352 0
      vertex 8.218122818863215 41.06314035802347 5
      vertex 7.699342219125179 40.93859215540352 5
    endloop
  endfacet
  facet normal 0.07845909572784049 -0.9969173337331284 0
    outer loop
      vertex 8.218122818863215 41.06314035802347 0
      vertex 8.75 41.105 5
      vertex 8.218122818863215 41.06314035802347 5
    endloop
  endfacet
  facet normal -0.07845909572784049 -0.9969173337331284 0
    outer loop
      vertex 8.75 41.105 0
      vertex 9.281877181136785 41.06314035802347 5
      vertex 8.75 41.105 5
    endloop
  endfacet
  facet normal -0.23344536385590905 -0.9723699203976757 0
    outer loop
      vertex 9.281877181136785 41.06314035802347 0
      vertex 9.800657780874822 40.93859215540352 5
      vertex 9.281877181136785 41.06314035802347 5
    endloop
  endfacet
  facet normal 0.38268343236508506 -0.9238795325112886 0
    outer loop
      vertex 7.206432300885541 40.73442218224045 0
      vertex 7.699342219125179 40.93859215540352 5
      vertex 7.206432300885541 40.73442218224045 5
    endloop
  endfacet
  facet normal 0.5224985647159558 -0.8526401643540878 0
    outer loop
      vertex 6.751530142205591 40.455657780874816 0
      vertex 7.206432300885541 40.73442218224045 5
      vertex 6.751530142205591 40.455657780874816 5
    endloop
  endfacet
  facet normal 0.6494480483301768 -0.7604059656000367 0
    outer loop
      vertex 6.345836943965738 40.10916305603426 0
      vertex 6.751530142205591 40.455657780874816 5
      vertex 6.345836943965738 40.10916305603426 5
    endloop
  endfacet
  facet normal 0.7604059656000312 -0.6494480483301834 0
    outer loop
      vertex 5.999342219125179 39.70346985779441 0
      vertex 6.345836943965738 40.10916305603426 5
      vertex 5.999342219125179 39.70346985779441 5
    endloop
  endfacet
  facet normal 0.9238795325112874 -0.38268343236508817 0
    outer loop
      vertex 5.516407844596478 38.75565778087482 0
      vertex 5.720577817759549 39.24856769911446 5
      vertex 5.516407844596478 38.75565778087482 5
    endloop
  endfacet
  facet normal 0.8526401643540924 -0.5224985647159486 0
    outer loop
      vertex 5.720577817759549 39.24856769911446 0
      vertex 5.999342219125179 39.70346985779441 5
      vertex 5.720577817759549 39.24856769911446 5
    endloop
  endfacet
  facet normal 0.9723699203976764 -0.23344536385590592 0
    outer loop
      vertex 5.391859641976532 38.236877181136784 0
      vertex 5.516407844596478 38.75565778087482 5
      vertex 5.391859641976532 38.236877181136784 5
    endloop
  endfacet
  facet normal -0.3826834323650863 -0.9238795325112883 0
    outer loop
      vertex 9.800657780874822 40.93859215540352 0
      vertex 10.293567699114458 40.73442218224045 5
      vertex 9.800657780874822 40.93859215540352 5
    endloop
  endfacet
  facet normal -0.5224985647159558 -0.8526401643540878 0
    outer loop
      vertex 10.293567699114458 40.73442218224045 0
      vertex 10.748469857794408 40.455657780874816 5
      vertex 10.293567699114458 40.73442218224045 5
    endloop
  endfacet
  facet normal -0.649448048330176 -0.7604059656000375 0
    outer loop
      vertex 10.748469857794408 40.455657780874816 0
      vertex 11.154163056034262 40.10916305603426 5
      vertex 10.748469857794408 40.455657780874816 5
    endloop
  endfacet
  facet normal -0.7604059656000312 -0.6494480483301834 0
    outer loop
      vertex 11.154163056034262 40.10916305603426 0
      vertex 11.500657780874821 39.70346985779441 5
      vertex 11.154163056034262 40.10916305603426 5
    endloop
  endfacet
  facet normal -0.8526401643540924 -0.5224985647159486 0
    outer loop
      vertex 11.500657780874821 39.70346985779441 0
      vertex 11.77942218224045 39.24856769911446 5
      vertex 11.500657780874821 39.70346985779441 5
    endloop
  endfacet
  facet normal -0.923879532511288 -0.3826834323650868 0
    outer loop
      vertex 11.77942218224045 39.24856769911446 0
      vertex 11.983592155403521 38.75565778087482 5
      vertex 11.77942218224045 39.24856769911446 5
    endloop
  endfacet
  facet normal -0.9723699203976757 -0.23344536385590905 0
    outer loop
      vertex 11.983592155403521 38.75565778087482 0
      vertex 12.10814035802347 38.236877181136784 5
      vertex 11.983592155403521 38.75565778087482 5
    endloop
  endfacet
  facet normal 0.9969173337331279 -0.07845909572784544 0
    outer loop
      vertex 5.35 37.705 0
      vertex 5.391859641976532 38.236877181136784 5
      vertex 5.35 37.705 5
    endloop
  endfacet
  facet normal 0.9969173337331279 0.07845909572784544 0
    outer loop
      vertex 5.391859641976532 37.17312281886321 0
      vertex 5.35 37.705 5
      vertex 5.391859641976532 37.17312281886321 5
    endloop
  endfacet
  facet normal 0.9723699203976764 0.23344536385590592 0
    outer loop
      vertex 5.516407844596478 36.654342219125176 0
      vertex 5.391859641976532 37.17312281886321 5
      vertex 5.516407844596478 36.654342219125176 5
    endloop
  endfacet
  facet normal 0.9238795325112874 0.38268343236508817 0
    outer loop
      vertex 5.720577817759549 36.16143230088554 0
      vertex 5.516407844596478 36.654342219125176 5
      vertex 5.720577817759549 36.16143230088554 5
    endloop
  endfacet
  facet normal 0.8526401643540924 0.5224985647159486 0
    outer loop
      vertex 5.999342219125179 35.70653014220559 0
      vertex 5.720577817759549 36.16143230088554 5
      vertex 5.999342219125179 35.70653014220559 5
    endloop
  endfacet
  facet normal -0.9969173337331281 -0.07845909572784379 0
    outer loop
      vertex 12.10814035802347 38.236877181136784 0
      vertex 12.15 37.705 5
      vertex 12.10814035802347 38.236877181136784 5
    endloop
  endfacet
  facet normal -0.9969173337331281 0.07845909572784379 0
    outer loop
      vertex 12.15 37.705 0
      vertex 12.10814035802347 37.17312281886321 5
      vertex 12.15 37.705 5
    endloop
  endfacet
  facet normal -0.9723699203976757 0.23344536385590905 0
    outer loop
      vertex 12.10814035802347 37.17312281886321 0
      vertex 11.983592155403521 36.654342219125176 5
      vertex 12.10814035802347 37.17312281886321 5
    endloop
  endfacet
  facet normal -0.923879532511288 0.3826834323650868 0
    outer loop
      vertex 11.983592155403521 36.654342219125176 0
      vertex 11.77942218224045 36.16143230088554 5
      vertex 11.983592155403521 36.654342219125176 5
    endloop
  endfacet
  facet normal -0.8526401643540924 0.5224985647159486 0
    outer loop
      vertex 11.77942218224045 36.16143230088554 0
      vertex 11.500657780874821 35.70653014220559 5
      vertex 11.77942218224045 36.16143230088554 5
    endloop
  endfacet
  facet normal -0.7604059656000312 0.6494480483301834 0
    outer loop
      vertex 11.500657780874821 35.70653014220559 0
      vertex 11.154163056034262 35.300836943965734 5
      vertex 11.500657780874821 35.70653014220559 5
    endloop
  endfacet
  facet normal 0.7604059656000312 0.6494480483301834 0
    outer loop
      vertex 6.345836943965738 35.300836943965734 0
      vertex 5.999342219125179 35.70653014220559 5
      vertex 6.345836943965738 35.300836943965734 5
    endloop
  endfacet
  facet normal 0.6494480483301768 0.7604059656000367 0
    outer loop
      vertex 6.751530142205591 34.95434221912518 0
      vertex 6.345836943965738 35.300836943965734 5
      vertex 6.751530142205591 34.95434221912518 5
    endloop
  endfacet
  facet normal 0.5224985647159558 0.8526401643540878 0
    outer loop
      vertex 7.206432300885541 34.675577817759546 0
      vertex 6.751530142205591 34.95434221912518 5
      vertex 7.206432300885541 34.675577817759546 5
    endloop
  endfacet
  facet normal 0.38268343236508506 0.9238795325112886 0
    outer loop
      vertex 7.699342219125179 34.47140784459648 0
      vertex 7.206432300885541 34.675577817759546 5
      vertex 7.699342219125179 34.47140784459648 5
    endloop
  endfacet
  facet normal -0.649448048330176 0.7604059656000375 0
    outer loop
      vertex 11.154163056034262 35.300836943965734 0
      vertex 10.748469857794408 34.95434221912518 5
      vertex 11.154163056034262 35.300836943965734 5
    endloop
  endfacet
  facet normal -0.5224985647159558 0.8526401643540878 0
    outer loop
      vertex 10.748469857794408 34.95434221912518 0
      vertex 10.293567699114458 34.675577817759546 5
      vertex 10.748469857794408 34.95434221912518 5
    endloop
  endfacet
  facet normal 0.23344536385590944 0.9723699203976756 0
    outer loop
      vertex 8.218122818863215 34.34685964197653 0
      vertex 7.699342219125179 34.47140784459648 5
      vertex 8.218122818863215 34.34685964197653 5
    endloop
  endfacet
  facet normal 0.07845909572784049 0.9969173337331284 0
    outer loop
      vertex 8.75 34.305 0
      vertex 8.218122818863215 34.34685964197653 5
      vertex 8.75 34.305 5
    endloop
  endfacet
  facet normal -0.07845909572784049 0.9969173337331284 0
    outer loop
      vertex 9.281877181136785 34.34685964197653 0
      vertex 8.75 34.305 5
      vertex 9.281877181136785 34.34685964197653 5
    endloop
  endfacet
  facet normal -0.3826834323650863 0.9238795325112883 0
    outer loop
      vertex 10.293567699114458 34.675577817759546 0
      vertex 9.800657780874822 34.47140784459648 5
      vertex 10.293567699114458 34.675577817759546 5
    endloop
  endfacet
  facet normal -0.23344536385590905 0.9723699203976757 0
    outer loop
      vertex 9.800657780874822 34.47140784459648 0
      vertex 9.281877181136785 34.34685964197653 5
      vertex 9.800657780874822 34.47140784459648 5
    endloop
  endfacet
  facet normal 0.38268343236508506 -0.9238795325112886 1.731267254337335e-18
    outer loop
      vertex 7.206432300885541 8.98442218224045 0
      vertex 7.699342219125179 9.18859215540352 0
      vertex 7.699342219125179 9.18859215540352 5
    endloop
  endfacet
  facet normal 0.5224985647159558 -0.8526401643540878 -2.8987224470662277e-18
    outer loop
      vertex 6.751530142205591 8.705657780874816 0
      vertex 7.206432300885541 8.98442218224045 0
      vertex 7.206432300885541 8.98442218224045 5
    endloop
  endfacet
  facet normal 0.6494480483301768 -0.7604059656000367 1.085270831570882e-18
    outer loop
      vertex 6.345836943965738 8.359163056034262 0
      vertex 6.751530142205591 8.705657780874816 0
      vertex 6.751530142205591 8.705657780874816 5
    endloop
  endfacet
  facet normal 0.7604059656000312 -0.6494480483301834 0
    outer loop
      vertex 6.345836943965738 8.359163056034262 0
      vertex 6.345836943965738 8.359163056034262 5
      vertex 5.999342219125179 7.95346985779441 0
    endloop
  endfacet
  facet normal 0.23344536385590944 -0.9723699203976756 -1.7346514369633581e-18
    outer loop
      vertex 7.699342219125179 9.18859215540352 0
      vertex 8.218122818863215 9.313140358023468 0
      vertex 8.218122818863215 9.313140358023468 5
    endloop
  endfacet
  facet normal 0.07845909572784049 -0.9969173337331284 -3.805714261902353e-19
    outer loop
      vertex 8.218122818863215 9.313140358023468 0
      vertex 8.75 9.354999999999997 0
      vertex 8.75 9.354999999999997 5
    endloop
  endfacet
  facet normal -0.07845909572784049 -0.9969173337331284 3.805714261902353e-19
    outer loop
      vertex 8.75 9.354999999999997 0
      vertex 9.281877181136785 9.313140358023468 0
      vertex 9.281877181136785 9.313140358023468 5
    endloop
  endfacet
  facet normal -0.23344536385590905 -0.9723699203976757 1.885077022091681e-18
    outer loop
      vertex 9.281877181136785 9.313140358023468 0
      vertex 9.800657780874822 9.18859215540352 0
      vertex 9.800657780874822 9.18859215540352 5
    endloop
  endfacet
  facet normal -0.3826834323650863 -0.9238795325112883 -1.0354212559387104e-18
    outer loop
      vertex 9.800657780874822 9.18859215540352 0
      vertex 10.293567699114458 8.98442218224045 0
      vertex 10.293567699114458 8.98442218224045 5
    endloop
  endfacet
  facet normal -0.5224985647159558 -0.8526401643540878 2.8987224470662277e-18
    outer loop
      vertex 10.293567699114458 8.98442218224045 0
      vertex 10.748469857794408 8.705657780874816 0
      vertex 10.748469857794408 8.705657780874816 5
    endloop
  endfacet
  facet normal -0.649448048330176 -0.7604059656000375 -1.9991248253883123e-18
    outer loop
      vertex 10.748469857794408 8.705657780874816 0
      vertex 11.154163056034262 8.359163056034262 0
      vertex 11.154163056034262 8.359163056034262 5
    endloop
  endfacet
  facet normal 0.8526401643540924 -0.5224985647159486 0
    outer loop
      vertex 5.999342219125179 7.95346985779441 0
      vertex 5.999342219125179 7.95346985779441 5
      vertex 5.720577817759549 7.49856769911446 0
    endloop
  endfacet
  facet normal 0.9238795325112874 -0.38268343236508817 0
    outer loop
      vertex 5.720577817759549 7.49856769911446 0
      vertex 5.720577817759549 7.49856769911446 5
      vertex 5.516407844596478 7.00565778087482 0
    endloop
  endfacet
  facet normal 0.9723699203976764 -0.23344536385590592 0
    outer loop
      vertex 5.516407844596478 7.00565778087482 0
      vertex 5.516407844596478 7.00565778087482 5
      vertex 5.391859641976532 6.486877181136784 0
    endloop
  endfacet
  facet normal 0.9969173337331279 -0.07845909572784544 0
    outer loop
      vertex 5.391859641976532 6.486877181136784 0
      vertex 5.391859641976532 6.486877181136784 5
      vertex 5.35 5.954999999999998 0
    endloop
  endfacet
  facet normal 0.9969173337331279 0.07845909572784544 0
    outer loop
      vertex 5.35 5.954999999999998 0
      vertex 5.35 5.954999999999998 5
      vertex 5.391859641976532 5.423122818863213 0
    endloop
  endfacet
  facet normal -0.7604059656000312 -0.6494480483301834 0
    outer loop
      vertex 11.500657780874821 7.95346985779441 0
      vertex 11.500657780874821 7.95346985779441 5
      vertex 11.154163056034262 8.359163056034262 0
    endloop
  endfacet
  facet normal -0.8526401643540924 -0.5224985647159486 0
    outer loop
      vertex 11.77942218224045 7.49856769911446 0
      vertex 11.77942218224045 7.49856769911446 5
      vertex 11.500657780874821 7.95346985779441 0
    endloop
  endfacet
  facet normal -0.923879532511288 -0.3826834323650868 0
    outer loop
      vertex 11.983592155403521 7.00565778087482 0
      vertex 11.983592155403521 7.00565778087482 5
      vertex 11.77942218224045 7.49856769911446 0
    endloop
  endfacet
  facet normal -0.9723699203976757 -0.23344536385590905 0
    outer loop
      vertex 12.10814035802347 6.486877181136784 0
      vertex 12.10814035802347 6.486877181136784 5
      vertex 11.983592155403521 7.00565778087482 0
    endloop
  endfacet
  facet normal -0.9969173337331281 -0.07845909572784379 0
    outer loop
      vertex 12.15 5.954999999999998 0
      vertex 12.15 5.954999999999998 5
      vertex 12.10814035802347 6.486877181136784 0
    endloop
  endfacet
  facet normal -0.9969173337331281 0.07845909572784379 0
    outer loop
      vertex 12.10814035802347 5.423122818863213 0
      vertex 12.10814035802347 5.423122818863213 5
      vertex 12.15 5.954999999999998 0
    endloop
  endfacet
  facet normal 0.9723699203976764 0.23344536385590592 0
    outer loop
      vertex 5.391859641976532 5.423122818863213 0
      vertex 5.391859641976532 5.423122818863213 5
      vertex 5.516407844596478 4.904342219125176 0
    endloop
  endfacet
  facet normal 0.9238795325112874 0.38268343236508817 0
    outer loop
      vertex 5.516407844596478 4.904342219125176 0
      vertex 5.516407844596478 4.904342219125176 5
      vertex 5.720577817759549 4.4114323008855365 0
    endloop
  endfacet
  facet normal 0.8526401643540924 0.5224985647159486 0
    outer loop
      vertex 5.720577817759549 4.4114323008855365 0
      vertex 5.720577817759549 4.4114323008855365 5
      vertex 5.999342219125179 3.9565301422055867 0
    endloop
  endfacet
  facet normal 0.7604059656000312 0.6494480483301834 0
    outer loop
      vertex 5.999342219125179 3.9565301422055867 0
      vertex 5.999342219125179 3.9565301422055867 5
      vertex 6.345836943965738 3.5508369439657343 0
    endloop
  endfacet
  facet normal 0.6494480483301768 0.7604059656000367 0
    outer loop
      vertex 6.345836943965738 3.5508369439657343 0
      vertex 6.345836943965738 3.5508369439657343 5
      vertex 6.751530142205591 3.2043422191251807 0
    endloop
  endfacet
  facet normal 0.5224985647159558 0.8526401643540878 2.8987224470662277e-18
    outer loop
      vertex 7.206432300885541 2.925577817759546 0
      vertex 6.751530142205591 3.2043422191251807 0
      vertex 6.751530142205591 3.2043422191251807 5
    endloop
  endfacet
  facet normal 0.38268343236508506 0.9238795325112886 -1.731267254337335e-18
    outer loop
      vertex 7.699342219125179 2.7214078445964773 0
      vertex 7.206432300885541 2.925577817759546 0
      vertex 7.206432300885541 2.925577817759546 5
    endloop
  endfacet
  facet normal -0.9723699203976757 0.23344536385590905 0
    outer loop
      vertex 11.983592155403521 4.904342219125176 0
      vertex 11.983592155403521 4.904342219125176 5
      vertex 12.10814035802347 5.423122818863213 0
    endloop
  endfacet
  facet normal -0.923879532511288 0.3826834323650868 0
    outer loop
      vertex 11.77942218224045 4.4114323008855365 0
      vertex 11.77942218224045 4.4114323008855365 5
      vertex 11.983592155403521 4.904342219125176 0
    endloop
  endfacet
  facet normal -0.8526401643540924 0.5224985647159486 0
    outer loop
      vertex 11.500657780874821 3.9565301422055867 0
      vertex 11.500657780874821 3.9565301422055867 5
      vertex 11.77942218224045 4.4114323008855365 0
    endloop
  endfacet
  facet normal -0.7604059656000312 0.6494480483301834 -9.409034314932648e-19
    outer loop
      vertex 11.500657780874821 3.9565301422055867 0
      vertex 11.154163056034262 3.5508369439657343 0
      vertex 11.154163056034262 3.5508369439657343 5
    endloop
  endfacet
  facet normal -0.649448048330176 0.7604059656000375 1.9991248253883123e-18
    outer loop
      vertex 11.154163056034262 3.5508369439657343 0
      vertex 10.748469857794408 3.2043422191251807 0
      vertex 10.748469857794408 3.2043422191251807 5
    endloop
  endfacet
  facet normal -0.3826834323650863 0.9238795325112883 1.0354212559387104e-18
    outer loop
      vertex 10.293567699114458 2.925577817759546 0
      vertex 9.800657780874822 2.7214078445964773 0
      vertex 9.800657780874822 2.7214078445964773 5
    endloop
  endfacet
  facet normal -0.5224985647159558 0.8526401643540878 -2.8987224470662277e-18
    outer loop
      vertex 10.748469857794408 3.2043422191251807 0
      vertex 10.293567699114458 2.925577817759546 0
      vertex 10.293567699114458 2.925577817759546 5
    endloop
  endfacet
  facet normal 0.23344536385590944 0.9723699203976756 1.7346514369633581e-18
    outer loop
      vertex 8.218122818863215 2.596859641976529 0
      vertex 7.699342219125179 2.7214078445964773 0
      vertex 7.699342219125179 2.7214078445964773 5
    endloop
  endfacet
  facet normal 0.07845909572784049 0.9969173337331284 3.805714261902353e-19
    outer loop
      vertex 8.75 2.5549999999999997 0
      vertex 8.218122818863215 2.596859641976529 0
      vertex 8.218122818863215 2.596859641976529 5
    endloop
  endfacet
  facet normal -0.07845909572784049 0.9969173337331284 -3.805714261902353e-19
    outer loop
      vertex 9.281877181136785 2.596859641976529 0
      vertex 8.75 2.5549999999999997 0
      vertex 8.75 2.5549999999999997 5
    endloop
  endfacet
  facet normal -0.23344536385590905 0.9723699203976757 -1.885077022091681e-18
    outer loop
      vertex 9.800657780874822 2.7214078445964773 0
      vertex 9.281877181136785 2.596859641976529 0
      vertex 9.281877181136785 2.596859641976529 5
    endloop
  endfacet
  facet normal 0.38268343236508506 -0.9238795325112886 0
    outer loop
      vertex 7.206432300885541 8.98442218224045 0
      vertex 7.699342219125179 9.18859215540352 5
      vertex 7.206432300885541 8.98442218224045 5
    endloop
  endfacet
  facet normal 0.5224985647159558 -0.8526401643540878 0
    outer loop
      vertex 6.751530142205591 8.705657780874816 0
      vertex 7.206432300885541 8.98442218224045 5
      vertex 6.751530142205591 8.705657780874816 5
    endloop
  endfacet
  facet normal 0.6494480483301768 -0.7604059656000367 0
    outer loop
      vertex 6.345836943965738 8.359163056034262 0
      vertex 6.751530142205591 8.705657780874816 5
      vertex 6.345836943965738 8.359163056034262 5
    endloop
  endfacet
  facet normal 0.23344536385590944 -0.9723699203976756 0
    outer loop
      vertex 7.699342219125179 9.18859215540352 0
      vertex 8.218122818863215 9.313140358023468 5
      vertex 7.699342219125179 9.18859215540352 5
    endloop
  endfacet
  facet normal 0.07845909572784049 -0.9969173337331284 0
    outer loop
      vertex 8.218122818863215 9.313140358023468 0
      vertex 8.75 9.354999999999997 5
      vertex 8.218122818863215 9.313140358023468 5
    endloop
  endfacet
  facet normal -0.07845909572784049 -0.9969173337331284 0
    outer loop
      vertex 8.75 9.354999999999997 0
      vertex 9.281877181136785 9.313140358023468 5
      vertex 8.75 9.354999999999997 5
    endloop
  endfacet
  facet normal -0.23344536385590905 -0.9723699203976757 0
    outer loop
      vertex 9.281877181136785 9.313140358023468 0
      vertex 9.800657780874822 9.18859215540352 5
      vertex 9.281877181136785 9.313140358023468 5
    endloop
  endfacet
  facet normal -0.3826834323650863 -0.9238795325112883 0
    outer loop
      vertex 9.800657780874822 9.18859215540352 0
      vertex 10.293567699114458 8.98442218224045 5
      vertex 9.800657780874822 9.18859215540352 5
    endloop
  endfacet
  facet normal -0.5224985647159558 -0.8526401643540878 0
    outer loop
      vertex 10.293567699114458 8.98442218224045 0
      vertex 10.748469857794408 8.705657780874816 5
      vertex 10.293567699114458 8.98442218224045 5
    endloop
  endfacet
  facet normal -0.649448048330176 -0.7604059656000375 0
    outer loop
      vertex 10.748469857794408 8.705657780874816 0
      vertex 11.154163056034262 8.359163056034262 5
      vertex 10.748469857794408 8.705657780874816 5
    endloop
  endfacet
  facet normal -0.7604059656000312 -0.6494480483301834 0
    outer loop
      vertex 11.154163056034262 8.359163056034262 0
      vertex 11.500657780874821 7.95346985779441 5
      vertex 11.154163056034262 8.359163056034262 5
    endloop
  endfacet
  facet normal 0.7604059656000312 -0.6494480483301834 0
    outer loop
      vertex 5.999342219125179 7.95346985779441 0
      vertex 6.345836943965738 8.359163056034262 5
      vertex 5.999342219125179 7.95346985779441 5
    endloop
  endfacet
  facet normal 0.8526401643540924 -0.5224985647159486 0
    outer loop
      vertex 5.720577817759549 7.49856769911446 0
      vertex 5.999342219125179 7.95346985779441 5
      vertex 5.720577817759549 7.49856769911446 5
    endloop
  endfacet
  facet normal 0.9238795325112874 -0.38268343236508817 0
    outer loop
      vertex 5.516407844596478 7.00565778087482 0
      vertex 5.720577817759549 7.49856769911446 5
      vertex 5.516407844596478 7.00565778087482 5
    endloop
  endfacet
  facet normal 0.9723699203976764 -0.23344536385590592 0
    outer loop
      vertex 5.391859641976532 6.486877181136784 0
      vertex 5.516407844596478 7.00565778087482 5
      vertex 5.391859641976532 6.486877181136784 5
    endloop
  endfacet
  facet normal 0.9969173337331279 -0.07845909572784544 0
    outer loop
      vertex 5.35 5.954999999999998 0
      vertex 5.391859641976532 6.486877181136784 5
      vertex 5.35 5.954999999999998 5
    endloop
  endfacet
  facet normal 0.9969173337331279 0.07845909572784544 0
    outer loop
      vertex 5.391859641976532 5.423122818863213 0
      vertex 5.35 5.954999999999998 5
      vertex 5.391859641976532 5.423122818863213 5
    endloop
  endfacet
  facet normal -0.8526401643540924 -0.5224985647159486 0
    outer loop
      vertex 11.500657780874821 7.95346985779441 0
      vertex 11.77942218224045 7.49856769911446 5
      vertex 11.500657780874821 7.95346985779441 5
    endloop
  endfacet
  facet normal -0.923879532511288 -0.3826834323650868 0
    outer loop
      vertex 11.77942218224045 7.49856769911446 0
      vertex 11.983592155403521 7.00565778087482 5
      vertex 11.77942218224045 7.49856769911446 5
    endloop
  endfacet
  facet normal -0.9723699203976757 -0.23344536385590905 0
    outer loop
      vertex 11.983592155403521 7.00565778087482 0
      vertex 12.10814035802347 6.486877181136784 5
      vertex 11.983592155403521 7.00565778087482 5
    endloop
  endfacet
  facet normal -0.9969173337331281 -0.07845909572784379 0
    outer loop
      vertex 12.10814035802347 6.486877181136784 0
      vertex 12.15 5.954999999999998 5
      vertex 12.10814035802347 6.486877181136784 5
    endloop
  endfacet
  facet normal -0.9969173337331281 0.07845909572784379 0
    outer loop
      vertex 12.15 5.954999999999998 0
      vertex 12.10814035802347 5.423122818863213 5
      vertex 12.15 5.954999999999998 5
    endloop
  endfacet
  facet normal 0.9723699203976764 0.23344536385590592 0
    outer loop
      vertex 5.516407844596478 4.904342219125176 0
      vertex 5.391859641976532 5.423122818863213 5
      vertex 5.516407844596478 4.904342219125176 5
    endloop
  endfacet
  facet normal 0.9238795325112874 0.38268343236508817 0
    outer loop
      vertex 5.720577817759549 4.4114323008855365 0
      vertex 5.516407844596478 4.904342219125176 5
      vertex 5.720577817759549 4.4114323008855365 5
    endloop
  endfacet
  facet normal 0.8526401643540924 0.5224985647159486 0
    outer loop
      vertex 5.999342219125179 3.9565301422055867 0
      vertex 5.720577817759549 4.4114323008855365 5
      vertex 5.999342219125179 3.9565301422055867 5
    endloop
  endfacet
  facet normal 0.7604059656000312 0.6494480483301834 0
    outer loop
      vertex 6.345836943965738 3.5508369439657343 0
      vertex 5.999342219125179 3.9565301422055867 5
      vertex 6.345836943965738 3.5508369439657343 5
    endloop
  endfacet
  facet normal 0.6494480483301768 0.7604059656000367 0
    outer loop
      vertex 6.751530142205591 3.2043422191251807 0
      vertex 6.345836943965738 3.5508369439657343 5
      vertex 6.751530142205591 3.2043422191251807 5
    endloop
  endfacet
  facet normal 0.5224985647159558 0.8526401643540878 0
    outer loop
      vertex 7.206432300885541 2.925577817759546 0
      vertex 6.751530142205591 3.2043422191251807 5
      vertex 7.206432300885541 2.925577817759546 5
    endloop
  endfacet
  facet normal 0.38268343236508506 0.9238795325112886 0
    outer loop
      vertex 7.699342219125179 2.7214078445964773 0
      vertex 7.206432300885541 2.925577817759546 5
      vertex 7.699342219125179 2.7214078445964773 5
    endloop
  endfacet
  facet normal -0.9723699203976757 0.23344536385590905 0
    outer loop
      vertex 12.10814035802347 5.423122818863213 0
      vertex 11.983592155403521 4.904342219125176 5
      vertex 12.10814035802347 5.423122818863213 5
    endloop
  endfacet
  facet normal -0.923879532511288 0.3826834323650868 0
    outer loop
      vertex 11.983592155403521 4.904342219125176 0
      vertex 11.77942218224045 4.4114323008855365 5
      vertex 11.983592155403521 4.904342219125176 5
    endloop
  endfacet
  facet normal -0.8526401643540924 0.5224985647159486 0
    outer loop
      vertex 11.77942218224045 4.4114323008855365 0
      vertex 11.500657780874821 3.9565301422055867 5
      vertex 11.77942218224045 4.4114323008855365 5
    endloop
  endfacet
  facet normal -0.649448048330176 0.7604059656000375 0
    outer loop
      vertex 11.154163056034262 3.5508369439657343 0
      vertex 10.748469857794408 3.2043422191251807 5
      vertex 11.154163056034262 3.5508369439657343 5
    endloop
  endfacet
  facet normal -0.5224985647159558 0.8526401643540878 0
    outer loop
      vertex 10.748469857794408 3.2043422191251807 0
      vertex 10.293567699114458 2.925577817759546 5
      vertex 10.748469857794408 3.2043422191251807 5
    endloop
  endfacet
  facet normal -0.3826834323650863 0.9238795325112883 0
    outer loop
      vertex 10.293567699114458 2.925577817759546 0
      vertex 9.800657780874822 2.7214078445964773 5
      vertex 10.293567699114458 2.925577817759546 5
    endloop
  endfacet
  facet normal -0.7604059656000312 0.6494480483301834 0
    outer loop
      vertex 11.500657780874821 3.9565301422055867 0
      vertex 11.154163056034262 3.5508369439657343 5
      vertex 11.500657780874821 3.9565301422055867 5
    endloop
  endfacet
  facet normal 0.23344536385590944 0.9723699203976756 0
    outer loop
      vertex 8.218122818863215 2.596859641976529 0
      vertex 7.699342219125179 2.7214078445964773 5
      vertex 8.218122818863215 2.596859641976529 5
    endloop
  endfacet
  facet normal 0.07845909572784049 0.9969173337331284 0
    outer loop
      vertex 8.75 2.5549999999999997 0
      vertex 8.218122818863215 2.596859641976529 5
      vertex 8.75 2.5549999999999997 5
    endloop
  endfacet
  facet normal -0.07845909572784049 0.9969173337331284 0
    outer loop
      vertex 9.281877181136785 2.596859641976529 0
      vertex 8.75 2.5549999999999997 5
      vertex 9.281877181136785 2.596859641976529 5
    endloop
  endfacet
  facet normal -0.23344536385590905 0.9723699203976757 0
    outer loop
      vertex 9.800657780874822 2.7214078445964773 0
      vertex 9.281877181136785 2.596859641976529 5
      vertex 9.800657780874822 2.7214078445964773 5
    endloop
  endfacet
  facet normal 0 -1 0
    outer loop
      vertex 22.31458333333333 35.83 0
      vertex 36.81458333333333 35.83 2.5
      vertex 22.31458333333333 35.83 2.5
    endloop
  endfacet
  facet normal 0 -1 0
    outer loop
      vertex 22.31458333333333 35.83 0
      vertex 36.81458333333333 35.83 0
      vertex 36.81458333333333 35.83 2.5
    endloop
  endfacet
  facet normal 1 0 0
    outer loop
      vertex 22.31458333333333 35.83 0
      vertex 22.31458333333333 35.83 2.5
      vertex 22.31458333333333 19.83 0
    endloop
  endfacet
  facet normal 1 0 0
    outer loop
      vertex 22.31458333333333 19.83 0
      vertex 22.31458333333333 35.83 2.5
      vertex 22.31458333333333 19.83 2.5
    endloop
  endfacet
  facet normal -1 0 0
    outer loop
      vertex 36.81458333333333 35.83 0
      vertex 36.81458333333333 19.83 0
      vertex 36.81458333333333 19.83 2.5
    endloop
  endfacet
  facet normal -1 0 0
    outer loop
      vertex 36.81458333333333 35.83 0
      vertex 36.81458333333333 19.83 2.5
      vertex 36.81458333333333 35.83 2.5
    endloop
  endfacet
  facet normal 0 1 0
    outer loop
      vertex 22.31458333333333 19.83 0
      vertex 22.31458333333333 19.83 2.5
      vertex 36.81458333333333 19.83 0
    endloop
  endfacet
  facet normal 0 1 0
    outer loop
      vertex 36.81458333333333 19.83 0
      vertex 22.31458333333333 19.83 2.5
      vertex 36.81458333333333 19.83 2.5
    endloop
  endfacet
  facet normal 0 -1 0
    outer loop
      vertex 39.943749999999994 35.83 0
      vertex 54.443749999999994 35.83 0
      vertex 54.443749999999994 35.83 2.5
    endloop
  endfacet
  facet normal 0 -1 0
    outer loop
      vertex 39.943749999999994 35.83 0
      vertex 54.443749999999994 35.83 2.5
      vertex 39.943749999999994 35.83 2.5
    endloop
  endfacet
  facet normal 1 0 0
    outer loop
      vertex 39.943749999999994 35.83 0
      vertex 39.943749999999994 35.83 2.5
      vertex 39.943749999999994 19.83 0
    endloop
  endfacet
  facet normal -1 0 0
    outer loop
      vertex 54.443749999999994 35.83 0
      vertex 54.443749999999994 19.83 0
      vertex 54.443749999999994 19.83 2.5
    endloop
  endfacet
  facet normal -1 0 0
    outer loop
      vertex 54.443749999999994 35.83 0
      vertex 54.443749999999994 19.83 2.5
      vertex 54.443749999999994 35.83 2.5
    endloop
  endfacet
  facet normal 1 0 0
    outer loop
      vertex 39.943749999999994 19.83 0
      vertex 39.943749999999994 35.83 2.5
      vertex 39.943749999999994 19.83 2.5
    endloop
  endfacet
  facet normal 0 1 0
    outer loop
      vertex 39.943749999999994 19.83 0
      vertex 39.943749999999994 19.83 2.5
      vertex 54.443749999999994 19.83 0
    endloop
  endfacet
  facet normal 0 1 0
    outer loop
      vertex 54.443749999999994 19.83 0
      vertex 39.943749999999994 19.83 2.5
      vertex 54.443749999999994 19.83 2.5
    endloop
  endfacet
  facet normal 1 0 0
    outer loop
      vertex 57.57291666666666 19.83 0
      vertex 57.57291666666666 35.83 0
      vertex 57.57291666666666 35.83 2.5
    endloop
  endfacet
  facet normal 1 0 0
    outer loop
      vertex 57.57291666666666 19.83 0
      vertex 57.57291666666666 35.83 2.5
      vertex 57.57291666666666 19.83 2.5
    endloop
  endfacet
  facet normal 0 -1 0
    outer loop
      vertex 57.57291666666666 35.83 0
      vertex 72.07291666666666 35.83 0
      vertex 72.07291666666666 35.83 2.5
    endloop
  endfacet
  facet normal 0 -1 0
    outer loop
      vertex 57.57291666666666 35.83 2.5
      vertex 57.57291666666666 35.83 0
      vertex 72.07291666666666 35.83 2.5
    endloop
  endfacet
  facet normal -1 0 0
    outer loop
      vertex 72.07291666666666 35.83 0
      vertex 72.07291666666666 19.83 0
      vertex 72.07291666666666 19.83 2.5
    endloop
  endfacet
  facet normal -1 0 0
    outer loop
      vertex 72.07291666666666 19.83 2.5
      vertex 72.07291666666666 35.83 2.5
      vertex 72.07291666666666 35.83 0
    endloop
  endfacet
  facet normal 0 1 0
    outer loop
      vertex 57.57291666666666 19.83 0
      vertex 57.57291666666666 19.83 2.5
      vertex 72.07291666666666 19.83 0
    endloop
  endfacet
  facet normal 0 1 0
    outer loop
      vertex 72.07291666666666 19.83 2.5
      vertex 72.07291666666666 19.83 0
      vertex 57.57291666666666 19.83 2.5
    endloop
  endfacet
  facet normal 0 -1 0
    outer loop
      vertex 75.20208333333333 35.83 0
      vertex 89.70208333333333 35.83 0
      vertex 89.70208333333333 35.83 2.5
    endloop
  endfacet
  facet normal 0 -1 0
    outer loop
      vertex 75.20208333333333 35.83 0
      vertex 89.70208333333333 35.83 2.5
      vertex 75.20208333333333 35.83 2.5
    endloop
  endfacet
  facet normal 1 0 0
    outer loop
      vertex 75.20208333333333 35.83 0
      vertex 75.20208333333333 35.83 2.5
      vertex 75.20208333333333 19.83 0
    endloop
  endfacet
  facet normal -1 0 0
    outer loop
      vertex 89.70208333333333 35.83 0
      vertex 89.70208333333333 19.83 0
      vertex 89.70208333333333 19.83 2.5
    endloop
  endfacet
  facet normal -1 0 0
    outer loop
      vertex 89.70208333333333 35.83 0
      vertex 89.70208333333333 19.83 2.5
      vertex 89.70208333333333 35.83 2.5
    endloop
  endfacet
  facet normal 1 0 0
    outer loop
      vertex 75.20208333333333 19.83 0
      vertex 75.20208333333333 35.83 2.5
      vertex 75.20208333333333 19.83 2.5
    endloop
  endfacet
  facet normal 0 1 0
    outer loop
      vertex 75.20208333333333 19.83 0
      vertex 75.20208333333333 19.83 2.5
      vertex 89.70208333333333 19.83 0
    endloop
  endfacet
  facet normal 0 1 0
    outer loop
      vertex 89.70208333333333 19.83 0
      vertex 75.20208333333333 19.83 2.5
      vertex 89.70208333333333 19.83 2.5
    endloop
  endfacet
  facet normal 0 -1 0
    outer loop
      vertex 92.83125 35.83 0
      vertex 107.33125 35.83 0
      vertex 107.33125 35.83 2.5
    endloop
  endfacet
  facet normal 0 -1 0
    outer loop
      vertex 92.83125 35.83 0
      vertex 107.33125 35.83 2.5
      vertex 92.83125 35.83 2.5
    endloop
  endfacet
  facet normal 1 0 0
    outer loop
      vertex 92.83125 35.83 0
      vertex 92.83125 35.83 2.5
      vertex 92.83125 19.83 0
    endloop
  endfacet
  facet normal -1 0 0
    outer loop
      vertex 107.33125 35.83 0
      vertex 107.33125 19.83 0
      vertex 107.33125 19.83 2.5
    endloop
  endfacet
  facet normal -1 0 0
    outer loop
      vertex 107.33125 35.83 0
      vertex 107.33125 19.83 2.5
      vertex 107.33125 35.83 2.5
    endloop
  endfacet
  facet normal 1 0 0
    outer loop
      vertex 92.83125 19.83 0
      vertex 92.83125 35.83 2.5
      vertex 92.83125 19.83 2.5
    endloop
  endfacet
  facet normal 0 1 0
    outer loop
      vertex 92.83125 19.83 0
      vertex 92.83125 19.83 2.5
      vertex 107.33125 19.83 0
    endloop
  endfacet
  facet normal 0 1 0
    outer loop
      vertex 107.33125 19.83 0
      vertex 92.83125 19.83 2.5
      vertex 107.33125 19.83 2.5
    endloop
  endfacet
  facet normal 0 -1 0
    outer loop
      vertex 110.46041666666666 35.83 0
      vertex 124.96041666666666 35.83 0
      vertex 124.96041666666666 35.83 2.5
    endloop
  endfacet
  facet normal 0 -1 0
    outer loop
      vertex 110.46041666666666 35.83 0
      vertex 124.96041666666666 35.83 2.5
      vertex 110.46041666666666 35.83 2.5
    endloop
  endfacet
  facet normal 1 0 0
    outer loop
      vertex 110.46041666666666 35.83 0
      vertex 110.46041666666666 35.83 2.5
      vertex 110.46041666666666 19.83 0
    endloop
  endfacet
  facet normal 1 0 0
    outer loop
      vertex 110.46041666666666 19.83 0
      vertex 110.46041666666666 35.83 2.5
      vertex 110.46041666666666 19.83 2.5
    endloop
  endfacet
  facet normal 0 1 0
    outer loop
      vertex 110.46041666666666 19.83 0
      vertex 110.46041666666666 19.83 2.5
      vertex 124.96041666666666 19.83 0
    endloop
  endfacet
  facet normal 0 1 0
    outer loop
      vertex 124.96041666666666 19.83 0
      vertex 110.46041666666666 19.83 2.5
      vertex 124.96041666666666 19.83 2.5
    endloop
  endfacet
  facet normal -1 0 0
    outer loop
      vertex 124.96041666666666 35.83 0
      vertex 124.96041666666666 19.83 0
      vertex 124.96041666666666 19.83 2.5
    endloop
  endfacet
  facet normal -1 0 0
    outer loop
      vertex 124.96041666666666 35.83 0
      vertex 124.96041666666666 19.83 2.5
      vertex 124.96041666666666 35.83 2.5
    endloop
  endfacet
  facet normal 0 -1 0
    outer loop
      vertex 128.08958333333334 35.83 0
      vertex 142.58958333333334 35.83 0
      vertex 142.58958333333334 35.83 2.5
    endloop
  endfacet
  facet normal 0 -1 0
    outer loop
      vertex 128.08958333333334 35.83 0
      vertex 142.58958333333334 35.83 2.5
      vertex 128.08958333333334 35.83 2.5
    endloop
  endfacet
  facet normal 1 0 0
    outer loop
      vertex 128.08958333333334 35.83 0
      vertex 128.08958333333334 35.83 2.5
      vertex 128.08958333333334 19.83 0
    endloop
  endfacet
  facet normal -1 0 0
    outer loop
      vertex 142.58958333333334 35.83 0
      vertex 142.58958333333334 19.83 0
      vertex 142.58958333333334 19.83 2.5
    endloop
  endfacet
  facet normal -1 0 0
    outer loop
      vertex 142.58958333333334 35.83 0
      vertex 142.58958333333334 19.83 2.5
      vertex 142.58958333333334 35.83 2.5
    endloop
  endfacet
  facet normal 1 0 0
    outer loop
      vertex 128.08958333333334 19.83 0
      vertex 128.08958333333334 35.83 2.5
      vertex 128.08958333333334 19.83 2.5
    endloop
  endfacet
  facet normal 0 1 0
    outer loop
      vertex 142.58958333333334 19.83 0
      vertex 128.08958333333334 19.83 0
      vertex 128.08958333333334 19.83 2.5
    endloop
  endfacet
  facet normal 0 1 0
    outer loop
      vertex 128.08958333333334 19.83 2.5
      vertex 142.58958333333334 19.83 2.5
      vertex 142.58958333333334 19.83 0
    endloop
  endfacet
  facet normal 0 -1 0
    outer loop
      vertex 145.71875 35.83 0
      vertex 160.21875 35.83 2.5
      vertex 145.71875 35.83 2.5
    endloop
  endfacet
  facet normal 0 -1 0
    outer loop
      vertex 145.71875 35.83 0
      vertex 160.21875 35.83 0
      vertex 160.21875 35.83 2.5
    endloop
  endfacet
  facet normal 1 0 0
    outer loop
      vertex 145.71875 35.83 0
      vertex 145.71875 35.83 2.5
      vertex 145.71875 19.83 0
    endloop
  endfacet
  facet normal 1 0 0
    outer loop
      vertex 145.71875 19.83 0
      vertex 145.71875 35.83 2.5
      vertex 145.71875 19.83 2.5
    endloop
  endfacet
  facet normal -1 0 0
    outer loop
      vertex 160.21875 35.83 0
      vertex 160.21875 19.83 0
      vertex 160.21875 19.83 2.5
    endloop
  endfacet
  facet normal -1 0 0
    outer loop
      vertex 160.21875 35.83 0
      vertex 160.21875 19.83 2.5
      vertex 160.21875 35.83 2.5
    endloop
  endfacet
  facet normal 0 1 0
    outer loop
      vertex 145.71875 19.83 0
      vertex 145.71875 19.83 2.5
      vertex 160.21875 19.83 0
    endloop
  endfacet
  facet normal 0 1 0
    outer loop
      vertex 160.21875 19.83 0
      vertex 145.71875 19.83 2.5
      vertex 160.21875 19.83 2.5
    endloop
  endfacet
  facet normal 0 -1 0
    outer loop
      vertex 163.34791666666666 35.83 0
      vertex 177.84791666666666 35.83 0
      vertex 177.84791666666666 35.83 2.5
    endloop
  endfacet
  facet normal 0 -1 0
    outer loop
      vertex 163.34791666666666 35.83 0
      vertex 177.84791666666666 35.83 2.5
      vertex 163.34791666666666 35.83 2.5
    endloop
  endfacet
  facet normal 1 0 0
    outer loop
      vertex 163.34791666666666 35.83 0
      vertex 163.34791666666666 35.83 2.5
      vertex 163.34791666666666 19.83 0
    endloop
  endfacet
  facet normal -1 0 0
    outer loop
      vertex 177.84791666666666 35.83 0
      vertex 177.84791666666666 19.83 0
      vertex 177.84791666666666 19.83 2.5
    endloop
  endfacet
  facet normal -1 0 0
    outer loop
      vertex 177.84791666666666 35.83 0
      vertex 177.84791666666666 19.83 2.5
      vertex 177.84791666666666 35.83 2.5
    endloop
  endfacet
  facet normal 1 0 0
    outer loop
      vertex 163.34791666666666 19.83 0
      vertex 163.34791666666666 35.83 2.5
      vertex 163.34791666666666 19.83 2.5
    endloop
  endfacet
  facet normal 0 1 0
    outer loop
      vertex 163.34791666666666 19.83 0
      vertex 163.34791666666666 19.83 2.5
      vertex 177.84791666666666 19.83 0
    endloop
  endfacet
  facet normal 0 1 0
    outer loop
      vertex 177.84791666666666 19.83 0
      vertex 163.34791666666666 19.83 2.5
      vertex 177.84791666666666 19.83 2.5
    endloop
  endfacet
  facet normal 0 -1 0
    outer loop
      vertex 180.97708333333333 35.83 0
      vertex 195.47708333333333 35.83 0
      vertex 195.47708333333333 35.83 2.5
    endloop
  endfacet
  facet normal 0 -1 0
    outer loop
      vertex 180.97708333333333 35.83 0
      vertex 195.47708333333333 35.83 2.5
      vertex 180.97708333333333 35.83 2.5
    endloop
  endfacet
  facet normal 1 0 0
    outer loop
      vertex 180.97708333333333 19.83 0
      vertex 180.97708333333333 35.83 0
      vertex 180.97708333333333 35.83 2.5
    endloop
  endfacet
  facet normal -1 0 0
    outer loop
      vertex 195.47708333333333 35.83 0
      vertex 195.47708333333333 19.83 0
      vertex 195.47708333333333 19.83 2.5
    endloop
  endfacet
  facet normal -1 0 0
    outer loop
      vertex 195.47708333333333 35.83 0
      vertex 195.47708333333333 19.83 2.5
      vertex 195.47708333333333 35.83 2.5
    endloop
  endfacet
  facet normal 1 0 0
    outer loop
      vertex 180.97708333333333 19.83 0
      vertex 180.97708333333333 35.83 2.5
      vertex 180.97708333333333 19.83 2.5
    endloop
  endfacet
  facet normal 0 1 0
    outer loop
      vertex 180.97708333333333 19.83 0
      vertex 180.97708333333333 19.83 2.5
      vertex 195.47708333333333 19.83 0
    endloop
  endfacet
  facet normal 0 1 0
    outer loop
      vertex 195.47708333333333 19.83 2.5
      vertex 195.47708333333333 19.83 0
      vertex 180.97708333333333 19.83 2.5
    endloop
  endfacet
  facet normal 0 -1 0
    outer loop
      vertex 198.60625 35.83 0
      vertex 213.10625 35.83 0
      vertex 213.10625 35.83 2.5
    endloop
  endfacet
  facet normal 0 -1 0
    outer loop
      vertex 198.60625 35.83 0
      vertex 213.10625 35.83 2.5
      vertex 198.60625 35.83 2.5
    endloop
  endfacet
  facet normal 1 0 0
    outer loop
      vertex 198.60625 35.83 0
      vertex 198.60625 35.83 2.5
      vertex 198.60625 19.83 0
    endloop
  endfacet
  facet normal 1 0 0
    outer loop
      vertex 198.60625 19.83 0
      vertex 198.60625 35.83 2.5
      vertex 198.60625 19.83 2.5
    endloop
  endfacet
  facet normal -1 0 0
    outer loop
      vertex 213.10625 35.83 0
      vertex 213.10625 19.83 0
      vertex 213.10625 19.83 2.5
    endloop
  endfacet
  facet normal -1 0 0
    outer loop
      vertex 213.10625 35.83 0
      vertex 213.10625 19.83 2.5
      vertex 213.10625 35.83 2.5
    endloop
  endfacet
  facet normal 0 1 0
    outer loop
      vertex 198.60625 19.83 0
      vertex 198.60625 19.83 2.5
      vertex 213.10625 19.83 0
    endloop
  endfacet
  facet normal 0 1 0
    outer loop
      vertex 213.10625 19.83 0
      vertex 198.60625 19.83 2.5
      vertex 213.10625 19.83 2.5
    endloop
  endfacet
  facet normal 0 -1 0
    outer loop
      vertex 216.23541666666665 35.83 0
      vertex 230.73541666666665 35.83 0
      vertex 230.73541666666665 35.83 2.5
    endloop
  endfacet
  facet normal 0 -1 0
    outer loop
      vertex 216.23541666666665 35.83 0
      vertex 230.73541666666665 35.83 2.5
      vertex 216.23541666666665 35.83 2.5
    endloop
  endfacet
  facet normal 1 0 0
    outer loop
      vertex 216.23541666666665 35.83 0
      vertex 216.23541666666665 35.83 2.5
      vertex 216.23541666666665 19.83 0
    endloop
  endfacet
  facet normal -1 0 0
    outer loop
      vertex 230.73541666666665 35.83 0
      vertex 230.73541666666665 19.83 0
      vertex 230.73541666666665 19.83 2.5
    endloop
  endfacet
  facet normal -1 0 0
    outer loop
      vertex 230.73541666666665 35.83 0
      vertex 230.73541666666665 19.83 2.5
      vertex 230.73541666666665 35.83 2.5
    endloop
  endfacet
  facet normal 1 0 0
    outer loop
      vertex 216.23541666666665 19.83 0
      vertex 216.23541666666665 35.83 2.5
      vertex 216.23541666666665 19.83 2.5
    endloop
  endfacet
  facet normal 0 1 0
    outer loop
      vertex 216.23541666666665 19.83 0
      vertex 216.23541666666665 19.83 2.5
      vertex 230.73541666666665 19.83 0
    endloop
  endfacet
  facet normal 0 1 0
    outer loop
      vertex 230.73541666666665 19.83 0
      vertex 216.23541666666665 19.83 2.5
      vertex 230.73541666666665 19.83 2.5
    endloop
  endfacet
  facet normal 0 -0.09801714032956167 0.9951847266721968
    outer loop
      vertex 238.3 34.0548 3.3
      vertex 241.3 34.0548 3.3
      vertex 238.3 34.386453547427415 3.332665023314508
    endloop
  endfacet
  facet normal 1.6217943368838567e-18 -0.2902846772544597 0.9569403357322096
    outer loop
      vertex 238.3 34.70536183502065 3.4294047947308126
      vertex 238.3 34.386453547427415 3.332665023314508
      vertex 241.3 34.386453547427415 3.332665023314508
    endloop
  endfacet
  facet normal 0 -0.09801714032956167 0.9951847266721968
    outer loop
      vertex 238.3 34.386453547427415 3.332665023314508
      vertex 241.3 34.0548 3.3
      vertex 241.3 34.386453547427415 3.332665023314508
    endloop
  endfacet
  facet normal 0 -0.2902846772544597 0.9569403357322096
    outer loop
      vertex 238.3 34.70536183502065 3.4294047947308126
      vertex 241.3 34.386453547427415 3.332665023314508
      vertex 241.3 34.70536183502065 3.4294047947308126
    endloop
  endfacet
  facet normal -8.200638421869593e-20 0.0980171403295596 0.995184726672197
    outer loop
      vertex 238.3 34.0548 3.3
      vertex 238.3 33.72314645257258 3.332665023314508
      vertex 241.3 33.72314645257258 3.332665023314508
    endloop
  endfacet
  facet normal -1.1947762831481681e-18 0.29028467725446566 0.9569403357322078
    outer loop
      vertex 238.3 33.72314645257258 3.332665023314508
      vertex 238.3 33.40423816497935 3.4294047947308126
      vertex 241.3 33.40423816497935 3.4294047947308126
    endloop
  endfacet
  facet normal 0 0.0980171403295596 0.995184726672197
    outer loop
      vertex 238.3 34.0548 3.3
      vertex 241.3 33.72314645257258 3.332665023314508
      vertex 241.3 34.0548 3.3
    endloop
  endfacet
  facet normal 0 0.29028467725446566 0.9569403357322078
    outer loop
      vertex 238.3 33.72314645257258 3.332665023314508
      vertex 241.3 33.40423816497935 3.4294047947308126
      vertex 241.3 33.72314645257258 3.332665023314508
    endloop
  endfacet
  facet normal 0 -0.4713967368260016 0.8819212643483529
    outer loop
      vertex 238.3 34.70536183502065 3.4294047947308126
      vertex 241.3 34.70536183502065 3.4294047947308126
      vertex 238.3 34.99926939613332 3.5865016590856733
    endloop
  endfacet
  facet normal 0 -0.4713967368260016 0.8819212643483529
    outer loop
      vertex 238.3 34.99926939613332 3.5865016590856733
      vertex 241.3 34.70536183502065 3.4294047947308126
      vertex 241.3 34.99926939613332 3.5865016590856733
    endloop
  endfacet
  facet normal 0 -0.6343932841636499 0.7730104533627333
    outer loop
      vertex 238.3 34.99926939613332 3.5865016590856733
      vertex 241.3 34.99926939613332 3.5865016590856733
      vertex 238.3 35.256881528017125 3.797918471982869
    endloop
  endfacet
  facet normal 0 -0.6343932841636499 0.7730104533627333
    outer loop
      vertex 238.3 35.256881528017125 3.797918471982869
      vertex 241.3 34.99926939613332 3.5865016590856733
      vertex 241.3 35.256881528017125 3.797918471982869
    endloop
  endfacet
  facet normal 1.5299484940910213e-18 0.4713967368259927 0.8819212643483577
    outer loop
      vertex 238.3 33.40423816497935 3.4294047947308126
      vertex 238.3 33.11033060386667 3.5865016590856733
      vertex 241.3 33.11033060386667 3.5865016590856733
    endloop
  endfacet
  facet normal 0 0.4713967368259927 0.8819212643483577
    outer loop
      vertex 238.3 33.40423816497935 3.4294047947308126
      vertex 241.3 33.11033060386667 3.5865016590856733
      vertex 241.3 33.40423816497935 3.4294047947308126
    endloop
  endfacet
  facet normal 3.3193712796016804e-18 0.6343932841636499 0.7730104533627333
    outer loop
      vertex 238.3 33.11033060386667 3.5865016590856733
      vertex 238.3 32.85271847198287 3.797918471982869
      vertex 241.3 32.85271847198287 3.797918471982869
    endloop
  endfacet
  facet normal 0 0.6343932841636499 0.7730104533627333
    outer loop
      vertex 238.3 33.11033060386667 3.5865016590856733
      vertex 241.3 32.85271847198287 3.797918471982869
      vertex 241.3 33.11033060386667 3.5865016590856733
    endloop
  endfacet
  facet normal 0 -0.8819212643483525 0.4713967368260024
    outer loop
      vertex 238.3 35.46829834091432 4.055530603866677
      vertex 241.3 35.46829834091432 4.055530603866677
      vertex 238.3 35.625395205269186 4.349438164979348
    endloop
  endfacet
  facet normal 0 -0.8819212643483525 0.4713967368260024
    outer loop
      vertex 238.3 35.625395205269186 4.349438164979348
      vertex 241.3 35.46829834091432 4.055530603866677
      vertex 241.3 35.625395205269186 4.349438164979348
    endloop
  endfacet
  facet normal 0 -0.7730104533627347 0.6343932841636482
    outer loop
      vertex 238.3 35.256881528017125 3.797918471982869
      vertex 241.3 35.256881528017125 3.797918471982869
      vertex 238.3 35.46829834091432 4.055530603866677
    endloop
  endfacet
  facet normal 0 -0.7730104533627347 0.6343932841636482
    outer loop
      vertex 238.3 35.46829834091432 4.055530603866677
      vertex 241.3 35.256881528017125 3.797918471982869
      vertex 241.3 35.46829834091432 4.055530603866677
    endloop
  endfacet
  facet normal 0 0.7730104533627347 0.6343932841636482
    outer loop
      vertex 238.3 32.85271847198287 3.797918471982869
      vertex 241.3 32.64130165908567 4.055530603866677
      vertex 241.3 32.85271847198287 3.797918471982869
    endloop
  endfacet
  facet normal 0 -0.95694033573221 0.29028467725445856
    outer loop
      vertex 238.3 35.625395205269186 4.349438164979348
      vertex 241.3 35.625395205269186 4.349438164979348
      vertex 238.3 35.72213497668549 4.668346452572582
    endloop
  endfacet
  facet normal 0 -0.95694033573221 0.29028467725445856
    outer loop
      vertex 238.3 35.72213497668549 4.668346452572582
      vertex 241.3 35.625395205269186 4.349438164979348
      vertex 241.3 35.72213497668549 4.668346452572582
    endloop
  endfacet
  facet normal 0 -0.9951847266721972 0.098017140329558
    outer loop
      vertex 238.3 35.72213497668549 4.668346452572582
      vertex 241.3 35.72213497668549 4.668346452572582
      vertex 238.3 35.754799999999996 5
    endloop
  endfacet
  facet normal 0 -0.9951847266721972 0.098017140329558
    outer loop
      vertex 238.3 35.754799999999996 5
      vertex 241.3 35.72213497668549 4.668346452572582
      vertex 241.3 35.754799999999996 5
    endloop
  endfacet
  facet normal 1.7243231773202961e-18 0.7730104533627347 0.6343932841636482
    outer loop
      vertex 238.3 32.85271847198287 3.797918471982869
      vertex 238.3 32.64130165908567 4.055530603866677
      vertex 241.3 32.64130165908567 4.055530603866677
    endloop
  endfacet
  facet normal 0 0.8819212643483525 0.4713967368260024
    outer loop
      vertex 238.3 32.64130165908567 4.055530603866677
      vertex 241.3 32.48420479473081 4.349438164979348
      vertex 241.3 32.64130165908567 4.055530603866677
    endloop
  endfacet
  facet normal -3.316867079575103e-18 0.8819212643483525 0.4713967368260024
    outer loop
      vertex 238.3 32.64130165908567 4.055530603866677
      vertex 238.3 32.48420479473081 4.349438164979348
      vertex 241.3 32.48420479473081 4.349438164979348
    endloop
  endfacet
  facet normal 0 0.95694033573221 0.29028467725445856
    outer loop
      vertex 238.3 32.48420479473081 4.349438164979348
      vertex 241.3 32.387465023314505 4.668346452572582
      vertex 241.3 32.48420479473081 4.349438164979348
    endloop
  endfacet
  facet normal -1.247180895285666e-18 0.95694033573221 0.29028467725445856
    outer loop
      vertex 238.3 32.48420479473081 4.349438164979348
      vertex 238.3 32.387465023314505 4.668346452572582
      vertex 241.3 32.387465023314505 4.668346452572582
    endloop
  endfacet
  facet normal 0 0.9951847266721972 0.098017140329558
    outer loop
      vertex 238.3 32.387465023314505 4.668346452572582
      vertex 241.3 32.3548 5
      vertex 241.3 32.387465023314505 4.668346452572582
    endloop
  endfacet
  facet normal -5.945868179446666e-19 0.9951847266721972 0.098017140329558
    outer loop
      vertex 238.3 32.387465023314505 4.668346452572582
      vertex 238.3 32.3548 5
      vertex 241.3 32.3548 5
    endloop
  endfacet
  facet normal 0 -0.9951847266721972 -0.098017140329558
    outer loop
      vertex 238.3 35.754799999999996 5
      vertex 241.3 35.754799999999996 5
      vertex 238.3 35.72213497668549 5.331653547427418
    endloop
  endfacet
  facet normal 0 -0.9951847266721972 -0.098017140329558
    outer loop
      vertex 238.3 35.72213497668549 5.331653547427418
      vertex 241.3 35.754799999999996 5
      vertex 241.3 35.72213497668549 5.331653547427418
    endloop
  endfacet
  facet normal 0 -0.95694033573221 -0.29028467725445856
    outer loop
      vertex 238.3 35.72213497668549 5.331653547427418
      vertex 241.3 35.72213497668549 5.331653547427418
      vertex 238.3 35.625395205269186 5.650561835020652
    endloop
  endfacet
  facet normal 0 -0.95694033573221 -0.29028467725445856
    outer loop
      vertex 238.3 35.625395205269186 5.650561835020652
      vertex 241.3 35.72213497668549 5.331653547427418
      vertex 241.3 35.625395205269186 5.650561835020652
    endloop
  endfacet
  facet normal 0 -0.8819212643483525 -0.4713967368260024
    outer loop
      vertex 238.3 35.625395205269186 5.650561835020652
      vertex 241.3 35.625395205269186 5.650561835020652
      vertex 238.3 35.46829834091432 5.944469396133323
    endloop
  endfacet
  facet normal 0 -0.8819212643483525 -0.4713967368260024
    outer loop
      vertex 238.3 35.46829834091432 5.944469396133323
      vertex 241.3 35.625395205269186 5.650561835020652
      vertex 241.3 35.46829834091432 5.944469396133323
    endloop
  endfacet
  facet normal 0 -0.7730104533627347 -0.6343932841636482
    outer loop
      vertex 238.3 35.46829834091432 5.944469396133323
      vertex 241.3 35.46829834091432 5.944469396133323
      vertex 238.3 35.256881528017125 6.202081528017131
    endloop
  endfacet
  facet normal 0 -0.7730104533627347 -0.6343932841636482
    outer loop
      vertex 238.3 35.256881528017125 6.202081528017131
      vertex 241.3 35.46829834091432 5.944469396133323
      vertex 241.3 35.256881528017125 6.202081528017131
    endloop
  endfacet
  facet normal -1.7243231773202961e-18 0.7730104533627347 -0.6343932841636482
    outer loop
      vertex 238.3 32.64130165908567 5.944469396133323
      vertex 238.3 32.85271847198287 6.202081528017131
      vertex 241.3 32.85271847198287 6.202081528017131
    endloop
  endfacet
  facet normal 0 -0.6343932841636499 -0.7730104533627333
    outer loop
      vertex 238.3 35.256881528017125 6.202081528017131
      vertex 241.3 35.256881528017125 6.202081528017131
      vertex 238.3 34.99926939613332 6.413498340914327
    endloop
  endfacet
  facet normal 0 -0.6343932841636499 -0.7730104533627333
    outer loop
      vertex 238.3 34.99926939613332 6.413498340914327
      vertex 241.3 35.256881528017125 6.202081528017131
      vertex 241.3 34.99926939613332 6.413498340914327
    endloop
  endfacet
  facet normal 0 -0.4713967368260016 -0.8819212643483529
    outer loop
      vertex 238.3 34.99926939613332 6.413498340914327
      vertex 241.3 34.99926939613332 6.413498340914327
      vertex 238.3 34.70536183502065 6.570595205269187
    endloop
  endfacet
  facet normal 0 -0.4713967368260016 -0.8819212643483529
    outer loop
      vertex 238.3 34.70536183502065 6.570595205269187
      vertex 241.3 34.99926939613332 6.413498340914327
      vertex 241.3 34.70536183502065 6.570595205269187
    endloop
  endfacet
  facet normal -3.3193712796016804e-18 0.6343932841636499 -0.7730104533627333
    outer loop
      vertex 238.3 32.85271847198287 6.202081528017131
      vertex 238.3 33.11033060386667 6.413498340914327
      vertex 241.3 33.11033060386667 6.413498340914327
    endloop
  endfacet
  facet normal 0 0.6343932841636499 -0.7730104533627333
    outer loop
      vertex 238.3 32.85271847198287 6.202081528017131
      vertex 241.3 33.11033060386667 6.413498340914327
      vertex 241.3 32.85271847198287 6.202081528017131
    endloop
  endfacet
  facet normal -1.5299484940910213e-18 0.4713967368259927 -0.8819212643483577
    outer loop
      vertex 238.3 33.11033060386667 6.413498340914327
      vertex 238.3 33.40423816497935 6.570595205269187
      vertex 241.3 33.40423816497935 6.570595205269187
    endloop
  endfacet
  facet normal 0 0.4713967368259927 -0.8819212643483577
    outer loop
      vertex 238.3 33.11033060386667 6.413498340914327
      vertex 241.3 33.40423816497935 6.570595205269187
      vertex 241.3 33.11033060386667 6.413498340914327
    endloop
  endfacet
  facet normal 0 -0.2902846772544597 -0.9569403357322096
    outer loop
      vertex 238.3 34.70536183502065 6.570595205269187
      vertex 241.3 34.70536183502065 6.570595205269187
      vertex 238.3 34.386453547427415 6.667334976685492
    endloop
  endfacet
  facet normal 0 -0.09801714032956167 -0.9951847266721968
    outer loop
      vertex 238.3 34.386453547427415 6.667334976685492
      vertex 241.3 34.386453547427415 6.667334976685492
      vertex 238.3 34.0548 6.7
    endloop
  endfacet
  facet normal 0 -0.2902846772544597 -0.9569403357322096
    outer loop
      vertex 238.3 34.386453547427415 6.667334976685492
      vertex 241.3 34.70536183502065 6.570595205269187
      vertex 241.3 34.386453547427415 6.667334976685492
    endloop
  endfacet
  facet normal 0 -0.09801714032956167 -0.9951847266721968
    outer loop
      vertex 238.3 34.0548 6.7
      vertex 241.3 34.386453547427415 6.667334976685492
      vertex 241.3 34.0548 6.7
    endloop
  endfacet
  facet normal 1.1947762831481681e-18 0.29028467725446566 -0.9569403357322078
    outer loop
      vertex 238.3 33.40423816497935 6.570595205269187
      vertex 238.3 33.72314645257258 6.667334976685492
      vertex 241.3 33.72314645257258 6.667334976685492
    endloop
  endfacet
  facet normal 0 0.0980171403295596 -0.995184726672197
    outer loop
      vertex 238.3 34.0548 6.7
      vertex 241.3 34.0548 6.7
      vertex 238.3 33.72314645257258 6.667334976685492
    endloop
  endfacet
  facet normal 0 0.29028467725446566 -0.9569403357322078
    outer loop
      vertex 238.3 33.40423816497935 6.570595205269187
      vertex 241.3 33.72314645257258 6.667334976685492
      vertex 241.3 33.40423816497935 6.570595205269187
    endloop
  endfacet
  facet normal 0 0.0980171403295596 -0.995184726672197
    outer loop
      vertex 238.3 33.72314645257258 6.667334976685492
      vertex 241.3 34.0548 6.7
      vertex 241.3 33.72314645257258 6.667334976685492
    endloop
  endfacet
  facet normal 0 0.9951847266721972 -0.098017140329558
    outer loop
      vertex 238.3 32.3548 5
      vertex 241.3 32.387465023314505 5.331653547427418
      vertex 241.3 32.3548 5
    endloop
  endfacet
  facet normal 5.945868179446666e-19 0.9951847266721972 -0.098017140329558
    outer loop
      vertex 238.3 32.3548 5
      vertex 238.3 32.387465023314505 5.331653547427418
      vertex 241.3 32.387465023314505 5.331653547427418
    endloop
  endfacet
  facet normal 0 0.95694033573221 -0.29028467725445856
    outer loop
      vertex 238.3 32.387465023314505 5.331653547427418
      vertex 241.3 32.48420479473081 5.650561835020652
      vertex 241.3 32.387465023314505 5.331653547427418
    endloop
  endfacet
  facet normal 1.247180895285666e-18 0.95694033573221 -0.29028467725445856
    outer loop
      vertex 238.3 32.387465023314505 5.331653547427418
      vertex 238.3 32.48420479473081 5.650561835020652
      vertex 241.3 32.48420479473081 5.650561835020652
    endloop
  endfacet
  facet normal 0 0.8819212643483525 -0.4713967368260024
    outer loop
      vertex 238.3 32.48420479473081 5.650561835020652
      vertex 241.3 32.64130165908567 5.944469396133323
      vertex 241.3 32.48420479473081 5.650561835020652
    endloop
  endfacet
  facet normal 3.316867079575103e-18 0.8819212643483525 -0.4713967368260024
    outer loop
      vertex 238.3 32.48420479473081 5.650561835020652
      vertex 238.3 32.64130165908567 5.944469396133323
      vertex 241.3 32.64130165908567 5.944469396133323
    endloop
  endfacet
  facet normal 0 0.7730104533627347 -0.6343932841636482
    outer loop
      vertex 238.3 32.64130165908567 5.944469396133323
      vertex 241.3 32.85271847198287 6.202081528017131
      vertex 241.3 32.64130165908567 5.944469396133323
    endloop
  endfacet
  facet normal 0 -0.0980171403295613 0.9951847266721968
    outer loop
      vertex 235.20000000000002 34.67908903045161 1.8614871027096624
      vertex 238.3 34.0548 1.7999999999999998
      vertex 238.3 34.67908903045161 1.8614871027096624
    endloop
  endfacet
  facet normal 5.252839782713279e-19 -0.0980171403295613 0.9951847266721968
    outer loop
      vertex 235.20000000000002 34.67908903045161 1.8614871027096624
      vertex 235.20000000000002 34.0548 1.7999999999999998
      vertex 238.3 34.0548 1.7999999999999998
    endloop
  endfacet
  facet normal 1 0 0
    outer loop
      vertex 235.20000000000002 34.67908903045161 1.8614871027096624
      vertex 235.20000000000002 33.430510969548386 1.8614871027096624
      vertex 235.20000000000002 34.0548 1.7999999999999998
    endloop
  endfacet
  facet normal 0 0.09801714032956019 0.9951847266721969
    outer loop
      vertex 235.20000000000002 34.0548 1.7999999999999998
      vertex 238.3 33.430510969548386 1.8614871027096624
      vertex 238.3 34.0548 1.7999999999999998
    endloop
  endfacet
  facet normal -3.9252339041491643e-19 0.09801714032956019 0.9951847266721969
    outer loop
      vertex 235.20000000000002 34.0548 1.7999999999999998
      vertex 235.20000000000002 33.430510969548386 1.8614871027096624
      vertex 238.3 33.430510969548386 1.8614871027096624
    endloop
  endfacet
  facet normal -1 0 0
    outer loop
      vertex 238.3 34.67908903045161 1.8614871027096624
      vertex 238.3 34.0548 1.7999999999999998
      vertex 238.3 33.430510969548386 1.8614871027096624
    endloop
  endfacet
  facet normal 4.0658783997926645e-18 -0.4713967368259975 0.8819212643483552
    outer loop
      vertex 238.3 35.27938698356829 2.043585495963882
      vertex 238.3 35.83262474566273 2.339297240631855
      vertex 235.20000000000002 35.83262474566273 2.339297240631855
    endloop
  endfacet
  facet normal 6.627605518491582e-17 -0.6343932841636505 0.7730104533627328
    outer loop
      vertex 235.20000000000002 35.83262474566273 2.339297240631855
      vertex 235.3 36.028441624524525 2.5
      vertex 235.20000000000002 36.028441624524525 2.5
    endloop
  endfacet
  facet normal 0 -0.6343932841636505 0.7730104533627329
    outer loop
      vertex 235.20000000000002 35.83262474566273 2.339297240631855
      vertex 238.3 35.83262474566273 2.339297240631855
      vertex 235.3 36.028441624524525 2.5
    endloop
  endfacet
  facet normal 0 -0.2902846772544608 0.9569403357322093
    outer loop
      vertex 235.20000000000002 34.67908903045161 1.8614871027096624
      vertex 238.3 34.67908903045161 1.8614871027096624
      vertex 235.20000000000002 35.27938698356829 2.043585495963882
    endloop
  endfacet
  facet normal 1.5061018920245798e-18 -0.2902846772544608 0.9569403357322093
    outer loop
      vertex 238.3 34.67908903045161 1.8614871027096624
      vertex 238.3 35.27938698356829 2.043585495963882
      vertex 235.20000000000002 35.27938698356829 2.043585495963882
    endloop
  endfacet
  facet normal 1 0 0
    outer loop
      vertex 235.20000000000002 34.67908903045161 1.8614871027096624
      vertex 235.20000000000002 35.27938698356829 2.043585495963882
      vertex 235.20000000000002 32.83021301643171 2.043585495963882
    endloop
  endfacet
  facet normal 0 -0.4713967368259975 0.8819212643483552
    outer loop
      vertex 235.20000000000002 35.27938698356829 2.043585495963882
      vertex 238.3 35.27938698356829 2.043585495963882
      vertex 235.20000000000002 35.83262474566273 2.339297240631855
    endloop
  endfacet
  facet normal -1 0 0
    outer loop
      vertex 238.3 34.67908903045161 1.8614871027096624
      vertex 238.3 33.430510969548386 1.8614871027096624
      vertex 238.3 35.27938698356829 2.043585495963882
    endloop
  endfacet
  facet normal -1 0 0
    outer loop
      vertex 238.3 35.27938698356829 2.043585495963882
      vertex 238.3 32.83021301643171 2.043585495963882
      vertex 238.3 35.83262474566273 2.339297240631855
    endloop
  endfacet
  facet normal 1 0 0
    outer loop
      vertex 235.20000000000002 34.67908903045161 1.8614871027096624
      vertex 235.20000000000002 32.83021301643171 2.043585495963882
      vertex 235.20000000000002 33.430510969548386 1.8614871027096624
    endloop
  endfacet
  facet normal 0 0.29028467725446394 0.9569403357322084
    outer loop
      vertex 235.20000000000002 33.430510969548386 1.8614871027096624
      vertex 238.3 32.83021301643171 2.043585495963882
      vertex 238.3 33.430510969548386 1.8614871027096624
    endloop
  endfacet
  facet normal 1.6649844412468876e-19 0.29028467725446394 0.9569403357322084
    outer loop
      vertex 235.20000000000002 33.430510969548386 1.8614871027096624
      vertex 235.20000000000002 32.83021301643171 2.043585495963882
      vertex 238.3 32.83021301643171 2.043585495963882
    endloop
  endfacet
  facet normal 1 0 0
    outer loop
      vertex 235.20000000000002 35.27938698356829 2.043585495963882
      vertex 235.20000000000002 32.27697525433727 2.339297240631855
      vertex 235.20000000000002 32.83021301643171 2.043585495963882
    endloop
  endfacet
  facet normal -1 0 0
    outer loop
      vertex 238.3 33.430510969548386 1.8614871027096624
      vertex 238.3 32.83021301643171 2.043585495963882
      vertex 238.3 35.27938698356829 2.043585495963882
    endloop
  endfacet
  facet normal 1 0 0
    outer loop
      vertex 235.20000000000002 35.27938698356829 2.043585495963882
      vertex 235.20000000000002 35.83262474566273 2.339297240631855
      vertex 235.20000000000002 32.27697525433727 2.339297240631855
    endloop
  endfacet
  facet normal 1 0 0
    outer loop
      vertex 235.20000000000002 35.83262474566273 2.339297240631855
      vertex 235.20000000000002 36.028441624524525 2.5
      vertex 235.20000000000002 32.27697525433727 2.339297240631855
    endloop
  endfacet
  facet normal -1 0 0
    outer loop
      vertex 238.3 35.83262474566273 2.339297240631855
      vertex 238.3 32.27697525433727 2.339297240631855
      vertex 238.3 36.31754169979695 2.7372583002030475
    endloop
  endfacet
  facet normal 1 0 0
    outer loop
      vertex 235.20000000000002 32.27697525433727 2.339297240631855
      vertex 235.20000000000002 36.028441624524525 2.5
      vertex 235.20000000000002 32.08115837547547 2.5
    endloop
  endfacet
  facet normal -1 0 0
    outer loop
      vertex 238.3 35.83262474566273 2.339297240631855
      vertex 238.3 32.83021301643171 2.043585495963882
      vertex 238.3 32.27697525433727 2.339297240631855
    endloop
  endfacet
  facet normal 0 0.4713967368259975 0.8819212643483552
    outer loop
      vertex 235.20000000000002 32.83021301643171 2.043585495963882
      vertex 238.3 32.27697525433727 2.339297240631855
      vertex 238.3 32.83021301643171 2.043585495963882
    endloop
  endfacet
  facet normal -4.0658783997926645e-18 0.4713967368259975 0.8819212643483552
    outer loop
      vertex 235.20000000000002 32.83021301643171 2.043585495963882
      vertex 235.20000000000002 32.27697525433727 2.339297240631855
      vertex 238.3 32.27697525433727 2.339297240631855
    endloop
  endfacet
  facet normal 5.435178762660567e-17 0.6343932841636367 0.7730104533627441
    outer loop
      vertex 235.20000000000002 32.27697525433727 2.339297240631855
      vertex 235.20000000000002 32.08115837547547 2.5
      vertex 235.3 32.08115837547547 2.5
    endloop
  endfacet
  facet normal 0 0.634393284163643 0.7730104533627389
    outer loop
      vertex 235.20000000000002 32.27697525433727 2.339297240631855
      vertex 238.3 31.792058300203045 2.7372583002030475
      vertex 238.3 32.27697525433727 2.339297240631855
    endloop
  endfacet
  facet normal 3.3965961820089503e-16 -0.6343932841636473 0.7730104533627353
    outer loop
      vertex 238.3 35.83262474566273 2.339297240631855
      vertex 235.3 36.31754169979695 2.7372583002030475
      vertex 235.3 36.028441624524525 2.5
    endloop
  endfacet
  facet normal 1.9572949564872873e-18 -0.6343932841636486 0.7730104533627344
    outer loop
      vertex 238.3 35.83262474566273 2.339297240631855
      vertex 238.3 36.31754169979695 2.7372583002030475
      vertex 235.3 36.31754169979695 2.7372583002030475
    endloop
  endfacet
  facet normal 0 -0.7730104533627358 0.6343932841636469
    outer loop
      vertex 238.3 36.31754169979695 2.7372583002030475
      vertex 235.3 36.71550275936814 3.222175254337273
      vertex 235.3 36.31754169979695 2.7372583002030475
    endloop
  endfacet
  facet normal -4.835353802404286e-19 -0.7730104533627358 0.6343932841636469
    outer loop
      vertex 238.3 36.31754169979695 2.7372583002030475
      vertex 238.3 36.71550275936814 3.222175254337273
      vertex 235.3 36.71550275936814 3.222175254337273
    endloop
  endfacet
  facet normal -1 0 0
    outer loop
      vertex 238.3 32.27697525433727 2.339297240631855
      vertex 238.3 31.792058300203045 2.7372583002030475
      vertex 238.3 36.31754169979695 2.7372583002030475
    endloop
  endfacet
  facet normal -1 0 0
    outer loop
      vertex 238.3 36.31754169979695 2.7372583002030475
      vertex 238.3 31.792058300203045 2.7372583002030475
      vertex 238.3 36.71550275936814 3.222175254337273
    endloop
  endfacet
  facet normal -1 0 0
    outer loop
      vertex 238.3 36.71550275936814 3.222175254337273
      vertex 238.3 31.792058300203045 2.7372583002030475
      vertex 238.3 31.39409724063185 3.222175254337273
    endloop
  endfacet
  facet normal 0 -0.8819212643483527 0.4713967368260019
    outer loop
      vertex 238.3 36.71550275936814 3.222175254337273
      vertex 235.3 37.01121450403612 3.7754130164317123
      vertex 235.3 36.71550275936814 3.222175254337273
    endloop
  endfacet
  facet normal -3.1749878188471748e-18 -0.8819212643483527 0.4713967368260019
    outer loop
      vertex 238.3 36.71550275936814 3.222175254337273
      vertex 238.3 37.01121450403612 3.7754130164317123
      vertex 235.3 37.01121450403612 3.7754130164317123
    endloop
  endfacet
  facet normal -1 0 0
    outer loop
      vertex 238.3 36.71550275936814 3.222175254337273
      vertex 238.3 34.99926939613332 3.5865016590856733
      vertex 238.3 37.01121450403612 3.7754130164317123
    endloop
  endfacet
  facet normal -1 0 0
    outer loop
      vertex 238.3 34.99926939613332 3.5865016590856733
      vertex 238.3 35.256881528017125 3.797918471982869
      vertex 238.3 37.01121450403612 3.7754130164317123
    endloop
  endfacet
  facet normal -1 0 0
    outer loop
      vertex 238.3 36.71550275936814 3.222175254337273
      vertex 238.3 34.386453547427415 3.332665023314508
      vertex 238.3 34.70536183502065 3.4294047947308126
    endloop
  endfacet
  facet normal -1 0 0
    outer loop
      vertex 238.3 36.71550275936814 3.222175254337273
      vertex 238.3 34.0548 3.3
      vertex 238.3 34.386453547427415 3.332665023314508
    endloop
  endfacet
  facet normal -1 0 0
    outer loop
      vertex 238.3 36.71550275936814 3.222175254337273
      vertex 238.3 34.70536183502065 3.4294047947308126
      vertex 238.3 34.99926939613332 3.5865016590856733
    endloop
  endfacet
  facet normal -1 0 0
    outer loop
      vertex 238.3 36.71550275936814 3.222175254337273
      vertex 238.3 31.39409724063185 3.222175254337273
      vertex 238.3 34.0548 3.3
    endloop
  endfacet
  facet normal -1 0 0
    outer loop
      vertex 238.3 34.0548 3.3
      vertex 238.3 31.39409724063185 3.222175254337273
      vertex 238.3 33.72314645257258 3.332665023314508
    endloop
  endfacet
  facet normal -1 0 0
    outer loop
      vertex 238.3 33.72314645257258 3.332665023314508
      vertex 238.3 31.39409724063185 3.222175254337273
      vertex 238.3 33.40423816497935 3.4294047947308126
    endloop
  endfacet
  facet normal 0 -0.9569403357322112 0.29028467725445484
    outer loop
      vertex 238.3 37.01121450403612 3.7754130164317123
      vertex 235.3 37.19331289729033 4.37571096954839
      vertex 235.3 37.01121450403612 3.7754130164317123
    endloop
  endfacet
  facet normal -1 0 0
    outer loop
      vertex 238.3 37.01121450403612 3.7754130164317123
      vertex 238.3 35.256881528017125 3.797918471982869
      vertex 238.3 35.46829834091432 4.055530603866677
    endloop
  endfacet
  facet normal -1 0 0
    outer loop
      vertex 238.3 37.01121450403612 3.7754130164317123
      vertex 238.3 35.46829834091432 4.055530603866677
      vertex 238.3 35.625395205269186 4.349438164979348
    endloop
  endfacet
  facet normal -4.183010643783908e-19 -0.9569403357322112 0.29028467725445484
    outer loop
      vertex 238.3 37.01121450403612 3.7754130164317123
      vertex 238.3 37.19331289729033 4.37571096954839
      vertex 235.3 37.19331289729033 4.37571096954839
    endloop
  endfacet
  facet normal -1 0 0
    outer loop
      vertex 238.3 37.01121450403612 3.7754130164317123
      vertex 238.3 35.625395205269186 4.349438164979348
      vertex 238.3 37.19331289729033 4.37571096954839
    endloop
  endfacet
  facet normal 0 -0.9951847266721969 0.09801714032956073
    outer loop
      vertex 238.3 37.19331289729033 4.37571096954839
      vertex 235.3 37.254799999999996 5
      vertex 235.3 37.19331289729033 4.37571096954839
    endloop
  endfacet
  facet normal -1 0 0
    outer loop
      vertex 238.3 37.19331289729033 4.37571096954839
      vertex 238.3 35.625395205269186 4.349438164979348
      vertex 238.3 35.72213497668549 4.668346452572582
    endloop
  endfacet
  facet normal -1 0 0
    outer loop
      vertex 238.3 37.19331289729033 4.37571096954839
      vertex 238.3 35.72213497668549 4.668346452572582
      vertex 238.3 35.754799999999996 5
    endloop
  endfacet
  facet normal -1.3693583310301829e-18 -0.9951847266721969 0.09801714032956073
    outer loop
      vertex 238.3 37.19331289729033 4.37571096954839
      vertex 238.3 37.254799999999996 5
      vertex 235.3 37.254799999999996 5
    endloop
  endfacet
  facet normal -1 0 0
    outer loop
      vertex 238.3 37.19331289729033 4.37571096954839
      vertex 238.3 35.754799999999996 5
      vertex 238.3 37.254799999999996 5
    endloop
  endfacet
  facet normal -1.80076294342704e-15 0.6343932841636363 0.7730104533627447
    outer loop
      vertex 235.20000000000002 32.27697525433727 2.339297240631855
      vertex 235.3 32.08115837547547 2.5
      vertex 238.3 31.792058300203045 2.7372583002030475
    endloop
  endfacet
  facet normal 0 0.6343932841636473 0.7730104533627353
    outer loop
      vertex 238.3 31.792058300203045 2.7372583002030475
      vertex 235.3 32.08115837547547 2.5
      vertex 235.3 31.792058300203045 2.7372583002030475
    endloop
  endfacet
  facet normal 0 0.7730104533627358 0.6343932841636469
    outer loop
      vertex 238.3 31.792058300203045 2.7372583002030475
      vertex 235.3 31.792058300203045 2.7372583002030475
      vertex 238.3 31.39409724063185 3.222175254337273
    endloop
  endfacet
  facet normal 0 0.7730104533627358 0.6343932841636469
    outer loop
      vertex 238.3 31.39409724063185 3.222175254337273
      vertex 235.3 31.792058300203045 2.7372583002030475
      vertex 235.3 31.39409724063185 3.222175254337273
    endloop
  endfacet
  facet normal -1 0 0
    outer loop
      vertex 238.3 33.40423816497935 3.4294047947308126
      vertex 238.3 31.39409724063185 3.222175254337273
      vertex 238.3 33.11033060386667 3.5865016590856733
    endloop
  endfacet
  facet normal 0 0.8819212643483552 0.47139673682599753
    outer loop
      vertex 238.3 31.39409724063185 3.222175254337273
      vertex 235.3 31.39409724063185 3.222175254337273
      vertex 238.3 31.09838549596388 3.7754130164317123
    endloop
  endfacet
  facet normal -1 0 0
    outer loop
      vertex 238.3 33.11033060386667 3.5865016590856733
      vertex 238.3 31.39409724063185 3.222175254337273
      vertex 238.3 31.09838549596388 3.7754130164317123
    endloop
  endfacet
  facet normal -1 0 0
    outer loop
      vertex 238.3 33.11033060386667 3.5865016590856733
      vertex 238.3 31.09838549596388 3.7754130164317123
      vertex 238.3 32.85271847198287 3.797918471982869
    endloop
  endfacet
  facet normal 0 0.8819212643483552 0.47139673682599753
    outer loop
      vertex 238.3 31.09838549596388 3.7754130164317123
      vertex 235.3 31.39409724063185 3.222175254337273
      vertex 235.3 31.09838549596388 3.7754130164317123
    endloop
  endfacet
  facet normal -1 0 0
    outer loop
      vertex 238.3 32.85271847198287 3.797918471982869
      vertex 238.3 31.09838549596388 3.7754130164317123
      vertex 238.3 32.64130165908567 4.055530603866677
    endloop
  endfacet
  facet normal -1 0 0
    outer loop
      vertex 238.3 32.64130165908567 4.055530603866677
      vertex 238.3 31.09838549596388 3.7754130164317123
      vertex 238.3 32.48420479473081 4.349438164979348
    endloop
  endfacet
  facet normal 0 0.9569403357322096 0.29028467725446
    outer loop
      vertex 238.3 31.09838549596388 3.7754130164317123
      vertex 235.3 31.09838549596388 3.7754130164317123
      vertex 238.3 30.91628710270966 4.37571096954839
    endloop
  endfacet
  facet normal -1 0 0
    outer loop
      vertex 238.3 32.48420479473081 4.349438164979348
      vertex 238.3 31.09838549596388 3.7754130164317123
      vertex 238.3 30.91628710270966 4.37571096954839
    endloop
  endfacet
  facet normal 0 0.9569403357322096 0.29028467725446
    outer loop
      vertex 238.3 30.91628710270966 4.37571096954839
      vertex 235.3 31.09838549596388 3.7754130164317123
      vertex 235.3 30.91628710270966 4.37571096954839
    endloop
  endfacet
  facet normal -1 0 0
    outer loop
      vertex 238.3 32.48420479473081 4.349438164979348
      vertex 238.3 30.91628710270966 4.37571096954839
      vertex 238.3 32.387465023314505 4.668346452572582
    endloop
  endfacet
  facet normal -1 0 0
    outer loop
      vertex 238.3 32.387465023314505 4.668346452572582
      vertex 238.3 30.91628710270966 4.37571096954839
      vertex 238.3 30.854799999999997 5
    endloop
  endfacet
  facet normal 0 0.9951847266721969 0.09801714032956073
    outer loop
      vertex 238.3 30.91628710270966 4.37571096954839
      vertex 235.3 30.91628710270966 4.37571096954839
      vertex 238.3 30.854799999999997 5
    endloop
  endfacet
  facet normal -1 0 0
    outer loop
      vertex 238.3 32.387465023314505 4.668346452572582
      vertex 238.3 30.854799999999997 5
      vertex 238.3 32.3548 5
    endloop
  endfacet
  facet normal 0 0.9951847266721969 0.09801714032956073
    outer loop
      vertex 238.3 30.854799999999997 5
      vertex 235.3 30.91628710270966 4.37571096954839
      vertex 235.3 30.854799999999997 5
    endloop
  endfacet
  facet normal 0 -0.9951847266721969 -0.09801714032956073
    outer loop
      vertex 238.3 37.254799999999996 5
      vertex 235.3 37.19331289729033 5.62428903045161
      vertex 235.3 37.254799999999996 5
    endloop
  endfacet
  facet normal -1 0 0
    outer loop
      vertex 238.3 37.254799999999996 5
      vertex 238.3 35.754799999999996 5
      vertex 238.3 37.19331289729033 5.62428903045161
    endloop
  endfacet
  facet normal 1.3693583310301829e-18 -0.9951847266721969 -0.09801714032956073
    outer loop
      vertex 238.3 37.254799999999996 5
      vertex 238.3 37.19331289729033 5.62428903045161
      vertex 235.3 37.19331289729033 5.62428903045161
    endloop
  endfacet
  facet normal -1 0 0
    outer loop
      vertex 238.3 37.19331289729033 5.62428903045161
      vertex 238.3 35.754799999999996 5
      vertex 238.3 35.72213497668549 5.331653547427418
    endloop
  endfacet
  facet normal -1 0 0
    outer loop
      vertex 238.3 37.19331289729033 5.62428903045161
      vertex 238.3 35.72213497668549 5.331653547427418
      vertex 238.3 35.625395205269186 5.650561835020652
    endloop
  endfacet
  facet normal 0 -0.9569403357322112 -0.29028467725445484
    outer loop
      vertex 238.3 37.19331289729033 5.62428903045161
      vertex 235.3 37.01121450403612 6.224586983568288
      vertex 235.3 37.19331289729033 5.62428903045161
    endloop
  endfacet
  facet normal -1 0 0
    outer loop
      vertex 238.3 37.19331289729033 5.62428903045161
      vertex 238.3 35.625395205269186 5.650561835020652
      vertex 238.3 37.01121450403612 6.224586983568288
    endloop
  endfacet
  facet normal 4.183010643783908e-19 -0.9569403357322112 -0.29028467725445484
    outer loop
      vertex 238.3 37.19331289729033 5.62428903045161
      vertex 238.3 37.01121450403612 6.224586983568288
      vertex 235.3 37.01121450403612 6.224586983568288
    endloop
  endfacet
  facet normal -1 0 0
    outer loop
      vertex 238.3 35.625395205269186 5.650561835020652
      vertex 238.3 35.46829834091432 5.944469396133323
      vertex 238.3 37.01121450403612 6.224586983568288
    endloop
  endfacet
  facet normal -1 0 0
    outer loop
      vertex 238.3 37.01121450403612 6.224586983568288
      vertex 238.3 35.46829834091432 5.944469396133323
      vertex 238.3 35.256881528017125 6.202081528017131
    endloop
  endfacet
  facet normal 0 -0.8819212643483527 -0.4713967368260019
    outer loop
      vertex 238.3 37.01121450403612 6.224586983568288
      vertex 235.3 36.71550275936814 6.777824745662727
      vertex 235.3 37.01121450403612 6.224586983568288
    endloop
  endfacet
  facet normal -1 0 0
    outer loop
      vertex 238.3 37.01121450403612 6.224586983568288
      vertex 238.3 35.256881528017125 6.202081528017131
      vertex 238.3 34.99926939613332 6.413498340914327
    endloop
  endfacet
  facet normal -1 0 0
    outer loop
      vertex 238.3 37.01121450403612 6.224586983568288
      vertex 238.3 34.99926939613332 6.413498340914327
      vertex 238.3 36.71550275936814 6.777824745662727
    endloop
  endfacet
  facet normal 3.1749878188471748e-18 -0.8819212643483527 -0.4713967368260019
    outer loop
      vertex 238.3 37.01121450403612 6.224586983568288
      vertex 238.3 36.71550275936814 6.777824745662727
      vertex 235.3 36.71550275936814 6.777824745662727
    endloop
  endfacet
  facet normal -1 0 0
    outer loop
      vertex 238.3 36.71550275936814 6.777824745662727
      vertex 238.3 34.99926939613332 6.413498340914327
      vertex 238.3 34.70536183502065 6.570595205269187
    endloop
  endfacet
  facet normal -1 0 0
    outer loop
      vertex 238.3 36.71550275936814 6.777824745662727
      vertex 238.3 34.70536183502065 6.570595205269187
      vertex 238.3 34.386453547427415 6.667334976685492
    endloop
  endfacet
  facet normal -1 0 0
    outer loop
      vertex 238.3 36.71550275936814 6.777824745662727
      vertex 238.3 34.386453547427415 6.667334976685492
      vertex 238.3 34.0548 6.7
    endloop
  endfacet
  facet normal -1 0 0
    outer loop
      vertex 238.3 33.40423816497935 6.570595205269187
      vertex 238.3 31.39409724063185 6.777824745662727
      vertex 238.3 33.72314645257258 6.667334976685492
    endloop
  endfacet
  facet normal -1 0 0
    outer loop
      vertex 238.3 34.0548 6.7
      vertex 238.3 33.72314645257258 6.667334976685492
      vertex 238.3 31.39409724063185 6.777824745662727
    endloop
  endfacet
  facet normal -1 0 0
    outer loop
      vertex 238.3 36.71550275936814 6.777824745662727
      vertex 238.3 34.0548 6.7
      vertex 238.3 31.39409724063185 6.777824745662727
    endloop
  endfacet
  facet normal 0 -0.7730104533627361 -0.6343932841636466
    outer loop
      vertex 238.3 36.71550275936814 6.777824745662727
      vertex 235.3 36.31754169979695 7.262741699796953
      vertex 235.3 36.71550275936814 6.777824745662727
    endloop
  endfacet
  facet normal -4.934712753032332e-18 -0.7730104533627361 -0.6343932841636466
    outer loop
      vertex 238.3 36.71550275936814 6.777824745662727
      vertex 238.3 36.31754169979695 7.262741699796953
      vertex 235.3 36.31754169979695 7.262741699796953
    endloop
  endfacet
  facet normal 0 -0.6343932841636483 -0.7730104533627348
    outer loop
      vertex 238.3 36.31754169979695 7.262741699796953
      vertex 235.3 35.83262474566273 7.660702759368145
      vertex 235.3 36.31754169979695 7.262741699796953
    endloop
  endfacet
  facet normal -1 0 0
    outer loop
      vertex 238.3 36.71550275936814 6.777824745662727
      vertex 238.3 31.39409724063185 6.777824745662727
      vertex 238.3 36.31754169979695 7.262741699796953
    endloop
  endfacet
  facet normal -1 0 0
    outer loop
      vertex 238.3 36.31754169979695 7.262741699796953
      vertex 238.3 31.39409724063185 6.777824745662727
      vertex 238.3 31.792058300203045 7.262741699796953
    endloop
  endfacet
  facet normal -1 0 0
    outer loop
      vertex 238.3 36.31754169979695 7.262741699796953
      vertex 238.3 31.792058300203045 7.262741699796953
      vertex 238.3 35.83262474566273 7.660702759368145
    endloop
  endfacet
  facet normal 0 0.9951847266721969 -0.09801714032956073
    outer loop
      vertex 238.3 30.854799999999997 5
      vertex 235.3 30.854799999999997 5
      vertex 238.3 30.91628710270966 5.62428903045161
    endloop
  endfacet
  facet normal -1 0 0
    outer loop
      vertex 238.3 32.3548 5
      vertex 238.3 30.854799999999997 5
      vertex 238.3 30.91628710270966 5.62428903045161
    endloop
  endfacet
  facet normal -1 0 0
    outer loop
      vertex 238.3 32.3548 5
      vertex 238.3 30.91628710270966 5.62428903045161
      vertex 238.3 32.387465023314505 5.331653547427418
    endloop
  endfacet
  facet normal -1 0 0
    outer loop
      vertex 238.3 32.387465023314505 5.331653547427418
      vertex 238.3 30.91628710270966 5.62428903045161
      vertex 238.3 32.48420479473081 5.650561835020652
    endloop
  endfacet
  facet normal 0 0.9951847266721969 -0.09801714032956073
    outer loop
      vertex 238.3 30.91628710270966 5.62428903045161
      vertex 235.3 30.854799999999997 5
      vertex 235.3 30.91628710270966 5.62428903045161
    endloop
  endfacet
  facet normal -1 0 0
    outer loop
      vertex 238.3 32.48420479473081 5.650561835020652
      vertex 238.3 30.91628710270966 5.62428903045161
      vertex 238.3 31.09838549596388 6.224586983568288
    endloop
  endfacet
  facet normal 0 0.9569403357322096 -0.29028467725446
    outer loop
      vertex 238.3 30.91628710270966 5.62428903045161
      vertex 235.3 30.91628710270966 5.62428903045161
      vertex 238.3 31.09838549596388 6.224586983568288
    endloop
  endfacet
  facet normal -1 0 0
    outer loop
      vertex 238.3 32.48420479473081 5.650561835020652
      vertex 238.3 31.09838549596388 6.224586983568288
      vertex 238.3 32.64130165908567 5.944469396133323
    endloop
  endfacet
  facet normal -1 0 0
    outer loop
      vertex 238.3 32.64130165908567 5.944469396133323
      vertex 238.3 31.09838549596388 6.224586983568288
      vertex 238.3 32.85271847198287 6.202081528017131
    endloop
  endfacet
  facet normal 0 0.9569403357322096 -0.29028467725446
    outer loop
      vertex 238.3 31.09838549596388 6.224586983568288
      vertex 235.3 30.91628710270966 5.62428903045161
      vertex 235.3 31.09838549596388 6.224586983568288
    endloop
  endfacet
  facet normal -1 0 0
    outer loop
      vertex 238.3 32.85271847198287 6.202081528017131
      vertex 238.3 31.09838549596388 6.224586983568288
      vertex 238.3 33.11033060386667 6.413498340914327
    endloop
  endfacet
  facet normal -1 0 0
    outer loop
      vertex 238.3 33.11033060386667 6.413498340914327
      vertex 238.3 31.09838549596388 6.224586983568288
      vertex 238.3 31.39409724063185 6.777824745662727
    endloop
  endfacet
  facet normal 0 0.8819212643483552 -0.47139673682599753
    outer loop
      vertex 238.3 31.09838549596388 6.224586983568288
      vertex 235.3 31.09838549596388 6.224586983568288
      vertex 238.3 31.39409724063185 6.777824745662727
    endloop
  endfacet
  facet normal -1 0 0
    outer loop
      vertex 238.3 33.11033060386667 6.413498340914327
      vertex 238.3 31.39409724063185 6.777824745662727
      vertex 238.3 33.40423816497935 6.570595205269187
    endloop
  endfacet
  facet normal 0 0.8819212643483552 -0.47139673682599753
    outer loop
      vertex 238.3 31.39409724063185 6.777824745662727
      vertex 235.3 31.09838549596388 6.224586983568288
      vertex 235.3 31.39409724063185 6.777824745662727
    endloop
  endfacet
  facet normal 4.934712753032332e-18 0.7730104533627361 -0.6343932841636466
    outer loop
      vertex 238.3 31.792058300203045 7.262741699796953
      vertex 238.3 31.39409724063185 6.777824745662727
      vertex 235.3 31.39409724063185 6.777824745662727
    endloop
  endfacet
  facet normal 0 0.7730104533627361 -0.6343932841636466
    outer loop
      vertex 238.3 31.792058300203045 7.262741699796953
      vertex 235.3 31.39409724063185 6.777824745662727
      vertex 235.3 31.792058300203045 7.262741699796953
    endloop
  endfacet
  facet normal 0 0.6343932841636427 -0.7730104533627393
    outer loop
      vertex 238.3 31.792058300203045 7.262741699796953
      vertex 235.3 31.792058300203045 7.262741699796953
      vertex 238.3 32.27697525433727 7.660702759368145
    endloop
  endfacet
  facet normal -5.516524653746208e-18 -0.6343932841636483 -0.7730104533627348
    outer loop
      vertex 238.3 36.31754169979695 7.262741699796953
      vertex 238.3 35.83262474566273 7.660702759368145
      vertex 235.3 35.83262474566273 7.660702759368145
    endloop
  endfacet
  facet normal 0 -0.47139673682599803 -0.8819212643483549
    outer loop
      vertex 238.3 35.83262474566273 7.660702759368145
      vertex 235.3 35.27938698356829 7.956414504036118
      vertex 235.3 35.83262474566273 7.660702759368145
    endloop
  endfacet
  facet normal -1 0 0
    outer loop
      vertex 238.3 35.83262474566273 7.660702759368145
      vertex 238.3 32.27697525433727 7.660702759368145
      vertex 238.3 35.27938698356829 7.956414504036118
    endloop
  endfacet
  facet normal -1 0 0
    outer loop
      vertex 238.3 31.792058300203045 7.262741699796953
      vertex 238.3 32.27697525433727 7.660702759368145
      vertex 238.3 35.83262474566273 7.660702759368145
    endloop
  endfacet
  facet normal -2.0157462086275733e-18 -0.47139673682599803 -0.8819212643483549
    outer loop
      vertex 238.3 35.83262474566273 7.660702759368145
      vertex 238.3 35.27938698356829 7.956414504036118
      vertex 235.3 35.27938698356829 7.956414504036118
    endloop
  endfacet
  facet normal 0 -0.29028467725445883 -0.9569403357322099
    outer loop
      vertex 238.3 35.27938698356829 7.956414504036118
      vertex 235.3 34.67908903045161 8.138512897290337
      vertex 235.3 35.27938698356829 7.956414504036118
    endloop
  endfacet
  facet normal 3.079164774426354e-18 -0.29028467725445883 -0.9569403357322099
    outer loop
      vertex 238.3 35.27938698356829 7.956414504036118
      vertex 238.3 34.67908903045161 8.138512897290337
      vertex 235.3 34.67908903045161 8.138512897290337
    endloop
  endfacet
  facet normal -1 0 0
    outer loop
      vertex 238.3 35.27938698356829 7.956414504036118
      vertex 238.3 32.83021301643171 7.956414504036118
      vertex 238.3 34.67908903045161 8.138512897290337
    endloop
  endfacet
  facet normal 0 0.290284677254462 -0.956940335732209
    outer loop
      vertex 238.3 32.83021301643171 7.956414504036118
      vertex 235.3 32.83021301643171 7.956414504036118
      vertex 238.3 33.430510969548386 8.138512897290337
    endloop
  endfacet
  facet normal 0 0.290284677254462 -0.956940335732209
    outer loop
      vertex 238.3 33.430510969548386 8.138512897290337
      vertex 235.3 32.83021301643171 7.956414504036118
      vertex 235.3 33.430510969548386 8.138512897290337
    endloop
  endfacet
  facet normal -1 0 0
    outer loop
      vertex 238.3 35.27938698356829 7.956414504036118
      vertex 238.3 32.27697525433727 7.660702759368145
      vertex 238.3 32.83021301643171 7.956414504036118
    endloop
  endfacet
  facet normal -1 0 0
    outer loop
      vertex 238.3 34.67908903045161 8.138512897290337
      vertex 238.3 32.83021301643171 7.956414504036118
      vertex 238.3 33.430510969548386 8.138512897290337
    endloop
  endfacet
  facet normal 0 -0.09801714032956128 -0.9951847266721968
    outer loop
      vertex 238.3 34.67908903045161 8.138512897290337
      vertex 235.3 34.0548 8.2
      vertex 235.3 34.67908903045161 8.138512897290337
    endloop
  endfacet
  facet normal -5.427934442137045e-19 -0.09801714032956128 -0.9951847266721968
    outer loop
      vertex 238.3 34.67908903045161 8.138512897290337
      vertex 238.3 34.0548 8.2
      vertex 235.3 34.0548 8.2
    endloop
  endfacet
  facet normal 0 0.09801714032956017 -0.9951847266721969
    outer loop
      vertex 238.3 34.0548 8.2
      vertex 235.3 33.430510969548386 8.138512897290337
      vertex 235.3 34.0548 8.2
    endloop
  endfacet
  facet normal 4.056075034287462e-19 0.09801714032956017 -0.9951847266721969
    outer loop
      vertex 238.3 34.0548 8.2
      vertex 238.3 33.430510969548386 8.138512897290337
      vertex 235.3 33.430510969548386 8.138512897290337
    endloop
  endfacet
  facet normal -1 0 0
    outer loop
      vertex 238.3 34.67908903045161 8.138512897290337
      vertex 238.3 33.430510969548386 8.138512897290337
      vertex 238.3 34.0548 8.2
    endloop
  endfacet
  facet normal 0 0.6343932841636427 -0.7730104533627393
    outer loop
      vertex 238.3 32.27697525433727 7.660702759368145
      vertex 235.3 31.792058300203045 7.262741699796953
      vertex 235.3 32.27697525433727 7.660702759368145
    endloop
  endfacet
  facet normal 0 0.47139673682599803 -0.8819212643483549
    outer loop
      vertex 238.3 32.27697525433727 7.660702759368145
      vertex 235.3 32.27697525433727 7.660702759368145
      vertex 238.3 32.83021301643171 7.956414504036118
    endloop
  endfacet
  facet normal 0 0.47139673682599803 -0.8819212643483549
    outer loop
      vertex 238.3 32.83021301643171 7.956414504036118
      vertex 235.3 32.27697525433727 7.660702759368145
      vertex 235.3 32.83021301643171 7.956414504036118
    endloop
  endfacet
  facet normal 2.590439901906677e-19 -0.09801714032956063 0.9951847266721968
    outer loop
      vertex 238.3 22.161653547427417 3.332665023314508
      vertex 238.3 21.83 3.3
      vertex 241.3 21.83 3.3
    endloop
  endfacet
  facet normal 1.4082853100160145e-18 -0.29028467725446266 0.9569403357322087
    outer loop
      vertex 238.3 22.48056183502065 3.4294047947308126
      vertex 238.3 22.161653547427417 3.332665023314508
      vertex 241.3 22.161653547427417 3.332665023314508
    endloop
  endfacet
  facet normal 0 -0.09801714032956063 0.9951847266721968
    outer loop
      vertex 238.3 22.161653547427417 3.332665023314508
      vertex 241.3 21.83 3.3
      vertex 241.3 22.161653547427417 3.332665023314508
    endloop
  endfacet
  facet normal 0 -0.29028467725446266 0.9569403357322087
    outer loop
      vertex 238.3 22.48056183502065 3.4294047947308126
      vertex 241.3 22.161653547427417 3.332665023314508
      vertex 241.3 22.48056183502065 3.4294047947308126
    endloop
  endfacet
  facet normal 0 -0.47139673682599714 0.8819212643483553
    outer loop
      vertex 238.3 22.48056183502065 3.4294047947308126
      vertex 241.3 22.48056183502065 3.4294047947308126
      vertex 238.3 22.774469396133323 3.5865016590856733
    endloop
  endfacet
  facet normal 0 -0.47139673682599714 0.8819212643483553
    outer loop
      vertex 238.3 22.774469396133323 3.5865016590856733
      vertex 241.3 22.48056183502065 3.4294047947308126
      vertex 241.3 22.774469396133323 3.5865016590856733
    endloop
  endfacet
  facet normal 0 -0.6343932841636447 0.7730104533627377
    outer loop
      vertex 238.3 22.774469396133323 3.5865016590856733
      vertex 241.3 22.774469396133323 3.5865016590856733
      vertex 238.3 23.03208152801713 3.797918471982869
    endloop
  endfacet
  facet normal 0 -0.6343932841636447 0.7730104533627377
    outer loop
      vertex 238.3 23.03208152801713 3.797918471982869
      vertex 241.3 22.774469396133323 3.5865016590856733
      vertex 241.3 23.03208152801713 3.797918471982869
    endloop
  endfacet
  facet normal 0 -0.77301045336274 0.6343932841636417
    outer loop
      vertex 238.3 23.03208152801713 3.797918471982869
      vertex 241.3 23.03208152801713 3.797918471982869
      vertex 238.3 23.243498340914325 4.055530603866677
    endloop
  endfacet
  facet normal 0 -0.77301045336274 0.6343932841636417
    outer loop
      vertex 238.3 23.243498340914325 4.055530603866677
      vertex 241.3 23.03208152801713 3.797918471982869
      vertex 241.3 23.243498340914325 4.055530603866677
    endloop
  endfacet
  facet normal 0 -0.8819212643483569 0.4713967368259941
    outer loop
      vertex 238.3 23.243498340914325 4.055530603866677
      vertex 241.3 23.243498340914325 4.055530603866677
      vertex 238.3 23.400595205269184 4.349438164979348
    endloop
  endfacet
  facet normal 0 -0.8819212643483569 0.4713967368259941
    outer loop
      vertex 238.3 23.400595205269184 4.349438164979348
      vertex 241.3 23.243498340914325 4.055530603866677
      vertex 241.3 23.400595205269184 4.349438164979348
    endloop
  endfacet
  facet normal 0 -0.956940335732207 0.2902846772544683
    outer loop
      vertex 238.3 23.400595205269184 4.349438164979348
      vertex 241.3 23.400595205269184 4.349438164979348
      vertex 238.3 23.49733497668549 4.668346452572582
    endloop
  endfacet
  facet normal 0 -0.956940335732207 0.2902846772544683
    outer loop
      vertex 238.3 23.49733497668549 4.668346452572582
      vertex 241.3 23.400595205269184 4.349438164979348
      vertex 241.3 23.49733497668549 4.668346452572582
    endloop
  endfacet
  facet normal 0 -0.9951847266721972 0.098017140329558
    outer loop
      vertex 238.3 23.49733497668549 4.668346452572582
      vertex 241.3 23.49733497668549 4.668346452572582
      vertex 238.3 23.529999999999998 5
    endloop
  endfacet
  facet normal 0 -0.9951847266721972 0.098017140329558
    outer loop
      vertex 238.3 23.529999999999998 5
      vertex 241.3 23.49733497668549 4.668346452572582
      vertex 241.3 23.529999999999998 5
    endloop
  endfacet
  facet normal -2.590439901906677e-19 0.09801714032956063 0.9951847266721968
    outer loop
      vertex 238.3 21.83 3.3
      vertex 238.3 21.49834645257258 3.332665023314508
      vertex 241.3 21.49834645257258 3.332665023314508
    endloop
  endfacet
  facet normal -1.4082853100160145e-18 0.29028467725446266 0.9569403357322087
    outer loop
      vertex 238.3 21.49834645257258 3.332665023314508
      vertex 238.3 21.179438164979345 3.4294047947308126
      vertex 241.3 21.179438164979345 3.4294047947308126
    endloop
  endfacet
  facet normal 0 0.09801714032956063 0.9951847266721968
    outer loop
      vertex 238.3 21.83 3.3
      vertex 241.3 21.49834645257258 3.332665023314508
      vertex 241.3 21.83 3.3
    endloop
  endfacet
  facet normal 0 0.29028467725446266 0.9569403357322087
    outer loop
      vertex 238.3 21.49834645257258 3.332665023314508
      vertex 241.3 21.179438164979345 3.4294047947308126
      vertex 241.3 21.49834645257258 3.332665023314508
    endloop
  endfacet
  facet normal -2.4011639954610097e-18 0.47139673682599714 0.8819212643483553
    outer loop
      vertex 238.3 21.179438164979345 3.4294047947308126
      vertex 238.3 20.885530603866673 3.5865016590856733
      vertex 241.3 20.885530603866673 3.5865016590856733
    endloop
  endfacet
  facet normal 0 0.47139673682599714 0.8819212643483553
    outer loop
      vertex 238.3 21.179438164979345 3.4294047947308126
      vertex 241.3 20.885530603866673 3.5865016590856733
      vertex 241.3 21.179438164979345 3.4294047947308126
    endloop
  endfacet
  facet normal 1.6161262759508536e-18 0.6343932841636447 0.7730104533627377
    outer loop
      vertex 238.3 20.885530603866673 3.5865016590856733
      vertex 238.3 20.627918471982866 3.797918471982869
      vertex 241.3 20.627918471982866 3.797918471982869
    endloop
  endfacet
  facet normal 0 0.6343932841636447 0.7730104533627377
    outer loop
      vertex 238.3 20.885530603866673 3.5865016590856733
      vertex 241.3 20.627918471982866 3.797918471982869
      vertex 241.3 20.885530603866673 3.5865016590856733
    endloop
  endfacet
  facet normal 0 0.77301045336274 0.6343932841636417
    outer loop
      vertex 238.3 20.627918471982866 3.797918471982869
      vertex 241.3 20.41650165908567 4.055530603866677
      vertex 241.3 20.627918471982866 3.797918471982869
    endloop
  endfacet
  facet normal 1.0123123076107682e-18 0.77301045336274 0.6343932841636417
    outer loop
      vertex 238.3 20.627918471982866 3.797918471982869
      vertex 238.3 20.41650165908567 4.055530603866677
      vertex 241.3 20.41650165908567 4.055530603866677
    endloop
  endfacet
  facet normal 0 0.8819212643483569 0.4713967368259941
    outer loop
      vertex 238.3 20.41650165908567 4.055530603866677
      vertex 241.3 20.259404794730813 4.349438164979348
      vertex 241.3 20.41650165908567 4.055530603866677
    endloop
  endfacet
  facet normal 1.9211182420880257e-20 0.8819212643483569 0.4713967368259941
    outer loop
      vertex 238.3 20.41650165908567 4.055530603866677
      vertex 238.3 20.259404794730813 4.349438164979348
      vertex 241.3 20.259404794730813 4.349438164979348
    endloop
  endfacet
  facet normal 0 0.956940335732207 0.2902846772544683
    outer loop
      vertex 238.3 20.259404794730813 4.349438164979348
      vertex 241.3 20.162665023314506 4.668346452572582
      vertex 241.3 20.259404794730813 4.349438164979348
    endloop
  endfacet
  facet normal 2.7247895795947145e-19 0.956940335732207 0.2902846772544683
    outer loop
      vertex 238.3 20.259404794730813 4.349438164979348
      vertex 238.3 20.162665023314506 4.668346452572582
      vertex 241.3 20.162665023314506 4.668346452572582
    endloop
  endfacet
  facet normal 0 0.9951847266721972 0.098017140329558
    outer loop
      vertex 238.3 20.162665023314506 4.668346452572582
      vertex 241.3 20.13 5
      vertex 241.3 20.162665023314506 4.668346452572582
    endloop
  endfacet
  facet normal -5.945868179446666e-19 0.9951847266721972 0.098017140329558
    outer loop
      vertex 238.3 20.162665023314506 4.668346452572582
      vertex 238.3 20.13 5
      vertex 241.3 20.13 5
    endloop
  endfacet
  facet normal 0 -0.9951847266721972 -0.098017140329558
    outer loop
      vertex 238.3 23.529999999999998 5
      vertex 241.3 23.529999999999998 5
      vertex 238.3 23.49733497668549 5.331653547427418
    endloop
  endfacet
  facet normal 0 -0.9951847266721972 -0.098017140329558
    outer loop
      vertex 238.3 23.49733497668549 5.331653547427418
      vertex 241.3 23.529999999999998 5
      vertex 241.3 23.49733497668549 5.331653547427418
    endloop
  endfacet
  facet normal 0 -0.956940335732207 -0.2902846772544683
    outer loop
      vertex 238.3 23.49733497668549 5.331653547427418
      vertex 241.3 23.49733497668549 5.331653547427418
      vertex 238.3 23.400595205269184 5.650561835020652
    endloop
  endfacet
  facet normal 0 -0.956940335732207 -0.2902846772544683
    outer loop
      vertex 238.3 23.400595205269184 5.650561835020652
      vertex 241.3 23.49733497668549 5.331653547427418
      vertex 241.3 23.400595205269184 5.650561835020652
    endloop
  endfacet
  facet normal 0 -0.8819212643483569 -0.4713967368259941
    outer loop
      vertex 238.3 23.400595205269184 5.650561835020652
      vertex 241.3 23.400595205269184 5.650561835020652
      vertex 238.3 23.243498340914325 5.944469396133323
    endloop
  endfacet
  facet normal 0 -0.8819212643483569 -0.4713967368259941
    outer loop
      vertex 238.3 23.243498340914325 5.944469396133323
      vertex 241.3 23.400595205269184 5.650561835020652
      vertex 241.3 23.243498340914325 5.944469396133323
    endloop
  endfacet
  facet normal 0 -0.77301045336274 -0.6343932841636417
    outer loop
      vertex 238.3 23.243498340914325 5.944469396133323
      vertex 241.3 23.243498340914325 5.944469396133323
      vertex 238.3 23.03208152801713 6.202081528017131
    endloop
  endfacet
  facet normal 0 -0.77301045336274 -0.6343932841636417
    outer loop
      vertex 238.3 23.03208152801713 6.202081528017131
      vertex 241.3 23.243498340914325 5.944469396133323
      vertex 241.3 23.03208152801713 6.202081528017131
    endloop
  endfacet
  facet normal 0 -0.6343932841636447 -0.7730104533627377
    outer loop
      vertex 238.3 23.03208152801713 6.202081528017131
      vertex 241.3 23.03208152801713 6.202081528017131
      vertex 238.3 22.774469396133323 6.413498340914327
    endloop
  endfacet
  facet normal 0 -0.6343932841636447 -0.7730104533627377
    outer loop
      vertex 238.3 22.774469396133323 6.413498340914327
      vertex 241.3 23.03208152801713 6.202081528017131
      vertex 241.3 22.774469396133323 6.413498340914327
    endloop
  endfacet
  facet normal 0 -0.47139673682599714 -0.8819212643483553
    outer loop
      vertex 238.3 22.774469396133323 6.413498340914327
      vertex 241.3 22.774469396133323 6.413498340914327
      vertex 238.3 22.48056183502065 6.570595205269187
    endloop
  endfacet
  facet normal 0 -0.47139673682599714 -0.8819212643483553
    outer loop
      vertex 238.3 22.48056183502065 6.570595205269187
      vertex 241.3 22.774469396133323 6.413498340914327
      vertex 241.3 22.48056183502065 6.570595205269187
    endloop
  endfacet
  facet normal 0 -0.29028467725446266 -0.9569403357322087
    outer loop
      vertex 238.3 22.48056183502065 6.570595205269187
      vertex 241.3 22.48056183502065 6.570595205269187
      vertex 238.3 22.161653547427417 6.667334976685492
    endloop
  endfacet
  facet normal 0 -0.09801714032956063 -0.9951847266721968
    outer loop
      vertex 238.3 22.161653547427417 6.667334976685492
      vertex 241.3 22.161653547427417 6.667334976685492
      vertex 238.3 21.83 6.7
    endloop
  endfacet
  facet normal 0 -0.29028467725446266 -0.9569403357322087
    outer loop
      vertex 238.3 22.161653547427417 6.667334976685492
      vertex 241.3 22.48056183502065 6.570595205269187
      vertex 241.3 22.161653547427417 6.667334976685492
    endloop
  endfacet
  facet normal 0 -0.09801714032956063 -0.9951847266721968
    outer loop
      vertex 238.3 21.83 6.7
      vertex 241.3 22.161653547427417 6.667334976685492
      vertex 241.3 21.83 6.7
    endloop
  endfacet
  facet normal 0 0.9951847266721972 -0.098017140329558
    outer loop
      vertex 238.3 20.13 5
      vertex 241.3 20.162665023314506 5.331653547427418
      vertex 241.3 20.13 5
    endloop
  endfacet
  facet normal 5.945868179446666e-19 0.9951847266721972 -0.098017140329558
    outer loop
      vertex 238.3 20.13 5
      vertex 238.3 20.162665023314506 5.331653547427418
      vertex 241.3 20.162665023314506 5.331653547427418
    endloop
  endfacet
  facet normal 0 0.956940335732207 -0.2902846772544683
    outer loop
      vertex 238.3 20.162665023314506 5.331653547427418
      vertex 241.3 20.259404794730813 5.650561835020652
      vertex 241.3 20.162665023314506 5.331653547427418
    endloop
  endfacet
  facet normal -2.7247895795947145e-19 0.956940335732207 -0.2902846772544683
    outer loop
      vertex 238.3 20.162665023314506 5.331653547427418
      vertex 238.3 20.259404794730813 5.650561835020652
      vertex 241.3 20.259404794730813 5.650561835020652
    endloop
  endfacet
  facet normal 0 0.8819212643483569 -0.4713967368259941
    outer loop
      vertex 238.3 20.259404794730813 5.650561835020652
      vertex 241.3 20.41650165908567 5.944469396133323
      vertex 241.3 20.259404794730813 5.650561835020652
    endloop
  endfacet
  facet normal -1.9211182420880257e-20 0.8819212643483569 -0.4713967368259941
    outer loop
      vertex 238.3 20.259404794730813 5.650561835020652
      vertex 238.3 20.41650165908567 5.944469396133323
      vertex 241.3 20.41650165908567 5.944469396133323
    endloop
  endfacet
  facet normal 0 0.77301045336274 -0.6343932841636417
    outer loop
      vertex 238.3 20.41650165908567 5.944469396133323
      vertex 241.3 20.627918471982866 6.202081528017131
      vertex 241.3 20.41650165908567 5.944469396133323
    endloop
  endfacet
  facet normal -1.0123123076107682e-18 0.77301045336274 -0.6343932841636417
    outer loop
      vertex 238.3 20.41650165908567 5.944469396133323
      vertex 238.3 20.627918471982866 6.202081528017131
      vertex 241.3 20.627918471982866 6.202081528017131
    endloop
  endfacet
  facet normal -1.6161262759508536e-18 0.6343932841636447 -0.7730104533627377
    outer loop
      vertex 238.3 20.627918471982866 6.202081528017131
      vertex 238.3 20.885530603866673 6.413498340914327
      vertex 241.3 20.885530603866673 6.413498340914327
    endloop
  endfacet
  facet normal 0 0.6343932841636447 -0.7730104533627377
    outer loop
      vertex 238.3 20.627918471982866 6.202081528017131
      vertex 241.3 20.885530603866673 6.413498340914327
      vertex 241.3 20.627918471982866 6.202081528017131
    endloop
  endfacet
  facet normal 2.4011639954610097e-18 0.47139673682599714 -0.8819212643483553
    outer loop
      vertex 238.3 20.885530603866673 6.413498340914327
      vertex 238.3 21.179438164979345 6.570595205269187
      vertex 241.3 21.179438164979345 6.570595205269187
    endloop
  endfacet
  facet normal 0 0.47139673682599714 -0.8819212643483553
    outer loop
      vertex 238.3 20.885530603866673 6.413498340914327
      vertex 241.3 21.179438164979345 6.570595205269187
      vertex 241.3 20.885530603866673 6.413498340914327
    endloop
  endfacet
  facet normal 1.4082853100160145e-18 0.29028467725446266 -0.9569403357322087
    outer loop
      vertex 238.3 21.179438164979345 6.570595205269187
      vertex 238.3 21.49834645257258 6.667334976685492
      vertex 241.3 21.49834645257258 6.667334976685492
    endloop
  endfacet
  facet normal 2.590439901906677e-19 0.09801714032956063 -0.9951847266721968
    outer loop
      vertex 238.3 21.49834645257258 6.667334976685492
      vertex 238.3 21.83 6.7
      vertex 241.3 21.83 6.7
    endloop
  endfacet
  facet normal 0 0.29028467725446266 -0.9569403357322087
    outer loop
      vertex 238.3 21.179438164979345 6.570595205269187
      vertex 241.3 21.49834645257258 6.667334976685492
      vertex 241.3 21.179438164979345 6.570595205269187
    endloop
  endfacet
  facet normal 0 0.09801714032956063 -0.9951847266721968
    outer loop
      vertex 238.3 21.49834645257258 6.667334976685492
      vertex 241.3 21.83 6.7
      vertex 241.3 21.49834645257258 6.667334976685492
    endloop
  endfacet
  facet normal 0 -0.09801714032956073 0.9951847266721968
    outer loop
      vertex 235.20000000000002 22.45428903045161 1.8614871027096624
      vertex 238.3 21.83 1.7999999999999998
      vertex 238.3 22.45428903045161 1.8614871027096624
    endloop
  endfacet
  facet normal -1.3251854816421148e-18 -0.09801714032956073 0.9951847266721968
    outer loop
      vertex 235.20000000000002 22.45428903045161 1.8614871027096624
      vertex 235.20000000000002 21.83 1.7999999999999998
      vertex 238.3 21.83 1.7999999999999998
    endloop
  endfacet
  facet normal 0 -0.4713967368259975 0.8819212643483552
    outer loop
      vertex 235.20000000000002 23.054586983568285 2.043585495963882
      vertex 238.3 23.054586983568285 2.043585495963882
      vertex 235.20000000000002 23.607824745662725 2.339297240631855
    endloop
  endfacet
  facet normal 0 -0.2902846772544624 0.9569403357322088
    outer loop
      vertex 235.20000000000002 22.45428903045161 1.8614871027096624
      vertex 238.3 22.45428903045161 1.8614871027096624
      vertex 235.20000000000002 23.054586983568285 2.043585495963882
    endloop
  endfacet
  facet normal -2.8983766080205236e-18 -0.2902846772544624 0.9569403357322088
    outer loop
      vertex 238.3 22.45428903045161 1.8614871027096624
      vertex 238.3 23.054586983568285 2.043585495963882
      vertex 235.20000000000002 23.054586983568285 2.043585495963882
    endloop
  endfacet
  facet normal 1 0 0
    outer loop
      vertex 235.20000000000002 22.45428903045161 1.8614871027096624
      vertex 235.20000000000002 23.054586983568285 2.043585495963882
      vertex 235.20000000000002 20.60541301643171 2.043585495963882
    endloop
  endfacet
  facet normal -1 0 0
    outer loop
      vertex 238.3 22.45428903045161 1.8614871027096624
      vertex 238.3 21.205710969548388 1.8614871027096624
      vertex 238.3 23.054586983568285 2.043585495963882
    endloop
  endfacet
  facet normal -1 0 0
    outer loop
      vertex 238.3 23.054586983568285 2.043585495963882
      vertex 238.3 20.60541301643171 2.043585495963882
      vertex 238.3 23.607824745662725 2.339297240631855
    endloop
  endfacet
  facet normal 4.0658783997926645e-18 -0.4713967368259975 0.8819212643483552
    outer loop
      vertex 238.3 23.054586983568285 2.043585495963882
      vertex 238.3 23.607824745662725 2.339297240631855
      vertex 235.20000000000002 23.607824745662725 2.339297240631855
    endloop
  endfacet
  facet normal -1.3099841716193977e-16 -0.6343932841636436 0.7730104533627385
    outer loop
      vertex 235.20000000000002 23.607824745662725 2.339297240631855
      vertex 235.3 23.803641624524527 2.5
      vertex 235.20000000000002 23.803641624524527 2.5
    endloop
  endfacet
  facet normal 0 -0.6343932841636436 0.7730104533627384
    outer loop
      vertex 235.20000000000002 23.607824745662725 2.339297240631855
      vertex 238.3 23.607824745662725 2.339297240631855
      vertex 235.3 23.803641624524527 2.5
    endloop
  endfacet
  facet normal 1 0 0
    outer loop
      vertex 235.20000000000002 23.054586983568285 2.043585495963882
      vertex 235.20000000000002 23.607824745662725 2.339297240631855
      vertex 235.20000000000002 20.05217525433727 2.339297240631855
    endloop
  endfacet
  facet normal 1 0 0
    outer loop
      vertex 235.20000000000002 23.607824745662725 2.339297240631855
      vertex 235.20000000000002 23.803641624524527 2.5
      vertex 235.20000000000002 20.05217525433727 2.339297240631855
    endloop
  endfacet
  facet normal -1 0 0
    outer loop
      vertex 238.3 23.607824745662725 2.339297240631855
      vertex 238.3 20.05217525433727 2.339297240631855
      vertex 238.3 24.09274169979695 2.7372583002030475
    endloop
  endfacet
  facet normal 1.0578687062315378e-18 -0.6343932841636458 0.7730104533627367
    outer loop
      vertex 238.3 23.607824745662725 2.339297240631855
      vertex 238.3 24.09274169979695 2.7372583002030475
      vertex 235.3 24.09274169979695 2.7372583002030475
    endloop
  endfacet
  facet normal -4.1312158481575153e-16 -0.6343932841636473 0.7730104533627353
    outer loop
      vertex 238.3 23.607824745662725 2.339297240631855
      vertex 235.3 24.09274169979695 2.7372583002030475
      vertex 235.3 23.803641624524527 2.5
    endloop
  endfacet
  facet normal 0 -0.7730104533627358 0.6343932841636469
    outer loop
      vertex 238.3 24.09274169979695 2.7372583002030475
      vertex 235.3 24.490702759368144 3.222175254337273
      vertex 235.3 24.09274169979695 2.7372583002030475
    endloop
  endfacet
  facet normal -4.835353802404286e-19 -0.7730104533627358 0.6343932841636469
    outer loop
      vertex 238.3 24.09274169979695 2.7372583002030475
      vertex 238.3 24.490702759368144 3.222175254337273
      vertex 235.3 24.490702759368144 3.222175254337273
    endloop
  endfacet
  facet normal -1 0 0
    outer loop
      vertex 238.3 24.09274169979695 2.7372583002030475
      vertex 238.3 19.567258300203047 2.7372583002030475
      vertex 238.3 24.490702759368144 3.222175254337273
    endloop
  endfacet
  facet normal 0 -0.8819212643483552 0.47139673682599753
    outer loop
      vertex 238.3 24.490702759368144 3.222175254337273
      vertex 235.3 24.786414504036117 3.7754130164317123
      vertex 235.3 24.490702759368144 3.222175254337273
    endloop
  endfacet
  facet normal -4.381664883913776e-19 -0.8819212643483552 0.47139673682599753
    outer loop
      vertex 238.3 24.490702759368144 3.222175254337273
      vertex 238.3 24.786414504036117 3.7754130164317123
      vertex 235.3 24.786414504036117 3.7754130164317123
    endloop
  endfacet
  facet normal -1 0 0
    outer loop
      vertex 238.3 24.490702759368144 3.222175254337273
      vertex 238.3 22.161653547427417 3.332665023314508
      vertex 238.3 22.48056183502065 3.4294047947308126
    endloop
  endfacet
  facet normal -1 0 0
    outer loop
      vertex 238.3 24.490702759368144 3.222175254337273
      vertex 238.3 21.83 3.3
      vertex 238.3 22.161653547427417 3.332665023314508
    endloop
  endfacet
  facet normal -1 0 0
    outer loop
      vertex 238.3 24.490702759368144 3.222175254337273
      vertex 238.3 22.48056183502065 3.4294047947308126
      vertex 238.3 24.786414504036117 3.7754130164317123
    endloop
  endfacet
  facet normal -1 0 0
    outer loop
      vertex 238.3 22.48056183502065 3.4294047947308126
      vertex 238.3 22.774469396133323 3.5865016590856733
      vertex 238.3 24.786414504036117 3.7754130164317123
    endloop
  endfacet
  facet normal -1 0 0
    outer loop
      vertex 238.3 22.774469396133323 3.5865016590856733
      vertex 238.3 23.03208152801713 3.797918471982869
      vertex 238.3 24.786414504036117 3.7754130164317123
    endloop
  endfacet
  facet normal 0 -0.9569403357322096 0.29028467725446
    outer loop
      vertex 238.3 24.786414504036117 3.7754130164317123
      vertex 235.3 24.968512897290335 4.37571096954839
      vertex 235.3 24.786414504036117 3.7754130164317123
    endloop
  endfacet
  facet normal -2.8055180022566197e-18 -0.9569403357322096 0.29028467725446
    outer loop
      vertex 238.3 24.786414504036117 3.7754130164317123
      vertex 238.3 24.968512897290335 4.37571096954839
      vertex 235.3 24.968512897290335 4.37571096954839
    endloop
  endfacet
  facet normal -1 0 0
    outer loop
      vertex 238.3 24.786414504036117 3.7754130164317123
      vertex 238.3 23.03208152801713 3.797918471982869
      vertex 238.3 23.243498340914325 4.055530603866677
    endloop
  endfacet
  facet normal -1 0 0
    outer loop
      vertex 238.3 24.786414504036117 3.7754130164317123
      vertex 238.3 23.243498340914325 4.055530603866677
      vertex 238.3 24.968512897290335 4.37571096954839
    endloop
  endfacet
  facet normal -1 0 0
    outer loop
      vertex 238.3 23.243498340914325 4.055530603866677
      vertex 238.3 23.400595205269184 4.349438164979348
      vertex 238.3 24.968512897290335 4.37571096954839
    endloop
  endfacet
  facet normal 0 -0.9951847266721969 0.09801714032956073
    outer loop
      vertex 238.3 24.968512897290335 4.37571096954839
      vertex 235.3 25.029999999999998 5
      vertex 235.3 24.968512897290335 4.37571096954839
    endloop
  endfacet
  facet normal -1.3693583310301829e-18 -0.9951847266721969 0.09801714032956073
    outer loop
      vertex 238.3 24.968512897290335 4.37571096954839
      vertex 238.3 25.029999999999998 5
      vertex 235.3 25.029999999999998 5
    endloop
  endfacet
  facet normal -1 0 0
    outer loop
      vertex 238.3 24.968512897290335 4.37571096954839
      vertex 238.3 23.400595205269184 4.349438164979348
      vertex 238.3 23.49733497668549 4.668346452572582
    endloop
  endfacet
  facet normal -1 0 0
    outer loop
      vertex 238.3 24.968512897290335 4.37571096954839
      vertex 238.3 23.49733497668549 4.668346452572582
      vertex 238.3 25.029999999999998 5
    endloop
  endfacet
  facet normal -1 0 0
    outer loop
      vertex 238.3 23.49733497668549 4.668346452572582
      vertex 238.3 23.529999999999998 5
      vertex 238.3 25.029999999999998 5
    endloop
  endfacet
  facet normal 1 0 0
    outer loop
      vertex 235.20000000000002 22.45428903045161 1.8614871027096624
      vertex 235.20000000000002 21.205710969548388 1.8614871027096624
      vertex 235.20000000000002 21.83 1.7999999999999998
    endloop
  endfacet
  facet normal 0 0.09801714032956073 0.9951847266721968
    outer loop
      vertex 235.20000000000002 21.83 1.7999999999999998
      vertex 238.3 21.205710969548388 1.8614871027096624
      vertex 238.3 21.83 1.7999999999999998
    endloop
  endfacet
  facet normal 1.3251854816421148e-18 0.09801714032956073 0.9951847266721968
    outer loop
      vertex 235.20000000000002 21.83 1.7999999999999998
      vertex 235.20000000000002 21.205710969548388 1.8614871027096624
      vertex 238.3 21.205710969548388 1.8614871027096624
    endloop
  endfacet
  facet normal -1 0 0
    outer loop
      vertex 238.3 22.45428903045161 1.8614871027096624
      vertex 238.3 21.83 1.7999999999999998
      vertex 238.3 21.205710969548388 1.8614871027096624
    endloop
  endfacet
  facet normal 1 0 0
    outer loop
      vertex 235.20000000000002 22.45428903045161 1.8614871027096624
      vertex 235.20000000000002 20.60541301643171 2.043585495963882
      vertex 235.20000000000002 21.205710969548388 1.8614871027096624
    endloop
  endfacet
  facet normal 0 0.2902846772544624 0.9569403357322088
    outer loop
      vertex 235.20000000000002 21.205710969548388 1.8614871027096624
      vertex 238.3 20.60541301643171 2.043585495963882
      vertex 238.3 21.205710969548388 1.8614871027096624
    endloop
  endfacet
  facet normal 2.8983766080205236e-18 0.2902846772544624 0.9569403357322088
    outer loop
      vertex 235.20000000000002 21.205710969548388 1.8614871027096624
      vertex 235.20000000000002 20.60541301643171 2.043585495963882
      vertex 238.3 20.60541301643171 2.043585495963882
    endloop
  endfacet
  facet normal 1 0 0
    outer loop
      vertex 235.20000000000002 23.054586983568285 2.043585495963882
      vertex 235.20000000000002 20.05217525433727 2.339297240631855
      vertex 235.20000000000002 20.60541301643171 2.043585495963882
    endloop
  endfacet
  facet normal -1 0 0
    outer loop
      vertex 238.3 23.054586983568285 2.043585495963882
      vertex 238.3 21.205710969548388 1.8614871027096624
      vertex 238.3 20.60541301643171 2.043585495963882
    endloop
  endfacet
  facet normal 0 0.4713967368259975 0.8819212643483552
    outer loop
      vertex 235.20000000000002 20.60541301643171 2.043585495963882
      vertex 238.3 20.05217525433727 2.339297240631855
      vertex 238.3 20.60541301643171 2.043585495963882
    endloop
  endfacet
  facet normal 1 0 0
    outer loop
      vertex 235.20000000000002 20.05217525433727 2.339297240631855
      vertex 235.20000000000002 23.803641624524527 2.5
      vertex 235.20000000000002 19.85635837547547 2.5
    endloop
  endfacet
  facet normal -1 0 0
    outer loop
      vertex 238.3 23.607824745662725 2.339297240631855
      vertex 238.3 20.60541301643171 2.043585495963882
      vertex 238.3 20.05217525433727 2.339297240631855
    endloop
  endfacet
  facet normal -4.0658783997926645e-18 0.4713967368259975 0.8819212643483552
    outer loop
      vertex 235.20000000000002 20.60541301643171 2.043585495963882
      vertex 235.20000000000002 20.05217525433727 2.339297240631855
      vertex 238.3 20.05217525433727 2.339297240631855
    endloop
  endfacet
  facet normal -2.2604453039059696e-14 0.6343932841636436 0.7730104533627385
    outer loop
      vertex 235.20000000000002 20.05217525433727 2.339297240631855
      vertex 235.20000000000002 19.85635837547547 2.5
      vertex 235.3 19.856358375475473 2.5
    endloop
  endfacet
  facet normal 0 0.6343932841636459 0.7730104533627367
    outer loop
      vertex 235.20000000000002 20.05217525433727 2.339297240631855
      vertex 238.3 19.567258300203047 2.7372583002030475
      vertex 238.3 20.05217525433727 2.339297240631855
    endloop
  endfacet
  facet normal -1 0 0
    outer loop
      vertex 238.3 24.09274169979695 2.7372583002030475
      vertex 238.3 20.05217525433727 2.339297240631855
      vertex 238.3 19.567258300203047 2.7372583002030475
    endloop
  endfacet
  facet normal 1.3252301522787671e-15 0.6343932841636508 0.7730104533627326
    outer loop
      vertex 235.20000000000002 20.05217525433727 2.339297240631855
      vertex 235.3 19.856358375475473 2.5
      vertex 238.3 19.567258300203047 2.7372583002030475
    endloop
  endfacet
  facet normal 0 0.6343932841636427 0.7730104533627392
    outer loop
      vertex 238.3 19.567258300203047 2.7372583002030475
      vertex 235.3 19.856358375475473 2.5
      vertex 235.3 19.567258300203047 2.7372583002030475
    endloop
  endfacet
  facet normal -1 0 0
    outer loop
      vertex 238.3 24.490702759368144 3.222175254337273
      vertex 238.3 19.567258300203047 2.7372583002030475
      vertex 238.3 19.169297240631852 3.222175254337273
    endloop
  endfacet
  facet normal 0 0.7730104533627358 0.6343932841636469
    outer loop
      vertex 238.3 19.567258300203047 2.7372583002030475
      vertex 235.3 19.567258300203047 2.7372583002030475
      vertex 238.3 19.169297240631852 3.222175254337273
    endloop
  endfacet
  facet normal 0 0.7730104533627358 0.6343932841636469
    outer loop
      vertex 238.3 19.169297240631852 3.222175254337273
      vertex 235.3 19.567258300203047 2.7372583002030475
      vertex 235.3 19.169297240631852 3.222175254337273
    endloop
  endfacet
  facet normal -1 0 0
    outer loop
      vertex 238.3 24.490702759368144 3.222175254337273
      vertex 238.3 19.169297240631852 3.222175254337273
      vertex 238.3 21.83 3.3
    endloop
  endfacet
  facet normal -1 0 0
    outer loop
      vertex 238.3 21.83 3.3
      vertex 238.3 19.169297240631852 3.222175254337273
      vertex 238.3 21.49834645257258 3.332665023314508
    endloop
  endfacet
  facet normal -1 0 0
    outer loop
      vertex 238.3 21.49834645257258 3.332665023314508
      vertex 238.3 19.169297240631852 3.222175254337273
      vertex 238.3 21.179438164979345 3.4294047947308126
    endloop
  endfacet
  facet normal -1 0 0
    outer loop
      vertex 238.3 21.179438164979345 3.4294047947308126
      vertex 238.3 19.169297240631852 3.222175254337273
      vertex 238.3 20.885530603866673 3.5865016590856733
    endloop
  endfacet
  facet normal -1 0 0
    outer loop
      vertex 238.3 20.885530603866673 3.5865016590856733
      vertex 238.3 19.169297240631852 3.222175254337273
      vertex 238.3 20.627918471982866 3.797918471982869
    endloop
  endfacet
  facet normal -1 0 0
    outer loop
      vertex 238.3 19.169297240631852 3.222175254337273
      vertex 238.3 18.87358549596388 3.7754130164317123
      vertex 238.3 20.627918471982866 3.797918471982869
    endloop
  endfacet
  facet normal 0 0.8819212643483552 0.47139673682599753
    outer loop
      vertex 238.3 19.169297240631852 3.222175254337273
      vertex 235.3 19.169297240631852 3.222175254337273
      vertex 238.3 18.87358549596388 3.7754130164317123
    endloop
  endfacet
  facet normal 0 0.8819212643483552 0.47139673682599753
    outer loop
      vertex 238.3 18.87358549596388 3.7754130164317123
      vertex 235.3 19.169297240631852 3.222175254337273
      vertex 235.3 18.87358549596388 3.7754130164317123
    endloop
  endfacet
  facet normal -1 0 0
    outer loop
      vertex 238.3 20.627918471982866 3.797918471982869
      vertex 238.3 18.87358549596388 3.7754130164317123
      vertex 238.3 20.41650165908567 4.055530603866677
    endloop
  endfacet
  facet normal -1 0 0
    outer loop
      vertex 238.3 20.41650165908567 4.055530603866677
      vertex 238.3 18.87358549596388 3.7754130164317123
      vertex 238.3 20.259404794730813 4.349438164979348
    endloop
  endfacet
  facet normal -1 0 0
    outer loop
      vertex 238.3 18.87358549596388 3.7754130164317123
      vertex 238.3 20.162665023314506 4.668346452572582
      vertex 238.3 20.259404794730813 4.349438164979348
    endloop
  endfacet
  facet normal -1 0 0
    outer loop
      vertex 238.3 18.87358549596388 3.7754130164317123
      vertex 238.3 18.69148710270966 4.37571096954839
      vertex 238.3 20.162665023314506 4.668346452572582
    endloop
  endfacet
  facet normal 0 0.9569403357322096 0.29028467725446
    outer loop
      vertex 238.3 18.87358549596388 3.7754130164317123
      vertex 235.3 18.87358549596388 3.7754130164317123
      vertex 238.3 18.69148710270966 4.37571096954839
    endloop
  endfacet
  facet normal 0 0.9569403357322096 0.29028467725446
    outer loop
      vertex 238.3 18.69148710270966 4.37571096954839
      vertex 235.3 18.87358549596388 3.7754130164317123
      vertex 235.3 18.69148710270966 4.37571096954839
    endloop
  endfacet
  facet normal -1 0 0
    outer loop
      vertex 238.3 20.162665023314506 4.668346452572582
      vertex 238.3 18.69148710270966 4.37571096954839
      vertex 238.3 18.63 5
    endloop
  endfacet
  facet normal -1 0 0
    outer loop
      vertex 238.3 20.162665023314506 4.668346452572582
      vertex 238.3 18.63 5
      vertex 238.3 20.13 5
    endloop
  endfacet
  facet normal 0 0.9951847266721969 0.09801714032956073
    outer loop
      vertex 238.3 18.69148710270966 4.37571096954839
      vertex 235.3 18.69148710270966 4.37571096954839
      vertex 238.3 18.63 5
    endloop
  endfacet
  facet normal 0 0.9951847266721969 0.09801714032956073
    outer loop
      vertex 238.3 18.63 5
      vertex 235.3 18.69148710270966 4.37571096954839
      vertex 235.3 18.63 5
    endloop
  endfacet
  facet normal 0 -0.9951847266721969 -0.09801714032956073
    outer loop
      vertex 238.3 25.029999999999998 5
      vertex 235.3 24.968512897290335 5.62428903045161
      vertex 235.3 25.029999999999998 5
    endloop
  endfacet
  facet normal 1.3693583310301829e-18 -0.9951847266721969 -0.09801714032956073
    outer loop
      vertex 238.3 25.029999999999998 5
      vertex 238.3 24.968512897290335 5.62428903045161
      vertex 235.3 24.968512897290335 5.62428903045161
    endloop
  endfacet
  facet normal -1 0 0
    outer loop
      vertex 238.3 25.029999999999998 5
      vertex 238.3 23.529999999999998 5
      vertex 238.3 23.49733497668549 5.331653547427418
    endloop
  endfacet
  facet normal -1 0 0
    outer loop
      vertex 238.3 25.029999999999998 5
      vertex 238.3 23.49733497668549 5.331653547427418
      vertex 238.3 24.968512897290335 5.62428903045161
    endloop
  endfacet
  facet normal 0 -0.9569403357322096 -0.29028467725446
    outer loop
      vertex 238.3 24.968512897290335 5.62428903045161
      vertex 235.3 24.786414504036117 6.224586983568288
      vertex 235.3 24.968512897290335 5.62428903045161
    endloop
  endfacet
  facet normal 2.8055180022566197e-18 -0.9569403357322096 -0.29028467725446
    outer loop
      vertex 238.3 24.968512897290335 5.62428903045161
      vertex 238.3 24.786414504036117 6.224586983568288
      vertex 235.3 24.786414504036117 6.224586983568288
    endloop
  endfacet
  facet normal -1 0 0
    outer loop
      vertex 238.3 24.968512897290335 5.62428903045161
      vertex 238.3 23.49733497668549 5.331653547427418
      vertex 238.3 24.786414504036117 6.224586983568288
    endloop
  endfacet
  facet normal -1 0 0
    outer loop
      vertex 238.3 23.49733497668549 5.331653547427418
      vertex 238.3 23.400595205269184 5.650561835020652
      vertex 238.3 24.786414504036117 6.224586983568288
    endloop
  endfacet
  facet normal -1 0 0
    outer loop
      vertex 238.3 23.400595205269184 5.650561835020652
      vertex 238.3 23.243498340914325 5.944469396133323
      vertex 238.3 24.786414504036117 6.224586983568288
    endloop
  endfacet
  facet normal -1 0 0
    outer loop
      vertex 238.3 24.786414504036117 6.224586983568288
      vertex 238.3 23.243498340914325 5.944469396133323
      vertex 238.3 23.03208152801713 6.202081528017131
    endloop
  endfacet
  facet normal 0 -0.8819212643483552 -0.47139673682599753
    outer loop
      vertex 238.3 24.786414504036117 6.224586983568288
      vertex 235.3 24.490702759368144 6.777824745662727
      vertex 235.3 24.786414504036117 6.224586983568288
    endloop
  endfacet
  facet normal 4.381664883913776e-19 -0.8819212643483552 -0.47139673682599753
    outer loop
      vertex 238.3 24.786414504036117 6.224586983568288
      vertex 238.3 24.490702759368144 6.777824745662727
      vertex 235.3 24.490702759368144 6.777824745662727
    endloop
  endfacet
  facet normal -1 0 0
    outer loop
      vertex 238.3 24.786414504036117 6.224586983568288
      vertex 238.3 23.03208152801713 6.202081528017131
      vertex 238.3 24.490702759368144 6.777824745662727
    endloop
  endfacet
  facet normal -1 0 0
    outer loop
      vertex 238.3 23.03208152801713 6.202081528017131
      vertex 238.3 22.774469396133323 6.413498340914327
      vertex 238.3 24.490702759368144 6.777824745662727
    endloop
  endfacet
  facet normal -1 0 0
    outer loop
      vertex 238.3 22.774469396133323 6.413498340914327
      vertex 238.3 22.48056183502065 6.570595205269187
      vertex 238.3 24.490702759368144 6.777824745662727
    endloop
  endfacet
  facet normal -1 0 0
    outer loop
      vertex 238.3 24.490702759368144 6.777824745662727
      vertex 238.3 22.48056183502065 6.570595205269187
      vertex 238.3 22.161653547427417 6.667334976685492
    endloop
  endfacet
  facet normal -1 0 0
    outer loop
      vertex 238.3 24.490702759368144 6.777824745662727
      vertex 238.3 22.161653547427417 6.667334976685492
      vertex 238.3 21.83 6.7
    endloop
  endfacet
  facet normal 0 -0.7730104533627361 -0.6343932841636466
    outer loop
      vertex 238.3 24.490702759368144 6.777824745662727
      vertex 235.3 24.09274169979695 7.262741699796953
      vertex 235.3 24.490702759368144 6.777824745662727
    endloop
  endfacet
  facet normal -4.934712753032332e-18 -0.7730104533627361 -0.6343932841636466
    outer loop
      vertex 238.3 24.490702759368144 6.777824745662727
      vertex 238.3 24.09274169979695 7.262741699796953
      vertex 235.3 24.09274169979695 7.262741699796953
    endloop
  endfacet
  facet normal -1 0 0
    outer loop
      vertex 238.3 24.490702759368144 6.777824745662727
      vertex 238.3 19.169297240631852 6.777824745662727
      vertex 238.3 24.09274169979695 7.262741699796953
    endloop
  endfacet
  facet normal 0 -0.6343932841636454 -0.773010453362737
    outer loop
      vertex 238.3 24.09274169979695 7.262741699796953
      vertex 235.3 23.607824745662725 7.660702759368145
      vertex 235.3 24.09274169979695 7.262741699796953
    endloop
  endfacet
  facet normal -1 0 0
    outer loop
      vertex 238.3 24.09274169979695 7.262741699796953
      vertex 238.3 19.567258300203047 7.262741699796953
      vertex 238.3 23.607824745662725 7.660702759368145
    endloop
  endfacet
  facet normal -4.617098403489604e-18 -0.6343932841636454 -0.773010453362737
    outer loop
      vertex 238.3 24.09274169979695 7.262741699796953
      vertex 238.3 23.607824745662725 7.660702759368145
      vertex 235.3 23.607824745662725 7.660702759368145
    endloop
  endfacet
  facet normal 0 -0.47139673682599803 -0.8819212643483549
    outer loop
      vertex 238.3 23.607824745662725 7.660702759368145
      vertex 235.3 23.054586983568285 7.956414504036118
      vertex 235.3 23.607824745662725 7.660702759368145
    endloop
  endfacet
  facet normal -1 0 0
    outer loop
      vertex 238.3 23.607824745662725 7.660702759368145
      vertex 238.3 20.05217525433727 7.660702759368145
      vertex 238.3 23.054586983568285 7.956414504036118
    endloop
  endfacet
  facet normal -2.0157462086275733e-18 -0.47139673682599803 -0.8819212643483549
    outer loop
      vertex 238.3 23.607824745662725 7.660702759368145
      vertex 238.3 23.054586983568285 7.956414504036118
      vertex 235.3 23.054586983568285 7.956414504036118
    endloop
  endfacet
  facet normal 0 -0.2902846772544604 -0.9569403357322095
    outer loop
      vertex 238.3 23.054586983568285 7.956414504036118
      vertex 235.3 22.45428903045161 8.138512897290337
      vertex 235.3 23.054586983568285 7.956414504036118
    endloop
  endfacet
  facet normal 2.5622400506482883e-19 -0.2902846772544604 -0.9569403357322095
    outer loop
      vertex 238.3 23.054586983568285 7.956414504036118
      vertex 238.3 22.45428903045161 8.138512897290337
      vertex 235.3 22.45428903045161 8.138512897290337
    endloop
  endfacet
  facet normal -1 0 0
    outer loop
      vertex 238.3 23.054586983568285 7.956414504036118
      vertex 238.3 20.60541301643171 7.956414504036118
      vertex 238.3 22.45428903045161 8.138512897290337
    endloop
  endfacet
  facet normal 0 -0.09801714032956073 -0.9951847266721969
    outer loop
      vertex 238.3 22.45428903045161 8.138512897290337
      vertex 235.3 21.83 8.2
      vertex 235.3 22.45428903045161 8.138512897290337
    endloop
  endfacet
  facet normal 1.3693583310301829e-18 -0.09801714032956073 -0.9951847266721969
    outer loop
      vertex 238.3 22.45428903045161 8.138512897290337
      vertex 238.3 21.83 8.2
      vertex 235.3 21.83 8.2
    endloop
  endfacet
  facet normal -1 0 0
    outer loop
      vertex 238.3 20.13 5
      vertex 238.3 18.63 5
      vertex 238.3 20.162665023314506 5.331653547427418
    endloop
  endfacet
  facet normal -1 0 0
    outer loop
      vertex 238.3 18.63 5
      vertex 238.3 18.69148710270966 5.62428903045161
      vertex 238.3 20.162665023314506 5.331653547427418
    endloop
  endfacet
  facet normal -1 0 0
    outer loop
      vertex 238.3 20.162665023314506 5.331653547427418
      vertex 238.3 18.69148710270966 5.62428903045161
      vertex 238.3 20.259404794730813 5.650561835020652
    endloop
  endfacet
  facet normal 0 0.9951847266721969 -0.09801714032956073
    outer loop
      vertex 238.3 18.63 5
      vertex 235.3 18.63 5
      vertex 238.3 18.69148710270966 5.62428903045161
    endloop
  endfacet
  facet normal 0 0.9951847266721969 -0.09801714032956073
    outer loop
      vertex 238.3 18.69148710270966 5.62428903045161
      vertex 235.3 18.63 5
      vertex 235.3 18.69148710270966 5.62428903045161
    endloop
  endfacet
  facet normal -1 0 0
    outer loop
      vertex 238.3 20.259404794730813 5.650561835020652
      vertex 238.3 18.69148710270966 5.62428903045161
      vertex 238.3 20.41650165908567 5.944469396133323
    endloop
  endfacet
  facet normal -1 0 0
    outer loop
      vertex 238.3 18.69148710270966 5.62428903045161
      vertex 238.3 18.87358549596388 6.224586983568288
      vertex 238.3 20.41650165908567 5.944469396133323
    endloop
  endfacet
  facet normal -1 0 0
    outer loop
      vertex 238.3 20.41650165908567 5.944469396133323
      vertex 238.3 18.87358549596388 6.224586983568288
      vertex 238.3 20.627918471982866 6.202081528017131
    endloop
  endfacet
  facet normal 0 0.9569403357322096 -0.29028467725446
    outer loop
      vertex 238.3 18.69148710270966 5.62428903045161
      vertex 235.3 18.69148710270966 5.62428903045161
      vertex 238.3 18.87358549596388 6.224586983568288
    endloop
  endfacet
  facet normal 0 0.9569403357322096 -0.29028467725446
    outer loop
      vertex 238.3 18.87358549596388 6.224586983568288
      vertex 235.3 18.69148710270966 5.62428903045161
      vertex 235.3 18.87358549596388 6.224586983568288
    endloop
  endfacet
  facet normal -1 0 0
    outer loop
      vertex 238.3 20.627918471982866 6.202081528017131
      vertex 238.3 18.87358549596388 6.224586983568288
      vertex 238.3 20.885530603866673 6.413498340914327
    endloop
  endfacet
  facet normal -1 0 0
    outer loop
      vertex 238.3 20.885530603866673 6.413498340914327
      vertex 238.3 18.87358549596388 6.224586983568288
      vertex 238.3 21.179438164979345 6.570595205269187
    endloop
  endfacet
  facet normal -1 0 0
    outer loop
      vertex 238.3 18.87358549596388 6.224586983568288
      vertex 238.3 19.169297240631852 6.777824745662727
      vertex 238.3 21.179438164979345 6.570595205269187
    endloop
  endfacet
  facet normal -1 0 0
    outer loop
      vertex 238.3 21.49834645257258 6.667334976685492
      vertex 238.3 19.169297240631852 6.777824745662727
      vertex 238.3 21.83 6.7
    endloop
  endfacet
  facet normal -1 0 0
    outer loop
      vertex 238.3 21.179438164979345 6.570595205269187
      vertex 238.3 19.169297240631852 6.777824745662727
      vertex 238.3 21.49834645257258 6.667334976685492
    endloop
  endfacet
  facet normal -1 0 0
    outer loop
      vertex 238.3 24.490702759368144 6.777824745662727
      vertex 238.3 21.83 6.7
      vertex 238.3 19.169297240631852 6.777824745662727
    endloop
  endfacet
  facet normal 0 0.8819212643483552 -0.47139673682599753
    outer loop
      vertex 238.3 18.87358549596388 6.224586983568288
      vertex 235.3 18.87358549596388 6.224586983568288
      vertex 238.3 19.169297240631852 6.777824745662727
    endloop
  endfacet
  facet normal 0 0.8819212643483552 -0.47139673682599753
    outer loop
      vertex 238.3 19.169297240631852 6.777824745662727
      vertex 235.3 18.87358549596388 6.224586983568288
      vertex 235.3 19.169297240631852 6.777824745662727
    endloop
  endfacet
  facet normal -1 0 0
    outer loop
      vertex 238.3 24.09274169979695 7.262741699796953
      vertex 238.3 19.169297240631852 6.777824745662727
      vertex 238.3 19.567258300203047 7.262741699796953
    endloop
  endfacet
  facet normal 0 0.7730104533627361 -0.6343932841636466
    outer loop
      vertex 238.3 19.169297240631852 6.777824745662727
      vertex 235.3 19.169297240631852 6.777824745662727
      vertex 238.3 19.567258300203047 7.262741699796953
    endloop
  endfacet
  facet normal 0 0.7730104533627361 -0.6343932841636466
    outer loop
      vertex 238.3 19.567258300203047 7.262741699796953
      vertex 235.3 19.169297240631852 6.777824745662727
      vertex 235.3 19.567258300203047 7.262741699796953
    endloop
  endfacet
  facet normal 0 0.6343932841636454 -0.773010453362737
    outer loop
      vertex 238.3 19.567258300203047 7.262741699796953
      vertex 235.3 19.567258300203047 7.262741699796953
      vertex 238.3 20.05217525433727 7.660702759368145
    endloop
  endfacet
  facet normal -1 0 0
    outer loop
      vertex 238.3 23.607824745662725 7.660702759368145
      vertex 238.3 19.567258300203047 7.262741699796953
      vertex 238.3 20.05217525433727 7.660702759368145
    endloop
  endfacet
  facet normal 0 0.6343932841636454 -0.773010453362737
    outer loop
      vertex 238.3 20.05217525433727 7.660702759368145
      vertex 235.3 19.567258300203047 7.262741699796953
      vertex 235.3 20.05217525433727 7.660702759368145
    endloop
  endfacet
  facet normal 0 0.47139673682599803 -0.8819212643483549
    outer loop
      vertex 238.3 20.05217525433727 7.660702759368145
      vertex 235.3 20.05217525433727 7.660702759368145
      vertex 238.3 20.60541301643171 7.956414504036118
    endloop
  endfacet
  facet normal -2.5622400506482883e-19 0.2902846772544604 -0.9569403357322095
    outer loop
      vertex 238.3 21.205710969548388 8.138512897290337
      vertex 238.3 20.60541301643171 7.956414504036118
      vertex 235.3 20.60541301643171 7.956414504036118
    endloop
  endfacet
  facet normal 0 0.2902846772544604 -0.9569403357322095
    outer loop
      vertex 238.3 21.205710969548388 8.138512897290337
      vertex 235.3 20.60541301643171 7.956414504036118
      vertex 235.3 21.205710969548388 8.138512897290337
    endloop
  endfacet
  facet normal -1 0 0
    outer loop
      vertex 238.3 23.054586983568285 7.956414504036118
      vertex 238.3 20.05217525433727 7.660702759368145
      vertex 238.3 20.60541301643171 7.956414504036118
    endloop
  endfacet
  facet normal -1 0 0
    outer loop
      vertex 238.3 22.45428903045161 8.138512897290337
      vertex 238.3 20.60541301643171 7.956414504036118
      vertex 238.3 21.205710969548388 8.138512897290337
    endloop
  endfacet
  facet normal 0 0.47139673682599803 -0.8819212643483549
    outer loop
      vertex 238.3 20.60541301643171 7.956414504036118
      vertex 235.3 20.05217525433727 7.660702759368145
      vertex 235.3 20.60541301643171 7.956414504036118
    endloop
  endfacet
  facet normal 0 0.09801714032956073 -0.9951847266721969
    outer loop
      vertex 238.3 21.83 8.2
      vertex 235.3 21.205710969548388 8.138512897290337
      vertex 235.3 21.83 8.2
    endloop
  endfacet
  facet normal -1.3693583310301829e-18 0.09801714032956073 -0.9951847266721969
    outer loop
      vertex 238.3 21.83 8.2
      vertex 238.3 21.205710969548388 8.138512897290337
      vertex 235.3 21.205710969548388 8.138512897290337
    endloop
  endfacet
  facet normal -1 0 0
    outer loop
      vertex 238.3 22.45428903045161 8.138512897290337
      vertex 238.3 21.205710969548388 8.138512897290337
      vertex 238.3 21.83 8.2
    endloop
  endfacet
  facet normal 0 -0.7730104533627347 0.6343932841636482
    outer loop
      vertex 238.3 11.018698340914327 4.055530603866677
      vertex 241.3 10.807281528017128 3.797918471982869
      vertex 241.3 11.018698340914327 4.055530603866677
    endloop
  endfacet
  facet normal 0 -0.8819212643483613 0.47139673682598576
    outer loop
      vertex 238.3 11.018698340914327 4.055530603866677
      vertex 241.3 11.018698340914327 4.055530603866677
      vertex 238.3 11.175795205269182 4.349438164979348
    endloop
  endfacet
  facet normal 0 -0.8819212643483613 0.47139673682598576
    outer loop
      vertex 238.3 11.175795205269182 4.349438164979348
      vertex 241.3 11.018698340914327 4.055530603866677
      vertex 241.3 11.175795205269182 4.349438164979348
    endloop
  endfacet
  facet normal 0 -0.95694033573221 0.29028467725445856
    outer loop
      vertex 238.3 11.175795205269182 4.349438164979348
      vertex 241.3 11.175795205269182 4.349438164979348
      vertex 238.3 11.272534976685485 4.668346452572582
    endloop
  endfacet
  facet normal 0 -0.95694033573221 0.29028467725445856
    outer loop
      vertex 238.3 11.272534976685485 4.668346452572582
      vertex 241.3 11.175795205269182 4.349438164979348
      vertex 241.3 11.272534976685485 4.668346452572582
    endloop
  endfacet
  facet normal 0 -0.995184726672195 0.09801714032957912
    outer loop
      vertex 238.3 11.272534976685485 4.668346452572582
      vertex 241.3 11.272534976685485 4.668346452572582
      vertex 238.3 11.3052 5
    endloop
  endfacet
  facet normal 0 -0.995184726672195 0.09801714032957912
    outer loop
      vertex 238.3 11.3052 5
      vertex 241.3 11.272534976685485 4.668346452572582
      vertex 241.3 11.3052 5
    endloop
  endfacet
  facet normal 4.360815961626432e-19 -0.09801714032956167 0.9951847266721968
    outer loop
      vertex 238.3 9.936853547427411 3.332665023314508
      vertex 238.3 9.605199999999996 3.3
      vertex 241.3 9.605199999999996 3.3
    endloop
  endfacet
  facet normal 0 -0.2902846772544597 0.9569403357322096
    outer loop
      vertex 238.3 9.936853547427411 3.332665023314508
      vertex 241.3 9.936853547427411 3.332665023314508
      vertex 238.3 10.25576183502065 3.4294047947308126
    endloop
  endfacet
  facet normal 0 -0.09801714032956167 0.9951847266721968
    outer loop
      vertex 238.3 9.936853547427411 3.332665023314508
      vertex 241.3 9.605199999999996 3.3
      vertex 241.3 9.936853547427411 3.332665023314508
    endloop
  endfacet
  facet normal 0 -0.2902846772544597 0.9569403357322096
    outer loop
      vertex 238.3 10.25576183502065 3.4294047947308126
      vertex 241.3 9.936853547427411 3.332665023314508
      vertex 241.3 10.25576183502065 3.4294047947308126
    endloop
  endfacet
  facet normal -4.360815961626432e-19 0.09801714032956167 0.9951847266721968
    outer loop
      vertex 238.3 9.605199999999996 3.3
      vertex 238.3 9.273546452572582 3.332665023314508
      vertex 241.3 9.273546452572582 3.332665023314508
    endloop
  endfacet
  facet normal -1.6217943368838567e-18 0.2902846772544597 0.9569403357322096
    outer loop
      vertex 238.3 9.273546452572582 3.332665023314508
      vertex 238.3 8.954638164979343 3.4294047947308126
      vertex 241.3 8.954638164979343 3.4294047947308126
    endloop
  endfacet
  facet normal 0 0.09801714032956167 0.9951847266721968
    outer loop
      vertex 238.3 9.605199999999996 3.3
      vertex 241.3 9.273546452572582 3.332665023314508
      vertex 241.3 9.605199999999996 3.3
    endloop
  endfacet
  facet normal 0 0.2902846772544597 0.9569403357322096
    outer loop
      vertex 238.3 9.273546452572582 3.332665023314508
      vertex 241.3 8.954638164979343 3.4294047947308126
      vertex 241.3 9.273546452572582 3.332665023314508
    endloop
  endfacet
  facet normal 0 -0.4713967368260016 0.8819212643483529
    outer loop
      vertex 238.3 10.25576183502065 3.4294047947308126
      vertex 241.3 10.25576183502065 3.4294047947308126
      vertex 238.3 10.549669396133318 3.5865016590856733
    endloop
  endfacet
  facet normal 0 -0.4713967368260016 0.8819212643483529
    outer loop
      vertex 238.3 10.549669396133318 3.5865016590856733
      vertex 241.3 10.25576183502065 3.4294047947308126
      vertex 241.3 10.549669396133318 3.5865016590856733
    endloop
  endfacet
  facet normal 0 -0.6343932841636395 0.7730104533627419
    outer loop
      vertex 238.3 10.549669396133318 3.5865016590856733
      vertex 241.3 10.549669396133318 3.5865016590856733
      vertex 238.3 10.807281528017128 3.797918471982869
    endloop
  endfacet
  facet normal 0 -0.6343932841636395 0.7730104533627419
    outer loop
      vertex 238.3 10.807281528017128 3.797918471982869
      vertex 241.3 10.549669396133318 3.5865016590856733
      vertex 241.3 10.807281528017128 3.797918471982869
    endloop
  endfacet
  facet normal 6.081801920745883e-19 0.4713967368260016 0.8819212643483529
    outer loop
      vertex 238.3 8.954638164979343 3.4294047947308126
      vertex 238.3 8.660730603866675 3.5865016590856733
      vertex 241.3 8.660730603866675 3.5865016590856733
    endloop
  endfacet
  facet normal 0 0.4713967368260016 0.8819212643483529
    outer loop
      vertex 238.3 8.954638164979343 3.4294047947308126
      vertex 241.3 8.660730603866675 3.5865016590856733
      vertex 241.3 8.954638164979343 3.4294047947308126
    endloop
  endfacet
  facet normal -8.71187276999452e-20 0.6343932841636395 0.7730104533627419
    outer loop
      vertex 238.3 8.660730603866675 3.5865016590856733
      vertex 238.3 8.403118471982864 3.797918471982869
      vertex 241.3 8.403118471982864 3.797918471982869
    endloop
  endfacet
  facet normal 0 0.6343932841636395 0.7730104533627419
    outer loop
      vertex 238.3 8.660730603866675 3.5865016590856733
      vertex 241.3 8.403118471982864 3.797918471982869
      vertex 241.3 8.660730603866675 3.5865016590856733
    endloop
  endfacet
  facet normal 0 -0.7730104533627347 0.6343932841636482
    outer loop
      vertex 238.3 10.807281528017128 3.797918471982869
      vertex 241.3 10.807281528017128 3.797918471982869
      vertex 238.3 11.018698340914327 4.055530603866677
    endloop
  endfacet
  facet normal 0 0.7730104533627347 0.6343932841636482
    outer loop
      vertex 238.3 8.403118471982864 3.797918471982869
      vertex 241.3 8.191701659085666 4.055530603866677
      vertex 241.3 8.403118471982864 3.797918471982869
    endloop
  endfacet
  facet normal 1.7243231773202961e-18 0.7730104533627347 0.6343932841636482
    outer loop
      vertex 238.3 8.403118471982864 3.797918471982869
      vertex 238.3 8.191701659085666 4.055530603866677
      vertex 241.3 8.191701659085666 4.055530603866677
    endloop
  endfacet
  facet normal 0 0.8819212643483613 0.47139673682598576
    outer loop
      vertex 238.3 8.191701659085666 4.055530603866677
      vertex 241.3 8.03460479473081 4.349438164979348
      vertex 241.3 8.191701659085666 4.055530603866677
    endloop
  endfacet
  facet normal 3.355289444416897e-18 0.8819212643483613 0.47139673682598576
    outer loop
      vertex 238.3 8.191701659085666 4.055530603866677
      vertex 238.3 8.03460479473081 4.349438164979348
      vertex 241.3 8.03460479473081 4.349438164979348
    endloop
  endfacet
  facet normal 0 0.95694033573221 0.29028467725445856
    outer loop
      vertex 238.3 8.03460479473081 4.349438164979348
      vertex 241.3 7.937865023314508 4.668346452572582
      vertex 241.3 8.03460479473081 4.349438164979348
    endloop
  endfacet
  facet normal -1.247180895285666e-18 0.95694033573221 0.29028467725445856
    outer loop
      vertex 238.3 8.03460479473081 4.349438164979348
      vertex 238.3 7.937865023314508 4.668346452572582
      vertex 241.3 7.937865023314508 4.668346452572582
    endloop
  endfacet
  facet normal 0 0.995184726672195 0.09801714032957912
    outer loop
      vertex 238.3 7.937865023314508 4.668346452572582
      vertex 241.3 7.905199999999994 5
      vertex 241.3 7.937865023314508 4.668346452572582
    endloop
  endfacet
  facet normal 3.5464163481541175e-19 0.995184726672195 0.09801714032957912
    outer loop
      vertex 238.3 7.937865023314508 4.668346452572582
      vertex 238.3 7.905199999999994 5
      vertex 241.3 7.905199999999994 5
    endloop
  endfacet
  facet normal 0 -0.995184726672195 -0.09801714032957912
    outer loop
      vertex 238.3 11.3052 5
      vertex 241.3 11.3052 5
      vertex 238.3 11.272534976685485 5.331653547427418
    endloop
  endfacet
  facet normal 0 -0.995184726672195 -0.09801714032957912
    outer loop
      vertex 238.3 11.272534976685485 5.331653547427418
      vertex 241.3 11.3052 5
      vertex 241.3 11.272534976685485 5.331653547427418
    endloop
  endfacet
  facet normal 0 -0.95694033573221 -0.29028467725445856
    outer loop
      vertex 238.3 11.272534976685485 5.331653547427418
      vertex 241.3 11.272534976685485 5.331653547427418
      vertex 238.3 11.175795205269182 5.650561835020652
    endloop
  endfacet
  facet normal 0 -0.95694033573221 -0.29028467725445856
    outer loop
      vertex 238.3 11.175795205269182 5.650561835020652
      vertex 241.3 11.272534976685485 5.331653547427418
      vertex 241.3 11.175795205269182 5.650561835020652
    endloop
  endfacet
  facet normal 0 -0.8819212643483613 -0.47139673682598576
    outer loop
      vertex 238.3 11.175795205269182 5.650561835020652
      vertex 241.3 11.175795205269182 5.650561835020652
      vertex 238.3 11.018698340914327 5.944469396133323
    endloop
  endfacet
  facet normal 0 -0.8819212643483613 -0.47139673682598576
    outer loop
      vertex 238.3 11.018698340914327 5.944469396133323
      vertex 241.3 11.175795205269182 5.650561835020652
      vertex 241.3 11.018698340914327 5.944469396133323
    endloop
  endfacet
  facet normal 0 -0.7730104533627347 -0.6343932841636482
    outer loop
      vertex 238.3 11.018698340914327 5.944469396133323
      vertex 241.3 11.018698340914327 5.944469396133323
      vertex 238.3 10.807281528017128 6.202081528017131
    endloop
  endfacet
  facet normal 0 0.995184726672195 -0.09801714032957912
    outer loop
      vertex 238.3 7.905199999999994 5
      vertex 241.3 7.937865023314508 5.331653547427418
      vertex 241.3 7.905199999999994 5
    endloop
  endfacet
  facet normal -3.5464163481541175e-19 0.995184726672195 -0.09801714032957912
    outer loop
      vertex 238.3 7.905199999999994 5
      vertex 238.3 7.937865023314508 5.331653547427418
      vertex 241.3 7.937865023314508 5.331653547427418
    endloop
  endfacet
  facet normal 0 0.95694033573221 -0.29028467725445856
    outer loop
      vertex 238.3 7.937865023314508 5.331653547427418
      vertex 241.3 8.03460479473081 5.650561835020652
      vertex 241.3 7.937865023314508 5.331653547427418
    endloop
  endfacet
  facet normal 1.247180895285666e-18 0.95694033573221 -0.29028467725445856
    outer loop
      vertex 238.3 7.937865023314508 5.331653547427418
      vertex 238.3 8.03460479473081 5.650561835020652
      vertex 241.3 8.03460479473081 5.650561835020652
    endloop
  endfacet
  facet normal 0 -0.7730104533627347 -0.6343932841636482
    outer loop
      vertex 238.3 10.807281528017128 6.202081528017131
      vertex 241.3 11.018698340914327 5.944469396133323
      vertex 241.3 10.807281528017128 6.202081528017131
    endloop
  endfacet
  facet normal 0 0.7730104533627347 -0.6343932841636482
    outer loop
      vertex 238.3 8.191701659085666 5.944469396133323
      vertex 241.3 8.403118471982864 6.202081528017131
      vertex 241.3 8.191701659085666 5.944469396133323
    endloop
  endfacet
  facet normal -1.7243231773202961e-18 0.7730104533627347 -0.6343932841636482
    outer loop
      vertex 238.3 8.191701659085666 5.944469396133323
      vertex 238.3 8.403118471982864 6.202081528017131
      vertex 241.3 8.403118471982864 6.202081528017131
    endloop
  endfacet
  facet normal 0 0.8819212643483613 -0.47139673682598576
    outer loop
      vertex 238.3 8.03460479473081 5.650561835020652
      vertex 241.3 8.191701659085666 5.944469396133323
      vertex 241.3 8.03460479473081 5.650561835020652
    endloop
  endfacet
  facet normal -3.355289444416897e-18 0.8819212643483613 -0.47139673682598576
    outer loop
      vertex 238.3 8.03460479473081 5.650561835020652
      vertex 238.3 8.191701659085666 5.944469396133323
      vertex 241.3 8.191701659085666 5.944469396133323
    endloop
  endfacet
  facet normal 0 -0.6343932841636395 -0.7730104533627419
    outer loop
      vertex 238.3 10.807281528017128 6.202081528017131
      vertex 241.3 10.807281528017128 6.202081528017131
      vertex 238.3 10.549669396133318 6.413498340914327
    endloop
  endfacet
  facet normal 0 -0.6343932841636395 -0.7730104533627419
    outer loop
      vertex 238.3 10.549669396133318 6.413498340914327
      vertex 241.3 10.807281528017128 6.202081528017131
      vertex 241.3 10.549669396133318 6.413498340914327
    endloop
  endfacet
  facet normal 0 -0.4713967368260016 -0.8819212643483529
    outer loop
      vertex 238.3 10.549669396133318 6.413498340914327
      vertex 241.3 10.549669396133318 6.413498340914327
      vertex 238.3 10.25576183502065 6.570595205269187
    endloop
  endfacet
  facet normal 0 -0.4713967368260016 -0.8819212643483529
    outer loop
      vertex 238.3 10.25576183502065 6.570595205269187
      vertex 241.3 10.549669396133318 6.413498340914327
      vertex 241.3 10.25576183502065 6.570595205269187
    endloop
  endfacet
  facet normal 0 0.6343932841636395 -0.7730104533627419
    outer loop
      vertex 238.3 8.660730603866675 6.413498340914327
      vertex 241.3 8.660730603866675 6.413498340914327
      vertex 238.3 8.403118471982864 6.202081528017131
    endloop
  endfacet
  facet normal 0 0.6343932841636395 -0.7730104533627419
    outer loop
      vertex 238.3 8.403118471982864 6.202081528017131
      vertex 241.3 8.660730603866675 6.413498340914327
      vertex 241.3 8.403118471982864 6.202081528017131
    endloop
  endfacet
  facet normal -6.081801920745883e-19 0.4713967368260016 -0.8819212643483529
    outer loop
      vertex 238.3 8.660730603866675 6.413498340914327
      vertex 238.3 8.954638164979343 6.570595205269187
      vertex 241.3 8.954638164979343 6.570595205269187
    endloop
  endfacet
  facet normal 0 0.4713967368260016 -0.8819212643483529
    outer loop
      vertex 238.3 8.660730603866675 6.413498340914327
      vertex 241.3 8.954638164979343 6.570595205269187
      vertex 241.3 8.660730603866675 6.413498340914327
    endloop
  endfacet
  facet normal 0 -0.2902846772544597 -0.9569403357322096
    outer loop
      vertex 238.3 10.25576183502065 6.570595205269187
      vertex 241.3 10.25576183502065 6.570595205269187
      vertex 238.3 9.936853547427411 6.667334976685492
    endloop
  endfacet
  facet normal 0 -0.09801714032956167 -0.9951847266721968
    outer loop
      vertex 238.3 9.936853547427411 6.667334976685492
      vertex 241.3 9.936853547427411 6.667334976685492
      vertex 238.3 9.605199999999996 6.7
    endloop
  endfacet
  facet normal 0 -0.2902846772544597 -0.9569403357322096
    outer loop
      vertex 238.3 9.936853547427411 6.667334976685492
      vertex 241.3 10.25576183502065 6.570595205269187
      vertex 241.3 9.936853547427411 6.667334976685492
    endloop
  endfacet
  facet normal 0 -0.09801714032956167 -0.9951847266721968
    outer loop
      vertex 238.3 9.605199999999996 6.7
      vertex 241.3 9.936853547427411 6.667334976685492
      vertex 241.3 9.605199999999996 6.7
    endloop
  endfacet
  facet normal 1.6217943368838567e-18 0.2902846772544597 -0.9569403357322096
    outer loop
      vertex 238.3 8.954638164979343 6.570595205269187
      vertex 238.3 9.273546452572582 6.667334976685492
      vertex 241.3 9.273546452572582 6.667334976685492
    endloop
  endfacet
  facet normal 4.360815961626432e-19 0.09801714032956167 -0.9951847266721968
    outer loop
      vertex 238.3 9.273546452572582 6.667334976685492
      vertex 238.3 9.605199999999996 6.7
      vertex 241.3 9.605199999999996 6.7
    endloop
  endfacet
  facet normal 0 0.2902846772544597 -0.9569403357322096
    outer loop
      vertex 238.3 8.954638164979343 6.570595205269187
      vertex 241.3 9.273546452572582 6.667334976685492
      vertex 241.3 8.954638164979343 6.570595205269187
    endloop
  endfacet
  facet normal 0 0.09801714032956167 -0.9951847266721968
    outer loop
      vertex 238.3 9.273546452572582 6.667334976685492
      vertex 241.3 9.605199999999996 6.7
      vertex 241.3 9.273546452572582 6.667334976685492
    endloop
  endfacet
  facet normal 0 -0.4713967368259975 0.8819212643483552
    outer loop
      vertex 235.20000000000002 10.829786983568283 2.043585495963882
      vertex 238.3 10.829786983568283 2.043585495963882
      vertex 235.20000000000002 11.383024745662723 2.339297240631855
    endloop
  endfacet
  facet normal 4.0658783997926645e-18 -0.4713967368259975 0.8819212643483552
    outer loop
      vertex 238.3 10.829786983568283 2.043585495963882
      vertex 238.3 11.383024745662723 2.339297240631855
      vertex 235.20000000000002 11.383024745662723 2.339297240631855
    endloop
  endfacet
  facet normal 6.627605518491582e-17 -0.6343932841636505 0.7730104533627328
    outer loop
      vertex 235.20000000000002 11.383024745662723 2.339297240631855
      vertex 235.3 11.578841624524522 2.5
      vertex 235.20000000000002 11.578841624524522 2.5
    endloop
  endfacet
  facet normal 0 -0.6343932841636505 0.7730104533627329
    outer loop
      vertex 235.20000000000002 11.383024745662723 2.339297240631855
      vertex 238.3 11.383024745662723 2.339297240631855
      vertex 235.3 11.578841624524522 2.5
    endloop
  endfacet
  facet normal 1 0 0
    outer loop
      vertex 235.20000000000002 10.22948903045161 1.8614871027096624
      vertex 235.20000000000002 8.980910969548383 1.8614871027096624
      vertex 235.20000000000002 9.605199999999996 1.7999999999999998
    endloop
  endfacet
  facet normal 0 -0.09801714032956019 0.9951847266721969
    outer loop
      vertex 235.20000000000002 10.22948903045161 1.8614871027096624
      vertex 238.3 9.605199999999996 1.7999999999999998
      vertex 238.3 10.22948903045161 1.8614871027096624
    endloop
  endfacet
  facet normal 3.9252339041491643e-19 -0.09801714032956019 0.9951847266721969
    outer loop
      vertex 235.20000000000002 10.22948903045161 1.8614871027096624
      vertex 235.20000000000002 9.605199999999996 1.7999999999999998
      vertex 238.3 9.605199999999996 1.7999999999999998
    endloop
  endfacet
  facet normal -1 0 0
    outer loop
      vertex 238.3 10.22948903045161 1.8614871027096624
      vertex 238.3 9.605199999999996 1.7999999999999998
      vertex 238.3 8.980910969548383 1.8614871027096624
    endloop
  endfacet
  facet normal 0 0.09801714032956019 0.9951847266721969
    outer loop
      vertex 235.20000000000002 9.605199999999996 1.7999999999999998
      vertex 238.3 8.980910969548383 1.8614871027096624
      vertex 238.3 9.605199999999996 1.7999999999999998
    endloop
  endfacet
  facet normal -3.9252339041491643e-19 0.09801714032956019 0.9951847266721969
    outer loop
      vertex 235.20000000000002 9.605199999999996 1.7999999999999998
      vertex 235.20000000000002 8.980910969548383 1.8614871027096624
      vertex 238.3 8.980910969548383 1.8614871027096624
    endloop
  endfacet
  facet normal 0 -0.29028467725446394 0.9569403357322084
    outer loop
      vertex 235.20000000000002 10.22948903045161 1.8614871027096624
      vertex 238.3 10.22948903045161 1.8614871027096624
      vertex 235.20000000000002 10.829786983568283 2.043585495963882
    endloop
  endfacet
  facet normal -1.6649844412468876e-19 -0.29028467725446394 0.9569403357322084
    outer loop
      vertex 238.3 10.22948903045161 1.8614871027096624
      vertex 238.3 10.829786983568283 2.043585495963882
      vertex 235.20000000000002 10.829786983568283 2.043585495963882
    endloop
  endfacet
  facet normal 1 0 0
    outer loop
      vertex 235.20000000000002 10.22948903045161 1.8614871027096624
      vertex 235.20000000000002 10.829786983568283 2.043585495963882
      vertex 235.20000000000002 8.38061301643171 2.043585495963882
    endloop
  endfacet
  facet normal -1 0 0
    outer loop
      vertex 238.3 10.22948903045161 1.8614871027096624
      vertex 238.3 8.980910969548383 1.8614871027096624
      vertex 238.3 10.829786983568283 2.043585495963882
    endloop
  endfacet
  facet normal -1 0 0
    outer loop
      vertex 238.3 10.829786983568283 2.043585495963882
      vertex 238.3 8.38061301643171 2.043585495963882
      vertex 238.3 11.383024745662723 2.339297240631855
    endloop
  endfacet
  facet normal 1 0 0
    outer loop
      vertex 235.20000000000002 10.22948903045161 1.8614871027096624
      vertex 235.20000000000002 8.38061301643171 2.043585495963882
      vertex 235.20000000000002 8.980910969548383 1.8614871027096624
    endloop
  endfacet
  facet normal 0 0.29028467725446394 0.9569403357322084
    outer loop
      vertex 235.20000000000002 8.980910969548383 1.8614871027096624
      vertex 238.3 8.38061301643171 2.043585495963882
      vertex 238.3 8.980910969548383 1.8614871027096624
    endloop
  endfacet
  facet normal 1.6649844412468876e-19 0.29028467725446394 0.9569403357322084
    outer loop
      vertex 235.20000000000002 8.980910969548383 1.8614871027096624
      vertex 235.20000000000002 8.38061301643171 2.043585495963882
      vertex 238.3 8.38061301643171 2.043585495963882
    endloop
  endfacet
  facet normal 1 0 0
    outer loop
      vertex 235.20000000000002 10.829786983568283 2.043585495963882
      vertex 235.20000000000002 7.827375254337269 2.339297240631855
      vertex 235.20000000000002 8.38061301643171 2.043585495963882
    endloop
  endfacet
  facet normal 0 0.4713967368259975 0.8819212643483552
    outer loop
      vertex 235.20000000000002 8.38061301643171 2.043585495963882
      vertex 238.3 7.827375254337269 2.339297240631855
      vertex 238.3 8.38061301643171 2.043585495963882
    endloop
  endfacet
  facet normal -1 0 0
    outer loop
      vertex 238.3 8.980910969548383 1.8614871027096624
      vertex 238.3 8.38061301643171 2.043585495963882
      vertex 238.3 10.829786983568283 2.043585495963882
    endloop
  endfacet
  facet normal 1 0 0
    outer loop
      vertex 235.20000000000002 10.829786983568283 2.043585495963882
      vertex 235.20000000000002 11.383024745662723 2.339297240631855
      vertex 235.20000000000002 7.827375254337269 2.339297240631855
    endloop
  endfacet
  facet normal 1 0 0
    outer loop
      vertex 235.20000000000002 11.383024745662723 2.339297240631855
      vertex 235.20000000000002 11.578841624524522 2.5
      vertex 235.20000000000002 7.827375254337269 2.339297240631855
    endloop
  endfacet
  facet normal -1 0 0
    outer loop
      vertex 238.3 11.383024745662723 2.339297240631855
      vertex 238.3 7.827375254337269 2.339297240631855
      vertex 238.3 11.867941699796948 2.7372583002030475
    endloop
  endfacet
  facet normal 1 0 0
    outer loop
      vertex 235.20000000000002 7.827375254337269 2.339297240631855
      vertex 235.20000000000002 11.578841624524522 2.5
      vertex 235.20000000000002 7.631558375475464 2.5
    endloop
  endfacet
  facet normal -1 0 0
    outer loop
      vertex 238.3 11.383024745662723 2.339297240631855
      vertex 238.3 8.38061301643171 2.043585495963882
      vertex 238.3 7.827375254337269 2.339297240631855
    endloop
  endfacet
  facet normal -4.0658783997926645e-18 0.4713967368259975 0.8819212643483552
    outer loop
      vertex 235.20000000000002 8.38061301643171 2.043585495963882
      vertex 235.20000000000002 7.827375254337269 2.339297240631855
      vertex 238.3 7.827375254337269 2.339297240631855
    endloop
  endfacet
  facet normal 5.435178762660567e-17 0.6343932841636367 0.7730104533627441
    outer loop
      vertex 235.20000000000002 7.827375254337269 2.339297240631855
      vertex 235.20000000000002 7.631558375475464 2.5
      vertex 235.3 7.631558375475464 2.5
    endloop
  endfacet
  facet normal 0 0.634393284163643 0.7730104533627389
    outer loop
      vertex 235.20000000000002 7.827375254337269 2.339297240631855
      vertex 238.3 7.342458300203042 2.7372583002030475
      vertex 238.3 7.827375254337269 2.339297240631855
    endloop
  endfacet
  facet normal 8.485209491267779e-16 -0.6343932841636427 0.7730104533627392
    outer loop
      vertex 238.3 11.383024745662723 2.339297240631855
      vertex 235.3 11.867941699796948 2.7372583002030475
      vertex 235.3 11.578841624524522 2.5
    endloop
  endfacet
  facet normal 1.0578687062315378e-18 -0.6343932841636458 0.7730104533627367
    outer loop
      vertex 238.3 11.383024745662723 2.339297240631855
      vertex 238.3 11.867941699796948 2.7372583002030475
      vertex 235.3 11.867941699796948 2.7372583002030475
    endloop
  endfacet
  facet normal 0 -0.7730104533627358 0.6343932841636469
    outer loop
      vertex 238.3 11.867941699796948 2.7372583002030475
      vertex 235.3 12.265902759368142 3.222175254337273
      vertex 235.3 11.867941699796948 2.7372583002030475
    endloop
  endfacet
  facet normal 0 -0.7730104533627358 0.6343932841636469
    outer loop
      vertex 238.3 12.265902759368142 3.222175254337273
      vertex 235.3 12.265902759368142 3.222175254337273
      vertex 238.3 11.867941699796948 2.7372583002030475
    endloop
  endfacet
  facet normal 0 -0.8819212643483552 0.47139673682599753
    outer loop
      vertex 238.3 12.265902759368142 3.222175254337273
      vertex 235.3 12.561614504036115 3.7754130164317123
      vertex 235.3 12.265902759368142 3.222175254337273
    endloop
  endfacet
  facet normal -4.381664883913776e-19 -0.8819212643483552 0.47139673682599753
    outer loop
      vertex 238.3 12.265902759368142 3.222175254337273
      vertex 238.3 12.561614504036115 3.7754130164317123
      vertex 235.3 12.561614504036115 3.7754130164317123
    endloop
  endfacet
  facet normal -1 0 0
    outer loop
      vertex 238.3 12.265902759368142 3.222175254337273
      vertex 238.3 10.25576183502065 3.4294047947308126
      vertex 238.3 12.561614504036115 3.7754130164317123
    endloop
  endfacet
  facet normal -1 0 0
    outer loop
      vertex 238.3 10.25576183502065 3.4294047947308126
      vertex 238.3 10.549669396133318 3.5865016590856733
      vertex 238.3 12.561614504036115 3.7754130164317123
    endloop
  endfacet
  facet normal -1 0 0
    outer loop
      vertex 238.3 10.549669396133318 3.5865016590856733
      vertex 238.3 10.807281528017128 3.797918471982869
      vertex 238.3 12.561614504036115 3.7754130164317123
    endloop
  endfacet
  facet normal 0 -0.9569403357322096 0.29028467725446
    outer loop
      vertex 238.3 12.561614504036115 3.7754130164317123
      vertex 235.3 12.743712897290333 4.37571096954839
      vertex 235.3 12.561614504036115 3.7754130164317123
    endloop
  endfacet
  facet normal -1 0 0
    outer loop
      vertex 238.3 12.561614504036115 3.7754130164317123
      vertex 238.3 10.807281528017128 3.797918471982869
      vertex 238.3 11.018698340914327 4.055530603866677
    endloop
  endfacet
  facet normal -2.8055180022566197e-18 -0.9569403357322096 0.29028467725446
    outer loop
      vertex 238.3 12.561614504036115 3.7754130164317123
      vertex 238.3 12.743712897290333 4.37571096954839
      vertex 235.3 12.743712897290333 4.37571096954839
    endloop
  endfacet
  facet normal -1 0 0
    outer loop
      vertex 238.3 12.561614504036115 3.7754130164317123
      vertex 238.3 11.018698340914327 4.055530603866677
      vertex 238.3 12.743712897290333 4.37571096954839
    endloop
  endfacet
  facet normal -1 0 0
    outer loop
      vertex 238.3 12.743712897290333 4.37571096954839
      vertex 238.3 11.018698340914327 4.055530603866677
      vertex 238.3 11.175795205269182 4.349438164979348
    endloop
  endfacet
  facet normal 0 -0.9951847266721969 0.09801714032956073
    outer loop
      vertex 238.3 12.743712897290333 4.37571096954839
      vertex 235.3 12.805199999999996 5
      vertex 235.3 12.743712897290333 4.37571096954839
    endloop
  endfacet
  facet normal -1 0 0
    outer loop
      vertex 238.3 12.743712897290333 4.37571096954839
      vertex 238.3 11.175795205269182 4.349438164979348
      vertex 238.3 11.272534976685485 4.668346452572582
    endloop
  endfacet
  facet normal -1 0 0
    outer loop
      vertex 238.3 12.743712897290333 4.37571096954839
      vertex 238.3 11.272534976685485 4.668346452572582
      vertex 238.3 12.805199999999996 5
    endloop
  endfacet
  facet normal -1.3693583310301829e-18 -0.9951847266721969 0.09801714032956073
    outer loop
      vertex 238.3 12.743712897290333 4.37571096954839
      vertex 238.3 12.805199999999996 5
      vertex 235.3 12.805199999999996 5
    endloop
  endfacet
  facet normal -1 0 0
    outer loop
      vertex 238.3 12.805199999999996 5
      vertex 238.3 11.272534976685485 4.668346452572582
      vertex 238.3 11.3052 5
    endloop
  endfacet
  facet normal -1 0 0
    outer loop
      vertex 238.3 7.827375254337269 2.339297240631855
      vertex 238.3 7.342458300203042 2.7372583002030475
      vertex 238.3 11.867941699796948 2.7372583002030475
    endloop
  endfacet
  facet normal -1 0 0
    outer loop
      vertex 238.3 12.265902759368142 3.222175254337273
      vertex 238.3 11.867941699796948 2.7372583002030475
      vertex 238.3 7.342458300203042 2.7372583002030475
    endloop
  endfacet
  facet normal -1 0 0
    outer loop
      vertex 238.3 12.265902759368142 3.222175254337273
      vertex 238.3 7.342458300203042 2.7372583002030475
      vertex 238.3 6.944497240631854 3.222175254337273
    endloop
  endfacet
  facet normal -1.80076294342704e-15 0.6343932841636363 0.7730104533627447
    outer loop
      vertex 235.20000000000002 7.827375254337269 2.339297240631855
      vertex 235.3 7.631558375475464 2.5
      vertex 238.3 7.342458300203042 2.7372583002030475
    endloop
  endfacet
  facet normal 0 0.6343932841636473 0.7730104533627353
    outer loop
      vertex 238.3 7.342458300203042 2.7372583002030475
      vertex 235.3 7.631558375475464 2.5
      vertex 235.3 7.342458300203042 2.7372583002030475
    endloop
  endfacet
  facet normal 0 0.7730104533627413 0.6343932841636402
    outer loop
      vertex 238.3 7.342458300203042 2.7372583002030475
      vertex 235.3 7.342458300203042 2.7372583002030475
      vertex 238.3 6.944497240631854 3.222175254337273
    endloop
  endfacet
  facet normal 0 0.7730104533627413 0.6343932841636402
    outer loop
      vertex 238.3 6.944497240631854 3.222175254337273
      vertex 235.3 7.342458300203042 2.7372583002030475
      vertex 235.3 6.944497240631854 3.222175254337273
    endloop
  endfacet
  facet normal -1 0 0
    outer loop
      vertex 238.3 12.265902759368142 3.222175254337273
      vertex 238.3 6.944497240631854 3.222175254337273
      vertex 238.3 9.605199999999996 3.3
    endloop
  endfacet
  facet normal -1 0 0
    outer loop
      vertex 238.3 12.265902759368142 3.222175254337273
      vertex 238.3 9.605199999999996 3.3
      vertex 238.3 9.936853547427411 3.332665023314508
    endloop
  endfacet
  facet normal -1 0 0
    outer loop
      vertex 238.3 12.265902759368142 3.222175254337273
      vertex 238.3 9.936853547427411 3.332665023314508
      vertex 238.3 10.25576183502065 3.4294047947308126
    endloop
  endfacet
  facet normal -1 0 0
    outer loop
      vertex 238.3 9.605199999999996 3.3
      vertex 238.3 6.944497240631854 3.222175254337273
      vertex 238.3 9.273546452572582 3.332665023314508
    endloop
  endfacet
  facet normal -1 0 0
    outer loop
      vertex 238.3 9.273546452572582 3.332665023314508
      vertex 238.3 6.944497240631854 3.222175254337273
      vertex 238.3 8.954638164979343 3.4294047947308126
    endloop
  endfacet
  facet normal -1 0 0
    outer loop
      vertex 238.3 8.954638164979343 3.4294047947308126
      vertex 238.3 6.944497240631854 3.222175254337273
      vertex 238.3 8.660730603866675 3.5865016590856733
    endloop
  endfacet
  facet normal 0 0.8819212643483527 0.4713967368260019
    outer loop
      vertex 238.3 6.944497240631854 3.222175254337273
      vertex 235.3 6.944497240631854 3.222175254337273
      vertex 238.3 6.648785495963878 3.7754130164317123
    endloop
  endfacet
  facet normal -1 0 0
    outer loop
      vertex 238.3 8.660730603866675 3.5865016590856733
      vertex 238.3 6.944497240631854 3.222175254337273
      vertex 238.3 8.403118471982864 3.797918471982869
    endloop
  endfacet
  facet normal -1 0 0
    outer loop
      vertex 238.3 6.944497240631854 3.222175254337273
      vertex 238.3 6.648785495963878 3.7754130164317123
      vertex 238.3 8.403118471982864 3.797918471982869
    endloop
  endfacet
  facet normal 0 0.8819212643483527 0.4713967368260019
    outer loop
      vertex 238.3 6.648785495963878 3.7754130164317123
      vertex 235.3 6.944497240631854 3.222175254337273
      vertex 235.3 6.648785495963878 3.7754130164317123
    endloop
  endfacet
  facet normal -1 0 0
    outer loop
      vertex 238.3 8.403118471982864 3.797918471982869
      vertex 238.3 6.648785495963878 3.7754130164317123
      vertex 238.3 8.191701659085666 4.055530603866677
    endloop
  endfacet
  facet normal -1 0 0
    outer loop
      vertex 238.3 8.191701659085666 4.055530603866677
      vertex 238.3 6.648785495963878 3.7754130164317123
      vertex 238.3 8.03460479473081 4.349438164979348
    endloop
  endfacet
  facet normal 0 0.956940335732208 0.2902846772544652
    outer loop
      vertex 238.3 6.648785495963878 3.7754130164317123
      vertex 235.3 6.648785495963878 3.7754130164317123
      vertex 238.3 6.466687102709656 4.37571096954839
    endloop
  endfacet
  facet normal -1 0 0
    outer loop
      vertex 238.3 8.03460479473081 4.349438164979348
      vertex 238.3 6.648785495963878 3.7754130164317123
      vertex 238.3 7.937865023314508 4.668346452572582
    endloop
  endfacet
  facet normal -1 0 0
    outer loop
      vertex 238.3 7.937865023314508 4.668346452572582
      vertex 238.3 6.648785495963878 3.7754130164317123
      vertex 238.3 6.466687102709656 4.37571096954839
    endloop
  endfacet
  facet normal 0 0.956940335732208 0.2902846772544652
    outer loop
      vertex 238.3 6.466687102709656 4.37571096954839
      vertex 235.3 6.648785495963878 3.7754130164317123
      vertex 235.3 6.466687102709656 4.37571096954839
    endloop
  endfacet
  facet normal -1 0 0
    outer loop
      vertex 238.3 7.937865023314508 4.668346452572582
      vertex 238.3 6.466687102709656 4.37571096954839
      vertex 238.3 7.905199999999994 5
    endloop
  endfacet
  facet normal 0 0.9951847266721969 0.09801714032956073
    outer loop
      vertex 238.3 6.466687102709656 4.37571096954839
      vertex 235.3 6.466687102709656 4.37571096954839
      vertex 238.3 6.405199999999994 5
    endloop
  endfacet
  facet normal -1 0 0
    outer loop
      vertex 238.3 6.466687102709656 4.37571096954839
      vertex 238.3 6.405199999999994 5
      vertex 238.3 7.905199999999994 5
    endloop
  endfacet
  facet normal 0 0.9951847266721969 0.09801714032956073
    outer loop
      vertex 238.3 6.405199999999994 5
      vertex 235.3 6.466687102709656 4.37571096954839
      vertex 235.3 6.405199999999994 5
    endloop
  endfacet
  facet normal 0 -0.9951847266721969 -0.09801714032956073
    outer loop
      vertex 238.3 12.805199999999996 5
      vertex 235.3 12.743712897290333 5.62428903045161
      vertex 235.3 12.805199999999996 5
    endloop
  endfacet
  facet normal -1 0 0
    outer loop
      vertex 238.3 12.805199999999996 5
      vertex 238.3 11.3052 5
      vertex 238.3 12.743712897290333 5.62428903045161
    endloop
  endfacet
  facet normal 1.3693583310301829e-18 -0.9951847266721969 -0.09801714032956073
    outer loop
      vertex 238.3 12.805199999999996 5
      vertex 238.3 12.743712897290333 5.62428903045161
      vertex 235.3 12.743712897290333 5.62428903045161
    endloop
  endfacet
  facet normal -1 0 0
    outer loop
      vertex 238.3 12.743712897290333 5.62428903045161
      vertex 238.3 11.3052 5
      vertex 238.3 11.272534976685485 5.331653547427418
    endloop
  endfacet
  facet normal 0 -0.9569403357322096 -0.29028467725446
    outer loop
      vertex 238.3 12.743712897290333 5.62428903045161
      vertex 235.3 12.561614504036115 6.224586983568288
      vertex 235.3 12.743712897290333 5.62428903045161
    endloop
  endfacet
  facet normal -1 0 0
    outer loop
      vertex 238.3 12.743712897290333 5.62428903045161
      vertex 238.3 11.272534976685485 5.331653547427418
      vertex 238.3 12.561614504036115 6.224586983568288
    endloop
  endfacet
  facet normal -1 0 0
    outer loop
      vertex 238.3 11.272534976685485 5.331653547427418
      vertex 238.3 11.175795205269182 5.650561835020652
      vertex 238.3 12.561614504036115 6.224586983568288
    endloop
  endfacet
  facet normal 2.8055180022566197e-18 -0.9569403357322096 -0.29028467725446
    outer loop
      vertex 238.3 12.743712897290333 5.62428903045161
      vertex 238.3 12.561614504036115 6.224586983568288
      vertex 235.3 12.561614504036115 6.224586983568288
    endloop
  endfacet
  facet normal -1 0 0
    outer loop
      vertex 238.3 11.175795205269182 5.650561835020652
      vertex 238.3 11.018698340914327 5.944469396133323
      vertex 238.3 12.561614504036115 6.224586983568288
    endloop
  endfacet
  facet normal -1 0 0
    outer loop
      vertex 238.3 12.561614504036115 6.224586983568288
      vertex 238.3 11.018698340914327 5.944469396133323
      vertex 238.3 10.807281528017128 6.202081528017131
    endloop
  endfacet
  facet normal 0 -0.8819212643483552 -0.47139673682599753
    outer loop
      vertex 238.3 12.561614504036115 6.224586983568288
      vertex 235.3 12.265902759368142 6.777824745662727
      vertex 235.3 12.561614504036115 6.224586983568288
    endloop
  endfacet
  facet normal -1 0 0
    outer loop
      vertex 238.3 12.561614504036115 6.224586983568288
      vertex 238.3 10.807281528017128 6.202081528017131
      vertex 238.3 12.265902759368142 6.777824745662727
    endloop
  endfacet
  facet normal -1 0 0
    outer loop
      vertex 238.3 12.265902759368142 6.777824745662727
      vertex 238.3 10.807281528017128 6.202081528017131
      vertex 238.3 10.549669396133318 6.413498340914327
    endloop
  endfacet
  facet normal 4.381664883913776e-19 -0.8819212643483552 -0.47139673682599753
    outer loop
      vertex 238.3 12.561614504036115 6.224586983568288
      vertex 238.3 12.265902759368142 6.777824745662727
      vertex 235.3 12.265902759368142 6.777824745662727
    endloop
  endfacet
  facet normal -1 0 0
    outer loop
      vertex 238.3 12.265902759368142 6.777824745662727
      vertex 238.3 10.549669396133318 6.413498340914327
      vertex 238.3 10.25576183502065 6.570595205269187
    endloop
  endfacet
  facet normal 0 -0.7730104533627361 -0.6343932841636466
    outer loop
      vertex 238.3 12.265902759368142 6.777824745662727
      vertex 235.3 11.867941699796948 7.262741699796953
      vertex 235.3 12.265902759368142 6.777824745662727
    endloop
  endfacet
  facet normal -4.934712753032332e-18 -0.7730104533627361 -0.6343932841636466
    outer loop
      vertex 238.3 12.265902759368142 6.777824745662727
      vertex 238.3 11.867941699796948 7.262741699796953
      vertex 235.3 11.867941699796948 7.262741699796953
    endloop
  endfacet
  facet normal 0 -0.6343932841636454 -0.773010453362737
    outer loop
      vertex 238.3 11.867941699796948 7.262741699796953
      vertex 235.3 11.383024745662723 7.660702759368145
      vertex 235.3 11.867941699796948 7.262741699796953
    endloop
  endfacet
  facet normal -1 0 0
    outer loop
      vertex 238.3 7.905199999999994 5
      vertex 238.3 6.405199999999994 5
      vertex 238.3 7.937865023314508 5.331653547427418
    endloop
  endfacet
  facet normal 0 0.9951847266721969 -0.09801714032956073
    outer loop
      vertex 238.3 6.405199999999994 5
      vertex 235.3 6.405199999999994 5
      vertex 238.3 6.466687102709656 5.62428903045161
    endloop
  endfacet
  facet normal -1 0 0
    outer loop
      vertex 238.3 7.937865023314508 5.331653547427418
      vertex 238.3 6.405199999999994 5
      vertex 238.3 6.466687102709656 5.62428903045161
    endloop
  endfacet
  facet normal -1 0 0
    outer loop
      vertex 238.3 7.937865023314508 5.331653547427418
      vertex 238.3 6.466687102709656 5.62428903045161
      vertex 238.3 8.03460479473081 5.650561835020652
    endloop
  endfacet
  facet normal 0 0.9951847266721969 -0.09801714032956073
    outer loop
      vertex 238.3 6.466687102709656 5.62428903045161
      vertex 235.3 6.405199999999994 5
      vertex 235.3 6.466687102709656 5.62428903045161
    endloop
  endfacet
  facet normal -1 0 0
    outer loop
      vertex 238.3 8.03460479473081 5.650561835020652
      vertex 238.3 6.466687102709656 5.62428903045161
      vertex 238.3 8.191701659085666 5.944469396133323
    endloop
  endfacet
  facet normal -1 0 0
    outer loop
      vertex 238.3 6.466687102709656 5.62428903045161
      vertex 238.3 6.648785495963878 6.224586983568288
      vertex 238.3 8.191701659085666 5.944469396133323
    endloop
  endfacet
  facet normal 0 0.956940335732208 -0.2902846772544652
    outer loop
      vertex 238.3 6.466687102709656 5.62428903045161
      vertex 235.3 6.466687102709656 5.62428903045161
      vertex 238.3 6.648785495963878 6.224586983568288
    endloop
  endfacet
  facet normal -1 0 0
    outer loop
      vertex 238.3 8.191701659085666 5.944469396133323
      vertex 238.3 6.648785495963878 6.224586983568288
      vertex 238.3 8.403118471982864 6.202081528017131
    endloop
  endfacet
  facet normal 0 0.956940335732208 -0.2902846772544652
    outer loop
      vertex 238.3 6.648785495963878 6.224586983568288
      vertex 235.3 6.466687102709656 5.62428903045161
      vertex 235.3 6.648785495963878 6.224586983568288
    endloop
  endfacet
  facet normal -1 0 0
    outer loop
      vertex 238.3 12.265902759368142 6.777824745662727
      vertex 238.3 10.25576183502065 6.570595205269187
      vertex 238.3 9.936853547427411 6.667334976685492
    endloop
  endfacet
  facet normal -1 0 0
    outer loop
      vertex 238.3 12.265902759368142 6.777824745662727
      vertex 238.3 9.936853547427411 6.667334976685492
      vertex 238.3 9.605199999999996 6.7
    endloop
  endfacet
  facet normal -1 0 0
    outer loop
      vertex 238.3 12.265902759368142 6.777824745662727
      vertex 238.3 9.605199999999996 6.7
      vertex 238.3 6.944497240631854 6.777824745662727
    endloop
  endfacet
  facet normal -1 0 0
    outer loop
      vertex 238.3 9.273546452572582 6.667334976685492
      vertex 238.3 6.944497240631854 6.777824745662727
      vertex 238.3 9.605199999999996 6.7
    endloop
  endfacet
  facet normal -1 0 0
    outer loop
      vertex 238.3 8.954638164979343 6.570595205269187
      vertex 238.3 6.944497240631854 6.777824745662727
      vertex 238.3 9.273546452572582 6.667334976685492
    endloop
  endfacet
  facet normal -1 0 0
    outer loop
      vertex 238.3 8.660730603866675 6.413498340914327
      vertex 238.3 8.403118471982864 6.202081528017131
      vertex 238.3 6.648785495963878 6.224586983568288
    endloop
  endfacet
  facet normal -1 0 0
    outer loop
      vertex 238.3 8.660730603866675 6.413498340914327
      vertex 238.3 6.648785495963878 6.224586983568288
      vertex 238.3 8.954638164979343 6.570595205269187
    endloop
  endfacet
  facet normal -1 0 0
    outer loop
      vertex 238.3 8.954638164979343 6.570595205269187
      vertex 238.3 6.648785495963878 6.224586983568288
      vertex 238.3 6.944497240631854 6.777824745662727
    endloop
  endfacet
  facet normal 0 0.8819212643483527 -0.4713967368260019
    outer loop
      vertex 238.3 6.648785495963878 6.224586983568288
      vertex 235.3 6.648785495963878 6.224586983568288
      vertex 238.3 6.944497240631854 6.777824745662727
    endloop
  endfacet
  facet normal 0 0.8819212643483527 -0.4713967368260019
    outer loop
      vertex 238.3 6.944497240631854 6.777824745662727
      vertex 235.3 6.648785495963878 6.224586983568288
      vertex 235.3 6.944497240631854 6.777824745662727
    endloop
  endfacet
  facet normal -1 0 0
    outer loop
      vertex 238.3 12.265902759368142 6.777824745662727
      vertex 238.3 6.944497240631854 6.777824745662727
      vertex 238.3 11.867941699796948 7.262741699796953
    endloop
  endfacet
  facet normal -1 0 0
    outer loop
      vertex 238.3 6.944497240631854 6.777824745662727
      vertex 238.3 7.342458300203042 7.262741699796953
      vertex 238.3 11.867941699796948 7.262741699796953
    endloop
  endfacet
  facet normal -1 0 0
    outer loop
      vertex 238.3 11.867941699796948 7.262741699796953
      vertex 238.3 7.342458300203042 7.262741699796953
      vertex 238.3 11.383024745662723 7.660702759368145
    endloop
  endfacet
  facet normal 0 0.7730104533627417 -0.6343932841636398
    outer loop
      vertex 238.3 6.944497240631854 6.777824745662727
      vertex 235.3 6.944497240631854 6.777824745662727
      vertex 238.3 7.342458300203042 7.262741699796953
    endloop
  endfacet
  facet normal 0 0.7730104533627417 -0.6343932841636398
    outer loop
      vertex 238.3 7.342458300203042 7.262741699796953
      vertex 235.3 6.944497240631854 6.777824745662727
      vertex 235.3 7.342458300203042 7.262741699796953
    endloop
  endfacet
  facet normal 3.717672153233009e-18 0.6343932841636427 -0.7730104533627393
    outer loop
      vertex 238.3 7.827375254337269 7.660702759368145
      vertex 238.3 7.342458300203042 7.262741699796953
      vertex 235.3 7.342458300203042 7.262741699796953
    endloop
  endfacet
  facet normal -4.617098403489604e-18 -0.6343932841636454 -0.773010453362737
    outer loop
      vertex 238.3 11.867941699796948 7.262741699796953
      vertex 238.3 11.383024745662723 7.660702759368145
      vertex 235.3 11.383024745662723 7.660702759368145
    endloop
  endfacet
  facet normal 0 -0.47139673682599803 -0.8819212643483549
    outer loop
      vertex 238.3 11.383024745662723 7.660702759368145
      vertex 235.3 10.829786983568283 7.956414504036118
      vertex 235.3 11.383024745662723 7.660702759368145
    endloop
  endfacet
  facet normal -2.0157462086275733e-18 -0.47139673682599803 -0.8819212643483549
    outer loop
      vertex 238.3 11.383024745662723 7.660702759368145
      vertex 238.3 10.829786983568283 7.956414504036118
      vertex 235.3 10.829786983568283 7.956414504036118
    endloop
  endfacet
  facet normal -1 0 0
    outer loop
      vertex 238.3 11.383024745662723 7.660702759368145
      vertex 238.3 7.827375254337269 7.660702759368145
      vertex 238.3 10.829786983568283 7.956414504036118
    endloop
  endfacet
  facet normal -1 0 0
    outer loop
      vertex 238.3 11.383024745662723 7.660702759368145
      vertex 238.3 7.342458300203042 7.262741699796953
      vertex 238.3 7.827375254337269 7.660702759368145
    endloop
  endfacet
  facet normal 0 -0.290284677254462 -0.956940335732209
    outer loop
      vertex 238.3 10.829786983568283 7.956414504036118
      vertex 235.3 10.22948903045161 8.138512897290337
      vertex 235.3 10.829786983568283 7.956414504036118
    endloop
  endfacet
  facet normal -2.566716764296727e-18 -0.290284677254462 -0.956940335732209
    outer loop
      vertex 238.3 10.829786983568283 7.956414504036118
      vertex 238.3 10.22948903045161 8.138512897290337
      vertex 235.3 10.22948903045161 8.138512897290337
    endloop
  endfacet
  facet normal -1 0 0
    outer loop
      vertex 238.3 10.829786983568283 7.956414504036118
      vertex 238.3 8.38061301643171 7.956414504036118
      vertex 238.3 10.22948903045161 8.138512897290337
    endloop
  endfacet
  facet normal 0 0.47139673682599803 -0.8819212643483549
    outer loop
      vertex 238.3 8.38061301643171 7.956414504036118
      vertex 235.3 7.827375254337269 7.660702759368145
      vertex 235.3 8.38061301643171 7.956414504036118
    endloop
  endfacet
  facet normal 2.566716764296727e-18 0.290284677254462 -0.956940335732209
    outer loop
      vertex 238.3 8.980910969548383 8.138512897290337
      vertex 238.3 8.38061301643171 7.956414504036118
      vertex 235.3 8.38061301643171 7.956414504036118
    endloop
  endfacet
  facet normal 0 0.290284677254462 -0.956940335732209
    outer loop
      vertex 238.3 8.980910969548383 8.138512897290337
      vertex 235.3 8.38061301643171 7.956414504036118
      vertex 235.3 8.980910969548383 8.138512897290337
    endloop
  endfacet
  facet normal -1 0 0
    outer loop
      vertex 238.3 10.829786983568283 7.956414504036118
      vertex 238.3 7.827375254337269 7.660702759368145
      vertex 238.3 8.38061301643171 7.956414504036118
    endloop
  endfacet
  facet normal -1 0 0
    outer loop
      vertex 238.3 10.22948903045161 8.138512897290337
      vertex 238.3 8.38061301643171 7.956414504036118
      vertex 238.3 8.980910969548383 8.138512897290337
    endloop
  endfacet
  facet normal 0 0.6343932841636427 -0.7730104533627393
    outer loop
      vertex 238.3 7.827375254337269 7.660702759368145
      vertex 235.3 7.342458300203042 7.262741699796953
      vertex 235.3 7.827375254337269 7.660702759368145
    endloop
  endfacet
  facet normal 0 0.47139673682599803 -0.8819212643483549
    outer loop
      vertex 238.3 7.827375254337269 7.660702759368145
      vertex 235.3 7.827375254337269 7.660702759368145
      vertex 238.3 8.38061301643171 7.956414504036118
    endloop
  endfacet
  facet normal 0 -0.09801714032956017 -0.9951847266721969
    outer loop
      vertex 238.3 10.22948903045161 8.138512897290337
      vertex 235.3 9.605199999999996 8.2
      vertex 235.3 10.22948903045161 8.138512897290337
    endloop
  endfacet
  facet normal -4.056075034287462e-19 -0.09801714032956017 -0.9951847266721969
    outer loop
      vertex 238.3 10.22948903045161 8.138512897290337
      vertex 238.3 9.605199999999996 8.2
      vertex 235.3 9.605199999999996 8.2
    endloop
  endfacet
  facet normal -1 0 0
    outer loop
      vertex 238.3 10.22948903045161 8.138512897290337
      vertex 238.3 8.980910969548383 8.138512897290337
      vertex 238.3 9.605199999999996 8.2
    endloop
  endfacet
  facet normal 0 0.09801714032956017 -0.9951847266721969
    outer loop
      vertex 238.3 9.605199999999996 8.2
      vertex 235.3 8.980910969548383 8.138512897290337
      vertex 235.3 9.605199999999996 8.2
    endloop
  endfacet
  facet normal 4.056075034287462e-19 0.09801714032956017 -0.9951847266721969
    outer loop
      vertex 238.3 9.605199999999996 8.2
      vertex 238.3 8.980910969548383 8.138512897290337
      vertex 235.3 8.980910969548383 8.138512897290337
    endloop
  endfacet
  facet normal 0 -0.13052619222005069 0.9914448613738106
    outer loop
      vertex 241.3 27.9424 4
      vertex 235.3 28.20121904510252 4.034074173710931
      vertex 235.3 27.9424 4
    endloop
  endfacet
  facet normal 0 0.13052619222005069 0.9914448613738106
    outer loop
      vertex 241.3 27.68358095489748 4.034074173710931
      vertex 235.3 27.9424 4
      vertex 235.3 27.68358095489748 4.034074173710931
    endloop
  endfacet
  facet normal -2.243931780693508e-19 -0.13052619222005069 0.9914448613738106
    outer loop
      vertex 241.3 27.9424 4
      vertex 241.3 28.20121904510252 4.034074173710931
      vertex 235.3 28.20121904510252 4.034074173710931
    endloop
  endfacet
  facet normal 0 0.13052619222005069 0.9914448613738106
    outer loop
      vertex 241.3 27.9424 4
      vertex 235.3 27.9424 4
      vertex 241.3 27.68358095489748 4.034074173710931
    endloop
  endfacet
  facet normal 0 -0.7933533402912287 0.6087614290087291
    outer loop
      vertex 241.3 28.649506781186545 4.292893218813452
      vertex 235.3 28.80842540378444 4.5
      vertex 235.3 28.649506781186545 4.292893218813452
    endloop
  endfacet
  facet normal 0 -0.3826834323650906 0.9238795325112864
    outer loop
      vertex 241.3 28.20121904510252 4.034074173710931
      vertex 235.3 28.4424 4.133974596215562
      vertex 235.3 28.20121904510252 4.034074173710931
    endloop
  endfacet
  facet normal 0 -0.6087614290087217 0.7933533402912344
    outer loop
      vertex 235.3 28.4424 4.133974596215562
      vertex 241.3 28.4424 4.133974596215562
      vertex 235.3 28.649506781186545 4.292893218813452
    endloop
  endfacet
  facet normal 0 0.3826834323650906 0.9238795325112864
    outer loop
      vertex 241.3 27.4424 4.133974596215562
      vertex 235.3 27.68358095489748 4.034074173710931
      vertex 235.3 27.4424 4.133974596215562
    endloop
  endfacet
  facet normal 0 0.6087614290087217 0.7933533402912344
    outer loop
      vertex 241.3 27.235293218813453 4.292893218813452
      vertex 235.3 27.4424 4.133974596215562
      vertex 235.3 27.235293218813453 4.292893218813452
    endloop
  endfacet
  facet normal -1.8361633903916813e-19 -0.3826834323650906 0.9238795325112864
    outer loop
      vertex 241.3 28.20121904510252 4.034074173710931
      vertex 241.3 28.4424 4.133974596215562
      vertex 235.3 28.4424 4.133974596215562
    endloop
  endfacet
  facet normal 1.8361633903916813e-19 0.3826834323650906 0.9238795325112864
    outer loop
      vertex 241.3 27.4424 4.133974596215562
      vertex 241.3 27.68358095489748 4.034074173710931
      vertex 235.3 27.68358095489748 4.034074173710931
    endloop
  endfacet
  facet normal -1.142258874523563e-18 0.6087614290087217 0.7933533402912344
    outer loop
      vertex 241.3 27.235293218813453 4.292893218813452
      vertex 241.3 27.4424 4.133974596215562
      vertex 235.3 27.4424 4.133974596215562
    endloop
  endfacet
  facet normal 1.142258874523563e-18 -0.6087614290087217 0.7933533402912344
    outer loop
      vertex 241.3 28.4424 4.133974596215562
      vertex 241.3 28.649506781186545 4.292893218813452
      vertex 235.3 28.649506781186545 4.292893218813452
    endloop
  endfacet
  facet normal 0 -0.9238795325112932 0.38268343236507435
    outer loop
      vertex 241.3 28.80842540378444 4.5
      vertex 235.3 28.908325826289065 4.741180954897479
      vertex 235.3 28.80842540378444 4.5
    endloop
  endfacet
  facet normal 0 -0.7933533402912287 0.6087614290087291
    outer loop
      vertex 241.3 28.80842540378444 4.5
      vertex 235.3 28.80842540378444 4.5
      vertex 241.3 28.649506781186545 4.292893218813452
    endloop
  endfacet
  facet normal 0 -0.9238795325112932 0.38268343236507435
    outer loop
      vertex 241.3 28.908325826289065 4.741180954897479
      vertex 235.3 28.908325826289065 4.741180954897479
      vertex 241.3 28.80842540378444 4.5
    endloop
  endfacet
  facet normal 0 -0.9914448613738092 0.1305261922200603
    outer loop
      vertex 241.3 28.908325826289065 4.741180954897479
      vertex 235.3 28.9424 5
      vertex 235.3 28.908325826289065 4.741180954897479
    endloop
  endfacet
  facet normal 0 -0.9914448613738092 0.1305261922200603
    outer loop
      vertex 241.3 28.9424 5
      vertex 235.3 28.9424 5
      vertex 241.3 28.908325826289065 4.741180954897479
    endloop
  endfacet
  facet normal 0 0.7933533402912353 0.6087614290087205
    outer loop
      vertex 241.3 27.235293218813453 4.292893218813452
      vertex 235.3 27.235293218813453 4.292893218813452
      vertex 241.3 27.07637459621556 4.5
    endloop
  endfacet
  facet normal -1.9965345558605995e-18 0.7933533402912353 0.6087614290087205
    outer loop
      vertex 235.3 27.235293218813453 4.292893218813452
      vertex 235.3 27.07637459621556 4.5
      vertex 241.3 27.07637459621556 4.5
    endloop
  endfacet
  facet normal 3.826580718824118e-19 0.9238795325112835 0.3826834323650976
    outer loop
      vertex 235.3 27.07637459621556 4.5
      vertex 235.3 26.97647417371093 4.741180954897479
      vertex 241.3 26.97647417371093 4.741180954897479
    endloop
  endfacet
  facet normal 0 0.9238795325112835 0.3826834323650976
    outer loop
      vertex 241.3 27.07637459621556 4.5
      vertex 235.3 27.07637459621556 4.5
      vertex 241.3 26.97647417371093 4.741180954897479
    endloop
  endfacet
  facet normal 3.0122639758775013e-19 0.991444861373811 0.1305261922200469
    outer loop
      vertex 235.3 26.97647417371093 4.741180954897479
      vertex 235.3 26.9424 5
      vertex 241.3 26.9424 5
    endloop
  endfacet
  facet normal 0 0.991444861373811 0.1305261922200469
    outer loop
      vertex 241.3 26.97647417371093 4.741180954897479
      vertex 235.3 26.97647417371093 4.741180954897479
      vertex 241.3 26.9424 5
    endloop
  endfacet
  facet normal 0 -0.9914448613738092 -0.1305261922200603
    outer loop
      vertex 241.3 28.9424 5
      vertex 235.3 28.908325826289065 5.258819045102521
      vertex 235.3 28.9424 5
    endloop
  endfacet
  facet normal 2.332198668104567e-19 -0.9914448613738092 -0.1305261922200603
    outer loop
      vertex 241.3 28.9424 5
      vertex 241.3 28.908325826289065 5.258819045102521
      vertex 235.3 28.908325826289065 5.258819045102521
    endloop
  endfacet
  facet normal 0 -0.9238795325112932 -0.38268343236507435
    outer loop
      vertex 241.3 28.908325826289065 5.258819045102521
      vertex 235.3 28.80842540378444 5.5
      vertex 235.3 28.908325826289065 5.258819045102521
    endloop
  endfacet
  facet normal 0 -0.7933533402912287 -0.6087614290087291
    outer loop
      vertex 241.3 28.80842540378444 5.5
      vertex 235.3 28.649506781186545 5.707106781186548
      vertex 235.3 28.80842540378444 5.5
    endloop
  endfacet
  facet normal 0 -0.9238795325112932 -0.38268343236507435
    outer loop
      vertex 241.3 28.80842540378444 5.5
      vertex 235.3 28.80842540378444 5.5
      vertex 241.3 28.908325826289065 5.258819045102521
    endloop
  endfacet
  facet normal -2.1678543723795955e-18 -0.7933533402912287 -0.6087614290087291
    outer loop
      vertex 241.3 28.80842540378444 5.5
      vertex 241.3 28.649506781186545 5.707106781186548
      vertex 235.3 28.649506781186545 5.707106781186548
    endloop
  endfacet
  facet normal 0 -0.6087614290087217 -0.7933533402912344
    outer loop
      vertex 235.3 28.649506781186545 5.707106781186548
      vertex 241.3 28.649506781186545 5.707106781186548
      vertex 235.3 28.4424 5.866025403784438
    endloop
  endfacet
  facet normal 0 -0.3826834323650906 -0.9238795325112864
    outer loop
      vertex 235.3 28.4424 5.866025403784438
      vertex 241.3 28.4424 5.866025403784438
      vertex 235.3 28.20121904510252 5.965925826289069
    endloop
  endfacet
  facet normal 0 0.6087614290087217 -0.7933533402912344
    outer loop
      vertex 241.3 27.4424 5.866025403784438
      vertex 235.3 27.235293218813453 5.707106781186548
      vertex 235.3 27.4424 5.866025403784438
    endloop
  endfacet
  facet normal 0 0.3826834323650906 -0.9238795325112864
    outer loop
      vertex 241.3 27.68358095489748 5.965925826289069
      vertex 235.3 27.4424 5.866025403784438
      vertex 235.3 27.68358095489748 5.965925826289069
    endloop
  endfacet
  facet normal 1.142258874523563e-18 0.6087614290087217 -0.7933533402912344
    outer loop
      vertex 241.3 27.4424 5.866025403784438
      vertex 241.3 27.235293218813453 5.707106781186548
      vertex 235.3 27.235293218813453 5.707106781186548
    endloop
  endfacet
  facet normal -1.142258874523563e-18 -0.6087614290087217 -0.7933533402912344
    outer loop
      vertex 241.3 28.649506781186545 5.707106781186548
      vertex 241.3 28.4424 5.866025403784438
      vertex 235.3 28.4424 5.866025403784438
    endloop
  endfacet
  facet normal 0 -0.3826834323650906 -0.9238795325112864
    outer loop
      vertex 241.3 28.20121904510252 5.965925826289069
      vertex 235.3 28.20121904510252 5.965925826289069
      vertex 241.3 28.4424 5.866025403784438
    endloop
  endfacet
  facet normal 0 0.3826834323650906 -0.9238795325112864
    outer loop
      vertex 241.3 27.4424 5.866025403784438
      vertex 235.3 27.4424 5.866025403784438
      vertex 241.3 27.68358095489748 5.965925826289069
    endloop
  endfacet
  facet normal 0 -0.13052619222005069 -0.9914448613738106
    outer loop
      vertex 241.3 28.20121904510252 5.965925826289069
      vertex 235.3 27.9424 6
      vertex 235.3 28.20121904510252 5.965925826289069
    endloop
  endfacet
  facet normal 0 0.13052619222005069 -0.9914448613738106
    outer loop
      vertex 235.3 27.9424 6
      vertex 241.3 27.9424 6
      vertex 235.3 27.68358095489748 5.965925826289069
    endloop
  endfacet
  facet normal 2.243931780693508e-19 -0.13052619222005069 -0.9914448613738106
    outer loop
      vertex 241.3 28.20121904510252 5.965925826289069
      vertex 241.3 27.9424 6
      vertex 235.3 27.9424 6
    endloop
  endfacet
  facet normal -2.243931780693508e-19 0.13052619222005069 -0.9914448613738106
    outer loop
      vertex 241.3 27.9424 6
      vertex 241.3 27.68358095489748 5.965925826289069
      vertex 235.3 27.68358095489748 5.965925826289069
    endloop
  endfacet
  facet normal -3.0122639758775013e-19 0.991444861373811 -0.1305261922200469
    outer loop
      vertex 235.3 26.9424 5
      vertex 235.3 26.97647417371093 5.258819045102521
      vertex 241.3 26.97647417371093 5.258819045102521
    endloop
  endfacet
  facet normal 0 0.991444861373811 -0.1305261922200469
    outer loop
      vertex 241.3 26.9424 5
      vertex 235.3 26.9424 5
      vertex 241.3 26.97647417371093 5.258819045102521
    endloop
  endfacet
  facet normal -3.826580718824118e-19 0.9238795325112835 -0.3826834323650976
    outer loop
      vertex 235.3 26.97647417371093 5.258819045102521
      vertex 235.3 27.07637459621556 5.5
      vertex 241.3 27.07637459621556 5.5
    endloop
  endfacet
  facet normal 0 0.9238795325112835 -0.3826834323650976
    outer loop
      vertex 241.3 26.97647417371093 5.258819045102521
      vertex 235.3 26.97647417371093 5.258819045102521
      vertex 241.3 27.07637459621556 5.5
    endloop
  endfacet
  facet normal 0 0.7933533402912353 -0.6087614290087205
    outer loop
      vertex 241.3 27.07637459621556 5.5
      vertex 235.3 27.07637459621556 5.5
      vertex 241.3 27.235293218813453 5.707106781186548
    endloop
  endfacet
  facet normal 1.9965345558605995e-18 0.7933533402912353 -0.6087614290087205
    outer loop
      vertex 235.3 27.07637459621556 5.5
      vertex 235.3 27.235293218813453 5.707106781186548
      vertex 241.3 27.235293218813453 5.707106781186548
    endloop
  endfacet
  facet normal 0 -0.7933533402912353 0.6087614290087205
    outer loop
      vertex 241.3 16.424706781186543 4.292893218813452
      vertex 235.3 16.583625403784435 4.5
      vertex 235.3 16.424706781186543 4.292893218813452
    endloop
  endfacet
  facet normal 0 -0.9238795325112835 0.3826834323650976
    outer loop
      vertex 241.3 16.583625403784435 4.5
      vertex 235.3 16.683525826289067 4.741180954897479
      vertex 235.3 16.583625403784435 4.5
    endloop
  endfacet
  facet normal 0 -0.7933533402912353 0.6087614290087205
    outer loop
      vertex 241.3 16.583625403784435 4.5
      vertex 235.3 16.583625403784435 4.5
      vertex 241.3 16.424706781186543 4.292893218813452
    endloop
  endfacet
  facet normal 0 -0.9238795325112835 0.3826834323650976
    outer loop
      vertex 235.3 16.683525826289067 4.741180954897479
      vertex 241.3 16.583625403784435 4.5
      vertex 241.3 16.683525826289067 4.741180954897479
    endloop
  endfacet
  facet normal 0 -0.991444861373811 0.1305261922200469
    outer loop
      vertex 235.3 16.683525826289067 4.741180954897479
      vertex 241.3 16.683525826289067 4.741180954897479
      vertex 235.3 16.717599999999997 5
    endloop
  endfacet
  facet normal 0 -0.991444861373811 0.1305261922200469
    outer loop
      vertex 235.3 16.717599999999997 5
      vertex 241.3 16.683525826289067 4.741180954897479
      vertex 241.3 16.717599999999997 5
    endloop
  endfacet
  facet normal 0 -0.13052619222005069 0.9914448613738106
    outer loop
      vertex 241.3 15.717599999999997 4
      vertex 235.3 15.976419045102517 4.034074173710931
      vertex 235.3 15.717599999999997 4
    endloop
  endfacet
  facet normal 0 0.13052619222005069 0.9914448613738106
    outer loop
      vertex 241.3 15.458780954897477 4.034074173710931
      vertex 235.3 15.717599999999997 4
      vertex 235.3 15.458780954897477 4.034074173710931
    endloop
  endfacet
  facet normal 0 -0.13052619222005069 0.9914448613738106
    outer loop
      vertex 241.3 15.976419045102517 4.034074173710931
      vertex 235.3 15.976419045102517 4.034074173710931
      vertex 241.3 15.717599999999997 4
    endloop
  endfacet
  facet normal 2.243931780693508e-19 0.13052619222005069 0.9914448613738106
    outer loop
      vertex 241.3 15.458780954897477 4.034074173710931
      vertex 241.3 15.717599999999997 4
      vertex 235.3 15.717599999999997 4
    endloop
  endfacet
  facet normal 0 -0.3826834323650906 0.9238795325112864
    outer loop
      vertex 241.3 15.976419045102517 4.034074173710931
      vertex 235.3 16.217599999999997 4.133974596215562
      vertex 235.3 15.976419045102517 4.034074173710931
    endloop
  endfacet
  facet normal 0 -0.6087614290087217 0.7933533402912344
    outer loop
      vertex 235.3 16.217599999999997 4.133974596215562
      vertex 241.3 16.217599999999997 4.133974596215562
      vertex 235.3 16.424706781186543 4.292893218813452
    endloop
  endfacet
  facet normal 0 0.3826834323650906 0.9238795325112864
    outer loop
      vertex 241.3 15.217599999999997 4.133974596215562
      vertex 235.3 15.458780954897477 4.034074173710931
      vertex 235.3 15.217599999999997 4.133974596215562
    endloop
  endfacet
  facet normal 0 0.6087614290087217 0.7933533402912344
    outer loop
      vertex 241.3 15.010493218813451 4.292893218813452
      vertex 235.3 15.217599999999997 4.133974596215562
      vertex 235.3 15.010493218813451 4.292893218813452
    endloop
  endfacet
  facet normal -1.8361633903916813e-19 -0.3826834323650906 0.9238795325112864
    outer loop
      vertex 241.3 15.976419045102517 4.034074173710931
      vertex 241.3 16.217599999999997 4.133974596215562
      vertex 235.3 16.217599999999997 4.133974596215562
    endloop
  endfacet
  facet normal 1.8361633903916813e-19 0.3826834323650906 0.9238795325112864
    outer loop
      vertex 241.3 15.217599999999997 4.133974596215562
      vertex 241.3 15.458780954897477 4.034074173710931
      vertex 235.3 15.458780954897477 4.034074173710931
    endloop
  endfacet
  facet normal -1.142258874523563e-18 0.6087614290087217 0.7933533402912344
    outer loop
      vertex 241.3 15.010493218813451 4.292893218813452
      vertex 241.3 15.217599999999997 4.133974596215562
      vertex 235.3 15.217599999999997 4.133974596215562
    endloop
  endfacet
  facet normal 1.142258874523563e-18 -0.6087614290087217 0.7933533402912344
    outer loop
      vertex 241.3 16.217599999999997 4.133974596215562
      vertex 241.3 16.424706781186543 4.292893218813452
      vertex 235.3 16.424706781186543 4.292893218813452
    endloop
  endfacet
  facet normal 0 0.7933533402912353 0.6087614290087205
    outer loop
      vertex 241.3 15.010493218813451 4.292893218813452
      vertex 235.3 15.010493218813451 4.292893218813452
      vertex 241.3 14.85157459621556 4.5
    endloop
  endfacet
  facet normal -1.9965345558605995e-18 0.7933533402912353 0.6087614290087205
    outer loop
      vertex 235.3 15.010493218813451 4.292893218813452
      vertex 235.3 14.85157459621556 4.5
      vertex 241.3 14.85157459621556 4.5
    endloop
  endfacet
  facet normal 3.826580718824118e-19 0.9238795325112835 0.3826834323650976
    outer loop
      vertex 235.3 14.85157459621556 4.5
      vertex 235.3 14.751674173710928 4.741180954897479
      vertex 241.3 14.751674173710928 4.741180954897479
    endloop
  endfacet
  facet normal 0 0.9238795325112835 0.3826834323650976
    outer loop
      vertex 235.3 14.85157459621556 4.5
      vertex 241.3 14.751674173710928 4.741180954897479
      vertex 241.3 14.85157459621556 4.5
    endloop
  endfacet
  facet normal 3.0122639758775013e-19 0.991444861373811 0.1305261922200469
    outer loop
      vertex 235.3 14.751674173710928 4.741180954897479
      vertex 235.3 14.717599999999997 5
      vertex 241.3 14.717599999999997 5
    endloop
  endfacet
  facet normal 0 0.991444861373811 0.1305261922200469
    outer loop
      vertex 235.3 14.751674173710928 4.741180954897479
      vertex 241.3 14.717599999999997 5
      vertex 241.3 14.751674173710928 4.741180954897479
    endloop
  endfacet
  facet normal 0 -0.991444861373811 -0.1305261922200469
    outer loop
      vertex 235.3 16.717599999999997 5
      vertex 241.3 16.717599999999997 5
      vertex 235.3 16.683525826289067 5.258819045102521
    endloop
  endfacet
  facet normal 0 -0.991444861373811 -0.1305261922200469
    outer loop
      vertex 235.3 16.683525826289067 5.258819045102521
      vertex 241.3 16.717599999999997 5
      vertex 241.3 16.683525826289067 5.258819045102521
    endloop
  endfacet
  facet normal 0 -0.9238795325112835 -0.3826834323650976
    outer loop
      vertex 235.3 16.683525826289067 5.258819045102521
      vertex 241.3 16.683525826289067 5.258819045102521
      vertex 235.3 16.583625403784435 5.5
    endloop
  endfacet
  facet normal 0 -0.7933533402912353 -0.6087614290087205
    outer loop
      vertex 241.3 16.583625403784435 5.5
      vertex 235.3 16.424706781186543 5.707106781186548
      vertex 235.3 16.583625403784435 5.5
    endloop
  endfacet
  facet normal 0 -0.9238795325112835 -0.3826834323650976
    outer loop
      vertex 241.3 16.583625403784435 5.5
      vertex 235.3 16.583625403784435 5.5
      vertex 241.3 16.683525826289067 5.258819045102521
    endloop
  endfacet
  facet normal -1.9965345558605995e-18 -0.7933533402912353 -0.6087614290087205
    outer loop
      vertex 241.3 16.583625403784435 5.5
      vertex 241.3 16.424706781186543 5.707106781186548
      vertex 235.3 16.424706781186543 5.707106781186548
    endloop
  endfacet
  facet normal -3.0122639758775013e-19 0.991444861373811 -0.1305261922200469
    outer loop
      vertex 235.3 14.717599999999997 5
      vertex 235.3 14.751674173710928 5.258819045102521
      vertex 241.3 14.751674173710928 5.258819045102521
    endloop
  endfacet
  facet normal 0 0.991444861373811 -0.1305261922200469
    outer loop
      vertex 235.3 14.717599999999997 5
      vertex 241.3 14.751674173710928 5.258819045102521
      vertex 241.3 14.717599999999997 5
    endloop
  endfacet
  facet normal -3.826580718824118e-19 0.9238795325112835 -0.3826834323650976
    outer loop
      vertex 235.3 14.751674173710928 5.258819045102521
      vertex 235.3 14.85157459621556 5.5
      vertex 241.3 14.85157459621556 5.5
    endloop
  endfacet
  facet normal 0 0.9238795325112835 -0.3826834323650976
    outer loop
      vertex 241.3 14.751674173710928 5.258819045102521
      vertex 235.3 14.751674173710928 5.258819045102521
      vertex 241.3 14.85157459621556 5.5
    endloop
  endfacet
  facet normal 0 0.7933533402912353 -0.6087614290087205
    outer loop
      vertex 241.3 14.85157459621556 5.5
      vertex 235.3 14.85157459621556 5.5
      vertex 241.3 15.010493218813451 5.707106781186548
    endloop
  endfacet
  facet normal 0 -0.6087614290087217 -0.7933533402912344
    outer loop
      vertex 235.3 16.424706781186543 5.707106781186548
      vertex 241.3 16.424706781186543 5.707106781186548
      vertex 235.3 16.217599999999997 5.866025403784438
    endloop
  endfacet
  facet normal 0 -0.3826834323650906 -0.9238795325112864
    outer loop
      vertex 235.3 16.217599999999997 5.866025403784438
      vertex 241.3 16.217599999999997 5.866025403784438
      vertex 235.3 15.976419045102517 5.965925826289069
    endloop
  endfacet
  facet normal 0 0.6087614290087217 -0.7933533402912344
    outer loop
      vertex 241.3 15.217599999999997 5.866025403784438
      vertex 235.3 15.010493218813451 5.707106781186548
      vertex 235.3 15.217599999999997 5.866025403784438
    endloop
  endfacet
  facet normal 0 0.3826834323650906 -0.9238795325112864
    outer loop
      vertex 241.3 15.458780954897477 5.965925826289069
      vertex 235.3 15.217599999999997 5.866025403784438
      vertex 235.3 15.458780954897477 5.965925826289069
    endloop
  endfacet
  facet normal 1.142258874523563e-18 0.6087614290087217 -0.7933533402912344
    outer loop
      vertex 241.3 15.217599999999997 5.866025403784438
      vertex 241.3 15.010493218813451 5.707106781186548
      vertex 235.3 15.010493218813451 5.707106781186548
    endloop
  endfacet
  facet normal -1.142258874523563e-18 -0.6087614290087217 -0.7933533402912344
    outer loop
      vertex 241.3 16.424706781186543 5.707106781186548
      vertex 241.3 16.217599999999997 5.866025403784438
      vertex 235.3 16.217599999999997 5.866025403784438
    endloop
  endfacet
  facet normal 0 -0.3826834323650906 -0.9238795325112864
    outer loop
      vertex 241.3 15.976419045102517 5.965925826289069
      vertex 235.3 15.976419045102517 5.965925826289069
      vertex 241.3 16.217599999999997 5.866025403784438
    endloop
  endfacet
  facet normal 0 0.3826834323650906 -0.9238795325112864
    outer loop
      vertex 241.3 15.217599999999997 5.866025403784438
      vertex 235.3 15.217599999999997 5.866025403784438
      vertex 241.3 15.458780954897477 5.965925826289069
    endloop
  endfacet
  facet normal 1.9965345558605995e-18 0.7933533402912353 -0.6087614290087205
    outer loop
      vertex 235.3 14.85157459621556 5.5
      vertex 235.3 15.010493218813451 5.707106781186548
      vertex 241.3 15.010493218813451 5.707106781186548
    endloop
  endfacet
  facet normal 0 -0.13052619222005069 -0.9914448613738106
    outer loop
      vertex 235.3 15.976419045102517 5.965925826289069
      vertex 241.3 15.976419045102517 5.965925826289069
      vertex 235.3 15.717599999999997 6
    endloop
  endfacet
  facet normal 0 0.13052619222005069 -0.9914448613738106
    outer loop
      vertex 241.3 15.717599999999997 6
      vertex 235.3 15.458780954897477 5.965925826289069
      vertex 235.3 15.717599999999997 6
    endloop
  endfacet
  facet normal 2.243931780693508e-19 -0.13052619222005069 -0.9914448613738106
    outer loop
      vertex 241.3 15.976419045102517 5.965925826289069
      vertex 241.3 15.717599999999997 6
      vertex 235.3 15.717599999999997 6
    endloop
  endfacet
  facet normal -2.243931780693508e-19 0.13052619222005069 -0.9914448613738106
    outer loop
      vertex 241.3 15.717599999999997 6
      vertex 241.3 15.458780954897477 5.965925826289069
      vertex 235.3 15.458780954897477 5.965925826289069
    endloop
  endfacet
endsolid OpenSCAD_Model
