solid OpenSCAD_Model
  facet normal 0 0 -1
    outer loop
      vertex 241.3 43.66 0
      vertex 266.36458333333337 35.83 0
      vertex 251.86458333333334 35.83 0
    endloop
  endfacet
  facet normal 0 0 -1
    outer loop
      vertex 241.3 43.66 0
      vertex 269.49375 35.83 0
      vertex 266.36458333333337 35.83 0
    endloop
  endfacet
  facet normal 0 0 -1
    outer loop
      vertex 241.3 43.66 0
      vertex 283.99375 35.83 0
      vertex 269.49375 35.83 0
    endloop
  endfacet
  facet normal 0 0 -1
    outer loop
      vertex 241.3 43.66 0
      vertex 287.1229166666667 35.83 0
      vertex 283.99375 35.83 0
    endloop
  endfacet
  facet normal 0 0 -1
    outer loop
      vertex 241.3 43.66 0
      vertex 251.86458333333334 35.83 0
      vertex 251.86458333333334 19.83 0
    endloop
  endfacet
  facet normal 0 1 0
    outer loop
      vertex 241.3 43.66 0
      vertex 241.3 43.66 2.5
      vertex 247.3 43.66 2.5
    endloop
  endfacet
  facet normal 0 0 -1
    outer loop
      vertex 241.3 43.66 0
      vertex 301.6229166666667 35.83 0
      vertex 287.1229166666667 35.83 0
    endloop
  endfacet
  facet normal 0 0 -1
    outer loop
      vertex 266.36458333333337 35.83 0
      vertex 269.49375 35.83 0
      vertex 269.49375 19.83 0
    endloop
  endfacet
  facet normal 0 0 -1
    outer loop
      vertex 269.49375 19.83 0
      vertex 266.36458333333337 19.83 0
      vertex 266.36458333333337 35.83 0
    endloop
  endfacet
  facet normal -1 0 0
    outer loop
      vertex 241.3 43.66 0
      vertex 241.3 0 2.5
      vertex 241.3 43.66 2.5
    endloop
  endfacet
  facet normal 0 0 -1
    outer loop
      vertex 287.1229166666667 35.83 0
      vertex 287.1229166666667 19.83 0
      vertex 283.99375 35.83 0
    endloop
  endfacet
  facet normal 0 0 -1
    outer loop
      vertex 287.1229166666667 19.83 0
      vertex 283.99375 19.83 0
      vertex 283.99375 35.83 0
    endloop
  endfacet
  facet normal 0 0 1
    outer loop
      vertex 247.3 43.66 2.5
      vertex 247.3 35.9023208614068 2.5
      vertex 247.4 35.9023208614068 2.5
    endloop
  endfacet
  facet normal 0 0 1
    outer loop
      vertex 247.3 43.66 2.5
      vertex 247.4 35.9023208614068 2.5
      vertex 251.86458333333334 35.83 2.5
    endloop
  endfacet
  facet normal 0 0 1
    outer loop
      vertex 247.3 43.66 2.5
      vertex 251.86458333333334 35.83 2.5
      vertex 266.36458333333337 35.83 2.5
    endloop
  endfacet
  facet normal 0 0 1
    outer loop
      vertex 247.3 43.66 2.5
      vertex 266.36458333333337 35.83 2.5
      vertex 269.49375 35.83 2.5
    endloop
  endfacet
  facet normal 0 0 1
    outer loop
      vertex 247.3 43.66 2.5
      vertex 269.49375 35.83 2.5
      vertex 283.99375 35.83 2.5
    endloop
  endfacet
  facet normal 0 0 1
    outer loop
      vertex 251.86458333333334 35.83 2.5
      vertex 247.4 35.9023208614068 2.5
      vertex 247.4 32.207279138593194 2.5
    endloop
  endfacet
  facet normal 0 0 1
    outer loop
      vertex 247.3 43.66 2.5
      vertex 283.99375 35.83 2.5
      vertex 287.1229166666667 35.83 2.5
    endloop
  endfacet
  facet normal 0 0 1
    outer loop
      vertex 247.3 43.66 2.5
      vertex 287.1229166666667 35.83 2.5
      vertex 301.6229166666667 35.83 2.5
    endloop
  endfacet
  facet normal 0 0 1
    outer loop
      vertex 247.3 43.66 2.5
      vertex 301.6229166666667 35.83 2.5
      vertex 304.75208333333336 35.83 2.5
    endloop
  endfacet
  facet normal 0 0 1
    outer loop
      vertex 247.3 43.66 2.5
      vertex 304.75208333333336 35.83 2.5
      vertex 319.25208333333336 35.83 2.5
    endloop
  endfacet
  facet normal 0 0 1
    outer loop
      vertex 247.3 43.66 2.5
      vertex 319.25208333333336 35.83 2.5
      vertex 322.38125 35.83 2.5
    endloop
  endfacet
  facet normal 0 0 1
    outer loop
      vertex 251.86458333333334 35.83 2.5
      vertex 247.4 32.207279138593194 2.5
      vertex 247.4 23.6775208614068 2.5
    endloop
  endfacet
  facet normal 0 0 1
    outer loop
      vertex 247.3 23.6775208614068 2.5
      vertex 247.4 32.207279138593194 2.5
      vertex 247.3 32.207279138593194 2.5
    endloop
  endfacet
  facet normal 0 0 1
    outer loop
      vertex 266.36458333333337 35.83 2.5
      vertex 266.36458333333337 19.83 2.5
      vertex 269.49375 35.83 2.5
    endloop
  endfacet
  facet normal 0 0 1
    outer loop
      vertex 247.3 23.6775208614068 2.5
      vertex 247.4 23.6775208614068 2.5
      vertex 247.4 32.207279138593194 2.5
    endloop
  endfacet
  facet normal 0 0 1
    outer loop
      vertex 251.86458333333334 35.83 2.5
      vertex 247.4 23.6775208614068 2.5
      vertex 247.4 19.982479138593195 2.5
    endloop
  endfacet
  facet normal 0 0 1
    outer loop
      vertex 251.86458333333334 19.83 2.5
      vertex 251.86458333333334 35.83 2.5
      vertex 247.4 19.982479138593195 2.5
    endloop
  endfacet
  facet normal 0 0 1
    outer loop
      vertex 269.49375 19.83 2.5
      vertex 269.49375 35.83 2.5
      vertex 266.36458333333337 19.83 2.5
    endloop
  endfacet
  facet normal 0 0 1
    outer loop
      vertex 287.1229166666667 35.83 2.5
      vertex 283.99375 35.83 2.5
      vertex 283.99375 19.83 2.5
    endloop
  endfacet
  facet normal 0 0 1
    outer loop
      vertex 287.1229166666667 19.83 2.5
      vertex 287.1229166666667 35.83 2.5
      vertex 283.99375 19.83 2.5
    endloop
  endfacet
  facet normal 0 1 0
    outer loop
      vertex 241.3 43.66 0
      vertex 247.3 43.66 2.5
      vertex 464.85 43.66 2.5
    endloop
  endfacet
  facet normal 0 0 -1
    outer loop
      vertex 241.3 43.66 0
      vertex 482.6 43.66 0
      vertex 301.6229166666667 35.83 0
    endloop
  endfacet
  facet normal 0 0 -1
    outer loop
      vertex 301.6229166666667 35.83 0
      vertex 304.75208333333336 35.83 0
      vertex 304.75208333333336 19.83 0
    endloop
  endfacet
  facet normal 0 0 -1
    outer loop
      vertex 319.25208333333336 35.83 0
      vertex 322.38125 35.83 0
      vertex 322.38125 19.83 0
    endloop
  endfacet
  facet normal 0 0 -1
    outer loop
      vertex 304.75208333333336 19.83 0
      vertex 301.6229166666667 19.83 0
      vertex 301.6229166666667 35.83 0
    endloop
  endfacet
  facet normal 0 0 -1
    outer loop
      vertex 322.38125 19.83 0
      vertex 319.25208333333336 19.83 0
      vertex 319.25208333333336 35.83 0
    endloop
  endfacet
  facet normal 0 0 -1
    outer loop
      vertex 336.88125 35.83 0
      vertex 340.0104166666667 35.83 0
      vertex 340.0104166666667 19.83 0
    endloop
  endfacet
  facet normal 0 0 -1
    outer loop
      vertex 354.5104166666667 35.83 0
      vertex 357.63958333333335 35.83 0
      vertex 357.63958333333335 19.83 0
    endloop
  endfacet
  facet normal 0 0 -1
    outer loop
      vertex 340.0104166666667 19.83 0
      vertex 336.88125 19.83 0
      vertex 336.88125 35.83 0
    endloop
  endfacet
  facet normal 0 0 -1
    outer loop
      vertex 357.63958333333335 19.83 0
      vertex 354.5104166666667 19.83 0
      vertex 354.5104166666667 35.83 0
    endloop
  endfacet
  facet normal 0 0 1
    outer loop
      vertex 247.3 43.66 2.5
      vertex 322.38125 35.83 2.5
      vertex 464.85 43.66 2.5
    endloop
  endfacet
  facet normal 0 0 1
    outer loop
      vertex 301.6229166666667 19.83 2.5
      vertex 304.75208333333336 35.83 2.5
      vertex 301.6229166666667 35.83 2.5
    endloop
  endfacet
  facet normal 0 0 1
    outer loop
      vertex 319.25208333333336 35.83 2.5
      vertex 319.25208333333336 19.83 2.5
      vertex 322.38125 35.83 2.5
    endloop
  endfacet
  facet normal 0 0 1
    outer loop
      vertex 304.75208333333336 19.83 2.5
      vertex 304.75208333333336 35.83 2.5
      vertex 301.6229166666667 19.83 2.5
    endloop
  endfacet
  facet normal 0 0 1
    outer loop
      vertex 322.38125 19.83 2.5
      vertex 322.38125 35.83 2.5
      vertex 319.25208333333336 19.83 2.5
    endloop
  endfacet
  facet normal 0 0 1
    outer loop
      vertex 336.88125 35.83 2.5
      vertex 336.88125 19.83 2.5
      vertex 340.0104166666667 35.83 2.5
    endloop
  endfacet
  facet normal 0 0 1
    outer loop
      vertex 354.5104166666667 35.83 2.5
      vertex 354.5104166666667 19.83 2.5
      vertex 357.63958333333335 35.83 2.5
    endloop
  endfacet
  facet normal 0 0 1
    outer loop
      vertex 340.0104166666667 19.83 2.5
      vertex 340.0104166666667 35.83 2.5
      vertex 336.88125 19.83 2.5
    endloop
  endfacet
  facet normal 0 0 1
    outer loop
      vertex 357.63958333333335 35.83 2.5
      vertex 354.5104166666667 19.83 2.5
      vertex 357.63958333333335 19.83 2.5
    endloop
  endfacet
  facet normal 0 0 -1
    outer loop
      vertex 241.3 43.66 0
      vertex 251.86458333333334 19.83 0
      vertex 241.3 0 0
    endloop
  endfacet
  facet normal 0 0 -1
    outer loop
      vertex 241.3 0 0
      vertex 251.86458333333334 19.83 0
      vertex 266.36458333333337 19.83 0
    endloop
  endfacet
  facet normal -1 0 0
    outer loop
      vertex 241.3 43.66 0
      vertex 241.3 0 0
      vertex 241.3 0 2.5
    endloop
  endfacet
  facet normal 0 0 -1
    outer loop
      vertex 241.3 0 0
      vertex 266.36458333333337 19.83 0
      vertex 269.49375 19.83 0
    endloop
  endfacet
  facet normal 0 0 -1
    outer loop
      vertex 241.3 0 0
      vertex 269.49375 19.83 0
      vertex 283.99375 19.83 0
    endloop
  endfacet
  facet normal 0 0 -1
    outer loop
      vertex 241.3 0 0
      vertex 283.99375 19.83 0
      vertex 287.1229166666667 19.83 0
    endloop
  endfacet
  facet normal 0 0 -1
    outer loop
      vertex 241.3 0 0
      vertex 287.1229166666667 19.83 0
      vertex 301.6229166666667 19.83 0
    endloop
  endfacet
  facet normal 0 -1 0
    outer loop
      vertex 241.3 0 0
      vertex 247.3 0 2.4378367177786986
      vertex 241.3 0 2.5
    endloop
  endfacet
  facet normal 0 0 1
    outer loop
      vertex 247.3 11.452720861406796 2.5
      vertex 247.4 19.982479138593195 2.5
      vertex 247.3 19.982479138593195 2.5
    endloop
  endfacet
  facet normal 0 0 1
    outer loop
      vertex 251.86458333333334 19.83 2.5
      vertex 247.4 19.982479138593195 2.5
      vertex 247.4 11.452720861406796 2.5
    endloop
  endfacet
  facet normal 0 0 1
    outer loop
      vertex 247.3 11.452720861406796 2.5
      vertex 247.4 11.452720861406796 2.5
      vertex 247.4 19.982479138593195 2.5
    endloop
  endfacet
  facet normal 0 0 1
    outer loop
      vertex 251.86458333333334 19.83 2.5
      vertex 247.4 7.757679138593197 2.5
      vertex 266.36458333333337 19.83 2.5
    endloop
  endfacet
  facet normal 0 0 1
    outer loop
      vertex 251.86458333333334 19.83 2.5
      vertex 247.4 11.452720861406796 2.5
      vertex 247.4 7.757679138593197 2.5
    endloop
  endfacet
  facet normal 0 0 1
    outer loop
      vertex 247.3 0 2.5
      vertex 269.49375 19.83 2.5
      vertex 266.36458333333337 19.83 2.5
    endloop
  endfacet
  facet normal 0 0 1
    outer loop
      vertex 247.3 0 2.5
      vertex 283.99375 19.83 2.5
      vertex 269.49375 19.83 2.5
    endloop
  endfacet
  facet normal 0 0 1
    outer loop
      vertex 247.3 0 2.5
      vertex 287.1229166666667 19.83 2.5
      vertex 283.99375 19.83 2.5
    endloop
  endfacet
  facet normal 0 0 1
    outer loop
      vertex 247.3 0 2.5
      vertex 301.6229166666667 19.83 2.5
      vertex 287.1229166666667 19.83 2.5
    endloop
  endfacet
  facet normal 0 0 1
    outer loop
      vertex 247.3 0 2.5
      vertex 304.75208333333336 19.83 2.5
      vertex 301.6229166666667 19.83 2.5
    endloop
  endfacet
  facet normal 0 0 1
    outer loop
      vertex 247.3 0 2.5
      vertex 319.25208333333336 19.83 2.5
      vertex 304.75208333333336 19.83 2.5
    endloop
  endfacet
  facet normal 0 0 1
    outer loop
      vertex 247.3 0 2.5
      vertex 322.38125 19.83 2.5
      vertex 319.25208333333336 19.83 2.5
    endloop
  endfacet
  facet normal 0 0 1
    outer loop
      vertex 247.3 0 2.5
      vertex 266.36458333333337 19.83 2.5
      vertex 247.4 7.757679138593197 2.5
    endloop
  endfacet
  facet normal 0 0 1
    outer loop
      vertex 247.3 0 2.5
      vertex 247.4 7.757679138593197 2.5
      vertex 247.3 7.757679138593197 2.5
    endloop
  endfacet
  facet normal 0 -1 0
    outer loop
      vertex 241.3 0 0
      vertex 482.6 0 0
      vertex 247.3 0 2.4378367177786986
    endloop
  endfacet
  facet normal 0 -1 0
    outer loop
      vertex 247.3 0 2.4378367177786986
      vertex 464.85 0 2.5
      vertex 247.3 0 2.5
    endloop
  endfacet
  facet normal 0 0 -1
    outer loop
      vertex 241.3 0 0
      vertex 301.6229166666667 19.83 0
      vertex 482.6 0 0
    endloop
  endfacet
  facet normal 0 0 1
    outer loop
      vertex 247.3 0 2.5
      vertex 336.88125 19.83 2.5
      vertex 322.38125 19.83 2.5
    endloop
  endfacet
  facet normal 0 0 1
    outer loop
      vertex 247.3 0 2.5
      vertex 340.0104166666667 19.83 2.5
      vertex 336.88125 19.83 2.5
    endloop
  endfacet
  facet normal 0 0 1
    outer loop
      vertex 247.3 0 2.5
      vertex 354.5104166666667 19.83 2.5
      vertex 340.0104166666667 19.83 2.5
    endloop
  endfacet
  facet normal 0 0 1
    outer loop
      vertex 247.3 0 2.5
      vertex 357.63958333333335 19.83 2.5
      vertex 354.5104166666667 19.83 2.5
    endloop
  endfacet
  facet normal 0 0 1
    outer loop
      vertex 247.3 0 2.5
      vertex 464.85 0 2.5
      vertex 357.63958333333335 19.83 2.5
    endloop
  endfacet
  facet normal 0 0 -1
    outer loop
      vertex 482.6 43.66 0
      vertex 304.75208333333336 35.83 0
      vertex 301.6229166666667 35.83 0
    endloop
  endfacet
  facet normal 0 0 -1
    outer loop
      vertex 482.6 43.66 0
      vertex 319.25208333333336 35.83 0
      vertex 304.75208333333336 35.83 0
    endloop
  endfacet
  facet normal 0 0 -1
    outer loop
      vertex 482.6 43.66 0
      vertex 322.38125 35.83 0
      vertex 319.25208333333336 35.83 0
    endloop
  endfacet
  facet normal 0 0 -1
    outer loop
      vertex 482.6 43.66 0
      vertex 336.88125 35.83 0
      vertex 322.38125 35.83 0
    endloop
  endfacet
  facet normal 0 0 -1
    outer loop
      vertex 482.6 43.66 0
      vertex 340.0104166666667 35.83 0
      vertex 336.88125 35.83 0
    endloop
  endfacet
  facet normal 0 0 -1
    outer loop
      vertex 482.6 43.66 0
      vertex 354.5104166666667 35.83 0
      vertex 340.0104166666667 35.83 0
    endloop
  endfacet
  facet normal 0 0 -1
    outer loop
      vertex 482.6 43.66 0
      vertex 357.63958333333335 35.83 0
      vertex 354.5104166666667 35.83 0
    endloop
  endfacet
  facet normal 0 0 -1
    outer loop
      vertex 482.6 43.66 0
      vertex 372.13958333333335 35.83 0
      vertex 357.63958333333335 35.83 0
    endloop
  endfacet
  facet normal 0 1 0
    outer loop
      vertex 241.3 43.66 0
      vertex 482.6 43.66 2.5
      vertex 482.6 43.66 0
    endloop
  endfacet
  facet normal 0 0 -1
    outer loop
      vertex 482.6 43.66 0
      vertex 375.26875 35.83 0
      vertex 372.13958333333335 35.83 0
    endloop
  endfacet
  facet normal 0 0 -1
    outer loop
      vertex 482.6 43.66 0
      vertex 389.76875 35.83 0
      vertex 375.26875 35.83 0
    endloop
  endfacet
  facet normal 0 0 -1
    outer loop
      vertex 482.6 43.66 0
      vertex 392.8979166666667 35.83 0
      vertex 389.76875 35.83 0
    endloop
  endfacet
  facet normal 0 1 0
    outer loop
      vertex 241.3 43.66 0
      vertex 464.85 43.66 2.5
      vertex 482.6 43.66 2.5
    endloop
  endfacet
  facet normal 0 0 -1
    outer loop
      vertex 372.13958333333335 35.83 0
      vertex 375.26875 35.83 0
      vertex 375.26875 19.83 0
    endloop
  endfacet
  facet normal 0 0 -1
    outer loop
      vertex 389.76875 35.83 0
      vertex 392.8979166666667 35.83 0
      vertex 392.8979166666667 19.83 0
    endloop
  endfacet
  facet normal 0 0 -1
    outer loop
      vertex 372.13958333333335 19.83 0
      vertex 372.13958333333335 35.83 0
      vertex 375.26875 19.83 0
    endloop
  endfacet
  facet normal 0 0 -1
    outer loop
      vertex 392.8979166666667 19.83 0
      vertex 389.76875 19.83 0
      vertex 389.76875 35.83 0
    endloop
  endfacet
  facet normal 0 0 -1
    outer loop
      vertex 407.3979166666667 35.83 0
      vertex 410.52708333333334 35.83 0
      vertex 410.52708333333334 19.83 0
    endloop
  endfacet
  facet normal 0 0 -1
    outer loop
      vertex 410.52708333333334 19.83 0
      vertex 407.3979166666667 19.83 0
      vertex 407.3979166666667 35.83 0
    endloop
  endfacet
  facet normal 0 0 1
    outer loop
      vertex 464.85 43.66 2.5
      vertex 322.38125 35.83 2.5
      vertex 336.88125 35.83 2.5
    endloop
  endfacet
  facet normal 0 0 1
    outer loop
      vertex 464.85 43.66 2.5
      vertex 336.88125 35.83 2.5
      vertex 340.0104166666667 35.83 2.5
    endloop
  endfacet
  facet normal 0 0 1
    outer loop
      vertex 464.85 43.66 2.5
      vertex 340.0104166666667 35.83 2.5
      vertex 354.5104166666667 35.83 2.5
    endloop
  endfacet
  facet normal 0 0 1
    outer loop
      vertex 464.85 43.66 2.5
      vertex 354.5104166666667 35.83 2.5
      vertex 357.63958333333335 35.83 2.5
    endloop
  endfacet
  facet normal 0 0 1
    outer loop
      vertex 464.85 43.66 2.5
      vertex 357.63958333333335 35.83 2.5
      vertex 372.13958333333335 35.83 2.5
    endloop
  endfacet
  facet normal 0 0 1
    outer loop
      vertex 464.85 43.66 2.5
      vertex 372.13958333333335 35.83 2.5
      vertex 375.26875 35.83 2.5
    endloop
  endfacet
  facet normal 0 0 1
    outer loop
      vertex 464.85 43.66 2.5
      vertex 375.26875 35.83 2.5
      vertex 389.76875 35.83 2.5
    endloop
  endfacet
  facet normal 0 0 1
    outer loop
      vertex 464.85 43.66 2.5
      vertex 389.76875 35.83 2.5
      vertex 392.8979166666667 35.83 2.5
    endloop
  endfacet
  facet normal 0 0 1
    outer loop
      vertex 464.85 43.66 2.5
      vertex 392.8979166666667 35.83 2.5
      vertex 407.3979166666667 35.83 2.5
    endloop
  endfacet
  facet normal 0 0 1
    outer loop
      vertex 372.13958333333335 35.83 2.5
      vertex 372.13958333333335 19.83 2.5
      vertex 375.26875 35.83 2.5
    endloop
  endfacet
  facet normal 0 0 1
    outer loop
      vertex 389.76875 35.83 2.5
      vertex 389.76875 19.83 2.5
      vertex 392.8979166666667 35.83 2.5
    endloop
  endfacet
  facet normal 0 0 1
    outer loop
      vertex 375.26875 19.83 2.5
      vertex 375.26875 35.83 2.5
      vertex 372.13958333333335 19.83 2.5
    endloop
  endfacet
  facet normal 0 0 1
    outer loop
      vertex 392.8979166666667 19.83 2.5
      vertex 392.8979166666667 35.83 2.5
      vertex 389.76875 19.83 2.5
    endloop
  endfacet
  facet normal 0 0 1
    outer loop
      vertex 407.3979166666667 35.83 2.5
      vertex 407.3979166666667 19.83 2.5
      vertex 410.52708333333334 35.83 2.5
    endloop
  endfacet
  facet normal 0 0 1
    outer loop
      vertex 410.52708333333334 19.83 2.5
      vertex 410.52708333333334 35.83 2.5
      vertex 407.3979166666667 19.83 2.5
    endloop
  endfacet
  facet normal 0 0 -1
    outer loop
      vertex 482.6 43.66 0
      vertex 407.3979166666667 35.83 0
      vertex 392.8979166666667 35.83 0
    endloop
  endfacet
  facet normal 0 0 -1
    outer loop
      vertex 482.6 43.66 0
      vertex 410.52708333333334 35.83 0
      vertex 407.3979166666667 35.83 0
    endloop
  endfacet
  facet normal 0 0 -1
    outer loop
      vertex 482.6 43.66 0
      vertex 425.02708333333334 35.83 0
      vertex 410.52708333333334 35.83 0
    endloop
  endfacet
  facet normal 0 0 -1
    outer loop
      vertex 482.6 43.66 0
      vertex 428.15625 35.83 0
      vertex 425.02708333333334 35.83 0
    endloop
  endfacet
  facet normal 0 0 -1
    outer loop
      vertex 482.6 43.66 0
      vertex 442.65625 35.83 0
      vertex 428.15625 35.83 0
    endloop
  endfacet
  facet normal 0 0 -1
    outer loop
      vertex 482.6 43.66 0
      vertex 445.78541666666666 35.83 0
      vertex 442.65625 35.83 0
    endloop
  endfacet
  facet normal 0 0 -1
    outer loop
      vertex 482.6 43.66 0
      vertex 473.31812281886323 41.06314035802347 0
      vertex 445.78541666666666 35.83 0
    endloop
  endfacet
  facet normal 0 0 -1
    outer loop
      vertex 445.78541666666666 35.83 0
      vertex 473.31812281886323 41.06314035802347 0
      vertex 472.7993422191252 40.93859215540352 0
    endloop
  endfacet
  facet normal 0 0 -1
    outer loop
      vertex 460.28541666666666 35.83 0
      vertex 471.0993422191252 39.70346985779441 0
      vertex 470.8205778177596 39.24856769911446 0
    endloop
  endfacet
  facet normal 0 0 -1
    outer loop
      vertex 482.6 43.66 0
      vertex 473.85 41.105 0
      vertex 473.31812281886323 41.06314035802347 0
    endloop
  endfacet
  facet normal 0 0 -1
    outer loop
      vertex 482.6 43.66 0
      vertex 474.3818771811368 41.06314035802347 0
      vertex 473.85 41.105 0
    endloop
  endfacet
  facet normal 0 0 -1
    outer loop
      vertex 482.6 43.66 0
      vertex 474.90065778087484 40.93859215540352 0
      vertex 474.3818771811368 41.06314035802347 0
    endloop
  endfacet
  facet normal 0 0 -1
    outer loop
      vertex 482.6 43.66 0
      vertex 475.39356769911444 40.73442218224045 0
      vertex 474.90065778087484 40.93859215540352 0
    endloop
  endfacet
  facet normal 0 0 -1
    outer loop
      vertex 482.6 43.66 0
      vertex 475.84846985779444 40.455657780874816 0
      vertex 475.39356769911444 40.73442218224045 0
    endloop
  endfacet
  facet normal 0 0 -1
    outer loop
      vertex 482.6 43.66 0
      vertex 476.25416305603426 40.10916305603426 0
      vertex 475.84846985779444 40.455657780874816 0
    endloop
  endfacet
  facet normal 0 0 -1
    outer loop
      vertex 482.6 43.66 0
      vertex 476.6006577808748 39.70346985779441 0
      vertex 476.25416305603426 40.10916305603426 0
    endloop
  endfacet
  facet normal 0 0 -1
    outer loop
      vertex 460.28541666666666 35.83 0
      vertex 472.3064323008856 40.73442218224045 0
      vertex 471.8515301422056 40.455657780874816 0
    endloop
  endfacet
  facet normal 0 0 -1
    outer loop
      vertex 460.28541666666666 35.83 0
      vertex 472.7993422191252 40.93859215540352 0
      vertex 472.3064323008856 40.73442218224045 0
    endloop
  endfacet
  facet normal 0 0 -1
    outer loop
      vertex 460.28541666666666 35.83 0
      vertex 471.8515301422056 40.455657780874816 0
      vertex 471.4458369439658 40.10916305603426 0
    endloop
  endfacet
  facet normal 0 0 -1
    outer loop
      vertex 460.28541666666666 35.83 0
      vertex 471.4458369439658 40.10916305603426 0
      vertex 471.0993422191252 39.70346985779441 0
    endloop
  endfacet
  facet normal 0 0 -1
    outer loop
      vertex 482.6 43.66 0
      vertex 476.87942218224043 39.24856769911446 0
      vertex 476.6006577808748 39.70346985779441 0
    endloop
  endfacet
  facet normal 0 0 -1
    outer loop
      vertex 482.6 43.66 0
      vertex 477.08359215540355 38.75565778087482 0
      vertex 476.87942218224043 39.24856769911446 0
    endloop
  endfacet
  facet normal 0 0 -1
    outer loop
      vertex 482.6 43.66 0
      vertex 477.20814035802346 38.236877181136784 0
      vertex 477.08359215540355 38.75565778087482 0
    endloop
  endfacet
  facet normal 0 0 -1
    outer loop
      vertex 445.78541666666666 35.83 0
      vertex 472.7993422191252 40.93859215540352 0
      vertex 460.28541666666666 35.83 0
    endloop
  endfacet
  facet normal 0 0 -1
    outer loop
      vertex 460.28541666666666 35.83 0
      vertex 470.8205778177596 39.24856769911446 0
      vertex 470.6164078445965 38.75565778087482 0
    endloop
  endfacet
  facet normal 0 0 -1
    outer loop
      vertex 460.28541666666666 35.83 0
      vertex 470.6164078445965 38.75565778087482 0
      vertex 470.4918596419766 38.236877181136784 0
    endloop
  endfacet
  facet normal 0 0 -1
    outer loop
      vertex 460.28541666666666 35.83 0
      vertex 470.4918596419766 38.236877181136784 0
      vertex 470.45000000000005 37.705 0
    endloop
  endfacet
  facet normal 0 0 -1
    outer loop
      vertex 460.28541666666666 35.83 0
      vertex 470.45000000000005 37.705 0
      vertex 470.4918596419766 37.17312281886321 0
    endloop
  endfacet
  facet normal 0 0 -1
    outer loop
      vertex 425.02708333333334 35.83 0
      vertex 428.15625 35.83 0
      vertex 428.15625 19.83 0
    endloop
  endfacet
  facet normal 0 0 -1
    outer loop
      vertex 442.65625 35.83 0
      vertex 445.78541666666666 35.83 0
      vertex 445.78541666666666 19.83 0
    endloop
  endfacet
  facet normal 0 0 -1
    outer loop
      vertex 428.15625 19.83 0
      vertex 425.02708333333334 19.83 0
      vertex 425.02708333333334 35.83 0
    endloop
  endfacet
  facet normal 0 0 -1
    outer loop
      vertex 445.78541666666666 19.83 0
      vertex 442.65625 19.83 0
      vertex 442.65625 35.83 0
    endloop
  endfacet
  facet normal 0 0 -1
    outer loop
      vertex 482.6 43.66 0
      vertex 482.6 0 0
      vertex 477.20814035802346 38.236877181136784 0
    endloop
  endfacet
  facet normal 1 0 0
    outer loop
      vertex 482.6 43.66 0
      vertex 482.6 43.66 2.5
      vertex 482.6 0 0
    endloop
  endfacet
  facet normal 0 0 -1
    outer loop
      vertex 470.4918596419766 37.17312281886321 0
      vertex 470.4918596419766 6.486877181136784 0
      vertex 460.28541666666666 35.83 0
    endloop
  endfacet
  facet normal 0 0 -1
    outer loop
      vertex 470.4918596419766 37.17312281886321 0
      vertex 470.6164078445965 36.654342219125176 0
      vertex 470.4918596419766 6.486877181136784 0
    endloop
  endfacet
  facet normal 0 0 -1
    outer loop
      vertex 470.6164078445965 36.654342219125176 0
      vertex 470.8205778177596 36.16143230088554 0
      vertex 470.6164078445965 7.00565778087482 0
    endloop
  endfacet
  facet normal 0 0 -1
    outer loop
      vertex 470.8205778177596 36.16143230088554 0
      vertex 471.0993422191252 35.70653014220559 0
      vertex 470.8205778177596 7.49856769911446 0
    endloop
  endfacet
  facet normal 0 0 -1
    outer loop
      vertex 471.0993422191252 35.70653014220559 0
      vertex 471.4458369439658 35.300836943965734 0
      vertex 471.0993422191252 7.95346985779441 0
    endloop
  endfacet
  facet normal 0 0 -1
    outer loop
      vertex 471.4458369439658 35.300836943965734 0
      vertex 471.8515301422056 34.95434221912518 0
      vertex 471.4458369439658 8.359163056034262 0
    endloop
  endfacet
  facet normal 0 0 -1
    outer loop
      vertex 472.3064323008856 34.675577817759546 0
      vertex 471.8515301422056 8.705657780874816 0
      vertex 471.8515301422056 34.95434221912518 0
    endloop
  endfacet
  facet normal 0 0 -1
    outer loop
      vertex 472.7993422191252 34.47140784459648 0
      vertex 472.3064323008856 8.98442218224045 0
      vertex 472.3064323008856 34.675577817759546 0
    endloop
  endfacet
  facet normal 0 0 -1
    outer loop
      vertex 473.31812281886323 34.34685964197653 0
      vertex 472.7993422191252 9.18859215540352 0
      vertex 472.7993422191252 34.47140784459648 0
    endloop
  endfacet
  facet normal 0 0 -1
    outer loop
      vertex 473.85 34.305 0
      vertex 473.31812281886323 9.313140358023468 0
      vertex 473.31812281886323 34.34685964197653 0
    endloop
  endfacet
  facet normal 0 0 -1
    outer loop
      vertex 474.3818771811368 34.34685964197653 0
      vertex 473.85 9.354999999999997 0
      vertex 473.85 34.305 0
    endloop
  endfacet
  facet normal 0 0 -1
    outer loop
      vertex 474.90065778087484 34.47140784459648 0
      vertex 474.3818771811368 9.313140358023468 0
      vertex 474.3818771811368 34.34685964197653 0
    endloop
  endfacet
  facet normal 0 0 -1
    outer loop
      vertex 476.25416305603426 35.300836943965734 0
      vertex 475.84846985779444 8.705657780874816 0
      vertex 475.84846985779444 34.95434221912518 0
    endloop
  endfacet
  facet normal 0 0 -1
    outer loop
      vertex 475.39356769911444 34.675577817759546 0
      vertex 474.90065778087484 9.18859215540352 0
      vertex 474.90065778087484 34.47140784459648 0
    endloop
  endfacet
  facet normal 0 0 -1
    outer loop
      vertex 475.84846985779444 34.95434221912518 0
      vertex 475.39356769911444 8.98442218224045 0
      vertex 475.39356769911444 34.675577817759546 0
    endloop
  endfacet
  facet normal 0 0 -1
    outer loop
      vertex 482.6 0 0
      vertex 477.25 37.705 0
      vertex 477.20814035802346 38.236877181136784 0
    endloop
  endfacet
  facet normal 0 0 -1
    outer loop
      vertex 482.6 0 0
      vertex 477.20814035802346 37.17312281886321 0
      vertex 477.25 37.705 0
    endloop
  endfacet
  facet normal 0 0 -1
    outer loop
      vertex 482.6 0 0
      vertex 477.08359215540355 36.654342219125176 0
      vertex 477.20814035802346 37.17312281886321 0
    endloop
  endfacet
  facet normal 0 0 -1
    outer loop
      vertex 482.6 0 0
      vertex 476.6006577808748 35.70653014220559 0
      vertex 476.87942218224043 36.16143230088554 0
    endloop
  endfacet
  facet normal 0 0 -1
    outer loop
      vertex 482.6 0 0
      vertex 476.25416305603426 35.300836943965734 0
      vertex 476.6006577808748 35.70653014220559 0
    endloop
  endfacet
  facet normal 0 0 -1
    outer loop
      vertex 482.6 0 0
      vertex 476.87942218224043 36.16143230088554 0
      vertex 477.08359215540355 36.654342219125176 0
    endloop
  endfacet
  facet normal 0 0 1
    outer loop
      vertex 464.85 43.66 2.5
      vertex 407.3979166666667 35.83 2.5
      vertex 410.52708333333334 35.83 2.5
    endloop
  endfacet
  facet normal 0 0 1
    outer loop
      vertex 464.85 43.66 2.5
      vertex 410.52708333333334 35.83 2.5
      vertex 425.02708333333334 35.83 2.5
    endloop
  endfacet
  facet normal 0 0 1
    outer loop
      vertex 464.85 43.66 2.5
      vertex 425.02708333333334 35.83 2.5
      vertex 428.15625 35.83 2.5
    endloop
  endfacet
  facet normal 0 0 1
    outer loop
      vertex 464.85 43.66 2.5
      vertex 428.15625 35.83 2.5
      vertex 442.65625 35.83 2.5
    endloop
  endfacet
  facet normal 0 0 1
    outer loop
      vertex 464.85 43.66 2.5
      vertex 442.65625 35.83 2.5
      vertex 445.78541666666666 35.83 2.5
    endloop
  endfacet
  facet normal 0 0 1
    outer loop
      vertex 464.85 43.66 2.5
      vertex 445.78541666666666 35.83 2.5
      vertex 460.28541666666666 35.83 2.5
    endloop
  endfacet
  facet normal 0 0 1
    outer loop
      vertex 464.85 43.66 2.5
      vertex 460.28541666666666 35.83 2.5
      vertex 460.28541666666666 19.83 2.5
    endloop
  endfacet
  facet normal 0 0 1
    outer loop
      vertex 425.02708333333334 35.83 2.5
      vertex 425.02708333333334 19.83 2.5
      vertex 428.15625 35.83 2.5
    endloop
  endfacet
  facet normal 0 0 1
    outer loop
      vertex 442.65625 35.83 2.5
      vertex 442.65625 19.83 2.5
      vertex 445.78541666666666 35.83 2.5
    endloop
  endfacet
  facet normal 0 0 1
    outer loop
      vertex 428.15625 19.83 2.5
      vertex 428.15625 35.83 2.5
      vertex 425.02708333333334 19.83 2.5
    endloop
  endfacet
  facet normal 0 0 1
    outer loop
      vertex 445.78541666666666 19.83 2.5
      vertex 445.78541666666666 35.83 2.5
      vertex 442.65625 19.83 2.5
    endloop
  endfacet
  facet normal 0 0 -1
    outer loop
      vertex 482.6 0 0
      vertex 301.6229166666667 19.83 0
      vertex 304.75208333333336 19.83 0
    endloop
  endfacet
  facet normal 0 0 -1
    outer loop
      vertex 482.6 0 0
      vertex 304.75208333333336 19.83 0
      vertex 319.25208333333336 19.83 0
    endloop
  endfacet
  facet normal 0 0 -1
    outer loop
      vertex 482.6 0 0
      vertex 319.25208333333336 19.83 0
      vertex 322.38125 19.83 0
    endloop
  endfacet
  facet normal 0 0 -1
    outer loop
      vertex 482.6 0 0
      vertex 322.38125 19.83 0
      vertex 336.88125 19.83 0
    endloop
  endfacet
  facet normal 0 0 -1
    outer loop
      vertex 482.6 0 0
      vertex 336.88125 19.83 0
      vertex 340.0104166666667 19.83 0
    endloop
  endfacet
  facet normal 0 0 -1
    outer loop
      vertex 372.13958333333335 19.83 0
      vertex 375.26875 19.83 0
      vertex 470.45000000000005 5.954999999999998 0
    endloop
  endfacet
  facet normal 0 0 -1
    outer loop
      vertex 482.6 0 0
      vertex 340.0104166666667 19.83 0
      vertex 354.5104166666667 19.83 0
    endloop
  endfacet
  facet normal 0 0 -1
    outer loop
      vertex 482.6 0 0
      vertex 354.5104166666667 19.83 0
      vertex 357.63958333333335 19.83 0
    endloop
  endfacet
  facet normal 0 0 -1
    outer loop
      vertex 482.6 0 0
      vertex 357.63958333333335 19.83 0
      vertex 372.13958333333335 19.83 0
    endloop
  endfacet
  facet normal 0 0 -1
    outer loop
      vertex 375.26875 19.83 0
      vertex 389.76875 19.83 0
      vertex 470.45000000000005 5.954999999999998 0
    endloop
  endfacet
  facet normal 0 0 -1
    outer loop
      vertex 392.8979166666667 19.83 0
      vertex 470.45000000000005 5.954999999999998 0
      vertex 389.76875 19.83 0
    endloop
  endfacet
  facet normal 0 -1 0
    outer loop
      vertex 247.3 0 2.4378367177786986
      vertex 482.6 0 0
      vertex 473.725 0 2.5
    endloop
  endfacet
  facet normal 0 -1 0
    outer loop
      vertex 247.3 0 2.4378367177786986
      vertex 473.725 0 2.5
      vertex 464.85 0 2.5
    endloop
  endfacet
  facet normal 0 0 1
    outer loop
      vertex 464.85 0 2.5
      vertex 372.13958333333335 19.83 2.5
      vertex 357.63958333333335 19.83 2.5
    endloop
  endfacet
  facet normal 0 0 1
    outer loop
      vertex 464.85 0 2.5
      vertex 375.26875 19.83 2.5
      vertex 372.13958333333335 19.83 2.5
    endloop
  endfacet
  facet normal 0 0 1
    outer loop
      vertex 464.85 0 2.5
      vertex 389.76875 19.83 2.5
      vertex 375.26875 19.83 2.5
    endloop
  endfacet
  facet normal 0 0 1
    outer loop
      vertex 464.85 0 2.5
      vertex 392.8979166666667 19.83 2.5
      vertex 389.76875 19.83 2.5
    endloop
  endfacet
  facet normal 0 0 1
    outer loop
      vertex 464.85 0 2.5
      vertex 407.3979166666667 19.83 2.5
      vertex 392.8979166666667 19.83 2.5
    endloop
  endfacet
  facet normal 0 0 -1
    outer loop
      vertex 392.8979166666667 19.83 0
      vertex 407.3979166666667 19.83 0
      vertex 470.45000000000005 5.954999999999998 0
    endloop
  endfacet
  facet normal 0 0 -1
    outer loop
      vertex 410.52708333333334 19.83 0
      vertex 470.45000000000005 5.954999999999998 0
      vertex 407.3979166666667 19.83 0
    endloop
  endfacet
  facet normal 0 0 -1
    outer loop
      vertex 410.52708333333334 19.83 0
      vertex 425.02708333333334 19.83 0
      vertex 470.45000000000005 5.954999999999998 0
    endloop
  endfacet
  facet normal 0 0 -1
    outer loop
      vertex 428.15625 19.83 0
      vertex 470.45000000000005 5.954999999999998 0
      vertex 425.02708333333334 19.83 0
    endloop
  endfacet
  facet normal 0 0 -1
    outer loop
      vertex 428.15625 19.83 0
      vertex 442.65625 19.83 0
      vertex 470.45000000000005 5.954999999999998 0
    endloop
  endfacet
  facet normal 0 0 -1
    outer loop
      vertex 460.28541666666666 35.83 0
      vertex 470.4918596419766 6.486877181136784 0
      vertex 460.28541666666666 19.83 0
    endloop
  endfacet
  facet normal 0 0 -1
    outer loop
      vertex 470.8205778177596 36.16143230088554 0
      vertex 470.8205778177596 7.49856769911446 0
      vertex 470.6164078445965 7.00565778087482 0
    endloop
  endfacet
  facet normal 0 0 -1
    outer loop
      vertex 471.0993422191252 35.70653014220559 0
      vertex 471.0993422191252 7.95346985779441 0
      vertex 470.8205778177596 7.49856769911446 0
    endloop
  endfacet
  facet normal 0 0 -1
    outer loop
      vertex 470.6164078445965 36.654342219125176 0
      vertex 470.6164078445965 7.00565778087482 0
      vertex 470.4918596419766 6.486877181136784 0
    endloop
  endfacet
  facet normal 0 0 -1
    outer loop
      vertex 472.3064323008856 34.675577817759546 0
      vertex 472.3064323008856 8.98442218224045 0
      vertex 471.8515301422056 8.705657780874816 0
    endloop
  endfacet
  facet normal 0 0 -1
    outer loop
      vertex 473.31812281886323 34.34685964197653 0
      vertex 473.31812281886323 9.313140358023468 0
      vertex 472.7993422191252 9.18859215540352 0
    endloop
  endfacet
  facet normal 0 0 -1
    outer loop
      vertex 472.7993422191252 34.47140784459648 0
      vertex 472.7993422191252 9.18859215540352 0
      vertex 472.3064323008856 8.98442218224045 0
    endloop
  endfacet
  facet normal 0 0 -1
    outer loop
      vertex 471.8515301422056 34.95434221912518 0
      vertex 471.8515301422056 8.705657780874816 0
      vertex 471.4458369439658 8.359163056034262 0
    endloop
  endfacet
  facet normal 0 0 -1
    outer loop
      vertex 471.4458369439658 35.300836943965734 0
      vertex 471.4458369439658 8.359163056034262 0
      vertex 471.0993422191252 7.95346985779441 0
    endloop
  endfacet
  facet normal 0 0 -1
    outer loop
      vertex 473.85 34.305 0
      vertex 473.85 9.354999999999997 0
      vertex 473.31812281886323 9.313140358023468 0
    endloop
  endfacet
  facet normal 0 0 -1
    outer loop
      vertex 474.3818771811368 34.34685964197653 0
      vertex 474.3818771811368 9.313140358023468 0
      vertex 473.85 9.354999999999997 0
    endloop
  endfacet
  facet normal 0 0 -1
    outer loop
      vertex 474.90065778087484 34.47140784459648 0
      vertex 474.90065778087484 9.18859215540352 0
      vertex 474.3818771811368 9.313140358023468 0
    endloop
  endfacet
  facet normal 0 0 -1
    outer loop
      vertex 475.39356769911444 34.675577817759546 0
      vertex 475.39356769911444 8.98442218224045 0
      vertex 474.90065778087484 9.18859215540352 0
    endloop
  endfacet
  facet normal 0 0 -1
    outer loop
      vertex 475.84846985779444 34.95434221912518 0
      vertex 475.84846985779444 8.705657780874816 0
      vertex 475.39356769911444 8.98442218224045 0
    endloop
  endfacet
  facet normal 0 0 -1
    outer loop
      vertex 476.25416305603426 35.300836943965734 0
      vertex 476.25416305603426 8.359163056034262 0
      vertex 475.84846985779444 8.705657780874816 0
    endloop
  endfacet
  facet normal 0 0 -1
    outer loop
      vertex 476.25416305603426 35.300836943965734 0
      vertex 476.6006577808748 7.95346985779441 0
      vertex 476.25416305603426 8.359163056034262 0
    endloop
  endfacet
  facet normal 0 0 -1
    outer loop
      vertex 445.78541666666666 19.83 0
      vertex 470.45000000000005 5.954999999999998 0
      vertex 442.65625 19.83 0
    endloop
  endfacet
  facet normal 0 0 -1
    outer loop
      vertex 445.78541666666666 19.83 0
      vertex 460.28541666666666 19.83 0
      vertex 470.45000000000005 5.954999999999998 0
    endloop
  endfacet
  facet normal 0 0 -1
    outer loop
      vertex 482.6 0 0
      vertex 476.6006577808748 7.95346985779441 0
      vertex 476.25416305603426 35.300836943965734 0
    endloop
  endfacet
  facet normal 1 0 0
    outer loop
      vertex 482.6 43.66 2.5
      vertex 482.6 10.915 2.5
      vertex 482.6 0 0
    endloop
  endfacet
  facet normal 0 0 -1
    outer loop
      vertex 372.13958333333335 19.83 0
      vertex 470.45000000000005 5.954999999999998 0
      vertex 470.4918596419766 5.423122818863213 0
    endloop
  endfacet
  facet normal 0 0 -1
    outer loop
      vertex 372.13958333333335 19.83 0
      vertex 470.4918596419766 5.423122818863213 0
      vertex 470.6164078445965 4.904342219125176 0
    endloop
  endfacet
  facet normal 0 0 -1
    outer loop
      vertex 372.13958333333335 19.83 0
      vertex 470.6164078445965 4.904342219125176 0
      vertex 470.8205778177596 4.4114323008855365 0
    endloop
  endfacet
  facet normal 0 0 -1
    outer loop
      vertex 372.13958333333335 19.83 0
      vertex 470.8205778177596 4.4114323008855365 0
      vertex 471.0993422191252 3.9565301422055867 0
    endloop
  endfacet
  facet normal 0 0 -1
    outer loop
      vertex 372.13958333333335 19.83 0
      vertex 471.0993422191252 3.9565301422055867 0
      vertex 471.4458369439658 3.5508369439657343 0
    endloop
  endfacet
  facet normal 0 0 -1
    outer loop
      vertex 372.13958333333335 19.83 0
      vertex 471.4458369439658 3.5508369439657343 0
      vertex 471.8515301422056 3.2043422191251807 0
    endloop
  endfacet
  facet normal 0 0 -1
    outer loop
      vertex 372.13958333333335 19.83 0
      vertex 471.8515301422056 3.2043422191251807 0
      vertex 472.3064323008856 2.925577817759546 0
    endloop
  endfacet
  facet normal 0 0 -1
    outer loop
      vertex 372.13958333333335 19.83 0
      vertex 472.3064323008856 2.925577817759546 0
      vertex 472.7993422191252 2.7214078445964773 0
    endloop
  endfacet
  facet normal 0 0 -1
    outer loop
      vertex 372.13958333333335 19.83 0
      vertex 472.7993422191252 2.7214078445964773 0
      vertex 473.31812281886323 2.596859641976529 0
    endloop
  endfacet
  facet normal 0 0 -1
    outer loop
      vertex 482.6 0 0
      vertex 372.13958333333335 19.83 0
      vertex 473.31812281886323 2.596859641976529 0
    endloop
  endfacet
  facet normal 0 0 -1
    outer loop
      vertex 460.28541666666666 19.83 0
      vertex 470.4918596419766 6.486877181136784 0
      vertex 470.45000000000005 5.954999999999998 0
    endloop
  endfacet
  facet normal 0 0 -1
    outer loop
      vertex 482.6 0 0
      vertex 476.87942218224043 7.49856769911446 0
      vertex 476.6006577808748 7.95346985779441 0
    endloop
  endfacet
  facet normal 0 0 -1
    outer loop
      vertex 482.6 0 0
      vertex 477.08359215540355 7.00565778087482 0
      vertex 476.87942218224043 7.49856769911446 0
    endloop
  endfacet
  facet normal 0 0 -1
    outer loop
      vertex 482.6 0 0
      vertex 477.20814035802346 6.486877181136784 0
      vertex 477.08359215540355 7.00565778087482 0
    endloop
  endfacet
  facet normal 0 0 -1
    outer loop
      vertex 482.6 0 0
      vertex 477.25 5.954999999999998 0
      vertex 477.20814035802346 6.486877181136784 0
    endloop
  endfacet
  facet normal 0 0 -1
    outer loop
      vertex 482.6 0 0
      vertex 476.6006577808748 3.9565301422055867 0
      vertex 476.87942218224043 4.4114323008855365 0
    endloop
  endfacet
  facet normal 0 0 -1
    outer loop
      vertex 482.6 0 0
      vertex 477.20814035802346 5.423122818863213 0
      vertex 477.25 5.954999999999998 0
    endloop
  endfacet
  facet normal 0 0 -1
    outer loop
      vertex 482.6 0 0
      vertex 477.08359215540355 4.904342219125176 0
      vertex 477.20814035802346 5.423122818863213 0
    endloop
  endfacet
  facet normal 0 0 -1
    outer loop
      vertex 482.6 0 0
      vertex 476.87942218224043 4.4114323008855365 0
      vertex 477.08359215540355 4.904342219125176 0
    endloop
  endfacet
  facet normal 0 0 -1
    outer loop
      vertex 482.6 0 0
      vertex 476.25416305603426 3.5508369439657343 0
      vertex 476.6006577808748 3.9565301422055867 0
    endloop
  endfacet
  facet normal 0 0 -1
    outer loop
      vertex 482.6 0 0
      vertex 475.84846985779444 3.2043422191251807 0
      vertex 476.25416305603426 3.5508369439657343 0
    endloop
  endfacet
  facet normal 0 0 -1
    outer loop
      vertex 482.6 0 0
      vertex 473.31812281886323 2.596859641976529 0
      vertex 473.85 2.5549999999999997 0
    endloop
  endfacet
  facet normal 0 0 -1
    outer loop
      vertex 482.6 0 0
      vertex 473.85 2.5549999999999997 0
      vertex 474.3818771811368 2.596859641976529 0
    endloop
  endfacet
  facet normal 0 0 -1
    outer loop
      vertex 482.6 0 0
      vertex 474.90065778087484 2.7214078445964773 0
      vertex 475.39356769911444 2.925577817759546 0
    endloop
  endfacet
  facet normal 0 0 -1
    outer loop
      vertex 482.6 0 0
      vertex 474.3818771811368 2.596859641976529 0
      vertex 474.90065778087484 2.7214078445964773 0
    endloop
  endfacet
  facet normal 0 0 -1
    outer loop
      vertex 482.6 0 0
      vertex 475.39356769911444 2.925577817759546 0
      vertex 475.84846985779444 3.2043422191251807 0
    endloop
  endfacet
  facet normal 1 0 0
    outer loop
      vertex 482.6 0 0
      vertex 482.6 10.915 2.5
      vertex 482.6 0 1.6666666666666667
    endloop
  endfacet
  facet normal 0 -1 0
    outer loop
      vertex 482.6 0 0
      vertex 482.6 0 1.6666666666666667
      vertex 473.725 0 2.5
    endloop
  endfacet
  facet normal 0 0 1
    outer loop
      vertex 464.85 0 2.5
      vertex 410.52708333333334 19.83 2.5
      vertex 407.3979166666667 19.83 2.5
    endloop
  endfacet
  facet normal 0 0 1
    outer loop
      vertex 464.85 0 2.5
      vertex 425.02708333333334 19.83 2.5
      vertex 410.52708333333334 19.83 2.5
    endloop
  endfacet
  facet normal 0 0 1
    outer loop
      vertex 464.85 0 2.5
      vertex 428.15625 19.83 2.5
      vertex 425.02708333333334 19.83 2.5
    endloop
  endfacet
  facet normal 0 0 1
    outer loop
      vertex 464.85 0 2.5
      vertex 442.65625 19.83 2.5
      vertex 428.15625 19.83 2.5
    endloop
  endfacet
  facet normal 0 0 1
    outer loop
      vertex 464.85 0 2.5
      vertex 445.78541666666666 19.83 2.5
      vertex 442.65625 19.83 2.5
    endloop
  endfacet
  facet normal 0 0 1
    outer loop
      vertex 464.85 43.66 2.5
      vertex 460.28541666666666 19.83 2.5
      vertex 464.85 0 2.5
    endloop
  endfacet
  facet normal 0 0 1
    outer loop
      vertex 464.85 0 2.5
      vertex 460.28541666666666 19.83 2.5
      vertex 445.78541666666666 19.83 2.5
    endloop
  endfacet
  facet normal 1 0 0
    outer loop
      vertex 247.3 43.66 2.5
      vertex 247.3 37.34569653438086 5
      vertex 247.3 35.9023208614068 2.5
    endloop
  endfacet
  facet normal -1 0 0
    outer loop
      vertex 241.3 43.66 2.5
      vertex 241.3 35.46829834091432 4.055530603866677
      vertex 241.3 35.625395205269186 4.349438164979348
    endloop
  endfacet
  facet normal -1 0 0
    outer loop
      vertex 241.3 43.66 2.5
      vertex 241.3 34.386453547427415 3.332665023314508
      vertex 241.3 34.70536183502065 3.4294047947308126
    endloop
  endfacet
  facet normal -1 0 0
    outer loop
      vertex 241.3 43.66 2.5
      vertex 241.3 34.0548 3.3
      vertex 241.3 34.386453547427415 3.332665023314508
    endloop
  endfacet
  facet normal -1 0 0
    outer loop
      vertex 241.3 43.66 2.5
      vertex 241.3 21.83 3.3
      vertex 241.3 34.0548 3.3
    endloop
  endfacet
  facet normal -1 0 0
    outer loop
      vertex 241.3 43.66 2.5
      vertex 241.3 34.70536183502065 3.4294047947308126
      vertex 241.3 34.99926939613332 3.5865016590856733
    endloop
  endfacet
  facet normal -1 0 0
    outer loop
      vertex 241.3 43.66 2.5
      vertex 241.3 34.99926939613332 3.5865016590856733
      vertex 241.3 35.256881528017125 3.797918471982869
    endloop
  endfacet
  facet normal -1 0 0
    outer loop
      vertex 241.3 43.66 2.5
      vertex 241.3 35.256881528017125 3.797918471982869
      vertex 241.3 35.46829834091432 4.055530603866677
    endloop
  endfacet
  facet normal -1 0 0
    outer loop
      vertex 241.3 43.66 2.5
      vertex 241.3 35.625395205269186 4.349438164979348
      vertex 241.3 35.72213497668549 4.668346452572582
    endloop
  endfacet
  facet normal 1 0 0
    outer loop
      vertex 247.3 23.6775208614068 2.5
      vertex 247.3 32.207279138593194 2.5
      vertex 247.3 27.68358095489748 4.034074173710931
    endloop
  endfacet
  facet normal -1 0 0
    outer loop
      vertex 241.3 33.72314645257258 3.332665023314508
      vertex 241.3 27.9424 4
      vertex 241.3 33.40423816497935 3.4294047947308126
    endloop
  endfacet
  facet normal -1 0 0
    outer loop
      vertex 241.3 33.40423816497935 3.4294047947308126
      vertex 241.3 27.9424 4
      vertex 241.3 33.11033060386667 3.5865016590856733
    endloop
  endfacet
  facet normal -1 0 0
    outer loop
      vertex 241.3 34.0548 3.3
      vertex 241.3 22.161653547427417 3.332665023314508
      vertex 241.3 33.72314645257258 3.332665023314508
    endloop
  endfacet
  facet normal 1 0 0
    outer loop
      vertex 247.3 32.207279138593194 2.5
      vertex 247.3 28.20121904510252 4.034074173710931
      vertex 247.3 27.9424 4
    endloop
  endfacet
  facet normal 1 0 0
    outer loop
      vertex 247.3 32.207279138593194 2.5
      vertex 247.3 28.4424 4.133974596215562
      vertex 247.3 28.20121904510252 4.034074173710931
    endloop
  endfacet
  facet normal 1 0 0
    outer loop
      vertex 247.3 32.207279138593194 2.5
      vertex 247.3 27.9424 4
      vertex 247.3 27.68358095489748 4.034074173710931
    endloop
  endfacet
  facet normal 1 0 0
    outer loop
      vertex 247.3 32.207279138593194 2.5
      vertex 247.3 28.649506781186545 4.292893218813452
      vertex 247.3 28.4424 4.133974596215562
    endloop
  endfacet
  facet normal -1 0 0
    outer loop
      vertex 241.3 33.72314645257258 3.332665023314508
      vertex 241.3 22.48056183502065 3.4294047947308126
      vertex 241.3 27.9424 4
    endloop
  endfacet
  facet normal -1 0 0
    outer loop
      vertex 241.3 43.66 2.5
      vertex 241.3 9.936853547427411 3.332665023314508
      vertex 241.3 21.83 3.3
    endloop
  endfacet
  facet normal -1 0 0
    outer loop
      vertex 241.3 34.0548 3.3
      vertex 241.3 21.83 3.3
      vertex 241.3 22.161653547427417 3.332665023314508
    endloop
  endfacet
  facet normal -1 0 0
    outer loop
      vertex 241.3 33.72314645257258 3.332665023314508
      vertex 241.3 22.161653547427417 3.332665023314508
      vertex 241.3 22.48056183502065 3.4294047947308126
    endloop
  endfacet
  facet normal 1 0 0
    outer loop
      vertex 247.3 23.6775208614068 2.5
      vertex 247.3 27.68358095489748 4.034074173710931
      vertex 247.3 27.4424 4.133974596215562
    endloop
  endfacet
  facet normal 1 0 0
    outer loop
      vertex 247.3 23.6775208614068 2.5
      vertex 247.3 27.4424 4.133974596215562
      vertex 247.3 27.235293218813453 4.292893218813452
    endloop
  endfacet
  facet normal -1 0 0
    outer loop
      vertex 241.3 22.48056183502065 3.4294047947308126
      vertex 241.3 22.774469396133323 3.5865016590856733
      vertex 241.3 27.68358095489748 4.034074173710931
    endloop
  endfacet
  facet normal -1 0 0
    outer loop
      vertex 241.3 33.11033060386667 3.5865016590856733
      vertex 241.3 28.20121904510252 4.034074173710931
      vertex 241.3 32.85271847198287 3.797918471982869
    endloop
  endfacet
  facet normal -1 0 0
    outer loop
      vertex 241.3 32.85271847198287 3.797918471982869
      vertex 241.3 28.4424 4.133974596215562
      vertex 241.3 32.64130165908567 4.055530603866677
    endloop
  endfacet
  facet normal 1 0 0
    outer loop
      vertex 247.3 32.207279138593194 2.5
      vertex 247.3 30.76390346561913 5
      vertex 247.3 28.80842540378444 4.5
    endloop
  endfacet
  facet normal -1 0 0
    outer loop
      vertex 241.3 32.64130165908567 4.055530603866677
      vertex 241.3 28.80842540378444 4.5
      vertex 241.3 32.48420479473081 4.349438164979348
    endloop
  endfacet
  facet normal -1 0 0
    outer loop
      vertex 241.3 32.64130165908567 4.055530603866677
      vertex 241.3 28.649506781186545 4.292893218813452
      vertex 241.3 28.80842540378444 4.5
    endloop
  endfacet
  facet normal -1 0 0
    outer loop
      vertex 241.3 33.11033060386667 3.5865016590856733
      vertex 241.3 27.9424 4
      vertex 241.3 28.20121904510252 4.034074173710931
    endloop
  endfacet
  facet normal -1 0 0
    outer loop
      vertex 241.3 32.85271847198287 3.797918471982869
      vertex 241.3 28.20121904510252 4.034074173710931
      vertex 241.3 28.4424 4.133974596215562
    endloop
  endfacet
  facet normal 1 0 0
    outer loop
      vertex 247.3 32.207279138593194 2.5
      vertex 247.3 28.80842540378444 4.5
      vertex 247.3 28.649506781186545 4.292893218813452
    endloop
  endfacet
  facet normal -1 0 0
    outer loop
      vertex 241.3 32.64130165908567 4.055530603866677
      vertex 241.3 28.4424 4.133974596215562
      vertex 241.3 28.649506781186545 4.292893218813452
    endloop
  endfacet
  facet normal -1 0 0
    outer loop
      vertex 241.3 32.48420479473081 4.349438164979348
      vertex 241.3 28.80842540378444 4.5
      vertex 241.3 28.908325826289065 4.741180954897479
    endloop
  endfacet
  facet normal -1 0 0
    outer loop
      vertex 241.3 32.48420479473081 4.349438164979348
      vertex 241.3 28.908325826289065 4.741180954897479
      vertex 241.3 32.387465023314505 4.668346452572582
    endloop
  endfacet
  facet normal -1 0 0
    outer loop
      vertex 241.3 32.387465023314505 4.668346452572582
      vertex 241.3 28.908325826289065 4.741180954897479
      vertex 241.3 28.9424 5
    endloop
  endfacet
  facet normal -1 0 0
    outer loop
      vertex 241.3 32.387465023314505 4.668346452572582
      vertex 241.3 28.9424 5
      vertex 241.3 32.3548 5
    endloop
  endfacet
  facet normal 1 0 0
    outer loop
      vertex 247.3 30.76390346561913 5
      vertex 247.3 28.908325826289065 4.741180954897479
      vertex 247.3 28.80842540378444 4.5
    endloop
  endfacet
  facet normal 1 0 0
    outer loop
      vertex 247.3 30.76390346561913 5
      vertex 247.3 28.9424 5
      vertex 247.3 28.908325826289065 4.741180954897479
    endloop
  endfacet
  facet normal -1 0 0
    outer loop
      vertex 241.3 22.48056183502065 3.4294047947308126
      vertex 241.3 27.68358095489748 4.034074173710931
      vertex 241.3 27.9424 4
    endloop
  endfacet
  facet normal -1 0 0
    outer loop
      vertex 241.3 27.68358095489748 4.034074173710931
      vertex 241.3 22.774469396133323 3.5865016590856733
      vertex 241.3 27.4424 4.133974596215562
    endloop
  endfacet
  facet normal 1 0 0
    outer loop
      vertex 247.3 23.6775208614068 2.5
      vertex 247.3 27.235293218813453 4.292893218813452
      vertex 247.3 27.07637459621556 4.5
    endloop
  endfacet
  facet normal -1 0 0
    outer loop
      vertex 241.3 27.4424 4.133974596215562
      vertex 241.3 23.03208152801713 3.797918471982869
      vertex 241.3 23.243498340914325 4.055530603866677
    endloop
  endfacet
  facet normal 1 0 0
    outer loop
      vertex 247.3 23.6775208614068 2.5
      vertex 247.3 27.07637459621556 4.5
      vertex 247.3 26.97647417371093 4.741180954897479
    endloop
  endfacet
  facet normal -1 0 0
    outer loop
      vertex 241.3 27.4424 4.133974596215562
      vertex 241.3 23.243498340914325 4.055530603866677
      vertex 241.3 27.235293218813453 4.292893218813452
    endloop
  endfacet
  facet normal -1 0 0
    outer loop
      vertex 241.3 27.235293218813453 4.292893218813452
      vertex 241.3 23.243498340914325 4.055530603866677
      vertex 241.3 23.400595205269184 4.349438164979348
    endloop
  endfacet
  facet normal 1 0 0
    outer loop
      vertex 247.3 23.6775208614068 2.5
      vertex 247.3 26.97647417371093 4.741180954897479
      vertex 247.3 25.120896534380865 5
    endloop
  endfacet
  facet normal -1 0 0
    outer loop
      vertex 241.3 27.4424 4.133974596215562
      vertex 241.3 22.774469396133323 3.5865016590856733
      vertex 241.3 23.03208152801713 3.797918471982869
    endloop
  endfacet
  facet normal -1 0 0
    outer loop
      vertex 241.3 27.235293218813453 4.292893218813452
      vertex 241.3 23.400595205269184 4.349438164979348
      vertex 241.3 27.07637459621556 4.5
    endloop
  endfacet
  facet normal -1 0 0
    outer loop
      vertex 241.3 23.400595205269184 4.349438164979348
      vertex 241.3 23.49733497668549 4.668346452572582
      vertex 241.3 27.07637459621556 4.5
    endloop
  endfacet
  facet normal -1 0 0
    outer loop
      vertex 241.3 23.49733497668549 4.668346452572582
      vertex 241.3 26.97647417371093 4.741180954897479
      vertex 241.3 27.07637459621556 4.5
    endloop
  endfacet
  facet normal 1 0 0
    outer loop
      vertex 247.3 25.120896534380865 5
      vertex 247.3 26.97647417371093 4.741180954897479
      vertex 247.3 26.9424 5
    endloop
  endfacet
  facet normal -1 0 0
    outer loop
      vertex 241.3 26.97647417371093 4.741180954897479
      vertex 241.3 23.49733497668549 4.668346452572582
      vertex 241.3 23.529999999999998 5
    endloop
  endfacet
  facet normal -1 0 0
    outer loop
      vertex 241.3 26.97647417371093 4.741180954897479
      vertex 241.3 23.529999999999998 5
      vertex 241.3 26.9424 5
    endloop
  endfacet
  facet normal -1 0 0
    outer loop
      vertex 241.3 43.66 2.5
      vertex 241.3 9.605199999999996 3.3
      vertex 241.3 9.936853547427411 3.332665023314508
    endloop
  endfacet
  facet normal -1 0 0
    outer loop
      vertex 241.3 43.66 2.5
      vertex 241.3 0 2.5
      vertex 241.3 9.605199999999996 3.3
    endloop
  endfacet
  facet normal -1 0 0
    outer loop
      vertex 241.3 21.179438164979345 3.4294047947308126
      vertex 241.3 15.976419045102517 4.034074173710931
      vertex 241.3 20.885530603866673 3.5865016590856733
    endloop
  endfacet
  facet normal -1 0 0
    outer loop
      vertex 241.3 21.49834645257258 3.332665023314508
      vertex 241.3 21.83 3.3
      vertex 241.3 9.936853547427411 3.332665023314508
    endloop
  endfacet
  facet normal -1 0 0
    outer loop
      vertex 241.3 21.49834645257258 3.332665023314508
      vertex 241.3 10.25576183502065 3.4294047947308126
      vertex 241.3 21.179438164979345 3.4294047947308126
    endloop
  endfacet
  facet normal 1 0 0
    outer loop
      vertex 247.3 19.982479138593195 2.5
      vertex 247.3 16.217599999999997 4.133974596215562
      vertex 247.3 15.976419045102517 4.034074173710931
    endloop
  endfacet
  facet normal 1 0 0
    outer loop
      vertex 247.3 19.982479138593195 2.5
      vertex 247.3 16.424706781186543 4.292893218813452
      vertex 247.3 16.217599999999997 4.133974596215562
    endloop
  endfacet
  facet normal 1 0 0
    outer loop
      vertex 247.3 11.452720861406796 2.5
      vertex 247.3 19.982479138593195 2.5
      vertex 247.3 15.976419045102517 4.034074173710931
    endloop
  endfacet
  facet normal -1 0 0
    outer loop
      vertex 241.3 21.49834645257258 3.332665023314508
      vertex 241.3 9.936853547427411 3.332665023314508
      vertex 241.3 10.25576183502065 3.4294047947308126
    endloop
  endfacet
  facet normal -1 0 0
    outer loop
      vertex 241.3 10.25576183502065 3.4294047947308126
      vertex 241.3 15.717599999999997 4
      vertex 241.3 21.179438164979345 3.4294047947308126
    endloop
  endfacet
  facet normal 1 0 0
    outer loop
      vertex 247.3 11.452720861406796 2.5
      vertex 247.3 15.976419045102517 4.034074173710931
      vertex 247.3 15.717599999999997 4
    endloop
  endfacet
  facet normal 1 0 0
    outer loop
      vertex 247.3 11.452720861406796 2.5
      vertex 247.3 15.717599999999997 4
      vertex 247.3 15.458780954897477 4.034074173710931
    endloop
  endfacet
  facet normal 1 0 0
    outer loop
      vertex 247.3 11.452720861406796 2.5
      vertex 247.3 15.458780954897477 4.034074173710931
      vertex 247.3 15.217599999999997 4.133974596215562
    endloop
  endfacet
  facet normal 1 0 0
    outer loop
      vertex 247.3 11.452720861406796 2.5
      vertex 247.3 15.217599999999997 4.133974596215562
      vertex 247.3 15.010493218813451 4.292893218813452
    endloop
  endfacet
  facet normal -1 0 0
    outer loop
      vertex 241.3 10.25576183502065 3.4294047947308126
      vertex 241.3 10.549669396133318 3.5865016590856733
      vertex 241.3 15.458780954897477 4.034074173710931
    endloop
  endfacet
  facet normal -1 0 0
    outer loop
      vertex 241.3 20.885530603866673 3.5865016590856733
      vertex 241.3 16.217599999999997 4.133974596215562
      vertex 241.3 20.627918471982866 3.797918471982869
    endloop
  endfacet
  facet normal -1 0 0
    outer loop
      vertex 241.3 20.627918471982866 3.797918471982869
      vertex 241.3 16.424706781186543 4.292893218813452
      vertex 241.3 20.41650165908567 4.055530603866677
    endloop
  endfacet
  facet normal 1 0 0
    outer loop
      vertex 247.3 19.982479138593195 2.5
      vertex 247.3 16.683525826289067 4.741180954897479
      vertex 247.3 16.583625403784435 4.5
    endloop
  endfacet
  facet normal -1 0 0
    outer loop
      vertex 241.3 21.179438164979345 3.4294047947308126
      vertex 241.3 15.717599999999997 4
      vertex 241.3 15.976419045102517 4.034074173710931
    endloop
  endfacet
  facet normal -1 0 0
    outer loop
      vertex 241.3 20.885530603866673 3.5865016590856733
      vertex 241.3 15.976419045102517 4.034074173710931
      vertex 241.3 16.217599999999997 4.133974596215562
    endloop
  endfacet
  facet normal 1 0 0
    outer loop
      vertex 247.3 19.982479138593195 2.5
      vertex 247.3 16.583625403784435 4.5
      vertex 247.3 16.424706781186543 4.292893218813452
    endloop
  endfacet
  facet normal -1 0 0
    outer loop
      vertex 241.3 20.627918471982866 3.797918471982869
      vertex 241.3 16.217599999999997 4.133974596215562
      vertex 241.3 16.424706781186543 4.292893218813452
    endloop
  endfacet
  facet normal -1 0 0
    outer loop
      vertex 241.3 20.41650165908567 4.055530603866677
      vertex 241.3 16.583625403784435 4.5
      vertex 241.3 20.259404794730813 4.349438164979348
    endloop
  endfacet
  facet normal -1 0 0
    outer loop
      vertex 241.3 20.41650165908567 4.055530603866677
      vertex 241.3 16.424706781186543 4.292893218813452
      vertex 241.3 16.583625403784435 4.5
    endloop
  endfacet
  facet normal 1 0 0
    outer loop
      vertex 247.3 19.982479138593195 2.5
      vertex 247.3 18.53910346561913 5
      vertex 247.3 16.683525826289067 4.741180954897479
    endloop
  endfacet
  facet normal -1 0 0
    outer loop
      vertex 241.3 20.259404794730813 4.349438164979348
      vertex 241.3 16.583625403784435 4.5
      vertex 241.3 16.683525826289067 4.741180954897479
    endloop
  endfacet
  facet normal -1 0 0
    outer loop
      vertex 241.3 20.259404794730813 4.349438164979348
      vertex 241.3 16.683525826289067 4.741180954897479
      vertex 241.3 20.162665023314506 4.668346452572582
    endloop
  endfacet
  facet normal -1 0 0
    outer loop
      vertex 241.3 20.162665023314506 4.668346452572582
      vertex 241.3 16.683525826289067 4.741180954897479
      vertex 241.3 16.717599999999997 5
    endloop
  endfacet
  facet normal -1 0 0
    outer loop
      vertex 241.3 20.162665023314506 4.668346452572582
      vertex 241.3 16.717599999999997 5
      vertex 241.3 20.13 5
    endloop
  endfacet
  facet normal 1 0 0
    outer loop
      vertex 247.3 16.717599999999997 5
      vertex 247.3 16.683525826289067 4.741180954897479
      vertex 247.3 18.53910346561913 5
    endloop
  endfacet
  facet normal -1 0 0
    outer loop
      vertex 241.3 10.25576183502065 3.4294047947308126
      vertex 241.3 15.458780954897477 4.034074173710931
      vertex 241.3 15.717599999999997 4
    endloop
  endfacet
  facet normal -1 0 0
    outer loop
      vertex 241.3 15.458780954897477 4.034074173710931
      vertex 241.3 10.549669396133318 3.5865016590856733
      vertex 241.3 15.217599999999997 4.133974596215562
    endloop
  endfacet
  facet normal 1 0 0
    outer loop
      vertex 247.3 11.452720861406796 2.5
      vertex 247.3 15.010493218813451 4.292893218813452
      vertex 247.3 14.85157459621556 4.5
    endloop
  endfacet
  facet normal 1 0 0
    outer loop
      vertex 247.3 11.452720861406796 2.5
      vertex 247.3 14.85157459621556 4.5
      vertex 247.3 14.751674173710928 4.741180954897479
    endloop
  endfacet
  facet normal -1 0 0
    outer loop
      vertex 241.3 15.217599999999997 4.133974596215562
      vertex 241.3 11.018698340914327 4.055530603866677
      vertex 241.3 15.010493218813451 4.292893218813452
    endloop
  endfacet
  facet normal -1 0 0
    outer loop
      vertex 241.3 15.217599999999997 4.133974596215562
      vertex 241.3 10.807281528017128 3.797918471982869
      vertex 241.3 11.018698340914327 4.055530603866677
    endloop
  endfacet
  facet normal -1 0 0
    outer loop
      vertex 241.3 15.217599999999997 4.133974596215562
      vertex 241.3 10.549669396133318 3.5865016590856733
      vertex 241.3 10.807281528017128 3.797918471982869
    endloop
  endfacet
  facet normal -1 0 0
    outer loop
      vertex 241.3 15.010493218813451 4.292893218813452
      vertex 241.3 11.018698340914327 4.055530603866677
      vertex 241.3 11.175795205269182 4.349438164979348
    endloop
  endfacet
  facet normal 1 0 0
    outer loop
      vertex 247.3 11.452720861406796 2.5
      vertex 247.3 14.751674173710928 4.741180954897479
      vertex 247.3 12.896096534380863 5
    endloop
  endfacet
  facet normal -1 0 0
    outer loop
      vertex 241.3 15.010493218813451 4.292893218813452
      vertex 241.3 11.175795205269182 4.349438164979348
      vertex 241.3 14.85157459621556 4.5
    endloop
  endfacet
  facet normal 1 0 0
    outer loop
      vertex 247.3 12.896096534380863 5
      vertex 247.3 14.751674173710928 4.741180954897479
      vertex 247.3 14.717599999999997 5
    endloop
  endfacet
  facet normal -1 0 0
    outer loop
      vertex 241.3 14.85157459621556 4.5
      vertex 241.3 11.175795205269182 4.349438164979348
      vertex 241.3 11.272534976685485 4.668346452572582
    endloop
  endfacet
  facet normal -1 0 0
    outer loop
      vertex 241.3 11.272534976685485 4.668346452572582
      vertex 241.3 14.751674173710928 4.741180954897479
      vertex 241.3 14.85157459621556 4.5
    endloop
  endfacet
  facet normal -1 0 0
    outer loop
      vertex 241.3 11.272534976685485 4.668346452572582
      vertex 241.3 14.717599999999997 5
      vertex 241.3 14.751674173710928 4.741180954897479
    endloop
  endfacet
  facet normal -1 0 0
    outer loop
      vertex 241.3 14.717599999999997 5
      vertex 241.3 11.272534976685485 4.668346452572582
      vertex 241.3 11.3052 5
    endloop
  endfacet
  facet normal -1 0 0
    outer loop
      vertex 241.3 0 2.5
      vertex 241.3 9.273546452572582 3.332665023314508
      vertex 241.3 9.605199999999996 3.3
    endloop
  endfacet
  facet normal -1 0 0
    outer loop
      vertex 241.3 0 2.5
      vertex 241.3 8.954638164979343 3.4294047947308126
      vertex 241.3 9.273546452572582 3.332665023314508
    endloop
  endfacet
  facet normal -1 0 0
    outer loop
      vertex 241.3 0 2.5
      vertex 241.3 8.660730603866675 3.5865016590856733
      vertex 241.3 8.954638164979343 3.4294047947308126
    endloop
  endfacet
  facet normal -1 0 0
    outer loop
      vertex 241.3 0 2.5
      vertex 241.3 8.403118471982864 3.797918471982869
      vertex 241.3 8.660730603866675 3.5865016590856733
    endloop
  endfacet
  facet normal -1 0 0
    outer loop
      vertex 241.3 0 2.5
      vertex 241.3 8.191701659085666 4.055530603866677
      vertex 241.3 8.403118471982864 3.797918471982869
    endloop
  endfacet
  facet normal 1 0 0
    outer loop
      vertex 247.3 0 2.5
      vertex 247.3 7.757679138593197 2.5
      vertex 247.3 6.314303465619126 5
    endloop
  endfacet
  facet normal -1 0 0
    outer loop
      vertex 241.3 0 2.5
      vertex 241.3 8.03460479473081 4.349438164979348
      vertex 241.3 8.191701659085666 4.055530603866677
    endloop
  endfacet
  facet normal -1 0 0
    outer loop
      vertex 241.3 0 2.5
      vertex 241.3 7.937865023314508 4.668346452572582
      vertex 241.3 8.03460479473081 4.349438164979348
    endloop
  endfacet
  facet normal 0 -1 0
    outer loop
      vertex 247.3 0 2.4378367177786986
      vertex 241.3 0 10
      vertex 241.3 0 2.5
    endloop
  endfacet
  facet normal 0 -1 0
    outer loop
      vertex 247.3 0 2.4378367177786986
      vertex 247.3 0 2.5
      vertex 241.3 0 10
    endloop
  endfacet
  facet normal 0 1 0
    outer loop
      vertex 241.3 43.66 2.5
      vertex 247.3 43.66 10
      vertex 247.3 43.66 2.5
    endloop
  endfacet
  facet normal -1 0 0
    outer loop
      vertex 241.3 43.66 2.5
      vertex 241.3 35.72213497668549 4.668346452572582
      vertex 241.3 43.66 10
    endloop
  endfacet
  facet normal 1 0 0
    outer loop
      vertex 247.3 43.66 2.5
      vertex 247.3 43.66 10
      vertex 247.3 37.34569653438086 5
    endloop
  endfacet
  facet normal -1 0 0
    outer loop
      vertex 241.3 43.66 10
      vertex 241.3 35.72213497668549 4.668346452572582
      vertex 241.3 35.754799999999996 5
    endloop
  endfacet
  facet normal -1 0 0
    outer loop
      vertex 241.3 43.66 10
      vertex 241.3 35.754799999999996 5
      vertex 241.3 35.72213497668549 5.331653547427418
    endloop
  endfacet
  facet normal -1 0 0
    outer loop
      vertex 241.3 43.66 10
      vertex 241.3 35.72213497668549 5.331653547427418
      vertex 241.3 35.625395205269186 5.650561835020652
    endloop
  endfacet
  facet normal -1 0 0
    outer loop
      vertex 241.3 43.66 10
      vertex 241.3 35.625395205269186 5.650561835020652
      vertex 241.3 35.46829834091432 5.944469396133323
    endloop
  endfacet
  facet normal -1 0 0
    outer loop
      vertex 241.3 43.66 10
      vertex 241.3 35.46829834091432 5.944469396133323
      vertex 241.3 35.256881528017125 6.202081528017131
    endloop
  endfacet
  facet normal -1 0 0
    outer loop
      vertex 241.3 32.3548 5
      vertex 241.3 28.9424 5
      vertex 241.3 32.387465023314505 5.331653547427418
    endloop
  endfacet
  facet normal -1 0 0
    outer loop
      vertex 241.3 32.387465023314505 5.331653547427418
      vertex 241.3 28.9424 5
      vertex 241.3 28.908325826289065 5.258819045102521
    endloop
  endfacet
  facet normal -1 0 0
    outer loop
      vertex 241.3 32.387465023314505 5.331653547427418
      vertex 241.3 28.908325826289065 5.258819045102521
      vertex 241.3 32.48420479473081 5.650561835020652
    endloop
  endfacet
  facet normal -1 0 0
    outer loop
      vertex 241.3 28.908325826289065 5.258819045102521
      vertex 241.3 28.80842540378444 5.5
      vertex 241.3 32.48420479473081 5.650561835020652
    endloop
  endfacet
  facet normal 1 0 0
    outer loop
      vertex 247.3 28.908325826289065 5.258819045102521
      vertex 247.3 28.9424 5
      vertex 247.3 30.76390346561913 5
    endloop
  endfacet
  facet normal -1 0 0
    outer loop
      vertex 241.3 28.80842540378444 5.5
      vertex 241.3 32.64130165908567 5.944469396133323
      vertex 241.3 32.48420479473081 5.650561835020652
    endloop
  endfacet
  facet normal -1 0 0
    outer loop
      vertex 241.3 28.80842540378444 5.5
      vertex 241.3 28.649506781186545 5.707106781186548
      vertex 241.3 32.64130165908567 5.944469396133323
    endloop
  endfacet
  facet normal -1 0 0
    outer loop
      vertex 241.3 32.64130165908567 5.944469396133323
      vertex 241.3 28.649506781186545 5.707106781186548
      vertex 241.3 32.85271847198287 6.202081528017131
    endloop
  endfacet
  facet normal -1 0 0
    outer loop
      vertex 241.3 32.85271847198287 6.202081528017131
      vertex 241.3 28.4424 5.866025403784438
      vertex 241.3 33.11033060386667 6.413498340914327
    endloop
  endfacet
  facet normal 1 0 0
    outer loop
      vertex 247.3 28.908325826289065 5.258819045102521
      vertex 247.3 30.76390346561913 5
      vertex 247.3 32.40935173280956 7.85
    endloop
  endfacet
  facet normal 1 0 0
    outer loop
      vertex 247.3 28.908325826289065 5.258819045102521
      vertex 247.3 32.40935173280956 7.85
      vertex 247.3 28.80842540378444 5.5
    endloop
  endfacet
  facet normal -1 0 0
    outer loop
      vertex 241.3 32.85271847198287 6.202081528017131
      vertex 241.3 28.649506781186545 5.707106781186548
      vertex 241.3 28.4424 5.866025403784438
    endloop
  endfacet
  facet normal -1 0 0
    outer loop
      vertex 241.3 33.11033060386667 6.413498340914327
      vertex 241.3 28.4424 5.866025403784438
      vertex 241.3 28.20121904510252 5.965925826289069
    endloop
  endfacet
  facet normal -1 0 0
    outer loop
      vertex 241.3 33.40423816497935 6.570595205269187
      vertex 241.3 28.20121904510252 5.965925826289069
      vertex 241.3 27.9424 6
    endloop
  endfacet
  facet normal 1 0 0
    outer loop
      vertex 247.3 25.120896534380865 5
      vertex 247.3 26.9424 5
      vertex 247.3 26.97647417371093 5.258819045102521
    endloop
  endfacet
  facet normal 1 0 0
    outer loop
      vertex 247.3 25.120896534380865 5
      vertex 247.3 26.97647417371093 5.258819045102521
      vertex 247.3 27.07637459621556 5.5
    endloop
  endfacet
  facet normal -1 0 0
    outer loop
      vertex 241.3 26.9424 5
      vertex 241.3 23.529999999999998 5
      vertex 241.3 23.49733497668549 5.331653547427418
    endloop
  endfacet
  facet normal -1 0 0
    outer loop
      vertex 241.3 26.9424 5
      vertex 241.3 23.49733497668549 5.331653547427418
      vertex 241.3 26.97647417371093 5.258819045102521
    endloop
  endfacet
  facet normal 1 0 0
    outer loop
      vertex 247.3 25.120896534380865 5
      vertex 247.3 27.07637459621556 5.5
      vertex 247.3 27.235293218813453 5.707106781186548
    endloop
  endfacet
  facet normal 1 0 0
    outer loop
      vertex 247.3 27.4424 5.866025403784438
      vertex 247.3 27.68358095489748 5.965925826289069
      vertex 247.3 25.120896534380865 5
    endloop
  endfacet
  facet normal 1 0 0
    outer loop
      vertex 247.3 27.4424 5.866025403784438
      vertex 247.3 25.120896534380865 5
      vertex 247.3 27.235293218813453 5.707106781186548
    endloop
  endfacet
  facet normal -1 0 0
    outer loop
      vertex 241.3 26.97647417371093 5.258819045102521
      vertex 241.3 23.49733497668549 5.331653547427418
      vertex 241.3 23.400595205269184 5.650561835020652
    endloop
  endfacet
  facet normal -1 0 0
    outer loop
      vertex 241.3 26.97647417371093 5.258819045102521
      vertex 241.3 23.400595205269184 5.650561835020652
      vertex 241.3 27.07637459621556 5.5
    endloop
  endfacet
  facet normal -1 0 0
    outer loop
      vertex 241.3 27.07637459621556 5.5
      vertex 241.3 23.243498340914325 5.944469396133323
      vertex 241.3 27.235293218813453 5.707106781186548
    endloop
  endfacet
  facet normal -1 0 0
    outer loop
      vertex 241.3 27.07637459621556 5.5
      vertex 241.3 23.400595205269184 5.650561835020652
      vertex 241.3 23.243498340914325 5.944469396133323
    endloop
  endfacet
  facet normal -1 0 0
    outer loop
      vertex 241.3 27.235293218813453 5.707106781186548
      vertex 241.3 23.03208152801713 6.202081528017131
      vertex 241.3 27.4424 5.866025403784438
    endloop
  endfacet
  facet normal -1 0 0
    outer loop
      vertex 241.3 27.4424 5.866025403784438
      vertex 241.3 23.03208152801713 6.202081528017131
      vertex 241.3 27.68358095489748 5.965925826289069
    endloop
  endfacet
  facet normal -1 0 0
    outer loop
      vertex 241.3 27.9424 6
      vertex 241.3 27.68358095489748 5.965925826289069
      vertex 241.3 23.03208152801713 6.202081528017131
    endloop
  endfacet
  facet normal -1 0 0
    outer loop
      vertex 241.3 27.235293218813453 5.707106781186548
      vertex 241.3 23.243498340914325 5.944469396133323
      vertex 241.3 23.03208152801713 6.202081528017131
    endloop
  endfacet
  facet normal -1 0 0
    outer loop
      vertex 241.3 33.11033060386667 6.413498340914327
      vertex 241.3 28.20121904510252 5.965925826289069
      vertex 241.3 33.40423816497935 6.570595205269187
    endloop
  endfacet
  facet normal -1 0 0
    outer loop
      vertex 241.3 33.40423816497935 6.570595205269187
      vertex 241.3 27.9424 6
      vertex 241.3 33.72314645257258 6.667334976685492
    endloop
  endfacet
  facet normal 1 0 0
    outer loop
      vertex 247.3 28.80842540378444 5.5
      vertex 247.3 32.40935173280956 7.85
      vertex 247.3 28.649506781186545 5.707106781186548
    endloop
  endfacet
  facet normal 1 0 0
    outer loop
      vertex 247.3 32.40935173280956 7.85
      vertex 247.3 28.4424 5.866025403784438
      vertex 247.3 28.649506781186545 5.707106781186548
    endloop
  endfacet
  facet normal 1 0 0
    outer loop
      vertex 247.3 32.40935173280956 7.85
      vertex 247.3 28.20121904510252 5.965925826289069
      vertex 247.3 28.4424 5.866025403784438
    endloop
  endfacet
  facet normal 1 0 0
    outer loop
      vertex 247.3 32.40935173280956 7.85
      vertex 247.3 27.9424 6
      vertex 247.3 28.20121904510252 5.965925826289069
    endloop
  endfacet
  facet normal -1 0 0
    outer loop
      vertex 241.3 43.66 10
      vertex 241.3 27.9424 6
      vertex 241.3 23.03208152801713 6.202081528017131
    endloop
  endfacet
  facet normal 1 0 0
    outer loop
      vertex 247.3 32.40935173280956 7.85
      vertex 247.3 23.475448267190433 7.85
      vertex 247.3 27.9424 6
    endloop
  endfacet
  facet normal 1 0 0
    outer loop
      vertex 247.3 27.68358095489748 5.965925826289069
      vertex 247.3 23.475448267190433 7.85
      vertex 247.3 25.120896534380865 5
    endloop
  endfacet
  facet normal 1 0 0
    outer loop
      vertex 247.3 27.9424 6
      vertex 247.3 23.475448267190433 7.85
      vertex 247.3 27.68358095489748 5.965925826289069
    endloop
  endfacet
  facet normal -1 0 0
    outer loop
      vertex 241.3 43.66 10
      vertex 241.3 15.976419045102517 5.965925826289069
      vertex 241.3 15.717599999999997 6
    endloop
  endfacet
  facet normal -1 0 0
    outer loop
      vertex 241.3 43.66 10
      vertex 241.3 15.717599999999997 6
      vertex 241.3 15.458780954897477 5.965925826289069
    endloop
  endfacet
  facet normal 0 1 0
    outer loop
      vertex 241.3 43.66 2.5
      vertex 241.3 43.66 10
      vertex 247.3 43.66 10
    endloop
  endfacet
  facet normal 1 0 0
    outer loop
      vertex 247.3 43.66 10
      vertex 247.3 35.70024826719043 7.85
      vertex 247.3 37.34569653438086 5
    endloop
  endfacet
  facet normal -1 0 0
    outer loop
      vertex 241.3 43.66 10
      vertex 241.3 35.256881528017125 6.202081528017131
      vertex 241.3 34.99926939613332 6.413498340914327
    endloop
  endfacet
  facet normal -1 0 0
    outer loop
      vertex 241.3 43.66 10
      vertex 241.3 34.99926939613332 6.413498340914327
      vertex 241.3 34.70536183502065 6.570595205269187
    endloop
  endfacet
  facet normal -1 0 0
    outer loop
      vertex 241.3 43.66 10
      vertex 241.3 34.70536183502065 6.570595205269187
      vertex 241.3 34.386453547427415 6.667334976685492
    endloop
  endfacet
  facet normal -1 0 0
    outer loop
      vertex 241.3 43.66 10
      vertex 241.3 34.386453547427415 6.667334976685492
      vertex 241.3 34.0548 6.7
    endloop
  endfacet
  facet normal -1 0 0
    outer loop
      vertex 241.3 43.66 10
      vertex 241.3 34.0548 6.7
      vertex 241.3 33.72314645257258 6.667334976685492
    endloop
  endfacet
  facet normal -1 0 0
    outer loop
      vertex 241.3 43.66 10
      vertex 241.3 33.72314645257258 6.667334976685492
      vertex 241.3 27.9424 6
    endloop
  endfacet
  facet normal 1 0 0
    outer loop
      vertex 247.3 43.66 10
      vertex 247.3 32.40935173280956 7.85
      vertex 247.3 35.70024826719043 7.85
    endloop
  endfacet
  facet normal -1 0 0
    outer loop
      vertex 241.3 43.66 10
      vertex 241.3 23.03208152801713 6.202081528017131
      vertex 241.3 22.774469396133323 6.413498340914327
    endloop
  endfacet
  facet normal -1 0 0
    outer loop
      vertex 241.3 43.66 10
      vertex 241.3 22.774469396133323 6.413498340914327
      vertex 241.3 22.48056183502065 6.570595205269187
    endloop
  endfacet
  facet normal -1 0 0
    outer loop
      vertex 241.3 43.66 10
      vertex 241.3 22.48056183502065 6.570595205269187
      vertex 241.3 22.161653547427417 6.667334976685492
    endloop
  endfacet
  facet normal -1 0 0
    outer loop
      vertex 241.3 43.66 10
      vertex 241.3 22.161653547427417 6.667334976685492
      vertex 241.3 21.83 6.7
    endloop
  endfacet
  facet normal -1 0 0
    outer loop
      vertex 241.3 43.66 10
      vertex 241.3 21.83 6.7
      vertex 241.3 21.49834645257258 6.667334976685492
    endloop
  endfacet
  facet normal -1 0 0
    outer loop
      vertex 241.3 43.66 10
      vertex 241.3 21.49834645257258 6.667334976685492
      vertex 241.3 15.976419045102517 5.965925826289069
    endloop
  endfacet
  facet normal -1 0 0
    outer loop
      vertex 241.3 43.66 10
      vertex 241.3 15.458780954897477 5.965925826289069
      vertex 241.3 10.25576183502065 6.570595205269187
    endloop
  endfacet
  facet normal 0 0 1
    outer loop
      vertex 241.3 43.66 10
      vertex 241.3 0 10
      vertex 247.3 43.66 10
    endloop
  endfacet
  facet normal 1 0 0
    outer loop
      vertex 247.3 43.66 10
      vertex 247.3 0 10
      vertex 247.3 32.40935173280956 7.85
    endloop
  endfacet
  facet normal -1 0 0
    outer loop
      vertex 241.3 20.13 5
      vertex 241.3 16.717599999999997 5
      vertex 241.3 16.683525826289067 5.258819045102521
    endloop
  endfacet
  facet normal -1 0 0
    outer loop
      vertex 241.3 20.13 5
      vertex 241.3 16.683525826289067 5.258819045102521
      vertex 241.3 20.162665023314506 5.331653547427418
    endloop
  endfacet
  facet normal 1 0 0
    outer loop
      vertex 247.3 16.683525826289067 5.258819045102521
      vertex 247.3 16.717599999999997 5
      vertex 247.3 18.53910346561913 5
    endloop
  endfacet
  facet normal -1 0 0
    outer loop
      vertex 241.3 20.162665023314506 5.331653547427418
      vertex 241.3 16.683525826289067 5.258819045102521
      vertex 241.3 16.583625403784435 5.5
    endloop
  endfacet
  facet normal -1 0 0
    outer loop
      vertex 241.3 16.583625403784435 5.5
      vertex 241.3 20.259404794730813 5.650561835020652
      vertex 241.3 20.162665023314506 5.331653547427418
    endloop
  endfacet
  facet normal -1 0 0
    outer loop
      vertex 241.3 20.627918471982866 6.202081528017131
      vertex 241.3 16.217599999999997 5.866025403784438
      vertex 241.3 20.885530603866673 6.413498340914327
    endloop
  endfacet
  facet normal -1 0 0
    outer loop
      vertex 241.3 16.583625403784435 5.5
      vertex 241.3 20.41650165908567 5.944469396133323
      vertex 241.3 20.259404794730813 5.650561835020652
    endloop
  endfacet
  facet normal -1 0 0
    outer loop
      vertex 241.3 20.41650165908567 5.944469396133323
      vertex 241.3 16.583625403784435 5.5
      vertex 241.3 16.424706781186543 5.707106781186548
    endloop
  endfacet
  facet normal -1 0 0
    outer loop
      vertex 241.3 20.41650165908567 5.944469396133323
      vertex 241.3 16.424706781186543 5.707106781186548
      vertex 241.3 16.217599999999997 5.866025403784438
    endloop
  endfacet
  facet normal -1 0 0
    outer loop
      vertex 241.3 20.41650165908567 5.944469396133323
      vertex 241.3 16.217599999999997 5.866025403784438
      vertex 241.3 20.627918471982866 6.202081528017131
    endloop
  endfacet
  facet normal 1 0 0
    outer loop
      vertex 247.3 16.683525826289067 5.258819045102521
      vertex 247.3 18.53910346561913 5
      vertex 247.3 20.184551732809563 7.85
    endloop
  endfacet
  facet normal 1 0 0
    outer loop
      vertex 247.3 16.683525826289067 5.258819045102521
      vertex 247.3 20.184551732809563 7.85
      vertex 247.3 16.583625403784435 5.5
    endloop
  endfacet
  facet normal -1 0 0
    outer loop
      vertex 241.3 20.885530603866673 6.413498340914327
      vertex 241.3 16.217599999999997 5.866025403784438
      vertex 241.3 15.976419045102517 5.965925826289069
    endloop
  endfacet
  facet normal 1 0 0
    outer loop
      vertex 247.3 12.896096534380863 5
      vertex 247.3 14.717599999999997 5
      vertex 247.3 14.751674173710928 5.258819045102521
    endloop
  endfacet
  facet normal 1 0 0
    outer loop
      vertex 247.3 14.751674173710928 5.258819045102521
      vertex 247.3 14.85157459621556 5.5
      vertex 247.3 12.896096534380863 5
    endloop
  endfacet
  facet normal 1 0 0
    outer loop
      vertex 247.3 14.85157459621556 5.5
      vertex 247.3 15.010493218813451 5.707106781186548
      vertex 247.3 12.896096534380863 5
    endloop
  endfacet
  facet normal 1 0 0
    outer loop
      vertex 247.3 15.217599999999997 5.866025403784438
      vertex 247.3 12.896096534380863 5
      vertex 247.3 15.010493218813451 5.707106781186548
    endloop
  endfacet
  facet normal 1 0 0
    outer loop
      vertex 247.3 15.217599999999997 5.866025403784438
      vertex 247.3 15.458780954897477 5.965925826289069
      vertex 247.3 12.896096534380863 5
    endloop
  endfacet
  facet normal -1 0 0
    outer loop
      vertex 241.3 14.717599999999997 5
      vertex 241.3 11.3052 5
      vertex 241.3 11.272534976685485 5.331653547427418
    endloop
  endfacet
  facet normal -1 0 0
    outer loop
      vertex 241.3 14.717599999999997 5
      vertex 241.3 11.272534976685485 5.331653547427418
      vertex 241.3 14.751674173710928 5.258819045102521
    endloop
  endfacet
  facet normal -1 0 0
    outer loop
      vertex 241.3 14.751674173710928 5.258819045102521
      vertex 241.3 11.272534976685485 5.331653547427418
      vertex 241.3 11.175795205269182 5.650561835020652
    endloop
  endfacet
  facet normal -1 0 0
    outer loop
      vertex 241.3 14.751674173710928 5.258819045102521
      vertex 241.3 11.175795205269182 5.650561835020652
      vertex 241.3 14.85157459621556 5.5
    endloop
  endfacet
  facet normal -1 0 0
    outer loop
      vertex 241.3 15.010493218813451 5.707106781186548
      vertex 241.3 10.807281528017128 6.202081528017131
      vertex 241.3 15.217599999999997 5.866025403784438
    endloop
  endfacet
  facet normal -1 0 0
    outer loop
      vertex 241.3 15.217599999999997 5.866025403784438
      vertex 241.3 10.549669396133318 6.413498340914327
      vertex 241.3 15.458780954897477 5.965925826289069
    endloop
  endfacet
  facet normal -1 0 0
    outer loop
      vertex 241.3 14.85157459621556 5.5
      vertex 241.3 11.018698340914327 5.944469396133323
      vertex 241.3 15.010493218813451 5.707106781186548
    endloop
  endfacet
  facet normal -1 0 0
    outer loop
      vertex 241.3 14.85157459621556 5.5
      vertex 241.3 11.175795205269182 5.650561835020652
      vertex 241.3 11.018698340914327 5.944469396133323
    endloop
  endfacet
  facet normal -1 0 0
    outer loop
      vertex 241.3 15.010493218813451 5.707106781186548
      vertex 241.3 11.018698340914327 5.944469396133323
      vertex 241.3 10.807281528017128 6.202081528017131
    endloop
  endfacet
  facet normal -1 0 0
    outer loop
      vertex 241.3 15.217599999999997 5.866025403784438
      vertex 241.3 10.807281528017128 6.202081528017131
      vertex 241.3 10.549669396133318 6.413498340914327
    endloop
  endfacet
  facet normal -1 0 0
    outer loop
      vertex 241.3 20.885530603866673 6.413498340914327
      vertex 241.3 15.976419045102517 5.965925826289069
      vertex 241.3 21.179438164979345 6.570595205269187
    endloop
  endfacet
  facet normal -1 0 0
    outer loop
      vertex 241.3 21.179438164979345 6.570595205269187
      vertex 241.3 15.976419045102517 5.965925826289069
      vertex 241.3 21.49834645257258 6.667334976685492
    endloop
  endfacet
  facet normal 1 0 0
    outer loop
      vertex 247.3 20.184551732809563 7.85
      vertex 247.3 16.424706781186543 5.707106781186548
      vertex 247.3 16.583625403784435 5.5
    endloop
  endfacet
  facet normal 1 0 0
    outer loop
      vertex 247.3 20.184551732809563 7.85
      vertex 247.3 16.217599999999997 5.866025403784438
      vertex 247.3 16.424706781186543 5.707106781186548
    endloop
  endfacet
  facet normal 1 0 0
    outer loop
      vertex 247.3 20.184551732809563 7.85
      vertex 247.3 15.976419045102517 5.965925826289069
      vertex 247.3 16.217599999999997 5.866025403784438
    endloop
  endfacet
  facet normal 1 0 0
    outer loop
      vertex 247.3 20.184551732809563 7.85
      vertex 247.3 15.717599999999997 6
      vertex 247.3 15.976419045102517 5.965925826289069
    endloop
  endfacet
  facet normal 1 0 0
    outer loop
      vertex 247.3 15.717599999999997 6
      vertex 247.3 11.250648267190428 7.85
      vertex 247.3 15.458780954897477 5.965925826289069
    endloop
  endfacet
  facet normal 1 0 0
    outer loop
      vertex 247.3 15.458780954897477 5.965925826289069
      vertex 247.3 11.250648267190428 7.85
      vertex 247.3 12.896096534380863 5
    endloop
  endfacet
  facet normal -1 0 0
    outer loop
      vertex 241.3 15.458780954897477 5.965925826289069
      vertex 241.3 10.549669396133318 6.413498340914327
      vertex 241.3 10.25576183502065 6.570595205269187
    endloop
  endfacet
  facet normal 1 0 0
    outer loop
      vertex 247.3 20.184551732809563 7.85
      vertex 247.3 11.250648267190428 7.85
      vertex 247.3 15.717599999999997 6
    endloop
  endfacet
  facet normal -1 0 0
    outer loop
      vertex 241.3 0 2.5
      vertex 241.3 0 10
      vertex 241.3 7.937865023314508 4.668346452572582
    endloop
  endfacet
  facet normal 1 0 0
    outer loop
      vertex 247.3 0 2.5
      vertex 247.3 6.314303465619126 5
      vertex 247.3 0 10
    endloop
  endfacet
  facet normal -1 0 0
    outer loop
      vertex 241.3 0 10
      vertex 241.3 8.403118471982864 6.202081528017131
      vertex 241.3 8.191701659085666 5.944469396133323
    endloop
  endfacet
  facet normal -1 0 0
    outer loop
      vertex 241.3 0 10
      vertex 241.3 7.905199999999994 5
      vertex 241.3 7.937865023314508 4.668346452572582
    endloop
  endfacet
  facet normal -1 0 0
    outer loop
      vertex 241.3 0 10
      vertex 241.3 7.937865023314508 5.331653547427418
      vertex 241.3 7.905199999999994 5
    endloop
  endfacet
  facet normal -1 0 0
    outer loop
      vertex 241.3 0 10
      vertex 241.3 8.03460479473081 5.650561835020652
      vertex 241.3 7.937865023314508 5.331653547427418
    endloop
  endfacet
  facet normal -1 0 0
    outer loop
      vertex 241.3 0 10
      vertex 241.3 8.191701659085666 5.944469396133323
      vertex 241.3 8.03460479473081 5.650561835020652
    endloop
  endfacet
  facet normal -1 0 0
    outer loop
      vertex 241.3 43.66 10
      vertex 241.3 10.25576183502065 6.570595205269187
      vertex 241.3 9.936853547427411 6.667334976685492
    endloop
  endfacet
  facet normal -1 0 0
    outer loop
      vertex 241.3 43.66 10
      vertex 241.3 9.936853547427411 6.667334976685492
      vertex 241.3 9.605199999999996 6.7
    endloop
  endfacet
  facet normal 1 0 0
    outer loop
      vertex 247.3 0 10
      vertex 247.3 23.475448267190433 7.85
      vertex 247.3 32.40935173280956 7.85
    endloop
  endfacet
  facet normal 1 0 0
    outer loop
      vertex 247.3 0 10
      vertex 247.3 20.184551732809563 7.85
      vertex 247.3 23.475448267190433 7.85
    endloop
  endfacet
  facet normal -1 0 0
    outer loop
      vertex 241.3 43.66 10
      vertex 241.3 9.605199999999996 6.7
      vertex 241.3 0 10
    endloop
  endfacet
  facet normal 0 0 1
    outer loop
      vertex 247.3 43.66 10
      vertex 241.3 0 10
      vertex 247.3 0 10
    endloop
  endfacet
  facet normal -1 0 0
    outer loop
      vertex 241.3 0 10
      vertex 241.3 8.660730603866675 6.413498340914327
      vertex 241.3 8.403118471982864 6.202081528017131
    endloop
  endfacet
  facet normal -1 0 0
    outer loop
      vertex 241.3 0 10
      vertex 241.3 9.605199999999996 6.7
      vertex 241.3 9.273546452572582 6.667334976685492
    endloop
  endfacet
  facet normal -1 0 0
    outer loop
      vertex 241.3 0 10
      vertex 241.3 8.954638164979343 6.570595205269187
      vertex 241.3 8.660730603866675 6.413498340914327
    endloop
  endfacet
  facet normal -1 0 0
    outer loop
      vertex 241.3 0 10
      vertex 241.3 9.273546452572582 6.667334976685492
      vertex 241.3 8.954638164979343 6.570595205269187
    endloop
  endfacet
  facet normal 1 0 0
    outer loop
      vertex 247.3 0 10
      vertex 247.3 11.250648267190428 7.85
      vertex 247.3 20.184551732809563 7.85
    endloop
  endfacet
  facet normal 1 0 0
    outer loop
      vertex 247.3 0 10
      vertex 247.3 7.959751732809565 7.85
      vertex 247.3 11.250648267190428 7.85
    endloop
  endfacet
  facet normal 1 0 0
    outer loop
      vertex 247.3 0 10
      vertex 247.3 6.314303465619126 5
      vertex 247.3 7.959751732809565 7.85
    endloop
  endfacet
  facet normal 0 -1 0
    outer loop
      vertex 247.3 0 2.5
      vertex 247.3 0 10
      vertex 241.3 0 10
    endloop
  endfacet
  facet normal 0 1 0
    outer loop
      vertex 464.85 43.66 2.5
      vertex 482.6 43.66 5
      vertex 482.6 43.66 2.5
    endloop
  endfacet
  facet normal 0 1 0
    outer loop
      vertex 464.85 43.66 2.5
      vertex 464.85 43.66 5
      vertex 482.6 43.66 5
    endloop
  endfacet
  facet normal -1 0 0
    outer loop
      vertex 464.85 43.66 2.5
      vertex 464.85 0 2.5
      vertex 464.85 43.66 5
    endloop
  endfacet
  facet normal 1 0 0
    outer loop
      vertex 482.6 43.66 2.5
      vertex 482.6 43.66 5
      vertex 482.6 10.915 2.5
    endloop
  endfacet
  facet normal 1 0 0
    outer loop
      vertex 482.6 10.915 2.5
      vertex 482.6 43.66 5
      vertex 482.6 0 5
    endloop
  endfacet
  facet normal -1 0 0
    outer loop
      vertex 464.85 0 2.5
      vertex 464.85 0 5
      vertex 464.85 43.66 5
    endloop
  endfacet
  facet normal 1 0 0
    outer loop
      vertex 482.6 0 1.6666666666666667
      vertex 482.6 10.915 2.5
      vertex 482.6 0 5
    endloop
  endfacet
  facet normal 0 -1 0
    outer loop
      vertex 482.6 0 1.6666666666666667
      vertex 482.6 0 5
      vertex 473.725 0 2.5
    endloop
  endfacet
  facet normal 0 -1 0
    outer loop
      vertex 464.85 0 2.5
      vertex 473.725 0 2.5
      vertex 464.85 0 5
    endloop
  endfacet
  facet normal 0 -1 0
    outer loop
      vertex 473.725 0 2.5
      vertex 482.6 0 5
      vertex 464.85 0 5
    endloop
  endfacet
  facet normal 0 0 1
    outer loop
      vertex 464.85 43.66 5
      vertex 472.7993422191252 40.93859215540352 5
      vertex 482.6 43.66 5
    endloop
  endfacet
  facet normal 0 0 1
    outer loop
      vertex 464.85 43.66 5
      vertex 471.8515301422056 40.455657780874816 5
      vertex 472.3064323008856 40.73442218224045 5
    endloop
  endfacet
  facet normal 0 0 1
    outer loop
      vertex 464.85 43.66 5
      vertex 472.3064323008856 40.73442218224045 5
      vertex 472.7993422191252 40.93859215540352 5
    endloop
  endfacet
  facet normal 0 0 1
    outer loop
      vertex 464.85 43.66 5
      vertex 471.4458369439658 40.10916305603426 5
      vertex 471.8515301422056 40.455657780874816 5
    endloop
  endfacet
  facet normal 0 0 1
    outer loop
      vertex 464.85 43.66 5
      vertex 471.0993422191252 39.70346985779441 5
      vertex 471.4458369439658 40.10916305603426 5
    endloop
  endfacet
  facet normal 0 0 1
    outer loop
      vertex 482.6 43.66 5
      vertex 472.7993422191252 40.93859215540352 5
      vertex 473.31812281886323 41.06314035802347 5
    endloop
  endfacet
  facet normal 0 0 1
    outer loop
      vertex 482.6 43.66 5
      vertex 473.31812281886323 41.06314035802347 5
      vertex 473.85 41.105 5
    endloop
  endfacet
  facet normal 0 0 1
    outer loop
      vertex 482.6 43.66 5
      vertex 473.85 41.105 5
      vertex 474.3818771811368 41.06314035802347 5
    endloop
  endfacet
  facet normal 0 0 1
    outer loop
      vertex 482.6 43.66 5
      vertex 474.3818771811368 41.06314035802347 5
      vertex 474.90065778087484 40.93859215540352 5
    endloop
  endfacet
  facet normal 0 0 1
    outer loop
      vertex 482.6 43.66 5
      vertex 474.90065778087484 40.93859215540352 5
      vertex 475.39356769911444 40.73442218224045 5
    endloop
  endfacet
  facet normal 0 0 1
    outer loop
      vertex 482.6 43.66 5
      vertex 475.39356769911444 40.73442218224045 5
      vertex 475.84846985779444 40.455657780874816 5
    endloop
  endfacet
  facet normal 0 0 1
    outer loop
      vertex 482.6 43.66 5
      vertex 475.84846985779444 40.455657780874816 5
      vertex 476.25416305603426 40.10916305603426 5
    endloop
  endfacet
  facet normal 0 0 1
    outer loop
      vertex 482.6 43.66 5
      vertex 476.25416305603426 40.10916305603426 5
      vertex 476.6006577808748 39.70346985779441 5
    endloop
  endfacet
  facet normal 0 0 1
    outer loop
      vertex 464.85 43.66 5
      vertex 470.8205778177596 39.24856769911446 5
      vertex 471.0993422191252 39.70346985779441 5
    endloop
  endfacet
  facet normal 0 0 1
    outer loop
      vertex 464.85 43.66 5
      vertex 470.6164078445965 38.75565778087482 5
      vertex 470.8205778177596 39.24856769911446 5
    endloop
  endfacet
  facet normal 0 0 1
    outer loop
      vertex 464.85 43.66 5
      vertex 470.4918596419766 38.236877181136784 5
      vertex 470.6164078445965 38.75565778087482 5
    endloop
  endfacet
  facet normal 0 0 1
    outer loop
      vertex 464.85 43.66 5
      vertex 470.45000000000005 37.705 5
      vertex 470.4918596419766 38.236877181136784 5
    endloop
  endfacet
  facet normal 0 0 1
    outer loop
      vertex 464.85 43.66 5
      vertex 470.4918596419766 37.17312281886321 5
      vertex 470.45000000000005 37.705 5
    endloop
  endfacet
  facet normal 0 0 1
    outer loop
      vertex 464.85 43.66 5
      vertex 470.6164078445965 36.654342219125176 5
      vertex 470.4918596419766 37.17312281886321 5
    endloop
  endfacet
  facet normal 0 0 1
    outer loop
      vertex 464.85 43.66 5
      vertex 470.8205778177596 36.16143230088554 5
      vertex 470.6164078445965 36.654342219125176 5
    endloop
  endfacet
  facet normal 0 0 1
    outer loop
      vertex 464.85 43.66 5
      vertex 471.0993422191252 35.70653014220559 5
      vertex 470.8205778177596 36.16143230088554 5
    endloop
  endfacet
  facet normal 0 0 1
    outer loop
      vertex 482.6 43.66 5
      vertex 476.6006577808748 39.70346985779441 5
      vertex 476.87942218224043 39.24856769911446 5
    endloop
  endfacet
  facet normal 0 0 1
    outer loop
      vertex 482.6 43.66 5
      vertex 476.87942218224043 39.24856769911446 5
      vertex 477.08359215540355 38.75565778087482 5
    endloop
  endfacet
  facet normal 0 0 1
    outer loop
      vertex 482.6 43.66 5
      vertex 477.08359215540355 38.75565778087482 5
      vertex 477.20814035802346 38.236877181136784 5
    endloop
  endfacet
  facet normal 0 0 1
    outer loop
      vertex 482.6 43.66 5
      vertex 477.20814035802346 38.236877181136784 5
      vertex 477.25 37.705 5
    endloop
  endfacet
  facet normal 0 0 1
    outer loop
      vertex 482.6 43.66 5
      vertex 477.25 37.705 5
      vertex 477.20814035802346 37.17312281886321 5
    endloop
  endfacet
  facet normal 0 0 1
    outer loop
      vertex 482.6 43.66 5
      vertex 477.20814035802346 37.17312281886321 5
      vertex 477.08359215540355 36.654342219125176 5
    endloop
  endfacet
  facet normal 0 0 1
    outer loop
      vertex 464.85 43.66 5
      vertex 464.85 0 5
      vertex 471.0993422191252 35.70653014220559 5
    endloop
  endfacet
  facet normal 0 0 1
    outer loop
      vertex 482.6 43.66 5
      vertex 477.08359215540355 36.654342219125176 5
      vertex 464.85 0 5
    endloop
  endfacet
  facet normal 0 0 1
    outer loop
      vertex 464.85 0 5
      vertex 471.4458369439658 35.300836943965734 5
      vertex 471.0993422191252 35.70653014220559 5
    endloop
  endfacet
  facet normal 0 0 1
    outer loop
      vertex 464.85 0 5
      vertex 471.8515301422056 34.95434221912518 5
      vertex 471.4458369439658 35.300836943965734 5
    endloop
  endfacet
  facet normal 0 0 1
    outer loop
      vertex 464.85 0 5
      vertex 472.3064323008856 34.675577817759546 5
      vertex 471.8515301422056 34.95434221912518 5
    endloop
  endfacet
  facet normal 0 0 1
    outer loop
      vertex 464.85 0 5
      vertex 477.08359215540355 36.654342219125176 5
      vertex 476.87942218224043 36.16143230088554 5
    endloop
  endfacet
  facet normal 0 0 1
    outer loop
      vertex 464.85 0 5
      vertex 476.87942218224043 36.16143230088554 5
      vertex 476.6006577808748 35.70653014220559 5
    endloop
  endfacet
  facet normal 0 0 1
    outer loop
      vertex 464.85 0 5
      vertex 476.6006577808748 35.70653014220559 5
      vertex 476.25416305603426 35.300836943965734 5
    endloop
  endfacet
  facet normal 0 0 1
    outer loop
      vertex 464.85 0 5
      vertex 475.84846985779444 34.95434221912518 5
      vertex 475.39356769911444 34.675577817759546 5
    endloop
  endfacet
  facet normal 0 0 1
    outer loop
      vertex 464.85 0 5
      vertex 476.25416305603426 35.300836943965734 5
      vertex 475.84846985779444 34.95434221912518 5
    endloop
  endfacet
  facet normal 0 0 1
    outer loop
      vertex 464.85 0 5
      vertex 472.7993422191252 34.47140784459648 5
      vertex 472.3064323008856 34.675577817759546 5
    endloop
  endfacet
  facet normal 0 0 1
    outer loop
      vertex 464.85 0 5
      vertex 473.31812281886323 34.34685964197653 5
      vertex 472.7993422191252 34.47140784459648 5
    endloop
  endfacet
  facet normal 0 0 1
    outer loop
      vertex 464.85 0 5
      vertex 473.85 34.305 5
      vertex 473.31812281886323 34.34685964197653 5
    endloop
  endfacet
  facet normal 0 0 1
    outer loop
      vertex 464.85 0 5
      vertex 474.3818771811368 34.34685964197653 5
      vertex 473.85 34.305 5
    endloop
  endfacet
  facet normal 0 0 1
    outer loop
      vertex 464.85 0 5
      vertex 475.39356769911444 34.675577817759546 5
      vertex 474.90065778087484 34.47140784459648 5
    endloop
  endfacet
  facet normal 0 0 1
    outer loop
      vertex 464.85 0 5
      vertex 474.90065778087484 34.47140784459648 5
      vertex 474.3818771811368 34.34685964197653 5
    endloop
  endfacet
  facet normal 0 0 1
    outer loop
      vertex 482.6 43.66 5
      vertex 471.0993422191252 7.95346985779441 5
      vertex 471.4458369439658 8.359163056034262 5
    endloop
  endfacet
  facet normal 0 0 1
    outer loop
      vertex 482.6 43.66 5
      vertex 470.8205778177596 7.49856769911446 5
      vertex 471.0993422191252 7.95346985779441 5
    endloop
  endfacet
  facet normal 0 0 1
    outer loop
      vertex 482.6 43.66 5
      vertex 470.6164078445965 7.00565778087482 5
      vertex 470.8205778177596 7.49856769911446 5
    endloop
  endfacet
  facet normal 0 0 1
    outer loop
      vertex 482.6 43.66 5
      vertex 472.3064323008856 8.98442218224045 5
      vertex 472.7993422191252 9.18859215540352 5
    endloop
  endfacet
  facet normal 0 0 1
    outer loop
      vertex 482.6 43.66 5
      vertex 472.7993422191252 9.18859215540352 5
      vertex 473.31812281886323 9.313140358023468 5
    endloop
  endfacet
  facet normal 0 0 1
    outer loop
      vertex 482.6 43.66 5
      vertex 473.31812281886323 9.313140358023468 5
      vertex 473.85 9.354999999999997 5
    endloop
  endfacet
  facet normal 0 0 1
    outer loop
      vertex 482.6 43.66 5
      vertex 473.85 9.354999999999997 5
      vertex 474.3818771811368 9.313140358023468 5
    endloop
  endfacet
  facet normal 0 0 1
    outer loop
      vertex 482.6 43.66 5
      vertex 474.3818771811368 9.313140358023468 5
      vertex 474.90065778087484 9.18859215540352 5
    endloop
  endfacet
  facet normal 0 0 1
    outer loop
      vertex 482.6 43.66 5
      vertex 474.90065778087484 9.18859215540352 5
      vertex 475.39356769911444 8.98442218224045 5
    endloop
  endfacet
  facet normal 0 0 1
    outer loop
      vertex 482.6 43.66 5
      vertex 471.8515301422056 8.705657780874816 5
      vertex 472.3064323008856 8.98442218224045 5
    endloop
  endfacet
  facet normal 0 0 1
    outer loop
      vertex 482.6 43.66 5
      vertex 471.4458369439658 8.359163056034262 5
      vertex 471.8515301422056 8.705657780874816 5
    endloop
  endfacet
  facet normal 0 0 1
    outer loop
      vertex 482.6 43.66 5
      vertex 475.39356769911444 8.98442218224045 5
      vertex 475.84846985779444 8.705657780874816 5
    endloop
  endfacet
  facet normal 0 0 1
    outer loop
      vertex 482.6 43.66 5
      vertex 475.84846985779444 8.705657780874816 5
      vertex 476.25416305603426 8.359163056034262 5
    endloop
  endfacet
  facet normal 0 0 1
    outer loop
      vertex 482.6 43.66 5
      vertex 476.25416305603426 8.359163056034262 5
      vertex 476.6006577808748 7.95346985779441 5
    endloop
  endfacet
  facet normal 0 0 1
    outer loop
      vertex 482.6 43.66 5
      vertex 476.6006577808748 7.95346985779441 5
      vertex 476.87942218224043 7.49856769911446 5
    endloop
  endfacet
  facet normal 0 0 1
    outer loop
      vertex 482.6 43.66 5
      vertex 476.87942218224043 7.49856769911446 5
      vertex 477.08359215540355 7.00565778087482 5
    endloop
  endfacet
  facet normal 0 0 1
    outer loop
      vertex 482.6 43.66 5
      vertex 464.85 0 5
      vertex 470.6164078445965 7.00565778087482 5
    endloop
  endfacet
  facet normal 0 0 1
    outer loop
      vertex 482.6 43.66 5
      vertex 477.08359215540355 7.00565778087482 5
      vertex 477.20814035802346 6.486877181136784 5
    endloop
  endfacet
  facet normal 0 0 1
    outer loop
      vertex 482.6 43.66 5
      vertex 477.20814035802346 6.486877181136784 5
      vertex 477.25 5.954999999999998 5
    endloop
  endfacet
  facet normal 0 0 1
    outer loop
      vertex 482.6 43.66 5
      vertex 477.25 5.954999999999998 5
      vertex 477.20814035802346 5.423122818863213 5
    endloop
  endfacet
  facet normal 0 0 1
    outer loop
      vertex 482.6 43.66 5
      vertex 477.20814035802346 5.423122818863213 5
      vertex 482.6 0 5
    endloop
  endfacet
  facet normal 0 0 1
    outer loop
      vertex 464.85 0 5
      vertex 470.4918596419766 6.486877181136784 5
      vertex 470.6164078445965 7.00565778087482 5
    endloop
  endfacet
  facet normal 0 0 1
    outer loop
      vertex 464.85 0 5
      vertex 470.45000000000005 5.954999999999998 5
      vertex 470.4918596419766 6.486877181136784 5
    endloop
  endfacet
  facet normal 0 0 1
    outer loop
      vertex 464.85 0 5
      vertex 470.4918596419766 5.423122818863213 5
      vertex 470.45000000000005 5.954999999999998 5
    endloop
  endfacet
  facet normal 0 0 1
    outer loop
      vertex 464.85 0 5
      vertex 470.6164078445965 4.904342219125176 5
      vertex 470.4918596419766 5.423122818863213 5
    endloop
  endfacet
  facet normal 0 0 1
    outer loop
      vertex 464.85 0 5
      vertex 470.8205778177596 4.4114323008855365 5
      vertex 470.6164078445965 4.904342219125176 5
    endloop
  endfacet
  facet normal 0 0 1
    outer loop
      vertex 464.85 0 5
      vertex 471.0993422191252 3.9565301422055867 5
      vertex 470.8205778177596 4.4114323008855365 5
    endloop
  endfacet
  facet normal 0 0 1
    outer loop
      vertex 482.6 0 5
      vertex 476.87942218224043 4.4114323008855365 5
      vertex 476.6006577808748 3.9565301422055867 5
    endloop
  endfacet
  facet normal 0 0 1
    outer loop
      vertex 482.6 0 5
      vertex 477.20814035802346 5.423122818863213 5
      vertex 477.08359215540355 4.904342219125176 5
    endloop
  endfacet
  facet normal 0 0 1
    outer loop
      vertex 482.6 0 5
      vertex 477.08359215540355 4.904342219125176 5
      vertex 476.87942218224043 4.4114323008855365 5
    endloop
  endfacet
  facet normal 0 0 1
    outer loop
      vertex 464.85 0 5
      vertex 471.4458369439658 3.5508369439657343 5
      vertex 471.0993422191252 3.9565301422055867 5
    endloop
  endfacet
  facet normal 0 0 1
    outer loop
      vertex 464.85 0 5
      vertex 471.8515301422056 3.2043422191251807 5
      vertex 471.4458369439658 3.5508369439657343 5
    endloop
  endfacet
  facet normal 0 0 1
    outer loop
      vertex 464.85 0 5
      vertex 472.3064323008856 2.925577817759546 5
      vertex 471.8515301422056 3.2043422191251807 5
    endloop
  endfacet
  facet normal 0 0 1
    outer loop
      vertex 464.85 0 5
      vertex 472.7993422191252 2.7214078445964773 5
      vertex 472.3064323008856 2.925577817759546 5
    endloop
  endfacet
  facet normal 0 0 1
    outer loop
      vertex 464.85 0 5
      vertex 473.31812281886323 2.596859641976529 5
      vertex 472.7993422191252 2.7214078445964773 5
    endloop
  endfacet
  facet normal 0 0 1
    outer loop
      vertex 464.85 0 5
      vertex 473.85 2.5549999999999997 5
      vertex 473.31812281886323 2.596859641976529 5
    endloop
  endfacet
  facet normal 0 0 1
    outer loop
      vertex 464.85 0 5
      vertex 482.6 0 5
      vertex 473.85 2.5549999999999997 5
    endloop
  endfacet
  facet normal 0 0 1
    outer loop
      vertex 482.6 0 5
      vertex 476.6006577808748 3.9565301422055867 5
      vertex 476.25416305603426 3.5508369439657343 5
    endloop
  endfacet
  facet normal 0 0 1
    outer loop
      vertex 482.6 0 5
      vertex 476.25416305603426 3.5508369439657343 5
      vertex 475.84846985779444 3.2043422191251807 5
    endloop
  endfacet
  facet normal 0 0 1
    outer loop
      vertex 482.6 0 5
      vertex 474.3818771811368 2.596859641976529 5
      vertex 473.85 2.5549999999999997 5
    endloop
  endfacet
  facet normal 0 0 1
    outer loop
      vertex 482.6 0 5
      vertex 475.39356769911444 2.925577817759546 5
      vertex 474.90065778087484 2.7214078445964773 5
    endloop
  endfacet
  facet normal 0 0 1
    outer loop
      vertex 482.6 0 5
      vertex 474.90065778087484 2.7214078445964773 5
      vertex 474.3818771811368 2.596859641976529 5
    endloop
  endfacet
  facet normal 0 0 1
    outer loop
      vertex 482.6 0 5
      vertex 475.84846985779444 3.2043422191251807 5
      vertex 475.39356769911444 2.925577817759546 5
    endloop
  endfacet
  facet normal 0.2334453638559151 -0.9723699203976742 5.217323399615476e-19
    outer loop
      vertex 472.7993422191252 40.93859215540352 0
      vertex 473.31812281886323 41.06314035802347 0
      vertex 473.31812281886323 41.06314035802347 5
    endloop
  endfacet
  facet normal 0.07845909572783943 -0.9969173337331284 5.669640342075241e-19
    outer loop
      vertex 473.31812281886323 41.06314035802347 0
      vertex 473.85 41.105 0
      vertex 473.85 41.105 5
    endloop
  endfacet
  facet normal -0.07845909572783943 -0.9969173337331284 -5.669640342075241e-19
    outer loop
      vertex 473.85 41.105 0
      vertex 474.3818771811368 41.06314035802347 0
      vertex 474.3818771811368 41.06314035802347 5
    endloop
  endfacet
  facet normal -0.2334453638559151 -0.9723699203976742 -5.217323399615476e-19
    outer loop
      vertex 474.3818771811368 41.06314035802347 0
      vertex 474.90065778087484 40.93859215540352 0
      vertex 474.90065778087484 40.93859215540352 5
    endloop
  endfacet
  facet normal 0.5224985647159143 -0.8526401643541134 2.7802180854518824e-18
    outer loop
      vertex 471.8515301422056 40.455657780874816 0
      vertex 472.3064323008856 40.73442218224045 0
      vertex 472.3064323008856 40.73442218224045 5
    endloop
  endfacet
  facet normal 0.38268343236510743 -0.9238795325112794 -1.0851436011614448e-18
    outer loop
      vertex 472.3064323008856 40.73442218224045 0
      vertex 472.7993422191252 40.93859215540352 0
      vertex 472.7993422191252 40.93859215540352 5
    endloop
  endfacet
  facet normal 0.6494480483302105 -0.760405965600008 -5.168753572718322e-18
    outer loop
      vertex 471.4458369439658 40.10916305603426 0
      vertex 471.8515301422056 40.455657780874816 0
      vertex 471.8515301422056 40.455657780874816 5
    endloop
  endfacet
  facet normal 0.7604059656000229 -0.6494480483301931 0
    outer loop
      vertex 471.4458369439658 40.10916305603426 0
      vertex 471.4458369439658 40.10916305603426 5
      vertex 471.0993422191252 39.70346985779441 0
    endloop
  endfacet
  facet normal 0.8526401643541116 -0.522498564715917 0
    outer loop
      vertex 471.0993422191252 39.70346985779441 0
      vertex 471.0993422191252 39.70346985779441 5
      vertex 470.8205778177596 39.24856769911446 0
    endloop
  endfacet
  facet normal 0.9238795325112561 -0.38268343236516345 0
    outer loop
      vertex 470.8205778177596 39.24856769911446 0
      vertex 470.8205778177596 39.24856769911446 5
      vertex 470.6164078445965 38.75565778087482 0
    endloop
  endfacet
  facet normal 0.9723699203976938 -0.2334453638558335 0
    outer loop
      vertex 470.6164078445965 38.75565778087482 0
      vertex 470.6164078445965 38.75565778087482 5
      vertex 470.4918596419766 38.236877181136784 0
    endloop
  endfacet
  facet normal -0.38268343236510743 -0.9238795325112794 1.0851436011614448e-18
    outer loop
      vertex 474.90065778087484 40.93859215540352 0
      vertex 475.39356769911444 40.73442218224045 0
      vertex 475.39356769911444 40.73442218224045 5
    endloop
  endfacet
  facet normal -0.5224985647159143 -0.8526401643541134 -2.7802180854518824e-18
    outer loop
      vertex 475.39356769911444 40.73442218224045 0
      vertex 475.84846985779444 40.455657780874816 0
      vertex 475.84846985779444 40.455657780874816 5
    endloop
  endfacet
  facet normal -0.6494480483302105 -0.760405965600008 5.168753572718322e-18
    outer loop
      vertex 475.84846985779444 40.455657780874816 0
      vertex 476.25416305603426 40.10916305603426 0
      vertex 476.25416305603426 40.10916305603426 5
    endloop
  endfacet
  facet normal -0.7604059656000229 -0.6494480483301931 0
    outer loop
      vertex 476.6006577808748 39.70346985779441 0
      vertex 476.6006577808748 39.70346985779441 5
      vertex 476.25416305603426 40.10916305603426 0
    endloop
  endfacet
  facet normal -0.8526401643541116 -0.522498564715917 0
    outer loop
      vertex 476.87942218224043 39.24856769911446 0
      vertex 476.87942218224043 39.24856769911446 5
      vertex 476.6006577808748 39.70346985779441 0
    endloop
  endfacet
  facet normal -0.9238795325112561 -0.38268343236516345 0
    outer loop
      vertex 477.08359215540355 38.75565778087482 0
      vertex 477.08359215540355 38.75565778087482 5
      vertex 476.87942218224043 39.24856769911446 0
    endloop
  endfacet
  facet normal -0.9723699203976938 -0.2334453638558335 0
    outer loop
      vertex 477.20814035802346 38.236877181136784 0
      vertex 477.20814035802346 38.236877181136784 5
      vertex 477.08359215540355 38.75565778087482 0
    endloop
  endfacet
  facet normal 0.9969173337331262 -0.07845909572786695 0
    outer loop
      vertex 470.4918596419766 38.236877181136784 0
      vertex 470.4918596419766 38.236877181136784 5
      vertex 470.45000000000005 37.705 0
    endloop
  endfacet
  facet normal 0.9969173337331262 0.07845909572786695 0
    outer loop
      vertex 470.45000000000005 37.705 0
      vertex 470.45000000000005 37.705 5
      vertex 470.4918596419766 37.17312281886321 0
    endloop
  endfacet
  facet normal 0.9723699203976938 0.2334453638558335 0
    outer loop
      vertex 470.4918596419766 37.17312281886321 0
      vertex 470.4918596419766 37.17312281886321 5
      vertex 470.6164078445965 36.654342219125176 0
    endloop
  endfacet
  facet normal 0.9238795325112561 0.38268343236516345 0
    outer loop
      vertex 470.6164078445965 36.654342219125176 0
      vertex 470.6164078445965 36.654342219125176 5
      vertex 470.8205778177596 36.16143230088554 0
    endloop
  endfacet
  facet normal 0.8526401643541116 0.522498564715917 0
    outer loop
      vertex 470.8205778177596 36.16143230088554 0
      vertex 470.8205778177596 36.16143230088554 5
      vertex 471.0993422191252 35.70653014220559 0
    endloop
  endfacet
  facet normal 0.7604059656000229 0.6494480483301931 0
    outer loop
      vertex 471.0993422191252 35.70653014220559 0
      vertex 471.0993422191252 35.70653014220559 5
      vertex 471.4458369439658 35.300836943965734 0
    endloop
  endfacet
  facet normal -0.9969173337331262 -0.07845909572786695 0
    outer loop
      vertex 477.25 37.705 0
      vertex 477.25 37.705 5
      vertex 477.20814035802346 38.236877181136784 0
    endloop
  endfacet
  facet normal -0.9969173337331262 0.07845909572786695 0
    outer loop
      vertex 477.20814035802346 37.17312281886321 0
      vertex 477.20814035802346 37.17312281886321 5
      vertex 477.25 37.705 0
    endloop
  endfacet
  facet normal -0.9723699203976938 0.2334453638558335 0
    outer loop
      vertex 477.08359215540355 36.654342219125176 0
      vertex 477.08359215540355 36.654342219125176 5
      vertex 477.20814035802346 37.17312281886321 0
    endloop
  endfacet
  facet normal -0.9238795325112561 0.38268343236516345 0
    outer loop
      vertex 476.87942218224043 36.16143230088554 0
      vertex 476.87942218224043 36.16143230088554 5
      vertex 477.08359215540355 36.654342219125176 0
    endloop
  endfacet
  facet normal -0.8526401643541116 0.522498564715917 0
    outer loop
      vertex 476.6006577808748 35.70653014220559 0
      vertex 476.6006577808748 35.70653014220559 5
      vertex 476.87942218224043 36.16143230088554 0
    endloop
  endfacet
  facet normal 0.6494480483302105 0.760405965600008 0
    outer loop
      vertex 471.4458369439658 35.300836943965734 0
      vertex 471.4458369439658 35.300836943965734 5
      vertex 471.8515301422056 34.95434221912518 0
    endloop
  endfacet
  facet normal 0.5224985647159143 0.8526401643541134 -2.7802180854518824e-18
    outer loop
      vertex 472.3064323008856 34.675577817759546 0
      vertex 471.8515301422056 34.95434221912518 0
      vertex 471.8515301422056 34.95434221912518 5
    endloop
  endfacet
  facet normal 0.38268343236510743 0.9238795325112794 1.0851436011614448e-18
    outer loop
      vertex 472.7993422191252 34.47140784459648 0
      vertex 472.3064323008856 34.675577817759546 0
      vertex 472.3064323008856 34.675577817759546 5
    endloop
  endfacet
  facet normal 0.2334453638559151 0.9723699203976742 -5.217323399615476e-19
    outer loop
      vertex 473.31812281886323 34.34685964197653 0
      vertex 472.7993422191252 34.47140784459648 0
      vertex 472.7993422191252 34.47140784459648 5
    endloop
  endfacet
  facet normal 0.07845909572783943 0.9969173337331284 -5.669640342075241e-19
    outer loop
      vertex 473.85 34.305 0
      vertex 473.31812281886323 34.34685964197653 0
      vertex 473.31812281886323 34.34685964197653 5
    endloop
  endfacet
  facet normal -0.07845909572783943 0.9969173337331284 5.669640342075241e-19
    outer loop
      vertex 474.3818771811368 34.34685964197653 0
      vertex 473.85 34.305 0
      vertex 473.85 34.305 5
    endloop
  endfacet
  facet normal -0.2334453638559151 0.9723699203976742 5.217323399615476e-19
    outer loop
      vertex 474.90065778087484 34.47140784459648 0
      vertex 474.3818771811368 34.34685964197653 0
      vertex 474.3818771811368 34.34685964197653 5
    endloop
  endfacet
  facet normal -0.7604059656000229 0.6494480483301931 -2.794770546904423e-18
    outer loop
      vertex 476.6006577808748 35.70653014220559 0
      vertex 476.25416305603426 35.300836943965734 0
      vertex 476.25416305603426 35.300836943965734 5
    endloop
  endfacet
  facet normal -0.6494480483302105 0.760405965600008 -5.168753572718322e-18
    outer loop
      vertex 476.25416305603426 35.300836943965734 0
      vertex 475.84846985779444 34.95434221912518 0
      vertex 475.84846985779444 34.95434221912518 5
    endloop
  endfacet
  facet normal -0.5224985647159143 0.8526401643541134 2.7802180854518824e-18
    outer loop
      vertex 475.84846985779444 34.95434221912518 0
      vertex 475.39356769911444 34.675577817759546 0
      vertex 475.39356769911444 34.675577817759546 5
    endloop
  endfacet
  facet normal -0.38268343236510743 0.9238795325112794 -1.0851436011614448e-18
    outer loop
      vertex 475.39356769911444 34.675577817759546 0
      vertex 474.90065778087484 34.47140784459648 0
      vertex 474.90065778087484 34.47140784459648 5
    endloop
  endfacet
  facet normal 0.2334453638559151 -0.9723699203976742 0
    outer loop
      vertex 472.7993422191252 40.93859215540352 0
      vertex 473.31812281886323 41.06314035802347 5
      vertex 472.7993422191252 40.93859215540352 5
    endloop
  endfacet
  facet normal 0.07845909572783943 -0.9969173337331284 0
    outer loop
      vertex 473.31812281886323 41.06314035802347 0
      vertex 473.85 41.105 5
      vertex 473.31812281886323 41.06314035802347 5
    endloop
  endfacet
  facet normal -0.07845909572783943 -0.9969173337331284 0
    outer loop
      vertex 473.85 41.105 0
      vertex 474.3818771811368 41.06314035802347 5
      vertex 473.85 41.105 5
    endloop
  endfacet
  facet normal -0.2334453638559151 -0.9723699203976742 0
    outer loop
      vertex 474.3818771811368 41.06314035802347 0
      vertex 474.90065778087484 40.93859215540352 5
      vertex 474.3818771811368 41.06314035802347 5
    endloop
  endfacet
  facet normal 0.7604059656000229 -0.6494480483301931 0
    outer loop
      vertex 471.0993422191252 39.70346985779441 0
      vertex 471.4458369439658 40.10916305603426 5
      vertex 471.0993422191252 39.70346985779441 5
    endloop
  endfacet
  facet normal 0.38268343236510743 -0.9238795325112794 0
    outer loop
      vertex 472.3064323008856 40.73442218224045 0
      vertex 472.7993422191252 40.93859215540352 5
      vertex 472.3064323008856 40.73442218224045 5
    endloop
  endfacet
  facet normal 0.5224985647159143 -0.8526401643541134 0
    outer loop
      vertex 471.8515301422056 40.455657780874816 0
      vertex 472.3064323008856 40.73442218224045 5
      vertex 471.8515301422056 40.455657780874816 5
    endloop
  endfacet
  facet normal 0.6494480483302105 -0.760405965600008 0
    outer loop
      vertex 471.4458369439658 40.10916305603426 0
      vertex 471.8515301422056 40.455657780874816 5
      vertex 471.4458369439658 40.10916305603426 5
    endloop
  endfacet
  facet normal 0.8526401643541116 -0.522498564715917 0
    outer loop
      vertex 470.8205778177596 39.24856769911446 0
      vertex 471.0993422191252 39.70346985779441 5
      vertex 470.8205778177596 39.24856769911446 5
    endloop
  endfacet
  facet normal 0.9238795325112561 -0.38268343236516345 0
    outer loop
      vertex 470.6164078445965 38.75565778087482 0
      vertex 470.8205778177596 39.24856769911446 5
      vertex 470.6164078445965 38.75565778087482 5
    endloop
  endfacet
  facet normal 0.9723699203976938 -0.2334453638558335 0
    outer loop
      vertex 470.4918596419766 38.236877181136784 0
      vertex 470.6164078445965 38.75565778087482 5
      vertex 470.4918596419766 38.236877181136784 5
    endloop
  endfacet
  facet normal -0.38268343236510743 -0.9238795325112794 0
    outer loop
      vertex 474.90065778087484 40.93859215540352 0
      vertex 475.39356769911444 40.73442218224045 5
      vertex 474.90065778087484 40.93859215540352 5
    endloop
  endfacet
  facet normal -0.5224985647159143 -0.8526401643541134 0
    outer loop
      vertex 475.39356769911444 40.73442218224045 0
      vertex 475.84846985779444 40.455657780874816 5
      vertex 475.39356769911444 40.73442218224045 5
    endloop
  endfacet
  facet normal -0.6494480483302105 -0.760405965600008 0
    outer loop
      vertex 475.84846985779444 40.455657780874816 0
      vertex 476.25416305603426 40.10916305603426 5
      vertex 475.84846985779444 40.455657780874816 5
    endloop
  endfacet
  facet normal -0.7604059656000229 -0.6494480483301931 0
    outer loop
      vertex 476.25416305603426 40.10916305603426 0
      vertex 476.6006577808748 39.70346985779441 5
      vertex 476.25416305603426 40.10916305603426 5
    endloop
  endfacet
  facet normal -0.8526401643541116 -0.522498564715917 0
    outer loop
      vertex 476.6006577808748 39.70346985779441 0
      vertex 476.87942218224043 39.24856769911446 5
      vertex 476.6006577808748 39.70346985779441 5
    endloop
  endfacet
  facet normal -0.9238795325112561 -0.38268343236516345 0
    outer loop
      vertex 476.87942218224043 39.24856769911446 0
      vertex 477.08359215540355 38.75565778087482 5
      vertex 476.87942218224043 39.24856769911446 5
    endloop
  endfacet
  facet normal -0.9723699203976938 -0.2334453638558335 0
    outer loop
      vertex 477.08359215540355 38.75565778087482 0
      vertex 477.20814035802346 38.236877181136784 5
      vertex 477.08359215540355 38.75565778087482 5
    endloop
  endfacet
  facet normal 0.9969173337331262 -0.07845909572786695 0
    outer loop
      vertex 470.45000000000005 37.705 0
      vertex 470.4918596419766 38.236877181136784 5
      vertex 470.45000000000005 37.705 5
    endloop
  endfacet
  facet normal 0.9969173337331262 0.07845909572786695 0
    outer loop
      vertex 470.4918596419766 37.17312281886321 0
      vertex 470.45000000000005 37.705 5
      vertex 470.4918596419766 37.17312281886321 5
    endloop
  endfacet
  facet normal 0.9723699203976938 0.2334453638558335 0
    outer loop
      vertex 470.6164078445965 36.654342219125176 0
      vertex 470.4918596419766 37.17312281886321 5
      vertex 470.6164078445965 36.654342219125176 5
    endloop
  endfacet
  facet normal 0.9238795325112561 0.38268343236516345 0
    outer loop
      vertex 470.8205778177596 36.16143230088554 0
      vertex 470.6164078445965 36.654342219125176 5
      vertex 470.8205778177596 36.16143230088554 5
    endloop
  endfacet
  facet normal 0.8526401643541116 0.522498564715917 0
    outer loop
      vertex 471.0993422191252 35.70653014220559 0
      vertex 470.8205778177596 36.16143230088554 5
      vertex 471.0993422191252 35.70653014220559 5
    endloop
  endfacet
  facet normal -0.9969173337331262 -0.07845909572786695 0
    outer loop
      vertex 477.20814035802346 38.236877181136784 0
      vertex 477.25 37.705 5
      vertex 477.20814035802346 38.236877181136784 5
    endloop
  endfacet
  facet normal -0.9969173337331262 0.07845909572786695 0
    outer loop
      vertex 477.25 37.705 0
      vertex 477.20814035802346 37.17312281886321 5
      vertex 477.25 37.705 5
    endloop
  endfacet
  facet normal -0.9723699203976938 0.2334453638558335 0
    outer loop
      vertex 477.20814035802346 37.17312281886321 0
      vertex 477.08359215540355 36.654342219125176 5
      vertex 477.20814035802346 37.17312281886321 5
    endloop
  endfacet
  facet normal -0.9238795325112561 0.38268343236516345 0
    outer loop
      vertex 477.08359215540355 36.654342219125176 0
      vertex 476.87942218224043 36.16143230088554 5
      vertex 477.08359215540355 36.654342219125176 5
    endloop
  endfacet
  facet normal -0.8526401643541116 0.522498564715917 0
    outer loop
      vertex 476.87942218224043 36.16143230088554 0
      vertex 476.6006577808748 35.70653014220559 5
      vertex 476.87942218224043 36.16143230088554 5
    endloop
  endfacet
  facet normal -0.7604059656000229 0.6494480483301931 0
    outer loop
      vertex 476.6006577808748 35.70653014220559 0
      vertex 476.25416305603426 35.300836943965734 5
      vertex 476.6006577808748 35.70653014220559 5
    endloop
  endfacet
  facet normal 0.7604059656000229 0.6494480483301931 0
    outer loop
      vertex 471.4458369439658 35.300836943965734 0
      vertex 471.0993422191252 35.70653014220559 5
      vertex 471.4458369439658 35.300836943965734 5
    endloop
  endfacet
  facet normal 0.6494480483302105 0.760405965600008 0
    outer loop
      vertex 471.8515301422056 34.95434221912518 0
      vertex 471.4458369439658 35.300836943965734 5
      vertex 471.8515301422056 34.95434221912518 5
    endloop
  endfacet
  facet normal 0.5224985647159143 0.8526401643541134 0
    outer loop
      vertex 472.3064323008856 34.675577817759546 0
      vertex 471.8515301422056 34.95434221912518 5
      vertex 472.3064323008856 34.675577817759546 5
    endloop
  endfacet
  facet normal 0.38268343236510743 0.9238795325112794 0
    outer loop
      vertex 472.7993422191252 34.47140784459648 0
      vertex 472.3064323008856 34.675577817759546 5
      vertex 472.7993422191252 34.47140784459648 5
    endloop
  endfacet
  facet normal 0.2334453638559151 0.9723699203976742 0
    outer loop
      vertex 473.31812281886323 34.34685964197653 0
      vertex 472.7993422191252 34.47140784459648 5
      vertex 473.31812281886323 34.34685964197653 5
    endloop
  endfacet
  facet normal 0.07845909572783943 0.9969173337331284 0
    outer loop
      vertex 473.85 34.305 0
      vertex 473.31812281886323 34.34685964197653 5
      vertex 473.85 34.305 5
    endloop
  endfacet
  facet normal -0.07845909572783943 0.9969173337331284 0
    outer loop
      vertex 474.3818771811368 34.34685964197653 0
      vertex 473.85 34.305 5
      vertex 474.3818771811368 34.34685964197653 5
    endloop
  endfacet
  facet normal -0.2334453638559151 0.9723699203976742 0
    outer loop
      vertex 474.90065778087484 34.47140784459648 0
      vertex 474.3818771811368 34.34685964197653 5
      vertex 474.90065778087484 34.47140784459648 5
    endloop
  endfacet
  facet normal -0.6494480483302105 0.760405965600008 0
    outer loop
      vertex 476.25416305603426 35.300836943965734 0
      vertex 475.84846985779444 34.95434221912518 5
      vertex 476.25416305603426 35.300836943965734 5
    endloop
  endfacet
  facet normal -0.5224985647159143 0.8526401643541134 0
    outer loop
      vertex 475.84846985779444 34.95434221912518 0
      vertex 475.39356769911444 34.675577817759546 5
      vertex 475.84846985779444 34.95434221912518 5
    endloop
  endfacet
  facet normal -0.38268343236510743 0.9238795325112794 0
    outer loop
      vertex 475.39356769911444 34.675577817759546 0
      vertex 474.90065778087484 34.47140784459648 5
      vertex 475.39356769911444 34.675577817759546 5
    endloop
  endfacet
  facet normal 0.2334453638559151 -0.9723699203976742 5.217323399615476e-19
    outer loop
      vertex 472.7993422191252 9.18859215540352 0
      vertex 473.31812281886323 9.313140358023468 0
      vertex 473.31812281886323 9.313140358023468 5
    endloop
  endfacet
  facet normal 0.5224985647159143 -0.8526401643541134 2.7802180854518824e-18
    outer loop
      vertex 471.8515301422056 8.705657780874816 0
      vertex 472.3064323008856 8.98442218224045 0
      vertex 472.3064323008856 8.98442218224045 5
    endloop
  endfacet
  facet normal 0.38268343236510743 -0.9238795325112794 -1.0851436011614448e-18
    outer loop
      vertex 472.3064323008856 8.98442218224045 0
      vertex 472.7993422191252 9.18859215540352 0
      vertex 472.7993422191252 9.18859215540352 5
    endloop
  endfacet
  facet normal 0.07845909572783943 -0.9969173337331284 5.669640342075241e-19
    outer loop
      vertex 473.31812281886323 9.313140358023468 0
      vertex 473.85 9.354999999999997 0
      vertex 473.85 9.354999999999997 5
    endloop
  endfacet
  facet normal -0.07845909572783943 -0.9969173337331284 -5.669640342075241e-19
    outer loop
      vertex 473.85 9.354999999999997 0
      vertex 474.3818771811368 9.313140358023468 0
      vertex 474.3818771811368 9.313140358023468 5
    endloop
  endfacet
  facet normal -0.2334453638559151 -0.9723699203976742 -5.217323399615476e-19
    outer loop
      vertex 474.3818771811368 9.313140358023468 0
      vertex 474.90065778087484 9.18859215540352 0
      vertex 474.90065778087484 9.18859215540352 5
    endloop
  endfacet
  facet normal 0.6494480483302105 -0.760405965600008 -5.168753572718322e-18
    outer loop
      vertex 471.4458369439658 8.359163056034262 0
      vertex 471.8515301422056 8.705657780874816 0
      vertex 471.8515301422056 8.705657780874816 5
    endloop
  endfacet
  facet normal 0.7604059656000229 -0.6494480483301931 0
    outer loop
      vertex 471.4458369439658 8.359163056034262 0
      vertex 471.4458369439658 8.359163056034262 5
      vertex 471.0993422191252 7.95346985779441 0
    endloop
  endfacet
  facet normal -0.38268343236510743 -0.9238795325112794 1.0851436011614448e-18
    outer loop
      vertex 474.90065778087484 9.18859215540352 0
      vertex 475.39356769911444 8.98442218224045 0
      vertex 475.39356769911444 8.98442218224045 5
    endloop
  endfacet
  facet normal -0.5224985647159143 -0.8526401643541134 -2.7802180854518824e-18
    outer loop
      vertex 475.39356769911444 8.98442218224045 0
      vertex 475.84846985779444 8.705657780874816 0
      vertex 475.84846985779444 8.705657780874816 5
    endloop
  endfacet
  facet normal -0.6494480483302105 -0.760405965600008 5.168753572718322e-18
    outer loop
      vertex 475.84846985779444 8.705657780874816 0
      vertex 476.25416305603426 8.359163056034262 0
      vertex 476.25416305603426 8.359163056034262 5
    endloop
  endfacet
  facet normal 0.8526401643541116 -0.522498564715917 0
    outer loop
      vertex 471.0993422191252 7.95346985779441 0
      vertex 471.0993422191252 7.95346985779441 5
      vertex 470.8205778177596 7.49856769911446 0
    endloop
  endfacet
  facet normal 0.9238795325112561 -0.38268343236516345 0
    outer loop
      vertex 470.8205778177596 7.49856769911446 0
      vertex 470.8205778177596 7.49856769911446 5
      vertex 470.6164078445965 7.00565778087482 0
    endloop
  endfacet
  facet normal 0.9723699203976938 -0.2334453638558335 0
    outer loop
      vertex 470.6164078445965 7.00565778087482 0
      vertex 470.6164078445965 7.00565778087482 5
      vertex 470.4918596419766 6.486877181136784 0
    endloop
  endfacet
  facet normal 0.9969173337331262 -0.07845909572786695 0
    outer loop
      vertex 470.4918596419766 6.486877181136784 0
      vertex 470.4918596419766 6.486877181136784 5
      vertex 470.45000000000005 5.954999999999998 0
    endloop
  endfacet
  facet normal 0.9969173337331262 0.07845909572786695 0
    outer loop
      vertex 470.45000000000005 5.954999999999998 0
      vertex 470.45000000000005 5.954999999999998 5
      vertex 470.4918596419766 5.423122818863213 0
    endloop
  endfacet
  facet normal -0.7604059656000229 -0.6494480483301931 0
    outer loop
      vertex 476.6006577808748 7.95346985779441 0
      vertex 476.6006577808748 7.95346985779441 5
      vertex 476.25416305603426 8.359163056034262 0
    endloop
  endfacet
  facet normal -0.8526401643541116 -0.522498564715917 0
    outer loop
      vertex 476.87942218224043 7.49856769911446 0
      vertex 476.87942218224043 7.49856769911446 5
      vertex 476.6006577808748 7.95346985779441 0
    endloop
  endfacet
  facet normal -0.9238795325112561 -0.38268343236516345 0
    outer loop
      vertex 477.08359215540355 7.00565778087482 0
      vertex 477.08359215540355 7.00565778087482 5
      vertex 476.87942218224043 7.49856769911446 0
    endloop
  endfacet
  facet normal -0.9723699203976938 -0.2334453638558335 0
    outer loop
      vertex 477.20814035802346 6.486877181136784 0
      vertex 477.20814035802346 6.486877181136784 5
      vertex 477.08359215540355 7.00565778087482 0
    endloop
  endfacet
  facet normal -0.9969173337331262 -0.07845909572786695 0
    outer loop
      vertex 477.25 5.954999999999998 0
      vertex 477.25 5.954999999999998 5
      vertex 477.20814035802346 6.486877181136784 0
    endloop
  endfacet
  facet normal -0.9969173337331262 0.07845909572786695 0
    outer loop
      vertex 477.20814035802346 5.423122818863213 0
      vertex 477.20814035802346 5.423122818863213 5
      vertex 477.25 5.954999999999998 0
    endloop
  endfacet
  facet normal 0.9723699203976938 0.2334453638558335 0
    outer loop
      vertex 470.4918596419766 5.423122818863213 0
      vertex 470.4918596419766 5.423122818863213 5
      vertex 470.6164078445965 4.904342219125176 0
    endloop
  endfacet
  facet normal 0.9238795325112561 0.38268343236516345 0
    outer loop
      vertex 470.6164078445965 4.904342219125176 0
      vertex 470.6164078445965 4.904342219125176 5
      vertex 470.8205778177596 4.4114323008855365 0
    endloop
  endfacet
  facet normal 0.8526401643541116 0.522498564715917 0
    outer loop
      vertex 470.8205778177596 4.4114323008855365 0
      vertex 470.8205778177596 4.4114323008855365 5
      vertex 471.0993422191252 3.9565301422055867 0
    endloop
  endfacet
  facet normal 0.7604059656000229 0.6494480483301931 0
    outer loop
      vertex 471.0993422191252 3.9565301422055867 0
      vertex 471.0993422191252 3.9565301422055867 5
      vertex 471.4458369439658 3.5508369439657343 0
    endloop
  endfacet
  facet normal 0.6494480483302105 0.760405965600008 0
    outer loop
      vertex 471.4458369439658 3.5508369439657343 0
      vertex 471.4458369439658 3.5508369439657343 5
      vertex 471.8515301422056 3.2043422191251807 0
    endloop
  endfacet
  facet normal 0.5224985647159143 0.8526401643541134 -2.7802180854518824e-18
    outer loop
      vertex 472.3064323008856 2.925577817759546 0
      vertex 471.8515301422056 3.2043422191251807 0
      vertex 471.8515301422056 3.2043422191251807 5
    endloop
  endfacet
  facet normal 0.38268343236510743 0.9238795325112794 1.0851436011614448e-18
    outer loop
      vertex 472.7993422191252 2.7214078445964773 0
      vertex 472.3064323008856 2.925577817759546 0
      vertex 472.3064323008856 2.925577817759546 5
    endloop
  endfacet
  facet normal -0.9723699203976938 0.2334453638558335 0
    outer loop
      vertex 477.08359215540355 4.904342219125176 0
      vertex 477.08359215540355 4.904342219125176 5
      vertex 477.20814035802346 5.423122818863213 0
    endloop
  endfacet
  facet normal -0.8526401643541116 0.522498564715917 0
    outer loop
      vertex 476.6006577808748 3.9565301422055867 0
      vertex 476.6006577808748 3.9565301422055867 5
      vertex 476.87942218224043 4.4114323008855365 0
    endloop
  endfacet
  facet normal -0.9238795325112561 0.38268343236516345 0
    outer loop
      vertex 476.87942218224043 4.4114323008855365 0
      vertex 476.87942218224043 4.4114323008855365 5
      vertex 477.08359215540355 4.904342219125176 0
    endloop
  endfacet
  facet normal -0.7604059656000229 0.6494480483301931 -2.794770546904423e-18
    outer loop
      vertex 476.6006577808748 3.9565301422055867 0
      vertex 476.25416305603426 3.5508369439657343 0
      vertex 476.25416305603426 3.5508369439657343 5
    endloop
  endfacet
  facet normal -0.6494480483302105 0.760405965600008 -5.168753572718322e-18
    outer loop
      vertex 476.25416305603426 3.5508369439657343 0
      vertex 475.84846985779444 3.2043422191251807 0
      vertex 475.84846985779444 3.2043422191251807 5
    endloop
  endfacet
  facet normal -0.5224985647159143 0.8526401643541134 2.7802180854518824e-18
    outer loop
      vertex 475.84846985779444 3.2043422191251807 0
      vertex 475.39356769911444 2.925577817759546 0
      vertex 475.39356769911444 2.925577817759546 5
    endloop
  endfacet
  facet normal -0.38268343236510743 0.9238795325112794 -1.0851436011614448e-18
    outer loop
      vertex 475.39356769911444 2.925577817759546 0
      vertex 474.90065778087484 2.7214078445964773 0
      vertex 474.90065778087484 2.7214078445964773 5
    endloop
  endfacet
  facet normal 0.2334453638559151 0.9723699203976742 -5.217323399615476e-19
    outer loop
      vertex 473.31812281886323 2.596859641976529 0
      vertex 472.7993422191252 2.7214078445964773 0
      vertex 472.7993422191252 2.7214078445964773 5
    endloop
  endfacet
  facet normal 0.07845909572783943 0.9969173337331284 -5.669640342075241e-19
    outer loop
      vertex 473.85 2.5549999999999997 0
      vertex 473.31812281886323 2.596859641976529 0
      vertex 473.31812281886323 2.596859641976529 5
    endloop
  endfacet
  facet normal -0.07845909572783943 0.9969173337331284 5.669640342075241e-19
    outer loop
      vertex 474.3818771811368 2.596859641976529 0
      vertex 473.85 2.5549999999999997 0
      vertex 473.85 2.5549999999999997 5
    endloop
  endfacet
  facet normal -0.2334453638559151 0.9723699203976742 5.217323399615476e-19
    outer loop
      vertex 474.90065778087484 2.7214078445964773 0
      vertex 474.3818771811368 2.596859641976529 0
      vertex 474.3818771811368 2.596859641976529 5
    endloop
  endfacet
  facet normal 0.2334453638559151 -0.9723699203976742 0
    outer loop
      vertex 472.7993422191252 9.18859215540352 0
      vertex 473.31812281886323 9.313140358023468 5
      vertex 472.7993422191252 9.18859215540352 5
    endloop
  endfacet
  facet normal 0.38268343236510743 -0.9238795325112794 0
    outer loop
      vertex 472.3064323008856 8.98442218224045 0
      vertex 472.7993422191252 9.18859215540352 5
      vertex 472.3064323008856 8.98442218224045 5
    endloop
  endfacet
  facet normal 0.07845909572783943 -0.9969173337331284 0
    outer loop
      vertex 473.31812281886323 9.313140358023468 0
      vertex 473.85 9.354999999999997 5
      vertex 473.31812281886323 9.313140358023468 5
    endloop
  endfacet
  facet normal -0.07845909572783943 -0.9969173337331284 0
    outer loop
      vertex 473.85 9.354999999999997 0
      vertex 474.3818771811368 9.313140358023468 5
      vertex 473.85 9.354999999999997 5
    endloop
  endfacet
  facet normal -0.2334453638559151 -0.9723699203976742 0
    outer loop
      vertex 474.3818771811368 9.313140358023468 0
      vertex 474.90065778087484 9.18859215540352 5
      vertex 474.3818771811368 9.313140358023468 5
    endloop
  endfacet
  facet normal 0.5224985647159143 -0.8526401643541134 0
    outer loop
      vertex 471.8515301422056 8.705657780874816 0
      vertex 472.3064323008856 8.98442218224045 5
      vertex 471.8515301422056 8.705657780874816 5
    endloop
  endfacet
  facet normal 0.6494480483302105 -0.760405965600008 0
    outer loop
      vertex 471.4458369439658 8.359163056034262 0
      vertex 471.8515301422056 8.705657780874816 5
      vertex 471.4458369439658 8.359163056034262 5
    endloop
  endfacet
  facet normal -0.38268343236510743 -0.9238795325112794 0
    outer loop
      vertex 474.90065778087484 9.18859215540352 0
      vertex 475.39356769911444 8.98442218224045 5
      vertex 474.90065778087484 9.18859215540352 5
    endloop
  endfacet
  facet normal -0.5224985647159143 -0.8526401643541134 0
    outer loop
      vertex 475.39356769911444 8.98442218224045 0
      vertex 475.84846985779444 8.705657780874816 5
      vertex 475.39356769911444 8.98442218224045 5
    endloop
  endfacet
  facet normal -0.6494480483302105 -0.760405965600008 0
    outer loop
      vertex 475.84846985779444 8.705657780874816 0
      vertex 476.25416305603426 8.359163056034262 5
      vertex 475.84846985779444 8.705657780874816 5
    endloop
  endfacet
  facet normal -0.7604059656000229 -0.6494480483301931 0
    outer loop
      vertex 476.25416305603426 8.359163056034262 0
      vertex 476.6006577808748 7.95346985779441 5
      vertex 476.25416305603426 8.359163056034262 5
    endloop
  endfacet
  facet normal 0.7604059656000229 -0.6494480483301931 0
    outer loop
      vertex 471.0993422191252 7.95346985779441 0
      vertex 471.4458369439658 8.359163056034262 5
      vertex 471.0993422191252 7.95346985779441 5
    endloop
  endfacet
  facet normal 0.8526401643541116 -0.522498564715917 0
    outer loop
      vertex 470.8205778177596 7.49856769911446 0
      vertex 471.0993422191252 7.95346985779441 5
      vertex 470.8205778177596 7.49856769911446 5
    endloop
  endfacet
  facet normal 0.9238795325112561 -0.38268343236516345 0
    outer loop
      vertex 470.6164078445965 7.00565778087482 0
      vertex 470.8205778177596 7.49856769911446 5
      vertex 470.6164078445965 7.00565778087482 5
    endloop
  endfacet
  facet normal 0.9723699203976938 -0.2334453638558335 0
    outer loop
      vertex 470.4918596419766 6.486877181136784 0
      vertex 470.6164078445965 7.00565778087482 5
      vertex 470.4918596419766 6.486877181136784 5
    endloop
  endfacet
  facet normal 0.9969173337331262 -0.07845909572786695 0
    outer loop
      vertex 470.45000000000005 5.954999999999998 0
      vertex 470.4918596419766 6.486877181136784 5
      vertex 470.45000000000005 5.954999999999998 5
    endloop
  endfacet
  facet normal 0.9969173337331262 0.07845909572786695 0
    outer loop
      vertex 470.4918596419766 5.423122818863213 0
      vertex 470.45000000000005 5.954999999999998 5
      vertex 470.4918596419766 5.423122818863213 5
    endloop
  endfacet
  facet normal -0.8526401643541116 -0.522498564715917 0
    outer loop
      vertex 476.6006577808748 7.95346985779441 0
      vertex 476.87942218224043 7.49856769911446 5
      vertex 476.6006577808748 7.95346985779441 5
    endloop
  endfacet
  facet normal -0.9238795325112561 -0.38268343236516345 0
    outer loop
      vertex 476.87942218224043 7.49856769911446 0
      vertex 477.08359215540355 7.00565778087482 5
      vertex 476.87942218224043 7.49856769911446 5
    endloop
  endfacet
  facet normal -0.9723699203976938 -0.2334453638558335 0
    outer loop
      vertex 477.08359215540355 7.00565778087482 0
      vertex 477.20814035802346 6.486877181136784 5
      vertex 477.08359215540355 7.00565778087482 5
    endloop
  endfacet
  facet normal -0.9969173337331262 -0.07845909572786695 0
    outer loop
      vertex 477.20814035802346 6.486877181136784 0
      vertex 477.25 5.954999999999998 5
      vertex 477.20814035802346 6.486877181136784 5
    endloop
  endfacet
  facet normal -0.9969173337331262 0.07845909572786695 0
    outer loop
      vertex 477.25 5.954999999999998 0
      vertex 477.20814035802346 5.423122818863213 5
      vertex 477.25 5.954999999999998 5
    endloop
  endfacet
  facet normal 0.9723699203976938 0.2334453638558335 0
    outer loop
      vertex 470.6164078445965 4.904342219125176 0
      vertex 470.4918596419766 5.423122818863213 5
      vertex 470.6164078445965 4.904342219125176 5
    endloop
  endfacet
  facet normal 0.9238795325112561 0.38268343236516345 0
    outer loop
      vertex 470.8205778177596 4.4114323008855365 0
      vertex 470.6164078445965 4.904342219125176 5
      vertex 470.8205778177596 4.4114323008855365 5
    endloop
  endfacet
  facet normal 0.8526401643541116 0.522498564715917 0
    outer loop
      vertex 471.0993422191252 3.9565301422055867 0
      vertex 470.8205778177596 4.4114323008855365 5
      vertex 471.0993422191252 3.9565301422055867 5
    endloop
  endfacet
  facet normal 0.7604059656000229 0.6494480483301931 0
    outer loop
      vertex 471.4458369439658 3.5508369439657343 0
      vertex 471.0993422191252 3.9565301422055867 5
      vertex 471.4458369439658 3.5508369439657343 5
    endloop
  endfacet
  facet normal 0.6494480483302105 0.760405965600008 0
    outer loop
      vertex 471.8515301422056 3.2043422191251807 0
      vertex 471.4458369439658 3.5508369439657343 5
      vertex 471.8515301422056 3.2043422191251807 5
    endloop
  endfacet
  facet normal 0.5224985647159143 0.8526401643541134 0
    outer loop
      vertex 472.3064323008856 2.925577817759546 0
      vertex 471.8515301422056 3.2043422191251807 5
      vertex 472.3064323008856 2.925577817759546 5
    endloop
  endfacet
  facet normal 0.38268343236510743 0.9238795325112794 0
    outer loop
      vertex 472.7993422191252 2.7214078445964773 0
      vertex 472.3064323008856 2.925577817759546 5
      vertex 472.7993422191252 2.7214078445964773 5
    endloop
  endfacet
  facet normal -0.9723699203976938 0.2334453638558335 0
    outer loop
      vertex 477.20814035802346 5.423122818863213 0
      vertex 477.08359215540355 4.904342219125176 5
      vertex 477.20814035802346 5.423122818863213 5
    endloop
  endfacet
  facet normal -0.8526401643541116 0.522498564715917 0
    outer loop
      vertex 476.87942218224043 4.4114323008855365 0
      vertex 476.6006577808748 3.9565301422055867 5
      vertex 476.87942218224043 4.4114323008855365 5
    endloop
  endfacet
  facet normal -0.9238795325112561 0.38268343236516345 0
    outer loop
      vertex 477.08359215540355 4.904342219125176 0
      vertex 476.87942218224043 4.4114323008855365 5
      vertex 477.08359215540355 4.904342219125176 5
    endloop
  endfacet
  facet normal -0.7604059656000229 0.6494480483301931 0
    outer loop
      vertex 476.6006577808748 3.9565301422055867 0
      vertex 476.25416305603426 3.5508369439657343 5
      vertex 476.6006577808748 3.9565301422055867 5
    endloop
  endfacet
  facet normal -0.6494480483302105 0.760405965600008 0
    outer loop
      vertex 476.25416305603426 3.5508369439657343 0
      vertex 475.84846985779444 3.2043422191251807 5
      vertex 476.25416305603426 3.5508369439657343 5
    endloop
  endfacet
  facet normal -0.5224985647159143 0.8526401643541134 0
    outer loop
      vertex 475.84846985779444 3.2043422191251807 0
      vertex 475.39356769911444 2.925577817759546 5
      vertex 475.84846985779444 3.2043422191251807 5
    endloop
  endfacet
  facet normal -0.38268343236510743 0.9238795325112794 0
    outer loop
      vertex 475.39356769911444 2.925577817759546 0
      vertex 474.90065778087484 2.7214078445964773 5
      vertex 475.39356769911444 2.925577817759546 5
    endloop
  endfacet
  facet normal 0.2334453638559151 0.9723699203976742 0
    outer loop
      vertex 473.31812281886323 2.596859641976529 0
      vertex 472.7993422191252 2.7214078445964773 5
      vertex 473.31812281886323 2.596859641976529 5
    endloop
  endfacet
  facet normal 0.07845909572783943 0.9969173337331284 0
    outer loop
      vertex 473.85 2.5549999999999997 0
      vertex 473.31812281886323 2.596859641976529 5
      vertex 473.85 2.5549999999999997 5
    endloop
  endfacet
  facet normal -0.07845909572783943 0.9969173337331284 0
    outer loop
      vertex 474.3818771811368 2.596859641976529 0
      vertex 473.85 2.5549999999999997 5
      vertex 474.3818771811368 2.596859641976529 5
    endloop
  endfacet
  facet normal -0.2334453638559151 0.9723699203976742 0
    outer loop
      vertex 474.90065778087484 2.7214078445964773 0
      vertex 474.3818771811368 2.596859641976529 5
      vertex 474.90065778087484 2.7214078445964773 5
    endloop
  endfacet
  facet normal 0 -1 0
    outer loop
      vertex 251.86458333333334 35.83 0
      vertex 266.36458333333337 35.83 0
      vertex 266.36458333333337 35.83 2.5
    endloop
  endfacet
  facet normal 0 -1 0
    outer loop
      vertex 251.86458333333334 35.83 0
      vertex 266.36458333333337 35.83 2.5
      vertex 251.86458333333334 35.83 2.5
    endloop
  endfacet
  facet normal 1 0 0
    outer loop
      vertex 251.86458333333334 35.83 0
      vertex 251.86458333333334 35.83 2.5
      vertex 251.86458333333334 19.83 0
    endloop
  endfacet
  facet normal -1 0 0
    outer loop
      vertex 266.36458333333337 35.83 0
      vertex 266.36458333333337 19.83 0
      vertex 266.36458333333337 19.83 2.5
    endloop
  endfacet
  facet normal -1 0 0
    outer loop
      vertex 266.36458333333337 35.83 0
      vertex 266.36458333333337 19.83 2.5
      vertex 266.36458333333337 35.83 2.5
    endloop
  endfacet
  facet normal 1 0 0
    outer loop
      vertex 251.86458333333334 19.83 0
      vertex 251.86458333333334 35.83 2.5
      vertex 251.86458333333334 19.83 2.5
    endloop
  endfacet
  facet normal 0 1 0
    outer loop
      vertex 251.86458333333334 19.83 0
      vertex 251.86458333333334 19.83 2.5
      vertex 266.36458333333337 19.83 0
    endloop
  endfacet
  facet normal 0 1 0
    outer loop
      vertex 266.36458333333337 19.83 0
      vertex 251.86458333333334 19.83 2.5
      vertex 266.36458333333337 19.83 2.5
    endloop
  endfacet
  facet normal 0 -1 0
    outer loop
      vertex 269.49375 35.83 0
      vertex 283.99375 35.83 0
      vertex 283.99375 35.83 2.5
    endloop
  endfacet
  facet normal 0 -1 0
    outer loop
      vertex 269.49375 35.83 0
      vertex 283.99375 35.83 2.5
      vertex 269.49375 35.83 2.5
    endloop
  endfacet
  facet normal 1 0 0
    outer loop
      vertex 269.49375 35.83 0
      vertex 269.49375 35.83 2.5
      vertex 269.49375 19.83 0
    endloop
  endfacet
  facet normal 1 0 0
    outer loop
      vertex 269.49375 19.83 0
      vertex 269.49375 35.83 2.5
      vertex 269.49375 19.83 2.5
    endloop
  endfacet
  facet normal -1 0 0
    outer loop
      vertex 283.99375 35.83 0
      vertex 283.99375 19.83 0
      vertex 283.99375 19.83 2.5
    endloop
  endfacet
  facet normal -1 0 0
    outer loop
      vertex 283.99375 35.83 0
      vertex 283.99375 19.83 2.5
      vertex 283.99375 35.83 2.5
    endloop
  endfacet
  facet normal 0 1 0
    outer loop
      vertex 269.49375 19.83 0
      vertex 269.49375 19.83 2.5
      vertex 283.99375 19.83 0
    endloop
  endfacet
  facet normal 0 1 0
    outer loop
      vertex 283.99375 19.83 0
      vertex 269.49375 19.83 2.5
      vertex 283.99375 19.83 2.5
    endloop
  endfacet
  facet normal 0 -1 0
    outer loop
      vertex 287.1229166666667 35.83 0
      vertex 301.6229166666667 35.83 0
      vertex 301.6229166666667 35.83 2.5
    endloop
  endfacet
  facet normal 0 -1 0
    outer loop
      vertex 287.1229166666667 35.83 0
      vertex 301.6229166666667 35.83 2.5
      vertex 287.1229166666667 35.83 2.5
    endloop
  endfacet
  facet normal 1 0 0
    outer loop
      vertex 287.1229166666667 35.83 0
      vertex 287.1229166666667 35.83 2.5
      vertex 287.1229166666667 19.83 0
    endloop
  endfacet
  facet normal -1 0 0
    outer loop
      vertex 301.6229166666667 35.83 0
      vertex 301.6229166666667 19.83 0
      vertex 301.6229166666667 19.83 2.5
    endloop
  endfacet
  facet normal -1 0 0
    outer loop
      vertex 301.6229166666667 19.83 2.5
      vertex 301.6229166666667 35.83 2.5
      vertex 301.6229166666667 35.83 0
    endloop
  endfacet
  facet normal 1 0 0
    outer loop
      vertex 287.1229166666667 19.83 0
      vertex 287.1229166666667 35.83 2.5
      vertex 287.1229166666667 19.83 2.5
    endloop
  endfacet
  facet normal 0 1 0
    outer loop
      vertex 287.1229166666667 19.83 0
      vertex 287.1229166666667 19.83 2.5
      vertex 301.6229166666667 19.83 0
    endloop
  endfacet
  facet normal 0 1 0
    outer loop
      vertex 301.6229166666667 19.83 0
      vertex 287.1229166666667 19.83 2.5
      vertex 301.6229166666667 19.83 2.5
    endloop
  endfacet
  facet normal 0 -1 0
    outer loop
      vertex 304.75208333333336 35.83 0
      vertex 319.25208333333336 35.83 0
      vertex 319.25208333333336 35.83 2.5
    endloop
  endfacet
  facet normal 0 -1 0
    outer loop
      vertex 304.75208333333336 35.83 0
      vertex 319.25208333333336 35.83 2.5
      vertex 304.75208333333336 35.83 2.5
    endloop
  endfacet
  facet normal 1 0 0
    outer loop
      vertex 304.75208333333336 35.83 0
      vertex 304.75208333333336 35.83 2.5
      vertex 304.75208333333336 19.83 0
    endloop
  endfacet
  facet normal -1 0 0
    outer loop
      vertex 319.25208333333336 35.83 0
      vertex 319.25208333333336 19.83 0
      vertex 319.25208333333336 19.83 2.5
    endloop
  endfacet
  facet normal -1 0 0
    outer loop
      vertex 319.25208333333336 35.83 0
      vertex 319.25208333333336 19.83 2.5
      vertex 319.25208333333336 35.83 2.5
    endloop
  endfacet
  facet normal 1 0 0
    outer loop
      vertex 304.75208333333336 19.83 0
      vertex 304.75208333333336 35.83 2.5
      vertex 304.75208333333336 19.83 2.5
    endloop
  endfacet
  facet normal 0 1 0
    outer loop
      vertex 304.75208333333336 19.83 0
      vertex 304.75208333333336 19.83 2.5
      vertex 319.25208333333336 19.83 0
    endloop
  endfacet
  facet normal 0 1 0
    outer loop
      vertex 319.25208333333336 19.83 0
      vertex 304.75208333333336 19.83 2.5
      vertex 319.25208333333336 19.83 2.5
    endloop
  endfacet
  facet normal 0 -1 0
    outer loop
      vertex 322.38125 35.83 0
      vertex 336.88125 35.83 2.5
      vertex 322.38125 35.83 2.5
    endloop
  endfacet
  facet normal 0 -1 0
    outer loop
      vertex 322.38125 35.83 0
      vertex 336.88125 35.83 0
      vertex 336.88125 35.83 2.5
    endloop
  endfacet
  facet normal 1 0 0
    outer loop
      vertex 322.38125 35.83 0
      vertex 322.38125 35.83 2.5
      vertex 322.38125 19.83 0
    endloop
  endfacet
  facet normal 1 0 0
    outer loop
      vertex 322.38125 19.83 0
      vertex 322.38125 35.83 2.5
      vertex 322.38125 19.83 2.5
    endloop
  endfacet
  facet normal -1 0 0
    outer loop
      vertex 336.88125 35.83 0
      vertex 336.88125 19.83 0
      vertex 336.88125 19.83 2.5
    endloop
  endfacet
  facet normal -1 0 0
    outer loop
      vertex 336.88125 35.83 0
      vertex 336.88125 19.83 2.5
      vertex 336.88125 35.83 2.5
    endloop
  endfacet
  facet normal 0 1 0
    outer loop
      vertex 322.38125 19.83 0
      vertex 322.38125 19.83 2.5
      vertex 336.88125 19.83 0
    endloop
  endfacet
  facet normal 0 1 0
    outer loop
      vertex 336.88125 19.83 0
      vertex 322.38125 19.83 2.5
      vertex 336.88125 19.83 2.5
    endloop
  endfacet
  facet normal 0 -1 0
    outer loop
      vertex 340.0104166666667 35.83 0
      vertex 354.5104166666667 35.83 0
      vertex 354.5104166666667 35.83 2.5
    endloop
  endfacet
  facet normal 0 -1 0
    outer loop
      vertex 340.0104166666667 35.83 0
      vertex 354.5104166666667 35.83 2.5
      vertex 340.0104166666667 35.83 2.5
    endloop
  endfacet
  facet normal 1 0 0
    outer loop
      vertex 340.0104166666667 35.83 0
      vertex 340.0104166666667 35.83 2.5
      vertex 340.0104166666667 19.83 0
    endloop
  endfacet
  facet normal -1 0 0
    outer loop
      vertex 354.5104166666667 35.83 0
      vertex 354.5104166666667 19.83 0
      vertex 354.5104166666667 19.83 2.5
    endloop
  endfacet
  facet normal -1 0 0
    outer loop
      vertex 354.5104166666667 35.83 0
      vertex 354.5104166666667 19.83 2.5
      vertex 354.5104166666667 35.83 2.5
    endloop
  endfacet
  facet normal 1 0 0
    outer loop
      vertex 340.0104166666667 19.83 0
      vertex 340.0104166666667 35.83 2.5
      vertex 340.0104166666667 19.83 2.5
    endloop
  endfacet
  facet normal 0 1 0
    outer loop
      vertex 340.0104166666667 19.83 0
      vertex 340.0104166666667 19.83 2.5
      vertex 354.5104166666667 19.83 0
    endloop
  endfacet
  facet normal 0 1 0
    outer loop
      vertex 354.5104166666667 19.83 0
      vertex 340.0104166666667 19.83 2.5
      vertex 354.5104166666667 19.83 2.5
    endloop
  endfacet
  facet normal 1 0 0
    outer loop
      vertex 357.63958333333335 19.83 0
      vertex 357.63958333333335 35.83 0
      vertex 357.63958333333335 35.83 2.5
    endloop
  endfacet
  facet normal 1 0 0
    outer loop
      vertex 357.63958333333335 35.83 2.5
      vertex 357.63958333333335 19.83 2.5
      vertex 357.63958333333335 19.83 0
    endloop
  endfacet
  facet normal 0 -1 0
    outer loop
      vertex 357.63958333333335 35.83 0
      vertex 372.13958333333335 35.83 0
      vertex 372.13958333333335 35.83 2.5
    endloop
  endfacet
  facet normal 0 -1 0
    outer loop
      vertex 357.63958333333335 35.83 0
      vertex 372.13958333333335 35.83 2.5
      vertex 357.63958333333335 35.83 2.5
    endloop
  endfacet
  facet normal -1 0 0
    outer loop
      vertex 372.13958333333335 19.83 0
      vertex 372.13958333333335 19.83 2.5
      vertex 372.13958333333335 35.83 0
    endloop
  endfacet
  facet normal -1 0 0
    outer loop
      vertex 372.13958333333335 35.83 0
      vertex 372.13958333333335 19.83 2.5
      vertex 372.13958333333335 35.83 2.5
    endloop
  endfacet
  facet normal 0 1 0
    outer loop
      vertex 357.63958333333335 19.83 0
      vertex 357.63958333333335 19.83 2.5
      vertex 372.13958333333335 19.83 0
    endloop
  endfacet
  facet normal 0 1 0
    outer loop
      vertex 357.63958333333335 19.83 2.5
      vertex 372.13958333333335 19.83 2.5
      vertex 372.13958333333335 19.83 0
    endloop
  endfacet
  facet normal 0 -1 0
    outer loop
      vertex 375.26875 35.83 0
      vertex 389.76875 35.83 0
      vertex 389.76875 35.83 2.5
    endloop
  endfacet
  facet normal 0 -1 0
    outer loop
      vertex 375.26875 35.83 0
      vertex 389.76875 35.83 2.5
      vertex 375.26875 35.83 2.5
    endloop
  endfacet
  facet normal 1 0 0
    outer loop
      vertex 375.26875 35.83 0
      vertex 375.26875 35.83 2.5
      vertex 375.26875 19.83 0
    endloop
  endfacet
  facet normal -1 0 0
    outer loop
      vertex 389.76875 35.83 0
      vertex 389.76875 19.83 0
      vertex 389.76875 19.83 2.5
    endloop
  endfacet
  facet normal -1 0 0
    outer loop
      vertex 389.76875 35.83 0
      vertex 389.76875 19.83 2.5
      vertex 389.76875 35.83 2.5
    endloop
  endfacet
  facet normal 1 0 0
    outer loop
      vertex 375.26875 19.83 0
      vertex 375.26875 35.83 2.5
      vertex 375.26875 19.83 2.5
    endloop
  endfacet
  facet normal 0 1 0
    outer loop
      vertex 375.26875 19.83 0
      vertex 375.26875 19.83 2.5
      vertex 389.76875 19.83 0
    endloop
  endfacet
  facet normal 0 1 0
    outer loop
      vertex 389.76875 19.83 0
      vertex 375.26875 19.83 2.5
      vertex 389.76875 19.83 2.5
    endloop
  endfacet
  facet normal 0 -1 0
    outer loop
      vertex 392.8979166666667 35.83 0
      vertex 407.3979166666667 35.83 0
      vertex 407.3979166666667 35.83 2.5
    endloop
  endfacet
  facet normal 0 -1 0
    outer loop
      vertex 392.8979166666667 35.83 0
      vertex 407.3979166666667 35.83 2.5
      vertex 392.8979166666667 35.83 2.5
    endloop
  endfacet
  facet normal 1 0 0
    outer loop
      vertex 392.8979166666667 35.83 0
      vertex 392.8979166666667 35.83 2.5
      vertex 392.8979166666667 19.83 0
    endloop
  endfacet
  facet normal -1 0 0
    outer loop
      vertex 407.3979166666667 35.83 0
      vertex 407.3979166666667 19.83 0
      vertex 407.3979166666667 19.83 2.5
    endloop
  endfacet
  facet normal -1 0 0
    outer loop
      vertex 407.3979166666667 35.83 0
      vertex 407.3979166666667 19.83 2.5
      vertex 407.3979166666667 35.83 2.5
    endloop
  endfacet
  facet normal 1 0 0
    outer loop
      vertex 392.8979166666667 19.83 0
      vertex 392.8979166666667 35.83 2.5
      vertex 392.8979166666667 19.83 2.5
    endloop
  endfacet
  facet normal 0 1 0
    outer loop
      vertex 392.8979166666667 19.83 0
      vertex 392.8979166666667 19.83 2.5
      vertex 407.3979166666667 19.83 0
    endloop
  endfacet
  facet normal 0 1 0
    outer loop
      vertex 407.3979166666667 19.83 0
      vertex 392.8979166666667 19.83 2.5
      vertex 407.3979166666667 19.83 2.5
    endloop
  endfacet
  facet normal 0 -1 0
    outer loop
      vertex 410.52708333333334 35.83 0
      vertex 425.02708333333334 35.83 0
      vertex 425.02708333333334 35.83 2.5
    endloop
  endfacet
  facet normal 0 -1 0
    outer loop
      vertex 410.52708333333334 35.83 2.5
      vertex 410.52708333333334 35.83 0
      vertex 425.02708333333334 35.83 2.5
    endloop
  endfacet
  facet normal 1 0 0
    outer loop
      vertex 410.52708333333334 35.83 0
      vertex 410.52708333333334 35.83 2.5
      vertex 410.52708333333334 19.83 0
    endloop
  endfacet
  facet normal 1 0 0
    outer loop
      vertex 410.52708333333334 19.83 0
      vertex 410.52708333333334 35.83 2.5
      vertex 410.52708333333334 19.83 2.5
    endloop
  endfacet
  facet normal -1 0 0
    outer loop
      vertex 425.02708333333334 35.83 0
      vertex 425.02708333333334 19.83 0
      vertex 425.02708333333334 19.83 2.5
    endloop
  endfacet
  facet normal -1 0 0
    outer loop
      vertex 425.02708333333334 35.83 0
      vertex 425.02708333333334 19.83 2.5
      vertex 425.02708333333334 35.83 2.5
    endloop
  endfacet
  facet normal 0 1 0
    outer loop
      vertex 410.52708333333334 19.83 0
      vertex 410.52708333333334 19.83 2.5
      vertex 425.02708333333334 19.83 0
    endloop
  endfacet
  facet normal 0 1 0
    outer loop
      vertex 425.02708333333334 19.83 0
      vertex 410.52708333333334 19.83 2.5
      vertex 425.02708333333334 19.83 2.5
    endloop
  endfacet
  facet normal 0 -1 0
    outer loop
      vertex 428.15625 35.83 0
      vertex 442.65625 35.83 0
      vertex 442.65625 35.83 2.5
    endloop
  endfacet
  facet normal 0 -1 0
    outer loop
      vertex 428.15625 35.83 0
      vertex 442.65625 35.83 2.5
      vertex 428.15625 35.83 2.5
    endloop
  endfacet
  facet normal 1 0 0
    outer loop
      vertex 428.15625 35.83 0
      vertex 428.15625 35.83 2.5
      vertex 428.15625 19.83 0
    endloop
  endfacet
  facet normal -1 0 0
    outer loop
      vertex 442.65625 35.83 0
      vertex 442.65625 19.83 0
      vertex 442.65625 19.83 2.5
    endloop
  endfacet
  facet normal -1 0 0
    outer loop
      vertex 442.65625 35.83 0
      vertex 442.65625 19.83 2.5
      vertex 442.65625 35.83 2.5
    endloop
  endfacet
  facet normal 1 0 0
    outer loop
      vertex 428.15625 19.83 0
      vertex 428.15625 35.83 2.5
      vertex 428.15625 19.83 2.5
    endloop
  endfacet
  facet normal 0 1 0
    outer loop
      vertex 428.15625 19.83 0
      vertex 428.15625 19.83 2.5
      vertex 442.65625 19.83 0
    endloop
  endfacet
  facet normal 0 1 0
    outer loop
      vertex 442.65625 19.83 0
      vertex 428.15625 19.83 2.5
      vertex 442.65625 19.83 2.5
    endloop
  endfacet
  facet normal 0 -1 0
    outer loop
      vertex 445.78541666666666 35.83 0
      vertex 460.28541666666666 35.83 2.5
      vertex 445.78541666666666 35.83 2.5
    endloop
  endfacet
  facet normal 0 -1 0
    outer loop
      vertex 445.78541666666666 35.83 0
      vertex 460.28541666666666 35.83 0
      vertex 460.28541666666666 35.83 2.5
    endloop
  endfacet
  facet normal 1 0 0
    outer loop
      vertex 445.78541666666666 35.83 0
      vertex 445.78541666666666 35.83 2.5
      vertex 445.78541666666666 19.83 0
    endloop
  endfacet
  facet normal 1 0 0
    outer loop
      vertex 445.78541666666666 19.83 0
      vertex 445.78541666666666 35.83 2.5
      vertex 445.78541666666666 19.83 2.5
    endloop
  endfacet
  facet normal -1 0 0
    outer loop
      vertex 460.28541666666666 35.83 0
      vertex 460.28541666666666 19.83 0
      vertex 460.28541666666666 19.83 2.5
    endloop
  endfacet
  facet normal -1 0 0
    outer loop
      vertex 460.28541666666666 35.83 0
      vertex 460.28541666666666 19.83 2.5
      vertex 460.28541666666666 35.83 2.5
    endloop
  endfacet
  facet normal 0 1 0
    outer loop
      vertex 445.78541666666666 19.83 0
      vertex 445.78541666666666 19.83 2.5
      vertex 460.28541666666666 19.83 0
    endloop
  endfacet
  facet normal 0 1 0
    outer loop
      vertex 460.28541666666666 19.83 0
      vertex 445.78541666666666 19.83 2.5
      vertex 460.28541666666666 19.83 2.5
    endloop
  endfacet
  facet normal 0 -0.09801714032956167 0.9951847266721967
    outer loop
      vertex 244.5 34.0548 3.3
      vertex 241.3 34.386453547427415 3.332665023314508
      vertex 241.3 34.0548 3.3
    endloop
  endfacet
  facet normal 0 -0.29028467725445967 0.9569403357322095
    outer loop
      vertex 244.5 34.386453547427415 3.332665023314508
      vertex 241.3 34.70536183502065 3.4294047947308126
      vertex 241.3 34.386453547427415 3.332665023314508
    endloop
  endfacet
  facet normal 0 -0.09801714032956167 0.9951847266721967
    outer loop
      vertex 244.5 34.386453547427415 3.332665023314508
      vertex 241.3 34.386453547427415 3.332665023314508
      vertex 244.5 34.0548 3.3
    endloop
  endfacet
  facet normal 1.5204321908286207e-18 -0.29028467725445967 0.9569403357322095
    outer loop
      vertex 244.5 34.386453547427415 3.332665023314508
      vertex 244.5 34.70536183502065 3.4294047947308126
      vertex 241.3 34.70536183502065 3.4294047947308126
    endloop
  endfacet
  facet normal 0 0.0980171403295596 0.995184726672197
    outer loop
      vertex 244.5 33.72314645257258 3.332665023314508
      vertex 241.3 34.0548 3.3
      vertex 241.3 33.72314645257258 3.332665023314508
    endloop
  endfacet
  facet normal 0 0.2902846772544656 0.9569403357322078
    outer loop
      vertex 244.5 33.40423816497935 3.4294047947308126
      vertex 241.3 33.72314645257258 3.332665023314508
      vertex 241.3 33.40423816497935 3.4294047947308126
    endloop
  endfacet
  facet normal 0 0.0980171403295596 0.995184726672197
    outer loop
      vertex 244.5 34.0548 3.3
      vertex 241.3 34.0548 3.3
      vertex 244.5 33.72314645257258 3.332665023314508
    endloop
  endfacet
  facet normal 0 0.2902846772544656 0.9569403357322078
    outer loop
      vertex 244.5 33.72314645257258 3.332665023314508
      vertex 241.3 33.72314645257258 3.332665023314508
      vertex 244.5 33.40423816497935 3.4294047947308126
    endloop
  endfacet
  facet normal 0 -0.47139673682600153 0.8819212643483528
    outer loop
      vertex 244.5 34.70536183502065 3.4294047947308126
      vertex 241.3 34.99926939613332 3.5865016590856733
      vertex 241.3 34.70536183502065 3.4294047947308126
    endloop
  endfacet
  facet normal -5.701689300699284e-19 -0.47139673682600153 0.8819212643483528
    outer loop
      vertex 244.5 34.70536183502065 3.4294047947308126
      vertex 244.5 34.99926939613332 3.5865016590856733
      vertex 241.3 34.99926939613332 3.5865016590856733
    endloop
  endfacet
  facet normal 0 -0.6343932841636499 0.7730104533627332
    outer loop
      vertex 244.5 34.99926939613332 3.5865016590856733
      vertex 241.3 35.256881528017125 3.797918471982869
      vertex 241.3 34.99926939613332 3.5865016590856733
    endloop
  endfacet
  facet normal -3.1119105746265862e-18 -0.6343932841636499 0.7730104533627332
    outer loop
      vertex 244.5 34.99926939613332 3.5865016590856733
      vertex 244.5 35.256881528017125 3.797918471982869
      vertex 241.3 35.256881528017125 3.797918471982869
    endloop
  endfacet
  facet normal 0 0.4713967368259927 0.8819212643483575
    outer loop
      vertex 244.5 33.11033060386667 3.5865016590856733
      vertex 241.3 33.40423816497935 3.4294047947308126
      vertex 241.3 33.11033060386667 3.5865016590856733
    endloop
  endfacet
  facet normal 0 0.4713967368259927 0.8819212643483575
    outer loop
      vertex 244.5 33.40423816497935 3.4294047947308126
      vertex 241.3 33.40423816497935 3.4294047947308126
      vertex 244.5 33.11033060386667 3.5865016590856733
    endloop
  endfacet
  facet normal 0 0.6343932841636499 0.7730104533627332
    outer loop
      vertex 244.5 32.85271847198287 3.797918471982869
      vertex 241.3 33.11033060386667 3.5865016590856733
      vertex 241.3 32.85271847198287 3.797918471982869
    endloop
  endfacet
  facet normal 0 0.6343932841636499 0.7730104533627332
    outer loop
      vertex 244.5 33.11033060386667 3.5865016590856733
      vertex 241.3 33.11033060386667 3.5865016590856733
      vertex 244.5 32.85271847198287 3.797918471982869
    endloop
  endfacet
  facet normal 0 -0.8819212643483525 0.4713967368260024
    outer loop
      vertex 244.5 35.46829834091432 4.055530603866677
      vertex 241.3 35.625395205269186 4.349438164979348
      vertex 241.3 35.46829834091432 4.055530603866677
    endloop
  endfacet
  facet normal 3.10956288710167e-18 -0.8819212643483525 0.4713967368260024
    outer loop
      vertex 244.5 35.46829834091432 4.055530603866677
      vertex 244.5 35.625395205269186 4.349438164979348
      vertex 241.3 35.625395205269186 4.349438164979348
    endloop
  endfacet
  facet normal 0 -0.7730104533627348 0.6343932841636482
    outer loop
      vertex 244.5 35.256881528017125 3.797918471982869
      vertex 241.3 35.46829834091432 4.055530603866677
      vertex 241.3 35.256881528017125 3.797918471982869
    endloop
  endfacet
  facet normal -1.6165529787377836e-18 -0.7730104533627348 0.6343932841636482
    outer loop
      vertex 244.5 35.256881528017125 3.797918471982869
      vertex 244.5 35.46829834091432 4.055530603866677
      vertex 241.3 35.46829834091432 4.055530603866677
    endloop
  endfacet
  facet normal 0 0.7730104533627348 0.6343932841636482
    outer loop
      vertex 244.5 32.85271847198287 3.797918471982869
      vertex 241.3 32.85271847198287 3.797918471982869
      vertex 244.5 32.64130165908567 4.055530603866677
    endloop
  endfacet
  facet normal 0 -0.9569403357322099 0.29028467725445856
    outer loop
      vertex 244.5 35.625395205269186 4.349438164979348
      vertex 241.3 35.72213497668549 4.668346452572582
      vertex 241.3 35.625395205269186 4.349438164979348
    endloop
  endfacet
  facet normal 1.1692320893303159e-18 -0.9569403357322099 0.29028467725445856
    outer loop
      vertex 244.5 35.625395205269186 4.349438164979348
      vertex 244.5 35.72213497668549 4.668346452572582
      vertex 241.3 35.72213497668549 4.668346452572582
    endloop
  endfacet
  facet normal 0 -0.9951847266721973 0.098017140329558
    outer loop
      vertex 244.5 35.72213497668549 4.668346452572582
      vertex 241.3 35.754799999999996 5
      vertex 241.3 35.72213497668549 4.668346452572582
    endloop
  endfacet
  facet normal 5.57425141823127e-19 -0.9951847266721973 0.098017140329558
    outer loop
      vertex 244.5 35.72213497668549 4.668346452572582
      vertex 244.5 35.754799999999996 5
      vertex 241.3 35.754799999999996 5
    endloop
  endfacet
  facet normal 0 0.7730104533627348 0.6343932841636482
    outer loop
      vertex 244.5 32.64130165908567 4.055530603866677
      vertex 241.3 32.85271847198287 3.797918471982869
      vertex 241.3 32.64130165908567 4.055530603866677
    endloop
  endfacet
  facet normal 0 0.8819212643483525 0.4713967368260024
    outer loop
      vertex 244.5 32.64130165908567 4.055530603866677
      vertex 241.3 32.64130165908567 4.055530603866677
      vertex 244.5 32.48420479473081 4.349438164979348
    endloop
  endfacet
  facet normal 0 0.8819212643483525 0.4713967368260024
    outer loop
      vertex 244.5 32.48420479473081 4.349438164979348
      vertex 241.3 32.64130165908567 4.055530603866677
      vertex 241.3 32.48420479473081 4.349438164979348
    endloop
  endfacet
  facet normal 0 0.9569403357322099 0.29028467725445856
    outer loop
      vertex 244.5 32.48420479473081 4.349438164979348
      vertex 241.3 32.48420479473081 4.349438164979348
      vertex 244.5 32.387465023314505 4.668346452572582
    endloop
  endfacet
  facet normal 0 0.9569403357322099 0.29028467725445856
    outer loop
      vertex 244.5 32.387465023314505 4.668346452572582
      vertex 241.3 32.48420479473081 4.349438164979348
      vertex 241.3 32.387465023314505 4.668346452572582
    endloop
  endfacet
  facet normal 0 0.9951847266721973 0.098017140329558
    outer loop
      vertex 244.5 32.387465023314505 4.668346452572582
      vertex 241.3 32.387465023314505 4.668346452572582
      vertex 244.5 32.3548 5
    endloop
  endfacet
  facet normal 0 0.9951847266721973 0.098017140329558
    outer loop
      vertex 244.5 32.3548 5
      vertex 241.3 32.387465023314505 4.668346452572582
      vertex 241.3 32.3548 5
    endloop
  endfacet
  facet normal 0 -0.9951847266721973 -0.098017140329558
    outer loop
      vertex 244.5 35.754799999999996 5
      vertex 241.3 35.72213497668549 5.331653547427418
      vertex 241.3 35.754799999999996 5
    endloop
  endfacet
  facet normal -5.57425141823127e-19 -0.9951847266721973 -0.098017140329558
    outer loop
      vertex 244.5 35.754799999999996 5
      vertex 244.5 35.72213497668549 5.331653547427418
      vertex 241.3 35.72213497668549 5.331653547427418
    endloop
  endfacet
  facet normal 0 -0.9569403357322099 -0.29028467725445856
    outer loop
      vertex 244.5 35.72213497668549 5.331653547427418
      vertex 241.3 35.625395205269186 5.650561835020652
      vertex 241.3 35.72213497668549 5.331653547427418
    endloop
  endfacet
  facet normal -1.1692320893303159e-18 -0.9569403357322099 -0.29028467725445856
    outer loop
      vertex 244.5 35.72213497668549 5.331653547427418
      vertex 244.5 35.625395205269186 5.650561835020652
      vertex 241.3 35.625395205269186 5.650561835020652
    endloop
  endfacet
  facet normal 0 -0.8819212643483525 -0.4713967368260024
    outer loop
      vertex 244.5 35.625395205269186 5.650561835020652
      vertex 241.3 35.46829834091432 5.944469396133323
      vertex 241.3 35.625395205269186 5.650561835020652
    endloop
  endfacet
  facet normal -3.10956288710167e-18 -0.8819212643483525 -0.4713967368260024
    outer loop
      vertex 244.5 35.625395205269186 5.650561835020652
      vertex 244.5 35.46829834091432 5.944469396133323
      vertex 241.3 35.46829834091432 5.944469396133323
    endloop
  endfacet
  facet normal 0 -0.7730104533627348 -0.6343932841636482
    outer loop
      vertex 244.5 35.46829834091432 5.944469396133323
      vertex 241.3 35.256881528017125 6.202081528017131
      vertex 241.3 35.46829834091432 5.944469396133323
    endloop
  endfacet
  facet normal 1.6165529787377836e-18 -0.7730104533627348 -0.6343932841636482
    outer loop
      vertex 244.5 35.46829834091432 5.944469396133323
      vertex 244.5 35.256881528017125 6.202081528017131
      vertex 241.3 35.256881528017125 6.202081528017131
    endloop
  endfacet
  facet normal 0 0.7730104533627348 -0.6343932841636482
    outer loop
      vertex 244.5 32.85271847198287 6.202081528017131
      vertex 241.3 32.64130165908567 5.944469396133323
      vertex 241.3 32.85271847198287 6.202081528017131
    endloop
  endfacet
  facet normal 0 -0.6343932841636499 -0.7730104533627332
    outer loop
      vertex 244.5 35.256881528017125 6.202081528017131
      vertex 241.3 34.99926939613332 6.413498340914327
      vertex 241.3 35.256881528017125 6.202081528017131
    endloop
  endfacet
  facet normal 3.1119105746265862e-18 -0.6343932841636499 -0.7730104533627332
    outer loop
      vertex 244.5 35.256881528017125 6.202081528017131
      vertex 244.5 34.99926939613332 6.413498340914327
      vertex 241.3 34.99926939613332 6.413498340914327
    endloop
  endfacet
  facet normal 0 -0.47139673682600153 -0.8819212643483528
    outer loop
      vertex 244.5 34.99926939613332 6.413498340914327
      vertex 241.3 34.70536183502065 6.570595205269187
      vertex 241.3 34.99926939613332 6.413498340914327
    endloop
  endfacet
  facet normal 5.701689300699284e-19 -0.47139673682600153 -0.8819212643483528
    outer loop
      vertex 244.5 34.99926939613332 6.413498340914327
      vertex 244.5 34.70536183502065 6.570595205269187
      vertex 241.3 34.70536183502065 6.570595205269187
    endloop
  endfacet
  facet normal 0 0.6343932841636499 -0.7730104533627332
    outer loop
      vertex 244.5 33.11033060386667 6.413498340914327
      vertex 241.3 32.85271847198287 6.202081528017131
      vertex 241.3 33.11033060386667 6.413498340914327
    endloop
  endfacet
  facet normal 0 0.6343932841636499 -0.7730104533627332
    outer loop
      vertex 244.5 32.85271847198287 6.202081528017131
      vertex 241.3 32.85271847198287 6.202081528017131
      vertex 244.5 33.11033060386667 6.413498340914327
    endloop
  endfacet
  facet normal 0 0.4713967368259927 -0.8819212643483575
    outer loop
      vertex 244.5 33.40423816497935 6.570595205269187
      vertex 241.3 33.11033060386667 6.413498340914327
      vertex 241.3 33.40423816497935 6.570595205269187
    endloop
  endfacet
  facet normal 0 0.4713967368259927 -0.8819212643483575
    outer loop
      vertex 244.5 33.11033060386667 6.413498340914327
      vertex 241.3 33.11033060386667 6.413498340914327
      vertex 244.5 33.40423816497935 6.570595205269187
    endloop
  endfacet
  facet normal 0 -0.29028467725445967 -0.9569403357322095
    outer loop
      vertex 244.5 34.70536183502065 6.570595205269187
      vertex 241.3 34.386453547427415 6.667334976685492
      vertex 241.3 34.70536183502065 6.570595205269187
    endloop
  endfacet
  facet normal 0 -0.09801714032956167 -0.9951847266721967
    outer loop
      vertex 244.5 34.386453547427415 6.667334976685492
      vertex 241.3 34.0548 6.7
      vertex 241.3 34.386453547427415 6.667334976685492
    endloop
  endfacet
  facet normal -1.5204321908286207e-18 -0.29028467725445967 -0.9569403357322095
    outer loop
      vertex 244.5 34.70536183502065 6.570595205269187
      vertex 244.5 34.386453547427415 6.667334976685492
      vertex 241.3 34.386453547427415 6.667334976685492
    endloop
  endfacet
  facet normal -4.088264964024794e-19 -0.09801714032956167 -0.9951847266721967
    outer loop
      vertex 244.5 34.386453547427415 6.667334976685492
      vertex 244.5 34.0548 6.7
      vertex 241.3 34.0548 6.7
    endloop
  endfacet
  facet normal 0 0.2902846772544656 -0.9569403357322078
    outer loop
      vertex 244.5 33.72314645257258 6.667334976685492
      vertex 241.3 33.40423816497935 6.570595205269187
      vertex 241.3 33.72314645257258 6.667334976685492
    endloop
  endfacet
  facet normal 0 0.0980171403295596 -0.995184726672197
    outer loop
      vertex 244.5 34.0548 6.7
      vertex 241.3 33.72314645257258 6.667334976685492
      vertex 241.3 34.0548 6.7
    endloop
  endfacet
  facet normal 0 0.2902846772544656 -0.9569403357322078
    outer loop
      vertex 244.5 33.40423816497935 6.570595205269187
      vertex 241.3 33.40423816497935 6.570595205269187
      vertex 244.5 33.72314645257258 6.667334976685492
    endloop
  endfacet
  facet normal 7.688098520502771e-20 0.0980171403295596 -0.995184726672197
    outer loop
      vertex 244.5 34.0548 6.7
      vertex 244.5 33.72314645257258 6.667334976685492
      vertex 241.3 33.72314645257258 6.667334976685492
    endloop
  endfacet
  facet normal 0 0.9951847266721973 -0.098017140329558
    outer loop
      vertex 244.5 32.3548 5
      vertex 241.3 32.3548 5
      vertex 244.5 32.387465023314505 5.331653547427418
    endloop
  endfacet
  facet normal 0 0.9951847266721973 -0.098017140329558
    outer loop
      vertex 244.5 32.387465023314505 5.331653547427418
      vertex 241.3 32.3548 5
      vertex 241.3 32.387465023314505 5.331653547427418
    endloop
  endfacet
  facet normal 0 0.9569403357322099 -0.29028467725445856
    outer loop
      vertex 244.5 32.387465023314505 5.331653547427418
      vertex 241.3 32.387465023314505 5.331653547427418
      vertex 244.5 32.48420479473081 5.650561835020652
    endloop
  endfacet
  facet normal 0 0.9569403357322099 -0.29028467725445856
    outer loop
      vertex 244.5 32.48420479473081 5.650561835020652
      vertex 241.3 32.387465023314505 5.331653547427418
      vertex 241.3 32.48420479473081 5.650561835020652
    endloop
  endfacet
  facet normal 0 0.8819212643483525 -0.4713967368260024
    outer loop
      vertex 244.5 32.48420479473081 5.650561835020652
      vertex 241.3 32.48420479473081 5.650561835020652
      vertex 244.5 32.64130165908567 5.944469396133323
    endloop
  endfacet
  facet normal 0 0.8819212643483525 -0.4713967368260024
    outer loop
      vertex 244.5 32.64130165908567 5.944469396133323
      vertex 241.3 32.48420479473081 5.650561835020652
      vertex 241.3 32.64130165908567 5.944469396133323
    endloop
  endfacet
  facet normal 0 0.7730104533627348 -0.6343932841636482
    outer loop
      vertex 244.5 32.64130165908567 5.944469396133323
      vertex 241.3 32.64130165908567 5.944469396133323
      vertex 244.5 32.85271847198287 6.202081528017131
    endloop
  endfacet
  facet normal 0 -0.8660254037844398 0.49999999999999784
    outer loop
      vertex 244.5 35.70024826719043 2.15
      vertex 247.4 35.70024826719043 2.15
      vertex 247.3 35.9023208614068 2.5
    endloop
  endfacet
  facet normal -1.0532870054524988e-16 -0.8660254037844398 0.49999999999999784
    outer loop
      vertex 247.4 35.70024826719043 2.15
      vertex 247.4 35.9023208614068 2.5
      vertex 247.3 35.9023208614068 2.5
    endloop
  endfacet
  facet normal 0 0 1
    outer loop
      vertex 244.5 35.70024826719043 2.15
      vertex 247.4 32.40935173280956 2.15
      vertex 247.4 35.70024826719043 2.15
    endloop
  endfacet
  facet normal 0 0 1
    outer loop
      vertex 244.5 35.70024826719043 2.15
      vertex 244.5 32.40935173280956 2.15
      vertex 247.4 32.40935173280956 2.15
    endloop
  endfacet
  facet normal -1 0 0
    outer loop
      vertex 247.4 35.70024826719043 2.15
      vertex 247.4 32.207279138593194 2.5
      vertex 247.4 35.9023208614068 2.5
    endloop
  endfacet
  facet normal -1 0 0
    outer loop
      vertex 247.4 35.70024826719043 2.15
      vertex 247.4 32.40935173280956 2.15
      vertex 247.4 32.207279138593194 2.5
    endloop
  endfacet
  facet normal 1.0532870054524988e-16 0.8660254037844398 0.49999999999999784
    outer loop
      vertex 247.4 32.40935173280956 2.15
      vertex 247.3 32.207279138593194 2.5
      vertex 247.4 32.207279138593194 2.5
    endloop
  endfacet
  facet normal 1 0 0
    outer loop
      vertex 244.5 35.70024826719043 2.15
      vertex 244.5 33.40423816497935 3.4294047947308126
      vertex 244.5 32.40935173280956 2.15
    endloop
  endfacet
  facet normal 1 0 0
    outer loop
      vertex 244.5 35.70024826719043 2.15
      vertex 244.5 34.386453547427415 3.332665023314508
      vertex 244.5 34.0548 3.3
    endloop
  endfacet
  facet normal 1 0 0
    outer loop
      vertex 244.5 35.70024826719043 2.15
      vertex 244.5 34.0548 3.3
      vertex 244.5 33.72314645257258 3.332665023314508
    endloop
  endfacet
  facet normal 1 0 0
    outer loop
      vertex 244.5 35.70024826719043 2.15
      vertex 244.5 34.70536183502065 3.4294047947308126
      vertex 244.5 34.386453547427415 3.332665023314508
    endloop
  endfacet
  facet normal 1 0 0
    outer loop
      vertex 244.5 35.70024826719043 2.15
      vertex 244.5 34.99926939613332 3.5865016590856733
      vertex 244.5 34.70536183502065 3.4294047947308126
    endloop
  endfacet
  facet normal 1 0 0
    outer loop
      vertex 244.5 35.70024826719043 2.15
      vertex 244.5 33.72314645257258 3.332665023314508
      vertex 244.5 33.40423816497935 3.4294047947308126
    endloop
  endfacet
  facet normal 1 0 0
    outer loop
      vertex 244.5 32.40935173280956 2.15
      vertex 244.5 33.40423816497935 3.4294047947308126
      vertex 244.5 33.11033060386667 3.5865016590856733
    endloop
  endfacet
  facet normal 1 0 0
    outer loop
      vertex 244.5 35.70024826719043 2.15
      vertex 244.5 35.46829834091432 4.055530603866677
      vertex 244.5 35.256881528017125 3.797918471982869
    endloop
  endfacet
  facet normal -2.8962928924553275e-16 -0.8660254037844388 0.4999999999999995
    outer loop
      vertex 244.5 35.70024826719043 2.15
      vertex 247.3 35.9023208614068 2.5
      vertex 244.5 37.34569653438086 5
    endloop
  endfacet
  facet normal 1 0 0
    outer loop
      vertex 244.5 35.70024826719043 2.15
      vertex 244.5 35.625395205269186 4.349438164979348
      vertex 244.5 35.46829834091432 4.055530603866677
    endloop
  endfacet
  facet normal 1 0 0
    outer loop
      vertex 244.5 35.70024826719043 2.15
      vertex 244.5 35.256881528017125 3.797918471982869
      vertex 244.5 34.99926939613332 3.5865016590856733
    endloop
  endfacet
  facet normal 1 0 0
    outer loop
      vertex 244.5 32.40935173280956 2.15
      vertex 244.5 33.11033060386667 3.5865016590856733
      vertex 244.5 32.85271847198287 3.797918471982869
    endloop
  endfacet
  facet normal 1 0 0
    outer loop
      vertex 244.5 35.70024826719043 2.15
      vertex 244.5 37.34569653438086 5
      vertex 244.5 35.625395205269186 4.349438164979348
    endloop
  endfacet
  facet normal 0 -0.8660254037844387 0.4999999999999998
    outer loop
      vertex 244.5 37.34569653438086 5
      vertex 247.3 35.9023208614068 2.5
      vertex 247.3 37.34569653438086 5
    endloop
  endfacet
  facet normal 1 0 0
    outer loop
      vertex 244.5 35.625395205269186 4.349438164979348
      vertex 244.5 37.34569653438086 5
      vertex 244.5 35.72213497668549 4.668346452572582
    endloop
  endfacet
  facet normal 1 0 0
    outer loop
      vertex 244.5 37.34569653438086 5
      vertex 244.5 35.754799999999996 5
      vertex 244.5 35.72213497668549 4.668346452572582
    endloop
  endfacet
  facet normal 0 0.8660254037844388 0.49999999999999956
    outer loop
      vertex 244.5 32.40935173280956 2.15
      vertex 244.5 30.76390346561913 5
      vertex 247.4 32.40935173280956 2.15
    endloop
  endfacet
  facet normal -3.0973342557437955e-15 0.8660254037844404 0.49999999999999717
    outer loop
      vertex 247.4 32.40935173280956 2.15
      vertex 244.5 30.76390346561913 5
      vertex 247.3 32.207279138593194 2.5
    endloop
  endfacet
  facet normal 1 0 0
    outer loop
      vertex 244.5 32.40935173280956 2.15
      vertex 244.5 32.85271847198287 3.797918471982869
      vertex 244.5 30.76390346561913 5
    endloop
  endfacet
  facet normal 1 0 0
    outer loop
      vertex 244.5 32.85271847198287 3.797918471982869
      vertex 244.5 32.64130165908567 4.055530603866677
      vertex 244.5 30.76390346561913 5
    endloop
  endfacet
  facet normal 0 0.8660254037844387 0.4999999999999998
    outer loop
      vertex 244.5 30.76390346561913 5
      vertex 247.3 30.76390346561913 5
      vertex 247.3 32.207279138593194 2.5
    endloop
  endfacet
  facet normal 1 0 0
    outer loop
      vertex 244.5 32.64130165908567 4.055530603866677
      vertex 244.5 32.48420479473081 4.349438164979348
      vertex 244.5 30.76390346561913 5
    endloop
  endfacet
  facet normal 1 0 0
    outer loop
      vertex 244.5 32.48420479473081 4.349438164979348
      vertex 244.5 32.387465023314505 4.668346452572582
      vertex 244.5 30.76390346561913 5
    endloop
  endfacet
  facet normal 1 0 0
    outer loop
      vertex 244.5 32.387465023314505 4.668346452572582
      vertex 244.5 32.3548 5
      vertex 244.5 30.76390346561913 5
    endloop
  endfacet
  facet normal 1 0 0
    outer loop
      vertex 244.5 37.34569653438086 5
      vertex 244.5 35.72213497668549 5.331653547427418
      vertex 244.5 35.754799999999996 5
    endloop
  endfacet
  facet normal 1 0 0
    outer loop
      vertex 244.5 37.34569653438086 5
      vertex 244.5 35.625395205269186 5.650561835020652
      vertex 244.5 35.72213497668549 5.331653547427418
    endloop
  endfacet
  facet normal 1 0 0
    outer loop
      vertex 244.5 37.34569653438086 5
      vertex 244.5 35.46829834091432 5.944469396133323
      vertex 244.5 35.625395205269186 5.650561835020652
    endloop
  endfacet
  facet normal 1 0 0
    outer loop
      vertex 244.5 37.34569653438086 5
      vertex 244.5 35.256881528017125 6.202081528017131
      vertex 244.5 35.46829834091432 5.944469396133323
    endloop
  endfacet
  facet normal 0 -0.8660254037844389 -0.4999999999999996
    outer loop
      vertex 244.5 37.34569653438086 5
      vertex 247.3 37.34569653438086 5
      vertex 244.5 35.70024826719043 7.85
    endloop
  endfacet
  facet normal 1 0 0
    outer loop
      vertex 244.5 37.34569653438086 5
      vertex 244.5 35.70024826719043 7.85
      vertex 244.5 35.256881528017125 6.202081528017131
    endloop
  endfacet
  facet normal 1 0 0
    outer loop
      vertex 244.5 35.256881528017125 6.202081528017131
      vertex 244.5 35.70024826719043 7.85
      vertex 244.5 34.99926939613332 6.413498340914327
    endloop
  endfacet
  facet normal 1 0 0
    outer loop
      vertex 244.5 32.85271847198287 6.202081528017131
      vertex 244.5 33.11033060386667 6.413498340914327
      vertex 244.5 32.40935173280956 7.85
    endloop
  endfacet
  facet normal 0 -0.8660254037844389 -0.4999999999999996
    outer loop
      vertex 244.5 35.70024826719043 7.85
      vertex 247.3 37.34569653438086 5
      vertex 247.3 35.70024826719043 7.85
    endloop
  endfacet
  facet normal 1 0 0
    outer loop
      vertex 244.5 34.99926939613332 6.413498340914327
      vertex 244.5 35.70024826719043 7.85
      vertex 244.5 34.70536183502065 6.570595205269187
    endloop
  endfacet
  facet normal 1 0 0
    outer loop
      vertex 244.5 34.70536183502065 6.570595205269187
      vertex 244.5 32.40935173280956 7.85
      vertex 244.5 34.386453547427415 6.667334976685492
    endloop
  endfacet
  facet normal 1 0 0
    outer loop
      vertex 244.5 33.11033060386667 6.413498340914327
      vertex 244.5 33.40423816497935 6.570595205269187
      vertex 244.5 32.40935173280956 7.85
    endloop
  endfacet
  facet normal 1 0 0
    outer loop
      vertex 244.5 33.40423816497935 6.570595205269187
      vertex 244.5 33.72314645257258 6.667334976685492
      vertex 244.5 32.40935173280956 7.85
    endloop
  endfacet
  facet normal 1 0 0
    outer loop
      vertex 244.5 34.386453547427415 6.667334976685492
      vertex 244.5 32.40935173280956 7.85
      vertex 244.5 34.0548 6.7
    endloop
  endfacet
  facet normal 1 0 0
    outer loop
      vertex 244.5 34.0548 6.7
      vertex 244.5 32.40935173280956 7.85
      vertex 244.5 33.72314645257258 6.667334976685492
    endloop
  endfacet
  facet normal 1 0 0
    outer loop
      vertex 244.5 34.70536183502065 6.570595205269187
      vertex 244.5 35.70024826719043 7.85
      vertex 244.5 32.40935173280956 7.85
    endloop
  endfacet
  facet normal 1 0 0
    outer loop
      vertex 244.5 32.3548 5
      vertex 244.5 32.387465023314505 5.331653547427418
      vertex 244.5 30.76390346561913 5
    endloop
  endfacet
  facet normal 1 0 0
    outer loop
      vertex 244.5 32.387465023314505 5.331653547427418
      vertex 244.5 32.48420479473081 5.650561835020652
      vertex 244.5 30.76390346561913 5
    endloop
  endfacet
  facet normal 1 0 0
    outer loop
      vertex 244.5 30.76390346561913 5
      vertex 244.5 32.48420479473081 5.650561835020652
      vertex 244.5 32.40935173280956 7.85
    endloop
  endfacet
  facet normal 0 0.8660254037844389 -0.4999999999999996
    outer loop
      vertex 244.5 30.76390346561913 5
      vertex 247.3 32.40935173280956 7.85
      vertex 247.3 30.76390346561913 5
    endloop
  endfacet
  facet normal 1 0 0
    outer loop
      vertex 244.5 32.48420479473081 5.650561835020652
      vertex 244.5 32.64130165908567 5.944469396133323
      vertex 244.5 32.40935173280956 7.85
    endloop
  endfacet
  facet normal 1 0 0
    outer loop
      vertex 244.5 32.64130165908567 5.944469396133323
      vertex 244.5 32.85271847198287 6.202081528017131
      vertex 244.5 32.40935173280956 7.85
    endloop
  endfacet
  facet normal -2.4885672858107752e-17 0.8660254037844389 -0.4999999999999996
    outer loop
      vertex 244.5 30.76390346561913 5
      vertex 244.5 32.40935173280956 7.85
      vertex 247.3 32.40935173280956 7.85
    endloop
  endfacet
  facet normal 0 0 -1
    outer loop
      vertex 244.5 35.70024826719043 7.85
      vertex 247.3 35.70024826719043 7.85
      vertex 244.5 32.40935173280956 7.85
    endloop
  endfacet
  facet normal 0 0 -1
    outer loop
      vertex 244.5 32.40935173280956 7.85
      vertex 247.3 35.70024826719043 7.85
      vertex 247.3 32.40935173280956 7.85
    endloop
  endfacet
  facet normal 0 -0.09801714032956063 0.9951847266721968
    outer loop
      vertex 244.5 21.83 3.3
      vertex 241.3 22.161653547427417 3.332665023314508
      vertex 241.3 21.83 3.3
    endloop
  endfacet
  facet normal 0 -0.2902846772544627 0.9569403357322088
    outer loop
      vertex 244.5 22.161653547427417 3.332665023314508
      vertex 241.3 22.48056183502065 3.4294047947308126
      vertex 241.3 22.161653547427417 3.332665023314508
    endloop
  endfacet
  facet normal 0 -0.09801714032956063 0.9951847266721968
    outer loop
      vertex 244.5 22.161653547427417 3.332665023314508
      vertex 241.3 22.161653547427417 3.332665023314508
      vertex 244.5 21.83 3.3
    endloop
  endfacet
  facet normal 1.3202674781400184e-18 -0.2902846772544627 0.9569403357322088
    outer loop
      vertex 244.5 22.161653547427417 3.332665023314508
      vertex 244.5 22.48056183502065 3.4294047947308126
      vertex 241.3 22.48056183502065 3.4294047947308126
    endloop
  endfacet
  facet normal 0 -0.4713967368259971 0.8819212643483552
    outer loop
      vertex 244.5 22.48056183502065 3.4294047947308126
      vertex 241.3 22.774469396133323 3.5865016590856733
      vertex 241.3 22.48056183502065 3.4294047947308126
    endloop
  endfacet
  facet normal 2.2510912457447043e-18 -0.4713967368259971 0.8819212643483552
    outer loop
      vertex 244.5 22.48056183502065 3.4294047947308126
      vertex 244.5 22.774469396133323 3.5865016590856733
      vertex 241.3 22.774469396133323 3.5865016590856733
    endloop
  endfacet
  facet normal 0 -0.6343932841636447 0.7730104533627375
    outer loop
      vertex 244.5 22.774469396133323 3.5865016590856733
      vertex 241.3 23.03208152801713 3.797918471982869
      vertex 241.3 22.774469396133323 3.5865016590856733
    endloop
  endfacet
  facet normal -1.5151183837039307e-18 -0.6343932841636447 0.7730104533627375
    outer loop
      vertex 244.5 22.774469396133323 3.5865016590856733
      vertex 244.5 23.03208152801713 3.797918471982869
      vertex 241.3 23.03208152801713 3.797918471982869
    endloop
  endfacet
  facet normal 0 -0.77301045336274 0.6343932841636418
    outer loop
      vertex 244.5 23.03208152801713 3.797918471982869
      vertex 241.3 23.243498340914325 4.055530603866677
      vertex 241.3 23.03208152801713 3.797918471982869
    endloop
  endfacet
  facet normal -9.490427883850987e-19 -0.77301045336274 0.6343932841636418
    outer loop
      vertex 244.5 23.03208152801713 3.797918471982869
      vertex 244.5 23.243498340914325 4.055530603866677
      vertex 241.3 23.243498340914325 4.055530603866677
    endloop
  endfacet
  facet normal 0 -0.8819212643483568 0.47139673682599403
    outer loop
      vertex 244.5 23.243498340914325 4.055530603866677
      vertex 241.3 23.400595205269184 4.349438164979348
      vertex 241.3 23.243498340914325 4.055530603866677
    endloop
  endfacet
  facet normal -1.8010483519575305e-20 -0.8819212643483568 0.47139673682599403
    outer loop
      vertex 244.5 23.243498340914325 4.055530603866677
      vertex 244.5 23.400595205269184 4.349438164979348
      vertex 241.3 23.400595205269184 4.349438164979348
    endloop
  endfacet
  facet normal 0 -0.9569403357322072 0.2902846772544683
    outer loop
      vertex 244.5 23.400595205269184 4.349438164979348
      vertex 241.3 23.49733497668549 4.668346452572582
      vertex 241.3 23.400595205269184 4.349438164979348
    endloop
  endfacet
  facet normal -2.5544902308700544e-19 -0.9569403357322072 0.2902846772544683
    outer loop
      vertex 244.5 23.400595205269184 4.349438164979348
      vertex 244.5 23.49733497668549 4.668346452572582
      vertex 241.3 23.49733497668549 4.668346452572582
    endloop
  endfacet
  facet normal 0 -0.9951847266721973 0.098017140329558
    outer loop
      vertex 244.5 23.49733497668549 4.668346452572582
      vertex 241.3 23.529999999999998 5
      vertex 241.3 23.49733497668549 4.668346452572582
    endloop
  endfacet
  facet normal 5.57425141823127e-19 -0.9951847266721973 0.098017140329558
    outer loop
      vertex 244.5 23.49733497668549 4.668346452572582
      vertex 244.5 23.529999999999998 5
      vertex 241.3 23.529999999999998 5
    endloop
  endfacet
  facet normal 0 0.09801714032956063 0.9951847266721968
    outer loop
      vertex 244.5 21.49834645257258 3.332665023314508
      vertex 241.3 21.83 3.3
      vertex 241.3 21.49834645257258 3.332665023314508
    endloop
  endfacet
  facet normal 0 0.2902846772544627 0.9569403357322088
    outer loop
      vertex 244.5 21.179438164979345 3.4294047947308126
      vertex 241.3 21.49834645257258 3.332665023314508
      vertex 241.3 21.179438164979345 3.4294047947308126
    endloop
  endfacet
  facet normal 0 0.09801714032956063 0.9951847266721968
    outer loop
      vertex 244.5 21.83 3.3
      vertex 241.3 21.83 3.3
      vertex 244.5 21.49834645257258 3.332665023314508
    endloop
  endfacet
  facet normal 0 0.2902846772544627 0.9569403357322088
    outer loop
      vertex 244.5 21.49834645257258 3.332665023314508
      vertex 241.3 21.49834645257258 3.332665023314508
      vertex 244.5 21.179438164979345 3.4294047947308126
    endloop
  endfacet
  facet normal 0 0.4713967368259971 0.8819212643483552
    outer loop
      vertex 244.5 20.885530603866673 3.5865016590856733
      vertex 241.3 21.179438164979345 3.4294047947308126
      vertex 241.3 20.885530603866673 3.5865016590856733
    endloop
  endfacet
  facet normal 0 0.4713967368259971 0.8819212643483552
    outer loop
      vertex 244.5 21.179438164979345 3.4294047947308126
      vertex 241.3 21.179438164979345 3.4294047947308126
      vertex 244.5 20.885530603866673 3.5865016590856733
    endloop
  endfacet
  facet normal 0 0.6343932841636447 0.7730104533627375
    outer loop
      vertex 244.5 20.627918471982866 3.797918471982869
      vertex 241.3 20.885530603866673 3.5865016590856733
      vertex 241.3 20.627918471982866 3.797918471982869
    endloop
  endfacet
  facet normal 0 0.6343932841636447 0.7730104533627375
    outer loop
      vertex 244.5 20.885530603866673 3.5865016590856733
      vertex 241.3 20.885530603866673 3.5865016590856733
      vertex 244.5 20.627918471982866 3.797918471982869
    endloop
  endfacet
  facet normal 0 0.77301045336274 0.6343932841636418
    outer loop
      vertex 244.5 20.627918471982866 3.797918471982869
      vertex 241.3 20.627918471982866 3.797918471982869
      vertex 244.5 20.41650165908567 4.055530603866677
    endloop
  endfacet
  facet normal 0 0.77301045336274 0.6343932841636418
    outer loop
      vertex 244.5 20.41650165908567 4.055530603866677
      vertex 241.3 20.627918471982866 3.797918471982869
      vertex 241.3 20.41650165908567 4.055530603866677
    endloop
  endfacet
  facet normal 0 0.8819212643483568 0.47139673682599403
    outer loop
      vertex 244.5 20.41650165908567 4.055530603866677
      vertex 241.3 20.41650165908567 4.055530603866677
      vertex 244.5 20.259404794730813 4.349438164979348
    endloop
  endfacet
  facet normal 0 0.8819212643483568 0.47139673682599403
    outer loop
      vertex 244.5 20.259404794730813 4.349438164979348
      vertex 241.3 20.41650165908567 4.055530603866677
      vertex 241.3 20.259404794730813 4.349438164979348
    endloop
  endfacet
  facet normal 0 0.9569403357322072 0.2902846772544683
    outer loop
      vertex 244.5 20.259404794730813 4.349438164979348
      vertex 241.3 20.259404794730813 4.349438164979348
      vertex 244.5 20.162665023314506 4.668346452572582
    endloop
  endfacet
  facet normal 0 0.9569403357322072 0.2902846772544683
    outer loop
      vertex 244.5 20.162665023314506 4.668346452572582
      vertex 241.3 20.259404794730813 4.349438164979348
      vertex 241.3 20.162665023314506 4.668346452572582
    endloop
  endfacet
  facet normal 0 0.9951847266721973 0.098017140329558
    outer loop
      vertex 244.5 20.162665023314506 4.668346452572582
      vertex 241.3 20.162665023314506 4.668346452572582
      vertex 244.5 20.13 5
    endloop
  endfacet
  facet normal 0 0.9951847266721973 0.098017140329558
    outer loop
      vertex 244.5 20.13 5
      vertex 241.3 20.162665023314506 4.668346452572582
      vertex 241.3 20.13 5
    endloop
  endfacet
  facet normal 0 -0.9951847266721973 -0.098017140329558
    outer loop
      vertex 244.5 23.529999999999998 5
      vertex 241.3 23.49733497668549 5.331653547427418
      vertex 241.3 23.529999999999998 5
    endloop
  endfacet
  facet normal -5.57425141823127e-19 -0.9951847266721973 -0.098017140329558
    outer loop
      vertex 244.5 23.529999999999998 5
      vertex 244.5 23.49733497668549 5.331653547427418
      vertex 241.3 23.49733497668549 5.331653547427418
    endloop
  endfacet
  facet normal 0 -0.9569403357322072 -0.2902846772544683
    outer loop
      vertex 244.5 23.49733497668549 5.331653547427418
      vertex 241.3 23.400595205269184 5.650561835020652
      vertex 241.3 23.49733497668549 5.331653547427418
    endloop
  endfacet
  facet normal 2.5544902308700544e-19 -0.9569403357322072 -0.2902846772544683
    outer loop
      vertex 244.5 23.49733497668549 5.331653547427418
      vertex 244.5 23.400595205269184 5.650561835020652
      vertex 241.3 23.400595205269184 5.650561835020652
    endloop
  endfacet
  facet normal 0 -0.8819212643483568 -0.47139673682599403
    outer loop
      vertex 244.5 23.400595205269184 5.650561835020652
      vertex 241.3 23.243498340914325 5.944469396133323
      vertex 241.3 23.400595205269184 5.650561835020652
    endloop
  endfacet
  facet normal 1.8010483519575305e-20 -0.8819212643483568 -0.47139673682599403
    outer loop
      vertex 244.5 23.400595205269184 5.650561835020652
      vertex 244.5 23.243498340914325 5.944469396133323
      vertex 241.3 23.243498340914325 5.944469396133323
    endloop
  endfacet
  facet normal 0 -0.77301045336274 -0.6343932841636418
    outer loop
      vertex 244.5 23.243498340914325 5.944469396133323
      vertex 241.3 23.03208152801713 6.202081528017131
      vertex 241.3 23.243498340914325 5.944469396133323
    endloop
  endfacet
  facet normal 9.490427883850987e-19 -0.77301045336274 -0.6343932841636418
    outer loop
      vertex 244.5 23.243498340914325 5.944469396133323
      vertex 244.5 23.03208152801713 6.202081528017131
      vertex 241.3 23.03208152801713 6.202081528017131
    endloop
  endfacet
  facet normal 0 -0.6343932841636447 -0.7730104533627375
    outer loop
      vertex 244.5 23.03208152801713 6.202081528017131
      vertex 241.3 22.774469396133323 6.413498340914327
      vertex 241.3 23.03208152801713 6.202081528017131
    endloop
  endfacet
  facet normal 1.5151183837039307e-18 -0.6343932841636447 -0.7730104533627375
    outer loop
      vertex 244.5 23.03208152801713 6.202081528017131
      vertex 244.5 22.774469396133323 6.413498340914327
      vertex 241.3 22.774469396133323 6.413498340914327
    endloop
  endfacet
  facet normal 0 -0.4713967368259971 -0.8819212643483552
    outer loop
      vertex 244.5 22.774469396133323 6.413498340914327
      vertex 241.3 22.48056183502065 6.570595205269187
      vertex 241.3 22.774469396133323 6.413498340914327
    endloop
  endfacet
  facet normal -2.2510912457447043e-18 -0.4713967368259971 -0.8819212643483552
    outer loop
      vertex 244.5 22.774469396133323 6.413498340914327
      vertex 244.5 22.48056183502065 6.570595205269187
      vertex 241.3 22.48056183502065 6.570595205269187
    endloop
  endfacet
  facet normal 0 -0.2902846772544627 -0.9569403357322088
    outer loop
      vertex 244.5 22.48056183502065 6.570595205269187
      vertex 241.3 22.161653547427417 6.667334976685492
      vertex 241.3 22.48056183502065 6.570595205269187
    endloop
  endfacet
  facet normal 0 -0.09801714032956063 -0.9951847266721968
    outer loop
      vertex 244.5 22.161653547427417 6.667334976685492
      vertex 241.3 21.83 6.7
      vertex 241.3 22.161653547427417 6.667334976685492
    endloop
  endfacet
  facet normal -1.3202674781400184e-18 -0.2902846772544627 -0.9569403357322088
    outer loop
      vertex 244.5 22.48056183502065 6.570595205269187
      vertex 244.5 22.161653547427417 6.667334976685492
      vertex 241.3 22.161653547427417 6.667334976685492
    endloop
  endfacet
  facet normal -2.4285374080375175e-19 -0.09801714032956063 -0.9951847266721968
    outer loop
      vertex 244.5 22.161653547427417 6.667334976685492
      vertex 244.5 21.83 6.7
      vertex 241.3 21.83 6.7
    endloop
  endfacet
  facet normal 0 0.9951847266721973 -0.098017140329558
    outer loop
      vertex 244.5 20.13 5
      vertex 241.3 20.13 5
      vertex 244.5 20.162665023314506 5.331653547427418
    endloop
  endfacet
  facet normal 0 0.9951847266721973 -0.098017140329558
    outer loop
      vertex 244.5 20.162665023314506 5.331653547427418
      vertex 241.3 20.13 5
      vertex 241.3 20.162665023314506 5.331653547427418
    endloop
  endfacet
  facet normal 0 0.9569403357322072 -0.2902846772544683
    outer loop
      vertex 244.5 20.162665023314506 5.331653547427418
      vertex 241.3 20.162665023314506 5.331653547427418
      vertex 244.5 20.259404794730813 5.650561835020652
    endloop
  endfacet
  facet normal 0 0.9569403357322072 -0.2902846772544683
    outer loop
      vertex 244.5 20.259404794730813 5.650561835020652
      vertex 241.3 20.162665023314506 5.331653547427418
      vertex 241.3 20.259404794730813 5.650561835020652
    endloop
  endfacet
  facet normal 0 0.8819212643483568 -0.47139673682599403
    outer loop
      vertex 244.5 20.259404794730813 5.650561835020652
      vertex 241.3 20.259404794730813 5.650561835020652
      vertex 244.5 20.41650165908567 5.944469396133323
    endloop
  endfacet
  facet normal 0 0.8819212643483568 -0.47139673682599403
    outer loop
      vertex 244.5 20.41650165908567 5.944469396133323
      vertex 241.3 20.259404794730813 5.650561835020652
      vertex 241.3 20.41650165908567 5.944469396133323
    endloop
  endfacet
  facet normal 0 0.77301045336274 -0.6343932841636418
    outer loop
      vertex 244.5 20.41650165908567 5.944469396133323
      vertex 241.3 20.41650165908567 5.944469396133323
      vertex 244.5 20.627918471982866 6.202081528017131
    endloop
  endfacet
  facet normal 0 0.77301045336274 -0.6343932841636418
    outer loop
      vertex 244.5 20.627918471982866 6.202081528017131
      vertex 241.3 20.41650165908567 5.944469396133323
      vertex 241.3 20.627918471982866 6.202081528017131
    endloop
  endfacet
  facet normal 0 0.6343932841636447 -0.7730104533627375
    outer loop
      vertex 244.5 20.885530603866673 6.413498340914327
      vertex 241.3 20.627918471982866 6.202081528017131
      vertex 241.3 20.885530603866673 6.413498340914327
    endloop
  endfacet
  facet normal 0 0.6343932841636447 -0.7730104533627375
    outer loop
      vertex 244.5 20.627918471982866 6.202081528017131
      vertex 241.3 20.627918471982866 6.202081528017131
      vertex 244.5 20.885530603866673 6.413498340914327
    endloop
  endfacet
  facet normal 0 0.4713967368259971 -0.8819212643483552
    outer loop
      vertex 244.5 21.179438164979345 6.570595205269187
      vertex 241.3 20.885530603866673 6.413498340914327
      vertex 241.3 21.179438164979345 6.570595205269187
    endloop
  endfacet
  facet normal 0 0.4713967368259971 -0.8819212643483552
    outer loop
      vertex 244.5 20.885530603866673 6.413498340914327
      vertex 241.3 20.885530603866673 6.413498340914327
      vertex 244.5 21.179438164979345 6.570595205269187
    endloop
  endfacet
  facet normal 0 0.2902846772544627 -0.9569403357322088
    outer loop
      vertex 244.5 21.49834645257258 6.667334976685492
      vertex 241.3 21.179438164979345 6.570595205269187
      vertex 241.3 21.49834645257258 6.667334976685492
    endloop
  endfacet
  facet normal 0 0.09801714032956063 -0.9951847266721968
    outer loop
      vertex 244.5 21.83 6.7
      vertex 241.3 21.49834645257258 6.667334976685492
      vertex 241.3 21.83 6.7
    endloop
  endfacet
  facet normal 0 0.2902846772544627 -0.9569403357322088
    outer loop
      vertex 244.5 21.179438164979345 6.570595205269187
      vertex 241.3 21.179438164979345 6.570595205269187
      vertex 244.5 21.49834645257258 6.667334976685492
    endloop
  endfacet
  facet normal 0 0.09801714032956063 -0.9951847266721968
    outer loop
      vertex 244.5 21.49834645257258 6.667334976685492
      vertex 241.3 21.49834645257258 6.667334976685492
      vertex 244.5 21.83 6.7
    endloop
  endfacet
  facet normal 0 0 1
    outer loop
      vertex 244.5 23.475448267190433 2.15
      vertex 247.4 20.184551732809563 2.15
      vertex 247.4 23.475448267190433 2.15
    endloop
  endfacet
  facet normal 0 -0.8660254037844398 0.49999999999999784
    outer loop
      vertex 244.5 23.475448267190433 2.15
      vertex 247.4 23.475448267190433 2.15
      vertex 247.3 23.6775208614068 2.5
    endloop
  endfacet
  facet normal -1.0532870054524988e-16 -0.8660254037844398 0.49999999999999784
    outer loop
      vertex 247.4 23.475448267190433 2.15
      vertex 247.4 23.6775208614068 2.5
      vertex 247.3 23.6775208614068 2.5
    endloop
  endfacet
  facet normal -1 0 0
    outer loop
      vertex 247.4 23.475448267190433 2.15
      vertex 247.4 19.982479138593195 2.5
      vertex 247.4 23.6775208614068 2.5
    endloop
  endfacet
  facet normal 1 0 0
    outer loop
      vertex 244.5 23.475448267190433 2.15
      vertex 244.5 22.161653547427417 3.332665023314508
      vertex 244.5 21.83 3.3
    endloop
  endfacet
  facet normal 1 0 0
    outer loop
      vertex 244.5 23.475448267190433 2.15
      vertex 244.5 21.83 3.3
      vertex 244.5 21.49834645257258 3.332665023314508
    endloop
  endfacet
  facet normal 1 0 0
    outer loop
      vertex 244.5 23.475448267190433 2.15
      vertex 244.5 22.48056183502065 3.4294047947308126
      vertex 244.5 22.161653547427417 3.332665023314508
    endloop
  endfacet
  facet normal 1 0 0
    outer loop
      vertex 244.5 23.475448267190433 2.15
      vertex 244.5 22.774469396133323 3.5865016590856733
      vertex 244.5 22.48056183502065 3.4294047947308126
    endloop
  endfacet
  facet normal 1 0 0
    outer loop
      vertex 244.5 23.475448267190433 2.15
      vertex 244.5 23.243498340914325 4.055530603866677
      vertex 244.5 23.03208152801713 3.797918471982869
    endloop
  endfacet
  facet normal -2.8962928924553275e-16 -0.8660254037844388 0.4999999999999995
    outer loop
      vertex 244.5 23.475448267190433 2.15
      vertex 247.3 23.6775208614068 2.5
      vertex 244.5 25.120896534380865 5
    endloop
  endfacet
  facet normal 1 0 0
    outer loop
      vertex 244.5 23.475448267190433 2.15
      vertex 244.5 23.03208152801713 3.797918471982869
      vertex 244.5 22.774469396133323 3.5865016590856733
    endloop
  endfacet
  facet normal 1 0 0
    outer loop
      vertex 244.5 23.475448267190433 2.15
      vertex 244.5 23.400595205269184 4.349438164979348
      vertex 244.5 23.243498340914325 4.055530603866677
    endloop
  endfacet
  facet normal 0 -0.8660254037844387 0.4999999999999998
    outer loop
      vertex 244.5 25.120896534380865 5
      vertex 247.3 23.6775208614068 2.5
      vertex 247.3 25.120896534380865 5
    endloop
  endfacet
  facet normal 1 0 0
    outer loop
      vertex 244.5 23.475448267190433 2.15
      vertex 244.5 25.120896534380865 5
      vertex 244.5 23.400595205269184 4.349438164979348
    endloop
  endfacet
  facet normal 1 0 0
    outer loop
      vertex 244.5 23.400595205269184 4.349438164979348
      vertex 244.5 25.120896534380865 5
      vertex 244.5 23.49733497668549 4.668346452572582
    endloop
  endfacet
  facet normal 1 0 0
    outer loop
      vertex 244.5 25.120896534380865 5
      vertex 244.5 23.529999999999998 5
      vertex 244.5 23.49733497668549 4.668346452572582
    endloop
  endfacet
  facet normal 0 0 1
    outer loop
      vertex 244.5 23.475448267190433 2.15
      vertex 244.5 20.184551732809563 2.15
      vertex 247.4 20.184551732809563 2.15
    endloop
  endfacet
  facet normal -1 0 0
    outer loop
      vertex 247.4 23.475448267190433 2.15
      vertex 247.4 20.184551732809563 2.15
      vertex 247.4 19.982479138593195 2.5
    endloop
  endfacet
  facet normal 1.0532870054524988e-16 0.8660254037844398 0.49999999999999784
    outer loop
      vertex 247.4 20.184551732809563 2.15
      vertex 247.3 19.982479138593195 2.5
      vertex 247.4 19.982479138593195 2.5
    endloop
  endfacet
  facet normal 1 0 0
    outer loop
      vertex 244.5 23.475448267190433 2.15
      vertex 244.5 21.49834645257258 3.332665023314508
      vertex 244.5 20.184551732809563 2.15
    endloop
  endfacet
  facet normal 1 0 0
    outer loop
      vertex 244.5 20.184551732809563 2.15
      vertex 244.5 21.49834645257258 3.332665023314508
      vertex 244.5 21.179438164979345 3.4294047947308126
    endloop
  endfacet
  facet normal 1 0 0
    outer loop
      vertex 244.5 20.184551732809563 2.15
      vertex 244.5 21.179438164979345 3.4294047947308126
      vertex 244.5 20.885530603866673 3.5865016590856733
    endloop
  endfacet
  facet normal 0 0.8660254037844388 0.49999999999999956
    outer loop
      vertex 244.5 20.184551732809563 2.15
      vertex 244.5 18.53910346561913 5
      vertex 247.4 20.184551732809563 2.15
    endloop
  endfacet
  facet normal -3.0973342557437955e-15 0.8660254037844404 0.49999999999999717
    outer loop
      vertex 247.4 20.184551732809563 2.15
      vertex 244.5 18.53910346561913 5
      vertex 247.3 19.982479138593195 2.5
    endloop
  endfacet
  facet normal 1 0 0
    outer loop
      vertex 244.5 20.184551732809563 2.15
      vertex 244.5 20.885530603866673 3.5865016590856733
      vertex 244.5 18.53910346561913 5
    endloop
  endfacet
  facet normal 1 0 0
    outer loop
      vertex 244.5 20.885530603866673 3.5865016590856733
      vertex 244.5 20.627918471982866 3.797918471982869
      vertex 244.5 18.53910346561913 5
    endloop
  endfacet
  facet normal 1 0 0
    outer loop
      vertex 244.5 20.627918471982866 3.797918471982869
      vertex 244.5 20.41650165908567 4.055530603866677
      vertex 244.5 18.53910346561913 5
    endloop
  endfacet
  facet normal 0 0.8660254037844387 0.4999999999999998
    outer loop
      vertex 244.5 18.53910346561913 5
      vertex 247.3 18.53910346561913 5
      vertex 247.3 19.982479138593195 2.5
    endloop
  endfacet
  facet normal 1 0 0
    outer loop
      vertex 244.5 20.41650165908567 4.055530603866677
      vertex 244.5 20.259404794730813 4.349438164979348
      vertex 244.5 18.53910346561913 5
    endloop
  endfacet
  facet normal 1 0 0
    outer loop
      vertex 244.5 20.259404794730813 4.349438164979348
      vertex 244.5 20.162665023314506 4.668346452572582
      vertex 244.5 18.53910346561913 5
    endloop
  endfacet
  facet normal 1 0 0
    outer loop
      vertex 244.5 20.162665023314506 4.668346452572582
      vertex 244.5 20.13 5
      vertex 244.5 18.53910346561913 5
    endloop
  endfacet
  facet normal 1 0 0
    outer loop
      vertex 244.5 25.120896534380865 5
      vertex 244.5 23.49733497668549 5.331653547427418
      vertex 244.5 23.529999999999998 5
    endloop
  endfacet
  facet normal 1 0 0
    outer loop
      vertex 244.5 25.120896534380865 5
      vertex 244.5 23.400595205269184 5.650561835020652
      vertex 244.5 23.49733497668549 5.331653547427418
    endloop
  endfacet
  facet normal 1 0 0
    outer loop
      vertex 244.5 25.120896534380865 5
      vertex 244.5 23.243498340914325 5.944469396133323
      vertex 244.5 23.400595205269184 5.650561835020652
    endloop
  endfacet
  facet normal 0 -0.8660254037844389 -0.4999999999999996
    outer loop
      vertex 244.5 25.120896534380865 5
      vertex 247.3 25.120896534380865 5
      vertex 244.5 23.475448267190433 7.85
    endloop
  endfacet
  facet normal 1 0 0
    outer loop
      vertex 244.5 25.120896534380865 5
      vertex 244.5 23.03208152801713 6.202081528017131
      vertex 244.5 23.243498340914325 5.944469396133323
    endloop
  endfacet
  facet normal 1 0 0
    outer loop
      vertex 244.5 25.120896534380865 5
      vertex 244.5 22.774469396133323 6.413498340914327
      vertex 244.5 23.03208152801713 6.202081528017131
    endloop
  endfacet
  facet normal 1 0 0
    outer loop
      vertex 244.5 25.120896534380865 5
      vertex 244.5 23.475448267190433 7.85
      vertex 244.5 22.774469396133323 6.413498340914327
    endloop
  endfacet
  facet normal 0 -0.8660254037844389 -0.4999999999999996
    outer loop
      vertex 244.5 23.475448267190433 7.85
      vertex 247.3 25.120896534380865 5
      vertex 247.3 23.475448267190433 7.85
    endloop
  endfacet
  facet normal 1 0 0
    outer loop
      vertex 244.5 22.774469396133323 6.413498340914327
      vertex 244.5 23.475448267190433 7.85
      vertex 244.5 22.48056183502065 6.570595205269187
    endloop
  endfacet
  facet normal 1 0 0
    outer loop
      vertex 244.5 22.48056183502065 6.570595205269187
      vertex 244.5 23.475448267190433 7.85
      vertex 244.5 22.161653547427417 6.667334976685492
    endloop
  endfacet
  facet normal 1 0 0
    outer loop
      vertex 244.5 22.161653547427417 6.667334976685492
      vertex 244.5 23.475448267190433 7.85
      vertex 244.5 20.184551732809563 7.85
    endloop
  endfacet
  facet normal 0 0 -1
    outer loop
      vertex 244.5 23.475448267190433 7.85
      vertex 247.3 23.475448267190433 7.85
      vertex 244.5 20.184551732809563 7.85
    endloop
  endfacet
  facet normal 1 0 0
    outer loop
      vertex 244.5 20.13 5
      vertex 244.5 20.162665023314506 5.331653547427418
      vertex 244.5 18.53910346561913 5
    endloop
  endfacet
  facet normal 1 0 0
    outer loop
      vertex 244.5 18.53910346561913 5
      vertex 244.5 20.162665023314506 5.331653547427418
      vertex 244.5 20.259404794730813 5.650561835020652
    endloop
  endfacet
  facet normal 1 0 0
    outer loop
      vertex 244.5 18.53910346561913 5
      vertex 244.5 20.259404794730813 5.650561835020652
      vertex 244.5 20.184551732809563 7.85
    endloop
  endfacet
  facet normal 0 0.8660254037844389 -0.4999999999999996
    outer loop
      vertex 244.5 18.53910346561913 5
      vertex 247.3 20.184551732809563 7.85
      vertex 247.3 18.53910346561913 5
    endloop
  endfacet
  facet normal 1 0 0
    outer loop
      vertex 244.5 20.259404794730813 5.650561835020652
      vertex 244.5 20.41650165908567 5.944469396133323
      vertex 244.5 20.184551732809563 7.85
    endloop
  endfacet
  facet normal 1 0 0
    outer loop
      vertex 244.5 20.627918471982866 6.202081528017131
      vertex 244.5 20.885530603866673 6.413498340914327
      vertex 244.5 20.184551732809563 7.85
    endloop
  endfacet
  facet normal 1 0 0
    outer loop
      vertex 244.5 20.41650165908567 5.944469396133323
      vertex 244.5 20.627918471982866 6.202081528017131
      vertex 244.5 20.184551732809563 7.85
    endloop
  endfacet
  facet normal 1 0 0
    outer loop
      vertex 244.5 20.885530603866673 6.413498340914327
      vertex 244.5 21.179438164979345 6.570595205269187
      vertex 244.5 20.184551732809563 7.85
    endloop
  endfacet
  facet normal 1 0 0
    outer loop
      vertex 244.5 21.179438164979345 6.570595205269187
      vertex 244.5 21.49834645257258 6.667334976685492
      vertex 244.5 20.184551732809563 7.85
    endloop
  endfacet
  facet normal 1 0 0
    outer loop
      vertex 244.5 22.161653547427417 6.667334976685492
      vertex 244.5 20.184551732809563 7.85
      vertex 244.5 21.83 6.7
    endloop
  endfacet
  facet normal 1 0 0
    outer loop
      vertex 244.5 21.49834645257258 6.667334976685492
      vertex 244.5 21.83 6.7
      vertex 244.5 20.184551732809563 7.85
    endloop
  endfacet
  facet normal -2.4885672858107752e-17 0.8660254037844389 -0.4999999999999996
    outer loop
      vertex 244.5 18.53910346561913 5
      vertex 244.5 20.184551732809563 7.85
      vertex 247.3 20.184551732809563 7.85
    endloop
  endfacet
  facet normal 0 0 -1
    outer loop
      vertex 244.5 20.184551732809563 7.85
      vertex 247.3 23.475448267190433 7.85
      vertex 247.3 20.184551732809563 7.85
    endloop
  endfacet
  facet normal -1.6165529787377836e-18 -0.7730104533627348 0.6343932841636482
    outer loop
      vertex 244.5 10.807281528017128 3.797918471982869
      vertex 244.5 11.018698340914327 4.055530603866677
      vertex 241.3 11.018698340914327 4.055530603866677
    endloop
  endfacet
  facet normal 0 -0.8819212643483613 0.47139673682598576
    outer loop
      vertex 244.5 11.018698340914327 4.055530603866677
      vertex 241.3 11.175795205269182 4.349438164979348
      vertex 241.3 11.018698340914327 4.055530603866677
    endloop
  endfacet
  facet normal -3.145583854140852e-18 -0.8819212643483613 0.47139673682598576
    outer loop
      vertex 244.5 11.018698340914327 4.055530603866677
      vertex 244.5 11.175795205269182 4.349438164979348
      vertex 241.3 11.175795205269182 4.349438164979348
    endloop
  endfacet
  facet normal 0 -0.9569403357322099 0.29028467725445856
    outer loop
      vertex 244.5 11.175795205269182 4.349438164979348
      vertex 241.3 11.272534976685485 4.668346452572582
      vertex 241.3 11.175795205269182 4.349438164979348
    endloop
  endfacet
  facet normal 1.1692320893303159e-18 -0.9569403357322099 0.29028467725445856
    outer loop
      vertex 244.5 11.175795205269182 4.349438164979348
      vertex 244.5 11.272534976685485 4.668346452572582
      vertex 241.3 11.272534976685485 4.668346452572582
    endloop
  endfacet
  facet normal 0 -0.9951847266721952 0.09801714032957912
    outer loop
      vertex 244.5 11.272534976685485 4.668346452572582
      vertex 241.3 11.3052 5
      vertex 241.3 11.272534976685485 4.668346452572582
    endloop
  endfacet
  facet normal -3.324765326394497e-19 -0.9951847266721952 0.09801714032957912
    outer loop
      vertex 244.5 11.272534976685485 4.668346452572582
      vertex 244.5 11.3052 5
      vertex 241.3 11.3052 5
    endloop
  endfacet
  facet normal 0 -0.09801714032956167 0.9951847266721967
    outer loop
      vertex 244.5 9.605199999999996 3.3
      vertex 241.3 9.936853547427411 3.332665023314508
      vertex 241.3 9.605199999999996 3.3
    endloop
  endfacet
  facet normal 0 -0.29028467725445967 0.9569403357322095
    outer loop
      vertex 244.5 9.936853547427411 3.332665023314508
      vertex 241.3 10.25576183502065 3.4294047947308126
      vertex 241.3 9.936853547427411 3.332665023314508
    endloop
  endfacet
  facet normal 0 -0.09801714032956167 0.9951847266721967
    outer loop
      vertex 244.5 9.936853547427411 3.332665023314508
      vertex 241.3 9.936853547427411 3.332665023314508
      vertex 244.5 9.605199999999996 3.3
    endloop
  endfacet
  facet normal 1.5204321908286207e-18 -0.29028467725445967 0.9569403357322095
    outer loop
      vertex 244.5 9.936853547427411 3.332665023314508
      vertex 244.5 10.25576183502065 3.4294047947308126
      vertex 241.3 10.25576183502065 3.4294047947308126
    endloop
  endfacet
  facet normal 0 0.09801714032956167 0.9951847266721967
    outer loop
      vertex 244.5 9.273546452572582 3.332665023314508
      vertex 241.3 9.605199999999996 3.3
      vertex 241.3 9.273546452572582 3.332665023314508
    endloop
  endfacet
  facet normal 0 0.29028467725445967 0.9569403357322095
    outer loop
      vertex 244.5 8.954638164979343 3.4294047947308126
      vertex 241.3 9.273546452572582 3.332665023314508
      vertex 241.3 8.954638164979343 3.4294047947308126
    endloop
  endfacet
  facet normal 0 0.09801714032956167 0.9951847266721967
    outer loop
      vertex 244.5 9.605199999999996 3.3
      vertex 241.3 9.605199999999996 3.3
      vertex 244.5 9.273546452572582 3.332665023314508
    endloop
  endfacet
  facet normal 0 0.29028467725445967 0.9569403357322095
    outer loop
      vertex 244.5 9.273546452572582 3.332665023314508
      vertex 241.3 9.273546452572582 3.332665023314508
      vertex 244.5 8.954638164979343 3.4294047947308126
    endloop
  endfacet
  facet normal 0 -0.47139673682600153 0.8819212643483528
    outer loop
      vertex 244.5 10.25576183502065 3.4294047947308126
      vertex 241.3 10.549669396133318 3.5865016590856733
      vertex 241.3 10.25576183502065 3.4294047947308126
    endloop
  endfacet
  facet normal -5.701689300699284e-19 -0.47139673682600153 0.8819212643483528
    outer loop
      vertex 244.5 10.25576183502065 3.4294047947308126
      vertex 244.5 10.549669396133318 3.5865016590856733
      vertex 241.3 10.549669396133318 3.5865016590856733
    endloop
  endfacet
  facet normal 0 -0.6343932841636395 0.7730104533627419
    outer loop
      vertex 244.5 10.549669396133318 3.5865016590856733
      vertex 241.3 10.807281528017128 3.797918471982869
      vertex 241.3 10.549669396133318 3.5865016590856733
    endloop
  endfacet
  facet normal 8.167380721869891e-20 -0.6343932841636395 0.7730104533627419
    outer loop
      vertex 244.5 10.549669396133318 3.5865016590856733
      vertex 244.5 10.807281528017128 3.797918471982869
      vertex 241.3 10.807281528017128 3.797918471982869
    endloop
  endfacet
  facet normal 0 0.47139673682600153 0.8819212643483528
    outer loop
      vertex 244.5 8.660730603866675 3.5865016590856733
      vertex 241.3 8.954638164979343 3.4294047947308126
      vertex 241.3 8.660730603866675 3.5865016590856733
    endloop
  endfacet
  facet normal 0 0.47139673682600153 0.8819212643483528
    outer loop
      vertex 244.5 8.954638164979343 3.4294047947308126
      vertex 241.3 8.954638164979343 3.4294047947308126
      vertex 244.5 8.660730603866675 3.5865016590856733
    endloop
  endfacet
  facet normal 0 0.6343932841636395 0.7730104533627419
    outer loop
      vertex 244.5 8.403118471982864 3.797918471982869
      vertex 241.3 8.660730603866675 3.5865016590856733
      vertex 241.3 8.403118471982864 3.797918471982869
    endloop
  endfacet
  facet normal 0 0.6343932841636395 0.7730104533627419
    outer loop
      vertex 244.5 8.660730603866675 3.5865016590856733
      vertex 241.3 8.660730603866675 3.5865016590856733
      vertex 244.5 8.403118471982864 3.797918471982869
    endloop
  endfacet
  facet normal 0 -0.7730104533627348 0.6343932841636482
    outer loop
      vertex 244.5 10.807281528017128 3.797918471982869
      vertex 241.3 11.018698340914327 4.055530603866677
      vertex 241.3 10.807281528017128 3.797918471982869
    endloop
  endfacet
  facet normal 0 0.7730104533627348 0.6343932841636482
    outer loop
      vertex 244.5 8.403118471982864 3.797918471982869
      vertex 241.3 8.403118471982864 3.797918471982869
      vertex 244.5 8.191701659085666 4.055530603866677
    endloop
  endfacet
  facet normal 0 0.7730104533627348 0.6343932841636482
    outer loop
      vertex 244.5 8.191701659085666 4.055530603866677
      vertex 241.3 8.403118471982864 3.797918471982869
      vertex 241.3 8.191701659085666 4.055530603866677
    endloop
  endfacet
  facet normal 0 0.8819212643483613 0.47139673682598576
    outer loop
      vertex 244.5 8.191701659085666 4.055530603866677
      vertex 241.3 8.191701659085666 4.055530603866677
      vertex 244.5 8.03460479473081 4.349438164979348
    endloop
  endfacet
  facet normal 0 0.8819212643483613 0.47139673682598576
    outer loop
      vertex 244.5 8.03460479473081 4.349438164979348
      vertex 241.3 8.191701659085666 4.055530603866677
      vertex 241.3 8.03460479473081 4.349438164979348
    endloop
  endfacet
  facet normal 0 0.9569403357322099 0.29028467725445856
    outer loop
      vertex 244.5 8.03460479473081 4.349438164979348
      vertex 241.3 8.03460479473081 4.349438164979348
      vertex 244.5 7.937865023314508 4.668346452572582
    endloop
  endfacet
  facet normal 0 0.9569403357322099 0.29028467725445856
    outer loop
      vertex 244.5 7.937865023314508 4.668346452572582
      vertex 241.3 8.03460479473081 4.349438164979348
      vertex 241.3 7.937865023314508 4.668346452572582
    endloop
  endfacet
  facet normal 0 0.9951847266721952 0.09801714032957912
    outer loop
      vertex 244.5 7.937865023314508 4.668346452572582
      vertex 241.3 7.937865023314508 4.668346452572582
      vertex 244.5 7.905199999999994 5
    endloop
  endfacet
  facet normal 0 0.9951847266721952 0.09801714032957912
    outer loop
      vertex 244.5 7.905199999999994 5
      vertex 241.3 7.937865023314508 4.668346452572582
      vertex 241.3 7.905199999999994 5
    endloop
  endfacet
  facet normal 0 -0.9951847266721952 -0.09801714032957912
    outer loop
      vertex 244.5 11.3052 5
      vertex 241.3 11.272534976685485 5.331653547427418
      vertex 241.3 11.3052 5
    endloop
  endfacet
  facet normal 3.324765326394497e-19 -0.9951847266721952 -0.09801714032957912
    outer loop
      vertex 244.5 11.3052 5
      vertex 244.5 11.272534976685485 5.331653547427418
      vertex 241.3 11.272534976685485 5.331653547427418
    endloop
  endfacet
  facet normal 0 -0.9569403357322099 -0.29028467725445856
    outer loop
      vertex 244.5 11.272534976685485 5.331653547427418
      vertex 241.3 11.175795205269182 5.650561835020652
      vertex 241.3 11.272534976685485 5.331653547427418
    endloop
  endfacet
  facet normal -1.1692320893303159e-18 -0.9569403357322099 -0.29028467725445856
    outer loop
      vertex 244.5 11.272534976685485 5.331653547427418
      vertex 244.5 11.175795205269182 5.650561835020652
      vertex 241.3 11.175795205269182 5.650561835020652
    endloop
  endfacet
  facet normal 0 -0.8819212643483613 -0.47139673682598576
    outer loop
      vertex 244.5 11.175795205269182 5.650561835020652
      vertex 241.3 11.018698340914327 5.944469396133323
      vertex 241.3 11.175795205269182 5.650561835020652
    endloop
  endfacet
  facet normal 3.145583854140852e-18 -0.8819212643483613 -0.47139673682598576
    outer loop
      vertex 244.5 11.175795205269182 5.650561835020652
      vertex 244.5 11.018698340914327 5.944469396133323
      vertex 241.3 11.018698340914327 5.944469396133323
    endloop
  endfacet
  facet normal 0 -0.7730104533627348 -0.6343932841636482
    outer loop
      vertex 244.5 11.018698340914327 5.944469396133323
      vertex 241.3 10.807281528017128 6.202081528017131
      vertex 241.3 11.018698340914327 5.944469396133323
    endloop
  endfacet
  facet normal 0 0.9951847266721952 -0.09801714032957912
    outer loop
      vertex 244.5 7.905199999999994 5
      vertex 241.3 7.905199999999994 5
      vertex 244.5 7.937865023314508 5.331653547427418
    endloop
  endfacet
  facet normal 0 0.9951847266721952 -0.09801714032957912
    outer loop
      vertex 244.5 7.937865023314508 5.331653547427418
      vertex 241.3 7.905199999999994 5
      vertex 241.3 7.937865023314508 5.331653547427418
    endloop
  endfacet
  facet normal 0 0.9569403357322099 -0.29028467725445856
    outer loop
      vertex 244.5 7.937865023314508 5.331653547427418
      vertex 241.3 7.937865023314508 5.331653547427418
      vertex 244.5 8.03460479473081 5.650561835020652
    endloop
  endfacet
  facet normal 0 0.9569403357322099 -0.29028467725445856
    outer loop
      vertex 244.5 8.03460479473081 5.650561835020652
      vertex 241.3 7.937865023314508 5.331653547427418
      vertex 241.3 8.03460479473081 5.650561835020652
    endloop
  endfacet
  facet normal 1.6165529787377836e-18 -0.7730104533627348 -0.6343932841636482
    outer loop
      vertex 244.5 11.018698340914327 5.944469396133323
      vertex 244.5 10.807281528017128 6.202081528017131
      vertex 241.3 10.807281528017128 6.202081528017131
    endloop
  endfacet
  facet normal 0 0.7730104533627348 -0.6343932841636482
    outer loop
      vertex 244.5 8.191701659085666 5.944469396133323
      vertex 241.3 8.191701659085666 5.944469396133323
      vertex 244.5 8.403118471982864 6.202081528017131
    endloop
  endfacet
  facet normal 0 0.7730104533627348 -0.6343932841636482
    outer loop
      vertex 244.5 8.403118471982864 6.202081528017131
      vertex 241.3 8.191701659085666 5.944469396133323
      vertex 241.3 8.403118471982864 6.202081528017131
    endloop
  endfacet
  facet normal 0 0.8819212643483613 -0.47139673682598576
    outer loop
      vertex 244.5 8.03460479473081 5.650561835020652
      vertex 241.3 8.03460479473081 5.650561835020652
      vertex 244.5 8.191701659085666 5.944469396133323
    endloop
  endfacet
  facet normal 0 0.8819212643483613 -0.47139673682598576
    outer loop
      vertex 244.5 8.191701659085666 5.944469396133323
      vertex 241.3 8.03460479473081 5.650561835020652
      vertex 241.3 8.191701659085666 5.944469396133323
    endloop
  endfacet
  facet normal 0 -0.6343932841636395 -0.7730104533627419
    outer loop
      vertex 244.5 10.807281528017128 6.202081528017131
      vertex 241.3 10.549669396133318 6.413498340914327
      vertex 241.3 10.807281528017128 6.202081528017131
    endloop
  endfacet
  facet normal -8.167380721869891e-20 -0.6343932841636395 -0.7730104533627419
    outer loop
      vertex 244.5 10.807281528017128 6.202081528017131
      vertex 244.5 10.549669396133318 6.413498340914327
      vertex 241.3 10.549669396133318 6.413498340914327
    endloop
  endfacet
  facet normal 0 -0.47139673682600153 -0.8819212643483528
    outer loop
      vertex 244.5 10.549669396133318 6.413498340914327
      vertex 241.3 10.25576183502065 6.570595205269187
      vertex 241.3 10.549669396133318 6.413498340914327
    endloop
  endfacet
  facet normal 5.701689300699284e-19 -0.47139673682600153 -0.8819212643483528
    outer loop
      vertex 244.5 10.549669396133318 6.413498340914327
      vertex 244.5 10.25576183502065 6.570595205269187
      vertex 241.3 10.25576183502065 6.570595205269187
    endloop
  endfacet
  facet normal 0 0.6343932841636395 -0.7730104533627419
    outer loop
      vertex 244.5 8.660730603866675 6.413498340914327
      vertex 241.3 8.403118471982864 6.202081528017131
      vertex 241.3 8.660730603866675 6.413498340914327
    endloop
  endfacet
  facet normal 8.167380721869891e-20 0.6343932841636395 -0.7730104533627419
    outer loop
      vertex 244.5 8.660730603866675 6.413498340914327
      vertex 244.5 8.403118471982864 6.202081528017131
      vertex 241.3 8.403118471982864 6.202081528017131
    endloop
  endfacet
  facet normal 0 0.47139673682600153 -0.8819212643483528
    outer loop
      vertex 244.5 8.954638164979343 6.570595205269187
      vertex 241.3 8.660730603866675 6.413498340914327
      vertex 241.3 8.954638164979343 6.570595205269187
    endloop
  endfacet
  facet normal 0 0.47139673682600153 -0.8819212643483528
    outer loop
      vertex 244.5 8.660730603866675 6.413498340914327
      vertex 241.3 8.660730603866675 6.413498340914327
      vertex 244.5 8.954638164979343 6.570595205269187
    endloop
  endfacet
  facet normal 0 -0.29028467725445967 -0.9569403357322095
    outer loop
      vertex 244.5 10.25576183502065 6.570595205269187
      vertex 241.3 9.936853547427411 6.667334976685492
      vertex 241.3 10.25576183502065 6.570595205269187
    endloop
  endfacet
  facet normal 0 -0.09801714032956167 -0.9951847266721967
    outer loop
      vertex 244.5 9.936853547427411 6.667334976685492
      vertex 241.3 9.605199999999996 6.7
      vertex 241.3 9.936853547427411 6.667334976685492
    endloop
  endfacet
  facet normal -1.5204321908286207e-18 -0.29028467725445967 -0.9569403357322095
    outer loop
      vertex 244.5 10.25576183502065 6.570595205269187
      vertex 244.5 9.936853547427411 6.667334976685492
      vertex 241.3 9.936853547427411 6.667334976685492
    endloop
  endfacet
  facet normal -4.088264964024794e-19 -0.09801714032956167 -0.9951847266721967
    outer loop
      vertex 244.5 9.936853547427411 6.667334976685492
      vertex 244.5 9.605199999999996 6.7
      vertex 241.3 9.605199999999996 6.7
    endloop
  endfacet
  facet normal 0 0.29028467725445967 -0.9569403357322095
    outer loop
      vertex 244.5 9.273546452572582 6.667334976685492
      vertex 241.3 8.954638164979343 6.570595205269187
      vertex 241.3 9.273546452572582 6.667334976685492
    endloop
  endfacet
  facet normal 0 0.09801714032956167 -0.9951847266721967
    outer loop
      vertex 244.5 9.605199999999996 6.7
      vertex 241.3 9.273546452572582 6.667334976685492
      vertex 241.3 9.605199999999996 6.7
    endloop
  endfacet
  facet normal 0 0.29028467725445967 -0.9569403357322095
    outer loop
      vertex 244.5 8.954638164979343 6.570595205269187
      vertex 241.3 8.954638164979343 6.570595205269187
      vertex 244.5 9.273546452572582 6.667334976685492
    endloop
  endfacet
  facet normal 0 0.09801714032956167 -0.9951847266721967
    outer loop
      vertex 244.5 9.273546452572582 6.667334976685492
      vertex 241.3 9.273546452572582 6.667334976685492
      vertex 244.5 9.605199999999996 6.7
    endloop
  endfacet
  facet normal 0 -0.8660254037844398 0.49999999999999784
    outer loop
      vertex 244.5 11.250648267190428 2.15
      vertex 247.4 11.250648267190428 2.15
      vertex 247.3 11.452720861406796 2.5
    endloop
  endfacet
  facet normal -1.0532870054524988e-16 -0.8660254037844398 0.49999999999999784
    outer loop
      vertex 247.4 11.250648267190428 2.15
      vertex 247.4 11.452720861406796 2.5
      vertex 247.3 11.452720861406796 2.5
    endloop
  endfacet
  facet normal 0 0 1
    outer loop
      vertex 244.5 11.250648267190428 2.15
      vertex 247.4 7.959751732809565 2.15
      vertex 247.4 11.250648267190428 2.15
    endloop
  endfacet
  facet normal 0 0 1
    outer loop
      vertex 244.5 11.250648267190428 2.15
      vertex 244.5 7.959751732809565 2.15
      vertex 247.4 7.959751732809565 2.15
    endloop
  endfacet
  facet normal -1 0 0
    outer loop
      vertex 247.4 11.250648267190428 2.15
      vertex 247.4 7.757679138593197 2.5
      vertex 247.4 11.452720861406796 2.5
    endloop
  endfacet
  facet normal -1 0 0
    outer loop
      vertex 247.4 11.250648267190428 2.15
      vertex 247.4 7.959751732809565 2.15
      vertex 247.4 7.757679138593197 2.5
    endloop
  endfacet
  facet normal 1.0532870054524988e-16 0.8660254037844398 0.49999999999999784
    outer loop
      vertex 247.4 7.959751732809565 2.15
      vertex 247.3 7.757679138593197 2.5
      vertex 247.4 7.757679138593197 2.5
    endloop
  endfacet
  facet normal 1 0 0
    outer loop
      vertex 244.5 11.250648267190428 2.15
      vertex 244.5 11.018698340914327 4.055530603866677
      vertex 244.5 10.807281528017128 3.797918471982869
    endloop
  endfacet
  facet normal -4.221643114900133e-16 -0.8660254037844385 0.5000000000000003
    outer loop
      vertex 244.5 11.250648267190428 2.15
      vertex 247.3 11.452720861406796 2.5
      vertex 244.5 12.896096534380863 5
    endloop
  endfacet
  facet normal 1 0 0
    outer loop
      vertex 244.5 11.250648267190428 2.15
      vertex 244.5 11.175795205269182 4.349438164979348
      vertex 244.5 11.018698340914327 4.055530603866677
    endloop
  endfacet
  facet normal 1 0 0
    outer loop
      vertex 244.5 11.250648267190428 2.15
      vertex 244.5 12.896096534380863 5
      vertex 244.5 11.175795205269182 4.349438164979348
    endloop
  endfacet
  facet normal 0 -0.8660254037844383 0.5000000000000008
    outer loop
      vertex 244.5 12.896096534380863 5
      vertex 247.3 11.452720861406796 2.5
      vertex 247.3 12.896096534380863 5
    endloop
  endfacet
  facet normal 1 0 0
    outer loop
      vertex 244.5 12.896096534380863 5
      vertex 244.5 11.272534976685485 4.668346452572582
      vertex 244.5 11.175795205269182 4.349438164979348
    endloop
  endfacet
  facet normal 1 0 0
    outer loop
      vertex 244.5 12.896096534380863 5
      vertex 244.5 11.3052 5
      vertex 244.5 11.272534976685485 4.668346452572582
    endloop
  endfacet
  facet normal 1 0 0
    outer loop
      vertex 244.5 11.250648267190428 2.15
      vertex 244.5 9.273546452572582 3.332665023314508
      vertex 244.5 7.959751732809565 2.15
    endloop
  endfacet
  facet normal 1 0 0
    outer loop
      vertex 244.5 11.250648267190428 2.15
      vertex 244.5 9.936853547427411 3.332665023314508
      vertex 244.5 9.605199999999996 3.3
    endloop
  endfacet
  facet normal 1 0 0
    outer loop
      vertex 244.5 11.250648267190428 2.15
      vertex 244.5 9.605199999999996 3.3
      vertex 244.5 9.273546452572582 3.332665023314508
    endloop
  endfacet
  facet normal 1 0 0
    outer loop
      vertex 244.5 11.250648267190428 2.15
      vertex 244.5 10.25576183502065 3.4294047947308126
      vertex 244.5 9.936853547427411 3.332665023314508
    endloop
  endfacet
  facet normal 1 0 0
    outer loop
      vertex 244.5 11.250648267190428 2.15
      vertex 244.5 10.549669396133318 3.5865016590856733
      vertex 244.5 10.25576183502065 3.4294047947308126
    endloop
  endfacet
  facet normal 1 0 0
    outer loop
      vertex 244.5 7.959751732809565 2.15
      vertex 244.5 9.273546452572582 3.332665023314508
      vertex 244.5 8.954638164979343 3.4294047947308126
    endloop
  endfacet
  facet normal 1 0 0
    outer loop
      vertex 244.5 7.959751732809565 2.15
      vertex 244.5 8.954638164979343 3.4294047947308126
      vertex 244.5 8.660730603866675 3.5865016590856733
    endloop
  endfacet
  facet normal 0 0.8660254037844379 0.5000000000000011
    outer loop
      vertex 244.5 7.959751732809565 2.15
      vertex 244.5 6.314303465619126 5
      vertex 247.4 7.959751732809565 2.15
    endloop
  endfacet
  facet normal 1 0 0
    outer loop
      vertex 244.5 11.250648267190428 2.15
      vertex 244.5 10.807281528017128 3.797918471982869
      vertex 244.5 10.549669396133318 3.5865016590856733
    endloop
  endfacet
  facet normal -6.047633171839061e-15 0.8660254037844407 0.49999999999999656
    outer loop
      vertex 247.4 7.959751732809565 2.15
      vertex 244.5 6.314303465619126 5
      vertex 247.3 7.757679138593197 2.5
    endloop
  endfacet
  facet normal 1 0 0
    outer loop
      vertex 244.5 7.959751732809565 2.15
      vertex 244.5 8.660730603866675 3.5865016590856733
      vertex 244.5 6.314303465619126 5
    endloop
  endfacet
  facet normal 1 0 0
    outer loop
      vertex 244.5 8.660730603866675 3.5865016590856733
      vertex 244.5 8.403118471982864 3.797918471982869
      vertex 244.5 6.314303465619126 5
    endloop
  endfacet
  facet normal 1 0 0
    outer loop
      vertex 244.5 8.403118471982864 3.797918471982869
      vertex 244.5 8.191701659085666 4.055530603866677
      vertex 244.5 6.314303465619126 5
    endloop
  endfacet
  facet normal 0 0.8660254037844377 0.5000000000000017
    outer loop
      vertex 244.5 6.314303465619126 5
      vertex 247.3 6.314303465619126 5
      vertex 247.3 7.757679138593197 2.5
    endloop
  endfacet
  facet normal 1 0 0
    outer loop
      vertex 244.5 8.191701659085666 4.055530603866677
      vertex 244.5 8.03460479473081 4.349438164979348
      vertex 244.5 6.314303465619126 5
    endloop
  endfacet
  facet normal 1 0 0
    outer loop
      vertex 244.5 8.03460479473081 4.349438164979348
      vertex 244.5 7.937865023314508 4.668346452572582
      vertex 244.5 6.314303465619126 5
    endloop
  endfacet
  facet normal 1 0 0
    outer loop
      vertex 244.5 7.937865023314508 4.668346452572582
      vertex 244.5 7.905199999999994 5
      vertex 244.5 6.314303465619126 5
    endloop
  endfacet
  facet normal 1 0 0
    outer loop
      vertex 244.5 12.896096534380863 5
      vertex 244.5 11.272534976685485 5.331653547427418
      vertex 244.5 11.3052 5
    endloop
  endfacet
  facet normal 1 0 0
    outer loop
      vertex 244.5 12.896096534380863 5
      vertex 244.5 11.175795205269182 5.650561835020652
      vertex 244.5 11.272534976685485 5.331653547427418
    endloop
  endfacet
  facet normal 1 0 0
    outer loop
      vertex 244.5 12.896096534380863 5
      vertex 244.5 11.018698340914327 5.944469396133323
      vertex 244.5 11.175795205269182 5.650561835020652
    endloop
  endfacet
  facet normal 1 0 0
    outer loop
      vertex 244.5 12.896096534380863 5
      vertex 244.5 10.807281528017128 6.202081528017131
      vertex 244.5 11.018698340914327 5.944469396133323
    endloop
  endfacet
  facet normal 1 0 0
    outer loop
      vertex 244.5 12.896096534380863 5
      vertex 244.5 10.549669396133318 6.413498340914327
      vertex 244.5 10.807281528017128 6.202081528017131
    endloop
  endfacet
  facet normal 0 -0.8660254037844384 -0.5000000000000003
    outer loop
      vertex 244.5 12.896096534380863 5
      vertex 247.3 12.896096534380863 5
      vertex 244.5 11.250648267190428 7.85
    endloop
  endfacet
  facet normal 1 0 0
    outer loop
      vertex 244.5 12.896096534380863 5
      vertex 244.5 11.250648267190428 7.85
      vertex 244.5 10.549669396133318 6.413498340914327
    endloop
  endfacet
  facet normal 0 -0.8660254037844384 -0.5000000000000003
    outer loop
      vertex 244.5 11.250648267190428 7.85
      vertex 247.3 12.896096534380863 5
      vertex 247.3 11.250648267190428 7.85
    endloop
  endfacet
  facet normal 1 0 0
    outer loop
      vertex 244.5 7.905199999999994 5
      vertex 244.5 7.937865023314508 5.331653547427418
      vertex 244.5 6.314303465619126 5
    endloop
  endfacet
  facet normal 1 0 0
    outer loop
      vertex 244.5 7.937865023314508 5.331653547427418
      vertex 244.5 8.03460479473081 5.650561835020652
      vertex 244.5 6.314303465619126 5
    endloop
  endfacet
  facet normal 1 0 0
    outer loop
      vertex 244.5 6.314303465619126 5
      vertex 244.5 8.03460479473081 5.650561835020652
      vertex 244.5 7.959751732809565 7.85
    endloop
  endfacet
  facet normal 0 0.8660254037844379 -0.5000000000000012
    outer loop
      vertex 244.5 6.314303465619126 5
      vertex 247.3 7.959751732809565 7.85
      vertex 247.3 6.314303465619126 5
    endloop
  endfacet
  facet normal 1 0 0
    outer loop
      vertex 244.5 8.660730603866675 6.413498340914327
      vertex 244.5 7.959751732809565 7.85
      vertex 244.5 8.403118471982864 6.202081528017131
    endloop
  endfacet
  facet normal 1 0 0
    outer loop
      vertex 244.5 8.03460479473081 5.650561835020652
      vertex 244.5 8.191701659085666 5.944469396133323
      vertex 244.5 7.959751732809565 7.85
    endloop
  endfacet
  facet normal 1 0 0
    outer loop
      vertex 244.5 8.191701659085666 5.944469396133323
      vertex 244.5 8.403118471982864 6.202081528017131
      vertex 244.5 7.959751732809565 7.85
    endloop
  endfacet
  facet normal 1 0 0
    outer loop
      vertex 244.5 10.549669396133318 6.413498340914327
      vertex 244.5 11.250648267190428 7.85
      vertex 244.5 10.25576183502065 6.570595205269187
    endloop
  endfacet
  facet normal 1 0 0
    outer loop
      vertex 244.5 10.25576183502065 6.570595205269187
      vertex 244.5 11.250648267190428 7.85
      vertex 244.5 9.936853547427411 6.667334976685492
    endloop
  endfacet
  facet normal 1 0 0
    outer loop
      vertex 244.5 8.660730603866675 6.413498340914327
      vertex 244.5 8.954638164979343 6.570595205269187
      vertex 244.5 7.959751732809565 7.85
    endloop
  endfacet
  facet normal 1 0 0
    outer loop
      vertex 244.5 8.954638164979343 6.570595205269187
      vertex 244.5 9.273546452572582 6.667334976685492
      vertex 244.5 7.959751732809565 7.85
    endloop
  endfacet
  facet normal 1 0 0
    outer loop
      vertex 244.5 9.936853547427411 6.667334976685492
      vertex 244.5 7.959751732809565 7.85
      vertex 244.5 9.605199999999996 6.7
    endloop
  endfacet
  facet normal 1 0 0
    outer loop
      vertex 244.5 9.273546452572582 6.667334976685492
      vertex 244.5 9.605199999999996 6.7
      vertex 244.5 7.959751732809565 7.85
    endloop
  endfacet
  facet normal 1 0 0
    outer loop
      vertex 244.5 9.936853547427411 6.667334976685492
      vertex 244.5 11.250648267190428 7.85
      vertex 244.5 7.959751732809565 7.85
    endloop
  endfacet
  facet normal -4.416349427548699e-17 0.8660254037844379 -0.5000000000000012
    outer loop
      vertex 244.5 6.314303465619126 5
      vertex 244.5 7.959751732809565 7.85
      vertex 247.3 7.959751732809565 7.85
    endloop
  endfacet
  facet normal 0 0 -1
    outer loop
      vertex 244.5 11.250648267190428 7.85
      vertex 247.3 11.250648267190428 7.85
      vertex 244.5 7.959751732809565 7.85
    endloop
  endfacet
  facet normal 0 0 -1
    outer loop
      vertex 244.5 7.959751732809565 7.85
      vertex 247.3 11.250648267190428 7.85
      vertex 247.3 7.959751732809565 7.85
    endloop
  endfacet
  facet normal -2.243931780693508e-19 -0.13052619222005069 0.9914448613738106
    outer loop
      vertex 241.3 28.20121904510252 4.034074173710931
      vertex 241.3 27.9424 4
      vertex 247.3 27.9424 4
    endloop
  endfacet
  facet normal 2.243931780693508e-19 0.13052619222005069 0.9914448613738106
    outer loop
      vertex 241.3 27.9424 4
      vertex 241.3 27.68358095489748 4.034074173710931
      vertex 247.3 27.68358095489748 4.034074173710931
    endloop
  endfacet
  facet normal 0 -0.13052619222005069 0.9914448613738106
    outer loop
      vertex 241.3 28.20121904510252 4.034074173710931
      vertex 247.3 27.9424 4
      vertex 247.3 28.20121904510252 4.034074173710931
    endloop
  endfacet
  facet normal 0 0.13052619222005069 0.9914448613738106
    outer loop
      vertex 247.3 27.9424 4
      vertex 241.3 27.9424 4
      vertex 247.3 27.68358095489748 4.034074173710931
    endloop
  endfacet
  facet normal 0 -0.7933533402912287 0.6087614290087291
    outer loop
      vertex 241.3 28.649506781186545 4.292893218813452
      vertex 247.3 28.649506781186545 4.292893218813452
      vertex 241.3 28.80842540378444 4.5
    endloop
  endfacet
  facet normal -1.8361633903916813e-19 -0.3826834323650906 0.9238795325112864
    outer loop
      vertex 241.3 28.4424 4.133974596215562
      vertex 241.3 28.20121904510252 4.034074173710931
      vertex 247.3 28.20121904510252 4.034074173710931
    endloop
  endfacet
  facet normal 0 -0.6087614290087217 0.7933533402912344
    outer loop
      vertex 241.3 28.4424 4.133974596215562
      vertex 247.3 28.4424 4.133974596215562
      vertex 241.3 28.649506781186545 4.292893218813452
    endloop
  endfacet
  facet normal 1.8361633903916813e-19 0.3826834323650906 0.9238795325112864
    outer loop
      vertex 241.3 27.68358095489748 4.034074173710931
      vertex 241.3 27.4424 4.133974596215562
      vertex 247.3 27.4424 4.133974596215562
    endloop
  endfacet
  facet normal -1.142258874523563e-18 0.6087614290087217 0.7933533402912344
    outer loop
      vertex 241.3 27.4424 4.133974596215562
      vertex 241.3 27.235293218813453 4.292893218813452
      vertex 247.3 27.235293218813453 4.292893218813452
    endloop
  endfacet
  facet normal 0 -0.3826834323650906 0.9238795325112864
    outer loop
      vertex 241.3 28.4424 4.133974596215562
      vertex 247.3 28.20121904510252 4.034074173710931
      vertex 247.3 28.4424 4.133974596215562
    endloop
  endfacet
  facet normal 0 0.3826834323650906 0.9238795325112864
    outer loop
      vertex 241.3 27.68358095489748 4.034074173710931
      vertex 247.3 27.4424 4.133974596215562
      vertex 247.3 27.68358095489748 4.034074173710931
    endloop
  endfacet
  facet normal 0 0.6087614290087217 0.7933533402912344
    outer loop
      vertex 241.3 27.4424 4.133974596215562
      vertex 247.3 27.235293218813453 4.292893218813452
      vertex 247.3 27.4424 4.133974596215562
    endloop
  endfacet
  facet normal 0 -0.6087614290087217 0.7933533402912344
    outer loop
      vertex 241.3 28.649506781186545 4.292893218813452
      vertex 247.3 28.4424 4.133974596215562
      vertex 247.3 28.649506781186545 4.292893218813452
    endloop
  endfacet
  facet normal 0 -0.9238795325112932 0.38268343236507435
    outer loop
      vertex 241.3 28.80842540378444 4.5
      vertex 247.3 28.80842540378444 4.5
      vertex 241.3 28.908325826289065 4.741180954897479
    endloop
  endfacet
  facet normal 0 -0.7933533402912287 0.6087614290087291
    outer loop
      vertex 241.3 28.80842540378444 4.5
      vertex 247.3 28.649506781186545 4.292893218813452
      vertex 247.3 28.80842540378444 4.5
    endloop
  endfacet
  facet normal 0 -0.9238795325112932 0.38268343236507435
    outer loop
      vertex 241.3 28.908325826289065 4.741180954897479
      vertex 247.3 28.80842540378444 4.5
      vertex 247.3 28.908325826289065 4.741180954897479
    endloop
  endfacet
  facet normal 0 -0.9914448613738092 0.1305261922200603
    outer loop
      vertex 241.3 28.908325826289065 4.741180954897479
      vertex 247.3 28.908325826289065 4.741180954897479
      vertex 241.3 28.9424 5
    endloop
  endfacet
  facet normal 0 -0.9914448613738092 0.1305261922200603
    outer loop
      vertex 241.3 28.9424 5
      vertex 247.3 28.908325826289065 4.741180954897479
      vertex 247.3 28.9424 5
    endloop
  endfacet
  facet normal 0 0.7933533402912353 0.6087614290087205
    outer loop
      vertex 241.3 27.235293218813453 4.292893218813452
      vertex 247.3 27.07637459621556 4.5
      vertex 247.3 27.235293218813453 4.292893218813452
    endloop
  endfacet
  facet normal -1.9965345558605995e-18 0.7933533402912353 0.6087614290087205
    outer loop
      vertex 241.3 27.235293218813453 4.292893218813452
      vertex 241.3 27.07637459621556 4.5
      vertex 247.3 27.07637459621556 4.5
    endloop
  endfacet
  facet normal 3.826580718824118e-19 0.9238795325112835 0.3826834323650976
    outer loop
      vertex 241.3 27.07637459621556 4.5
      vertex 241.3 26.97647417371093 4.741180954897479
      vertex 247.3 26.97647417371093 4.741180954897479
    endloop
  endfacet
  facet normal 0 0.9238795325112835 0.3826834323650976
    outer loop
      vertex 241.3 27.07637459621556 4.5
      vertex 247.3 26.97647417371093 4.741180954897479
      vertex 247.3 27.07637459621556 4.5
    endloop
  endfacet
  facet normal 3.0122639758775013e-19 0.991444861373811 0.1305261922200469
    outer loop
      vertex 241.3 26.97647417371093 4.741180954897479
      vertex 241.3 26.9424 5
      vertex 247.3 26.9424 5
    endloop
  endfacet
  facet normal 0 0.991444861373811 0.1305261922200469
    outer loop
      vertex 241.3 26.97647417371093 4.741180954897479
      vertex 247.3 26.9424 5
      vertex 247.3 26.97647417371093 4.741180954897479
    endloop
  endfacet
  facet normal 0 -0.9914448613738092 -0.1305261922200603
    outer loop
      vertex 241.3 28.9424 5
      vertex 247.3 28.9424 5
      vertex 241.3 28.908325826289065 5.258819045102521
    endloop
  endfacet
  facet normal 0 -0.9914448613738092 -0.1305261922200603
    outer loop
      vertex 241.3 28.908325826289065 5.258819045102521
      vertex 247.3 28.9424 5
      vertex 247.3 28.908325826289065 5.258819045102521
    endloop
  endfacet
  facet normal 0 -0.9238795325112932 -0.38268343236507435
    outer loop
      vertex 241.3 28.908325826289065 5.258819045102521
      vertex 247.3 28.908325826289065 5.258819045102521
      vertex 241.3 28.80842540378444 5.5
    endloop
  endfacet
  facet normal 0 -0.7933533402912287 -0.6087614290087291
    outer loop
      vertex 241.3 28.80842540378444 5.5
      vertex 247.3 28.80842540378444 5.5
      vertex 241.3 28.649506781186545 5.707106781186548
    endloop
  endfacet
  facet normal 2.4664501032782897e-19 -0.9238795325112932 -0.38268343236507435
    outer loop
      vertex 247.3 28.908325826289065 5.258819045102521
      vertex 247.3 28.80842540378444 5.5
      vertex 241.3 28.80842540378444 5.5
    endloop
  endfacet
  facet normal -2.1678543723795955e-18 -0.7933533402912287 -0.6087614290087291
    outer loop
      vertex 247.3 28.80842540378444 5.5
      vertex 247.3 28.649506781186545 5.707106781186548
      vertex 241.3 28.649506781186545 5.707106781186548
    endloop
  endfacet
  facet normal 0 -0.6087614290087217 -0.7933533402912344
    outer loop
      vertex 241.3 28.649506781186545 5.707106781186548
      vertex 247.3 28.649506781186545 5.707106781186548
      vertex 241.3 28.4424 5.866025403784438
    endloop
  endfacet
  facet normal 0 -0.3826834323650906 -0.9238795325112864
    outer loop
      vertex 241.3 28.4424 5.866025403784438
      vertex 247.3 28.4424 5.866025403784438
      vertex 241.3 28.20121904510252 5.965925826289069
    endloop
  endfacet
  facet normal 1.142258874523563e-18 0.6087614290087217 -0.7933533402912344
    outer loop
      vertex 241.3 27.235293218813453 5.707106781186548
      vertex 241.3 27.4424 5.866025403784438
      vertex 247.3 27.4424 5.866025403784438
    endloop
  endfacet
  facet normal -1.8361633903916813e-19 0.3826834323650906 -0.9238795325112864
    outer loop
      vertex 241.3 27.4424 5.866025403784438
      vertex 241.3 27.68358095489748 5.965925826289069
      vertex 247.3 27.68358095489748 5.965925826289069
    endloop
  endfacet
  facet normal 0 0.6087614290087217 -0.7933533402912344
    outer loop
      vertex 241.3 27.235293218813453 5.707106781186548
      vertex 247.3 27.4424 5.866025403784438
      vertex 247.3 27.235293218813453 5.707106781186548
    endloop
  endfacet
  facet normal 0 -0.6087614290087217 -0.7933533402912344
    outer loop
      vertex 241.3 28.4424 5.866025403784438
      vertex 247.3 28.649506781186545 5.707106781186548
      vertex 247.3 28.4424 5.866025403784438
    endloop
  endfacet
  facet normal 0 -0.3826834323650906 -0.9238795325112864
    outer loop
      vertex 247.3 28.20121904510252 5.965925826289069
      vertex 241.3 28.20121904510252 5.965925826289069
      vertex 247.3 28.4424 5.866025403784438
    endloop
  endfacet
  facet normal 0 0.3826834323650906 -0.9238795325112864
    outer loop
      vertex 247.3 27.4424 5.866025403784438
      vertex 241.3 27.4424 5.866025403784438
      vertex 247.3 27.68358095489748 5.965925826289069
    endloop
  endfacet
  facet normal 2.243931780693508e-19 -0.13052619222005069 -0.9914448613738106
    outer loop
      vertex 241.3 27.9424 6
      vertex 241.3 28.20121904510252 5.965925826289069
      vertex 247.3 28.20121904510252 5.965925826289069
    endloop
  endfacet
  facet normal 0 0.13052619222005069 -0.9914448613738106
    outer loop
      vertex 241.3 27.9424 6
      vertex 247.3 27.9424 6
      vertex 241.3 27.68358095489748 5.965925826289069
    endloop
  endfacet
  facet normal 0 -0.13052619222005069 -0.9914448613738106
    outer loop
      vertex 241.3 27.9424 6
      vertex 247.3 28.20121904510252 5.965925826289069
      vertex 247.3 27.9424 6
    endloop
  endfacet
  facet normal 0 0.13052619222005069 -0.9914448613738106
    outer loop
      vertex 241.3 27.68358095489748 5.965925826289069
      vertex 247.3 27.9424 6
      vertex 247.3 27.68358095489748 5.965925826289069
    endloop
  endfacet
  facet normal -3.0122639758775013e-19 0.991444861373811 -0.1305261922200469
    outer loop
      vertex 241.3 26.9424 5
      vertex 241.3 26.97647417371093 5.258819045102521
      vertex 247.3 26.97647417371093 5.258819045102521
    endloop
  endfacet
  facet normal 0 0.991444861373811 -0.1305261922200469
    outer loop
      vertex 241.3 26.9424 5
      vertex 247.3 26.97647417371093 5.258819045102521
      vertex 247.3 26.9424 5
    endloop
  endfacet
  facet normal -3.826580718824118e-19 0.9238795325112835 -0.3826834323650976
    outer loop
      vertex 241.3 26.97647417371093 5.258819045102521
      vertex 241.3 27.07637459621556 5.5
      vertex 247.3 27.07637459621556 5.5
    endloop
  endfacet
  facet normal 0 0.9238795325112835 -0.3826834323650976
    outer loop
      vertex 241.3 26.97647417371093 5.258819045102521
      vertex 247.3 27.07637459621556 5.5
      vertex 247.3 26.97647417371093 5.258819045102521
    endloop
  endfacet
  facet normal 0 0.7933533402912353 -0.6087614290087205
    outer loop
      vertex 241.3 27.07637459621556 5.5
      vertex 247.3 27.235293218813453 5.707106781186548
      vertex 247.3 27.07637459621556 5.5
    endloop
  endfacet
  facet normal 1.9965345558605995e-18 0.7933533402912353 -0.6087614290087205
    outer loop
      vertex 241.3 27.07637459621556 5.5
      vertex 241.3 27.235293218813453 5.707106781186548
      vertex 247.3 27.235293218813453 5.707106781186548
    endloop
  endfacet
  facet normal 0 -0.7933533402912353 0.6087614290087205
    outer loop
      vertex 241.3 16.424706781186543 4.292893218813452
      vertex 247.3 16.424706781186543 4.292893218813452
      vertex 241.3 16.583625403784435 4.5
    endloop
  endfacet
  facet normal 0 -0.9238795325112835 0.3826834323650976
    outer loop
      vertex 241.3 16.583625403784435 4.5
      vertex 247.3 16.583625403784435 4.5
      vertex 241.3 16.683525826289067 4.741180954897479
    endloop
  endfacet
  facet normal 0 -0.7933533402912353 0.6087614290087205
    outer loop
      vertex 241.3 16.583625403784435 4.5
      vertex 247.3 16.424706781186543 4.292893218813452
      vertex 247.3 16.583625403784435 4.5
    endloop
  endfacet
  facet normal 0 -0.9238795325112835 0.3826834323650976
    outer loop
      vertex 241.3 16.683525826289067 4.741180954897479
      vertex 247.3 16.583625403784435 4.5
      vertex 247.3 16.683525826289067 4.741180954897479
    endloop
  endfacet
  facet normal 0 -0.991444861373811 0.1305261922200469
    outer loop
      vertex 241.3 16.683525826289067 4.741180954897479
      vertex 247.3 16.683525826289067 4.741180954897479
      vertex 241.3 16.717599999999997 5
    endloop
  endfacet
  facet normal 0 -0.991444861373811 0.1305261922200469
    outer loop
      vertex 241.3 16.717599999999997 5
      vertex 247.3 16.683525826289067 4.741180954897479
      vertex 247.3 16.717599999999997 5
    endloop
  endfacet
  facet normal -2.243931780693508e-19 -0.13052619222005069 0.9914448613738106
    outer loop
      vertex 241.3 15.976419045102517 4.034074173710931
      vertex 241.3 15.717599999999997 4
      vertex 247.3 15.717599999999997 4
    endloop
  endfacet
  facet normal 2.243931780693508e-19 0.13052619222005069 0.9914448613738106
    outer loop
      vertex 241.3 15.717599999999997 4
      vertex 241.3 15.458780954897477 4.034074173710931
      vertex 247.3 15.458780954897477 4.034074173710931
    endloop
  endfacet
  facet normal 0 -0.13052619222005069 0.9914448613738106
    outer loop
      vertex 247.3 15.976419045102517 4.034074173710931
      vertex 241.3 15.976419045102517 4.034074173710931
      vertex 247.3 15.717599999999997 4
    endloop
  endfacet
  facet normal 0 0.13052619222005069 0.9914448613738106
    outer loop
      vertex 241.3 15.717599999999997 4
      vertex 247.3 15.458780954897477 4.034074173710931
      vertex 247.3 15.717599999999997 4
    endloop
  endfacet
  facet normal -1.8361633903916813e-19 -0.3826834323650906 0.9238795325112864
    outer loop
      vertex 241.3 16.217599999999997 4.133974596215562
      vertex 241.3 15.976419045102517 4.034074173710931
      vertex 247.3 15.976419045102517 4.034074173710931
    endloop
  endfacet
  facet normal 0 -0.6087614290087217 0.7933533402912344
    outer loop
      vertex 241.3 16.217599999999997 4.133974596215562
      vertex 247.3 16.217599999999997 4.133974596215562
      vertex 241.3 16.424706781186543 4.292893218813452
    endloop
  endfacet
  facet normal 1.8361633903916813e-19 0.3826834323650906 0.9238795325112864
    outer loop
      vertex 241.3 15.458780954897477 4.034074173710931
      vertex 241.3 15.217599999999997 4.133974596215562
      vertex 247.3 15.217599999999997 4.133974596215562
    endloop
  endfacet
  facet normal -1.142258874523563e-18 0.6087614290087217 0.7933533402912344
    outer loop
      vertex 241.3 15.217599999999997 4.133974596215562
      vertex 241.3 15.010493218813451 4.292893218813452
      vertex 247.3 15.010493218813451 4.292893218813452
    endloop
  endfacet
  facet normal 0 -0.3826834323650906 0.9238795325112864
    outer loop
      vertex 241.3 16.217599999999997 4.133974596215562
      vertex 247.3 15.976419045102517 4.034074173710931
      vertex 247.3 16.217599999999997 4.133974596215562
    endloop
  endfacet
  facet normal 0 0.3826834323650906 0.9238795325112864
    outer loop
      vertex 241.3 15.458780954897477 4.034074173710931
      vertex 247.3 15.217599999999997 4.133974596215562
      vertex 247.3 15.458780954897477 4.034074173710931
    endloop
  endfacet
  facet normal 0 0.6087614290087217 0.7933533402912344
    outer loop
      vertex 241.3 15.217599999999997 4.133974596215562
      vertex 247.3 15.010493218813451 4.292893218813452
      vertex 247.3 15.217599999999997 4.133974596215562
    endloop
  endfacet
  facet normal 0 -0.6087614290087217 0.7933533402912344
    outer loop
      vertex 241.3 16.424706781186543 4.292893218813452
      vertex 247.3 16.217599999999997 4.133974596215562
      vertex 247.3 16.424706781186543 4.292893218813452
    endloop
  endfacet
  facet normal 0 0.7933533402912353 0.6087614290087205
    outer loop
      vertex 241.3 15.010493218813451 4.292893218813452
      vertex 247.3 14.85157459621556 4.5
      vertex 247.3 15.010493218813451 4.292893218813452
    endloop
  endfacet
  facet normal -1.9965345558605995e-18 0.7933533402912353 0.6087614290087205
    outer loop
      vertex 241.3 15.010493218813451 4.292893218813452
      vertex 241.3 14.85157459621556 4.5
      vertex 247.3 14.85157459621556 4.5
    endloop
  endfacet
  facet normal 3.826580718824118e-19 0.9238795325112835 0.3826834323650976
    outer loop
      vertex 241.3 14.85157459621556 4.5
      vertex 241.3 14.751674173710928 4.741180954897479
      vertex 247.3 14.751674173710928 4.741180954897479
    endloop
  endfacet
  facet normal 0 0.9238795325112835 0.3826834323650976
    outer loop
      vertex 241.3 14.85157459621556 4.5
      vertex 247.3 14.751674173710928 4.741180954897479
      vertex 247.3 14.85157459621556 4.5
    endloop
  endfacet
  facet normal 3.0122639758775013e-19 0.991444861373811 0.1305261922200469
    outer loop
      vertex 241.3 14.751674173710928 4.741180954897479
      vertex 241.3 14.717599999999997 5
      vertex 247.3 14.717599999999997 5
    endloop
  endfacet
  facet normal 0 0.991444861373811 0.1305261922200469
    outer loop
      vertex 241.3 14.751674173710928 4.741180954897479
      vertex 247.3 14.717599999999997 5
      vertex 247.3 14.751674173710928 4.741180954897479
    endloop
  endfacet
  facet normal 0 -0.991444861373811 -0.1305261922200469
    outer loop
      vertex 241.3 16.717599999999997 5
      vertex 247.3 16.717599999999997 5
      vertex 241.3 16.683525826289067 5.258819045102521
    endloop
  endfacet
  facet normal 0 -0.991444861373811 -0.1305261922200469
    outer loop
      vertex 241.3 16.683525826289067 5.258819045102521
      vertex 247.3 16.717599999999997 5
      vertex 247.3 16.683525826289067 5.258819045102521
    endloop
  endfacet
  facet normal 0 -0.9238795325112835 -0.3826834323650976
    outer loop
      vertex 241.3 16.683525826289067 5.258819045102521
      vertex 247.3 16.683525826289067 5.258819045102521
      vertex 241.3 16.583625403784435 5.5
    endloop
  endfacet
  facet normal 0 -0.7933533402912353 -0.6087614290087205
    outer loop
      vertex 247.3 16.583625403784435 5.5
      vertex 241.3 16.424706781186543 5.707106781186548
      vertex 241.3 16.583625403784435 5.5
    endloop
  endfacet
  facet normal 3.826580718824118e-19 -0.9238795325112835 -0.3826834323650976
    outer loop
      vertex 247.3 16.683525826289067 5.258819045102521
      vertex 247.3 16.583625403784435 5.5
      vertex 241.3 16.583625403784435 5.5
    endloop
  endfacet
  facet normal -1.9965345558605995e-18 -0.7933533402912353 -0.6087614290087205
    outer loop
      vertex 247.3 16.583625403784435 5.5
      vertex 247.3 16.424706781186543 5.707106781186548
      vertex 241.3 16.424706781186543 5.707106781186548
    endloop
  endfacet
  facet normal -3.0122639758775013e-19 0.991444861373811 -0.1305261922200469
    outer loop
      vertex 241.3 14.717599999999997 5
      vertex 241.3 14.751674173710928 5.258819045102521
      vertex 247.3 14.751674173710928 5.258819045102521
    endloop
  endfacet
  facet normal 0 0.991444861373811 -0.1305261922200469
    outer loop
      vertex 241.3 14.717599999999997 5
      vertex 247.3 14.751674173710928 5.258819045102521
      vertex 247.3 14.717599999999997 5
    endloop
  endfacet
  facet normal -3.826580718824118e-19 0.9238795325112835 -0.3826834323650976
    outer loop
      vertex 241.3 14.751674173710928 5.258819045102521
      vertex 241.3 14.85157459621556 5.5
      vertex 247.3 14.85157459621556 5.5
    endloop
  endfacet
  facet normal 0 0.9238795325112835 -0.3826834323650976
    outer loop
      vertex 247.3 14.751674173710928 5.258819045102521
      vertex 241.3 14.751674173710928 5.258819045102521
      vertex 247.3 14.85157459621556 5.5
    endloop
  endfacet
  facet normal 0 0.7933533402912353 -0.6087614290087205
    outer loop
      vertex 247.3 14.85157459621556 5.5
      vertex 241.3 14.85157459621556 5.5
      vertex 247.3 15.010493218813451 5.707106781186548
    endloop
  endfacet
  facet normal 0 -0.6087614290087217 -0.7933533402912344
    outer loop
      vertex 241.3 16.424706781186543 5.707106781186548
      vertex 247.3 16.424706781186543 5.707106781186548
      vertex 241.3 16.217599999999997 5.866025403784438
    endloop
  endfacet
  facet normal 0 -0.3826834323650906 -0.9238795325112864
    outer loop
      vertex 241.3 16.217599999999997 5.866025403784438
      vertex 247.3 16.217599999999997 5.866025403784438
      vertex 241.3 15.976419045102517 5.965925826289069
    endloop
  endfacet
  facet normal 0 0.6087614290087217 -0.7933533402912344
    outer loop
      vertex 247.3 15.217599999999997 5.866025403784438
      vertex 241.3 15.010493218813451 5.707106781186548
      vertex 241.3 15.217599999999997 5.866025403784438
    endloop
  endfacet
  facet normal 0 0.3826834323650906 -0.9238795325112864
    outer loop
      vertex 247.3 15.458780954897477 5.965925826289069
      vertex 241.3 15.217599999999997 5.866025403784438
      vertex 241.3 15.458780954897477 5.965925826289069
    endloop
  endfacet
  facet normal 1.142258874523563e-18 0.6087614290087217 -0.7933533402912344
    outer loop
      vertex 247.3 15.217599999999997 5.866025403784438
      vertex 247.3 15.010493218813451 5.707106781186548
      vertex 241.3 15.010493218813451 5.707106781186548
    endloop
  endfacet
  facet normal -1.142258874523563e-18 -0.6087614290087217 -0.7933533402912344
    outer loop
      vertex 247.3 16.424706781186543 5.707106781186548
      vertex 247.3 16.217599999999997 5.866025403784438
      vertex 241.3 16.217599999999997 5.866025403784438
    endloop
  endfacet
  facet normal 0 -0.3826834323650906 -0.9238795325112864
    outer loop
      vertex 247.3 15.976419045102517 5.965925826289069
      vertex 241.3 15.976419045102517 5.965925826289069
      vertex 247.3 16.217599999999997 5.866025403784438
    endloop
  endfacet
  facet normal 0 0.3826834323650906 -0.9238795325112864
    outer loop
      vertex 247.3 15.217599999999997 5.866025403784438
      vertex 241.3 15.217599999999997 5.866025403784438
      vertex 247.3 15.458780954897477 5.965925826289069
    endloop
  endfacet
  facet normal 1.9965345558605995e-18 0.7933533402912353 -0.6087614290087205
    outer loop
      vertex 241.3 14.85157459621556 5.5
      vertex 241.3 15.010493218813451 5.707106781186548
      vertex 247.3 15.010493218813451 5.707106781186548
    endloop
  endfacet
  facet normal 0 -0.13052619222005069 -0.9914448613738106
    outer loop
      vertex 241.3 15.976419045102517 5.965925826289069
      vertex 247.3 15.976419045102517 5.965925826289069
      vertex 241.3 15.717599999999997 6
    endloop
  endfacet
  facet normal 0 0.13052619222005069 -0.9914448613738106
    outer loop
      vertex 247.3 15.717599999999997 6
      vertex 241.3 15.458780954897477 5.965925826289069
      vertex 241.3 15.717599999999997 6
    endloop
  endfacet
  facet normal 2.243931780693508e-19 -0.13052619222005069 -0.9914448613738106
    outer loop
      vertex 247.3 15.976419045102517 5.965925826289069
      vertex 247.3 15.717599999999997 6
      vertex 241.3 15.717599999999997 6
    endloop
  endfacet
  facet normal -2.243931780693508e-19 0.13052619222005069 -0.9914448613738106
    outer loop
      vertex 247.3 15.717599999999997 6
      vertex 247.3 15.458780954897477 5.965925826289069
      vertex 241.3 15.458780954897477 5.965925826289069
    endloop
  endfacet
endsolid OpenSCAD_Model
