solid OpenSCAD_Model
  facet normal -0.956940335732209 -0.2902846772544617 0
    outer loop
      vertex 20.45933128559396 24.947620560996004 3
      vertex 20.45933128559396 24.947620560996004 8
      vertex 20.302840478891117 25.463501614455648 3
    endloop
  endfacet
  facet normal -0.8819212643483552 -0.4713967368259975 0
    outer loop
      vertex 20.713458566168 24.472181859196095 3
      vertex 20.713458566168 24.472181859196095 8
      vertex 20.45933128559396 24.947620560996004 3
    endloop
  endfacet
  facet normal -0.9951847266721968 -0.09801714032956166 0
    outer loop
      vertex 20.302840478891117 25.463501614455648 3
      vertex 20.302840478891117 25.463501614455648 8
      vertex 20.25 26 3
    endloop
  endfacet
  facet normal -0.9951847266721968 0.09801714032956166 0
    outer loop
      vertex 20.25 26 3
      vertex 20.25 26 8
      vertex 20.302840478891117 26.536498385544352 3
    endloop
  endfacet
  facet normal -0.956940335732209 0.2902846772544617 0
    outer loop
      vertex 20.302840478891117 26.536498385544352 3
      vertex 20.302840478891117 26.536498385544352 8
      vertex 20.45933128559396 27.052379439003996 3
    endloop
  endfacet
  facet normal -0.8819212643483552 0.4713967368259975 0
    outer loop
      vertex 20.45933128559396 27.052379439003996 3
      vertex 20.45933128559396 27.052379439003996 8
      vertex 20.713458566168 27.527818140803905 3
    endloop
  endfacet
  facet normal -0.77301045336274 -0.6343932841636417 -2.15147830182535e-18
    outer loop
      vertex 20.713458566168 24.472181859196095 3
      vertex 21.055456351736993 24.055456351736993 3
      vertex 21.055456351736993 24.055456351736993 8
    endloop
  endfacet
  facet normal -0.6343932841636417 -0.77301045336274 -2.15147830182535e-18
    outer loop
      vertex 21.055456351736993 24.055456351736993 3
      vertex 21.472181859196095 23.713458566168 3
      vertex 21.472181859196095 23.713458566168 8
    endloop
  endfacet
  facet normal -0.4713967368259975 -0.8819212643483552 8.17653196596404e-19
    outer loop
      vertex 21.472181859196095 23.713458566168 3
      vertex 21.947620560996004 23.45933128559396 3
      vertex 21.947620560996004 23.45933128559396 8
    endloop
  endfacet
  facet normal -0.2902846772544617 -0.956940335732209 1.1857548251376891e-18
    outer loop
      vertex 21.947620560996004 23.45933128559396 3
      vertex 22.463501614455648 23.302840478891117 3
      vertex 22.463501614455648 23.302840478891117 8
    endloop
  endfacet
  facet normal -0.09801714032956166 -0.9951847266721968 4.61224900278757e-19
    outer loop
      vertex 22.463501614455648 23.302840478891117 3
      vertex 23 23.25 3
      vertex 23 23.25 8
    endloop
  endfacet
  facet normal 0.09801714032956166 -0.9951847266721968 -4.61224900278757e-19
    outer loop
      vertex 23 23.25 3
      vertex 23.536498385544352 23.302840478891117 3
      vertex 23.536498385544352 23.302840478891117 8
    endloop
  endfacet
  facet normal -0.77301045336274 0.6343932841636417 0
    outer loop
      vertex 20.713458566168 27.527818140803905 3
      vertex 20.713458566168 27.527818140803905 8
      vertex 21.055456351736993 27.944543648263007 3
    endloop
  endfacet
  facet normal -0.6343932841636417 0.77301045336274 0
    outer loop
      vertex 21.055456351736993 27.944543648263007 3
      vertex 21.055456351736993 27.944543648263007 8
      vertex 21.472181859196095 28.286541433832 3
    endloop
  endfacet
  facet normal -0.4713967368259975 0.8819212643483552 0
    outer loop
      vertex 21.472181859196095 28.286541433832 3
      vertex 21.472181859196095 28.286541433832 8
      vertex 21.947620560996004 28.54066871440604 3
    endloop
  endfacet
  facet normal -0.2902846772544617 0.956940335732209 0
    outer loop
      vertex 21.947620560996004 28.54066871440604 3
      vertex 21.947620560996004 28.54066871440604 8
      vertex 22.463501614455648 28.697159521108883 3
    endloop
  endfacet
  facet normal -0.09801714032956166 0.9951847266721968 0
    outer loop
      vertex 22.463501614455648 28.697159521108883 3
      vertex 22.463501614455648 28.697159521108883 8
      vertex 23 28.75 3
    endloop
  endfacet
  facet normal 0.09801714032956166 0.9951847266721968 0
    outer loop
      vertex 23 28.75 3
      vertex 23 28.75 8
      vertex 23.536498385544352 28.697159521108883 3
    endloop
  endfacet
  facet normal 0.2902846772544617 0.956940335732209 0
    outer loop
      vertex 23.536498385544352 28.697159521108883 3
      vertex 23.536498385544352 28.697159521108883 8
      vertex 24.052379439003996 28.54066871440604 3
    endloop
  endfacet
  facet normal -0.956940335732209 -0.2902846772544617 0
    outer loop
      vertex 20.302840478891117 25.463501614455648 3
      vertex 20.45933128559396 24.947620560996004 8
      vertex 20.302840478891117 25.463501614455648 8
    endloop
  endfacet
  facet normal -0.8819212643483552 -0.4713967368259975 0
    outer loop
      vertex 20.45933128559396 24.947620560996004 3
      vertex 20.713458566168 24.472181859196095 8
      vertex 20.45933128559396 24.947620560996004 8
    endloop
  endfacet
  facet normal -0.9951847266721968 -0.09801714032956166 0
    outer loop
      vertex 20.25 26 3
      vertex 20.302840478891117 25.463501614455648 8
      vertex 20.25 26 8
    endloop
  endfacet
  facet normal -0.9951847266721968 0.09801714032956166 0
    outer loop
      vertex 20.302840478891117 26.536498385544352 3
      vertex 20.25 26 8
      vertex 20.302840478891117 26.536498385544352 8
    endloop
  endfacet
  facet normal -0.956940335732209 0.2902846772544617 0
    outer loop
      vertex 20.45933128559396 27.052379439003996 3
      vertex 20.302840478891117 26.536498385544352 8
      vertex 20.45933128559396 27.052379439003996 8
    endloop
  endfacet
  facet normal -0.8819212643483552 0.4713967368259975 0
    outer loop
      vertex 20.713458566168 27.527818140803905 3
      vertex 20.45933128559396 27.052379439003996 8
      vertex 20.713458566168 27.527818140803905 8
    endloop
  endfacet
  facet normal -0.77301045336274 -0.6343932841636417 0
    outer loop
      vertex 20.713458566168 24.472181859196095 3
      vertex 21.055456351736993 24.055456351736993 8
      vertex 20.713458566168 24.472181859196095 8
    endloop
  endfacet
  facet normal -0.6343932841636417 -0.77301045336274 0
    outer loop
      vertex 21.055456351736993 24.055456351736993 3
      vertex 21.472181859196095 23.713458566168 8
      vertex 21.055456351736993 24.055456351736993 8
    endloop
  endfacet
  facet normal -0.4713967368259975 -0.8819212643483552 0
    outer loop
      vertex 21.472181859196095 23.713458566168 3
      vertex 21.947620560996004 23.45933128559396 8
      vertex 21.472181859196095 23.713458566168 8
    endloop
  endfacet
  facet normal -0.2902846772544617 -0.956940335732209 0
    outer loop
      vertex 21.947620560996004 23.45933128559396 3
      vertex 22.463501614455648 23.302840478891117 8
      vertex 21.947620560996004 23.45933128559396 8
    endloop
  endfacet
  facet normal -0.09801714032956166 -0.9951847266721968 0
    outer loop
      vertex 22.463501614455648 23.302840478891117 3
      vertex 23 23.25 8
      vertex 22.463501614455648 23.302840478891117 8
    endloop
  endfacet
  facet normal 0.09801714032956166 -0.9951847266721968 0
    outer loop
      vertex 23 23.25 3
      vertex 23.536498385544352 23.302840478891117 8
      vertex 23 23.25 8
    endloop
  endfacet
  facet normal 0.2902846772544617 -0.956940335732209 0
    outer loop
      vertex 23.536498385544352 23.302840478891117 3
      vertex 24.052379439003996 23.45933128559396 8
      vertex 23.536498385544352 23.302840478891117 8
    endloop
  endfacet
  facet normal -0.77301045336274 0.6343932841636417 0
    outer loop
      vertex 21.055456351736993 27.944543648263007 3
      vertex 20.713458566168 27.527818140803905 8
      vertex 21.055456351736993 27.944543648263007 8
    endloop
  endfacet
  facet normal -0.6343932841636417 0.77301045336274 0
    outer loop
      vertex 21.472181859196095 28.286541433832 3
      vertex 21.055456351736993 27.944543648263007 8
      vertex 21.472181859196095 28.286541433832 8
    endloop
  endfacet
  facet normal -0.4713967368259975 0.8819212643483552 0
    outer loop
      vertex 21.947620560996004 28.54066871440604 3
      vertex 21.472181859196095 28.286541433832 8
      vertex 21.947620560996004 28.54066871440604 8
    endloop
  endfacet
  facet normal -0.2902846772544617 0.956940335732209 0
    outer loop
      vertex 22.463501614455648 28.697159521108883 3
      vertex 21.947620560996004 28.54066871440604 8
      vertex 22.463501614455648 28.697159521108883 8
    endloop
  endfacet
  facet normal -0.09801714032956166 0.9951847266721968 0
    outer loop
      vertex 23 28.75 3
      vertex 22.463501614455648 28.697159521108883 8
      vertex 23 28.75 8
    endloop
  endfacet
  facet normal 0.09801714032956166 0.9951847266721968 0
    outer loop
      vertex 23.536498385544352 28.697159521108883 3
      vertex 23 28.75 8
      vertex 23.536498385544352 28.697159521108883 8
    endloop
  endfacet
  facet normal 0 0 1
    outer loop
      vertex 20.45933128559396 24.947620560996004 8
      vertex 20.302840478891117 26.536498385544352 8
      vertex 20.302840478891117 25.463501614455648 8
    endloop
  endfacet
  facet normal 0 0 1
    outer loop
      vertex 20.302840478891117 25.463501614455648 8
      vertex 20.302840478891117 26.536498385544352 8
      vertex 20.25 26 8
    endloop
  endfacet
  facet normal 0 0 1
    outer loop
      vertex 20.713458566168 24.472181859196095 8
      vertex 20.45933128559396 27.052379439003996 8
      vertex 20.45933128559396 24.947620560996004 8
    endloop
  endfacet
  facet normal 0 0 1
    outer loop
      vertex 20.45933128559396 24.947620560996004 8
      vertex 20.45933128559396 27.052379439003996 8
      vertex 20.302840478891117 26.536498385544352 8
    endloop
  endfacet
  facet normal 0 0 1
    outer loop
      vertex 20.713458566168 24.472181859196095 8
      vertex 20.713458566168 27.527818140803905 8
      vertex 20.45933128559396 27.052379439003996 8
    endloop
  endfacet
  facet normal 0 0 1
    outer loop
      vertex 21.947620560996004 23.45933128559396 8
      vertex 22.463501614455648 23.302840478891117 8
      vertex 22.2221825406948 25.2221825406948 8
    endloop
  endfacet
  facet normal 0 0 1
    outer loop
      vertex 22.463501614455648 23.302840478891117 8
      vertex 22.45 25.04737205583712 8
      vertex 22.2221825406948 25.2221825406948 8
    endloop
  endfacet
  facet normal 0 0 1
    outer loop
      vertex 22.463501614455648 23.302840478891117 8
      vertex 22.715299050387227 24.937481591082026 8
      vertex 22.45 25.04737205583712 8
    endloop
  endfacet
  facet normal 0 0 1
    outer loop
      vertex 22.463501614455648 23.302840478891117 8
      vertex 23 23.25 8
      vertex 22.715299050387227 24.937481591082026 8
    endloop
  endfacet
  facet normal 0 0 1
    outer loop
      vertex 23 23.25 8
      vertex 23 24.9 8
      vertex 22.715299050387227 24.937481591082026 8
    endloop
  endfacet
  facet normal 0 0 1
    outer loop
      vertex 23 23.25 8
      vertex 23.536498385544352 23.302840478891117 8
      vertex 23 24.9 8
    endloop
  endfacet
  facet normal 0 0 1
    outer loop
      vertex 23.536498385544352 23.302840478891117 8
      vertex 23.284700949612773 24.937481591082026 8
      vertex 23 24.9 8
    endloop
  endfacet
  facet normal 0 0 1
    outer loop
      vertex 23.536498385544352 23.302840478891117 8
      vertex 24.052379439003996 23.45933128559396 8
      vertex 23.284700949612773 24.937481591082026 8
    endloop
  endfacet
  facet normal 0 0 1
    outer loop
      vertex 24.052379439003996 23.45933128559396 8
      vertex 23.55 25.04737205583712 8
      vertex 23.284700949612773 24.937481591082026 8
    endloop
  endfacet
  facet normal 0 0 1
    outer loop
      vertex 21.055456351736993 24.055456351736993 8
      vertex 21.472181859196095 23.713458566168 8
      vertex 21.055456351736993 27.944543648263007 8
    endloop
  endfacet
  facet normal 0 0 1
    outer loop
      vertex 20.713458566168 24.472181859196095 8
      vertex 21.055456351736993 24.055456351736993 8
      vertex 20.713458566168 27.527818140803905 8
    endloop
  endfacet
  facet normal 0 0 1
    outer loop
      vertex 21.472181859196095 23.713458566168 8
      vertex 21.947620560996004 23.45933128559396 8
      vertex 21.472181859196095 28.286541433832 8
    endloop
  endfacet
  facet normal 0 0 1
    outer loop
      vertex 21.947620560996004 23.45933128559396 8
      vertex 22.2221825406948 25.2221825406948 8
      vertex 22.04737205583712 25.45 8
    endloop
  endfacet
  facet normal 0 0 1
    outer loop
      vertex 21.947620560996004 23.45933128559396 8
      vertex 22.04737205583712 25.45 8
      vertex 21.937481591082026 25.715299050387227 8
    endloop
  endfacet
  facet normal 0 0 1
    outer loop
      vertex 21.947620560996004 23.45933128559396 8
      vertex 21.937481591082026 25.715299050387227 8
      vertex 21.472181859196095 28.286541433832 8
    endloop
  endfacet
  facet normal 0 0 1
    outer loop
      vertex 20.713458566168 27.527818140803905 8
      vertex 21.055456351736993 24.055456351736993 8
      vertex 21.055456351736993 27.944543648263007 8
    endloop
  endfacet
  facet normal 0 0 1
    outer loop
      vertex 21.472181859196095 23.713458566168 8
      vertex 21.472181859196095 28.286541433832 8
      vertex 21.055456351736993 27.944543648263007 8
    endloop
  endfacet
  facet normal 0 0 1
    outer loop
      vertex 21.472181859196095 28.286541433832 8
      vertex 21.937481591082026 25.715299050387227 8
      vertex 21.9 26 8
    endloop
  endfacet
  facet normal 0 0 1
    outer loop
      vertex 21.472181859196095 28.286541433832 8
      vertex 21.9 26 8
      vertex 21.937481591082026 26.284700949612773 8
    endloop
  endfacet
  facet normal 0 0 1
    outer loop
      vertex 21.472181859196095 28.286541433832 8
      vertex 21.937481591082026 26.284700949612773 8
      vertex 22.04737205583712 26.55 8
    endloop
  endfacet
  facet normal 0 0 1
    outer loop
      vertex 21.472181859196095 28.286541433832 8
      vertex 22.04737205583712 26.55 8
      vertex 21.947620560996004 28.54066871440604 8
    endloop
  endfacet
  facet normal 0 0 1
    outer loop
      vertex 21.947620560996004 28.54066871440604 8
      vertex 22.04737205583712 26.55 8
      vertex 22.2221825406948 26.7778174593052 8
    endloop
  endfacet
  facet normal 0 0 1
    outer loop
      vertex 21.947620560996004 28.54066871440604 8
      vertex 22.2221825406948 26.7778174593052 8
      vertex 22.45 26.95262794416288 8
    endloop
  endfacet
  facet normal 0 0 1
    outer loop
      vertex 21.947620560996004 28.54066871440604 8
      vertex 22.45 26.95262794416288 8
      vertex 22.715299050387227 27.062518408917974 8
    endloop
  endfacet
  facet normal 0 0 1
    outer loop
      vertex 22.463501614455648 28.697159521108883 8
      vertex 22.715299050387227 27.062518408917974 8
      vertex 23 27.1 8
    endloop
  endfacet
  facet normal 0 0 1
    outer loop
      vertex 23 28.75 8
      vertex 23 27.1 8
      vertex 23.284700949612773 27.062518408917974 8
    endloop
  endfacet
  facet normal 0 0 1
    outer loop
      vertex 23.536498385544352 28.697159521108883 8
      vertex 23.284700949612773 27.062518408917974 8
      vertex 23.55 26.95262794416288 8
    endloop
  endfacet
  facet normal 0 0 1
    outer loop
      vertex 23.536498385544352 28.697159521108883 8
      vertex 23.55 26.95262794416288 8
      vertex 23.7778174593052 26.7778174593052 8
    endloop
  endfacet
  facet normal 0 0 1
    outer loop
      vertex 21.947620560996004 28.54066871440604 8
      vertex 22.715299050387227 27.062518408917974 8
      vertex 22.463501614455648 28.697159521108883 8
    endloop
  endfacet
  facet normal 0 0 1
    outer loop
      vertex 22.463501614455648 28.697159521108883 8
      vertex 23 27.1 8
      vertex 23 28.75 8
    endloop
  endfacet
  facet normal 0 0 1
    outer loop
      vertex 23 28.75 8
      vertex 23.284700949612773 27.062518408917974 8
      vertex 23.536498385544352 28.697159521108883 8
    endloop
  endfacet
  facet normal 0.2902846772544617 -0.956940335732209 -1.1857548251376891e-18
    outer loop
      vertex 23.536498385544352 23.302840478891117 3
      vertex 24.052379439003996 23.45933128559396 3
      vertex 24.052379439003996 23.45933128559396 8
    endloop
  endfacet
  facet normal 0.4713967368259975 -0.8819212643483552 -8.17653196596404e-19
    outer loop
      vertex 24.052379439003996 23.45933128559396 3
      vertex 24.527818140803905 23.713458566168 3
      vertex 24.527818140803905 23.713458566168 8
    endloop
  endfacet
  facet normal 0.6343932841636417 -0.77301045336274 2.15147830182535e-18
    outer loop
      vertex 24.527818140803905 23.713458566168 3
      vertex 24.944543648263007 24.055456351736993 3
      vertex 24.944543648263007 24.055456351736993 8
    endloop
  endfacet
  facet normal 0.77301045336274 -0.6343932841636417 2.15147830182535e-18
    outer loop
      vertex 24.944543648263007 24.055456351736993 3
      vertex 25.286541433832 24.472181859196095 3
      vertex 25.286541433832 24.472181859196095 8
    endloop
  endfacet
  facet normal 0.77301045336274 0.6343932841636417 -2.15147830182535e-18
    outer loop
      vertex 25.286541433832 27.527818140803905 3
      vertex 24.944543648263007 27.944543648263007 3
      vertex 24.944543648263007 27.944543648263007 8
    endloop
  endfacet
  facet normal 0.8819212643483552 -0.4713967368259975 -8.17653196596404e-19
    outer loop
      vertex 25.286541433832 24.472181859196095 3
      vertex 25.54066871440604 24.947620560996004 3
      vertex 25.54066871440604 24.947620560996004 8
    endloop
  endfacet
  facet normal 0.956940335732209 -0.2902846772544617 -1.1857548251376891e-18
    outer loop
      vertex 25.54066871440604 24.947620560996004 3
      vertex 25.697159521108883 25.463501614455648 3
      vertex 25.697159521108883 25.463501614455648 8
    endloop
  endfacet
  facet normal 0.9951847266721968 -0.09801714032956166 -4.61224900278757e-19
    outer loop
      vertex 25.697159521108883 25.463501614455648 3
      vertex 25.75 26 3
      vertex 25.75 26 8
    endloop
  endfacet
  facet normal 0.956940335732209 0.2902846772544617 1.1857548251376891e-18
    outer loop
      vertex 25.697159521108883 26.536498385544352 3
      vertex 25.54066871440604 27.052379439003996 3
      vertex 25.54066871440604 27.052379439003996 8
    endloop
  endfacet
  facet normal 0.9951847266721968 0.09801714032956166 4.61224900278757e-19
    outer loop
      vertex 25.75 26 3
      vertex 25.697159521108883 26.536498385544352 3
      vertex 25.697159521108883 26.536498385544352 8
    endloop
  endfacet
  facet normal 0.8819212643483552 0.4713967368259975 8.17653196596404e-19
    outer loop
      vertex 25.54066871440604 27.052379439003996 3
      vertex 25.286541433832 27.527818140803905 3
      vertex 25.286541433832 27.527818140803905 8
    endloop
  endfacet
  facet normal 0.4713967368259975 0.8819212643483552 0
    outer loop
      vertex 24.052379439003996 28.54066871440604 3
      vertex 24.052379439003996 28.54066871440604 8
      vertex 24.527818140803905 28.286541433832 3
    endloop
  endfacet
  facet normal 0.6343932841636417 0.77301045336274 0
    outer loop
      vertex 24.527818140803905 28.286541433832 3
      vertex 24.527818140803905 28.286541433832 8
      vertex 24.944543648263007 27.944543648263007 3
    endloop
  endfacet
  facet normal 0.4713967368259975 -0.8819212643483552 0
    outer loop
      vertex 24.052379439003996 23.45933128559396 3
      vertex 24.527818140803905 23.713458566168 8
      vertex 24.052379439003996 23.45933128559396 8
    endloop
  endfacet
  facet normal 0.6343932841636417 -0.77301045336274 0
    outer loop
      vertex 24.527818140803905 23.713458566168 3
      vertex 24.944543648263007 24.055456351736993 8
      vertex 24.527818140803905 23.713458566168 8
    endloop
  endfacet
  facet normal 0.77301045336274 -0.6343932841636417 0
    outer loop
      vertex 24.944543648263007 24.055456351736993 3
      vertex 25.286541433832 24.472181859196095 8
      vertex 24.944543648263007 24.055456351736993 8
    endloop
  endfacet
  facet normal 0.77301045336274 0.6343932841636417 0
    outer loop
      vertex 25.286541433832 27.527818140803905 3
      vertex 24.944543648263007 27.944543648263007 8
      vertex 25.286541433832 27.527818140803905 8
    endloop
  endfacet
  facet normal 0.8819212643483552 -0.4713967368259975 0
    outer loop
      vertex 25.286541433832 24.472181859196095 3
      vertex 25.54066871440604 24.947620560996004 8
      vertex 25.286541433832 24.472181859196095 8
    endloop
  endfacet
  facet normal 0.956940335732209 -0.2902846772544617 0
    outer loop
      vertex 25.54066871440604 24.947620560996004 3
      vertex 25.697159521108883 25.463501614455648 8
      vertex 25.54066871440604 24.947620560996004 8
    endloop
  endfacet
  facet normal 0.9951847266721968 -0.09801714032956166 0
    outer loop
      vertex 25.697159521108883 25.463501614455648 3
      vertex 25.75 26 8
      vertex 25.697159521108883 25.463501614455648 8
    endloop
  endfacet
  facet normal 0.9951847266721968 0.09801714032956166 0
    outer loop
      vertex 25.75 26 3
      vertex 25.697159521108883 26.536498385544352 8
      vertex 25.75 26 8
    endloop
  endfacet
  facet normal 0.956940335732209 0.2902846772544617 0
    outer loop
      vertex 25.697159521108883 26.536498385544352 3
      vertex 25.54066871440604 27.052379439003996 8
      vertex 25.697159521108883 26.536498385544352 8
    endloop
  endfacet
  facet normal 0.8819212643483552 0.4713967368259975 0
    outer loop
      vertex 25.54066871440604 27.052379439003996 3
      vertex 25.286541433832 27.527818140803905 8
      vertex 25.54066871440604 27.052379439003996 8
    endloop
  endfacet
  facet normal 0.2902846772544617 0.956940335732209 0
    outer loop
      vertex 24.052379439003996 28.54066871440604 3
      vertex 23.536498385544352 28.697159521108883 8
      vertex 24.052379439003996 28.54066871440604 8
    endloop
  endfacet
  facet normal 0.4713967368259975 0.8819212643483552 0
    outer loop
      vertex 24.527818140803905 28.286541433832 3
      vertex 24.052379439003996 28.54066871440604 8
      vertex 24.527818140803905 28.286541433832 8
    endloop
  endfacet
  facet normal 0.6343932841636417 0.77301045336274 0
    outer loop
      vertex 24.944543648263007 27.944543648263007 3
      vertex 24.527818140803905 28.286541433832 8
      vertex 24.944543648263007 27.944543648263007 8
    endloop
  endfacet
  facet normal 0 0 1
    outer loop
      vertex 24.052379439003996 23.45933128559396 8
      vertex 24.527818140803905 23.713458566168 8
      vertex 23.95262794416288 25.45 8
    endloop
  endfacet
  facet normal 0 0 1
    outer loop
      vertex 24.052379439003996 23.45933128559396 8
      vertex 23.7778174593052 25.2221825406948 8
      vertex 23.55 25.04737205583712 8
    endloop
  endfacet
  facet normal 0 0 1
    outer loop
      vertex 24.052379439003996 23.45933128559396 8
      vertex 23.95262794416288 25.45 8
      vertex 23.7778174593052 25.2221825406948 8
    endloop
  endfacet
  facet normal 0 0 1
    outer loop
      vertex 24.527818140803905 23.713458566168 8
      vertex 24.062518408917974 25.715299050387227 8
      vertex 23.95262794416288 25.45 8
    endloop
  endfacet
  facet normal 0 0 1
    outer loop
      vertex 24.527818140803905 23.713458566168 8
      vertex 24.1 26 8
      vertex 24.062518408917974 25.715299050387227 8
    endloop
  endfacet
  facet normal 0 0 1
    outer loop
      vertex 24.527818140803905 23.713458566168 8
      vertex 24.062518408917974 26.284700949612773 8
      vertex 24.1 26 8
    endloop
  endfacet
  facet normal 0 0 1
    outer loop
      vertex 24.527818140803905 23.713458566168 8
      vertex 24.944543648263007 24.055456351736993 8
      vertex 24.527818140803905 28.286541433832 8
    endloop
  endfacet
  facet normal 0 0 1
    outer loop
      vertex 24.944543648263007 24.055456351736993 8
      vertex 25.286541433832 24.472181859196095 8
      vertex 24.944543648263007 27.944543648263007 8
    endloop
  endfacet
  facet normal 0 0 1
    outer loop
      vertex 24.527818140803905 23.713458566168 8
      vertex 24.052379439003996 28.54066871440604 8
      vertex 24.062518408917974 26.284700949612773 8
    endloop
  endfacet
  facet normal 0 0 1
    outer loop
      vertex 24.527818140803905 23.713458566168 8
      vertex 24.527818140803905 28.286541433832 8
      vertex 24.052379439003996 28.54066871440604 8
    endloop
  endfacet
  facet normal 0 0 1
    outer loop
      vertex 24.052379439003996 28.54066871440604 8
      vertex 23.7778174593052 26.7778174593052 8
      vertex 23.95262794416288 26.55 8
    endloop
  endfacet
  facet normal 0 0 1
    outer loop
      vertex 24.052379439003996 28.54066871440604 8
      vertex 23.95262794416288 26.55 8
      vertex 24.062518408917974 26.284700949612773 8
    endloop
  endfacet
  facet normal 0 0 1
    outer loop
      vertex 24.944543648263007 24.055456351736993 8
      vertex 24.944543648263007 27.944543648263007 8
      vertex 24.527818140803905 28.286541433832 8
    endloop
  endfacet
  facet normal 0 0 1
    outer loop
      vertex 25.286541433832 24.472181859196095 8
      vertex 25.286541433832 27.527818140803905 8
      vertex 24.944543648263007 27.944543648263007 8
    endloop
  endfacet
  facet normal 0 0 1
    outer loop
      vertex 25.286541433832 24.472181859196095 8
      vertex 25.54066871440604 24.947620560996004 8
      vertex 25.286541433832 27.527818140803905 8
    endloop
  endfacet
  facet normal 0 0 1
    outer loop
      vertex 25.54066871440604 24.947620560996004 8
      vertex 25.697159521108883 25.463501614455648 8
      vertex 25.54066871440604 27.052379439003996 8
    endloop
  endfacet
  facet normal 0 0 1
    outer loop
      vertex 25.697159521108883 25.463501614455648 8
      vertex 25.75 26 8
      vertex 25.697159521108883 26.536498385544352 8
    endloop
  endfacet
  facet normal 0 0 1
    outer loop
      vertex 25.54066871440604 24.947620560996004 8
      vertex 25.54066871440604 27.052379439003996 8
      vertex 25.286541433832 27.527818140803905 8
    endloop
  endfacet
  facet normal 0 0 1
    outer loop
      vertex 25.697159521108883 25.463501614455648 8
      vertex 25.697159521108883 26.536498385544352 8
      vertex 25.54066871440604 27.052379439003996 8
    endloop
  endfacet
  facet normal 0 0 1
    outer loop
      vertex 23.536498385544352 28.697159521108883 8
      vertex 23.7778174593052 26.7778174593052 8
      vertex 24.052379439003996 28.54066871440604 8
    endloop
  endfacet
  facet normal -0.8819212643483523 -0.471396736826003 0
    outer loop
      vertex 20.713458566168 82.4721818591961 3
      vertex 20.713458566168 82.4721818591961 8
      vertex 20.45933128559396 82.947620560996 3
    endloop
  endfacet
  facet normal -0.95694033573221 -0.29028467725445806 5.509736286935362e-19
    outer loop
      vertex 20.302840478891117 83.46350161445565 3
      vertex 20.45933128559396 82.947620560996 3
      vertex 20.45933128559396 82.947620560996 8
    endloop
  endfacet
  facet normal -0.9951847266721968 -0.09801714032956231 0
    outer loop
      vertex 20.302840478891117 83.46350161445565 3
      vertex 20.302840478891117 83.46350161445565 8
      vertex 20.25 84 3
    endloop
  endfacet
  facet normal -0.9951847266721968 0.09801714032956231 0
    outer loop
      vertex 20.25 84 3
      vertex 20.25 84 8
      vertex 20.302840478891117 84.53649838554435 3
    endloop
  endfacet
  facet normal -0.95694033573221 0.29028467725445806 0
    outer loop
      vertex 20.302840478891117 84.53649838554435 3
      vertex 20.302840478891117 84.53649838554435 8
      vertex 20.45933128559396 85.052379439004 3
    endloop
  endfacet
  facet normal -0.8819212643483523 0.471396736826003 0
    outer loop
      vertex 20.45933128559396 85.052379439004 3
      vertex 20.45933128559396 85.052379439004 8
      vertex 20.713458566168 85.5278181408039 3
    endloop
  endfacet
  facet normal -0.6343932841636417 -0.77301045336274 0
    outer loop
      vertex 21.472181859196095 81.713458566168 3
      vertex 21.472181859196095 81.713458566168 8
      vertex 21.055456351736993 82.05545635173699 3
    endloop
  endfacet
  facet normal -0.4713967368259975 -0.8819212643483552 8.17653196596404e-19
    outer loop
      vertex 21.472181859196095 81.713458566168 3
      vertex 21.947620560996004 81.45933128559396 3
      vertex 21.947620560996004 81.45933128559396 8
    endloop
  endfacet
  facet normal -0.7730104533627427 -0.6343932841636385 1.5799390098716899e-19
    outer loop
      vertex 20.713458566168 82.4721818591961 3
      vertex 21.055456351736993 82.05545635173699 3
      vertex 21.055456351736993 82.05545635173699 8
    endloop
  endfacet
  facet normal -0.29028467725446777 -0.9569403357322073 8.482685352080613e-19
    outer loop
      vertex 21.947620560996004 81.45933128559396 3
      vertex 22.463501614455648 81.30284047889111 3
      vertex 22.463501614455648 81.30284047889111 8
    endloop
  endfacet
  facet normal -0.09801714032955514 -0.9951847266721975 -3.44077886332357e-19
    outer loop
      vertex 22.463501614455648 81.30284047889111 3
      vertex 23 81.25 3
      vertex 23 81.25 8
    endloop
  endfacet
  facet normal 0.09801714032955514 -0.9951847266721975 3.44077886332357e-19
    outer loop
      vertex 23 81.25 3
      vertex 23.536498385544352 81.30284047889111 3
      vertex 23.536498385544352 81.30284047889111 8
    endloop
  endfacet
  facet normal -0.7730104533627427 0.6343932841636385 0
    outer loop
      vertex 20.713458566168 85.5278181408039 3
      vertex 20.713458566168 85.5278181408039 8
      vertex 21.055456351736993 85.94454364826301 3
    endloop
  endfacet
  facet normal -0.6343932841636417 0.77301045336274 0
    outer loop
      vertex 21.055456351736993 85.94454364826301 3
      vertex 21.055456351736993 85.94454364826301 8
      vertex 21.472181859196095 86.286541433832 3
    endloop
  endfacet
  facet normal -0.4713967368259975 0.8819212643483552 0
    outer loop
      vertex 21.472181859196095 86.286541433832 3
      vertex 21.472181859196095 86.286541433832 8
      vertex 21.947620560996004 86.54066871440604 3
    endloop
  endfacet
  facet normal -0.29028467725446777 0.9569403357322073 0
    outer loop
      vertex 21.947620560996004 86.54066871440604 3
      vertex 21.947620560996004 86.54066871440604 8
      vertex 22.463501614455648 86.69715952110889 3
    endloop
  endfacet
  facet normal -0.09801714032955514 0.9951847266721975 0
    outer loop
      vertex 22.463501614455648 86.69715952110889 3
      vertex 22.463501614455648 86.69715952110889 8
      vertex 23 86.75 3
    endloop
  endfacet
  facet normal 0.09801714032955514 0.9951847266721975 0
    outer loop
      vertex 23 86.75 3
      vertex 23 86.75 8
      vertex 23.536498385544352 86.69715952110889 3
    endloop
  endfacet
  facet normal 0.29028467725446777 0.9569403357322073 0
    outer loop
      vertex 23.536498385544352 86.69715952110889 3
      vertex 23.536498385544352 86.69715952110889 8
      vertex 24.052379439003996 86.54066871440604 3
    endloop
  endfacet
  facet normal -0.95694033573221 -0.29028467725445806 0
    outer loop
      vertex 20.302840478891117 83.46350161445565 3
      vertex 20.45933128559396 82.947620560996 8
      vertex 20.302840478891117 83.46350161445565 8
    endloop
  endfacet
  facet normal -0.8819212643483523 -0.471396736826003 0
    outer loop
      vertex 20.45933128559396 82.947620560996 3
      vertex 20.713458566168 82.4721818591961 8
      vertex 20.45933128559396 82.947620560996 8
    endloop
  endfacet
  facet normal -0.9951847266721968 -0.09801714032956231 0
    outer loop
      vertex 20.25 84 3
      vertex 20.302840478891117 83.46350161445565 8
      vertex 20.25 84 8
    endloop
  endfacet
  facet normal -0.9951847266721968 0.09801714032956231 0
    outer loop
      vertex 20.302840478891117 84.53649838554435 3
      vertex 20.25 84 8
      vertex 20.302840478891117 84.53649838554435 8
    endloop
  endfacet
  facet normal -0.95694033573221 0.29028467725445806 0
    outer loop
      vertex 20.45933128559396 85.052379439004 3
      vertex 20.302840478891117 84.53649838554435 8
      vertex 20.45933128559396 85.052379439004 8
    endloop
  endfacet
  facet normal -0.8819212643483523 0.471396736826003 0
    outer loop
      vertex 20.713458566168 85.5278181408039 3
      vertex 20.45933128559396 85.052379439004 8
      vertex 20.713458566168 85.5278181408039 8
    endloop
  endfacet
  facet normal -0.6343932841636417 -0.77301045336274 0
    outer loop
      vertex 21.055456351736993 82.05545635173699 3
      vertex 21.472181859196095 81.713458566168 8
      vertex 21.055456351736993 82.05545635173699 8
    endloop
  endfacet
  facet normal -0.4713967368259975 -0.8819212643483552 0
    outer loop
      vertex 21.472181859196095 81.713458566168 3
      vertex 21.947620560996004 81.45933128559396 8
      vertex 21.472181859196095 81.713458566168 8
    endloop
  endfacet
  facet normal -0.29028467725446777 -0.9569403357322073 0
    outer loop
      vertex 21.947620560996004 81.45933128559396 3
      vertex 22.463501614455648 81.30284047889111 8
      vertex 21.947620560996004 81.45933128559396 8
    endloop
  endfacet
  facet normal -0.7730104533627427 -0.6343932841636385 0
    outer loop
      vertex 20.713458566168 82.4721818591961 3
      vertex 21.055456351736993 82.05545635173699 8
      vertex 20.713458566168 82.4721818591961 8
    endloop
  endfacet
  facet normal -0.09801714032955514 -0.9951847266721975 0
    outer loop
      vertex 22.463501614455648 81.30284047889111 3
      vertex 23 81.25 8
      vertex 22.463501614455648 81.30284047889111 8
    endloop
  endfacet
  facet normal 0.09801714032955514 -0.9951847266721975 0
    outer loop
      vertex 23 81.25 3
      vertex 23.536498385544352 81.30284047889111 8
      vertex 23 81.25 8
    endloop
  endfacet
  facet normal 0.29028467725446777 -0.9569403357322073 0
    outer loop
      vertex 23.536498385544352 81.30284047889111 3
      vertex 24.052379439003996 81.45933128559396 8
      vertex 23.536498385544352 81.30284047889111 8
    endloop
  endfacet
  facet normal -0.7730104533627427 0.6343932841636385 0
    outer loop
      vertex 21.055456351736993 85.94454364826301 3
      vertex 20.713458566168 85.5278181408039 8
      vertex 21.055456351736993 85.94454364826301 8
    endloop
  endfacet
  facet normal -0.6343932841636417 0.77301045336274 0
    outer loop
      vertex 21.472181859196095 86.286541433832 3
      vertex 21.055456351736993 85.94454364826301 8
      vertex 21.472181859196095 86.286541433832 8
    endloop
  endfacet
  facet normal -0.4713967368259975 0.8819212643483552 0
    outer loop
      vertex 21.947620560996004 86.54066871440604 3
      vertex 21.472181859196095 86.286541433832 8
      vertex 21.947620560996004 86.54066871440604 8
    endloop
  endfacet
  facet normal -0.29028467725446777 0.9569403357322073 0
    outer loop
      vertex 22.463501614455648 86.69715952110889 3
      vertex 21.947620560996004 86.54066871440604 8
      vertex 22.463501614455648 86.69715952110889 8
    endloop
  endfacet
  facet normal -0.09801714032955514 0.9951847266721975 0
    outer loop
      vertex 23 86.75 3
      vertex 22.463501614455648 86.69715952110889 8
      vertex 23 86.75 8
    endloop
  endfacet
  facet normal 0.09801714032955514 0.9951847266721975 0
    outer loop
      vertex 23.536498385544352 86.69715952110889 3
      vertex 23 86.75 8
      vertex 23.536498385544352 86.69715952110889 8
    endloop
  endfacet
  facet normal 0 0 1
    outer loop
      vertex 20.713458566168 82.4721818591961 8
      vertex 20.45933128559396 85.052379439004 8
      vertex 20.45933128559396 82.947620560996 8
    endloop
  endfacet
  facet normal 0 0 1
    outer loop
      vertex 20.302840478891117 83.46350161445565 8
      vertex 20.45933128559396 82.947620560996 8
      vertex 20.302840478891117 84.53649838554435 8
    endloop
  endfacet
  facet normal 0 0 1
    outer loop
      vertex 20.302840478891117 83.46350161445565 8
      vertex 20.302840478891117 84.53649838554435 8
      vertex 20.25 84 8
    endloop
  endfacet
  facet normal 0 0 1
    outer loop
      vertex 20.45933128559396 82.947620560996 8
      vertex 20.45933128559396 85.052379439004 8
      vertex 20.302840478891117 84.53649838554435 8
    endloop
  endfacet
  facet normal 0 0 1
    outer loop
      vertex 20.713458566168 82.4721818591961 8
      vertex 20.713458566168 85.5278181408039 8
      vertex 20.45933128559396 85.052379439004 8
    endloop
  endfacet
  facet normal 0 0 1
    outer loop
      vertex 20.713458566168 82.4721818591961 8
      vertex 21.055456351736993 82.05545635173699 8
      vertex 20.713458566168 85.5278181408039 8
    endloop
  endfacet
  facet normal 0 0 1
    outer loop
      vertex 21.472181859196095 81.713458566168 8
      vertex 21.055456351736993 85.94454364826301 8
      vertex 21.055456351736993 82.05545635173699 8
    endloop
  endfacet
  facet normal 0 0 1
    outer loop
      vertex 21.947620560996004 81.45933128559396 8
      vertex 22.463501614455648 81.30284047889111 8
      vertex 22.2221825406948 83.2221825406948 8
    endloop
  endfacet
  facet normal 0 0 1
    outer loop
      vertex 21.947620560996004 81.45933128559396 8
      vertex 22.2221825406948 83.2221825406948 8
      vertex 22.04737205583712 83.45 8
    endloop
  endfacet
  facet normal 0 0 1
    outer loop
      vertex 21.472181859196095 81.713458566168 8
      vertex 21.947620560996004 81.45933128559396 8
      vertex 21.472181859196095 86.286541433832 8
    endloop
  endfacet
  facet normal 0 0 1
    outer loop
      vertex 21.947620560996004 81.45933128559396 8
      vertex 22.04737205583712 83.45 8
      vertex 21.937481591082026 83.71529905038723 8
    endloop
  endfacet
  facet normal 0 0 1
    outer loop
      vertex 22.463501614455648 81.30284047889111 8
      vertex 23 81.25 8
      vertex 22.715299050387227 82.93748159108202 8
    endloop
  endfacet
  facet normal 0 0 1
    outer loop
      vertex 23 81.25 8
      vertex 23.536498385544352 81.30284047889111 8
      vertex 23 82.9 8
    endloop
  endfacet
  facet normal 0 0 1
    outer loop
      vertex 23.536498385544352 81.30284047889111 8
      vertex 24.052379439003996 81.45933128559396 8
      vertex 23.284700949612773 82.93748159108202 8
    endloop
  endfacet
  facet normal 0 0 1
    outer loop
      vertex 22.463501614455648 81.30284047889111 8
      vertex 22.45 83.04737205583712 8
      vertex 22.2221825406948 83.2221825406948 8
    endloop
  endfacet
  facet normal 0 0 1
    outer loop
      vertex 22.463501614455648 81.30284047889111 8
      vertex 22.715299050387227 82.93748159108202 8
      vertex 22.45 83.04737205583712 8
    endloop
  endfacet
  facet normal 0 0 1
    outer loop
      vertex 23 81.25 8
      vertex 23 82.9 8
      vertex 22.715299050387227 82.93748159108202 8
    endloop
  endfacet
  facet normal 0 0 1
    outer loop
      vertex 23.536498385544352 81.30284047889111 8
      vertex 23.284700949612773 82.93748159108202 8
      vertex 23 82.9 8
    endloop
  endfacet
  facet normal 0 0 1
    outer loop
      vertex 24.052379439003996 81.45933128559396 8
      vertex 23.55 83.04737205583712 8
      vertex 23.284700949612773 82.93748159108202 8
    endloop
  endfacet
  facet normal 0 0 1
    outer loop
      vertex 20.713458566168 85.5278181408039 8
      vertex 21.055456351736993 82.05545635173699 8
      vertex 21.055456351736993 85.94454364826301 8
    endloop
  endfacet
  facet normal 0 0 1
    outer loop
      vertex 21.472181859196095 81.713458566168 8
      vertex 21.472181859196095 86.286541433832 8
      vertex 21.055456351736993 85.94454364826301 8
    endloop
  endfacet
  facet normal 0 0 1
    outer loop
      vertex 21.947620560996004 81.45933128559396 8
      vertex 21.937481591082026 83.71529905038723 8
      vertex 21.472181859196095 86.286541433832 8
    endloop
  endfacet
  facet normal 0 0 1
    outer loop
      vertex 21.472181859196095 86.286541433832 8
      vertex 21.937481591082026 83.71529905038723 8
      vertex 21.9 84 8
    endloop
  endfacet
  facet normal 0 0 1
    outer loop
      vertex 21.472181859196095 86.286541433832 8
      vertex 21.9 84 8
      vertex 21.937481591082026 84.28470094961277 8
    endloop
  endfacet
  facet normal 0 0 1
    outer loop
      vertex 21.472181859196095 86.286541433832 8
      vertex 21.937481591082026 84.28470094961277 8
      vertex 22.04737205583712 84.55 8
    endloop
  endfacet
  facet normal 0 0 1
    outer loop
      vertex 21.472181859196095 86.286541433832 8
      vertex 22.04737205583712 84.55 8
      vertex 21.947620560996004 86.54066871440604 8
    endloop
  endfacet
  facet normal 0 0 1
    outer loop
      vertex 21.947620560996004 86.54066871440604 8
      vertex 22.04737205583712 84.55 8
      vertex 22.2221825406948 84.7778174593052 8
    endloop
  endfacet
  facet normal 0 0 1
    outer loop
      vertex 21.947620560996004 86.54066871440604 8
      vertex 22.2221825406948 84.7778174593052 8
      vertex 22.45 84.95262794416288 8
    endloop
  endfacet
  facet normal 0 0 1
    outer loop
      vertex 21.947620560996004 86.54066871440604 8
      vertex 22.45 84.95262794416288 8
      vertex 22.715299050387227 85.06251840891798 8
    endloop
  endfacet
  facet normal 0 0 1
    outer loop
      vertex 22.463501614455648 86.69715952110889 8
      vertex 22.715299050387227 85.06251840891798 8
      vertex 23 85.1 8
    endloop
  endfacet
  facet normal 0 0 1
    outer loop
      vertex 21.947620560996004 86.54066871440604 8
      vertex 22.715299050387227 85.06251840891798 8
      vertex 22.463501614455648 86.69715952110889 8
    endloop
  endfacet
  facet normal 0 0 1
    outer loop
      vertex 22.463501614455648 86.69715952110889 8
      vertex 23 85.1 8
      vertex 23 86.75 8
    endloop
  endfacet
  facet normal 0 0 1
    outer loop
      vertex 23 86.75 8
      vertex 23 85.1 8
      vertex 23.284700949612773 85.06251840891798 8
    endloop
  endfacet
  facet normal 0 0 1
    outer loop
      vertex 23.536498385544352 86.69715952110889 8
      vertex 23.284700949612773 85.06251840891798 8
      vertex 23.55 84.95262794416288 8
    endloop
  endfacet
  facet normal 0 0 1
    outer loop
      vertex 23.536498385544352 86.69715952110889 8
      vertex 23.55 84.95262794416288 8
      vertex 23.7778174593052 84.7778174593052 8
    endloop
  endfacet
  facet normal 0 0 1
    outer loop
      vertex 23 86.75 8
      vertex 23.284700949612773 85.06251840891798 8
      vertex 23.536498385544352 86.69715952110889 8
    endloop
  endfacet
  facet normal 0.29028467725446777 -0.9569403357322073 -8.482685352080613e-19
    outer loop
      vertex 23.536498385544352 81.30284047889111 3
      vertex 24.052379439003996 81.45933128559396 3
      vertex 24.052379439003996 81.45933128559396 8
    endloop
  endfacet
  facet normal 0.4713967368259975 -0.8819212643483552 -8.17653196596404e-19
    outer loop
      vertex 24.052379439003996 81.45933128559396 3
      vertex 24.527818140803905 81.713458566168 3
      vertex 24.527818140803905 81.713458566168 8
    endloop
  endfacet
  facet normal 0.6343932841636417 -0.77301045336274 2.15147830182535e-18
    outer loop
      vertex 24.527818140803905 81.713458566168 3
      vertex 24.944543648263007 82.05545635173699 3
      vertex 24.944543648263007 82.05545635173699 8
    endloop
  endfacet
  facet normal 0.7730104533627427 -0.6343932841636385 -1.5799390098716899e-19
    outer loop
      vertex 24.944543648263007 82.05545635173699 3
      vertex 25.286541433832 82.4721818591961 3
      vertex 25.286541433832 82.4721818591961 8
    endloop
  endfacet
  facet normal 0.8819212643483523 -0.471396736826003 -1.4003033080002018e-18
    outer loop
      vertex 25.286541433832 82.4721818591961 3
      vertex 25.54066871440604 82.947620560996 3
      vertex 25.54066871440604 82.947620560996 8
    endloop
  endfacet
  facet normal 0.95694033573221 -0.29028467725445806 -5.509736286935362e-19
    outer loop
      vertex 25.54066871440604 82.947620560996 3
      vertex 25.697159521108883 83.46350161445565 3
      vertex 25.697159521108883 83.46350161445565 8
    endloop
  endfacet
  facet normal 0.4713967368259975 0.8819212643483552 0
    outer loop
      vertex 24.052379439003996 86.54066871440604 3
      vertex 24.052379439003996 86.54066871440604 8
      vertex 24.527818140803905 86.286541433832 3
    endloop
  endfacet
  facet normal 0.7730104533627427 0.6343932841636385 0
    outer loop
      vertex 24.944543648263007 85.94454364826301 3
      vertex 24.944543648263007 85.94454364826301 8
      vertex 25.286541433832 85.5278181408039 3
    endloop
  endfacet
  facet normal 0.6343932841636417 0.77301045336274 -2.15147830182535e-18
    outer loop
      vertex 24.944543648263007 85.94454364826301 3
      vertex 24.527818140803905 86.286541433832 3
      vertex 24.527818140803905 86.286541433832 8
    endloop
  endfacet
  facet normal 0.9951847266721968 -0.09801714032956231 -6.010730734292715e-19
    outer loop
      vertex 25.697159521108883 83.46350161445565 3
      vertex 25.75 84 3
      vertex 25.75 84 8
    endloop
  endfacet
  facet normal 0.9951847266721968 0.09801714032956231 6.010730734292715e-19
    outer loop
      vertex 25.75 84 3
      vertex 25.697159521108883 84.53649838554435 3
      vertex 25.697159521108883 84.53649838554435 8
    endloop
  endfacet
  facet normal 0.95694033573221 0.29028467725445806 0
    outer loop
      vertex 25.54066871440604 85.052379439004 3
      vertex 25.54066871440604 85.052379439004 8
      vertex 25.697159521108883 84.53649838554435 3
    endloop
  endfacet
  facet normal 0.8819212643483523 0.471396736826003 1.4003033080002018e-18
    outer loop
      vertex 25.54066871440604 85.052379439004 3
      vertex 25.286541433832 85.5278181408039 3
      vertex 25.286541433832 85.5278181408039 8
    endloop
  endfacet
  facet normal 0.4713967368259975 -0.8819212643483552 0
    outer loop
      vertex 24.052379439003996 81.45933128559396 3
      vertex 24.527818140803905 81.713458566168 8
      vertex 24.052379439003996 81.45933128559396 8
    endloop
  endfacet
  facet normal 0.6343932841636417 -0.77301045336274 0
    outer loop
      vertex 24.527818140803905 81.713458566168 3
      vertex 24.944543648263007 82.05545635173699 8
      vertex 24.527818140803905 81.713458566168 8
    endloop
  endfacet
  facet normal 0.7730104533627427 -0.6343932841636385 0
    outer loop
      vertex 24.944543648263007 82.05545635173699 3
      vertex 25.286541433832 82.4721818591961 8
      vertex 24.944543648263007 82.05545635173699 8
    endloop
  endfacet
  facet normal 0.8819212643483523 -0.471396736826003 0
    outer loop
      vertex 25.286541433832 82.4721818591961 3
      vertex 25.54066871440604 82.947620560996 8
      vertex 25.286541433832 82.4721818591961 8
    endloop
  endfacet
  facet normal 0.95694033573221 -0.29028467725445806 0
    outer loop
      vertex 25.54066871440604 82.947620560996 3
      vertex 25.697159521108883 83.46350161445565 8
      vertex 25.54066871440604 82.947620560996 8
    endloop
  endfacet
  facet normal 0.29028467725446777 0.9569403357322073 0
    outer loop
      vertex 24.052379439003996 86.54066871440604 3
      vertex 23.536498385544352 86.69715952110889 8
      vertex 24.052379439003996 86.54066871440604 8
    endloop
  endfacet
  facet normal 0.4713967368259975 0.8819212643483552 0
    outer loop
      vertex 24.527818140803905 86.286541433832 3
      vertex 24.052379439003996 86.54066871440604 8
      vertex 24.527818140803905 86.286541433832 8
    endloop
  endfacet
  facet normal 0.7730104533627427 0.6343932841636385 0
    outer loop
      vertex 25.286541433832 85.5278181408039 3
      vertex 24.944543648263007 85.94454364826301 8
      vertex 25.286541433832 85.5278181408039 8
    endloop
  endfacet
  facet normal 0.6343932841636417 0.77301045336274 0
    outer loop
      vertex 24.944543648263007 85.94454364826301 3
      vertex 24.527818140803905 86.286541433832 8
      vertex 24.944543648263007 85.94454364826301 8
    endloop
  endfacet
  facet normal 0.9951847266721968 -0.09801714032956231 0
    outer loop
      vertex 25.697159521108883 83.46350161445565 3
      vertex 25.75 84 8
      vertex 25.697159521108883 83.46350161445565 8
    endloop
  endfacet
  facet normal 0.9951847266721968 0.09801714032956231 0
    outer loop
      vertex 25.75 84 3
      vertex 25.697159521108883 84.53649838554435 8
      vertex 25.75 84 8
    endloop
  endfacet
  facet normal 0.8819212643483523 0.471396736826003 0
    outer loop
      vertex 25.54066871440604 85.052379439004 3
      vertex 25.286541433832 85.5278181408039 8
      vertex 25.54066871440604 85.052379439004 8
    endloop
  endfacet
  facet normal 0.95694033573221 0.29028467725445806 0
    outer loop
      vertex 25.697159521108883 84.53649838554435 3
      vertex 25.54066871440604 85.052379439004 8
      vertex 25.697159521108883 84.53649838554435 8
    endloop
  endfacet
  facet normal 0 0 1
    outer loop
      vertex 24.052379439003996 81.45933128559396 8
      vertex 23.7778174593052 83.2221825406948 8
      vertex 23.55 83.04737205583712 8
    endloop
  endfacet
  facet normal 0 0 1
    outer loop
      vertex 24.052379439003996 81.45933128559396 8
      vertex 23.95262794416288 83.45 8
      vertex 23.7778174593052 83.2221825406948 8
    endloop
  endfacet
  facet normal 0 0 1
    outer loop
      vertex 24.052379439003996 81.45933128559396 8
      vertex 24.527818140803905 81.713458566168 8
      vertex 23.95262794416288 83.45 8
    endloop
  endfacet
  facet normal 0 0 1
    outer loop
      vertex 24.527818140803905 81.713458566168 8
      vertex 24.062518408917974 83.71529905038723 8
      vertex 23.95262794416288 83.45 8
    endloop
  endfacet
  facet normal 0 0 1
    outer loop
      vertex 24.527818140803905 81.713458566168 8
      vertex 24.1 84 8
      vertex 24.062518408917974 83.71529905038723 8
    endloop
  endfacet
  facet normal 0 0 1
    outer loop
      vertex 24.527818140803905 81.713458566168 8
      vertex 24.062518408917974 84.28470094961277 8
      vertex 24.1 84 8
    endloop
  endfacet
  facet normal 0 0 1
    outer loop
      vertex 24.527818140803905 81.713458566168 8
      vertex 24.944543648263007 82.05545635173699 8
      vertex 24.527818140803905 86.286541433832 8
    endloop
  endfacet
  facet normal 0 0 1
    outer loop
      vertex 24.944543648263007 82.05545635173699 8
      vertex 25.286541433832 82.4721818591961 8
      vertex 24.944543648263007 85.94454364826301 8
    endloop
  endfacet
  facet normal 0 0 1
    outer loop
      vertex 24.527818140803905 81.713458566168 8
      vertex 24.052379439003996 86.54066871440604 8
      vertex 24.062518408917974 84.28470094961277 8
    endloop
  endfacet
  facet normal 0 0 1
    outer loop
      vertex 24.052379439003996 86.54066871440604 8
      vertex 23.95262794416288 84.55 8
      vertex 24.062518408917974 84.28470094961277 8
    endloop
  endfacet
  facet normal 0 0 1
    outer loop
      vertex 24.527818140803905 81.713458566168 8
      vertex 24.527818140803905 86.286541433832 8
      vertex 24.052379439003996 86.54066871440604 8
    endloop
  endfacet
  facet normal 0 0 1
    outer loop
      vertex 24.944543648263007 82.05545635173699 8
      vertex 24.944543648263007 85.94454364826301 8
      vertex 24.527818140803905 86.286541433832 8
    endloop
  endfacet
  facet normal 0 0 1
    outer loop
      vertex 25.286541433832 82.4721818591961 8
      vertex 25.286541433832 85.5278181408039 8
      vertex 24.944543648263007 85.94454364826301 8
    endloop
  endfacet
  facet normal 0 0 1
    outer loop
      vertex 24.052379439003996 86.54066871440604 8
      vertex 23.7778174593052 84.7778174593052 8
      vertex 23.95262794416288 84.55 8
    endloop
  endfacet
  facet normal 0 0 1
    outer loop
      vertex 23.536498385544352 86.69715952110889 8
      vertex 23.7778174593052 84.7778174593052 8
      vertex 24.052379439003996 86.54066871440604 8
    endloop
  endfacet
  facet normal 0 0 1
    outer loop
      vertex 25.286541433832 82.4721818591961 8
      vertex 25.54066871440604 82.947620560996 8
      vertex 25.286541433832 85.5278181408039 8
    endloop
  endfacet
  facet normal 0 0 1
    outer loop
      vertex 25.54066871440604 82.947620560996 8
      vertex 25.697159521108883 83.46350161445565 8
      vertex 25.54066871440604 85.052379439004 8
    endloop
  endfacet
  facet normal 0 0 1
    outer loop
      vertex 25.697159521108883 83.46350161445565 8
      vertex 25.75 84 8
      vertex 25.697159521108883 84.53649838554435 8
    endloop
  endfacet
  facet normal 0 0 1
    outer loop
      vertex 25.697159521108883 83.46350161445565 8
      vertex 25.697159521108883 84.53649838554435 8
      vertex 25.54066871440604 85.052379439004 8
    endloop
  endfacet
  facet normal 0 0 1
    outer loop
      vertex 25.54066871440604 82.947620560996 8
      vertex 25.54066871440604 85.052379439004 8
      vertex 25.286541433832 85.5278181408039 8
    endloop
  endfacet
  facet normal -0.77301045336274 -0.6343932841636417 -2.15147830182535e-18
    outer loop
      vertex 69.713458566168 24.472181859196095 3
      vertex 70.05545635173699 24.055456351736993 3
      vertex 70.05545635173699 24.055456351736993 8
    endloop
  endfacet
  facet normal -0.6343932841636385 -0.7730104533627427 1.5799390098716899e-19
    outer loop
      vertex 70.05545635173699 24.055456351736993 3
      vertex 70.4721818591961 23.713458566168 3
      vertex 70.4721818591961 23.713458566168 8
    endloop
  endfacet
  facet normal -0.471396736826003 -0.8819212643483523 1.4003033080002018e-18
    outer loop
      vertex 70.4721818591961 23.713458566168 3
      vertex 70.947620560996 23.45933128559396 3
      vertex 70.947620560996 23.45933128559396 8
    endloop
  endfacet
  facet normal -0.8819212643483552 -0.4713967368259975 0
    outer loop
      vertex 69.713458566168 24.472181859196095 3
      vertex 69.713458566168 24.472181859196095 8
      vertex 69.45933128559396 24.947620560996004 3
    endloop
  endfacet
  facet normal -0.9569403357322073 -0.29028467725446777 0
    outer loop
      vertex 69.45933128559396 24.947620560996004 3
      vertex 69.45933128559396 24.947620560996004 8
      vertex 69.30284047889111 25.463501614455648 3
    endloop
  endfacet
  facet normal -0.9951847266721975 -0.09801714032955514 0
    outer loop
      vertex 69.30284047889111 25.463501614455648 3
      vertex 69.30284047889111 25.463501614455648 8
      vertex 69.25 26 3
    endloop
  endfacet
  facet normal -0.9951847266721975 0.09801714032955514 0
    outer loop
      vertex 69.25 26 3
      vertex 69.25 26 8
      vertex 69.30284047889111 26.536498385544352 3
    endloop
  endfacet
  facet normal -0.9569403357322073 0.29028467725446777 0
    outer loop
      vertex 69.30284047889111 26.536498385544352 3
      vertex 69.30284047889111 26.536498385544352 8
      vertex 69.45933128559396 27.052379439003996 3
    endloop
  endfacet
  facet normal -0.8819212643483552 0.4713967368259975 0
    outer loop
      vertex 69.45933128559396 27.052379439003996 3
      vertex 69.45933128559396 27.052379439003996 8
      vertex 69.713458566168 27.527818140803905 3
    endloop
  endfacet
  facet normal -0.77301045336274 0.6343932841636417 0
    outer loop
      vertex 69.713458566168 27.527818140803905 3
      vertex 69.713458566168 27.527818140803905 8
      vertex 70.05545635173699 27.944543648263007 3
    endloop
  endfacet
  facet normal -0.6343932841636385 0.7730104533627427 0
    outer loop
      vertex 70.05545635173699 27.944543648263007 3
      vertex 70.05545635173699 27.944543648263007 8
      vertex 70.4721818591961 28.286541433832 3
    endloop
  endfacet
  facet normal -0.471396736826003 0.8819212643483523 0
    outer loop
      vertex 70.4721818591961 28.286541433832 3
      vertex 70.4721818591961 28.286541433832 8
      vertex 70.947620560996 28.54066871440604 3
    endloop
  endfacet
  facet normal -0.29028467725445806 0.95694033573221 0
    outer loop
      vertex 70.947620560996 28.54066871440604 3
      vertex 70.947620560996 28.54066871440604 8
      vertex 71.46350161445565 28.697159521108883 3
    endloop
  endfacet
  facet normal -0.77301045336274 -0.6343932841636417 0
    outer loop
      vertex 69.713458566168 24.472181859196095 3
      vertex 70.05545635173699 24.055456351736993 8
      vertex 69.713458566168 24.472181859196095 8
    endloop
  endfacet
  facet normal -0.6343932841636385 -0.7730104533627427 0
    outer loop
      vertex 70.05545635173699 24.055456351736993 3
      vertex 70.4721818591961 23.713458566168 8
      vertex 70.05545635173699 24.055456351736993 8
    endloop
  endfacet
  facet normal -0.471396736826003 -0.8819212643483523 0
    outer loop
      vertex 70.4721818591961 23.713458566168 3
      vertex 70.947620560996 23.45933128559396 8
      vertex 70.4721818591961 23.713458566168 8
    endloop
  endfacet
  facet normal -0.29028467725445806 -0.95694033573221 0
    outer loop
      vertex 70.947620560996 23.45933128559396 3
      vertex 71.46350161445565 23.302840478891117 8
      vertex 70.947620560996 23.45933128559396 8
    endloop
  endfacet
  facet normal -0.9569403357322073 -0.29028467725446777 0
    outer loop
      vertex 69.30284047889111 25.463501614455648 3
      vertex 69.45933128559396 24.947620560996004 8
      vertex 69.30284047889111 25.463501614455648 8
    endloop
  endfacet
  facet normal -0.8819212643483552 -0.4713967368259975 0
    outer loop
      vertex 69.45933128559396 24.947620560996004 3
      vertex 69.713458566168 24.472181859196095 8
      vertex 69.45933128559396 24.947620560996004 8
    endloop
  endfacet
  facet normal -0.9951847266721975 -0.09801714032955514 0
    outer loop
      vertex 69.25 26 3
      vertex 69.30284047889111 25.463501614455648 8
      vertex 69.25 26 8
    endloop
  endfacet
  facet normal -0.9951847266721975 0.09801714032955514 0
    outer loop
      vertex 69.30284047889111 26.536498385544352 3
      vertex 69.25 26 8
      vertex 69.30284047889111 26.536498385544352 8
    endloop
  endfacet
  facet normal -0.9569403357322073 0.29028467725446777 0
    outer loop
      vertex 69.45933128559396 27.052379439003996 3
      vertex 69.30284047889111 26.536498385544352 8
      vertex 69.45933128559396 27.052379439003996 8
    endloop
  endfacet
  facet normal -0.8819212643483552 0.4713967368259975 0
    outer loop
      vertex 69.713458566168 27.527818140803905 3
      vertex 69.45933128559396 27.052379439003996 8
      vertex 69.713458566168 27.527818140803905 8
    endloop
  endfacet
  facet normal -0.77301045336274 0.6343932841636417 0
    outer loop
      vertex 70.05545635173699 27.944543648263007 3
      vertex 69.713458566168 27.527818140803905 8
      vertex 70.05545635173699 27.944543648263007 8
    endloop
  endfacet
  facet normal -0.6343932841636385 0.7730104533627427 0
    outer loop
      vertex 70.4721818591961 28.286541433832 3
      vertex 70.05545635173699 27.944543648263007 8
      vertex 70.4721818591961 28.286541433832 8
    endloop
  endfacet
  facet normal -0.471396736826003 0.8819212643483523 0
    outer loop
      vertex 70.947620560996 28.54066871440604 3
      vertex 70.4721818591961 28.286541433832 8
      vertex 70.947620560996 28.54066871440604 8
    endloop
  endfacet
  facet normal 0 0 1
    outer loop
      vertex 70.947620560996 23.45933128559396 8
      vertex 71.46350161445565 23.302840478891117 8
      vertex 71.2221825406948 25.2221825406948 8
    endloop
  endfacet
  facet normal 0 0 1
    outer loop
      vertex 69.45933128559396 24.947620560996004 8
      vertex 69.30284047889111 26.536498385544352 8
      vertex 69.30284047889111 25.463501614455648 8
    endloop
  endfacet
  facet normal 0 0 1
    outer loop
      vertex 69.30284047889111 25.463501614455648 8
      vertex 69.30284047889111 26.536498385544352 8
      vertex 69.25 26 8
    endloop
  endfacet
  facet normal 0 0 1
    outer loop
      vertex 69.713458566168 24.472181859196095 8
      vertex 69.45933128559396 27.052379439003996 8
      vertex 69.45933128559396 24.947620560996004 8
    endloop
  endfacet
  facet normal 0 0 1
    outer loop
      vertex 69.45933128559396 24.947620560996004 8
      vertex 69.45933128559396 27.052379439003996 8
      vertex 69.30284047889111 26.536498385544352 8
    endloop
  endfacet
  facet normal 0 0 1
    outer loop
      vertex 69.713458566168 24.472181859196095 8
      vertex 69.713458566168 27.527818140803905 8
      vertex 69.45933128559396 27.052379439003996 8
    endloop
  endfacet
  facet normal 0 0 1
    outer loop
      vertex 70.05545635173699 24.055456351736993 8
      vertex 70.4721818591961 23.713458566168 8
      vertex 70.05545635173699 27.944543648263007 8
    endloop
  endfacet
  facet normal 0 0 1
    outer loop
      vertex 69.713458566168 24.472181859196095 8
      vertex 70.05545635173699 24.055456351736993 8
      vertex 69.713458566168 27.527818140803905 8
    endloop
  endfacet
  facet normal 0 0 1
    outer loop
      vertex 70.4721818591961 23.713458566168 8
      vertex 70.947620560996 23.45933128559396 8
      vertex 70.4721818591961 28.286541433832 8
    endloop
  endfacet
  facet normal 0 0 1
    outer loop
      vertex 70.947620560996 23.45933128559396 8
      vertex 71.04737205583712 25.45 8
      vertex 70.93748159108202 25.715299050387227 8
    endloop
  endfacet
  facet normal 0 0 1
    outer loop
      vertex 70.947620560996 23.45933128559396 8
      vertex 71.2221825406948 25.2221825406948 8
      vertex 71.04737205583712 25.45 8
    endloop
  endfacet
  facet normal 0 0 1
    outer loop
      vertex 70.947620560996 23.45933128559396 8
      vertex 70.93748159108202 25.715299050387227 8
      vertex 70.4721818591961 28.286541433832 8
    endloop
  endfacet
  facet normal 0 0 1
    outer loop
      vertex 70.05545635173699 24.055456351736993 8
      vertex 70.05545635173699 27.944543648263007 8
      vertex 69.713458566168 27.527818140803905 8
    endloop
  endfacet
  facet normal 0 0 1
    outer loop
      vertex 70.4721818591961 23.713458566168 8
      vertex 70.4721818591961 28.286541433832 8
      vertex 70.05545635173699 27.944543648263007 8
    endloop
  endfacet
  facet normal 0 0 1
    outer loop
      vertex 70.4721818591961 28.286541433832 8
      vertex 70.93748159108202 25.715299050387227 8
      vertex 70.9 26 8
    endloop
  endfacet
  facet normal 0 0 1
    outer loop
      vertex 70.4721818591961 28.286541433832 8
      vertex 70.9 26 8
      vertex 70.93748159108202 26.284700949612773 8
    endloop
  endfacet
  facet normal 0 0 1
    outer loop
      vertex 70.4721818591961 28.286541433832 8
      vertex 70.93748159108202 26.284700949612773 8
      vertex 71.04737205583712 26.55 8
    endloop
  endfacet
  facet normal 0 0 1
    outer loop
      vertex 70.4721818591961 28.286541433832 8
      vertex 71.04737205583712 26.55 8
      vertex 70.947620560996 28.54066871440604 8
    endloop
  endfacet
  facet normal 0 0 1
    outer loop
      vertex 70.947620560996 28.54066871440604 8
      vertex 71.04737205583712 26.55 8
      vertex 71.2221825406948 26.7778174593052 8
    endloop
  endfacet
  facet normal 0 0 1
    outer loop
      vertex 70.947620560996 28.54066871440604 8
      vertex 71.2221825406948 26.7778174593052 8
      vertex 71.45 26.95262794416288 8
    endloop
  endfacet
  facet normal -0.29028467725445806 -0.95694033573221 5.509736286935362e-19
    outer loop
      vertex 70.947620560996 23.45933128559396 3
      vertex 71.46350161445565 23.302840478891117 3
      vertex 71.46350161445565 23.302840478891117 8
    endloop
  endfacet
  facet normal -0.09801714032956231 -0.9951847266721968 6.010730734292715e-19
    outer loop
      vertex 71.46350161445565 23.302840478891117 3
      vertex 72 23.25 3
      vertex 72 23.25 8
    endloop
  endfacet
  facet normal 0.09801714032956231 -0.9951847266721968 -6.010730734292715e-19
    outer loop
      vertex 72 23.25 3
      vertex 72.53649838554435 23.302840478891117 3
      vertex 72.53649838554435 23.302840478891117 8
    endloop
  endfacet
  facet normal 0.29028467725445806 -0.95694033573221 -5.509736286935362e-19
    outer loop
      vertex 72.53649838554435 23.302840478891117 3
      vertex 73.052379439004 23.45933128559396 3
      vertex 73.052379439004 23.45933128559396 8
    endloop
  endfacet
  facet normal 0.471396736826003 -0.8819212643483523 -1.4003033080002018e-18
    outer loop
      vertex 73.052379439004 23.45933128559396 3
      vertex 73.5278181408039 23.713458566168 3
      vertex 73.5278181408039 23.713458566168 8
    endloop
  endfacet
  facet normal 0.6343932841636385 -0.7730104533627427 -1.5799390098716899e-19
    outer loop
      vertex 73.5278181408039 23.713458566168 3
      vertex 73.94454364826301 24.055456351736993 3
      vertex 73.94454364826301 24.055456351736993 8
    endloop
  endfacet
  facet normal 0.77301045336274 -0.6343932841636417 2.15147830182535e-18
    outer loop
      vertex 73.94454364826301 24.055456351736993 3
      vertex 74.286541433832 24.472181859196095 3
      vertex 74.286541433832 24.472181859196095 8
    endloop
  endfacet
  facet normal 0.77301045336274 0.6343932841636417 -2.15147830182535e-18
    outer loop
      vertex 74.286541433832 27.527818140803905 3
      vertex 73.94454364826301 27.944543648263007 3
      vertex 73.94454364826301 27.944543648263007 8
    endloop
  endfacet
  facet normal 0.8819212643483552 -0.4713967368259975 -8.17653196596404e-19
    outer loop
      vertex 74.286541433832 24.472181859196095 3
      vertex 74.54066871440604 24.947620560996004 3
      vertex 74.54066871440604 24.947620560996004 8
    endloop
  endfacet
  facet normal 0.9569403357322073 -0.29028467725446777 -8.482685352080613e-19
    outer loop
      vertex 74.54066871440604 24.947620560996004 3
      vertex 74.69715952110889 25.463501614455648 3
      vertex 74.69715952110889 25.463501614455648 8
    endloop
  endfacet
  facet normal 0.9951847266721975 -0.09801714032955514 3.44077886332357e-19
    outer loop
      vertex 74.69715952110889 25.463501614455648 3
      vertex 74.75 26 3
      vertex 74.75 26 8
    endloop
  endfacet
  facet normal 0.9951847266721975 0.09801714032955514 -3.44077886332357e-19
    outer loop
      vertex 74.75 26 3
      vertex 74.69715952110889 26.536498385544352 3
      vertex 74.69715952110889 26.536498385544352 8
    endloop
  endfacet
  facet normal 0.9569403357322073 0.29028467725446777 8.482685352080613e-19
    outer loop
      vertex 74.69715952110889 26.536498385544352 3
      vertex 74.54066871440604 27.052379439003996 3
      vertex 74.54066871440604 27.052379439003996 8
    endloop
  endfacet
  facet normal 0.8819212643483552 0.4713967368259975 8.17653196596404e-19
    outer loop
      vertex 74.54066871440604 27.052379439003996 3
      vertex 74.286541433832 27.527818140803905 3
      vertex 74.286541433832 27.527818140803905 8
    endloop
  endfacet
  facet normal -0.09801714032956231 0.9951847266721968 0
    outer loop
      vertex 71.46350161445565 28.697159521108883 3
      vertex 71.46350161445565 28.697159521108883 8
      vertex 72 28.75 3
    endloop
  endfacet
  facet normal 0.09801714032956231 0.9951847266721968 0
    outer loop
      vertex 72 28.75 3
      vertex 72 28.75 8
      vertex 72.53649838554435 28.697159521108883 3
    endloop
  endfacet
  facet normal 0.29028467725445806 0.95694033573221 0
    outer loop
      vertex 72.53649838554435 28.697159521108883 3
      vertex 72.53649838554435 28.697159521108883 8
      vertex 73.052379439004 28.54066871440604 3
    endloop
  endfacet
  facet normal 0.471396736826003 0.8819212643483523 0
    outer loop
      vertex 73.052379439004 28.54066871440604 3
      vertex 73.052379439004 28.54066871440604 8
      vertex 73.5278181408039 28.286541433832 3
    endloop
  endfacet
  facet normal 0.6343932841636385 0.7730104533627427 0
    outer loop
      vertex 73.5278181408039 28.286541433832 3
      vertex 73.5278181408039 28.286541433832 8
      vertex 73.94454364826301 27.944543648263007 3
    endloop
  endfacet
  facet normal -0.09801714032956231 -0.9951847266721968 0
    outer loop
      vertex 71.46350161445565 23.302840478891117 3
      vertex 72 23.25 8
      vertex 71.46350161445565 23.302840478891117 8
    endloop
  endfacet
  facet normal 0.09801714032956231 -0.9951847266721968 0
    outer loop
      vertex 72 23.25 3
      vertex 72.53649838554435 23.302840478891117 8
      vertex 72 23.25 8
    endloop
  endfacet
  facet normal 0.29028467725445806 -0.95694033573221 0
    outer loop
      vertex 72.53649838554435 23.302840478891117 3
      vertex 73.052379439004 23.45933128559396 8
      vertex 72.53649838554435 23.302840478891117 8
    endloop
  endfacet
  facet normal 0.471396736826003 -0.8819212643483523 0
    outer loop
      vertex 73.052379439004 23.45933128559396 3
      vertex 73.5278181408039 23.713458566168 8
      vertex 73.052379439004 23.45933128559396 8
    endloop
  endfacet
  facet normal 0.6343932841636385 -0.7730104533627427 0
    outer loop
      vertex 73.5278181408039 23.713458566168 3
      vertex 73.94454364826301 24.055456351736993 8
      vertex 73.5278181408039 23.713458566168 8
    endloop
  endfacet
  facet normal 0.77301045336274 -0.6343932841636417 0
    outer loop
      vertex 73.94454364826301 24.055456351736993 3
      vertex 74.286541433832 24.472181859196095 8
      vertex 73.94454364826301 24.055456351736993 8
    endloop
  endfacet
  facet normal 0.77301045336274 0.6343932841636417 0
    outer loop
      vertex 74.286541433832 27.527818140803905 3
      vertex 73.94454364826301 27.944543648263007 8
      vertex 74.286541433832 27.527818140803905 8
    endloop
  endfacet
  facet normal 0.8819212643483552 -0.4713967368259975 0
    outer loop
      vertex 74.286541433832 24.472181859196095 3
      vertex 74.54066871440604 24.947620560996004 8
      vertex 74.286541433832 24.472181859196095 8
    endloop
  endfacet
  facet normal 0.9569403357322073 -0.29028467725446777 0
    outer loop
      vertex 74.54066871440604 24.947620560996004 3
      vertex 74.69715952110889 25.463501614455648 8
      vertex 74.54066871440604 24.947620560996004 8
    endloop
  endfacet
  facet normal 0.9951847266721975 -0.09801714032955514 0
    outer loop
      vertex 74.69715952110889 25.463501614455648 3
      vertex 74.75 26 8
      vertex 74.69715952110889 25.463501614455648 8
    endloop
  endfacet
  facet normal 0.9951847266721975 0.09801714032955514 0
    outer loop
      vertex 74.75 26 3
      vertex 74.69715952110889 26.536498385544352 8
      vertex 74.75 26 8
    endloop
  endfacet
  facet normal 0.9569403357322073 0.29028467725446777 0
    outer loop
      vertex 74.69715952110889 26.536498385544352 3
      vertex 74.54066871440604 27.052379439003996 8
      vertex 74.69715952110889 26.536498385544352 8
    endloop
  endfacet
  facet normal 0.8819212643483552 0.4713967368259975 0
    outer loop
      vertex 74.54066871440604 27.052379439003996 3
      vertex 74.286541433832 27.527818140803905 8
      vertex 74.54066871440604 27.052379439003996 8
    endloop
  endfacet
  facet normal -0.29028467725445806 0.95694033573221 0
    outer loop
      vertex 71.46350161445565 28.697159521108883 3
      vertex 70.947620560996 28.54066871440604 8
      vertex 71.46350161445565 28.697159521108883 8
    endloop
  endfacet
  facet normal -0.09801714032956231 0.9951847266721968 0
    outer loop
      vertex 72 28.75 3
      vertex 71.46350161445565 28.697159521108883 8
      vertex 72 28.75 8
    endloop
  endfacet
  facet normal 0.09801714032956231 0.9951847266721968 0
    outer loop
      vertex 72.53649838554435 28.697159521108883 3
      vertex 72 28.75 8
      vertex 72.53649838554435 28.697159521108883 8
    endloop
  endfacet
  facet normal 0.29028467725445806 0.95694033573221 0
    outer loop
      vertex 73.052379439004 28.54066871440604 3
      vertex 72.53649838554435 28.697159521108883 8
      vertex 73.052379439004 28.54066871440604 8
    endloop
  endfacet
  facet normal 0.471396736826003 0.8819212643483523 0
    outer loop
      vertex 73.5278181408039 28.286541433832 3
      vertex 73.052379439004 28.54066871440604 8
      vertex 73.5278181408039 28.286541433832 8
    endloop
  endfacet
  facet normal 0.6343932841636385 0.7730104533627427 0
    outer loop
      vertex 73.94454364826301 27.944543648263007 3
      vertex 73.5278181408039 28.286541433832 8
      vertex 73.94454364826301 27.944543648263007 8
    endloop
  endfacet
  facet normal 0 0 1
    outer loop
      vertex 71.46350161445565 23.302840478891117 8
      vertex 71.45 25.04737205583712 8
      vertex 71.2221825406948 25.2221825406948 8
    endloop
  endfacet
  facet normal 0 0 1
    outer loop
      vertex 71.46350161445565 23.302840478891117 8
      vertex 71.71529905038723 24.937481591082026 8
      vertex 71.45 25.04737205583712 8
    endloop
  endfacet
  facet normal 0 0 1
    outer loop
      vertex 71.46350161445565 23.302840478891117 8
      vertex 72 23.25 8
      vertex 71.71529905038723 24.937481591082026 8
    endloop
  endfacet
  facet normal 0 0 1
    outer loop
      vertex 72 23.25 8
      vertex 72 24.9 8
      vertex 71.71529905038723 24.937481591082026 8
    endloop
  endfacet
  facet normal 0 0 1
    outer loop
      vertex 72 23.25 8
      vertex 72.53649838554435 23.302840478891117 8
      vertex 72 24.9 8
    endloop
  endfacet
  facet normal 0 0 1
    outer loop
      vertex 72.53649838554435 23.302840478891117 8
      vertex 72.28470094961277 24.937481591082026 8
      vertex 72 24.9 8
    endloop
  endfacet
  facet normal 0 0 1
    outer loop
      vertex 72.53649838554435 23.302840478891117 8
      vertex 73.052379439004 23.45933128559396 8
      vertex 72.28470094961277 24.937481591082026 8
    endloop
  endfacet
  facet normal 0 0 1
    outer loop
      vertex 73.052379439004 23.45933128559396 8
      vertex 72.55 25.04737205583712 8
      vertex 72.28470094961277 24.937481591082026 8
    endloop
  endfacet
  facet normal 0 0 1
    outer loop
      vertex 73.052379439004 23.45933128559396 8
      vertex 73.5278181408039 23.713458566168 8
      vertex 72.95262794416288 25.45 8
    endloop
  endfacet
  facet normal 0 0 1
    outer loop
      vertex 70.947620560996 28.54066871440604 8
      vertex 71.45 26.95262794416288 8
      vertex 71.71529905038723 27.062518408917974 8
    endloop
  endfacet
  facet normal 0 0 1
    outer loop
      vertex 71.46350161445565 28.697159521108883 8
      vertex 71.71529905038723 27.062518408917974 8
      vertex 72 27.1 8
    endloop
  endfacet
  facet normal 0 0 1
    outer loop
      vertex 72 28.75 8
      vertex 72 27.1 8
      vertex 72.28470094961277 27.062518408917974 8
    endloop
  endfacet
  facet normal 0 0 1
    outer loop
      vertex 72.53649838554435 28.697159521108883 8
      vertex 72.28470094961277 27.062518408917974 8
      vertex 72.55 26.95262794416288 8
    endloop
  endfacet
  facet normal 0 0 1
    outer loop
      vertex 72.53649838554435 28.697159521108883 8
      vertex 72.55 26.95262794416288 8
      vertex 72.7778174593052 26.7778174593052 8
    endloop
  endfacet
  facet normal 0 0 1
    outer loop
      vertex 73.052379439004 23.45933128559396 8
      vertex 72.7778174593052 25.2221825406948 8
      vertex 72.55 25.04737205583712 8
    endloop
  endfacet
  facet normal 0 0 1
    outer loop
      vertex 73.052379439004 23.45933128559396 8
      vertex 72.95262794416288 25.45 8
      vertex 72.7778174593052 25.2221825406948 8
    endloop
  endfacet
  facet normal 0 0 1
    outer loop
      vertex 73.5278181408039 23.713458566168 8
      vertex 73.06251840891798 25.715299050387227 8
      vertex 72.95262794416288 25.45 8
    endloop
  endfacet
  facet normal 0 0 1
    outer loop
      vertex 73.5278181408039 23.713458566168 8
      vertex 73.1 26 8
      vertex 73.06251840891798 25.715299050387227 8
    endloop
  endfacet
  facet normal 0 0 1
    outer loop
      vertex 73.5278181408039 23.713458566168 8
      vertex 73.06251840891798 26.284700949612773 8
      vertex 73.1 26 8
    endloop
  endfacet
  facet normal 0 0 1
    outer loop
      vertex 73.5278181408039 23.713458566168 8
      vertex 73.94454364826301 24.055456351736993 8
      vertex 73.5278181408039 28.286541433832 8
    endloop
  endfacet
  facet normal 0 0 1
    outer loop
      vertex 73.94454364826301 24.055456351736993 8
      vertex 74.286541433832 24.472181859196095 8
      vertex 73.94454364826301 27.944543648263007 8
    endloop
  endfacet
  facet normal 0 0 1
    outer loop
      vertex 73.5278181408039 23.713458566168 8
      vertex 73.052379439004 28.54066871440604 8
      vertex 73.06251840891798 26.284700949612773 8
    endloop
  endfacet
  facet normal 0 0 1
    outer loop
      vertex 73.5278181408039 23.713458566168 8
      vertex 73.5278181408039 28.286541433832 8
      vertex 73.052379439004 28.54066871440604 8
    endloop
  endfacet
  facet normal 0 0 1
    outer loop
      vertex 73.052379439004 28.54066871440604 8
      vertex 72.95262794416288 26.55 8
      vertex 73.06251840891798 26.284700949612773 8
    endloop
  endfacet
  facet normal 0 0 1
    outer loop
      vertex 73.052379439004 28.54066871440604 8
      vertex 72.7778174593052 26.7778174593052 8
      vertex 72.95262794416288 26.55 8
    endloop
  endfacet
  facet normal 0 0 1
    outer loop
      vertex 73.94454364826301 24.055456351736993 8
      vertex 73.94454364826301 27.944543648263007 8
      vertex 73.5278181408039 28.286541433832 8
    endloop
  endfacet
  facet normal 0 0 1
    outer loop
      vertex 74.286541433832 24.472181859196095 8
      vertex 74.286541433832 27.527818140803905 8
      vertex 73.94454364826301 27.944543648263007 8
    endloop
  endfacet
  facet normal 0 0 1
    outer loop
      vertex 74.286541433832 24.472181859196095 8
      vertex 74.54066871440604 24.947620560996004 8
      vertex 74.286541433832 27.527818140803905 8
    endloop
  endfacet
  facet normal 0 0 1
    outer loop
      vertex 74.54066871440604 24.947620560996004 8
      vertex 74.69715952110889 25.463501614455648 8
      vertex 74.54066871440604 27.052379439003996 8
    endloop
  endfacet
  facet normal 0 0 1
    outer loop
      vertex 74.69715952110889 25.463501614455648 8
      vertex 74.75 26 8
      vertex 74.69715952110889 26.536498385544352 8
    endloop
  endfacet
  facet normal 0 0 1
    outer loop
      vertex 74.54066871440604 24.947620560996004 8
      vertex 74.54066871440604 27.052379439003996 8
      vertex 74.286541433832 27.527818140803905 8
    endloop
  endfacet
  facet normal 0 0 1
    outer loop
      vertex 74.69715952110889 25.463501614455648 8
      vertex 74.69715952110889 26.536498385544352 8
      vertex 74.54066871440604 27.052379439003996 8
    endloop
  endfacet
  facet normal 0 0 1
    outer loop
      vertex 70.947620560996 28.54066871440604 8
      vertex 71.71529905038723 27.062518408917974 8
      vertex 71.46350161445565 28.697159521108883 8
    endloop
  endfacet
  facet normal 0 0 1
    outer loop
      vertex 71.46350161445565 28.697159521108883 8
      vertex 72 27.1 8
      vertex 72 28.75 8
    endloop
  endfacet
  facet normal 0 0 1
    outer loop
      vertex 72 28.75 8
      vertex 72.28470094961277 27.062518408917974 8
      vertex 72.53649838554435 28.697159521108883 8
    endloop
  endfacet
  facet normal 0 0 1
    outer loop
      vertex 72.53649838554435 28.697159521108883 8
      vertex 72.7778174593052 26.7778174593052 8
      vertex 73.052379439004 28.54066871440604 8
    endloop
  endfacet
  facet normal -0.8819212643483523 -0.471396736826003 0
    outer loop
      vertex 69.713458566168 82.4721818591961 3
      vertex 69.713458566168 82.4721818591961 8
      vertex 69.45933128559396 82.947620560996 3
    endloop
  endfacet
  facet normal -0.9569403357322084 -0.2902846772544641 2.1348733875454855e-19
    outer loop
      vertex 69.30284047889111 83.46350161445565 3
      vertex 69.45933128559396 82.947620560996 3
      vertex 69.45933128559396 82.947620560996 8
    endloop
  endfacet
  facet normal -0.6343932841636385 -0.7730104533627427 0
    outer loop
      vertex 70.4721818591961 81.713458566168 3
      vertex 70.4721818591961 81.713458566168 8
      vertex 70.05545635173699 82.05545635173699 3
    endloop
  endfacet
  facet normal -0.471396736826003 -0.8819212643483523 1.4003033080002018e-18
    outer loop
      vertex 70.4721818591961 81.713458566168 3
      vertex 70.947620560996 81.45933128559396 3
      vertex 70.947620560996 81.45933128559396 8
    endloop
  endfacet
  facet normal -0.7730104533627427 -0.6343932841636385 1.5799390098716899e-19
    outer loop
      vertex 69.713458566168 82.4721818591961 3
      vertex 70.05545635173699 82.05545635173699 3
      vertex 70.05545635173699 82.05545635173699 8
    endloop
  endfacet
  facet normal -0.9951847266721974 -0.09801714032955579 0
    outer loop
      vertex 69.30284047889111 83.46350161445565 3
      vertex 69.30284047889111 83.46350161445565 8
      vertex 69.25 84 3
    endloop
  endfacet
  facet normal -0.9951847266721974 0.09801714032955579 0
    outer loop
      vertex 69.25 84 3
      vertex 69.25 84 8
      vertex 69.30284047889111 84.53649838554435 3
    endloop
  endfacet
  facet normal -0.9569403357322084 0.2902846772544641 0
    outer loop
      vertex 69.30284047889111 84.53649838554435 3
      vertex 69.30284047889111 84.53649838554435 8
      vertex 69.45933128559396 85.052379439004 3
    endloop
  endfacet
  facet normal -0.8819212643483523 0.471396736826003 0
    outer loop
      vertex 69.45933128559396 85.052379439004 3
      vertex 69.45933128559396 85.052379439004 8
      vertex 69.713458566168 85.5278181408039 3
    endloop
  endfacet
  facet normal -0.7730104533627427 0.6343932841636385 0
    outer loop
      vertex 69.713458566168 85.5278181408039 3
      vertex 69.713458566168 85.5278181408039 8
      vertex 70.05545635173699 85.94454364826301 3
    endloop
  endfacet
  facet normal -0.6343932841636385 0.7730104533627427 0
    outer loop
      vertex 70.05545635173699 85.94454364826301 3
      vertex 70.05545635173699 85.94454364826301 8
      vertex 70.4721818591961 86.286541433832 3
    endloop
  endfacet
  facet normal -0.471396736826003 0.8819212643483523 0
    outer loop
      vertex 70.4721818591961 86.286541433832 3
      vertex 70.4721818591961 86.286541433832 8
      vertex 70.947620560996 86.54066871440604 3
    endloop
  endfacet
  facet normal -0.2902846772544641 0.9569403357322084 0
    outer loop
      vertex 70.947620560996 86.54066871440604 3
      vertex 70.947620560996 86.54066871440604 8
      vertex 71.46350161445565 86.69715952110889 3
    endloop
  endfacet
  facet normal -0.9569403357322084 -0.2902846772544641 0
    outer loop
      vertex 69.30284047889111 83.46350161445565 3
      vertex 69.45933128559396 82.947620560996 8
      vertex 69.30284047889111 83.46350161445565 8
    endloop
  endfacet
  facet normal -0.8819212643483523 -0.471396736826003 0
    outer loop
      vertex 69.45933128559396 82.947620560996 3
      vertex 69.713458566168 82.4721818591961 8
      vertex 69.45933128559396 82.947620560996 8
    endloop
  endfacet
  facet normal -0.6343932841636385 -0.7730104533627427 0
    outer loop
      vertex 70.05545635173699 82.05545635173699 3
      vertex 70.4721818591961 81.713458566168 8
      vertex 70.05545635173699 82.05545635173699 8
    endloop
  endfacet
  facet normal -0.471396736826003 -0.8819212643483523 0
    outer loop
      vertex 70.4721818591961 81.713458566168 3
      vertex 70.947620560996 81.45933128559396 8
      vertex 70.4721818591961 81.713458566168 8
    endloop
  endfacet
  facet normal -0.2902846772544641 -0.9569403357322084 0
    outer loop
      vertex 70.947620560996 81.45933128559396 3
      vertex 71.46350161445565 81.30284047889111 8
      vertex 70.947620560996 81.45933128559396 8
    endloop
  endfacet
  facet normal -0.7730104533627427 -0.6343932841636385 0
    outer loop
      vertex 69.713458566168 82.4721818591961 3
      vertex 70.05545635173699 82.05545635173699 8
      vertex 69.713458566168 82.4721818591961 8
    endloop
  endfacet
  facet normal -0.9951847266721974 -0.09801714032955579 0
    outer loop
      vertex 69.25 84 3
      vertex 69.30284047889111 83.46350161445565 8
      vertex 69.25 84 8
    endloop
  endfacet
  facet normal -0.9951847266721974 0.09801714032955579 0
    outer loop
      vertex 69.30284047889111 84.53649838554435 3
      vertex 69.25 84 8
      vertex 69.30284047889111 84.53649838554435 8
    endloop
  endfacet
  facet normal -0.9569403357322084 0.2902846772544641 0
    outer loop
      vertex 69.45933128559396 85.052379439004 3
      vertex 69.30284047889111 84.53649838554435 8
      vertex 69.45933128559396 85.052379439004 8
    endloop
  endfacet
  facet normal -0.8819212643483523 0.471396736826003 0
    outer loop
      vertex 69.713458566168 85.5278181408039 3
      vertex 69.45933128559396 85.052379439004 8
      vertex 69.713458566168 85.5278181408039 8
    endloop
  endfacet
  facet normal -0.7730104533627427 0.6343932841636385 0
    outer loop
      vertex 70.05545635173699 85.94454364826301 3
      vertex 69.713458566168 85.5278181408039 8
      vertex 70.05545635173699 85.94454364826301 8
    endloop
  endfacet
  facet normal -0.6343932841636385 0.7730104533627427 0
    outer loop
      vertex 70.4721818591961 86.286541433832 3
      vertex 70.05545635173699 85.94454364826301 8
      vertex 70.4721818591961 86.286541433832 8
    endloop
  endfacet
  facet normal -0.471396736826003 0.8819212643483523 0
    outer loop
      vertex 70.947620560996 86.54066871440604 3
      vertex 70.4721818591961 86.286541433832 8
      vertex 70.947620560996 86.54066871440604 8
    endloop
  endfacet
  facet normal 0 0 1
    outer loop
      vertex 69.713458566168 82.4721818591961 8
      vertex 69.45933128559396 85.052379439004 8
      vertex 69.45933128559396 82.947620560996 8
    endloop
  endfacet
  facet normal 0 0 1
    outer loop
      vertex 69.713458566168 82.4721818591961 8
      vertex 70.05545635173699 82.05545635173699 8
      vertex 69.713458566168 85.5278181408039 8
    endloop
  endfacet
  facet normal 0 0 1
    outer loop
      vertex 70.4721818591961 81.713458566168 8
      vertex 70.05545635173699 85.94454364826301 8
      vertex 70.05545635173699 82.05545635173699 8
    endloop
  endfacet
  facet normal 0 0 1
    outer loop
      vertex 70.947620560996 81.45933128559396 8
      vertex 71.46350161445565 81.30284047889111 8
      vertex 71.2221825406948 83.2221825406948 8
    endloop
  endfacet
  facet normal 0 0 1
    outer loop
      vertex 70.947620560996 81.45933128559396 8
      vertex 71.2221825406948 83.2221825406948 8
      vertex 71.04737205583712 83.45 8
    endloop
  endfacet
  facet normal 0 0 1
    outer loop
      vertex 70.4721818591961 81.713458566168 8
      vertex 70.947620560996 81.45933128559396 8
      vertex 70.4721818591961 86.286541433832 8
    endloop
  endfacet
  facet normal 0 0 1
    outer loop
      vertex 70.947620560996 81.45933128559396 8
      vertex 71.04737205583712 83.45 8
      vertex 70.93748159108202 83.71529905038723 8
    endloop
  endfacet
  facet normal 0 0 1
    outer loop
      vertex 69.30284047889111 83.46350161445565 8
      vertex 69.45933128559396 82.947620560996 8
      vertex 69.30284047889111 84.53649838554435 8
    endloop
  endfacet
  facet normal 0 0 1
    outer loop
      vertex 69.30284047889111 83.46350161445565 8
      vertex 69.30284047889111 84.53649838554435 8
      vertex 69.25 84 8
    endloop
  endfacet
  facet normal 0 0 1
    outer loop
      vertex 69.45933128559396 82.947620560996 8
      vertex 69.45933128559396 85.052379439004 8
      vertex 69.30284047889111 84.53649838554435 8
    endloop
  endfacet
  facet normal 0 0 1
    outer loop
      vertex 69.713458566168 82.4721818591961 8
      vertex 69.713458566168 85.5278181408039 8
      vertex 69.45933128559396 85.052379439004 8
    endloop
  endfacet
  facet normal 0 0 1
    outer loop
      vertex 70.05545635173699 82.05545635173699 8
      vertex 70.05545635173699 85.94454364826301 8
      vertex 69.713458566168 85.5278181408039 8
    endloop
  endfacet
  facet normal 0 0 1
    outer loop
      vertex 70.4721818591961 81.713458566168 8
      vertex 70.4721818591961 86.286541433832 8
      vertex 70.05545635173699 85.94454364826301 8
    endloop
  endfacet
  facet normal 0 0 1
    outer loop
      vertex 70.947620560996 81.45933128559396 8
      vertex 70.93748159108202 83.71529905038723 8
      vertex 70.4721818591961 86.286541433832 8
    endloop
  endfacet
  facet normal 0 0 1
    outer loop
      vertex 70.4721818591961 86.286541433832 8
      vertex 70.93748159108202 83.71529905038723 8
      vertex 70.9 84 8
    endloop
  endfacet
  facet normal 0 0 1
    outer loop
      vertex 70.4721818591961 86.286541433832 8
      vertex 70.9 84 8
      vertex 70.93748159108202 84.28470094961277 8
    endloop
  endfacet
  facet normal 0 0 1
    outer loop
      vertex 70.4721818591961 86.286541433832 8
      vertex 70.93748159108202 84.28470094961277 8
      vertex 71.04737205583712 84.55 8
    endloop
  endfacet
  facet normal 0 0 1
    outer loop
      vertex 70.4721818591961 86.286541433832 8
      vertex 71.04737205583712 84.55 8
      vertex 70.947620560996 86.54066871440604 8
    endloop
  endfacet
  facet normal 0 0 1
    outer loop
      vertex 70.947620560996 86.54066871440604 8
      vertex 71.04737205583712 84.55 8
      vertex 71.2221825406948 84.7778174593052 8
    endloop
  endfacet
  facet normal 0 0 1
    outer loop
      vertex 70.947620560996 86.54066871440604 8
      vertex 71.2221825406948 84.7778174593052 8
      vertex 71.45 84.95262794416288 8
    endloop
  endfacet
  facet normal -0.2902846772544641 -0.9569403357322084 2.1348733875454855e-19
    outer loop
      vertex 70.947620560996 81.45933128559396 3
      vertex 71.46350161445565 81.30284047889111 3
      vertex 71.46350161445565 81.30284047889111 8
    endloop
  endfacet
  facet normal -0.09801714032955579 -0.9951847266721974 -2.0422971318653027e-19
    outer loop
      vertex 71.46350161445565 81.30284047889111 3
      vertex 72 81.25 3
      vertex 72 81.25 8
    endloop
  endfacet
  facet normal 0.09801714032955579 -0.9951847266721974 2.0422971318653027e-19
    outer loop
      vertex 72 81.25 3
      vertex 72.53649838554435 81.30284047889111 3
      vertex 72.53649838554435 81.30284047889111 8
    endloop
  endfacet
  facet normal 0.2902846772544641 -0.9569403357322084 -2.1348733875454855e-19
    outer loop
      vertex 72.53649838554435 81.30284047889111 3
      vertex 73.052379439004 81.45933128559396 3
      vertex 73.052379439004 81.45933128559396 8
    endloop
  endfacet
  facet normal 0.471396736826003 -0.8819212643483523 -1.4003033080002018e-18
    outer loop
      vertex 73.052379439004 81.45933128559396 3
      vertex 73.5278181408039 81.713458566168 3
      vertex 73.5278181408039 81.713458566168 8
    endloop
  endfacet
  facet normal 0.6343932841636385 -0.7730104533627427 -1.5799390098716899e-19
    outer loop
      vertex 73.5278181408039 81.713458566168 3
      vertex 73.94454364826301 82.05545635173699 3
      vertex 73.94454364826301 82.05545635173699 8
    endloop
  endfacet
  facet normal 0.7730104533627427 -0.6343932841636385 -1.5799390098716899e-19
    outer loop
      vertex 73.94454364826301 82.05545635173699 3
      vertex 74.286541433832 82.4721818591961 3
      vertex 74.286541433832 82.4721818591961 8
    endloop
  endfacet
  facet normal -0.09801714032955579 0.9951847266721974 0
    outer loop
      vertex 71.46350161445565 86.69715952110889 3
      vertex 71.46350161445565 86.69715952110889 8
      vertex 72 86.75 3
    endloop
  endfacet
  facet normal 0.09801714032955579 0.9951847266721974 0
    outer loop
      vertex 72 86.75 3
      vertex 72 86.75 8
      vertex 72.53649838554435 86.69715952110889 3
    endloop
  endfacet
  facet normal 0.2902846772544641 0.9569403357322084 0
    outer loop
      vertex 72.53649838554435 86.69715952110889 3
      vertex 72.53649838554435 86.69715952110889 8
      vertex 73.052379439004 86.54066871440604 3
    endloop
  endfacet
  facet normal 0.471396736826003 0.8819212643483523 0
    outer loop
      vertex 73.052379439004 86.54066871440604 3
      vertex 73.052379439004 86.54066871440604 8
      vertex 73.5278181408039 86.286541433832 3
    endloop
  endfacet
  facet normal 0.7730104533627427 0.6343932841636385 0
    outer loop
      vertex 73.94454364826301 85.94454364826301 3
      vertex 73.94454364826301 85.94454364826301 8
      vertex 74.286541433832 85.5278181408039 3
    endloop
  endfacet
  facet normal 0.6343932841636385 0.7730104533627427 1.5799390098716899e-19
    outer loop
      vertex 73.94454364826301 85.94454364826301 3
      vertex 73.5278181408039 86.286541433832 3
      vertex 73.5278181408039 86.286541433832 8
    endloop
  endfacet
  facet normal 0.8819212643483523 -0.471396736826003 -1.4003033080002018e-18
    outer loop
      vertex 74.286541433832 82.4721818591961 3
      vertex 74.54066871440604 82.947620560996 3
      vertex 74.54066871440604 82.947620560996 8
    endloop
  endfacet
  facet normal 0.9569403357322084 -0.2902846772544641 -2.1348733875454855e-19
    outer loop
      vertex 74.54066871440604 82.947620560996 3
      vertex 74.69715952110889 83.46350161445565 3
      vertex 74.69715952110889 83.46350161445565 8
    endloop
  endfacet
  facet normal 0.9951847266721974 -0.09801714032955579 2.0422971318653027e-19
    outer loop
      vertex 74.69715952110889 83.46350161445565 3
      vertex 74.75 84 3
      vertex 74.75 84 8
    endloop
  endfacet
  facet normal 0.9951847266721974 0.09801714032955579 -2.0422971318653027e-19
    outer loop
      vertex 74.75 84 3
      vertex 74.69715952110889 84.53649838554435 3
      vertex 74.69715952110889 84.53649838554435 8
    endloop
  endfacet
  facet normal 0.9569403357322084 0.2902846772544641 0
    outer loop
      vertex 74.54066871440604 85.052379439004 3
      vertex 74.54066871440604 85.052379439004 8
      vertex 74.69715952110889 84.53649838554435 3
    endloop
  endfacet
  facet normal 0.8819212643483523 0.471396736826003 1.4003033080002018e-18
    outer loop
      vertex 74.54066871440604 85.052379439004 3
      vertex 74.286541433832 85.5278181408039 3
      vertex 74.286541433832 85.5278181408039 8
    endloop
  endfacet
  facet normal -0.09801714032955579 -0.9951847266721974 0
    outer loop
      vertex 71.46350161445565 81.30284047889111 3
      vertex 72 81.25 8
      vertex 71.46350161445565 81.30284047889111 8
    endloop
  endfacet
  facet normal 0.09801714032955579 -0.9951847266721974 0
    outer loop
      vertex 72 81.25 3
      vertex 72.53649838554435 81.30284047889111 8
      vertex 72 81.25 8
    endloop
  endfacet
  facet normal 0.2902846772544641 -0.9569403357322084 0
    outer loop
      vertex 72.53649838554435 81.30284047889111 3
      vertex 73.052379439004 81.45933128559396 8
      vertex 72.53649838554435 81.30284047889111 8
    endloop
  endfacet
  facet normal 0.471396736826003 -0.8819212643483523 0
    outer loop
      vertex 73.052379439004 81.45933128559396 3
      vertex 73.5278181408039 81.713458566168 8
      vertex 73.052379439004 81.45933128559396 8
    endloop
  endfacet
  facet normal 0.6343932841636385 -0.7730104533627427 0
    outer loop
      vertex 73.5278181408039 81.713458566168 3
      vertex 73.94454364826301 82.05545635173699 8
      vertex 73.5278181408039 81.713458566168 8
    endloop
  endfacet
  facet normal 0.7730104533627427 -0.6343932841636385 0
    outer loop
      vertex 73.94454364826301 82.05545635173699 3
      vertex 74.286541433832 82.4721818591961 8
      vertex 73.94454364826301 82.05545635173699 8
    endloop
  endfacet
  facet normal -0.2902846772544641 0.9569403357322084 0
    outer loop
      vertex 71.46350161445565 86.69715952110889 3
      vertex 70.947620560996 86.54066871440604 8
      vertex 71.46350161445565 86.69715952110889 8
    endloop
  endfacet
  facet normal -0.09801714032955579 0.9951847266721974 0
    outer loop
      vertex 72 86.75 3
      vertex 71.46350161445565 86.69715952110889 8
      vertex 72 86.75 8
    endloop
  endfacet
  facet normal 0.09801714032955579 0.9951847266721974 0
    outer loop
      vertex 72.53649838554435 86.69715952110889 3
      vertex 72 86.75 8
      vertex 72.53649838554435 86.69715952110889 8
    endloop
  endfacet
  facet normal 0.2902846772544641 0.9569403357322084 0
    outer loop
      vertex 73.052379439004 86.54066871440604 3
      vertex 72.53649838554435 86.69715952110889 8
      vertex 73.052379439004 86.54066871440604 8
    endloop
  endfacet
  facet normal 0.471396736826003 0.8819212643483523 0
    outer loop
      vertex 73.5278181408039 86.286541433832 3
      vertex 73.052379439004 86.54066871440604 8
      vertex 73.5278181408039 86.286541433832 8
    endloop
  endfacet
  facet normal 0.7730104533627427 0.6343932841636385 0
    outer loop
      vertex 74.286541433832 85.5278181408039 3
      vertex 73.94454364826301 85.94454364826301 8
      vertex 74.286541433832 85.5278181408039 8
    endloop
  endfacet
  facet normal 0.6343932841636385 0.7730104533627427 0
    outer loop
      vertex 73.94454364826301 85.94454364826301 3
      vertex 73.5278181408039 86.286541433832 8
      vertex 73.94454364826301 85.94454364826301 8
    endloop
  endfacet
  facet normal 0.8819212643483523 -0.471396736826003 0
    outer loop
      vertex 74.286541433832 82.4721818591961 3
      vertex 74.54066871440604 82.947620560996 8
      vertex 74.286541433832 82.4721818591961 8
    endloop
  endfacet
  facet normal 0.9569403357322084 -0.2902846772544641 0
    outer loop
      vertex 74.54066871440604 82.947620560996 3
      vertex 74.69715952110889 83.46350161445565 8
      vertex 74.54066871440604 82.947620560996 8
    endloop
  endfacet
  facet normal 0.9951847266721974 -0.09801714032955579 0
    outer loop
      vertex 74.69715952110889 83.46350161445565 3
      vertex 74.75 84 8
      vertex 74.69715952110889 83.46350161445565 8
    endloop
  endfacet
  facet normal 0.9951847266721974 0.09801714032955579 0
    outer loop
      vertex 74.75 84 3
      vertex 74.69715952110889 84.53649838554435 8
      vertex 74.75 84 8
    endloop
  endfacet
  facet normal 0.8819212643483523 0.471396736826003 0
    outer loop
      vertex 74.54066871440604 85.052379439004 3
      vertex 74.286541433832 85.5278181408039 8
      vertex 74.54066871440604 85.052379439004 8
    endloop
  endfacet
  facet normal 0.9569403357322084 0.2902846772544641 0
    outer loop
      vertex 74.69715952110889 84.53649838554435 3
      vertex 74.54066871440604 85.052379439004 8
      vertex 74.69715952110889 84.53649838554435 8
    endloop
  endfacet
  facet normal 0 0 1
    outer loop
      vertex 71.46350161445565 81.30284047889111 8
      vertex 72 81.25 8
      vertex 71.71529905038723 82.93748159108202 8
    endloop
  endfacet
  facet normal 0 0 1
    outer loop
      vertex 72 81.25 8
      vertex 72.53649838554435 81.30284047889111 8
      vertex 72 82.9 8
    endloop
  endfacet
  facet normal 0 0 1
    outer loop
      vertex 72.53649838554435 81.30284047889111 8
      vertex 73.052379439004 81.45933128559396 8
      vertex 72.28470094961277 82.93748159108202 8
    endloop
  endfacet
  facet normal 0 0 1
    outer loop
      vertex 71.46350161445565 81.30284047889111 8
      vertex 71.45 83.04737205583712 8
      vertex 71.2221825406948 83.2221825406948 8
    endloop
  endfacet
  facet normal 0 0 1
    outer loop
      vertex 71.46350161445565 81.30284047889111 8
      vertex 71.71529905038723 82.93748159108202 8
      vertex 71.45 83.04737205583712 8
    endloop
  endfacet
  facet normal 0 0 1
    outer loop
      vertex 72 81.25 8
      vertex 72 82.9 8
      vertex 71.71529905038723 82.93748159108202 8
    endloop
  endfacet
  facet normal 0 0 1
    outer loop
      vertex 72.53649838554435 81.30284047889111 8
      vertex 72.28470094961277 82.93748159108202 8
      vertex 72 82.9 8
    endloop
  endfacet
  facet normal 0 0 1
    outer loop
      vertex 73.052379439004 81.45933128559396 8
      vertex 72.55 83.04737205583712 8
      vertex 72.28470094961277 82.93748159108202 8
    endloop
  endfacet
  facet normal 0 0 1
    outer loop
      vertex 73.052379439004 81.45933128559396 8
      vertex 72.7778174593052 83.2221825406948 8
      vertex 72.55 83.04737205583712 8
    endloop
  endfacet
  facet normal 0 0 1
    outer loop
      vertex 73.052379439004 81.45933128559396 8
      vertex 72.95262794416288 83.45 8
      vertex 72.7778174593052 83.2221825406948 8
    endloop
  endfacet
  facet normal 0 0 1
    outer loop
      vertex 73.052379439004 81.45933128559396 8
      vertex 73.5278181408039 81.713458566168 8
      vertex 72.95262794416288 83.45 8
    endloop
  endfacet
  facet normal 0 0 1
    outer loop
      vertex 73.5278181408039 81.713458566168 8
      vertex 73.06251840891798 83.71529905038723 8
      vertex 72.95262794416288 83.45 8
    endloop
  endfacet
  facet normal 0 0 1
    outer loop
      vertex 73.5278181408039 81.713458566168 8
      vertex 73.1 84 8
      vertex 73.06251840891798 83.71529905038723 8
    endloop
  endfacet
  facet normal 0 0 1
    outer loop
      vertex 73.5278181408039 81.713458566168 8
      vertex 73.06251840891798 84.28470094961277 8
      vertex 73.1 84 8
    endloop
  endfacet
  facet normal 0 0 1
    outer loop
      vertex 73.5278181408039 81.713458566168 8
      vertex 73.94454364826301 82.05545635173699 8
      vertex 73.5278181408039 86.286541433832 8
    endloop
  endfacet
  facet normal 0 0 1
    outer loop
      vertex 73.94454364826301 82.05545635173699 8
      vertex 74.286541433832 82.4721818591961 8
      vertex 73.94454364826301 85.94454364826301 8
    endloop
  endfacet
  facet normal 0 0 1
    outer loop
      vertex 70.947620560996 86.54066871440604 8
      vertex 71.45 84.95262794416288 8
      vertex 71.71529905038723 85.06251840891798 8
    endloop
  endfacet
  facet normal 0 0 1
    outer loop
      vertex 71.46350161445565 86.69715952110889 8
      vertex 71.71529905038723 85.06251840891798 8
      vertex 72 85.1 8
    endloop
  endfacet
  facet normal 0 0 1
    outer loop
      vertex 70.947620560996 86.54066871440604 8
      vertex 71.71529905038723 85.06251840891798 8
      vertex 71.46350161445565 86.69715952110889 8
    endloop
  endfacet
  facet normal 0 0 1
    outer loop
      vertex 71.46350161445565 86.69715952110889 8
      vertex 72 85.1 8
      vertex 72 86.75 8
    endloop
  endfacet
  facet normal 0 0 1
    outer loop
      vertex 72 86.75 8
      vertex 72 85.1 8
      vertex 72.28470094961277 85.06251840891798 8
    endloop
  endfacet
  facet normal 0 0 1
    outer loop
      vertex 72.53649838554435 86.69715952110889 8
      vertex 72.28470094961277 85.06251840891798 8
      vertex 72.55 84.95262794416288 8
    endloop
  endfacet
  facet normal 0 0 1
    outer loop
      vertex 72.53649838554435 86.69715952110889 8
      vertex 72.55 84.95262794416288 8
      vertex 72.7778174593052 84.7778174593052 8
    endloop
  endfacet
  facet normal 0 0 1
    outer loop
      vertex 72 86.75 8
      vertex 72.28470094961277 85.06251840891798 8
      vertex 72.53649838554435 86.69715952110889 8
    endloop
  endfacet
  facet normal 0 0 1
    outer loop
      vertex 73.5278181408039 81.713458566168 8
      vertex 73.052379439004 86.54066871440604 8
      vertex 73.06251840891798 84.28470094961277 8
    endloop
  endfacet
  facet normal 0 0 1
    outer loop
      vertex 73.052379439004 86.54066871440604 8
      vertex 72.95262794416288 84.55 8
      vertex 73.06251840891798 84.28470094961277 8
    endloop
  endfacet
  facet normal 0 0 1
    outer loop
      vertex 73.5278181408039 81.713458566168 8
      vertex 73.5278181408039 86.286541433832 8
      vertex 73.052379439004 86.54066871440604 8
    endloop
  endfacet
  facet normal 0 0 1
    outer loop
      vertex 73.94454364826301 82.05545635173699 8
      vertex 73.94454364826301 85.94454364826301 8
      vertex 73.5278181408039 86.286541433832 8
    endloop
  endfacet
  facet normal 0 0 1
    outer loop
      vertex 73.94454364826301 85.94454364826301 8
      vertex 74.286541433832 82.4721818591961 8
      vertex 74.286541433832 85.5278181408039 8
    endloop
  endfacet
  facet normal 0 0 1
    outer loop
      vertex 73.052379439004 86.54066871440604 8
      vertex 72.7778174593052 84.7778174593052 8
      vertex 72.95262794416288 84.55 8
    endloop
  endfacet
  facet normal 0 0 1
    outer loop
      vertex 72.53649838554435 86.69715952110889 8
      vertex 72.7778174593052 84.7778174593052 8
      vertex 73.052379439004 86.54066871440604 8
    endloop
  endfacet
  facet normal 0 0 1
    outer loop
      vertex 74.286541433832 82.4721818591961 8
      vertex 74.54066871440604 82.947620560996 8
      vertex 74.286541433832 85.5278181408039 8
    endloop
  endfacet
  facet normal 0 0 1
    outer loop
      vertex 74.54066871440604 82.947620560996 8
      vertex 74.69715952110889 83.46350161445565 8
      vertex 74.54066871440604 85.052379439004 8
    endloop
  endfacet
  facet normal 0 0 1
    outer loop
      vertex 74.69715952110889 83.46350161445565 8
      vertex 74.75 84 8
      vertex 74.69715952110889 84.53649838554435 8
    endloop
  endfacet
  facet normal 0 0 1
    outer loop
      vertex 74.69715952110889 83.46350161445565 8
      vertex 74.69715952110889 84.53649838554435 8
      vertex 74.54066871440604 85.052379439004 8
    endloop
  endfacet
  facet normal 0 0 1
    outer loop
      vertex 74.54066871440604 82.947620560996 8
      vertex 74.54066871440604 85.052379439004 8
      vertex 74.286541433832 85.5278181408039 8
    endloop
  endfacet
  facet normal 0 -1 0
    outer loop
      vertex 0 0 0
      vertex 39.5 0 3
      vertex 0 0 3
    endloop
  endfacet
  facet normal 0 0 1
    outer loop
      vertex 0 0 3
      vertex 21.055456351736993 24.055456351736993 3
      vertex 20.713458566168 24.472181859196095 3
    endloop
  endfacet
  facet normal 0 0 1
    outer loop
      vertex 0 0 3
      vertex 21.472181859196095 23.713458566168 3
      vertex 21.055456351736993 24.055456351736993 3
    endloop
  endfacet
  facet normal 0 0 1
    outer loop
      vertex 0 0 3
      vertex 21.947620560996004 23.45933128559396 3
      vertex 21.472181859196095 23.713458566168 3
    endloop
  endfacet
  facet normal 0 0 1
    outer loop
      vertex 0 0 3
      vertex 22.463501614455648 23.302840478891117 3
      vertex 21.947620560996004 23.45933128559396 3
    endloop
  endfacet
  facet normal 0 0 1
    outer loop
      vertex 0 0 3
      vertex 20.713458566168 24.472181859196095 3
      vertex 20.45933128559396 24.947620560996004 3
    endloop
  endfacet
  facet normal 0 0 1
    outer loop
      vertex 0 0 3
      vertex 20.45933128559396 24.947620560996004 3
      vertex 20.302840478891117 25.463501614455648 3
    endloop
  endfacet
  facet normal 0 0 1
    outer loop
      vertex 0 0 3
      vertex 23 23.25 3
      vertex 22.463501614455648 23.302840478891117 3
    endloop
  endfacet
  facet normal 0 0 1
    outer loop
      vertex 0 0 3
      vertex 23.536498385544352 23.302840478891117 3
      vertex 23 23.25 3
    endloop
  endfacet
  facet normal 0 0 1
    outer loop
      vertex 0 0 3
      vertex 24.052379439003996 23.45933128559396 3
      vertex 23.536498385544352 23.302840478891117 3
    endloop
  endfacet
  facet normal 0 0 1
    outer loop
      vertex 0 0 3
      vertex 39.5 30 3
      vertex 24.052379439003996 23.45933128559396 3
    endloop
  endfacet
  facet normal -1 0 0
    outer loop
      vertex 0 0 0
      vertex 0 0 3
      vertex 0 94 0
    endloop
  endfacet
  facet normal 0 0 -1
    outer loop
      vertex 0 0 0
      vertex 0 94 0
      vertex 39.5 8 0
    endloop
  endfacet
  facet normal 0 0 1
    outer loop
      vertex 0 0 3
      vertex 20.302840478891117 25.463501614455648 3
      vertex 0 94 3
    endloop
  endfacet
  facet normal 0 -1 0
    outer loop
      vertex 0 0 0
      vertex 39.5 0 0
      vertex 39.5 0 1.5
    endloop
  endfacet
  facet normal 0 0 -1
    outer loop
      vertex 0 0 0
      vertex 39.5 5.3 0
      vertex 39.5 0 0
    endloop
  endfacet
  facet normal 0 0 -1
    outer loop
      vertex 0 0 0
      vertex 39.5 8 0
      vertex 39.5 5.3 0
    endloop
  endfacet
  facet normal 0 -1 0
    outer loop
      vertex 0 0 0
      vertex 39.5 0 1.5
      vertex 39.5 0 3
    endloop
  endfacet
  facet normal 0 0 -1
    outer loop
      vertex 40.5 8 0
      vertex 54.5 8 0
      vertex 40.5 5.3 0
    endloop
  endfacet
  facet normal 0 0 1
    outer loop
      vertex 0 0 3
      vertex 39.5 0 3
      vertex 39.5 30 3
    endloop
  endfacet
  facet normal 0 0 1
    outer loop
      vertex 40.5 0 3
      vertex 54.5 30 3
      vertex 40.5 30 3
    endloop
  endfacet
  facet normal 0 0 1
    outer loop
      vertex 24.052379439003996 23.45933128559396 3
      vertex 39.5 30 3
      vertex 24.527818140803905 23.713458566168 3
    endloop
  endfacet
  facet normal 0 0 1
    outer loop
      vertex 24.527818140803905 23.713458566168 3
      vertex 39.5 30 3
      vertex 24.944543648263007 24.055456351736993 3
    endloop
  endfacet
  facet normal 0 0 1
    outer loop
      vertex 24.944543648263007 24.055456351736993 3
      vertex 39.5 30 3
      vertex 25.286541433832 24.472181859196095 3
    endloop
  endfacet
  facet normal 0 0 1
    outer loop
      vertex 25.286541433832 24.472181859196095 3
      vertex 39.5 30 3
      vertex 25.54066871440604 24.947620560996004 3
    endloop
  endfacet
  facet normal 0 0 1
    outer loop
      vertex 25.54066871440604 24.947620560996004 3
      vertex 39.5 30 3
      vertex 25.697159521108883 25.463501614455648 3
    endloop
  endfacet
  facet normal 0 0 1
    outer loop
      vertex 25.697159521108883 25.463501614455648 3
      vertex 39.5 30 3
      vertex 25.75 26 3
    endloop
  endfacet
  facet normal 0 0 1
    outer loop
      vertex 25.75 26 3
      vertex 39.5 30 3
      vertex 25.697159521108883 26.536498385544352 3
    endloop
  endfacet
  facet normal 0 0 1
    outer loop
      vertex 25.697159521108883 26.536498385544352 3
      vertex 39.5 30 3
      vertex 25.54066871440604 27.052379439003996 3
    endloop
  endfacet
  facet normal 0 0 -1
    outer loop
      vertex 39.5 8 0
      vertex 0 94 0
      vertex 6 100 0
    endloop
  endfacet
  facet normal -1 0 0
    outer loop
      vertex 0 0 3
      vertex 0 94 3
      vertex 0 94 0
    endloop
  endfacet
  facet normal 0 0 1
    outer loop
      vertex 20.302840478891117 25.463501614455648 3
      vertex 20.25 26 3
      vertex 0 94 3
    endloop
  endfacet
  facet normal 0 0 1
    outer loop
      vertex 20.25 26 3
      vertex 20.302840478891117 26.536498385544352 3
      vertex 0 94 3
    endloop
  endfacet
  facet normal 0 0 1
    outer loop
      vertex 20.302840478891117 26.536498385544352 3
      vertex 20.45933128559396 27.052379439003996 3
      vertex 0 94 3
    endloop
  endfacet
  facet normal 0 0 1
    outer loop
      vertex 20.45933128559396 27.052379439003996 3
      vertex 20.713458566168 27.527818140803905 3
      vertex 0 94 3
    endloop
  endfacet
  facet normal 0 0 1
    outer loop
      vertex 20.713458566168 27.527818140803905 3
      vertex 21.055456351736993 27.944543648263007 3
      vertex 0 94 3
    endloop
  endfacet
  facet normal 0 0 1
    outer loop
      vertex 21.055456351736993 27.944543648263007 3
      vertex 21.472181859196095 28.286541433832 3
      vertex 0 94 3
    endloop
  endfacet
  facet normal 0 0 1
    outer loop
      vertex 21.472181859196095 28.286541433832 3
      vertex 21.947620560996004 28.54066871440604 3
      vertex 0 94 3
    endloop
  endfacet
  facet normal 0 0 1
    outer loop
      vertex 21.947620560996004 28.54066871440604 3
      vertex 22.463501614455648 28.697159521108883 3
      vertex 0 94 3
    endloop
  endfacet
  facet normal 0 0 1
    outer loop
      vertex 22.463501614455648 28.697159521108883 3
      vertex 23 28.75 3
      vertex 0 94 3
    endloop
  endfacet
  facet normal 0 0 1
    outer loop
      vertex 23 28.75 3
      vertex 23.536498385544352 28.697159521108883 3
      vertex 0 94 3
    endloop
  endfacet
  facet normal 0 0 1
    outer loop
      vertex 23.536498385544352 28.697159521108883 3
      vertex 24.052379439003996 28.54066871440604 3
      vertex 0 94 3
    endloop
  endfacet
  facet normal 0 0 1
    outer loop
      vertex 24.052379439003996 28.54066871440604 3
      vertex 24.527818140803905 28.286541433832 3
      vertex 0 94 3
    endloop
  endfacet
  facet normal 0 0 1
    outer loop
      vertex 25.54066871440604 27.052379439003996 3
      vertex 0 94 3
      vertex 25.286541433832 27.527818140803905 3
    endloop
  endfacet
  facet normal 0 0 1
    outer loop
      vertex 25.286541433832 27.527818140803905 3
      vertex 0 94 3
      vertex 24.944543648263007 27.944543648263007 3
    endloop
  endfacet
  facet normal 0 0 1
    outer loop
      vertex 24.527818140803905 28.286541433832 3
      vertex 24.944543648263007 27.944543648263007 3
      vertex 0 94 3
    endloop
  endfacet
  facet normal 0 0 1
    outer loop
      vertex 25.54066871440604 27.052379439003996 3
      vertex 39.5 30 3
      vertex 0 94 3
    endloop
  endfacet
  facet normal 0 1 0
    outer loop
      vertex 6 100 0
      vertex 6 100 3
      vertex 39.5 100 0
    endloop
  endfacet
  facet normal 0 0 1
    outer loop
      vertex 23.536498385544352 86.69715952110889 3
      vertex 6 100 3
      vertex 0 94 3
    endloop
  endfacet
  facet normal 0 0 1
    outer loop
      vertex 20.713458566168 82.4721818591961 3
      vertex 20.45933128559396 82.947620560996 3
      vertex 0 94 3
    endloop
  endfacet
  facet normal 0 0 1
    outer loop
      vertex 20.302840478891117 83.46350161445565 3
      vertex 0 94 3
      vertex 20.45933128559396 82.947620560996 3
    endloop
  endfacet
  facet normal 0 0 1
    outer loop
      vertex 20.713458566168 82.4721818591961 3
      vertex 0 94 3
      vertex 21.055456351736993 82.05545635173699 3
    endloop
  endfacet
  facet normal 0 0 1
    outer loop
      vertex 20.302840478891117 83.46350161445565 3
      vertex 20.25 84 3
      vertex 0 94 3
    endloop
  endfacet
  facet normal 0 0 1
    outer loop
      vertex 20.25 84 3
      vertex 20.302840478891117 84.53649838554435 3
      vertex 0 94 3
    endloop
  endfacet
  facet normal 0 0 1
    outer loop
      vertex 20.302840478891117 84.53649838554435 3
      vertex 20.45933128559396 85.052379439004 3
      vertex 0 94 3
    endloop
  endfacet
  facet normal 0 0 1
    outer loop
      vertex 20.45933128559396 85.052379439004 3
      vertex 20.713458566168 85.5278181408039 3
      vertex 0 94 3
    endloop
  endfacet
  facet normal 0 0 1
    outer loop
      vertex 20.713458566168 85.5278181408039 3
      vertex 21.055456351736993 85.94454364826301 3
      vertex 0 94 3
    endloop
  endfacet
  facet normal 0 0 1
    outer loop
      vertex 21.055456351736993 85.94454364826301 3
      vertex 21.472181859196095 86.286541433832 3
      vertex 0 94 3
    endloop
  endfacet
  facet normal 0 0 1
    outer loop
      vertex 21.472181859196095 86.286541433832 3
      vertex 21.947620560996004 86.54066871440604 3
      vertex 0 94 3
    endloop
  endfacet
  facet normal 0 0 1
    outer loop
      vertex 21.947620560996004 86.54066871440604 3
      vertex 22.463501614455648 86.69715952110889 3
      vertex 0 94 3
    endloop
  endfacet
  facet normal 0 0 1
    outer loop
      vertex 22.463501614455648 86.69715952110889 3
      vertex 23 86.75 3
      vertex 0 94 3
    endloop
  endfacet
  facet normal 0 0 1
    outer loop
      vertex 23 86.75 3
      vertex 23.536498385544352 86.69715952110889 3
      vertex 0 94 3
    endloop
  endfacet
  facet normal 0 0 1
    outer loop
      vertex 24.052379439003996 86.54066871440604 3
      vertex 24.527818140803905 86.286541433832 3
      vertex 6 100 3
    endloop
  endfacet
  facet normal 0 0 1
    outer loop
      vertex 23.536498385544352 86.69715952110889 3
      vertex 24.052379439003996 86.54066871440604 3
      vertex 6 100 3
    endloop
  endfacet
  facet normal 0 0 -1
    outer loop
      vertex 39.5 8 0
      vertex 6 100 0
      vertex 39.5 100 0
    endloop
  endfacet
  facet normal 0 0 1
    outer loop
      vertex 0 94 3
      vertex 39.5 30 3
      vertex 40.5 30 3
    endloop
  endfacet
  facet normal 0 0 1
    outer loop
      vertex 0 94 3
      vertex 40.5 30 3
      vertex 54.5 30 3
    endloop
  endfacet
  facet normal 0 0 1
    outer loop
      vertex 21.055456351736993 82.05545635173699 3
      vertex 0 94 3
      vertex 69.45933128559396 27.052379439003996 3
    endloop
  endfacet
  facet normal 0 0 1
    outer loop
      vertex 0 94 3
      vertex 54.5 30 3
      vertex 55.5 30 3
    endloop
  endfacet
  facet normal 0 0 1
    outer loop
      vertex 69.45933128559396 27.052379439003996 3
      vertex 0 94 3
      vertex 55.5 30 3
    endloop
  endfacet
  facet normal 0 0 1
    outer loop
      vertex 21.472181859196095 81.713458566168 3
      vertex 21.055456351736993 82.05545635173699 3
      vertex 69.45933128559396 27.052379439003996 3
    endloop
  endfacet
  facet normal 0 0 1
    outer loop
      vertex 21.472181859196095 81.713458566168 3
      vertex 69.45933128559396 27.052379439003996 3
      vertex 21.947620560996004 81.45933128559396 3
    endloop
  endfacet
  facet normal 0 0 1
    outer loop
      vertex 21.947620560996004 81.45933128559396 3
      vertex 69.45933128559396 27.052379439003996 3
      vertex 22.463501614455648 81.30284047889111 3
    endloop
  endfacet
  facet normal 0 0 1
    outer loop
      vertex 22.463501614455648 81.30284047889111 3
      vertex 69.45933128559396 27.052379439003996 3
      vertex 23 81.25 3
    endloop
  endfacet
  facet normal 0 0 1
    outer loop
      vertex 23 81.25 3
      vertex 69.45933128559396 27.052379439003996 3
      vertex 23.536498385544352 81.30284047889111 3
    endloop
  endfacet
  facet normal 0 0 1
    outer loop
      vertex 23.536498385544352 81.30284047889111 3
      vertex 69.45933128559396 27.052379439003996 3
      vertex 24.052379439003996 81.45933128559396 3
    endloop
  endfacet
  facet normal 0 0 1
    outer loop
      vertex 24.052379439003996 81.45933128559396 3
      vertex 69.713458566168 27.527818140803905 3
      vertex 24.527818140803905 81.713458566168 3
    endloop
  endfacet
  facet normal 0 0 1
    outer loop
      vertex 24.527818140803905 81.713458566168 3
      vertex 70.05545635173699 27.944543648263007 3
      vertex 24.944543648263007 82.05545635173699 3
    endloop
  endfacet
  facet normal 0 1 0
    outer loop
      vertex 6 100 3
      vertex 39.5 100 1.5
      vertex 39.5 100 0
    endloop
  endfacet
  facet normal 0 1 0
    outer loop
      vertex 39.5 100 1.5
      vertex 6 100 3
      vertex 55.5 100 1.5
    endloop
  endfacet
  facet normal 0 0 1
    outer loop
      vertex 24.527818140803905 86.286541433832 3
      vertex 70.4721818591961 86.286541433832 3
      vertex 6 100 3
    endloop
  endfacet
  facet normal 0 0 1
    outer loop
      vertex 24.944543648263007 82.05545635173699 3
      vertex 69.713458566168 82.4721818591961 3
      vertex 25.286541433832 82.4721818591961 3
    endloop
  endfacet
  facet normal 0 0 1
    outer loop
      vertex 25.286541433832 82.4721818591961 3
      vertex 69.45933128559396 82.947620560996 3
      vertex 25.54066871440604 82.947620560996 3
    endloop
  endfacet
  facet normal 0 0 1
    outer loop
      vertex 25.54066871440604 82.947620560996 3
      vertex 69.30284047889111 83.46350161445565 3
      vertex 25.697159521108883 83.46350161445565 3
    endloop
  endfacet
  facet normal 0 0 1
    outer loop
      vertex 24.944543648263007 85.94454364826301 3
      vertex 70.4721818591961 86.286541433832 3
      vertex 24.527818140803905 86.286541433832 3
    endloop
  endfacet
  facet normal 0 0 1
    outer loop
      vertex 25.697159521108883 83.46350161445565 3
      vertex 69.25 84 3
      vertex 25.75 84 3
    endloop
  endfacet
  facet normal 0 0 1
    outer loop
      vertex 25.75 84 3
      vertex 69.30284047889111 84.53649838554435 3
      vertex 25.697159521108883 84.53649838554435 3
    endloop
  endfacet
  facet normal 0 0 1
    outer loop
      vertex 25.54066871440604 85.052379439004 3
      vertex 25.697159521108883 84.53649838554435 3
      vertex 69.45933128559396 85.052379439004 3
    endloop
  endfacet
  facet normal 0 0 1
    outer loop
      vertex 25.54066871440604 85.052379439004 3
      vertex 69.713458566168 85.5278181408039 3
      vertex 25.286541433832 85.5278181408039 3
    endloop
  endfacet
  facet normal 0 0 1
    outer loop
      vertex 24.944543648263007 85.94454364826301 3
      vertex 25.286541433832 85.5278181408039 3
      vertex 70.05545635173699 85.94454364826301 3
    endloop
  endfacet
  facet normal 0 0 -1
    outer loop
      vertex 40.5 5.3 0
      vertex 54.5 8 0
      vertex 54.5 5.3 0
    endloop
  endfacet
  facet normal 0 0 -1
    outer loop
      vertex 95 0 0
      vertex 55.5 0 0
      vertex 55.5 5.3 0
    endloop
  endfacet
  facet normal 0 -1 0
    outer loop
      vertex 95 0 3
      vertex 55.5 0 1.5
      vertex 55.5 0 0
    endloop
  endfacet
  facet normal 0 0 1
    outer loop
      vertex 40.5 0 3
      vertex 54.5 0 3
      vertex 54.5 30 3
    endloop
  endfacet
  facet normal 0 -1 0
    outer loop
      vertex 95 0 3
      vertex 55.5 0 3
      vertex 55.5 0 1.5
    endloop
  endfacet
  facet normal 0 0 1
    outer loop
      vertex 69.45933128559396 27.052379439003996 3
      vertex 55.5 30 3
      vertex 55.5 0 3
    endloop
  endfacet
  facet normal 0 0 1
    outer loop
      vertex 69.713458566168 24.472181859196095 3
      vertex 55.5 0 3
      vertex 70.05545635173699 24.055456351736993 3
    endloop
  endfacet
  facet normal 0 0 1
    outer loop
      vertex 69.713458566168 24.472181859196095 3
      vertex 69.45933128559396 24.947620560996004 3
      vertex 55.5 0 3
    endloop
  endfacet
  facet normal 0 0 1
    outer loop
      vertex 69.45933128559396 24.947620560996004 3
      vertex 69.30284047889111 25.463501614455648 3
      vertex 55.5 0 3
    endloop
  endfacet
  facet normal 0 0 1
    outer loop
      vertex 69.30284047889111 25.463501614455648 3
      vertex 69.25 26 3
      vertex 55.5 0 3
    endloop
  endfacet
  facet normal 0 0 1
    outer loop
      vertex 69.25 26 3
      vertex 69.30284047889111 26.536498385544352 3
      vertex 55.5 0 3
    endloop
  endfacet
  facet normal 0 0 1
    outer loop
      vertex 69.30284047889111 26.536498385544352 3
      vertex 69.45933128559396 27.052379439003996 3
      vertex 55.5 0 3
    endloop
  endfacet
  facet normal 0 0 1
    outer loop
      vertex 70.4721818591961 23.713458566168 3
      vertex 55.5 0 3
      vertex 70.947620560996 23.45933128559396 3
    endloop
  endfacet
  facet normal 0 0 1
    outer loop
      vertex 70.05545635173699 24.055456351736993 3
      vertex 55.5 0 3
      vertex 70.4721818591961 23.713458566168 3
    endloop
  endfacet
  facet normal 0 0 1
    outer loop
      vertex 70.947620560996 23.45933128559396 3
      vertex 55.5 0 3
      vertex 71.46350161445565 23.302840478891117 3
    endloop
  endfacet
  facet normal 0 0 1
    outer loop
      vertex 71.46350161445565 23.302840478891117 3
      vertex 55.5 0 3
      vertex 72 23.25 3
    endloop
  endfacet
  facet normal 0 0 1
    outer loop
      vertex 72 23.25 3
      vertex 55.5 0 3
      vertex 72.53649838554435 23.302840478891117 3
    endloop
  endfacet
  facet normal 0 0 -1
    outer loop
      vertex 95 94 0
      vertex 55.5 5.3 0
      vertex 55.5 8 0
    endloop
  endfacet
  facet normal 0 0 1
    outer loop
      vertex 24.052379439003996 81.45933128559396 3
      vertex 69.45933128559396 27.052379439003996 3
      vertex 69.713458566168 27.527818140803905 3
    endloop
  endfacet
  facet normal 0 0 1
    outer loop
      vertex 24.527818140803905 81.713458566168 3
      vertex 69.713458566168 27.527818140803905 3
      vertex 70.05545635173699 27.944543648263007 3
    endloop
  endfacet
  facet normal 0 0 1
    outer loop
      vertex 70.05545635173699 27.944543648263007 3
      vertex 70.4721818591961 28.286541433832 3
      vertex 70.05545635173699 82.05545635173699 3
    endloop
  endfacet
  facet normal 0 0 1
    outer loop
      vertex 70.4721818591961 28.286541433832 3
      vertex 70.947620560996 28.54066871440604 3
      vertex 70.4721818591961 81.713458566168 3
    endloop
  endfacet
  facet normal 0 0 1
    outer loop
      vertex 70.947620560996 28.54066871440604 3
      vertex 71.46350161445565 28.697159521108883 3
      vertex 70.947620560996 81.45933128559396 3
    endloop
  endfacet
  facet normal 0 -1 0
    outer loop
      vertex 95 0 0
      vertex 95 0 3
      vertex 55.5 0 0
    endloop
  endfacet
  facet normal 0 0 1
    outer loop
      vertex 95 0 3
      vertex 72.53649838554435 23.302840478891117 3
      vertex 55.5 0 3
    endloop
  endfacet
  facet normal 0 0 1
    outer loop
      vertex 95 0 3
      vertex 73.052379439004 23.45933128559396 3
      vertex 72.53649838554435 23.302840478891117 3
    endloop
  endfacet
  facet normal 0 0 1
    outer loop
      vertex 95 0 3
      vertex 73.5278181408039 23.713458566168 3
      vertex 73.052379439004 23.45933128559396 3
    endloop
  endfacet
  facet normal 0 0 1
    outer loop
      vertex 95 0 3
      vertex 73.94454364826301 24.055456351736993 3
      vertex 73.5278181408039 23.713458566168 3
    endloop
  endfacet
  facet normal 0 0 1
    outer loop
      vertex 95 0 3
      vertex 74.286541433832 24.472181859196095 3
      vertex 73.94454364826301 24.055456351736993 3
    endloop
  endfacet
  facet normal 0 0 1
    outer loop
      vertex 95 0 3
      vertex 74.54066871440604 24.947620560996004 3
      vertex 74.286541433832 24.472181859196095 3
    endloop
  endfacet
  facet normal 0 0 1
    outer loop
      vertex 95 0 3
      vertex 74.69715952110889 25.463501614455648 3
      vertex 74.54066871440604 24.947620560996004 3
    endloop
  endfacet
  facet normal 0 0 -1
    outer loop
      vertex 95 0 0
      vertex 55.5 5.3 0
      vertex 95 94 0
    endloop
  endfacet
  facet normal 0 0 1
    outer loop
      vertex 71.46350161445565 28.697159521108883 3
      vertex 72 28.75 3
      vertex 71.46350161445565 81.30284047889111 3
    endloop
  endfacet
  facet normal 0 0 1
    outer loop
      vertex 72 28.75 3
      vertex 72.53649838554435 28.697159521108883 3
      vertex 72 81.25 3
    endloop
  endfacet
  facet normal 0 0 1
    outer loop
      vertex 72.53649838554435 28.697159521108883 3
      vertex 73.052379439004 28.54066871440604 3
      vertex 72.53649838554435 81.30284047889111 3
    endloop
  endfacet
  facet normal 0 0 1
    outer loop
      vertex 74.286541433832 27.527818140803905 3
      vertex 73.94454364826301 82.05545635173699 3
      vertex 73.94454364826301 27.944543648263007 3
    endloop
  endfacet
  facet normal 0 0 1
    outer loop
      vertex 73.052379439004 28.54066871440604 3
      vertex 73.5278181408039 28.286541433832 3
      vertex 73.052379439004 81.45933128559396 3
    endloop
  endfacet
  facet normal 0 0 1
    outer loop
      vertex 73.5278181408039 28.286541433832 3
      vertex 73.94454364826301 27.944543648263007 3
      vertex 73.5278181408039 81.713458566168 3
    endloop
  endfacet
  facet normal 0 0 1
    outer loop
      vertex 74.54066871440604 27.052379439003996 3
      vertex 74.286541433832 82.4721818591961 3
      vertex 74.286541433832 27.527818140803905 3
    endloop
  endfacet
  facet normal 0 0 1
    outer loop
      vertex 74.75 26 3
      vertex 74.69715952110889 83.46350161445565 3
      vertex 74.69715952110889 26.536498385544352 3
    endloop
  endfacet
  facet normal 0 0 1
    outer loop
      vertex 74.69715952110889 26.536498385544352 3
      vertex 74.54066871440604 82.947620560996 3
      vertex 74.54066871440604 27.052379439003996 3
    endloop
  endfacet
  facet normal 1 0 0
    outer loop
      vertex 95 0 0
      vertex 95 94 3
      vertex 95 0 3
    endloop
  endfacet
  facet normal 0 0 1
    outer loop
      vertex 95 0 3
      vertex 95 94 3
      vertex 74.69715952110889 25.463501614455648 3
    endloop
  endfacet
  facet normal 0 0 -1
    outer loop
      vertex 55.5 100 0
      vertex 95 94 0
      vertex 55.5 8 0
    endloop
  endfacet
  facet normal 0 0 1
    outer loop
      vertex 24.944543648263007 82.05545635173699 3
      vertex 70.05545635173699 27.944543648263007 3
      vertex 70.05545635173699 82.05545635173699 3
    endloop
  endfacet
  facet normal 0 0 1
    outer loop
      vertex 70.947620560996 28.54066871440604 3
      vertex 70.947620560996 81.45933128559396 3
      vertex 70.4721818591961 81.713458566168 3
    endloop
  endfacet
  facet normal 0 0 1
    outer loop
      vertex 70.4721818591961 28.286541433832 3
      vertex 70.4721818591961 81.713458566168 3
      vertex 70.05545635173699 82.05545635173699 3
    endloop
  endfacet
  facet normal 0 1 0
    outer loop
      vertex 55.5 100 0
      vertex 55.5 100 1.5
      vertex 89 100 0
    endloop
  endfacet
  facet normal 0 0 1
    outer loop
      vertex 24.944543648263007 82.05545635173699 3
      vertex 70.05545635173699 82.05545635173699 3
      vertex 69.713458566168 82.4721818591961 3
    endloop
  endfacet
  facet normal 0 0 1
    outer loop
      vertex 25.286541433832 82.4721818591961 3
      vertex 69.713458566168 82.4721818591961 3
      vertex 69.45933128559396 82.947620560996 3
    endloop
  endfacet
  facet normal 0 0 1
    outer loop
      vertex 25.54066871440604 82.947620560996 3
      vertex 69.45933128559396 82.947620560996 3
      vertex 69.30284047889111 83.46350161445565 3
    endloop
  endfacet
  facet normal 0 0 1
    outer loop
      vertex 25.697159521108883 83.46350161445565 3
      vertex 69.30284047889111 83.46350161445565 3
      vertex 69.25 84 3
    endloop
  endfacet
  facet normal 0 0 1
    outer loop
      vertex 25.75 84 3
      vertex 69.25 84 3
      vertex 69.30284047889111 84.53649838554435 3
    endloop
  endfacet
  facet normal 0 0 1
    outer loop
      vertex 25.697159521108883 84.53649838554435 3
      vertex 69.30284047889111 84.53649838554435 3
      vertex 69.45933128559396 85.052379439004 3
    endloop
  endfacet
  facet normal 0 0 1
    outer loop
      vertex 25.54066871440604 85.052379439004 3
      vertex 69.45933128559396 85.052379439004 3
      vertex 69.713458566168 85.5278181408039 3
    endloop
  endfacet
  facet normal 0 0 1
    outer loop
      vertex 25.286541433832 85.5278181408039 3
      vertex 69.713458566168 85.5278181408039 3
      vertex 70.05545635173699 85.94454364826301 3
    endloop
  endfacet
  facet normal 0 0 1
    outer loop
      vertex 24.944543648263007 85.94454364826301 3
      vertex 70.05545635173699 85.94454364826301 3
      vertex 70.4721818591961 86.286541433832 3
    endloop
  endfacet
  facet normal 0 1 0
    outer loop
      vertex 6 100 3
      vertex 89 100 3
      vertex 55.5 100 1.5
    endloop
  endfacet
  facet normal 0 0 1
    outer loop
      vertex 70.4721818591961 86.286541433832 3
      vertex 70.947620560996 86.54066871440604 3
      vertex 6 100 3
    endloop
  endfacet
  facet normal 0 0 1
    outer loop
      vertex 70.947620560996 86.54066871440604 3
      vertex 71.46350161445565 86.69715952110889 3
      vertex 6 100 3
    endloop
  endfacet
  facet normal 0 0 1
    outer loop
      vertex 71.46350161445565 86.69715952110889 3
      vertex 72 86.75 3
      vertex 6 100 3
    endloop
  endfacet
  facet normal 0 0 1
    outer loop
      vertex 72 86.75 3
      vertex 89 100 3
      vertex 6 100 3
    endloop
  endfacet
  facet normal 1 0 0
    outer loop
      vertex 95 0 0
      vertex 95 94 0
      vertex 95 94 3
    endloop
  endfacet
  facet normal 0 0 1
    outer loop
      vertex 74.69715952110889 25.463501614455648 3
      vertex 89 100 3
      vertex 74.75 26 3
    endloop
  endfacet
  facet normal 0 0 1
    outer loop
      vertex 71.46350161445565 28.697159521108883 3
      vertex 71.46350161445565 81.30284047889111 3
      vertex 70.947620560996 81.45933128559396 3
    endloop
  endfacet
  facet normal 0 0 1
    outer loop
      vertex 72 28.75 3
      vertex 72 81.25 3
      vertex 71.46350161445565 81.30284047889111 3
    endloop
  endfacet
  facet normal 0 0 1
    outer loop
      vertex 72.53649838554435 28.697159521108883 3
      vertex 72.53649838554435 81.30284047889111 3
      vertex 72 81.25 3
    endloop
  endfacet
  facet normal 0 0 1
    outer loop
      vertex 73.052379439004 28.54066871440604 3
      vertex 73.052379439004 81.45933128559396 3
      vertex 72.53649838554435 81.30284047889111 3
    endloop
  endfacet
  facet normal 0 0 1
    outer loop
      vertex 73.5278181408039 28.286541433832 3
      vertex 73.5278181408039 81.713458566168 3
      vertex 73.052379439004 81.45933128559396 3
    endloop
  endfacet
  facet normal 0 0 1
    outer loop
      vertex 73.94454364826301 27.944543648263007 3
      vertex 73.94454364826301 82.05545635173699 3
      vertex 73.5278181408039 81.713458566168 3
    endloop
  endfacet
  facet normal 0 0 1
    outer loop
      vertex 74.286541433832 27.527818140803905 3
      vertex 74.286541433832 82.4721818591961 3
      vertex 73.94454364826301 82.05545635173699 3
    endloop
  endfacet
  facet normal 0 0 1
    outer loop
      vertex 74.54066871440604 27.052379439003996 3
      vertex 74.54066871440604 82.947620560996 3
      vertex 74.286541433832 82.4721818591961 3
    endloop
  endfacet
  facet normal 0 0 1
    outer loop
      vertex 74.69715952110889 26.536498385544352 3
      vertex 74.69715952110889 83.46350161445565 3
      vertex 74.54066871440604 82.947620560996 3
    endloop
  endfacet
  facet normal 0 0 1
    outer loop
      vertex 74.75 26 3
      vertex 74.75 84 3
      vertex 74.69715952110889 83.46350161445565 3
    endloop
  endfacet
  facet normal 0 0 1
    outer loop
      vertex 74.75 26 3
      vertex 89 100 3
      vertex 74.75 84 3
    endloop
  endfacet
  facet normal 0 0 1
    outer loop
      vertex 74.69715952110889 25.463501614455648 3
      vertex 95 94 3
      vertex 89 100 3
    endloop
  endfacet
  facet normal 0 0 -1
    outer loop
      vertex 55.5 100 0
      vertex 89 100 0
      vertex 95 94 0
    endloop
  endfacet
  facet normal 0 1 0
    outer loop
      vertex 55.5 100 1.5
      vertex 89 100 3
      vertex 89 100 0
    endloop
  endfacet
  facet normal 0 0 1
    outer loop
      vertex 74.54066871440604 85.052379439004 3
      vertex 74.69715952110889 84.53649838554435 3
      vertex 89 100 3
    endloop
  endfacet
  facet normal 0 0 1
    outer loop
      vertex 74.75 84 3
      vertex 89 100 3
      vertex 74.69715952110889 84.53649838554435 3
    endloop
  endfacet
  facet normal 0 0 1
    outer loop
      vertex 72 86.75 3
      vertex 72.53649838554435 86.69715952110889 3
      vertex 89 100 3
    endloop
  endfacet
  facet normal 0 0 1
    outer loop
      vertex 73.052379439004 86.54066871440604 3
      vertex 73.5278181408039 86.286541433832 3
      vertex 89 100 3
    endloop
  endfacet
  facet normal 0 0 1
    outer loop
      vertex 72.53649838554435 86.69715952110889 3
      vertex 73.052379439004 86.54066871440604 3
      vertex 89 100 3
    endloop
  endfacet
  facet normal 0 0 1
    outer loop
      vertex 73.94454364826301 85.94454364826301 3
      vertex 89 100 3
      vertex 73.5278181408039 86.286541433832 3
    endloop
  endfacet
  facet normal 0 0 1
    outer loop
      vertex 73.94454364826301 85.94454364826301 3
      vertex 74.286541433832 85.5278181408039 3
      vertex 89 100 3
    endloop
  endfacet
  facet normal 0 0 1
    outer loop
      vertex 74.54066871440604 85.052379439004 3
      vertex 89 100 3
      vertex 74.286541433832 85.5278181408039 3
    endloop
  endfacet
  facet normal -1 0 0
    outer loop
      vertex 40.5 -5 0
      vertex 40.5 -2.3 1.5
      vertex 40.5 -2.3 0
    endloop
  endfacet
  facet normal 0 0 -1
    outer loop
      vertex 40.5 -5 0
      vertex 40.5 -2.3 0
      vertex 54.5 -2.3 0
    endloop
  endfacet
  facet normal -1 0 0
    outer loop
      vertex 40.5 -5 0
      vertex 40.5 -0.1 3
      vertex 40.5 -2.3 1.5
    endloop
  endfacet
  facet normal -1 0 0
    outer loop
      vertex 40.5 -5 0
      vertex 40.5 -5 2.99
      vertex 40.5 -3.5 2.99
    endloop
  endfacet
  facet normal -1 0 0
    outer loop
      vertex 40.5 -5 0
      vertex 40.5 -3.5 2.99
      vertex 40.5 -0.1 3
    endloop
  endfacet
  facet normal 0 -1 0
    outer loop
      vertex 40.5 -5 0
      vertex 54.5 -5 2.99
      vertex 40.5 -5 2.99
    endloop
  endfacet
  facet normal -1 0 0
    outer loop
      vertex 40.5 -0.1 3
      vertex 40.5 -0.1 1.5
      vertex 40.5 -2.3 1.5
    endloop
  endfacet
  facet normal 0 -1 0
    outer loop
      vertex 40.5 -5 2.9945553539019967
      vertex 40.55577689243028 -5 3
      vertex 40.5 -5 3
    endloop
  endfacet
  facet normal -1 0 0
    outer loop
      vertex 40.5 -3.5 2.99
      vertex 40.5 -3.5 3
      vertex 40.5 -0.1 3
    endloop
  endfacet
  facet normal 0 0 1
    outer loop
      vertex 40.5 -3.5 3
      vertex 54.5 0 3
      vertex 40.5 -0.1 3
    endloop
  endfacet
  facet normal 0 0 1
    outer loop
      vertex 40.5 -0.1 3
      vertex 54.5 0 3
      vertex 40.5 0 3
    endloop
  endfacet
  facet normal 0 0 -1
    outer loop
      vertex 40.5 -5 0
      vertex 54.5 -2.3 0
      vertex 54.5 -5 0
    endloop
  endfacet
  facet normal 0 -1 0
    outer loop
      vertex 40.5 -5 0
      vertex 54.5 -5 0
      vertex 54.5 -5 2.99
    endloop
  endfacet
  facet normal 1 0 0
    outer loop
      vertex 54.5 -5 0
      vertex 54.5 -2.3 0
      vertex 54.5 -2.3 1.5
    endloop
  endfacet
  facet normal 1 0 0
    outer loop
      vertex 54.5 -5 0
      vertex 54.5 -2.3 1.5
      vertex 54.5 -3.5 2.99
    endloop
  endfacet
  facet normal 1 0 0
    outer loop
      vertex 54.5 -5 0
      vertex 54.5 -3.5 2.99
      vertex 54.5 -5 2.99
    endloop
  endfacet
  facet normal 1 0 0
    outer loop
      vertex 54.5 -3.5 2.99
      vertex 54.5 -2.3 1.5
      vertex 54.5 -0.1 1.5
    endloop
  endfacet
  facet normal 1 0 0
    outer loop
      vertex 54.5 -3.5 2.99
      vertex 54.5 -0.1 1.5
      vertex 54.5 -0.1 3
    endloop
  endfacet
  facet normal 1 0 0
    outer loop
      vertex 54.5 -3.5 2.99
      vertex 54.5 -0.1 3
      vertex 54.5 -3.5 3
    endloop
  endfacet
  facet normal 0 0 1
    outer loop
      vertex 40.5 -3.5 3
      vertex 54.5 -3.5 3
      vertex 54.5 -0.1 3
    endloop
  endfacet
  facet normal 0 0 1
    outer loop
      vertex 40.5 -3.5 3
      vertex 54.5 -0.1 3
      vertex 54.5 0 3
    endloop
  endfacet
  facet normal 0 -1 0
    outer loop
      vertex 40.5 -5 2.99
      vertex 40.55577689243028 -5 3
      vertex 40.5 -5 2.9945553539019967
    endloop
  endfacet
  facet normal -1 0 0
    outer loop
      vertex 40.5 -5 2.99
      vertex 40.5 -3.5 3
      vertex 40.5 -3.5 2.99
    endloop
  endfacet
  facet normal 0 -1 0
    outer loop
      vertex 40.5 -5 2.99
      vertex 54.5 -5 2.99
      vertex 40.55577689243028 -5 3
    endloop
  endfacet
  facet normal 0 -1 0
    outer loop
      vertex 40.5 -5 3
      vertex 40.55577689243028 -5 3
      vertex 40.5 -5 5.5
    endloop
  endfacet
  facet normal -1 0 0
    outer loop
      vertex 40.5 -5 2.99
      vertex 40.5 -5 2.9945553539019967
      vertex 40.5 -3.5 5.5
    endloop
  endfacet
  facet normal -1 0 0
    outer loop
      vertex 40.5 -5 2.9945553539019967
      vertex 40.5 -5 3
      vertex 40.5 -3.5 5.5
    endloop
  endfacet
  facet normal -1 0 0
    outer loop
      vertex 40.5 -5 2.99
      vertex 40.5 -3.5 5.5
      vertex 40.5 -3.5 3
    endloop
  endfacet
  facet normal -1 0 0
    outer loop
      vertex 40.5 -5 3
      vertex 40.5 -5 5.5
      vertex 40.5 -3.5 5.5
    endloop
  endfacet
  facet normal 0 -1 0
    outer loop
      vertex 40.55577689243028 -5 3
      vertex 54.5 -5 5.5
      vertex 40.5 -5 5.5
    endloop
  endfacet
  facet normal 0 1 0
    outer loop
      vertex 40.5 -3.5 3
      vertex 40.5 -3.5 5.5
      vertex 54.5 -3.5 5.5
    endloop
  endfacet
  facet normal 0 0 1
    outer loop
      vertex 40.5 -5 5.5
      vertex 54.5 -5 5.5
      vertex 40.5 -3.5 5.5
    endloop
  endfacet
  facet normal 0 -1 0
    outer loop
      vertex 40.55577689243028 -5 3
      vertex 54.5 -5 2.99
      vertex 54.5 -5 5.5
    endloop
  endfacet
  facet normal 0 1 0
    outer loop
      vertex 40.5 -3.5 3
      vertex 54.5 -3.5 5.5
      vertex 54.5 -3.5 3
    endloop
  endfacet
  facet normal 1 0 0
    outer loop
      vertex 54.5 -5 2.99
      vertex 54.5 -3.5 2.99
      vertex 54.5 -5 5.5
    endloop
  endfacet
  facet normal 1 0 0
    outer loop
      vertex 54.5 -3.5 2.99
      vertex 54.5 -3.5 3
      vertex 54.5 -5 5.5
    endloop
  endfacet
  facet normal 1 0 0
    outer loop
      vertex 54.5 -3.5 3
      vertex 54.5 -3.5 5.5
      vertex 54.5 -5 5.5
    endloop
  endfacet
  facet normal 0 0 1
    outer loop
      vertex 40.5 -3.5 5.5
      vertex 54.5 -5 5.5
      vertex 54.5 -3.5 5.5
    endloop
  endfacet
  facet normal 0 0 1
    outer loop
      vertex 22.04737205583712 25.45 2
      vertex 22.04737205583712 26.55 2
      vertex 21.937481591082026 25.715299050387227 2
    endloop
  endfacet
  facet normal 0 0 1
    outer loop
      vertex 21.937481591082026 25.715299050387227 2
      vertex 21.937481591082026 26.284700949612773 2
      vertex 21.9 26 2
    endloop
  endfacet
  facet normal 0 0 1
    outer loop
      vertex 22.04737205583712 25.45 2
      vertex 22.2221825406948 25.2221825406948 2
      vertex 22.2221825406948 26.7778174593052 2
    endloop
  endfacet
  facet normal 0 0 1
    outer loop
      vertex 21.937481591082026 25.715299050387227 2
      vertex 22.04737205583712 26.55 2
      vertex 21.937481591082026 26.284700949612773 2
    endloop
  endfacet
  facet normal 0 0 1
    outer loop
      vertex 22.04737205583712 25.45 2
      vertex 22.2221825406948 26.7778174593052 2
      vertex 22.04737205583712 26.55 2
    endloop
  endfacet
  facet normal 0 0 1
    outer loop
      vertex 22.2221825406948 25.2221825406948 2
      vertex 22.45 25.04737205583712 2
      vertex 22.45 26.95262794416288 2
    endloop
  endfacet
  facet normal 0 0 1
    outer loop
      vertex 22.45 25.04737205583712 2
      vertex 22.715299050387227 24.937481591082026 2
      vertex 22.715299050387227 27.062518408917974 2
    endloop
  endfacet
  facet normal 0 0 1
    outer loop
      vertex 23 24.9 2
      vertex 23 27.1 2
      vertex 22.715299050387227 24.937481591082026 2
    endloop
  endfacet
  facet normal 0 0 1
    outer loop
      vertex 23 24.9 2
      vertex 23.284700949612773 24.937481591082026 2
      vertex 23.284700949612773 27.062518408917974 2
    endloop
  endfacet
  facet normal 0 0 1
    outer loop
      vertex 23.284700949612773 24.937481591082026 2
      vertex 23.55 25.04737205583712 2
      vertex 23.55 26.95262794416288 2
    endloop
  endfacet
  facet normal 0 0 1
    outer loop
      vertex 23.55 25.04737205583712 2
      vertex 23.7778174593052 25.2221825406948 2
      vertex 23.7778174593052 26.7778174593052 2
    endloop
  endfacet
  facet normal 0 0 1
    outer loop
      vertex 22.2221825406948 25.2221825406948 2
      vertex 22.45 26.95262794416288 2
      vertex 22.2221825406948 26.7778174593052 2
    endloop
  endfacet
  facet normal 0 0 1
    outer loop
      vertex 22.45 25.04737205583712 2
      vertex 22.715299050387227 27.062518408917974 2
      vertex 22.45 26.95262794416288 2
    endloop
  endfacet
  facet normal 0 0 1
    outer loop
      vertex 22.715299050387227 24.937481591082026 2
      vertex 23 27.1 2
      vertex 22.715299050387227 27.062518408917974 2
    endloop
  endfacet
  facet normal 0 0 1
    outer loop
      vertex 23 24.9 2
      vertex 23.284700949612773 27.062518408917974 2
      vertex 23 27.1 2
    endloop
  endfacet
  facet normal 0 0 1
    outer loop
      vertex 23.284700949612773 24.937481591082026 2
      vertex 23.55 26.95262794416288 2
      vertex 23.284700949612773 27.062518408917974 2
    endloop
  endfacet
  facet normal 0 0 1
    outer loop
      vertex 23.55 25.04737205583712 2
      vertex 23.7778174593052 26.7778174593052 2
      vertex 23.55 26.95262794416288 2
    endloop
  endfacet
  facet normal 0 0 1
    outer loop
      vertex 23.7778174593052 25.2221825406948 2
      vertex 23.95262794416288 25.45 2
      vertex 23.95262794416288 26.55 2
    endloop
  endfacet
  facet normal 0 0 1
    outer loop
      vertex 23.95262794416288 25.45 2
      vertex 24.062518408917974 25.715299050387227 2
      vertex 24.062518408917974 26.284700949612773 2
    endloop
  endfacet
  facet normal 0 0 1
    outer loop
      vertex 23.95262794416288 25.45 2
      vertex 24.062518408917974 26.284700949612773 2
      vertex 23.95262794416288 26.55 2
    endloop
  endfacet
  facet normal 0 0 1
    outer loop
      vertex 24.062518408917974 25.715299050387227 2
      vertex 24.1 26 2
      vertex 24.062518408917974 26.284700949612773 2
    endloop
  endfacet
  facet normal 0 0 1
    outer loop
      vertex 23.7778174593052 25.2221825406948 2
      vertex 23.95262794416288 26.55 2
      vertex 23.7778174593052 26.7778174593052 2
    endloop
  endfacet
  facet normal 0.9238795325112862 0.38268343236509095 4.413603600407103e-19
    outer loop
      vertex 22.04737205583712 25.45 2
      vertex 21.937481591082026 25.715299050387227 2
      vertex 21.937481591082026 25.715299050387227 8
    endloop
  endfacet
  facet normal 0.7933533402912325 0.6087614290087242 0
    outer loop
      vertex 22.04737205583712 25.45 2
      vertex 22.04737205583712 25.45 8
      vertex 22.2221825406948 25.2221825406948 2
    endloop
  endfacet
  facet normal 0.9914448613738093 0.1305261922200601 -1.917893653206004e-19
    outer loop
      vertex 21.937481591082026 25.715299050387227 2
      vertex 21.9 26 2
      vertex 21.9 26 8
    endloop
  endfacet
  facet normal 0.9914448613738093 -0.1305261922200601 1.917893653206004e-19
    outer loop
      vertex 21.9 26 2
      vertex 21.937481591082026 26.284700949612773 2
      vertex 21.937481591082026 26.284700949612773 8
    endloop
  endfacet
  facet normal 0.9238795325112862 -0.38268343236509095 -4.413603600407103e-19
    outer loop
      vertex 21.937481591082026 26.284700949612773 2
      vertex 22.04737205583712 26.55 2
      vertex 22.04737205583712 26.55 8
    endloop
  endfacet
  facet normal 0.7933533402912325 -0.6087614290087242 -2.4811659920126264e-20
    outer loop
      vertex 22.04737205583712 26.55 2
      vertex 22.2221825406948 26.7778174593052 2
      vertex 22.2221825406948 26.7778174593052 8
    endloop
  endfacet
  facet normal 0.6087614290087242 0.7933533402912325 0
    outer loop
      vertex 22.2221825406948 25.2221825406948 2
      vertex 22.2221825406948 25.2221825406948 8
      vertex 22.45 25.04737205583712 2
    endloop
  endfacet
  facet normal 0.38268343236509095 0.9238795325112862 0
    outer loop
      vertex 22.45 25.04737205583712 2
      vertex 22.45 25.04737205583712 8
      vertex 22.715299050387227 24.937481591082026 2
    endloop
  endfacet
  facet normal 0.1305261922200601 0.9914448613738093 -1.917893653206004e-19
    outer loop
      vertex 23 24.9 2
      vertex 22.715299050387227 24.937481591082026 2
      vertex 22.715299050387227 24.937481591082026 8
    endloop
  endfacet
  facet normal -0.1305261922200601 0.9914448613738093 0
    outer loop
      vertex 23 24.9 2
      vertex 23 24.9 8
      vertex 23.284700949612773 24.937481591082026 2
    endloop
  endfacet
  facet normal -0.38268343236509095 0.9238795325112862 0
    outer loop
      vertex 23.284700949612773 24.937481591082026 2
      vertex 23.284700949612773 24.937481591082026 8
      vertex 23.55 25.04737205583712 2
    endloop
  endfacet
  facet normal -0.6087614290087242 0.7933533402912325 0
    outer loop
      vertex 23.55 25.04737205583712 2
      vertex 23.55 25.04737205583712 8
      vertex 23.7778174593052 25.2221825406948 2
    endloop
  endfacet
  facet normal 0.6087614290087242 -0.7933533402912325 -2.4811659920126264e-20
    outer loop
      vertex 22.2221825406948 26.7778174593052 2
      vertex 22.45 26.95262794416288 2
      vertex 22.45 26.95262794416288 8
    endloop
  endfacet
  facet normal 0.38268343236509095 -0.9238795325112862 -4.413603600407103e-19
    outer loop
      vertex 22.45 26.95262794416288 2
      vertex 22.715299050387227 27.062518408917974 2
      vertex 22.715299050387227 27.062518408917974 8
    endloop
  endfacet
  facet normal 0.1305261922200601 -0.9914448613738093 1.917893653206004e-19
    outer loop
      vertex 22.715299050387227 27.062518408917974 2
      vertex 23 27.1 2
      vertex 23 27.1 8
    endloop
  endfacet
  facet normal -0.38268343236509095 -0.9238795325112862 4.413603600407103e-19
    outer loop
      vertex 23.284700949612773 27.062518408917974 2
      vertex 23.55 26.95262794416288 2
      vertex 23.55 26.95262794416288 8
    endloop
  endfacet
  facet normal -0.6087614290087242 -0.7933533402912325 2.4811659920126264e-20
    outer loop
      vertex 23.55 26.95262794416288 2
      vertex 23.7778174593052 26.7778174593052 2
      vertex 23.7778174593052 26.7778174593052 8
    endloop
  endfacet
  facet normal -0.1305261922200601 -0.9914448613738093 -1.917893653206004e-19
    outer loop
      vertex 23 27.1 2
      vertex 23.284700949612773 27.062518408917974 2
      vertex 23.284700949612773 27.062518408917974 8
    endloop
  endfacet
  facet normal 0.7933533402912325 0.6087614290087242 0
    outer loop
      vertex 22.2221825406948 25.2221825406948 2
      vertex 22.04737205583712 25.45 8
      vertex 22.2221825406948 25.2221825406948 8
    endloop
  endfacet
  facet normal 0.9238795325112862 0.38268343236509095 0
    outer loop
      vertex 22.04737205583712 25.45 2
      vertex 21.937481591082026 25.715299050387227 8
      vertex 22.04737205583712 25.45 8
    endloop
  endfacet
  facet normal 0.9914448613738093 0.1305261922200601 0
    outer loop
      vertex 21.937481591082026 25.715299050387227 2
      vertex 21.9 26 8
      vertex 21.937481591082026 25.715299050387227 8
    endloop
  endfacet
  facet normal 0.9914448613738093 -0.1305261922200601 0
    outer loop
      vertex 21.9 26 2
      vertex 21.937481591082026 26.284700949612773 8
      vertex 21.9 26 8
    endloop
  endfacet
  facet normal 0.9238795325112862 -0.38268343236509095 0
    outer loop
      vertex 21.937481591082026 26.284700949612773 2
      vertex 22.04737205583712 26.55 8
      vertex 21.937481591082026 26.284700949612773 8
    endloop
  endfacet
  facet normal 0.7933533402912325 -0.6087614290087242 0
    outer loop
      vertex 22.04737205583712 26.55 2
      vertex 22.2221825406948 26.7778174593052 8
      vertex 22.04737205583712 26.55 8
    endloop
  endfacet
  facet normal 0.6087614290087242 0.7933533402912325 0
    outer loop
      vertex 22.45 25.04737205583712 2
      vertex 22.2221825406948 25.2221825406948 8
      vertex 22.45 25.04737205583712 8
    endloop
  endfacet
  facet normal 0.38268343236509095 0.9238795325112862 0
    outer loop
      vertex 22.715299050387227 24.937481591082026 2
      vertex 22.45 25.04737205583712 8
      vertex 22.715299050387227 24.937481591082026 8
    endloop
  endfacet
  facet normal 0.1305261922200601 0.9914448613738093 0
    outer loop
      vertex 23 24.9 2
      vertex 22.715299050387227 24.937481591082026 8
      vertex 23 24.9 8
    endloop
  endfacet
  facet normal -0.1305261922200601 0.9914448613738093 0
    outer loop
      vertex 23.284700949612773 24.937481591082026 2
      vertex 23 24.9 8
      vertex 23.284700949612773 24.937481591082026 8
    endloop
  endfacet
  facet normal -0.38268343236509095 0.9238795325112862 0
    outer loop
      vertex 23.55 25.04737205583712 2
      vertex 23.284700949612773 24.937481591082026 8
      vertex 23.55 25.04737205583712 8
    endloop
  endfacet
  facet normal -0.6087614290087242 0.7933533402912325 0
    outer loop
      vertex 23.7778174593052 25.2221825406948 2
      vertex 23.55 25.04737205583712 8
      vertex 23.7778174593052 25.2221825406948 8
    endloop
  endfacet
  facet normal 0.6087614290087242 -0.7933533402912325 0
    outer loop
      vertex 22.2221825406948 26.7778174593052 2
      vertex 22.45 26.95262794416288 8
      vertex 22.2221825406948 26.7778174593052 8
    endloop
  endfacet
  facet normal 0.38268343236509095 -0.9238795325112862 0
    outer loop
      vertex 22.45 26.95262794416288 2
      vertex 22.715299050387227 27.062518408917974 8
      vertex 22.45 26.95262794416288 8
    endloop
  endfacet
  facet normal 0.1305261922200601 -0.9914448613738093 0
    outer loop
      vertex 22.715299050387227 27.062518408917974 2
      vertex 23 27.1 8
      vertex 22.715299050387227 27.062518408917974 8
    endloop
  endfacet
  facet normal -0.6087614290087242 -0.7933533402912325 0
    outer loop
      vertex 23.55 26.95262794416288 2
      vertex 23.7778174593052 26.7778174593052 8
      vertex 23.55 26.95262794416288 8
    endloop
  endfacet
  facet normal -0.1305261922200601 -0.9914448613738093 0
    outer loop
      vertex 23 27.1 2
      vertex 23.284700949612773 27.062518408917974 8
      vertex 23 27.1 8
    endloop
  endfacet
  facet normal -0.38268343236509095 -0.9238795325112862 0
    outer loop
      vertex 23.284700949612773 27.062518408917974 2
      vertex 23.55 26.95262794416288 8
      vertex 23.284700949612773 27.062518408917974 8
    endloop
  endfacet
  facet normal -0.7933533402912325 0.6087614290087242 0
    outer loop
      vertex 23.7778174593052 25.2221825406948 2
      vertex 23.7778174593052 25.2221825406948 8
      vertex 23.95262794416288 25.45 2
    endloop
  endfacet
  facet normal -0.9238795325112862 0.38268343236509095 0
    outer loop
      vertex 23.95262794416288 25.45 2
      vertex 23.95262794416288 25.45 8
      vertex 24.062518408917974 25.715299050387227 2
    endloop
  endfacet
  facet normal -0.9914448613738093 0.1305261922200601 0
    outer loop
      vertex 24.062518408917974 25.715299050387227 2
      vertex 24.062518408917974 25.715299050387227 8
      vertex 24.1 26 2
    endloop
  endfacet
  facet normal -0.9914448613738093 -0.1305261922200601 -1.917893653206004e-19
    outer loop
      vertex 24.062518408917974 26.284700949612773 2
      vertex 24.1 26 2
      vertex 24.1 26 8
    endloop
  endfacet
  facet normal -0.9238795325112862 -0.38268343236509095 0
    outer loop
      vertex 24.062518408917974 26.284700949612773 2
      vertex 24.062518408917974 26.284700949612773 8
      vertex 23.95262794416288 26.55 2
    endloop
  endfacet
  facet normal -0.7933533402912325 -0.6087614290087242 2.4811659920126264e-20
    outer loop
      vertex 23.7778174593052 26.7778174593052 2
      vertex 23.95262794416288 26.55 2
      vertex 23.95262794416288 26.55 8
    endloop
  endfacet
  facet normal -0.7933533402912325 0.6087614290087242 0
    outer loop
      vertex 23.95262794416288 25.45 2
      vertex 23.7778174593052 25.2221825406948 8
      vertex 23.95262794416288 25.45 8
    endloop
  endfacet
  facet normal -0.9238795325112862 0.38268343236509095 0
    outer loop
      vertex 24.062518408917974 25.715299050387227 2
      vertex 23.95262794416288 25.45 8
      vertex 24.062518408917974 25.715299050387227 8
    endloop
  endfacet
  facet normal -0.9914448613738093 0.1305261922200601 0
    outer loop
      vertex 24.1 26 2
      vertex 24.062518408917974 25.715299050387227 8
      vertex 24.1 26 8
    endloop
  endfacet
  facet normal -0.9914448613738093 -0.1305261922200601 0
    outer loop
      vertex 24.062518408917974 26.284700949612773 2
      vertex 24.1 26 8
      vertex 24.062518408917974 26.284700949612773 8
    endloop
  endfacet
  facet normal -0.9238795325112862 -0.38268343236509095 0
    outer loop
      vertex 23.95262794416288 26.55 2
      vertex 24.062518408917974 26.284700949612773 8
      vertex 23.95262794416288 26.55 8
    endloop
  endfacet
  facet normal -0.7933533402912325 -0.6087614290087242 0
    outer loop
      vertex 23.7778174593052 26.7778174593052 2
      vertex 23.95262794416288 26.55 8
      vertex 23.7778174593052 26.7778174593052 8
    endloop
  endfacet
  facet normal 0 0 1
    outer loop
      vertex 21.937481591082026 83.71529905038723 2
      vertex 21.937481591082026 84.28470094961277 2
      vertex 21.9 84 2
    endloop
  endfacet
  facet normal 0 0 1
    outer loop
      vertex 22.04737205583712 83.45 2
      vertex 22.04737205583712 84.55 2
      vertex 21.937481591082026 83.71529905038723 2
    endloop
  endfacet
  facet normal 0 0 1
    outer loop
      vertex 22.04737205583712 83.45 2
      vertex 22.2221825406948 83.2221825406948 2
      vertex 22.2221825406948 84.7778174593052 2
    endloop
  endfacet
  facet normal 0 0 1
    outer loop
      vertex 21.937481591082026 83.71529905038723 2
      vertex 22.04737205583712 84.55 2
      vertex 21.937481591082026 84.28470094961277 2
    endloop
  endfacet
  facet normal 0 0 1
    outer loop
      vertex 22.04737205583712 83.45 2
      vertex 22.2221825406948 84.7778174593052 2
      vertex 22.04737205583712 84.55 2
    endloop
  endfacet
  facet normal 0 0 1
    outer loop
      vertex 22.2221825406948 83.2221825406948 2
      vertex 22.45 83.04737205583712 2
      vertex 22.45 84.95262794416288 2
    endloop
  endfacet
  facet normal 0 0 1
    outer loop
      vertex 22.45 83.04737205583712 2
      vertex 22.715299050387227 82.93748159108202 2
      vertex 22.715299050387227 85.06251840891798 2
    endloop
  endfacet
  facet normal 0 0 1
    outer loop
      vertex 22.2221825406948 83.2221825406948 2
      vertex 22.45 84.95262794416288 2
      vertex 22.2221825406948 84.7778174593052 2
    endloop
  endfacet
  facet normal 0 0 1
    outer loop
      vertex 22.45 83.04737205583712 2
      vertex 22.715299050387227 85.06251840891798 2
      vertex 22.45 84.95262794416288 2
    endloop
  endfacet
  facet normal 0 0 1
    outer loop
      vertex 22.715299050387227 82.93748159108202 2
      vertex 23 82.9 2
      vertex 23 85.1 2
    endloop
  endfacet
  facet normal 0 0 1
    outer loop
      vertex 22.715299050387227 82.93748159108202 2
      vertex 23 85.1 2
      vertex 22.715299050387227 85.06251840891798 2
    endloop
  endfacet
  facet normal 0 0 1
    outer loop
      vertex 23 82.9 2
      vertex 23.284700949612773 82.93748159108202 2
      vertex 23.284700949612773 85.06251840891798 2
    endloop
  endfacet
  facet normal 0 0 1
    outer loop
      vertex 23 82.9 2
      vertex 23.284700949612773 85.06251840891798 2
      vertex 23 85.1 2
    endloop
  endfacet
  facet normal 0 0 1
    outer loop
      vertex 23.284700949612773 82.93748159108202 2
      vertex 23.55 84.95262794416288 2
      vertex 23.284700949612773 85.06251840891798 2
    endloop
  endfacet
  facet normal 0 0 1
    outer loop
      vertex 23.284700949612773 82.93748159108202 2
      vertex 23.55 83.04737205583712 2
      vertex 23.55 84.95262794416288 2
    endloop
  endfacet
  facet normal 0 0 1
    outer loop
      vertex 23.55 83.04737205583712 2
      vertex 23.7778174593052 83.2221825406948 2
      vertex 23.7778174593052 84.7778174593052 2
    endloop
  endfacet
  facet normal 0 0 1
    outer loop
      vertex 23.55 83.04737205583712 2
      vertex 23.7778174593052 84.7778174593052 2
      vertex 23.55 84.95262794416288 2
    endloop
  endfacet
  facet normal 0 0 1
    outer loop
      vertex 23.7778174593052 83.2221825406948 2
      vertex 23.95262794416288 83.45 2
      vertex 23.95262794416288 84.55 2
    endloop
  endfacet
  facet normal 0 0 1
    outer loop
      vertex 23.95262794416288 83.45 2
      vertex 24.062518408917974 83.71529905038723 2
      vertex 24.062518408917974 84.28470094961277 2
    endloop
  endfacet
  facet normal 0 0 1
    outer loop
      vertex 24.062518408917974 83.71529905038723 2
      vertex 24.1 84 2
      vertex 24.062518408917974 84.28470094961277 2
    endloop
  endfacet
  facet normal 0 0 1
    outer loop
      vertex 23.7778174593052 83.2221825406948 2
      vertex 23.95262794416288 84.55 2
      vertex 23.7778174593052 84.7778174593052 2
    endloop
  endfacet
  facet normal 0 0 1
    outer loop
      vertex 23.95262794416288 83.45 2
      vertex 24.062518408917974 84.28470094961277 2
      vertex 23.95262794416288 84.55 2
    endloop
  endfacet
  facet normal 0.7933533402912325 0.6087614290087242 0
    outer loop
      vertex 22.04737205583712 83.45 2
      vertex 22.04737205583712 83.45 8
      vertex 22.2221825406948 83.2221825406948 2
    endloop
  endfacet
  facet normal 0.6087614290087398 0.7933533402912205 0
    outer loop
      vertex 22.2221825406948 83.2221825406948 2
      vertex 22.2221825406948 83.2221825406948 8
      vertex 22.45 83.04737205583712 2
    endloop
  endfacet
  facet normal 0.3826834323651015 0.923879532511282 0
    outer loop
      vertex 22.45 83.04737205583712 2
      vertex 22.45 83.04737205583712 8
      vertex 22.715299050387227 82.93748159108202 2
    endloop
  endfacet
  facet normal 0.13052619222001144 0.9914448613738157 0
    outer loop
      vertex 22.715299050387227 82.93748159108202 2
      vertex 22.715299050387227 82.93748159108202 8
      vertex 23 82.9 2
    endloop
  endfacet
  facet normal -0.13052619222001144 0.9914448613738157 0
    outer loop
      vertex 23 82.9 2
      vertex 23 82.9 8
      vertex 23.284700949612773 82.93748159108202 2
    endloop
  endfacet
  facet normal -0.3826834323651015 0.923879532511282 0
    outer loop
      vertex 23.284700949612773 82.93748159108202 2
      vertex 23.284700949612773 82.93748159108202 8
      vertex 23.55 83.04737205583712 2
    endloop
  endfacet
  facet normal -0.6087614290087398 0.7933533402912205 0
    outer loop
      vertex 23.55 83.04737205583712 2
      vertex 23.55 83.04737205583712 8
      vertex 23.7778174593052 83.2221825406948 2
    endloop
  endfacet
  facet normal 0.9238795325112862 0.38268343236509095 4.413603600407103e-19
    outer loop
      vertex 22.04737205583712 83.45 2
      vertex 21.937481591082026 83.71529905038723 2
      vertex 21.937481591082026 83.71529905038723 8
    endloop
  endfacet
  facet normal 0.991444861373809 0.13052619222006168 -4.311157126108682e-19
    outer loop
      vertex 21.937481591082026 83.71529905038723 2
      vertex 21.9 84 2
      vertex 21.9 84 8
    endloop
  endfacet
  facet normal 0.991444861373809 -0.13052619222006168 4.311157126108682e-19
    outer loop
      vertex 21.9 84 2
      vertex 21.937481591082026 84.28470094961277 2
      vertex 21.937481591082026 84.28470094961277 8
    endloop
  endfacet
  facet normal 0.9238795325112862 -0.38268343236509095 -4.413603600407103e-19
    outer loop
      vertex 21.937481591082026 84.28470094961277 2
      vertex 22.04737205583712 84.55 2
      vertex 22.04737205583712 84.55 8
    endloop
  endfacet
  facet normal 0.7933533402912325 -0.6087614290087242 -2.4811659920126264e-20
    outer loop
      vertex 22.04737205583712 84.55 2
      vertex 22.2221825406948 84.7778174593052 2
      vertex 22.2221825406948 84.7778174593052 8
    endloop
  endfacet
  facet normal 0.6087614290087398 -0.7933533402912205 1.1232966252726068e-18
    outer loop
      vertex 22.2221825406948 84.7778174593052 2
      vertex 22.45 84.95262794416288 2
      vertex 22.45 84.95262794416288 8
    endloop
  endfacet
  facet normal 0.3826834323651015 -0.923879532511282 9.00203250472521e-19
    outer loop
      vertex 22.45 84.95262794416288 2
      vertex 22.715299050387227 85.06251840891798 2
      vertex 22.715299050387227 85.06251840891798 8
    endloop
  endfacet
  facet normal 0.13052619222001144 -0.9914448613738157 -8.023675779223402e-20
    outer loop
      vertex 22.715299050387227 85.06251840891798 2
      vertex 23 85.1 2
      vertex 23 85.1 8
    endloop
  endfacet
  facet normal -0.13052619222001144 -0.9914448613738157 8.023675779223402e-20
    outer loop
      vertex 23 85.1 2
      vertex 23.284700949612773 85.06251840891798 2
      vertex 23.284700949612773 85.06251840891798 8
    endloop
  endfacet
  facet normal -0.3826834323651015 -0.923879532511282 -9.00203250472521e-19
    outer loop
      vertex 23.284700949612773 85.06251840891798 2
      vertex 23.55 84.95262794416288 2
      vertex 23.55 84.95262794416288 8
    endloop
  endfacet
  facet normal -0.6087614290087398 -0.7933533402912205 -1.1232966252726068e-18
    outer loop
      vertex 23.55 84.95262794416288 2
      vertex 23.7778174593052 84.7778174593052 2
      vertex 23.7778174593052 84.7778174593052 8
    endloop
  endfacet
  facet normal 0.9238795325112862 0.38268343236509095 0
    outer loop
      vertex 22.04737205583712 83.45 2
      vertex 21.937481591082026 83.71529905038723 8
      vertex 22.04737205583712 83.45 8
    endloop
  endfacet
  facet normal 0.7933533402912325 0.6087614290087242 0
    outer loop
      vertex 22.2221825406948 83.2221825406948 2
      vertex 22.04737205583712 83.45 8
      vertex 22.2221825406948 83.2221825406948 8
    endloop
  endfacet
  facet normal 0.6087614290087398 0.7933533402912205 0
    outer loop
      vertex 22.45 83.04737205583712 2
      vertex 22.2221825406948 83.2221825406948 8
      vertex 22.45 83.04737205583712 8
    endloop
  endfacet
  facet normal 0.3826834323651015 0.923879532511282 0
    outer loop
      vertex 22.715299050387227 82.93748159108202 2
      vertex 22.45 83.04737205583712 8
      vertex 22.715299050387227 82.93748159108202 8
    endloop
  endfacet
  facet normal 0.13052619222001144 0.9914448613738157 0
    outer loop
      vertex 23 82.9 2
      vertex 22.715299050387227 82.93748159108202 8
      vertex 23 82.9 8
    endloop
  endfacet
  facet normal -0.13052619222001144 0.9914448613738157 0
    outer loop
      vertex 23.284700949612773 82.93748159108202 2
      vertex 23 82.9 8
      vertex 23.284700949612773 82.93748159108202 8
    endloop
  endfacet
  facet normal -0.3826834323651015 0.923879532511282 0
    outer loop
      vertex 23.55 83.04737205583712 2
      vertex 23.284700949612773 82.93748159108202 8
      vertex 23.55 83.04737205583712 8
    endloop
  endfacet
  facet normal -0.6087614290087398 0.7933533402912205 0
    outer loop
      vertex 23.7778174593052 83.2221825406948 2
      vertex 23.55 83.04737205583712 8
      vertex 23.7778174593052 83.2221825406948 8
    endloop
  endfacet
  facet normal 0.991444861373809 0.13052619222006168 0
    outer loop
      vertex 21.937481591082026 83.71529905038723 2
      vertex 21.9 84 8
      vertex 21.937481591082026 83.71529905038723 8
    endloop
  endfacet
  facet normal 0.991444861373809 -0.13052619222006168 0
    outer loop
      vertex 21.9 84 2
      vertex 21.937481591082026 84.28470094961277 8
      vertex 21.9 84 8
    endloop
  endfacet
  facet normal 0.9238795325112862 -0.38268343236509095 0
    outer loop
      vertex 21.937481591082026 84.28470094961277 2
      vertex 22.04737205583712 84.55 8
      vertex 21.937481591082026 84.28470094961277 8
    endloop
  endfacet
  facet normal 0.7933533402912325 -0.6087614290087242 0
    outer loop
      vertex 22.04737205583712 84.55 2
      vertex 22.2221825406948 84.7778174593052 8
      vertex 22.04737205583712 84.55 8
    endloop
  endfacet
  facet normal 0.6087614290087398 -0.7933533402912205 0
    outer loop
      vertex 22.2221825406948 84.7778174593052 2
      vertex 22.45 84.95262794416288 8
      vertex 22.2221825406948 84.7778174593052 8
    endloop
  endfacet
  facet normal 0.3826834323651015 -0.923879532511282 0
    outer loop
      vertex 22.45 84.95262794416288 2
      vertex 22.715299050387227 85.06251840891798 8
      vertex 22.45 84.95262794416288 8
    endloop
  endfacet
  facet normal 0.13052619222001144 -0.9914448613738157 0
    outer loop
      vertex 22.715299050387227 85.06251840891798 2
      vertex 23 85.1 8
      vertex 22.715299050387227 85.06251840891798 8
    endloop
  endfacet
  facet normal -0.13052619222001144 -0.9914448613738157 0
    outer loop
      vertex 23 85.1 2
      vertex 23.284700949612773 85.06251840891798 8
      vertex 23 85.1 8
    endloop
  endfacet
  facet normal -0.3826834323651015 -0.923879532511282 0
    outer loop
      vertex 23.284700949612773 85.06251840891798 2
      vertex 23.55 84.95262794416288 8
      vertex 23.284700949612773 85.06251840891798 8
    endloop
  endfacet
  facet normal -0.6087614290087398 -0.7933533402912205 0
    outer loop
      vertex 23.55 84.95262794416288 2
      vertex 23.7778174593052 84.7778174593052 8
      vertex 23.55 84.95262794416288 8
    endloop
  endfacet
  facet normal -0.7933533402912325 0.6087614290087242 0
    outer loop
      vertex 23.7778174593052 83.2221825406948 2
      vertex 23.7778174593052 83.2221825406948 8
      vertex 23.95262794416288 83.45 2
    endloop
  endfacet
  facet normal -0.9238795325112862 0.38268343236509095 0
    outer loop
      vertex 23.95262794416288 83.45 2
      vertex 23.95262794416288 83.45 8
      vertex 24.062518408917974 83.71529905038723 2
    endloop
  endfacet
  facet normal -0.991444861373809 0.13052619222006168 0
    outer loop
      vertex 24.062518408917974 83.71529905038723 2
      vertex 24.062518408917974 83.71529905038723 8
      vertex 24.1 84 2
    endloop
  endfacet
  facet normal -0.991444861373809 -0.13052619222006168 0
    outer loop
      vertex 24.1 84 2
      vertex 24.1 84 8
      vertex 24.062518408917974 84.28470094961277 2
    endloop
  endfacet
  facet normal -0.9238795325112862 -0.38268343236509095 0
    outer loop
      vertex 24.062518408917974 84.28470094961277 2
      vertex 24.062518408917974 84.28470094961277 8
      vertex 23.95262794416288 84.55 2
    endloop
  endfacet
  facet normal -0.7933533402912325 -0.6087614290087242 2.4811659920126264e-20
    outer loop
      vertex 23.7778174593052 84.7778174593052 2
      vertex 23.95262794416288 84.55 2
      vertex 23.95262794416288 84.55 8
    endloop
  endfacet
  facet normal -0.7933533402912325 0.6087614290087242 0
    outer loop
      vertex 23.95262794416288 83.45 2
      vertex 23.7778174593052 83.2221825406948 8
      vertex 23.95262794416288 83.45 8
    endloop
  endfacet
  facet normal -0.9238795325112862 0.38268343236509095 0
    outer loop
      vertex 24.062518408917974 83.71529905038723 2
      vertex 23.95262794416288 83.45 8
      vertex 24.062518408917974 83.71529905038723 8
    endloop
  endfacet
  facet normal -0.991444861373809 0.13052619222006168 0
    outer loop
      vertex 24.1 84 2
      vertex 24.062518408917974 83.71529905038723 8
      vertex 24.1 84 8
    endloop
  endfacet
  facet normal -0.991444861373809 -0.13052619222006168 0
    outer loop
      vertex 24.062518408917974 84.28470094961277 2
      vertex 24.1 84 8
      vertex 24.062518408917974 84.28470094961277 8
    endloop
  endfacet
  facet normal -0.7933533402912325 -0.6087614290087242 0
    outer loop
      vertex 23.7778174593052 84.7778174593052 2
      vertex 23.95262794416288 84.55 8
      vertex 23.7778174593052 84.7778174593052 8
    endloop
  endfacet
  facet normal -0.9238795325112862 -0.38268343236509095 0
    outer loop
      vertex 23.95262794416288 84.55 2
      vertex 24.062518408917974 84.28470094961277 8
      vertex 23.95262794416288 84.55 8
    endloop
  endfacet
  facet normal 0 0 1
    outer loop
      vertex 71.04737205583712 25.45 2
      vertex 71.04737205583712 26.55 2
      vertex 70.93748159108202 25.715299050387227 2
    endloop
  endfacet
  facet normal 0 0 1
    outer loop
      vertex 70.9 26 2
      vertex 70.93748159108202 25.715299050387227 2
      vertex 70.93748159108202 26.284700949612773 2
    endloop
  endfacet
  facet normal 0 0 1
    outer loop
      vertex 71.2221825406948 25.2221825406948 2
      vertex 71.2221825406948 26.7778174593052 2
      vertex 71.04737205583712 25.45 2
    endloop
  endfacet
  facet normal 0 0 1
    outer loop
      vertex 70.93748159108202 25.715299050387227 2
      vertex 71.04737205583712 26.55 2
      vertex 70.93748159108202 26.284700949612773 2
    endloop
  endfacet
  facet normal 0 0 1
    outer loop
      vertex 71.04737205583712 25.45 2
      vertex 71.2221825406948 26.7778174593052 2
      vertex 71.04737205583712 26.55 2
    endloop
  endfacet
  facet normal 0 0 1
    outer loop
      vertex 71.2221825406948 25.2221825406948 2
      vertex 71.45 25.04737205583712 2
      vertex 71.45 26.95262794416288 2
    endloop
  endfacet
  facet normal 0 0 1
    outer loop
      vertex 71.45 25.04737205583712 2
      vertex 71.71529905038723 24.937481591082026 2
      vertex 71.71529905038723 27.062518408917974 2
    endloop
  endfacet
  facet normal 0 0 1
    outer loop
      vertex 72 24.9 2
      vertex 72 27.1 2
      vertex 71.71529905038723 24.937481591082026 2
    endloop
  endfacet
  facet normal 0 0 1
    outer loop
      vertex 72 24.9 2
      vertex 72.28470094961277 24.937481591082026 2
      vertex 72.28470094961277 27.062518408917974 2
    endloop
  endfacet
  facet normal 0 0 1
    outer loop
      vertex 72.28470094961277 24.937481591082026 2
      vertex 72.55 25.04737205583712 2
      vertex 72.55 26.95262794416288 2
    endloop
  endfacet
  facet normal 0 0 1
    outer loop
      vertex 72.55 25.04737205583712 2
      vertex 72.7778174593052 25.2221825406948 2
      vertex 72.7778174593052 26.7778174593052 2
    endloop
  endfacet
  facet normal 0 0 1
    outer loop
      vertex 71.2221825406948 25.2221825406948 2
      vertex 71.45 26.95262794416288 2
      vertex 71.2221825406948 26.7778174593052 2
    endloop
  endfacet
  facet normal 0 0 1
    outer loop
      vertex 71.45 25.04737205583712 2
      vertex 71.71529905038723 27.062518408917974 2
      vertex 71.45 26.95262794416288 2
    endloop
  endfacet
  facet normal 0 0 1
    outer loop
      vertex 71.71529905038723 24.937481591082026 2
      vertex 72 27.1 2
      vertex 71.71529905038723 27.062518408917974 2
    endloop
  endfacet
  facet normal 0 0 1
    outer loop
      vertex 72 24.9 2
      vertex 72.28470094961277 27.062518408917974 2
      vertex 72 27.1 2
    endloop
  endfacet
  facet normal 0 0 1
    outer loop
      vertex 72.28470094961277 24.937481591082026 2
      vertex 72.55 26.95262794416288 2
      vertex 72.28470094961277 27.062518408917974 2
    endloop
  endfacet
  facet normal 0 0 1
    outer loop
      vertex 72.55 25.04737205583712 2
      vertex 72.7778174593052 26.7778174593052 2
      vertex 72.55 26.95262794416288 2
    endloop
  endfacet
  facet normal 0 0 1
    outer loop
      vertex 72.7778174593052 25.2221825406948 2
      vertex 72.95262794416288 25.45 2
      vertex 72.95262794416288 26.55 2
    endloop
  endfacet
  facet normal 0 0 1
    outer loop
      vertex 72.95262794416288 25.45 2
      vertex 73.06251840891798 25.715299050387227 2
      vertex 73.06251840891798 26.284700949612773 2
    endloop
  endfacet
  facet normal 0 0 1
    outer loop
      vertex 72.95262794416288 25.45 2
      vertex 73.06251840891798 26.284700949612773 2
      vertex 72.95262794416288 26.55 2
    endloop
  endfacet
  facet normal 0 0 1
    outer loop
      vertex 73.06251840891798 25.715299050387227 2
      vertex 73.1 26 2
      vertex 73.06251840891798 26.284700949612773 2
    endloop
  endfacet
  facet normal 0 0 1
    outer loop
      vertex 72.7778174593052 25.2221825406948 2
      vertex 72.95262794416288 26.55 2
      vertex 72.7778174593052 26.7778174593052 2
    endloop
  endfacet
  facet normal 0.923879532511282 0.3826834323651015 -9.00203250472521e-19
    outer loop
      vertex 71.04737205583712 25.45 2
      vertex 70.93748159108202 25.715299050387227 2
      vertex 70.93748159108202 25.715299050387227 8
    endloop
  endfacet
  facet normal 0.7933533402912205 0.6087614290087398 -1.1232966252726068e-18
    outer loop
      vertex 71.2221825406948 25.2221825406948 2
      vertex 71.04737205583712 25.45 2
      vertex 71.04737205583712 25.45 8
    endloop
  endfacet
  facet normal 0.9914448613738157 0.13052619222001144 0
    outer loop
      vertex 70.9 26 2
      vertex 70.9 26 8
      vertex 70.93748159108202 25.715299050387227 2
    endloop
  endfacet
  facet normal 0.9914448613738157 -0.13052619222001144 -8.023675779223402e-20
    outer loop
      vertex 70.9 26 2
      vertex 70.93748159108202 26.284700949612773 2
      vertex 70.93748159108202 26.284700949612773 8
    endloop
  endfacet
  facet normal 0.923879532511282 -0.3826834323651015 9.00203250472521e-19
    outer loop
      vertex 70.93748159108202 26.284700949612773 2
      vertex 71.04737205583712 26.55 2
      vertex 71.04737205583712 26.55 8
    endloop
  endfacet
  facet normal 0.7933533402912205 -0.6087614290087398 1.1232966252726068e-18
    outer loop
      vertex 71.04737205583712 26.55 2
      vertex 71.2221825406948 26.7778174593052 2
      vertex 71.2221825406948 26.7778174593052 8
    endloop
  endfacet
  facet normal 0.7933533402912205 0.6087614290087398 0
    outer loop
      vertex 71.2221825406948 25.2221825406948 2
      vertex 71.04737205583712 25.45 8
      vertex 71.2221825406948 25.2221825406948 8
    endloop
  endfacet
  facet normal 0.923879532511282 0.3826834323651015 0
    outer loop
      vertex 71.04737205583712 25.45 2
      vertex 70.93748159108202 25.715299050387227 8
      vertex 71.04737205583712 25.45 8
    endloop
  endfacet
  facet normal 0.9914448613738157 0.13052619222001144 0
    outer loop
      vertex 70.93748159108202 25.715299050387227 2
      vertex 70.9 26 8
      vertex 70.93748159108202 25.715299050387227 8
    endloop
  endfacet
  facet normal 0.9914448613738157 -0.13052619222001144 0
    outer loop
      vertex 70.9 26 2
      vertex 70.93748159108202 26.284700949612773 8
      vertex 70.9 26 8
    endloop
  endfacet
  facet normal 0.923879532511282 -0.3826834323651015 0
    outer loop
      vertex 70.93748159108202 26.284700949612773 2
      vertex 71.04737205583712 26.55 8
      vertex 70.93748159108202 26.284700949612773 8
    endloop
  endfacet
  facet normal 0.7933533402912205 -0.6087614290087398 0
    outer loop
      vertex 71.04737205583712 26.55 2
      vertex 71.2221825406948 26.7778174593052 8
      vertex 71.04737205583712 26.55 8
    endloop
  endfacet
  facet normal 0.6087614290087242 0.7933533402912325 0
    outer loop
      vertex 71.2221825406948 25.2221825406948 2
      vertex 71.2221825406948 25.2221825406948 8
      vertex 71.45 25.04737205583712 2
    endloop
  endfacet
  facet normal 0.38268343236509095 0.9238795325112862 0
    outer loop
      vertex 71.45 25.04737205583712 2
      vertex 71.45 25.04737205583712 8
      vertex 71.71529905038723 24.937481591082026 2
    endloop
  endfacet
  facet normal 0.13052619222006168 0.991444861373809 -4.311157126108682e-19
    outer loop
      vertex 72 24.9 2
      vertex 71.71529905038723 24.937481591082026 2
      vertex 71.71529905038723 24.937481591082026 8
    endloop
  endfacet
  facet normal -0.13052619222006168 0.991444861373809 0
    outer loop
      vertex 72 24.9 2
      vertex 72 24.9 8
      vertex 72.28470094961277 24.937481591082026 2
    endloop
  endfacet
  facet normal -0.38268343236509095 0.9238795325112862 0
    outer loop
      vertex 72.28470094961277 24.937481591082026 2
      vertex 72.28470094961277 24.937481591082026 8
      vertex 72.55 25.04737205583712 2
    endloop
  endfacet
  facet normal -0.6087614290087242 0.7933533402912325 0
    outer loop
      vertex 72.55 25.04737205583712 2
      vertex 72.55 25.04737205583712 8
      vertex 72.7778174593052 25.2221825406948 2
    endloop
  endfacet
  facet normal 0.6087614290087242 -0.7933533402912325 -2.4811659920126264e-20
    outer loop
      vertex 71.2221825406948 26.7778174593052 2
      vertex 71.45 26.95262794416288 2
      vertex 71.45 26.95262794416288 8
    endloop
  endfacet
  facet normal 0.38268343236509095 -0.9238795325112862 -4.413603600407103e-19
    outer loop
      vertex 71.45 26.95262794416288 2
      vertex 71.71529905038723 27.062518408917974 2
      vertex 71.71529905038723 27.062518408917974 8
    endloop
  endfacet
  facet normal 0.13052619222006168 -0.991444861373809 4.311157126108682e-19
    outer loop
      vertex 71.71529905038723 27.062518408917974 2
      vertex 72 27.1 2
      vertex 72 27.1 8
    endloop
  endfacet
  facet normal -0.38268343236509095 -0.9238795325112862 4.413603600407103e-19
    outer loop
      vertex 72.28470094961277 27.062518408917974 2
      vertex 72.55 26.95262794416288 2
      vertex 72.55 26.95262794416288 8
    endloop
  endfacet
  facet normal -0.6087614290087242 -0.7933533402912325 0
    outer loop
      vertex 72.7778174593052 26.7778174593052 2
      vertex 72.7778174593052 26.7778174593052 8
      vertex 72.55 26.95262794416288 2
    endloop
  endfacet
  facet normal -0.13052619222006168 -0.991444861373809 -4.311157126108682e-19
    outer loop
      vertex 72 27.1 2
      vertex 72.28470094961277 27.062518408917974 2
      vertex 72.28470094961277 27.062518408917974 8
    endloop
  endfacet
  facet normal -0.7933533402912205 0.6087614290087398 0
    outer loop
      vertex 72.7778174593052 25.2221825406948 2
      vertex 72.7778174593052 25.2221825406948 8
      vertex 72.95262794416288 25.45 2
    endloop
  endfacet
  facet normal -0.923879532511282 0.3826834323651015 0
    outer loop
      vertex 72.95262794416288 25.45 2
      vertex 72.95262794416288 25.45 8
      vertex 73.06251840891798 25.715299050387227 2
    endloop
  endfacet
  facet normal -0.9914448613738157 0.13052619222001144 0
    outer loop
      vertex 73.06251840891798 25.715299050387227 2
      vertex 73.06251840891798 25.715299050387227 8
      vertex 73.1 26 2
    endloop
  endfacet
  facet normal -0.9914448613738157 -0.13052619222001144 0
    outer loop
      vertex 73.1 26 2
      vertex 73.1 26 8
      vertex 73.06251840891798 26.284700949612773 2
    endloop
  endfacet
  facet normal -0.923879532511282 -0.3826834323651015 0
    outer loop
      vertex 73.06251840891798 26.284700949612773 2
      vertex 73.06251840891798 26.284700949612773 8
      vertex 72.95262794416288 26.55 2
    endloop
  endfacet
  facet normal -0.7933533402912205 -0.6087614290087398 -1.1232966252726068e-18
    outer loop
      vertex 72.7778174593052 26.7778174593052 2
      vertex 72.95262794416288 26.55 2
      vertex 72.95262794416288 26.55 8
    endloop
  endfacet
  facet normal 0.6087614290087242 0.7933533402912325 0
    outer loop
      vertex 71.45 25.04737205583712 2
      vertex 71.2221825406948 25.2221825406948 8
      vertex 71.45 25.04737205583712 8
    endloop
  endfacet
  facet normal 0.13052619222006168 0.991444861373809 0
    outer loop
      vertex 72 24.9 2
      vertex 71.71529905038723 24.937481591082026 8
      vertex 72 24.9 8
    endloop
  endfacet
  facet normal 0.38268343236509095 0.9238795325112862 0
    outer loop
      vertex 71.71529905038723 24.937481591082026 2
      vertex 71.45 25.04737205583712 8
      vertex 71.71529905038723 24.937481591082026 8
    endloop
  endfacet
  facet normal -0.13052619222006168 0.991444861373809 0
    outer loop
      vertex 72.28470094961277 24.937481591082026 2
      vertex 72 24.9 8
      vertex 72.28470094961277 24.937481591082026 8
    endloop
  endfacet
  facet normal -0.38268343236509095 0.9238795325112862 0
    outer loop
      vertex 72.55 25.04737205583712 2
      vertex 72.28470094961277 24.937481591082026 8
      vertex 72.55 25.04737205583712 8
    endloop
  endfacet
  facet normal -0.6087614290087242 0.7933533402912325 0
    outer loop
      vertex 72.7778174593052 25.2221825406948 2
      vertex 72.55 25.04737205583712 8
      vertex 72.7778174593052 25.2221825406948 8
    endloop
  endfacet
  facet normal 0.6087614290087242 -0.7933533402912325 0
    outer loop
      vertex 71.2221825406948 26.7778174593052 2
      vertex 71.45 26.95262794416288 8
      vertex 71.2221825406948 26.7778174593052 8
    endloop
  endfacet
  facet normal 0.38268343236509095 -0.9238795325112862 0
    outer loop
      vertex 71.45 26.95262794416288 2
      vertex 71.71529905038723 27.062518408917974 8
      vertex 71.45 26.95262794416288 8
    endloop
  endfacet
  facet normal 0.13052619222006168 -0.991444861373809 0
    outer loop
      vertex 71.71529905038723 27.062518408917974 2
      vertex 72 27.1 8
      vertex 71.71529905038723 27.062518408917974 8
    endloop
  endfacet
  facet normal -0.6087614290087242 -0.7933533402912325 0
    outer loop
      vertex 72.55 26.95262794416288 2
      vertex 72.7778174593052 26.7778174593052 8
      vertex 72.55 26.95262794416288 8
    endloop
  endfacet
  facet normal -0.13052619222006168 -0.991444861373809 0
    outer loop
      vertex 72 27.1 2
      vertex 72.28470094961277 27.062518408917974 8
      vertex 72 27.1 8
    endloop
  endfacet
  facet normal -0.38268343236509095 -0.9238795325112862 0
    outer loop
      vertex 72.28470094961277 27.062518408917974 2
      vertex 72.55 26.95262794416288 8
      vertex 72.28470094961277 27.062518408917974 8
    endloop
  endfacet
  facet normal -0.7933533402912205 0.6087614290087398 0
    outer loop
      vertex 72.95262794416288 25.45 2
      vertex 72.7778174593052 25.2221825406948 8
      vertex 72.95262794416288 25.45 8
    endloop
  endfacet
  facet normal -0.923879532511282 0.3826834323651015 0
    outer loop
      vertex 73.06251840891798 25.715299050387227 2
      vertex 72.95262794416288 25.45 8
      vertex 73.06251840891798 25.715299050387227 8
    endloop
  endfacet
  facet normal -0.9914448613738157 0.13052619222001144 0
    outer loop
      vertex 73.1 26 2
      vertex 73.06251840891798 25.715299050387227 8
      vertex 73.1 26 8
    endloop
  endfacet
  facet normal -0.9914448613738157 -0.13052619222001144 0
    outer loop
      vertex 73.06251840891798 26.284700949612773 2
      vertex 73.1 26 8
      vertex 73.06251840891798 26.284700949612773 8
    endloop
  endfacet
  facet normal -0.923879532511282 -0.3826834323651015 0
    outer loop
      vertex 72.95262794416288 26.55 2
      vertex 73.06251840891798 26.284700949612773 8
      vertex 72.95262794416288 26.55 8
    endloop
  endfacet
  facet normal -0.7933533402912205 -0.6087614290087398 0
    outer loop
      vertex 72.7778174593052 26.7778174593052 2
      vertex 72.95262794416288 26.55 8
      vertex 72.7778174593052 26.7778174593052 8
    endloop
  endfacet
  facet normal 0 0 1
    outer loop
      vertex 70.9 84 2
      vertex 70.93748159108202 83.71529905038723 2
      vertex 70.93748159108202 84.28470094961277 2
    endloop
  endfacet
  facet normal 0 0 1
    outer loop
      vertex 71.04737205583712 83.45 2
      vertex 71.04737205583712 84.55 2
      vertex 70.93748159108202 83.71529905038723 2
    endloop
  endfacet
  facet normal 0 0 1
    outer loop
      vertex 71.2221825406948 83.2221825406948 2
      vertex 71.2221825406948 84.7778174593052 2
      vertex 71.04737205583712 83.45 2
    endloop
  endfacet
  facet normal 0 0 1
    outer loop
      vertex 70.93748159108202 83.71529905038723 2
      vertex 71.04737205583712 84.55 2
      vertex 70.93748159108202 84.28470094961277 2
    endloop
  endfacet
  facet normal 0 0 1
    outer loop
      vertex 71.04737205583712 83.45 2
      vertex 71.2221825406948 84.7778174593052 2
      vertex 71.04737205583712 84.55 2
    endloop
  endfacet
  facet normal 0 0 1
    outer loop
      vertex 71.2221825406948 83.2221825406948 2
      vertex 71.45 83.04737205583712 2
      vertex 71.45 84.95262794416288 2
    endloop
  endfacet
  facet normal 0 0 1
    outer loop
      vertex 71.2221825406948 83.2221825406948 2
      vertex 71.45 84.95262794416288 2
      vertex 71.2221825406948 84.7778174593052 2
    endloop
  endfacet
  facet normal 0 0 1
    outer loop
      vertex 71.45 83.04737205583712 2
      vertex 71.71529905038723 85.06251840891798 2
      vertex 71.45 84.95262794416288 2
    endloop
  endfacet
  facet normal 0 0 1
    outer loop
      vertex 71.45 83.04737205583712 2
      vertex 71.71529905038723 82.93748159108202 2
      vertex 71.71529905038723 85.06251840891798 2
    endloop
  endfacet
  facet normal 0 0 1
    outer loop
      vertex 72 82.9 2
      vertex 72 85.1 2
      vertex 71.71529905038723 82.93748159108202 2
    endloop
  endfacet
  facet normal 0 0 1
    outer loop
      vertex 71.71529905038723 82.93748159108202 2
      vertex 72 85.1 2
      vertex 71.71529905038723 85.06251840891798 2
    endloop
  endfacet
  facet normal 0 0 1
    outer loop
      vertex 72 82.9 2
      vertex 72.28470094961277 82.93748159108202 2
      vertex 72.28470094961277 85.06251840891798 2
    endloop
  endfacet
  facet normal 0 0 1
    outer loop
      vertex 72 82.9 2
      vertex 72.28470094961277 85.06251840891798 2
      vertex 72 85.1 2
    endloop
  endfacet
  facet normal 0 0 1
    outer loop
      vertex 72.28470094961277 82.93748159108202 2
      vertex 72.55 83.04737205583712 2
      vertex 72.55 84.95262794416288 2
    endloop
  endfacet
  facet normal 0 0 1
    outer loop
      vertex 72.55 83.04737205583712 2
      vertex 72.7778174593052 83.2221825406948 2
      vertex 72.7778174593052 84.7778174593052 2
    endloop
  endfacet
  facet normal 0 0 1
    outer loop
      vertex 72.28470094961277 82.93748159108202 2
      vertex 72.55 84.95262794416288 2
      vertex 72.28470094961277 85.06251840891798 2
    endloop
  endfacet
  facet normal 0 0 1
    outer loop
      vertex 72.55 83.04737205583712 2
      vertex 72.7778174593052 84.7778174593052 2
      vertex 72.55 84.95262794416288 2
    endloop
  endfacet
  facet normal 0 0 1
    outer loop
      vertex 72.7778174593052 83.2221825406948 2
      vertex 72.95262794416288 83.45 2
      vertex 72.95262794416288 84.55 2
    endloop
  endfacet
  facet normal 0 0 1
    outer loop
      vertex 72.95262794416288 83.45 2
      vertex 73.06251840891798 83.71529905038723 2
      vertex 73.06251840891798 84.28470094961277 2
    endloop
  endfacet
  facet normal 0 0 1
    outer loop
      vertex 73.06251840891798 83.71529905038723 2
      vertex 73.1 84 2
      vertex 73.06251840891798 84.28470094961277 2
    endloop
  endfacet
  facet normal 0 0 1
    outer loop
      vertex 72.7778174593052 83.2221825406948 2
      vertex 72.95262794416288 84.55 2
      vertex 72.7778174593052 84.7778174593052 2
    endloop
  endfacet
  facet normal 0 0 1
    outer loop
      vertex 72.95262794416288 83.45 2
      vertex 73.06251840891798 84.28470094961277 2
      vertex 72.95262794416288 84.55 2
    endloop
  endfacet
  facet normal 0.7933533402912205 0.6087614290087398 -1.1232966252726068e-18
    outer loop
      vertex 71.2221825406948 83.2221825406948 2
      vertex 71.04737205583712 83.45 2
      vertex 71.04737205583712 83.45 8
    endloop
  endfacet
  facet normal 0.923879532511282 0.3826834323651015 -9.00203250472521e-19
    outer loop
      vertex 71.04737205583712 83.45 2
      vertex 70.93748159108202 83.71529905038723 2
      vertex 70.93748159108202 83.71529905038723 8
    endloop
  endfacet
  facet normal 0.9914448613738155 0.13052619222001305 0
    outer loop
      vertex 70.9 84 2
      vertex 70.9 84 8
      vertex 70.93748159108202 83.71529905038723 2
    endloop
  endfacet
  facet normal 0.9914448613738155 -0.13052619222001305 1.5908958952733476e-19
    outer loop
      vertex 70.9 84 2
      vertex 70.93748159108202 84.28470094961277 2
      vertex 70.93748159108202 84.28470094961277 8
    endloop
  endfacet
  facet normal 0.923879532511282 -0.3826834323651015 9.00203250472521e-19
    outer loop
      vertex 70.93748159108202 84.28470094961277 2
      vertex 71.04737205583712 84.55 2
      vertex 71.04737205583712 84.55 8
    endloop
  endfacet
  facet normal 0.7933533402912205 -0.6087614290087398 1.1232966252726068e-18
    outer loop
      vertex 71.04737205583712 84.55 2
      vertex 71.2221825406948 84.7778174593052 2
      vertex 71.2221825406948 84.7778174593052 8
    endloop
  endfacet
  facet normal 0.923879532511282 0.3826834323651015 0
    outer loop
      vertex 71.04737205583712 83.45 2
      vertex 70.93748159108202 83.71529905038723 8
      vertex 71.04737205583712 83.45 8
    endloop
  endfacet
  facet normal 0.7933533402912205 0.6087614290087398 0
    outer loop
      vertex 71.2221825406948 83.2221825406948 2
      vertex 71.04737205583712 83.45 8
      vertex 71.2221825406948 83.2221825406948 8
    endloop
  endfacet
  facet normal 0.9914448613738155 0.13052619222001305 0
    outer loop
      vertex 70.93748159108202 83.71529905038723 2
      vertex 70.9 84 8
      vertex 70.93748159108202 83.71529905038723 8
    endloop
  endfacet
  facet normal 0.9914448613738155 -0.13052619222001305 0
    outer loop
      vertex 70.9 84 2
      vertex 70.93748159108202 84.28470094961277 8
      vertex 70.9 84 8
    endloop
  endfacet
  facet normal 0.923879532511282 -0.3826834323651015 0
    outer loop
      vertex 70.93748159108202 84.28470094961277 2
      vertex 71.04737205583712 84.55 8
      vertex 70.93748159108202 84.28470094961277 8
    endloop
  endfacet
  facet normal 0.7933533402912205 -0.6087614290087398 0
    outer loop
      vertex 71.04737205583712 84.55 2
      vertex 71.2221825406948 84.7778174593052 8
      vertex 71.04737205583712 84.55 8
    endloop
  endfacet
  facet normal 0.6087614290087398 0.7933533402912205 0
    outer loop
      vertex 71.2221825406948 83.2221825406948 2
      vertex 71.2221825406948 83.2221825406948 8
      vertex 71.45 83.04737205583712 2
    endloop
  endfacet
  facet normal 0.3826834323651015 0.923879532511282 0
    outer loop
      vertex 71.45 83.04737205583712 2
      vertex 71.45 83.04737205583712 8
      vertex 71.71529905038723 82.93748159108202 2
    endloop
  endfacet
  facet normal 0.13052619222001305 0.9914448613738155 -1.5908958952733476e-19
    outer loop
      vertex 72 82.9 2
      vertex 71.71529905038723 82.93748159108202 2
      vertex 71.71529905038723 82.93748159108202 8
    endloop
  endfacet
  facet normal -0.13052619222001305 0.9914448613738155 0
    outer loop
      vertex 72 82.9 2
      vertex 72 82.9 8
      vertex 72.28470094961277 82.93748159108202 2
    endloop
  endfacet
  facet normal -0.3826834323651015 0.923879532511282 0
    outer loop
      vertex 72.28470094961277 82.93748159108202 2
      vertex 72.28470094961277 82.93748159108202 8
      vertex 72.55 83.04737205583712 2
    endloop
  endfacet
  facet normal -0.6087614290087398 0.7933533402912205 0
    outer loop
      vertex 72.55 83.04737205583712 2
      vertex 72.55 83.04737205583712 8
      vertex 72.7778174593052 83.2221825406948 2
    endloop
  endfacet
  facet normal -0.7933533402912205 0.6087614290087398 0
    outer loop
      vertex 72.7778174593052 83.2221825406948 2
      vertex 72.7778174593052 83.2221825406948 8
      vertex 72.95262794416288 83.45 2
    endloop
  endfacet
  facet normal -0.923879532511282 0.3826834323651015 0
    outer loop
      vertex 72.95262794416288 83.45 2
      vertex 72.95262794416288 83.45 8
      vertex 73.06251840891798 83.71529905038723 2
    endloop
  endfacet
  facet normal 0.6087614290087398 -0.7933533402912205 1.1232966252726068e-18
    outer loop
      vertex 71.2221825406948 84.7778174593052 2
      vertex 71.45 84.95262794416288 2
      vertex 71.45 84.95262794416288 8
    endloop
  endfacet
  facet normal 0.3826834323651015 -0.923879532511282 9.00203250472521e-19
    outer loop
      vertex 71.45 84.95262794416288 2
      vertex 71.71529905038723 85.06251840891798 2
      vertex 71.71529905038723 85.06251840891798 8
    endloop
  endfacet
  facet normal 0.13052619222001305 -0.9914448613738155 1.5908958952733476e-19
    outer loop
      vertex 71.71529905038723 85.06251840891798 2
      vertex 72 85.1 2
      vertex 72 85.1 8
    endloop
  endfacet
  facet normal -0.13052619222001305 -0.9914448613738155 -1.5908958952733476e-19
    outer loop
      vertex 72 85.1 2
      vertex 72.28470094961277 85.06251840891798 2
      vertex 72.28470094961277 85.06251840891798 8
    endloop
  endfacet
  facet normal -0.3826834323651015 -0.923879532511282 -9.00203250472521e-19
    outer loop
      vertex 72.28470094961277 85.06251840891798 2
      vertex 72.55 84.95262794416288 2
      vertex 72.55 84.95262794416288 8
    endloop
  endfacet
  facet normal -0.6087614290087398 -0.7933533402912205 0
    outer loop
      vertex 72.7778174593052 84.7778174593052 2
      vertex 72.7778174593052 84.7778174593052 8
      vertex 72.55 84.95262794416288 2
    endloop
  endfacet
  facet normal -0.9914448613738155 0.13052619222001305 0
    outer loop
      vertex 73.06251840891798 83.71529905038723 2
      vertex 73.06251840891798 83.71529905038723 8
      vertex 73.1 84 2
    endloop
  endfacet
  facet normal -0.9914448613738155 -0.13052619222001305 0
    outer loop
      vertex 73.1 84 2
      vertex 73.1 84 8
      vertex 73.06251840891798 84.28470094961277 2
    endloop
  endfacet
  facet normal -0.923879532511282 -0.3826834323651015 0
    outer loop
      vertex 73.06251840891798 84.28470094961277 2
      vertex 73.06251840891798 84.28470094961277 8
      vertex 72.95262794416288 84.55 2
    endloop
  endfacet
  facet normal -0.7933533402912205 -0.6087614290087398 -1.1232966252726068e-18
    outer loop
      vertex 72.7778174593052 84.7778174593052 2
      vertex 72.95262794416288 84.55 2
      vertex 72.95262794416288 84.55 8
    endloop
  endfacet
  facet normal 0.6087614290087398 0.7933533402912205 0
    outer loop
      vertex 71.45 83.04737205583712 2
      vertex 71.2221825406948 83.2221825406948 8
      vertex 71.45 83.04737205583712 8
    endloop
  endfacet
  facet normal 0.3826834323651015 0.923879532511282 0
    outer loop
      vertex 71.71529905038723 82.93748159108202 2
      vertex 71.45 83.04737205583712 8
      vertex 71.71529905038723 82.93748159108202 8
    endloop
  endfacet
  facet normal 0.13052619222001305 0.9914448613738155 0
    outer loop
      vertex 72 82.9 2
      vertex 71.71529905038723 82.93748159108202 8
      vertex 72 82.9 8
    endloop
  endfacet
  facet normal -0.13052619222001305 0.9914448613738155 0
    outer loop
      vertex 72.28470094961277 82.93748159108202 2
      vertex 72 82.9 8
      vertex 72.28470094961277 82.93748159108202 8
    endloop
  endfacet
  facet normal -0.3826834323651015 0.923879532511282 0
    outer loop
      vertex 72.55 83.04737205583712 2
      vertex 72.28470094961277 82.93748159108202 8
      vertex 72.55 83.04737205583712 8
    endloop
  endfacet
  facet normal -0.6087614290087398 0.7933533402912205 0
    outer loop
      vertex 72.7778174593052 83.2221825406948 2
      vertex 72.55 83.04737205583712 8
      vertex 72.7778174593052 83.2221825406948 8
    endloop
  endfacet
  facet normal -0.7933533402912205 0.6087614290087398 0
    outer loop
      vertex 72.95262794416288 83.45 2
      vertex 72.7778174593052 83.2221825406948 8
      vertex 72.95262794416288 83.45 8
    endloop
  endfacet
  facet normal 0.6087614290087398 -0.7933533402912205 0
    outer loop
      vertex 71.2221825406948 84.7778174593052 2
      vertex 71.45 84.95262794416288 8
      vertex 71.2221825406948 84.7778174593052 8
    endloop
  endfacet
  facet normal 0.3826834323651015 -0.923879532511282 0
    outer loop
      vertex 71.45 84.95262794416288 2
      vertex 71.71529905038723 85.06251840891798 8
      vertex 71.45 84.95262794416288 8
    endloop
  endfacet
  facet normal 0.13052619222001305 -0.9914448613738155 0
    outer loop
      vertex 71.71529905038723 85.06251840891798 2
      vertex 72 85.1 8
      vertex 71.71529905038723 85.06251840891798 8
    endloop
  endfacet
  facet normal -0.13052619222001305 -0.9914448613738155 0
    outer loop
      vertex 72 85.1 2
      vertex 72.28470094961277 85.06251840891798 8
      vertex 72 85.1 8
    endloop
  endfacet
  facet normal -0.3826834323651015 -0.923879532511282 0
    outer loop
      vertex 72.28470094961277 85.06251840891798 2
      vertex 72.55 84.95262794416288 8
      vertex 72.28470094961277 85.06251840891798 8
    endloop
  endfacet
  facet normal -0.6087614290087398 -0.7933533402912205 0
    outer loop
      vertex 72.55 84.95262794416288 2
      vertex 72.7778174593052 84.7778174593052 8
      vertex 72.55 84.95262794416288 8
    endloop
  endfacet
  facet normal -0.923879532511282 0.3826834323651015 0
    outer loop
      vertex 73.06251840891798 83.71529905038723 2
      vertex 72.95262794416288 83.45 8
      vertex 73.06251840891798 83.71529905038723 8
    endloop
  endfacet
  facet normal -0.9914448613738155 0.13052619222001305 0
    outer loop
      vertex 73.1 84 2
      vertex 73.06251840891798 83.71529905038723 8
      vertex 73.1 84 8
    endloop
  endfacet
  facet normal -0.9914448613738155 -0.13052619222001305 0
    outer loop
      vertex 73.06251840891798 84.28470094961277 2
      vertex 73.1 84 8
      vertex 73.06251840891798 84.28470094961277 8
    endloop
  endfacet
  facet normal -0.7933533402912205 -0.6087614290087398 0
    outer loop
      vertex 72.7778174593052 84.7778174593052 2
      vertex 72.95262794416288 84.55 8
      vertex 72.7778174593052 84.7778174593052 8
    endloop
  endfacet
  facet normal -0.923879532511282 -0.3826834323651015 0
    outer loop
      vertex 72.95262794416288 84.55 2
      vertex 73.06251840891798 84.28470094961277 8
      vertex 72.95262794416288 84.55 8
    endloop
  endfacet
  facet normal 1 0 0
    outer loop
      vertex 39.5 8 1.5
      vertex 39.5 5.3 0
      vertex 39.5 8 0
    endloop
  endfacet
  facet normal -1 0 0
    outer loop
      vertex 40.5 5.3 1.5
      vertex 40.5 8 0
      vertex 40.5 5.3 0
    endloop
  endfacet
  facet normal 1 0 0
    outer loop
      vertex 39.5 5.3 1.5
      vertex 39.5 5.3 0
      vertex 39.5 8 1.5
    endloop
  endfacet
  facet normal -1 0 0
    outer loop
      vertex 40.5 5.3 1.5
      vertex 40.5 8 1.5
      vertex 40.5 8 0
    endloop
  endfacet
  facet normal -1 0 0
    outer loop
      vertex 40.5 -0.1 1.5
      vertex 40.5 -0.1 3
      vertex 40.5 0 3
    endloop
  endfacet
  facet normal 1 0 0
    outer loop
      vertex 39.5 5.3 1.5
      vertex 39.5 0 3
      vertex 39.5 0 1.5
    endloop
  endfacet
  facet normal -1 0 0
    outer loop
      vertex 40.5 -0.1 1.5
      vertex 40.5 0 3
      vertex 40.5 5.3 1.5
    endloop
  endfacet
  facet normal -1 0 0
    outer loop
      vertex 40.5 5.3 1.5
      vertex 40.5 0 3
      vertex 40.5 8 1.5
    endloop
  endfacet
  facet normal 1 0 0
    outer loop
      vertex 39.5 5.3 1.5
      vertex 39.5 8 1.5
      vertex 39.5 30 3
    endloop
  endfacet
  facet normal -1 0 0
    outer loop
      vertex 40.5 8 1.5
      vertex 40.5 0 3
      vertex 40.5 30 1.5
    endloop
  endfacet
  facet normal 1 0 0
    outer loop
      vertex 39.5 5.3 1.5
      vertex 39.5 30 3
      vertex 39.5 0 3
    endloop
  endfacet
  facet normal -1 0 0
    outer loop
      vertex 40.5 30 1.5
      vertex 40.5 0 3
      vertex 40.5 30 3
    endloop
  endfacet
  facet normal 1 0 0
    outer loop
      vertex 39.5 8 1.5
      vertex 39.5 30 1.5
      vertex 39.5 30 3
    endloop
  endfacet
  facet normal 0 -1 0
    outer loop
      vertex 39.5 30 1.5
      vertex 40.5 30 1.5
      vertex 40.5 30 3
    endloop
  endfacet
  facet normal 0 -1 0
    outer loop
      vertex 39.5 30 1.5
      vertex 40.5 30 3
      vertex 39.5 30 3
    endloop
  endfacet
  facet normal 1 0 0
    outer loop
      vertex 54.5 8 1.5
      vertex 54.5 5.3 0
      vertex 54.5 8 0
    endloop
  endfacet
  facet normal -1 0 0
    outer loop
      vertex 55.5 5.3 1.5
      vertex 55.5 8 0
      vertex 55.5 5.3 0
    endloop
  endfacet
  facet normal 1 0 0
    outer loop
      vertex 54.5 5.3 1.5
      vertex 54.5 5.3 0
      vertex 54.5 8 1.5
    endloop
  endfacet
  facet normal -1 0 0
    outer loop
      vertex 55.5 5.3 1.5
      vertex 55.5 8 1.5
      vertex 55.5 8 0
    endloop
  endfacet
  facet normal 1 0 0
    outer loop
      vertex 54.5 -0.1 1.5
      vertex 54.5 0 3
      vertex 54.5 -0.1 3
    endloop
  endfacet
  facet normal -1 0 0
    outer loop
      vertex 55.5 5.3 1.5
      vertex 55.5 0 1.5
      vertex 55.5 0 3
    endloop
  endfacet
  facet normal -1 0 0
    outer loop
      vertex 55.5 5.3 1.5
      vertex 55.5 0 3
      vertex 55.5 8 1.5
    endloop
  endfacet
  facet normal 1 0 0
    outer loop
      vertex 54.5 -0.1 1.5
      vertex 54.5 5.3 1.5
      vertex 54.5 30 3
    endloop
  endfacet
  facet normal 1 0 0
    outer loop
      vertex 54.5 5.3 1.5
      vertex 54.5 8 1.5
      vertex 54.5 30 3
    endloop
  endfacet
  facet normal -1 0 0
    outer loop
      vertex 55.5 8 1.5
      vertex 55.5 0 3
      vertex 55.5 30 1.5
    endloop
  endfacet
  facet normal 1 0 0
    outer loop
      vertex 54.5 -0.1 1.5
      vertex 54.5 30 3
      vertex 54.5 0 3
    endloop
  endfacet
  facet normal -1 0 0
    outer loop
      vertex 55.5 30 1.5
      vertex 55.5 0 3
      vertex 55.5 30 3
    endloop
  endfacet
  facet normal 1 0 0
    outer loop
      vertex 54.5 8 1.5
      vertex 54.5 30 1.5
      vertex 54.5 30 3
    endloop
  endfacet
  facet normal 0 -1 0
    outer loop
      vertex 54.5 30 1.5
      vertex 55.5 30 1.5
      vertex 55.5 30 3
    endloop
  endfacet
  facet normal 0 -1 0
    outer loop
      vertex 54.5 30 1.5
      vertex 55.5 30 3
      vertex 54.5 30 3
    endloop
  endfacet
  facet normal -0.7071067811865476 0.7071067811865476 0
    outer loop
      vertex 0 94 0
      vertex 0 94 3
      vertex 6 100 0
    endloop
  endfacet
  facet normal -0.7071067811865476 0.7071067811865476 0
    outer loop
      vertex 6 100 3
      vertex 6 100 0
      vertex 0 94 3
    endloop
  endfacet
  facet normal 0.7071067811865476 0.7071067811865476 0
    outer loop
      vertex 89 100 0
      vertex 89 100 3
      vertex 95 94 0
    endloop
  endfacet
  facet normal 0.7071067811865476 0.7071067811865476 0
    outer loop
      vertex 95 94 0
      vertex 89 100 3
      vertex 95 94 3
    endloop
  endfacet
  facet normal 1 0 0
    outer loop
      vertex 39.5 5.3 1.5
      vertex 39.5 0 0
      vertex 39.5 5.3 0
    endloop
  endfacet
  facet normal 1 0 0
    outer loop
      vertex 39.5 5.3 1.5
      vertex 39.5 0 1.5
      vertex 39.5 0 0
    endloop
  endfacet
  facet normal 0 1 0
    outer loop
      vertex 40.5 -2.3 0
      vertex 40.5 -2.3 1.5
      vertex 54.5 -2.3 1.5
    endloop
  endfacet
  facet normal 0 0 -1
    outer loop
      vertex 40.5 -0.1 1.5
      vertex 54.5 -0.1 1.5
      vertex 40.5 -2.3 1.5
    endloop
  endfacet
  facet normal 0 -1 0
    outer loop
      vertex 40.5 5.3 1.5
      vertex 40.5 5.3 0
      vertex 54.5 5.3 1.5
    endloop
  endfacet
  facet normal 0 0 -1
    outer loop
      vertex 40.5 -0.1 1.5
      vertex 40.5 5.3 1.5
      vertex 54.5 5.3 1.5
    endloop
  endfacet
  facet normal 0 1 0
    outer loop
      vertex 54.5 -2.3 0
      vertex 40.5 -2.3 0
      vertex 54.5 -2.3 1.5
    endloop
  endfacet
  facet normal 0 -1 0
    outer loop
      vertex 54.5 5.3 1.5
      vertex 40.5 5.3 0
      vertex 54.5 5.3 0
    endloop
  endfacet
  facet normal -1 0 0
    outer loop
      vertex 55.5 5.3 1.5
      vertex 55.5 5.3 0
      vertex 55.5 0 0
    endloop
  endfacet
  facet normal 0 0 -1
    outer loop
      vertex 40.5 -2.3 1.5
      vertex 54.5 -0.1 1.5
      vertex 54.5 -2.3 1.5
    endloop
  endfacet
  facet normal 0 0 -1
    outer loop
      vertex 40.5 -0.1 1.5
      vertex 54.5 5.3 1.5
      vertex 54.5 -0.1 1.5
    endloop
  endfacet
  facet normal -1 0 0
    outer loop
      vertex 55.5 5.3 1.5
      vertex 55.5 0 0
      vertex 55.5 0 1.5
    endloop
  endfacet
  facet normal 0 1 0
    outer loop
      vertex 40.5 8 1.5
      vertex 54.5 8 0
      vertex 40.5 8 0
    endloop
  endfacet
  facet normal 1 0 0
    outer loop
      vertex 39.5 8 1.5
      vertex 39.5 8 0
      vertex 39.5 30 1.5
    endloop
  endfacet
  facet normal 0 0 -1
    outer loop
      vertex 40.5 8 1.5
      vertex 40.5 30 1.5
      vertex 54.5 30 1.5
    endloop
  endfacet
  facet normal 1 0 0
    outer loop
      vertex 39.5 30 1.5
      vertex 39.5 8 0
      vertex 39.5 100 0
    endloop
  endfacet
  facet normal 0 0 -1
    outer loop
      vertex 39.5 30 1.5
      vertex 39.5 100 1.5
      vertex 40.5 30 1.5
    endloop
  endfacet
  facet normal 0 0 -1
    outer loop
      vertex 40.5 30 1.5
      vertex 39.5 100 1.5
      vertex 54.5 30 1.5
    endloop
  endfacet
  facet normal 1 0 0
    outer loop
      vertex 39.5 30 1.5
      vertex 39.5 100 0
      vertex 39.5 100 1.5
    endloop
  endfacet
  facet normal 0 1 0
    outer loop
      vertex 40.5 8 1.5
      vertex 54.5 8 1.5
      vertex 54.5 8 0
    endloop
  endfacet
  facet normal 0 0 -1
    outer loop
      vertex 40.5 8 1.5
      vertex 54.5 30 1.5
      vertex 54.5 8 1.5
    endloop
  endfacet
  facet normal -1 0 0
    outer loop
      vertex 55.5 8 1.5
      vertex 55.5 100 0
      vertex 55.5 8 0
    endloop
  endfacet
  facet normal -1 0 0
    outer loop
      vertex 55.5 8 1.5
      vertex 55.5 30 1.5
      vertex 55.5 100 0
    endloop
  endfacet
  facet normal 0 0 -1
    outer loop
      vertex 54.5 30 1.5
      vertex 39.5 100 1.5
      vertex 55.5 30 1.5
    endloop
  endfacet
  facet normal 0 0 -1
    outer loop
      vertex 55.5 30 1.5
      vertex 39.5 100 1.5
      vertex 55.5 100 1.5
    endloop
  endfacet
  facet normal -1 0 0
    outer loop
      vertex 55.5 30 1.5
      vertex 55.5 100 1.5
      vertex 55.5 100 0
    endloop
  endfacet
endsolid OpenSCAD_Model
