solid OpenSCAD_Model
  facet normal -0.9978589232386036 0.06540312923014313 0
    outer loop
      vertex -2.5 0 6.799999997019768
      vertex -2.478612153434526 0.32631548055012893 3
      vertex -2.5 0 3
    endloop
  endfacet
  facet normal -0.9978589232386036 0.06540312923014313 0
    outer loop
      vertex -2.478612153434526 0.32631548055012893 3
      vertex -2.5 0 6.799999997019768
      vertex -2.478612153434526 0.32631548055012893 6.799999997019768
    endloop
  endfacet
  facet normal 0 0 1
    outer loop
      vertex -2.5 0 3
      vertex -4.4615018761821466 0.5873678649902321 3
      vertex -4.5 0 3
    endloop
  endfacet
  facet normal 0 0 1
    outer loop
      vertex -4.4615018761821466 0.5873678649902321 3
      vertex -2.5 0 3
      vertex -2.478612153434526 0.32631548055012893 3
    endloop
  endfacet
  facet normal -0.9978589232386035 0.06540312923014358 0
    outer loop
      vertex -4.5 0 3
      vertex -4.4615018761821466 0.5873678649902321 1.5
      vertex -4.5 0 1.5
    endloop
  endfacet
  facet normal -0.9978589232386035 0.06540312923014358 0
    outer loop
      vertex -4.4615018761821466 0.5873678649902321 1.5
      vertex -4.5 0 3
      vertex -4.4615018761821466 0.5873678649902321 3
    endloop
  endfacet
  facet normal -0.7063485793639779 0.04629653184613959 -0.7063485793639779
    outer loop
      vertex -4.5 0 1.5
      vertex -2.974334584121431 0.3915785766601547 0
      vertex -3 0 0
    endloop
  endfacet
  facet normal -0.7063485793639779 0.0462965318461396 -0.7063485793639779
    outer loop
      vertex -2.974334584121431 0.3915785766601547 0
      vertex -4.5 0 1.5
      vertex -4.4615018761821466 0.5873678649902321 1.5
    endloop
  endfacet
  facet normal 0 0 0
    outer loop
      vertex -3 0 0
      vertex 0 0 0
      vertex 0 0 0
    endloop
  endfacet
  facet normal 0 0 -1
    outer loop
      vertex 0 0 0
      vertex -3 0 0
      vertex -2.974334584121431 0.3915785766601547 0
    endloop
  endfacet
  facet normal 0 0 0
    outer loop
      vertex 0 0 0
      vertex 0 0 8.5
      vertex 0 0 8.5
    endloop
  endfacet
  facet normal 0 0 0
    outer loop
      vertex 0 0 8.5
      vertex 0 0 0
      vertex 0 0 0
    endloop
  endfacet
  facet normal 0 0 1
    outer loop
      vertex 0 0 8.5
      vertex -0.7931558861443123 0.1044209533870429 8.5
      vertex -0.7999999970197678 0 8.5
    endloop
  endfacet
  facet normal 0 0 1
    outer loop
      vertex -0.7931558861443123 0.1044209533870429 8.5
      vertex 0 0 8.5
      vertex 0 0 8.5
    endloop
  endfacet
  facet normal -0.7063485793639779 0.04629653184613928 0.7063485793639779
    outer loop
      vertex -0.7999999970197678 0 8.5
      vertex -2.478612153434526 0.32631548055012893 6.799999997019768
      vertex -2.5 0 6.799999997019768
    endloop
  endfacet
  facet normal -0.7063485793639777 0.046296531846140465 0.7063485793639779
    outer loop
      vertex -2.478612153434526 0.32631548055012893 6.799999997019768
      vertex -0.7999999970197678 0 8.5
      vertex -0.7931558861443123 0.1044209533870429 8.5
    endloop
  endfacet
  facet normal -0.9807852804032305 0.19509032201612822 0
    outer loop
      vertex -2.478612153434526 0.32631548055012893 6.799999997019768
      vertex -2.4148145657226707 0.6470476127563018 3
      vertex -2.478612153434526 0.32631548055012893 3
    endloop
  endfacet
  facet normal -0.9807852804032305 0.19509032201612822 0
    outer loop
      vertex -2.4148145657226707 0.6470476127563018 3
      vertex -2.478612153434526 0.32631548055012893 6.799999997019768
      vertex -2.4148145657226707 0.6470476127563018 6.799999997019768
    endloop
  endfacet
  facet normal 0 0 1
    outer loop
      vertex -2.478612153434526 0.32631548055012893 3
      vertex -4.346666218300808 1.1646857029613433 3
      vertex -4.4615018761821466 0.5873678649902321 3
    endloop
  endfacet
  facet normal 0 0 1
    outer loop
      vertex -4.346666218300808 1.1646857029613433 3
      vertex -2.478612153434526 0.32631548055012893 3
      vertex -2.4148145657226707 0.6470476127563018 3
    endloop
  endfacet
  facet normal -0.9807852804032305 0.1950903220161273 0
    outer loop
      vertex -4.4615018761821466 0.5873678649902321 3
      vertex -4.346666218300808 1.1646857029613433 1.5
      vertex -4.4615018761821466 0.5873678649902321 1.5
    endloop
  endfacet
  facet normal -0.9807852804032305 0.1950903220161273 0
    outer loop
      vertex -4.346666218300808 1.1646857029613433 1.5
      vertex -4.4615018761821466 0.5873678649902321 3
      vertex -4.346666218300808 1.1646857029613433 3
    endloop
  endfacet
  facet normal -0.6942627593342361 0.13809744904270596 -0.7063485793639779
    outer loop
      vertex -4.4615018761821466 0.5873678649902321 1.5
      vertex -2.897777478867205 0.7764571353075622 0
      vertex -2.974334584121431 0.3915785766601547 0
    endloop
  endfacet
  facet normal -0.6942627593342361 0.138097449042706 -0.7063485793639778
    outer loop
      vertex -2.897777478867205 0.7764571353075622 0
      vertex -4.4615018761821466 0.5873678649902321 1.5
      vertex -4.346666218300808 1.1646857029613433 1.5
    endloop
  endfacet
  facet normal 0 0 -1
    outer loop
      vertex -2.974334584121431 0.3915785766601547 0
      vertex 0 0 0
      vertex 0 0 0
    endloop
  endfacet
  facet normal 0 0 -1
    outer loop
      vertex 0 0 0
      vertex -2.974334584121431 0.3915785766601547 0
      vertex -2.897777478867205 0.7764571353075622 0
    endloop
  endfacet
  facet normal 0 0 0
    outer loop
      vertex 0 0 0
      vertex 0 0 8.5
      vertex 0 0 8.5
    endloop
  endfacet
  facet normal 0 0 0
    outer loop
      vertex 0 0 8.5
      vertex 0 0 0
      vertex 0 0 0
    endloop
  endfacet
  facet normal 0 0 1
    outer loop
      vertex 0 0 8.5
      vertex -0.7727406581525713 0.20705523531067574 8.5
      vertex -0.7931558861443123 0.1044209533870429 8.5
    endloop
  endfacet
  facet normal 0 0 1
    outer loop
      vertex -0.7727406581525713 0.20705523531067574 8.5
      vertex 0 0 8.5
      vertex 0 0 8.5
    endloop
  endfacet
  facet normal -0.6942627593342361 0.13809744904270677 0.706348579363978
    outer loop
      vertex -0.7931558861443123 0.1044209533870429 8.5
      vertex -2.4148145657226707 0.6470476127563018 6.799999997019768
      vertex -2.478612153434526 0.32631548055012893 6.799999997019768
    endloop
  endfacet
  facet normal -0.6942627593342361 0.13809744904270618 0.7063485793639778
    outer loop
      vertex -2.4148145657226707 0.6470476127563018 6.799999997019768
      vertex -0.7931558861443123 0.1044209533870429 8.5
      vertex -0.7727406581525713 0.20705523531067574 8.5
    endloop
  endfacet
  facet normal -0.9469301294951057 0.32143946530316136 0
    outer loop
      vertex -2.4148145657226707 0.6470476127563018 6.799999997019768
      vertex -2.309698831278217 0.9567085809127245 3
      vertex -2.4148145657226707 0.6470476127563018 3
    endloop
  endfacet
  facet normal -0.9469301294951057 0.32143946530316136 0
    outer loop
      vertex -2.309698831278217 0.9567085809127245 3
      vertex -2.4148145657226707 0.6470476127563018 6.799999997019768
      vertex -2.309698831278217 0.9567085809127245 6.799999997019768
    endloop
  endfacet
  facet normal 0 0 1
    outer loop
      vertex -2.4148145657226707 0.6470476127563018 3
      vertex -4.15745789630079 1.722075445642904 3
      vertex -4.346666218300808 1.1646857029613433 3
    endloop
  endfacet
  facet normal 0 0 1
    outer loop
      vertex -4.15745789630079 1.722075445642904 3
      vertex -2.4148145657226707 0.6470476127563018 3
      vertex -2.309698831278217 0.9567085809127245 3
    endloop
  endfacet
  facet normal -0.9469301294951054 0.3214394653031626 0
    outer loop
      vertex -4.346666218300808 1.1646857029613433 3
      vertex -4.15745789630079 1.722075445642904 1.5
      vertex -4.346666218300808 1.1646857029613433 1.5
    endloop
  endfacet
  facet normal -0.9469301294951054 0.3214394653031626 0
    outer loop
      vertex -4.15745789630079 1.722075445642904 1.5
      vertex -4.346666218300808 1.1646857029613433 3
      vertex -4.15745789630079 1.722075445642904 3
    endloop
  endfacet
  facet normal -0.6702979110062833 0.22753548059830775 -0.7063485793639778
    outer loop
      vertex -4.346666218300808 1.1646857029613433 1.5
      vertex -2.77163859753386 1.1480502970952693 0
      vertex -2.897777478867205 0.7764571353075622 0
    endloop
  endfacet
  facet normal -0.6702979110062833 0.22753548059830775 -0.7063485793639778
    outer loop
      vertex -2.77163859753386 1.1480502970952693 0
      vertex -4.346666218300808 1.1646857029613433 1.5
      vertex -4.15745789630079 1.722075445642904 1.5
    endloop
  endfacet
  facet normal 0 0 1
    outer loop
      vertex -2.897777478867205 0.7764571353075622 0
      vertex 0 0 0
      vertex 0 0 0
    endloop
  endfacet
  facet normal 0 0 -1
    outer loop
      vertex 0 0 0
      vertex -2.897777478867205 0.7764571353075622 0
      vertex -2.77163859753386 1.1480502970952693 0
    endloop
  endfacet
  facet normal 0 0 0
    outer loop
      vertex 0 0 0
      vertex 0 0 8.5
      vertex 0 0 8.5
    endloop
  endfacet
  facet normal 0 0 0
    outer loop
      vertex 0 0 8.5
      vertex 0 0 0
      vertex 0 0 0
    endloop
  endfacet
  facet normal 0 0 1
    outer loop
      vertex 0 0 8.5
      vertex -0.7391036232556538 0.3061467447515863 8.5
      vertex -0.7727406581525713 0.20705523531067574 8.5
    endloop
  endfacet
  facet normal 0 0 1
    outer loop
      vertex -0.7391036232556538 0.3061467447515863 8.5
      vertex 0 0 8.5
      vertex 0 0 8.5
    endloop
  endfacet
  facet normal -0.6702979110062836 0.22753548059830703 0.7063485793639779
    outer loop
      vertex -0.7727406581525713 0.20705523531067574 8.5
      vertex -2.309698831278217 0.9567085809127245 6.799999997019768
      vertex -2.4148145657226707 0.6470476127563018 6.799999997019768
    endloop
  endfacet
  facet normal -0.6702979110062834 0.2275354805983074 0.7063485793639779
    outer loop
      vertex -2.309698831278217 0.9567085809127245 6.799999997019768
      vertex -0.7727406581525713 0.20705523531067574 8.5
      vertex -0.7391036232556538 0.3061467447515863 8.5
    endloop
  endfacet
  facet normal -0.8968727415326878 0.4422886902190021 0
    outer loop
      vertex -2.309698831278217 0.9567085809127245 6.799999997019768
      vertex -2.1650635094610964 1.25 3
      vertex -2.309698831278217 0.9567085809127245 3
    endloop
  endfacet
  facet normal -0.8968727415326878 0.4422886902190021 0
    outer loop
      vertex -2.1650635094610964 1.25 3
      vertex -2.309698831278217 0.9567085809127245 6.799999997019768
      vertex -2.1650635094610964 1.25 6.799999997019768
    endloop
  endfacet
  facet normal 0 0 1
    outer loop
      vertex -2.309698831278217 0.9567085809127245 3
      vertex -3.8971143170299736 2.25 3
      vertex -4.15745789630079 1.722075445642904 3
    endloop
  endfacet
  facet normal 0 0 1
    outer loop
      vertex -3.8971143170299736 2.25 3
      vertex -2.309698831278217 0.9567085809127245 3
      vertex -2.1650635094610964 1.25 3
    endloop
  endfacet
  facet normal -0.8968727415326884 0.4422886902190012 0
    outer loop
      vertex -4.15745789630079 1.722075445642904 3
      vertex -3.8971143170299736 2.25 1.5
      vertex -4.15745789630079 1.722075445642904 1.5
    endloop
  endfacet
  facet normal -0.8968727415326884 0.4422886902190012 0
    outer loop
      vertex -3.8971143170299736 2.25 1.5
      vertex -4.15745789630079 1.722075445642904 3
      vertex -3.8971143170299736 2.25 3
    endloop
  endfacet
  facet normal -0.6348640795793233 0.31308031699611655 -0.7063485793639778
    outer loop
      vertex -4.15745789630079 1.722075445642904 1.5
      vertex -2.598076211353316 1.5 0
      vertex -2.77163859753386 1.1480502970952693 0
    endloop
  endfacet
  facet normal -0.6348640795793233 0.31308031699611705 -0.7063485793639778
    outer loop
      vertex -2.598076211353316 1.5 0
      vertex -4.15745789630079 1.722075445642904 1.5
      vertex -3.8971143170299736 2.25 1.5
    endloop
  endfacet
  facet normal 0 0 -1
    outer loop
      vertex -2.77163859753386 1.1480502970952693 0
      vertex 0 0 0
      vertex 0 0 0
    endloop
  endfacet
  facet normal 0 0 -1
    outer loop
      vertex 0 0 0
      vertex -2.77163859753386 1.1480502970952693 0
      vertex -2.598076211353316 1.5 0
    endloop
  endfacet
  facet normal 0 0 0
    outer loop
      vertex 0 0 0
      vertex 0 0 8.5
      vertex 0 0 8.5
    endloop
  endfacet
  facet normal 0 0 0
    outer loop
      vertex 0 0 8.5
      vertex 0 0 0
      vertex 0 0 0
    endloop
  endfacet
  facet normal 0 0 1
    outer loop
      vertex 0 0 8.5
      vertex -0.692820320446594 0.3999999985098839 8.5
      vertex -0.7391036232556538 0.3061467447515863 8.5
    endloop
  endfacet
  facet normal 0 0 1
    outer loop
      vertex -0.692820320446594 0.3999999985098839 8.5
      vertex 0 0 8.5
      vertex 0 0 8.5
    endloop
  endfacet
  facet normal -0.6348640795793228 0.3130803169961176 0.706348579363978
    outer loop
      vertex -0.7391036232556538 0.3061467447515863 8.5
      vertex -2.1650635094610964 1.25 6.799999997019768
      vertex -2.309698831278217 0.9567085809127245 6.799999997019768
    endloop
  endfacet
  facet normal -0.634864079579323 0.31308031699611766 0.7063485793639778
    outer loop
      vertex -2.1650635094610964 1.25 6.799999997019768
      vertex -0.7391036232556538 0.3061467447515863 8.5
      vertex -0.692820320446594 0.3999999985098839 8.5
    endloop
  endfacet
  facet normal -0.8314696123025453 0.555570233019602 0
    outer loop
      vertex -2.1650635094610964 1.25 6.799999997019768
      vertex -1.9833833507280878 1.5219035725218015 3
      vertex -2.1650635094610964 1.25 3
    endloop
  endfacet
  facet normal -0.8314696123025453 0.555570233019602 0
    outer loop
      vertex -1.9833833507280878 1.5219035725218015 3
      vertex -2.1650635094610964 1.25 6.799999997019768
      vertex -1.9833833507280878 1.5219035725218015 6.799999997019768
    endloop
  endfacet
  facet normal 0 0 1
    outer loop
      vertex -2.1650635094610964 1.25 3
      vertex -3.570090031310558 2.739426430539243 3
      vertex -3.8971143170299736 2.25 3
    endloop
  endfacet
  facet normal 0 0 1
    outer loop
      vertex -3.570090031310558 2.739426430539243 3
      vertex -2.1650635094610964 1.25 3
      vertex -1.9833833507280878 1.5219035725218015 3
    endloop
  endfacet
  facet normal -0.8314696123025455 0.555570233019602 0
    outer loop
      vertex -3.8971143170299736 2.25 3
      vertex -3.570090031310558 2.739426430539243 1.5
      vertex -3.8971143170299736 2.25 1.5
    endloop
  endfacet
  facet normal -0.8314696123025455 0.555570233019602 0
    outer loop
      vertex -3.570090031310558 2.739426430539243 1.5
      vertex -3.8971143170299736 2.25 3
      vertex -3.570090031310558 2.739426430539243 3
    endloop
  endfacet
  facet normal -0.5885675477331841 0.39326826236786083 -0.7063485793639777
    outer loop
      vertex -3.8971143170299736 2.25 1.5
      vertex -2.3800600208737057 1.826284287026162 0
      vertex -2.598076211353316 1.5 0
    endloop
  endfacet
  facet normal -0.588567547733184 0.39326826236786083 -0.7063485793639778
    outer loop
      vertex -2.3800600208737057 1.826284287026162 0
      vertex -3.8971143170299736 2.25 1.5
      vertex -3.570090031310558 2.739426430539243 1.5
    endloop
  endfacet
  facet normal 0 0 0
    outer loop
      vertex -2.598076211353316 1.5 0
      vertex 0 0 0
      vertex 0 0 0
    endloop
  endfacet
  facet normal 0 0 -1
    outer loop
      vertex 0 0 0
      vertex -2.598076211353316 1.5 0
      vertex -2.3800600208737057 1.826284287026162 0
    endloop
  endfacet
  facet normal 0 0 0
    outer loop
      vertex 0 0 0
      vertex 0 0 8.5
      vertex 0 0 8.5
    endloop
  endfacet
  facet normal 0 0 0
    outer loop
      vertex 0 0 8.5
      vertex 0 0 0
      vertex 0 0 0
    endloop
  endfacet
  facet normal 0 0 1
    outer loop
      vertex 0 0 8.5
      vertex -0.6346826698686109 0.4870091413927261 8.5
      vertex -0.692820320446594 0.3999999985098839 8.5
    endloop
  endfacet
  facet normal 0 0 -1
    outer loop
      vertex -0.6346826698686109 0.4870091413927261 8.5
      vertex 0 0 8.5
      vertex 0 0 8.5
    endloop
  endfacet
  facet normal -0.5885675477331841 0.39326826236786055 0.7063485793639778
    outer loop
      vertex -0.692820320446594 0.3999999985098839 8.5
      vertex -1.9833833507280878 1.5219035725218015 6.799999997019768
      vertex -2.1650635094610964 1.25 6.799999997019768
    endloop
  endfacet
  facet normal -0.5885675477331848 0.39326826236785967 0.7063485793639778
    outer loop
      vertex -1.9833833507280878 1.5219035725218015 6.799999997019768
      vertex -0.692820320446594 0.3999999985098839 8.5
      vertex -0.6346826698686109 0.4870091413927261 8.5
    endloop
  endfacet
  facet normal -0.7518398074789778 0.6593458151000683 0
    outer loop
      vertex -1.9833833507280878 1.5219035725218015 6.799999997019768
      vertex -1.7677669529663689 1.7677669529663689 3
      vertex -1.9833833507280878 1.5219035725218015 3
    endloop
  endfacet
  facet normal -0.7518398074789778 0.6593458151000683 0
    outer loop
      vertex -1.7677669529663689 1.7677669529663689 3
      vertex -1.9833833507280878 1.5219035725218015 6.799999997019768
      vertex -1.7677669529663689 1.7677669529663689 6.799999997019768
    endloop
  endfacet
  facet normal 0 0 1
    outer loop
      vertex -1.9833833507280878 1.5219035725218015 3
      vertex -3.1819805153394642 3.1819805153394642 3
      vertex -3.570090031310558 2.739426430539243 3
    endloop
  endfacet
  facet normal 0 0 1
    outer loop
      vertex -3.1819805153394642 3.1819805153394642 3
      vertex -1.9833833507280878 1.5219035725218015 3
      vertex -1.7677669529663689 1.7677669529663689 3
    endloop
  endfacet
  facet normal -0.7518398074789782 0.6593458151000681 0
    outer loop
      vertex -3.570090031310558 2.739426430539243 3
      vertex -3.1819805153394642 3.1819805153394642 1.5
      vertex -3.570090031310558 2.739426430539243 1.5
    endloop
  endfacet
  facet normal -0.7518398074789782 0.6593458151000681 0
    outer loop
      vertex -3.1819805153394642 3.1819805153394642 1.5
      vertex -3.570090031310558 2.739426430539243 3
      vertex -3.1819805153394642 3.1819805153394642 3
    endloop
  endfacet
  facet normal -0.5322004619635772 0.46672727873592884 -0.7063485793639779
    outer loop
      vertex -3.570090031310558 2.739426430539243 1.5
      vertex -2.121320343559643 2.121320343559643 0
      vertex -2.3800600208737057 1.826284287026162 0
    endloop
  endfacet
  facet normal -0.5322004619635775 0.4667272787359284 -0.7063485793639779
    outer loop
      vertex -2.121320343559643 2.121320343559643 0
      vertex -3.570090031310558 2.739426430539243 1.5
      vertex -3.1819805153394642 3.1819805153394642 1.5
    endloop
  endfacet
  facet normal 0 0 -1
    outer loop
      vertex -2.3800600208737057 1.826284287026162 0
      vertex 0 0 0
      vertex 0 0 0
    endloop
  endfacet
  facet normal 0 0 -1
    outer loop
      vertex 0 0 0
      vertex -2.3800600208737057 1.826284287026162 0
      vertex -2.121320343559643 2.121320343559643 0
    endloop
  endfacet
  facet normal 0 0 0
    outer loop
      vertex 0 0 0
      vertex 0 0 8.5
      vertex 0 0 8.5
    endloop
  endfacet
  facet normal 0 0 0
    outer loop
      vertex 0 0 8.5
      vertex 0 0 0
      vertex 0 0 0
    endloop
  endfacet
  facet normal 0 0 1
    outer loop
      vertex 0 0 8.5
      vertex -0.5656854228418956 0.5656854228418956 8.5
      vertex -0.6346826698686109 0.4870091413927261 8.5
    endloop
  endfacet
  facet normal 0 0 -1
    outer loop
      vertex -0.5656854228418956 0.5656854228418956 8.5
      vertex 0 0 8.5
      vertex 0 0 8.5
    endloop
  endfacet
  facet normal -0.5322004619635773 0.4667272787359287 0.7063485793639778
    outer loop
      vertex -0.6346826698686109 0.4870091413927261 8.5
      vertex -1.7677669529663689 1.7677669529663689 6.799999997019768
      vertex -1.9833833507280878 1.5219035725218015 6.799999997019768
    endloop
  endfacet
  facet normal -0.5322004619635768 0.4667272787359297 0.7063485793639777
    outer loop
      vertex -1.7677669529663689 1.7677669529663689 6.799999997019768
      vertex -0.6346826698686109 0.4870091413927261 8.5
      vertex -0.5656854228418956 0.5656854228418956 8.5
    endloop
  endfacet
  facet normal -0.6593458151000683 0.7518398074789778 0
    outer loop
      vertex -1.7677669529663689 1.7677669529663689 6.799999997019768
      vertex -1.5219035725218015 1.9833833507280878 3
      vertex -1.7677669529663689 1.7677669529663689 3
    endloop
  endfacet
  facet normal -0.6593458151000683 0.7518398074789778 0
    outer loop
      vertex -1.5219035725218015 1.9833833507280878 3
      vertex -1.7677669529663689 1.7677669529663689 6.799999997019768
      vertex -1.5219035725218015 1.9833833507280878 6.799999997019768
    endloop
  endfacet
  facet normal 0 0 1
    outer loop
      vertex -1.7677669529663689 1.7677669529663689 3
      vertex -2.739426430539243 3.570090031310558 3
      vertex -3.1819805153394642 3.1819805153394642 3
    endloop
  endfacet
  facet normal 0 0 1
    outer loop
      vertex -2.739426430539243 3.570090031310558 3
      vertex -1.7677669529663689 1.7677669529663689 3
      vertex -1.5219035725218015 1.9833833507280878 3
    endloop
  endfacet
  facet normal -0.6593458151000681 0.7518398074789782 0
    outer loop
      vertex -3.1819805153394642 3.1819805153394642 3
      vertex -2.739426430539243 3.570090031310558 1.5
      vertex -3.1819805153394642 3.1819805153394642 1.5
    endloop
  endfacet
  facet normal -0.6593458151000681 0.7518398074789782 0
    outer loop
      vertex -2.739426430539243 3.570090031310558 1.5
      vertex -3.1819805153394642 3.1819805153394642 3
      vertex -2.739426430539243 3.570090031310558 3
    endloop
  endfacet
  facet normal -0.46672727873592873 0.532200461963577 -0.7063485793639779
    outer loop
      vertex -3.1819805153394642 3.1819805153394642 1.5
      vertex -1.826284287026162 2.3800600208737057 0
      vertex -2.121320343559643 2.121320343559643 0
    endloop
  endfacet
  facet normal -0.46672727873592845 0.5322004619635775 -0.7063485793639779
    outer loop
      vertex -1.826284287026162 2.3800600208737057 0
      vertex -3.1819805153394642 3.1819805153394642 1.5
      vertex -2.739426430539243 3.570090031310558 1.5
    endloop
  endfacet
  facet normal 0 0 -1
    outer loop
      vertex -2.121320343559643 2.121320343559643 0
      vertex 0 0 0
      vertex 0 0 0
    endloop
  endfacet
  facet normal 0 0 -1
    outer loop
      vertex 0 0 0
      vertex -2.121320343559643 2.121320343559643 0
      vertex -1.826284287026162 2.3800600208737057 0
    endloop
  endfacet
  facet normal 0 0 0
    outer loop
      vertex 0 0 0
      vertex 0 0 8.5
      vertex 0 0 8.5
    endloop
  endfacet
  facet normal 0 0 0
    outer loop
      vertex 0 0 8.5
      vertex 0 0 0
      vertex 0 0 0
    endloop
  endfacet
  facet normal 0 0 1
    outer loop
      vertex 0 0 8.5
      vertex -0.4870091413927261 0.6346826698686109 8.5
      vertex -0.5656854228418956 0.5656854228418956 8.5
    endloop
  endfacet
  facet normal 0 0 -1
    outer loop
      vertex -0.4870091413927261 0.6346826698686109 8.5
      vertex 0 0 8.5
      vertex 0 0 8.5
    endloop
  endfacet
  facet normal -0.46672727873592873 0.5322004619635773 0.7063485793639779
    outer loop
      vertex -0.5656854228418956 0.5656854228418956 8.5
      vertex -1.5219035725218015 1.9833833507280878 6.799999997019768
      vertex -1.7677669529663689 1.7677669529663689 6.799999997019768
    endloop
  endfacet
  facet normal -0.46672727873592934 0.5322004619635767 0.7063485793639777
    outer loop
      vertex -1.5219035725218015 1.9833833507280878 6.799999997019768
      vertex -0.5656854228418956 0.5656854228418956 8.5
      vertex -0.4870091413927261 0.6346826698686109 8.5
    endloop
  endfacet
  facet normal -0.555570233019602 0.8314696123025453 0
    outer loop
      vertex -1.5219035725218015 1.9833833507280878 6.799999997019768
      vertex -1.25 2.1650635094610964 3
      vertex -1.5219035725218015 1.9833833507280878 3
    endloop
  endfacet
  facet normal -0.555570233019602 0.8314696123025453 0
    outer loop
      vertex -1.25 2.1650635094610964 3
      vertex -1.5219035725218015 1.9833833507280878 6.799999997019768
      vertex -1.25 2.1650635094610964 6.799999997019768
    endloop
  endfacet
  facet normal 0 0 1
    outer loop
      vertex -1.5219035725218015 1.9833833507280878 3
      vertex -2.25 3.8971143170299736 3
      vertex -2.739426430539243 3.570090031310558 3
    endloop
  endfacet
  facet normal 0 0 1
    outer loop
      vertex -2.25 3.8971143170299736 3
      vertex -1.5219035725218015 1.9833833507280878 3
      vertex -1.25 2.1650635094610964 3
    endloop
  endfacet
  facet normal -0.555570233019602 0.8314696123025455 0
    outer loop
      vertex -2.739426430539243 3.570090031310558 3
      vertex -2.25 3.8971143170299736 1.5
      vertex -2.739426430539243 3.570090031310558 1.5
    endloop
  endfacet
  facet normal -0.555570233019602 0.8314696123025455 0
    outer loop
      vertex -2.25 3.8971143170299736 1.5
      vertex -2.739426430539243 3.570090031310558 3
      vertex -2.25 3.8971143170299736 3
    endloop
  endfacet
  facet normal -0.3932682623678606 0.5885675477331841 -0.7063485793639778
    outer loop
      vertex -2.739426430539243 3.570090031310558 1.5
      vertex -1.5 2.598076211353316 0
      vertex -1.826284287026162 2.3800600208737057 0
    endloop
  endfacet
  facet normal -0.3932682623678606 0.5885675477331841 -0.7063485793639778
    outer loop
      vertex -1.5 2.598076211353316 0
      vertex -2.739426430539243 3.570090031310558 1.5
      vertex -2.25 3.8971143170299736 1.5
    endloop
  endfacet
  facet normal 0 0 -1
    outer loop
      vertex -1.826284287026162 2.3800600208737057 0
      vertex 0 0 0
      vertex 0 0 0
    endloop
  endfacet
  facet normal 0 0 -1
    outer loop
      vertex 0 0 0
      vertex -1.826284287026162 2.3800600208737057 0
      vertex -1.5 2.598076211353316 0
    endloop
  endfacet
  facet normal 0 0 0
    outer loop
      vertex 0 0 0
      vertex 0 0 8.5
      vertex 0 0 8.5
    endloop
  endfacet
  facet normal 0 0 0
    outer loop
      vertex 0 0 8.5
      vertex 0 0 0
      vertex 0 0 0
    endloop
  endfacet
  facet normal 0 0 1
    outer loop
      vertex 0 0 8.5
      vertex -0.3999999985098839 0.692820320446594 8.5
      vertex -0.4870091413927261 0.6346826698686109 8.5
    endloop
  endfacet
  facet normal 0 0 1
    outer loop
      vertex -0.3999999985098839 0.692820320446594 8.5
      vertex 0 0 8.5
      vertex 0 0 8.5
    endloop
  endfacet
  facet normal -0.39326826236786055 0.5885675477331841 0.7063485793639778
    outer loop
      vertex -0.4870091413927261 0.6346826698686109 8.5
      vertex -1.25 2.1650635094610964 6.799999997019768
      vertex -1.5219035725218015 1.9833833507280878 6.799999997019768
    endloop
  endfacet
  facet normal -0.39326826236785994 0.5885675477331846 0.7063485793639777
    outer loop
      vertex -1.25 2.1650635094610964 6.799999997019768
      vertex -0.4870091413927261 0.6346826698686109 8.5
      vertex -0.3999999985098839 0.692820320446594 8.5
    endloop
  endfacet
  facet normal -0.4422886902190021 0.8968727415326878 0
    outer loop
      vertex -1.25 2.1650635094610964 6.799999997019768
      vertex -0.9567085809127245 2.309698831278217 3
      vertex -1.25 2.1650635094610964 3
    endloop
  endfacet
  facet normal -0.4422886902190021 0.8968727415326878 0
    outer loop
      vertex -0.9567085809127245 2.309698831278217 3
      vertex -1.25 2.1650635094610964 6.799999997019768
      vertex -0.9567085809127245 2.309698831278217 6.799999997019768
    endloop
  endfacet
  facet normal 0 0 1
    outer loop
      vertex -1.25 2.1650635094610964 3
      vertex -1.722075445642904 4.15745789630079 3
      vertex -2.25 3.8971143170299736 3
    endloop
  endfacet
  facet normal 0 0 1
    outer loop
      vertex -1.722075445642904 4.15745789630079 3
      vertex -1.25 2.1650635094610964 3
      vertex -0.9567085809127245 2.309698831278217 3
    endloop
  endfacet
  facet normal -0.4422886902190012 0.8968727415326884 0
    outer loop
      vertex -2.25 3.8971143170299736 3
      vertex -1.722075445642904 4.15745789630079 1.5
      vertex -2.25 3.8971143170299736 1.5
    endloop
  endfacet
  facet normal -0.4422886902190012 0.8968727415326884 0
    outer loop
      vertex -1.722075445642904 4.15745789630079 1.5
      vertex -2.25 3.8971143170299736 3
      vertex -1.722075445642904 4.15745789630079 3
    endloop
  endfacet
  facet normal -0.31308031699611655 0.6348640795793234 -0.7063485793639777
    outer loop
      vertex -2.25 3.8971143170299736 1.5
      vertex -1.1480502970952693 2.77163859753386 0
      vertex -1.5 2.598076211353316 0
    endloop
  endfacet
  facet normal -0.31308031699611705 0.6348640795793233 -0.7063485793639779
    outer loop
      vertex -1.1480502970952693 2.77163859753386 0
      vertex -2.25 3.8971143170299736 1.5
      vertex -1.722075445642904 4.15745789630079 1.5
    endloop
  endfacet
  facet normal 0 0 0
    outer loop
      vertex -1.5 2.598076211353316 0
      vertex 0 0 0
      vertex 0 0 0
    endloop
  endfacet
  facet normal 0 0 -1
    outer loop
      vertex 0 0 0
      vertex -1.5 2.598076211353316 0
      vertex -1.1480502970952693 2.77163859753386 0
    endloop
  endfacet
  facet normal 0 0 0
    outer loop
      vertex 0 0 0
      vertex 0 0 8.5
      vertex 0 0 8.5
    endloop
  endfacet
  facet normal 0 0 0
    outer loop
      vertex 0 0 8.5
      vertex 0 0 0
      vertex 0 0 0
    endloop
  endfacet
  facet normal 0 0 1
    outer loop
      vertex 0 0 8.5
      vertex -0.3061467447515863 0.7391036232556538 8.5
      vertex -0.3999999985098839 0.692820320446594 8.5
    endloop
  endfacet
  facet normal 0 0 1
    outer loop
      vertex -0.3061467447515863 0.7391036232556538 8.5
      vertex 0 0 8.5
      vertex 0 0 8.5
    endloop
  endfacet
  facet normal -0.3130803169961177 0.6348640795793228 0.7063485793639779
    outer loop
      vertex -0.3999999985098839 0.692820320446594 8.5
      vertex -0.9567085809127245 2.309698831278217 6.799999997019768
      vertex -1.25 2.1650635094610964 6.799999997019768
    endloop
  endfacet
  facet normal -0.3130803169961173 0.6348640795793227 0.7063485793639781
    outer loop
      vertex -0.9567085809127245 2.309698831278217 6.799999997019768
      vertex -0.3999999985098839 0.692820320446594 8.5
      vertex -0.3061467447515863 0.7391036232556538 8.5
    endloop
  endfacet
  facet normal -0.32143946530316136 0.9469301294951057 0
    outer loop
      vertex -0.9567085809127245 2.309698831278217 6.799999997019768
      vertex -0.6470476127563018 2.4148145657226707 3
      vertex -0.9567085809127245 2.309698831278217 3
    endloop
  endfacet
  facet normal -0.32143946530316136 0.9469301294951057 0
    outer loop
      vertex -0.6470476127563018 2.4148145657226707 3
      vertex -0.9567085809127245 2.309698831278217 6.799999997019768
      vertex -0.6470476127563018 2.4148145657226707 6.799999997019768
    endloop
  endfacet
  facet normal 0 0 1
    outer loop
      vertex -0.9567085809127245 2.309698831278217 3
      vertex -1.1646857029613433 4.346666218300808 3
      vertex -1.722075445642904 4.15745789630079 3
    endloop
  endfacet
  facet normal 0 0 1
    outer loop
      vertex -1.1646857029613433 4.346666218300808 3
      vertex -0.9567085809127245 2.309698831278217 3
      vertex -0.6470476127563018 2.4148145657226707 3
    endloop
  endfacet
  facet normal -0.3214394653031626 0.9469301294951054 0
    outer loop
      vertex -1.722075445642904 4.15745789630079 3
      vertex -1.1646857029613433 4.346666218300808 1.5
      vertex -1.722075445642904 4.15745789630079 1.5
    endloop
  endfacet
  facet normal -0.3214394653031626 0.9469301294951054 0
    outer loop
      vertex -1.1646857029613433 4.346666218300808 1.5
      vertex -1.722075445642904 4.15745789630079 3
      vertex -1.1646857029613433 4.346666218300808 3
    endloop
  endfacet
  facet normal -0.22753548059830778 0.6702979110062833 -0.7063485793639779
    outer loop
      vertex -1.722075445642904 4.15745789630079 1.5
      vertex -0.7764571353075622 2.897777478867205 0
      vertex -1.1480502970952693 2.77163859753386 0
    endloop
  endfacet
  facet normal -0.22753548059830775 0.6702979110062832 -0.7063485793639778
    outer loop
      vertex -0.7764571353075622 2.897777478867205 0
      vertex -1.722075445642904 4.15745789630079 1.5
      vertex -1.1646857029613433 4.346666218300808 1.5
    endloop
  endfacet
  facet normal 0 0 -1
    outer loop
      vertex -1.1480502970952693 2.77163859753386 0
      vertex 0 0 0
      vertex 0 0 0
    endloop
  endfacet
  facet normal 0 0 -1
    outer loop
      vertex 0 0 0
      vertex -1.1480502970952693 2.77163859753386 0
      vertex -0.7764571353075622 2.897777478867205 0
    endloop
  endfacet
  facet normal 0 0 0
    outer loop
      vertex 0 0 0
      vertex 0 0 8.5
      vertex 0 0 8.5
    endloop
  endfacet
  facet normal 0 0 0
    outer loop
      vertex 0 0 8.5
      vertex 0 0 0
      vertex 0 0 0
    endloop
  endfacet
  facet normal 0 0 1
    outer loop
      vertex 0 0 8.5
      vertex -0.20705523531067574 0.7727406581525713 8.5
      vertex -0.3061467447515863 0.7391036232556538 8.5
    endloop
  endfacet
  facet normal 0 0 1
    outer loop
      vertex -0.20705523531067574 0.7727406581525713 8.5
      vertex 0 0 8.5
      vertex 0 0 8.5
    endloop
  endfacet
  facet normal -0.2275354805983067 0.6702979110062837 0.706348579363978
    outer loop
      vertex -0.3061467447515863 0.7391036232556538 8.5
      vertex -0.6470476127563018 2.4148145657226707 6.799999997019768
      vertex -0.9567085809127245 2.309698831278217 6.799999997019768
    endloop
  endfacet
  facet normal -0.22753548059830753 0.6702979110062836 0.7063485793639777
    outer loop
      vertex -0.6470476127563018 2.4148145657226707 6.799999997019768
      vertex -0.3061467447515863 0.7391036232556538 8.5
      vertex -0.20705523531067574 0.7727406581525713 8.5
    endloop
  endfacet
  facet normal -0.19509032201612822 0.9807852804032305 0
    outer loop
      vertex -0.6470476127563018 2.4148145657226707 6.799999997019768
      vertex -0.32631548055012893 2.478612153434526 3
      vertex -0.6470476127563018 2.4148145657226707 3
    endloop
  endfacet
  facet normal -0.19509032201612822 0.9807852804032305 0
    outer loop
      vertex -0.32631548055012893 2.478612153434526 3
      vertex -0.6470476127563018 2.4148145657226707 6.799999997019768
      vertex -0.32631548055012893 2.478612153434526 6.799999997019768
    endloop
  endfacet
  facet normal 0 0 1
    outer loop
      vertex -0.6470476127563018 2.4148145657226707 3
      vertex -0.5873678649902321 4.4615018761821466 3
      vertex -1.1646857029613433 4.346666218300808 3
    endloop
  endfacet
  facet normal 0 0 1
    outer loop
      vertex -0.5873678649902321 4.4615018761821466 3
      vertex -0.6470476127563018 2.4148145657226707 3
      vertex -0.32631548055012893 2.478612153434526 3
    endloop
  endfacet
  facet normal -0.1950903220161273 0.9807852804032305 0
    outer loop
      vertex -1.1646857029613433 4.346666218300808 3
      vertex -0.5873678649902321 4.4615018761821466 1.5
      vertex -1.1646857029613433 4.346666218300808 1.5
    endloop
  endfacet
  facet normal -0.1950903220161273 0.9807852804032305 0
    outer loop
      vertex -0.5873678649902321 4.4615018761821466 1.5
      vertex -1.1646857029613433 4.346666218300808 3
      vertex -0.5873678649902321 4.4615018761821466 3
    endloop
  endfacet
  facet normal -0.138097449042706 0.6942627593342362 -0.7063485793639778
    outer loop
      vertex -1.1646857029613433 4.346666218300808 1.5
      vertex -0.3915785766601547 2.974334584121431 0
      vertex -0.7764571353075622 2.897777478867205 0
    endloop
  endfacet
  facet normal -0.138097449042706 0.6942627593342361 -0.7063485793639778
    outer loop
      vertex -0.3915785766601547 2.974334584121431 0
      vertex -1.1646857029613433 4.346666218300808 1.5
      vertex -0.5873678649902321 4.4615018761821466 1.5
    endloop
  endfacet
  facet normal 0 0 1
    outer loop
      vertex -0.7764571353075622 2.897777478867205 0
      vertex 0 0 0
      vertex 0 0 0
    endloop
  endfacet
  facet normal 0 0 -1
    outer loop
      vertex 0 0 0
      vertex -0.7764571353075622 2.897777478867205 0
      vertex -0.3915785766601547 2.974334584121431 0
    endloop
  endfacet
  facet normal 0 0 0
    outer loop
      vertex 0 0 0
      vertex 0 0 8.5
      vertex 0 0 8.5
    endloop
  endfacet
  facet normal 0 0 0
    outer loop
      vertex 0 0 8.5
      vertex 0 0 0
      vertex 0 0 0
    endloop
  endfacet
  facet normal 0 0 1
    outer loop
      vertex 0 0 8.5
      vertex -0.1044209533870429 0.7931558861443123 8.5
      vertex -0.20705523531067574 0.7727406581525713 8.5
    endloop
  endfacet
  facet normal 0 0 1
    outer loop
      vertex -0.1044209533870429 0.7931558861443123 8.5
      vertex 0 0 8.5
      vertex 0 0 8.5
    endloop
  endfacet
  facet normal -0.1380974490427068 0.694262759334236 0.7063485793639779
    outer loop
      vertex -0.20705523531067574 0.7727406581525713 8.5
      vertex -0.32631548055012893 2.478612153434526 6.799999997019768
      vertex -0.6470476127563018 2.4148145657226707 6.799999997019768
    endloop
  endfacet
  facet normal -0.13809744904270635 0.6942627593342361 0.7063485793639777
    outer loop
      vertex -0.32631548055012893 2.478612153434526 6.799999997019768
      vertex -0.20705523531067574 0.7727406581525713 8.5
      vertex -0.1044209533870429 0.7931558861443123 8.5
    endloop
  endfacet
  facet normal -0.06540312923014313 0.9978589232386036 0
    outer loop
      vertex -0.32631548055012893 2.478612153434526 6.799999997019768
      vertex 0 2.5 3
      vertex -0.32631548055012893 2.478612153434526 3
    endloop
  endfacet
  facet normal -0.06540312923014313 0.9978589232386036 0
    outer loop
      vertex 0 2.5 3
      vertex -0.32631548055012893 2.478612153434526 6.799999997019768
      vertex 0 2.5 6.799999997019768
    endloop
  endfacet
  facet normal 0 0 1
    outer loop
      vertex -0.32631548055012893 2.478612153434526 3
      vertex 0 4.5 3
      vertex -0.5873678649902321 4.4615018761821466 3
    endloop
  endfacet
  facet normal 0 0 1
    outer loop
      vertex 0 4.5 3
      vertex -0.32631548055012893 2.478612153434526 3
      vertex 0 2.5 3
    endloop
  endfacet
  facet normal -0.06540312923014358 0.9978589232386035 0
    outer loop
      vertex -0.5873678649902321 4.4615018761821466 3
      vertex 0 4.5 1.5
      vertex -0.5873678649902321 4.4615018761821466 1.5
    endloop
  endfacet
  facet normal -0.06540312923014358 0.9978589232386035 0
    outer loop
      vertex 0 4.5 1.5
      vertex -0.5873678649902321 4.4615018761821466 3
      vertex 0 4.5 3
    endloop
  endfacet
  facet normal -0.04629653184613959 0.7063485793639779 -0.7063485793639779
    outer loop
      vertex -0.5873678649902321 4.4615018761821466 1.5
      vertex 0 3 0
      vertex -0.3915785766601547 2.974334584121431 0
    endloop
  endfacet
  facet normal -0.0462965318461396 0.7063485793639779 -0.7063485793639779
    outer loop
      vertex 0 3 0
      vertex -0.5873678649902321 4.4615018761821466 1.5
      vertex 0 4.5 1.5
    endloop
  endfacet
  facet normal 0 0 -1
    outer loop
      vertex -0.3915785766601547 2.974334584121431 0
      vertex 0 0 0
      vertex 0 0 0
    endloop
  endfacet
  facet normal 0 0 -1
    outer loop
      vertex 0 0 0
      vertex -0.3915785766601547 2.974334584121431 0
      vertex 0 3 0
    endloop
  endfacet
  facet normal 0 0 0
    outer loop
      vertex 0 0 0
      vertex 0 0 8.5
      vertex 0 0 8.5
    endloop
  endfacet
  facet normal 0 0 0
    outer loop
      vertex 0 0 8.5
      vertex 0 0 0
      vertex 0 0 0
    endloop
  endfacet
  facet normal 0 0 1
    outer loop
      vertex 0 0 8.5
      vertex 0 0.7999999970197678 8.5
      vertex -0.1044209533870429 0.7931558861443123 8.5
    endloop
  endfacet
  facet normal 0 0 0
    outer loop
      vertex 0 0.7999999970197678 8.5
      vertex 0 0 8.5
      vertex 0 0 8.5
    endloop
  endfacet
  facet normal -0.046296531846139514 0.7063485793639778 0.7063485793639778
    outer loop
      vertex -0.1044209533870429 0.7931558861443123 8.5
      vertex 0 2.5 6.799999997019768
      vertex -0.32631548055012893 2.478612153434526 6.799999997019768
    endloop
  endfacet
  facet normal -0.04629653184614135 0.7063485793639777 0.7063485793639777
    outer loop
      vertex 0 2.5 6.799999997019768
      vertex -0.1044209533870429 0.7931558861443123 8.5
      vertex 0 0.7999999970197678 8.5
    endloop
  endfacet
  facet normal 0.06540312923014313 0.9978589232386036 0
    outer loop
      vertex 0 2.5 6.799999997019768
      vertex 0.32631548055012893 2.478612153434526 3
      vertex 0 2.5 3
    endloop
  endfacet
  facet normal 0.06540312923014313 0.9978589232386036 0
    outer loop
      vertex 0.32631548055012893 2.478612153434526 3
      vertex 0 2.5 6.799999997019768
      vertex 0.32631548055012893 2.478612153434526 6.799999997019768
    endloop
  endfacet
  facet normal 0 0 1
    outer loop
      vertex 0 2.5 3
      vertex 0.5873678649902321 4.4615018761821466 3
      vertex 0 4.5 3
    endloop
  endfacet
  facet normal 0 0 1
    outer loop
      vertex 0.5873678649902321 4.4615018761821466 3
      vertex 0 2.5 3
      vertex 0.32631548055012893 2.478612153434526 3
    endloop
  endfacet
  facet normal 0.06540312923014358 0.9978589232386035 0
    outer loop
      vertex 0 4.5 3
      vertex 0.5873678649902321 4.4615018761821466 1.5
      vertex 0 4.5 1.5
    endloop
  endfacet
  facet normal 0.06540312923014358 0.9978589232386035 0
    outer loop
      vertex 0.5873678649902321 4.4615018761821466 1.5
      vertex 0 4.5 3
      vertex 0.5873678649902321 4.4615018761821466 3
    endloop
  endfacet
  facet normal 0.04629653184613959 0.7063485793639779 -0.7063485793639779
    outer loop
      vertex 0 4.5 1.5
      vertex 0.3915785766601547 2.974334584121431 0
      vertex 0 3 0
    endloop
  endfacet
  facet normal 0.0462965318461396 0.7063485793639779 -0.7063485793639779
    outer loop
      vertex 0.3915785766601547 2.974334584121431 0
      vertex 0 4.5 1.5
      vertex 0.5873678649902321 4.4615018761821466 1.5
    endloop
  endfacet
  facet normal 0 0 0
    outer loop
      vertex 0 3 0
      vertex 0 0 0
      vertex 0 0 0
    endloop
  endfacet
  facet normal 0 0 -1
    outer loop
      vertex 0 0 0
      vertex 0 3 0
      vertex 0.3915785766601547 2.974334584121431 0
    endloop
  endfacet
  facet normal 0 0 0
    outer loop
      vertex 0 0 0
      vertex 0 0 8.5
      vertex 0 0 8.5
    endloop
  endfacet
  facet normal 0 0 0
    outer loop
      vertex 0 0 8.5
      vertex 0 0 0
      vertex 0 0 0
    endloop
  endfacet
  facet normal 0 0 1
    outer loop
      vertex 0 0 8.5
      vertex 0.1044209533870429 0.7931558861443123 8.5
      vertex 0 0.7999999970197678 8.5
    endloop
  endfacet
  facet normal 0 0 -1
    outer loop
      vertex 0.1044209533870429 0.7931558861443123 8.5
      vertex 0 0 8.5
      vertex 0 0 8.5
    endloop
  endfacet
  facet normal 0.046296531846139 0.7063485793639779 0.7063485793639779
    outer loop
      vertex 0 0.7999999970197678 8.5
      vertex 0.32631548055012893 2.478612153434526 6.799999997019768
      vertex 0 2.5 6.799999997019768
    endloop
  endfacet
  facet normal 0.04629653184613971 0.7063485793639777 0.7063485793639781
    outer loop
      vertex 0.32631548055012893 2.478612153434526 6.799999997019768
      vertex 0 0.7999999970197678 8.5
      vertex 0.1044209533870429 0.7931558861443123 8.5
    endloop
  endfacet
  facet normal 0.19509032201612822 0.9807852804032305 0
    outer loop
      vertex 0.32631548055012893 2.478612153434526 6.799999997019768
      vertex 0.6470476127563018 2.4148145657226707 3
      vertex 0.32631548055012893 2.478612153434526 3
    endloop
  endfacet
  facet normal 0.19509032201612822 0.9807852804032305 0
    outer loop
      vertex 0.6470476127563018 2.4148145657226707 3
      vertex 0.32631548055012893 2.478612153434526 6.799999997019768
      vertex 0.6470476127563018 2.4148145657226707 6.799999997019768
    endloop
  endfacet
  facet normal 0 0 1
    outer loop
      vertex 0.32631548055012893 2.478612153434526 3
      vertex 1.1646857029613433 4.346666218300808 3
      vertex 0.5873678649902321 4.4615018761821466 3
    endloop
  endfacet
  facet normal 0 0 1
    outer loop
      vertex 1.1646857029613433 4.346666218300808 3
      vertex 0.32631548055012893 2.478612153434526 3
      vertex 0.6470476127563018 2.4148145657226707 3
    endloop
  endfacet
  facet normal 0.1950903220161273 0.9807852804032305 0
    outer loop
      vertex 0.5873678649902321 4.4615018761821466 3
      vertex 1.1646857029613433 4.346666218300808 1.5
      vertex 0.5873678649902321 4.4615018761821466 1.5
    endloop
  endfacet
  facet normal 0.1950903220161273 0.9807852804032305 0
    outer loop
      vertex 1.1646857029613433 4.346666218300808 1.5
      vertex 0.5873678649902321 4.4615018761821466 3
      vertex 1.1646857029613433 4.346666218300808 3
    endloop
  endfacet
  facet normal 0.138097449042706 0.6942627593342362 -0.7063485793639778
    outer loop
      vertex 0.5873678649902321 4.4615018761821466 1.5
      vertex 0.7764571353075622 2.897777478867205 0
      vertex 0.3915785766601547 2.974334584121431 0
    endloop
  endfacet
  facet normal 0.138097449042706 0.6942627593342361 -0.7063485793639779
    outer loop
      vertex 0.7764571353075622 2.897777478867205 0
      vertex 0.5873678649902321 4.4615018761821466 1.5
      vertex 1.1646857029613433 4.346666218300808 1.5
    endloop
  endfacet
  facet normal 0 0 1
    outer loop
      vertex 0.3915785766601547 2.974334584121431 0
      vertex 0 0 0
      vertex 0 0 0
    endloop
  endfacet
  facet normal 0 0 -1
    outer loop
      vertex 0 0 0
      vertex 0.3915785766601547 2.974334584121431 0
      vertex 0.7764571353075622 2.897777478867205 0
    endloop
  endfacet
  facet normal 0 0 0
    outer loop
      vertex 0 0 0
      vertex 0 0 8.5
      vertex 0 0 8.5
    endloop
  endfacet
  facet normal 0 0 0
    outer loop
      vertex 0 0 8.5
      vertex 0 0 0
      vertex 0 0 0
    endloop
  endfacet
  facet normal 0 0 1
    outer loop
      vertex 0 0 8.5
      vertex 0.20705523531067574 0.7727406581525713 8.5
      vertex 0.1044209533870429 0.7931558861443123 8.5
    endloop
  endfacet
  facet normal 0 0 -1
    outer loop
      vertex 0.20705523531067574 0.7727406581525713 8.5
      vertex 0 0 8.5
      vertex 0 0 8.5
    endloop
  endfacet
  facet normal 0.13809744904270638 0.6942627593342361 0.706348579363978
    outer loop
      vertex 0.1044209533870429 0.7931558861443123 8.5
      vertex 0.6470476127563018 2.4148145657226707 6.799999997019768
      vertex 0.32631548055012893 2.478612153434526 6.799999997019768
    endloop
  endfacet
  facet normal 0.13809744904270507 0.6942627593342362 0.7063485793639778
    outer loop
      vertex 0.6470476127563018 2.4148145657226707 6.799999997019768
      vertex 0.1044209533870429 0.7931558861443123 8.5
      vertex 0.20705523531067574 0.7727406581525713 8.5
    endloop
  endfacet
  facet normal 0.32143946530316136 0.9469301294951057 0
    outer loop
      vertex 0.6470476127563018 2.4148145657226707 6.799999997019768
      vertex 0.9567085809127245 2.309698831278217 3
      vertex 0.6470476127563018 2.4148145657226707 3
    endloop
  endfacet
  facet normal 0.32143946530316136 0.9469301294951057 0
    outer loop
      vertex 0.9567085809127245 2.309698831278217 3
      vertex 0.6470476127563018 2.4148145657226707 6.799999997019768
      vertex 0.9567085809127245 2.309698831278217 6.799999997019768
    endloop
  endfacet
  facet normal 0 0 1
    outer loop
      vertex 0.6470476127563018 2.4148145657226707 3
      vertex 1.722075445642904 4.15745789630079 3
      vertex 1.1646857029613433 4.346666218300808 3
    endloop
  endfacet
  facet normal 0 0 1
    outer loop
      vertex 1.722075445642904 4.15745789630079 3
      vertex 0.6470476127563018 2.4148145657226707 3
      vertex 0.9567085809127245 2.309698831278217 3
    endloop
  endfacet
  facet normal 0.3214394653031626 0.9469301294951054 0
    outer loop
      vertex 1.1646857029613433 4.346666218300808 3
      vertex 1.722075445642904 4.15745789630079 1.5
      vertex 1.1646857029613433 4.346666218300808 1.5
    endloop
  endfacet
  facet normal 0.3214394653031626 0.9469301294951054 0
    outer loop
      vertex 1.722075445642904 4.15745789630079 1.5
      vertex 1.1646857029613433 4.346666218300808 3
      vertex 1.722075445642904 4.15745789630079 3
    endloop
  endfacet
  facet normal 0.22753548059830775 0.6702979110062833 -0.7063485793639779
    outer loop
      vertex 1.1646857029613433 4.346666218300808 1.5
      vertex 1.1480502970952693 2.77163859753386 0
      vertex 0.7764571353075622 2.897777478867205 0
    endloop
  endfacet
  facet normal 0.22753548059830775 0.6702979110062833 -0.7063485793639778
    outer loop
      vertex 1.1480502970952693 2.77163859753386 0
      vertex 1.1646857029613433 4.346666218300808 1.5
      vertex 1.722075445642904 4.15745789630079 1.5
    endloop
  endfacet
  facet normal 0 0 -1
    outer loop
      vertex 0.7764571353075622 2.897777478867205 0
      vertex 0 0 0
      vertex 0 0 0
    endloop
  endfacet
  facet normal 0 0 -1
    outer loop
      vertex 0 0 0
      vertex 0.7764571353075622 2.897777478867205 0
      vertex 1.1480502970952693 2.77163859753386 0
    endloop
  endfacet
  facet normal 0 0 0
    outer loop
      vertex 0 0 0
      vertex 0 0 8.5
      vertex 0 0 8.5
    endloop
  endfacet
  facet normal 0 0 0
    outer loop
      vertex 0 0 8.5
      vertex 0 0 0
      vertex 0 0 0
    endloop
  endfacet
  facet normal 0 0 1
    outer loop
      vertex 0 0 8.5
      vertex 0.3061467447515863 0.7391036232556538 8.5
      vertex 0.20705523531067574 0.7727406581525713 8.5
    endloop
  endfacet
  facet normal 0 0 -1
    outer loop
      vertex 0.3061467447515863 0.7391036232556538 8.5
      vertex 0 0 8.5
      vertex 0 0 8.5
    endloop
  endfacet
  facet normal 0.22753548059830667 0.6702979110062837 0.706348579363978
    outer loop
      vertex 0.20705523531067574 0.7727406581525713 8.5
      vertex 0.9567085809127245 2.309698831278217 6.799999997019768
      vertex 0.6470476127563018 2.4148145657226707 6.799999997019768
    endloop
  endfacet
  facet normal 0.22753548059830742 0.6702979110062836 0.7063485793639779
    outer loop
      vertex 0.9567085809127245 2.309698831278217 6.799999997019768
      vertex 0.20705523531067574 0.7727406581525713 8.5
      vertex 0.3061467447515863 0.7391036232556538 8.5
    endloop
  endfacet
  facet normal 0.4422886902190021 0.8968727415326878 0
    outer loop
      vertex 0.9567085809127245 2.309698831278217 6.799999997019768
      vertex 1.25 2.1650635094610964 3
      vertex 0.9567085809127245 2.309698831278217 3
    endloop
  endfacet
  facet normal 0.4422886902190021 0.8968727415326878 0
    outer loop
      vertex 1.25 2.1650635094610964 3
      vertex 0.9567085809127245 2.309698831278217 6.799999997019768
      vertex 1.25 2.1650635094610964 6.799999997019768
    endloop
  endfacet
  facet normal 0 0 1
    outer loop
      vertex 0.9567085809127245 2.309698831278217 3
      vertex 2.25 3.8971143170299736 3
      vertex 1.722075445642904 4.15745789630079 3
    endloop
  endfacet
  facet normal 0 0 1
    outer loop
      vertex 2.25 3.8971143170299736 3
      vertex 0.9567085809127245 2.309698831278217 3
      vertex 1.25 2.1650635094610964 3
    endloop
  endfacet
  facet normal 0.4422886902190012 0.8968727415326884 0
    outer loop
      vertex 1.722075445642904 4.15745789630079 3
      vertex 2.25 3.8971143170299736 1.5
      vertex 1.722075445642904 4.15745789630079 1.5
    endloop
  endfacet
  facet normal 0.4422886902190012 0.8968727415326884 0
    outer loop
      vertex 2.25 3.8971143170299736 1.5
      vertex 1.722075445642904 4.15745789630079 3
      vertex 2.25 3.8971143170299736 3
    endloop
  endfacet
  facet normal 0.31308031699611655 0.6348640795793233 -0.7063485793639778
    outer loop
      vertex 1.722075445642904 4.15745789630079 1.5
      vertex 1.5 2.598076211353316 0
      vertex 1.1480502970952693 2.77163859753386 0
    endloop
  endfacet
  facet normal 0.31308031699611705 0.6348640795793233 -0.7063485793639778
    outer loop
      vertex 1.5 2.598076211353316 0
      vertex 1.722075445642904 4.15745789630079 1.5
      vertex 2.25 3.8971143170299736 1.5
    endloop
  endfacet
  facet normal 0 0 1
    outer loop
      vertex 1.1480502970952693 2.77163859753386 0
      vertex 0 0 0
      vertex 0 0 0
    endloop
  endfacet
  facet normal 0 0 -1
    outer loop
      vertex 0 0 0
      vertex 1.1480502970952693 2.77163859753386 0
      vertex 1.5 2.598076211353316 0
    endloop
  endfacet
  facet normal 0 0 0
    outer loop
      vertex 0 0 0
      vertex 0 0 8.5
      vertex 0 0 8.5
    endloop
  endfacet
  facet normal 0 0 0
    outer loop
      vertex 0 0 8.5
      vertex 0 0 0
      vertex 0 0 0
    endloop
  endfacet
  facet normal 0 0 1
    outer loop
      vertex 0 0 8.5
      vertex 0.3999999985098839 0.692820320446594 8.5
      vertex 0.3061467447515863 0.7391036232556538 8.5
    endloop
  endfacet
  facet normal 0 0 -1
    outer loop
      vertex 0.3999999985098839 0.692820320446594 8.5
      vertex 0 0 8.5
      vertex 0 0 8.5
    endloop
  endfacet
  facet normal 0.3130803169961178 0.6348640795793228 0.7063485793639778
    outer loop
      vertex 0.3061467447515863 0.7391036232556538 8.5
      vertex 1.25 2.1650635094610964 6.799999997019768
      vertex 0.9567085809127245 2.309698831278217 6.799999997019768
    endloop
  endfacet
  facet normal 0.31308031699611766 0.6348640795793226 0.706348579363978
    outer loop
      vertex 1.25 2.1650635094610964 6.799999997019768
      vertex 0.3061467447515863 0.7391036232556538 8.5
      vertex 0.3999999985098839 0.692820320446594 8.5
    endloop
  endfacet
  facet normal 0.555570233019602 0.8314696123025453 0
    outer loop
      vertex 1.25 2.1650635094610964 6.799999997019768
      vertex 1.5219035725218015 1.9833833507280878 3
      vertex 1.25 2.1650635094610964 3
    endloop
  endfacet
  facet normal 0.555570233019602 0.8314696123025453 0
    outer loop
      vertex 1.5219035725218015 1.9833833507280878 3
      vertex 1.25 2.1650635094610964 6.799999997019768
      vertex 1.5219035725218015 1.9833833507280878 6.799999997019768
    endloop
  endfacet
  facet normal 0 0 1
    outer loop
      vertex 1.25 2.1650635094610964 3
      vertex 2.739426430539243 3.570090031310558 3
      vertex 2.25 3.8971143170299736 3
    endloop
  endfacet
  facet normal 0 0 1
    outer loop
      vertex 2.739426430539243 3.570090031310558 3
      vertex 1.25 2.1650635094610964 3
      vertex 1.5219035725218015 1.9833833507280878 3
    endloop
  endfacet
  facet normal 0.555570233019602 0.8314696123025455 0
    outer loop
      vertex 2.25 3.8971143170299736 3
      vertex 2.739426430539243 3.570090031310558 1.5
      vertex 2.25 3.8971143170299736 1.5
    endloop
  endfacet
  facet normal 0.555570233019602 0.8314696123025455 0
    outer loop
      vertex 2.739426430539243 3.570090031310558 1.5
      vertex 2.25 3.8971143170299736 3
      vertex 2.739426430539243 3.570090031310558 3
    endloop
  endfacet
  facet normal 0.39326826236786055 0.5885675477331841 -0.7063485793639779
    outer loop
      vertex 2.25 3.8971143170299736 1.5
      vertex 1.826284287026162 2.3800600208737057 0
      vertex 1.5 2.598076211353316 0
    endloop
  endfacet
  facet normal 0.3932682623678606 0.5885675477331841 -0.7063485793639778
    outer loop
      vertex 1.826284287026162 2.3800600208737057 0
      vertex 2.25 3.8971143170299736 1.5
      vertex 2.739426430539243 3.570090031310558 1.5
    endloop
  endfacet
  facet normal 0 0 0
    outer loop
      vertex 1.5 2.598076211353316 0
      vertex 0 0 0
      vertex 0 0 0
    endloop
  endfacet
  facet normal 0 0 -1
    outer loop
      vertex 0 0 0
      vertex 1.5 2.598076211353316 0
      vertex 1.826284287026162 2.3800600208737057 0
    endloop
  endfacet
  facet normal 0 0 0
    outer loop
      vertex 0 0 0
      vertex 0 0 8.5
      vertex 0 0 8.5
    endloop
  endfacet
  facet normal 0 0 0
    outer loop
      vertex 0 0 8.5
      vertex 0 0 0
      vertex 0 0 0
    endloop
  endfacet
  facet normal 0 0 1
    outer loop
      vertex 0 0 8.5
      vertex 0.4870091413927261 0.6346826698686109 8.5
      vertex 0.3999999985098839 0.692820320446594 8.5
    endloop
  endfacet
  facet normal 0 0 1
    outer loop
      vertex 0.4870091413927261 0.6346826698686109 8.5
      vertex 0 0 8.5
      vertex 0 0 8.5
    endloop
  endfacet
  facet normal 0.3932682623678606 0.5885675477331841 0.7063485793639779
    outer loop
      vertex 0.3999999985098839 0.692820320446594 8.5
      vertex 1.5219035725218015 1.9833833507280878 6.799999997019768
      vertex 1.25 2.1650635094610964 6.799999997019768
    endloop
  endfacet
  facet normal 0.3932682623678599 0.5885675477331844 0.7063485793639778
    outer loop
      vertex 1.5219035725218015 1.9833833507280878 6.799999997019768
      vertex 0.3999999985098839 0.692820320446594 8.5
      vertex 0.4870091413927261 0.6346826698686109 8.5
    endloop
  endfacet
  facet normal 0.6593458151000683 0.7518398074789778 0
    outer loop
      vertex 1.5219035725218015 1.9833833507280878 6.799999997019768
      vertex 1.7677669529663689 1.7677669529663689 3
      vertex 1.5219035725218015 1.9833833507280878 3
    endloop
  endfacet
  facet normal 0.6593458151000683 0.7518398074789778 0
    outer loop
      vertex 1.7677669529663689 1.7677669529663689 3
      vertex 1.5219035725218015 1.9833833507280878 6.799999997019768
      vertex 1.7677669529663689 1.7677669529663689 6.799999997019768
    endloop
  endfacet
  facet normal 0 0 1
    outer loop
      vertex 1.5219035725218015 1.9833833507280878 3
      vertex 3.1819805153394642 3.1819805153394642 3
      vertex 2.739426430539243 3.570090031310558 3
    endloop
  endfacet
  facet normal 0 0 1
    outer loop
      vertex 3.1819805153394642 3.1819805153394642 3
      vertex 1.5219035725218015 1.9833833507280878 3
      vertex 1.7677669529663689 1.7677669529663689 3
    endloop
  endfacet
  facet normal 0.6593458151000681 0.7518398074789782 0
    outer loop
      vertex 2.739426430539243 3.570090031310558 3
      vertex 3.1819805153394642 3.1819805153394642 1.5
      vertex 2.739426430539243 3.570090031310558 1.5
    endloop
  endfacet
  facet normal 0.6593458151000681 0.7518398074789782 0
    outer loop
      vertex 3.1819805153394642 3.1819805153394642 1.5
      vertex 2.739426430539243 3.570090031310558 3
      vertex 3.1819805153394642 3.1819805153394642 3
    endloop
  endfacet
  facet normal 0.4667272787359288 0.5322004619635772 -0.7063485793639778
    outer loop
      vertex 2.739426430539243 3.570090031310558 1.5
      vertex 2.121320343559643 2.121320343559643 0
      vertex 1.826284287026162 2.3800600208737057 0
    endloop
  endfacet
  facet normal 0.4667272787359284 0.5322004619635775 -0.7063485793639779
    outer loop
      vertex 2.121320343559643 2.121320343559643 0
      vertex 2.739426430539243 3.570090031310558 1.5
      vertex 3.1819805153394642 3.1819805153394642 1.5
    endloop
  endfacet
  facet normal 0 0 1
    outer loop
      vertex 1.826284287026162 2.3800600208737057 0
      vertex 0 0 0
      vertex 0 0 0
    endloop
  endfacet
  facet normal 0 0 -1
    outer loop
      vertex 0 0 0
      vertex 1.826284287026162 2.3800600208737057 0
      vertex 2.121320343559643 2.121320343559643 0
    endloop
  endfacet
  facet normal 0 0 0
    outer loop
      vertex 0 0 0
      vertex 0 0 8.5
      vertex 0 0 8.5
    endloop
  endfacet
  facet normal 0 0 0
    outer loop
      vertex 0 0 8.5
      vertex 0 0 0
      vertex 0 0 0
    endloop
  endfacet
  facet normal 0 0 1
    outer loop
      vertex 0 0 8.5
      vertex 0.5656854228418956 0.5656854228418956 8.5
      vertex 0.4870091413927261 0.6346826698686109 8.5
    endloop
  endfacet
  facet normal 0 0 1
    outer loop
      vertex 0.5656854228418956 0.5656854228418956 8.5
      vertex 0 0 8.5
      vertex 0 0 8.5
    endloop
  endfacet
  facet normal 0.46672727873592856 0.5322004619635774 0.7063485793639778
    outer loop
      vertex 0.4870091413927261 0.6346826698686109 8.5
      vertex 1.7677669529663689 1.7677669529663689 6.799999997019768
      vertex 1.5219035725218015 1.9833833507280878 6.799999997019768
    endloop
  endfacet
  facet normal 0.46672727873592873 0.5322004619635768 0.7063485793639782
    outer loop
      vertex 1.7677669529663689 1.7677669529663689 6.799999997019768
      vertex 0.4870091413927261 0.6346826698686109 8.5
      vertex 0.5656854228418956 0.5656854228418956 8.5
    endloop
  endfacet
  facet normal 0.7518398074789778 0.6593458151000683 0
    outer loop
      vertex 1.7677669529663689 1.7677669529663689 6.799999997019768
      vertex 1.9833833507280878 1.5219035725218015 3
      vertex 1.7677669529663689 1.7677669529663689 3
    endloop
  endfacet
  facet normal 0.7518398074789778 0.6593458151000683 0
    outer loop
      vertex 1.9833833507280878 1.5219035725218015 3
      vertex 1.7677669529663689 1.7677669529663689 6.799999997019768
      vertex 1.9833833507280878 1.5219035725218015 6.799999997019768
    endloop
  endfacet
  facet normal 0 0 1
    outer loop
      vertex 1.7677669529663689 1.7677669529663689 3
      vertex 3.570090031310558 2.739426430539243 3
      vertex 3.1819805153394642 3.1819805153394642 3
    endloop
  endfacet
  facet normal 0 0 1
    outer loop
      vertex 3.570090031310558 2.739426430539243 3
      vertex 1.7677669529663689 1.7677669529663689 3
      vertex 1.9833833507280878 1.5219035725218015 3
    endloop
  endfacet
  facet normal 0.7518398074789782 0.6593458151000681 0
    outer loop
      vertex 3.1819805153394642 3.1819805153394642 3
      vertex 3.570090031310558 2.739426430539243 1.5
      vertex 3.1819805153394642 3.1819805153394642 1.5
    endloop
  endfacet
  facet normal 0.7518398074789782 0.6593458151000681 0
    outer loop
      vertex 3.570090031310558 2.739426430539243 1.5
      vertex 3.1819805153394642 3.1819805153394642 3
      vertex 3.570090031310558 2.739426430539243 3
    endloop
  endfacet
  facet normal 0.5322004619635772 0.4667272787359288 -0.7063485793639778
    outer loop
      vertex 3.1819805153394642 3.1819805153394642 1.5
      vertex 2.3800600208737057 1.826284287026162 0
      vertex 2.121320343559643 2.121320343559643 0
    endloop
  endfacet
  facet normal 0.5322004619635776 0.46672727873592845 -0.7063485793639778
    outer loop
      vertex 2.3800600208737057 1.826284287026162 0
      vertex 3.1819805153394642 3.1819805153394642 1.5
      vertex 3.570090031310558 2.739426430539243 1.5
    endloop
  endfacet
  facet normal 0 0 1
    outer loop
      vertex 2.121320343559643 2.121320343559643 0
      vertex 0 0 0
      vertex 0 0 0
    endloop
  endfacet
  facet normal 0 0 -1
    outer loop
      vertex 0 0 0
      vertex 2.121320343559643 2.121320343559643 0
      vertex 2.3800600208737057 1.826284287026162 0
    endloop
  endfacet
  facet normal 0 0 0
    outer loop
      vertex 0 0 0
      vertex 0 0 8.5
      vertex 0 0 8.5
    endloop
  endfacet
  facet normal 0 0 0
    outer loop
      vertex 0 0 8.5
      vertex 0 0 0
      vertex 0 0 0
    endloop
  endfacet
  facet normal 0 0 1
    outer loop
      vertex 0 0 8.5
      vertex 0.6346826698686109 0.4870091413927261 8.5
      vertex 0.5656854228418956 0.5656854228418956 8.5
    endloop
  endfacet
  facet normal 0 0 1
    outer loop
      vertex 0.6346826698686109 0.4870091413927261 8.5
      vertex 0 0 8.5
      vertex 0 0 8.5
    endloop
  endfacet
  facet normal 0.5322004619635772 0.4667272787359287 0.7063485793639779
    outer loop
      vertex 0.5656854228418956 0.5656854228418956 8.5
      vertex 1.9833833507280878 1.5219035725218015 6.799999997019768
      vertex 1.7677669529663689 1.7677669529663689 6.799999997019768
    endloop
  endfacet
  facet normal 0.5322004619635767 0.46672727873592984 0.7063485793639775
    outer loop
      vertex 1.9833833507280878 1.5219035725218015 6.799999997019768
      vertex 0.5656854228418956 0.5656854228418956 8.5
      vertex 0.6346826698686109 0.4870091413927261 8.5
    endloop
  endfacet
  facet normal 0.8314696123025453 0.555570233019602 0
    outer loop
      vertex 1.9833833507280878 1.5219035725218015 6.799999997019768
      vertex 2.1650635094610964 1.25 3
      vertex 1.9833833507280878 1.5219035725218015 3
    endloop
  endfacet
  facet normal 0.8314696123025453 0.555570233019602 0
    outer loop
      vertex 2.1650635094610964 1.25 3
      vertex 1.9833833507280878 1.5219035725218015 6.799999997019768
      vertex 2.1650635094610964 1.25 6.799999997019768
    endloop
  endfacet
  facet normal 0 0 1
    outer loop
      vertex 1.9833833507280878 1.5219035725218015 3
      vertex 3.8971143170299736 2.25 3
      vertex 3.570090031310558 2.739426430539243 3
    endloop
  endfacet
  facet normal 0 0 1
    outer loop
      vertex 3.8971143170299736 2.25 3
      vertex 1.9833833507280878 1.5219035725218015 3
      vertex 2.1650635094610964 1.25 3
    endloop
  endfacet
  facet normal 0.8314696123025455 0.555570233019602 0
    outer loop
      vertex 3.570090031310558 2.739426430539243 3
      vertex 3.8971143170299736 2.25 1.5
      vertex 3.570090031310558 2.739426430539243 1.5
    endloop
  endfacet
  facet normal 0.8314696123025455 0.555570233019602 0
    outer loop
      vertex 3.8971143170299736 2.25 1.5
      vertex 3.570090031310558 2.739426430539243 3
      vertex 3.8971143170299736 2.25 3
    endloop
  endfacet
  facet normal 0.5885675477331842 0.39326826236786055 -0.7063485793639777
    outer loop
      vertex 3.570090031310558 2.739426430539243 1.5
      vertex 2.598076211353316 1.5 0
      vertex 2.3800600208737057 1.826284287026162 0
    endloop
  endfacet
  facet normal 0.5885675477331841 0.3932682623678606 -0.7063485793639778
    outer loop
      vertex 2.598076211353316 1.5 0
      vertex 3.570090031310558 2.739426430539243 1.5
      vertex 3.8971143170299736 2.25 1.5
    endloop
  endfacet
  facet normal 0 0 1
    outer loop
      vertex 2.3800600208737057 1.826284287026162 0
      vertex 0 0 0
      vertex 0 0 0
    endloop
  endfacet
  facet normal 0 0 -1
    outer loop
      vertex 0 0 0
      vertex 2.3800600208737057 1.826284287026162 0
      vertex 2.598076211353316 1.5 0
    endloop
  endfacet
  facet normal 0 0 0
    outer loop
      vertex 0 0 0
      vertex 0 0 8.5
      vertex 0 0 8.5
    endloop
  endfacet
  facet normal 0 0 0
    outer loop
      vertex 0 0 8.5
      vertex 0 0 0
      vertex 0 0 0
    endloop
  endfacet
  facet normal 0 0 1
    outer loop
      vertex 0 0 8.5
      vertex 0.692820320446594 0.3999999985098839 8.5
      vertex 0.6346826698686109 0.4870091413927261 8.5
    endloop
  endfacet
  facet normal 0 0 -1
    outer loop
      vertex 0.692820320446594 0.3999999985098839 8.5
      vertex 0 0 8.5
      vertex 0 0 8.5
    endloop
  endfacet
  facet normal 0.5885675477331841 0.3932682623678604 0.7063485793639778
    outer loop
      vertex 0.6346826698686109 0.4870091413927261 8.5
      vertex 2.1650635094610964 1.25 6.799999997019768
      vertex 1.9833833507280878 1.5219035725218015 6.799999997019768
    endloop
  endfacet
  facet normal 0.5885675477331846 0.39326826236785917 0.706348579363978
    outer loop
      vertex 2.1650635094610964 1.25 6.799999997019768
      vertex 0.6346826698686109 0.4870091413927261 8.5
      vertex 0.692820320446594 0.3999999985098839 8.5
    endloop
  endfacet
  facet normal 0.8968727415326878 0.4422886902190021 0
    outer loop
      vertex 2.1650635094610964 1.25 6.799999997019768
      vertex 2.309698831278217 0.9567085809127245 3
      vertex 2.1650635094610964 1.25 3
    endloop
  endfacet
  facet normal 0.8968727415326878 0.4422886902190021 0
    outer loop
      vertex 2.309698831278217 0.9567085809127245 3
      vertex 2.1650635094610964 1.25 6.799999997019768
      vertex 2.309698831278217 0.9567085809127245 6.799999997019768
    endloop
  endfacet
  facet normal 0 0 1
    outer loop
      vertex 2.1650635094610964 1.25 3
      vertex 4.15745789630079 1.722075445642904 3
      vertex 3.8971143170299736 2.25 3
    endloop
  endfacet
  facet normal 0 0 1
    outer loop
      vertex 4.15745789630079 1.722075445642904 3
      vertex 2.1650635094610964 1.25 3
      vertex 2.309698831278217 0.9567085809127245 3
    endloop
  endfacet
  facet normal 0.8968727415326884 0.4422886902190012 0
    outer loop
      vertex 3.8971143170299736 2.25 3
      vertex 4.15745789630079 1.722075445642904 1.5
      vertex 3.8971143170299736 2.25 1.5
    endloop
  endfacet
  facet normal 0.8968727415326884 0.4422886902190012 0
    outer loop
      vertex 4.15745789630079 1.722075445642904 1.5
      vertex 3.8971143170299736 2.25 3
      vertex 4.15745789630079 1.722075445642904 3
    endloop
  endfacet
  facet normal 0.6348640795793234 0.31308031699611655 -0.7063485793639777
    outer loop
      vertex 3.8971143170299736 2.25 1.5
      vertex 2.77163859753386 1.1480502970952693 0
      vertex 2.598076211353316 1.5 0
    endloop
  endfacet
  facet normal 0.6348640795793232 0.313080316996117 -0.7063485793639779
    outer loop
      vertex 2.77163859753386 1.1480502970952693 0
      vertex 3.8971143170299736 2.25 1.5
      vertex 4.15745789630079 1.722075445642904 1.5
    endloop
  endfacet
  facet normal 0 0 0
    outer loop
      vertex 2.598076211353316 1.5 0
      vertex 0 0 0
      vertex 0 0 0
    endloop
  endfacet
  facet normal 0 0 -1
    outer loop
      vertex 0 0 0
      vertex 2.598076211353316 1.5 0
      vertex 2.77163859753386 1.1480502970952693 0
    endloop
  endfacet
  facet normal 0 0 0
    outer loop
      vertex 0 0 0
      vertex 0 0 8.5
      vertex 0 0 8.5
    endloop
  endfacet
  facet normal 0 0 0
    outer loop
      vertex 0 0 8.5
      vertex 0 0 0
      vertex 0 0 0
    endloop
  endfacet
  facet normal 0 0 1
    outer loop
      vertex 0 0 8.5
      vertex 0.7391036232556538 0.3061467447515863 8.5
      vertex 0.692820320446594 0.3999999985098839 8.5
    endloop
  endfacet
  facet normal 0 0 -1
    outer loop
      vertex 0.7391036232556538 0.3061467447515863 8.5
      vertex 0 0 8.5
      vertex 0 0 8.5
    endloop
  endfacet
  facet normal 0.6348640795793228 0.31308031699611766 0.706348579363978
    outer loop
      vertex 0.692820320446594 0.3999999985098839 8.5
      vertex 2.309698831278217 0.9567085809127245 6.799999997019768
      vertex 2.1650635094610964 1.25 6.799999997019768
    endloop
  endfacet
  facet normal 0.6348640795793228 0.31308031699611794 0.7063485793639779
    outer loop
      vertex 2.309698831278217 0.9567085809127245 6.799999997019768
      vertex 0.692820320446594 0.3999999985098839 8.5
      vertex 0.7391036232556538 0.3061467447515863 8.5
    endloop
  endfacet
  facet normal 0.9469301294951057 0.32143946530316136 0
    outer loop
      vertex 2.309698831278217 0.9567085809127245 6.799999997019768
      vertex 2.4148145657226707 0.6470476127563018 3
      vertex 2.309698831278217 0.9567085809127245 3
    endloop
  endfacet
  facet normal 0.9469301294951057 0.32143946530316136 0
    outer loop
      vertex 2.4148145657226707 0.6470476127563018 3
      vertex 2.309698831278217 0.9567085809127245 6.799999997019768
      vertex 2.4148145657226707 0.6470476127563018 6.799999997019768
    endloop
  endfacet
  facet normal 0 0 1
    outer loop
      vertex 2.309698831278217 0.9567085809127245 3
      vertex 4.346666218300808 1.1646857029613433 3
      vertex 4.15745789630079 1.722075445642904 3
    endloop
  endfacet
  facet normal 0 0 1
    outer loop
      vertex 4.346666218300808 1.1646857029613433 3
      vertex 2.309698831278217 0.9567085809127245 3
      vertex 2.4148145657226707 0.6470476127563018 3
    endloop
  endfacet
  facet normal 0.9469301294951054 0.3214394653031626 0
    outer loop
      vertex 4.15745789630079 1.722075445642904 3
      vertex 4.346666218300808 1.1646857029613433 1.5
      vertex 4.15745789630079 1.722075445642904 1.5
    endloop
  endfacet
  facet normal 0.9469301294951054 0.3214394653031626 0
    outer loop
      vertex 4.346666218300808 1.1646857029613433 1.5
      vertex 4.15745789630079 1.722075445642904 3
      vertex 4.346666218300808 1.1646857029613433 3
    endloop
  endfacet
  facet normal 0.6702979110062834 0.22753548059830778 -0.7063485793639778
    outer loop
      vertex 4.15745789630079 1.722075445642904 1.5
      vertex 2.897777478867205 0.7764571353075622 0
      vertex 2.77163859753386 1.1480502970952693 0
    endloop
  endfacet
  facet normal 0.6702979110062833 0.22753548059830775 -0.7063485793639778
    outer loop
      vertex 2.897777478867205 0.7764571353075622 0
      vertex 4.15745789630079 1.722075445642904 1.5
      vertex 4.346666218300808 1.1646857029613433 1.5
    endloop
  endfacet
  facet normal 0 0 1
    outer loop
      vertex 2.77163859753386 1.1480502970952693 0
      vertex 0 0 0
      vertex 0 0 0
    endloop
  endfacet
  facet normal 0 0 -1
    outer loop
      vertex 0 0 0
      vertex 2.77163859753386 1.1480502970952693 0
      vertex 2.897777478867205 0.7764571353075622 0
    endloop
  endfacet
  facet normal 0 0 0
    outer loop
      vertex 0 0 0
      vertex 0 0 8.5
      vertex 0 0 8.5
    endloop
  endfacet
  facet normal 0 0 0
    outer loop
      vertex 0 0 8.5
      vertex 0 0 0
      vertex 0 0 0
    endloop
  endfacet
  facet normal 0 0 1
    outer loop
      vertex 0 0 8.5
      vertex 0.7727406581525713 0.20705523531067574 8.5
      vertex 0.7391036232556538 0.3061467447515863 8.5
    endloop
  endfacet
  facet normal 0 0 -1
    outer loop
      vertex 0.7727406581525713 0.20705523531067574 8.5
      vertex 0 0 8.5
      vertex 0 0 8.5
    endloop
  endfacet
  facet normal 0.6702979110062837 0.22753548059830697 0.7063485793639778
    outer loop
      vertex 0.7391036232556538 0.3061467447515863 8.5
      vertex 2.4148145657226707 0.6470476127563018 6.799999997019768
      vertex 2.309698831278217 0.9567085809127245 6.799999997019768
    endloop
  endfacet
  facet normal 0.6702979110062836 0.2275354805983073 0.7063485793639778
    outer loop
      vertex 2.4148145657226707 0.6470476127563018 6.799999997019768
      vertex 0.7391036232556538 0.3061467447515863 8.5
      vertex 0.7727406581525713 0.20705523531067574 8.5
    endloop
  endfacet
  facet normal 0.9807852804032305 0.19509032201612822 0
    outer loop
      vertex 2.4148145657226707 0.6470476127563018 6.799999997019768
      vertex 2.478612153434526 0.32631548055012893 3
      vertex 2.4148145657226707 0.6470476127563018 3
    endloop
  endfacet
  facet normal 0.9807852804032305 0.19509032201612822 0
    outer loop
      vertex 2.478612153434526 0.32631548055012893 3
      vertex 2.4148145657226707 0.6470476127563018 6.799999997019768
      vertex 2.478612153434526 0.32631548055012893 6.799999997019768
    endloop
  endfacet
  facet normal 0 0 1
    outer loop
      vertex 2.4148145657226707 0.6470476127563018 3
      vertex 4.4615018761821466 0.5873678649902321 3
      vertex 4.346666218300808 1.1646857029613433 3
    endloop
  endfacet
  facet normal 0 0 1
    outer loop
      vertex 4.4615018761821466 0.5873678649902321 3
      vertex 2.4148145657226707 0.6470476127563018 3
      vertex 2.478612153434526 0.32631548055012893 3
    endloop
  endfacet
  facet normal 0.9807852804032305 0.1950903220161273 0
    outer loop
      vertex 4.346666218300808 1.1646857029613433 3
      vertex 4.4615018761821466 0.5873678649902321 1.5
      vertex 4.346666218300808 1.1646857029613433 1.5
    endloop
  endfacet
  facet normal 0.9807852804032305 0.1950903220161273 0
    outer loop
      vertex 4.4615018761821466 0.5873678649902321 1.5
      vertex 4.346666218300808 1.1646857029613433 3
      vertex 4.4615018761821466 0.5873678649902321 3
    endloop
  endfacet
  facet normal 0.6942627593342362 0.138097449042706 -0.7063485793639778
    outer loop
      vertex 4.346666218300808 1.1646857029613433 1.5
      vertex 2.974334584121431 0.3915785766601547 0
      vertex 2.897777478867205 0.7764571353075622 0
    endloop
  endfacet
  facet normal 0.6942627593342361 0.138097449042706 -0.7063485793639779
    outer loop
      vertex 2.974334584121431 0.3915785766601547 0
      vertex 4.346666218300808 1.1646857029613433 1.5
      vertex 4.4615018761821466 0.5873678649902321 1.5
    endloop
  endfacet
  facet normal 0 0 -1
    outer loop
      vertex 2.897777478867205 0.7764571353075622 0
      vertex 0 0 0
      vertex 0 0 0
    endloop
  endfacet
  facet normal 0 0 -1
    outer loop
      vertex 0 0 0
      vertex 2.897777478867205 0.7764571353075622 0
      vertex 2.974334584121431 0.3915785766601547 0
    endloop
  endfacet
  facet normal 0 0 0
    outer loop
      vertex 0 0 0
      vertex 0 0 8.5
      vertex 0 0 8.5
    endloop
  endfacet
  facet normal 0 0 0
    outer loop
      vertex 0 0 8.5
      vertex 0 0 0
      vertex 0 0 0
    endloop
  endfacet
  facet normal 0 0 1
    outer loop
      vertex 0 0 8.5
      vertex 0.7931558861443123 0.1044209533870429 8.5
      vertex 0.7727406581525713 0.20705523531067574 8.5
    endloop
  endfacet
  facet normal 0 0 -1
    outer loop
      vertex 0.7931558861443123 0.1044209533870429 8.5
      vertex 0 0 8.5
      vertex 0 0 8.5
    endloop
  endfacet
  facet normal 0.694262759334236 0.13809744904270685 0.7063485793639779
    outer loop
      vertex 0.7727406581525713 0.20705523531067574 8.5
      vertex 2.478612153434526 0.32631548055012893 6.799999997019768
      vertex 2.4148145657226707 0.6470476127563018 6.799999997019768
    endloop
  endfacet
  facet normal 0.6942627593342362 0.13809744904270643 0.7063485793639777
    outer loop
      vertex 2.478612153434526 0.32631548055012893 6.799999997019768
      vertex 0.7727406581525713 0.20705523531067574 8.5
      vertex 0.7931558861443123 0.1044209533870429 8.5
    endloop
  endfacet
  facet normal 0.9978589232386036 0.06540312923014313 0
    outer loop
      vertex 2.478612153434526 0.32631548055012893 6.799999997019768
      vertex 2.5 0 3
      vertex 2.478612153434526 0.32631548055012893 3
    endloop
  endfacet
  facet normal 0.9978589232386036 0.06540312923014313 0
    outer loop
      vertex 2.5 0 3
      vertex 2.478612153434526 0.32631548055012893 6.799999997019768
      vertex 2.5 0 6.799999997019768
    endloop
  endfacet
  facet normal 0 0 1
    outer loop
      vertex 2.478612153434526 0.32631548055012893 3
      vertex 4.5 0 3
      vertex 4.4615018761821466 0.5873678649902321 3
    endloop
  endfacet
  facet normal 0 0 1
    outer loop
      vertex 4.5 0 3
      vertex 2.478612153434526 0.32631548055012893 3
      vertex 2.5 0 3
    endloop
  endfacet
  facet normal 0.9978589232386035 0.06540312923014358 0
    outer loop
      vertex 4.4615018761821466 0.5873678649902321 3
      vertex 4.5 0 1.5
      vertex 4.4615018761821466 0.5873678649902321 1.5
    endloop
  endfacet
  facet normal 0.9978589232386035 0.06540312923014358 0
    outer loop
      vertex 4.5 0 1.5
      vertex 4.4615018761821466 0.5873678649902321 3
      vertex 4.5 0 3
    endloop
  endfacet
  facet normal 0.7063485793639779 0.04629653184613959 -0.7063485793639779
    outer loop
      vertex 4.4615018761821466 0.5873678649902321 1.5
      vertex 3 0 0
      vertex 2.974334584121431 0.3915785766601547 0
    endloop
  endfacet
  facet normal 0.7063485793639779 0.0462965318461396 -0.7063485793639779
    outer loop
      vertex 3 0 0
      vertex 4.4615018761821466 0.5873678649902321 1.5
      vertex 4.5 0 1.5
    endloop
  endfacet
  facet normal 0 0 1
    outer loop
      vertex 2.974334584121431 0.3915785766601547 0
      vertex 0 0 0
      vertex 0 0 0
    endloop
  endfacet
  facet normal 0 0 -1
    outer loop
      vertex 0 0 0
      vertex 2.974334584121431 0.3915785766601547 0
      vertex 3 0 0
    endloop
  endfacet
  facet normal 0 0 0
    outer loop
      vertex 0 0 0
      vertex 0 0 8.5
      vertex 0 0 8.5
    endloop
  endfacet
  facet normal 0 0 0
    outer loop
      vertex 0 0 8.5
      vertex 0 0 0
      vertex 0 0 0
    endloop
  endfacet
  facet normal 0 0 1
    outer loop
      vertex 0 0 8.5
      vertex 0.7999999970197678 0 8.5
      vertex 0.7931558861443123 0.1044209533870429 8.5
    endloop
  endfacet
  facet normal 0 0 0
    outer loop
      vertex 0.7999999970197678 0 8.5
      vertex 0 0 8.5
      vertex 0 0 8.5
    endloop
  endfacet
  facet normal 0.7063485793639778 0.04629653184613929 0.7063485793639778
    outer loop
      vertex 0.7931558861443123 0.1044209533870429 8.5
      vertex 2.5 0 6.799999997019768
      vertex 2.478612153434526 0.32631548055012893 6.799999997019768
    endloop
  endfacet
  facet normal 0.7063485793639777 0.04629653184614056 0.7063485793639777
    outer loop
      vertex 2.5 0 6.799999997019768
      vertex 0.7931558861443123 0.1044209533870429 8.5
      vertex 0.7999999970197678 0 8.5
    endloop
  endfacet
  facet normal 0.9978589232386036 -0.06540312923014313 0
    outer loop
      vertex 2.5 0 6.799999997019768
      vertex 2.478612153434526 -0.32631548055012893 3
      vertex 2.5 0 3
    endloop
  endfacet
  facet normal 0.9978589232386036 -0.06540312923014313 0
    outer loop
      vertex 2.478612153434526 -0.32631548055012893 3
      vertex 2.5 0 6.799999997019768
      vertex 2.478612153434526 -0.32631548055012893 6.799999997019768
    endloop
  endfacet
  facet normal 0 0 1
    outer loop
      vertex 2.5 0 3
      vertex 4.4615018761821466 -0.5873678649902321 3
      vertex 4.5 0 3
    endloop
  endfacet
  facet normal 0 0 1
    outer loop
      vertex 4.4615018761821466 -0.5873678649902321 3
      vertex 2.5 0 3
      vertex 2.478612153434526 -0.32631548055012893 3
    endloop
  endfacet
  facet normal 0.9978589232386035 -0.06540312923014358 0
    outer loop
      vertex 4.5 0 3
      vertex 4.4615018761821466 -0.5873678649902321 1.5
      vertex 4.5 0 1.5
    endloop
  endfacet
  facet normal 0.9978589232386035 -0.06540312923014358 0
    outer loop
      vertex 4.4615018761821466 -0.5873678649902321 1.5
      vertex 4.5 0 3
      vertex 4.4615018761821466 -0.5873678649902321 3
    endloop
  endfacet
  facet normal 0.7063485793639779 -0.04629653184613959 -0.7063485793639779
    outer loop
      vertex 4.5 0 1.5
      vertex 2.974334584121431 -0.3915785766601547 0
      vertex 3 0 0
    endloop
  endfacet
  facet normal 0.7063485793639779 -0.0462965318461396 -0.7063485793639779
    outer loop
      vertex 2.974334584121431 -0.3915785766601547 0
      vertex 4.5 0 1.5
      vertex 4.4615018761821466 -0.5873678649902321 1.5
    endloop
  endfacet
  facet normal 0 0 0
    outer loop
      vertex 3 0 0
      vertex 0 0 0
      vertex 0 0 0
    endloop
  endfacet
  facet normal 0 0 -1
    outer loop
      vertex 0 0 0
      vertex 3 0 0
      vertex 2.974334584121431 -0.3915785766601547 0
    endloop
  endfacet
  facet normal 0 0 0
    outer loop
      vertex 0 0 0
      vertex 0 0 8.5
      vertex 0 0 8.5
    endloop
  endfacet
  facet normal 0 0 0
    outer loop
      vertex 0 0 8.5
      vertex 0 0 0
      vertex 0 0 0
    endloop
  endfacet
  facet normal 0 0 1
    outer loop
      vertex 0 0 8.5
      vertex 0.7931558861443123 -0.1044209533870429 8.5
      vertex 0.7999999970197678 0 8.5
    endloop
  endfacet
  facet normal 0 0 1
    outer loop
      vertex 0.7931558861443123 -0.1044209533870429 8.5
      vertex 0 0 8.5
      vertex 0 0 8.5
    endloop
  endfacet
  facet normal 0.7063485793639779 -0.04629653184613928 0.7063485793639779
    outer loop
      vertex 0.7999999970197678 0 8.5
      vertex 2.478612153434526 -0.32631548055012893 6.799999997019768
      vertex 2.5 0 6.799999997019768
    endloop
  endfacet
  facet normal 0.7063485793639777 -0.046296531846140465 0.7063485793639779
    outer loop
      vertex 2.478612153434526 -0.32631548055012893 6.799999997019768
      vertex 0.7999999970197678 0 8.5
      vertex 0.7931558861443123 -0.1044209533870429 8.5
    endloop
  endfacet
  facet normal 0.9807852804032305 -0.19509032201612822 0
    outer loop
      vertex 2.478612153434526 -0.32631548055012893 6.799999997019768
      vertex 2.4148145657226707 -0.6470476127563018 3
      vertex 2.478612153434526 -0.32631548055012893 3
    endloop
  endfacet
  facet normal 0.9807852804032305 -0.19509032201612822 0
    outer loop
      vertex 2.4148145657226707 -0.6470476127563018 3
      vertex 2.478612153434526 -0.32631548055012893 6.799999997019768
      vertex 2.4148145657226707 -0.6470476127563018 6.799999997019768
    endloop
  endfacet
  facet normal 0 0 1
    outer loop
      vertex 2.478612153434526 -0.32631548055012893 3
      vertex 4.346666218300808 -1.1646857029613433 3
      vertex 4.4615018761821466 -0.5873678649902321 3
    endloop
  endfacet
  facet normal 0 0 1
    outer loop
      vertex 4.346666218300808 -1.1646857029613433 3
      vertex 2.478612153434526 -0.32631548055012893 3
      vertex 2.4148145657226707 -0.6470476127563018 3
    endloop
  endfacet
  facet normal 0.9807852804032305 -0.1950903220161273 0
    outer loop
      vertex 4.4615018761821466 -0.5873678649902321 3
      vertex 4.346666218300808 -1.1646857029613433 1.5
      vertex 4.4615018761821466 -0.5873678649902321 1.5
    endloop
  endfacet
  facet normal 0.9807852804032305 -0.1950903220161273 0
    outer loop
      vertex 4.346666218300808 -1.1646857029613433 1.5
      vertex 4.4615018761821466 -0.5873678649902321 3
      vertex 4.346666218300808 -1.1646857029613433 3
    endloop
  endfacet
  facet normal 0.6942627593342361 -0.13809744904270596 -0.7063485793639779
    outer loop
      vertex 4.4615018761821466 -0.5873678649902321 1.5
      vertex 2.897777478867205 -0.7764571353075622 0
      vertex 2.974334584121431 -0.3915785766601547 0
    endloop
  endfacet
  facet normal 0.6942627593342361 -0.138097449042706 -0.7063485793639778
    outer loop
      vertex 2.897777478867205 -0.7764571353075622 0
      vertex 4.4615018761821466 -0.5873678649902321 1.5
      vertex 4.346666218300808 -1.1646857029613433 1.5
    endloop
  endfacet
  facet normal 0 0 -1
    outer loop
      vertex 2.974334584121431 -0.3915785766601547 0
      vertex 0 0 0
      vertex 0 0 0
    endloop
  endfacet
  facet normal 0 0 -1
    outer loop
      vertex 0 0 0
      vertex 2.974334584121431 -0.3915785766601547 0
      vertex 2.897777478867205 -0.7764571353075622 0
    endloop
  endfacet
  facet normal 0 0 0
    outer loop
      vertex 0 0 0
      vertex 0 0 8.5
      vertex 0 0 8.5
    endloop
  endfacet
  facet normal 0 0 0
    outer loop
      vertex 0 0 8.5
      vertex 0 0 0
      vertex 0 0 0
    endloop
  endfacet
  facet normal 0 0 1
    outer loop
      vertex 0 0 8.5
      vertex 0.7727406581525713 -0.20705523531067574 8.5
      vertex 0.7931558861443123 -0.1044209533870429 8.5
    endloop
  endfacet
  facet normal 0 0 1
    outer loop
      vertex 0.7727406581525713 -0.20705523531067574 8.5
      vertex 0 0 8.5
      vertex 0 0 8.5
    endloop
  endfacet
  facet normal 0.6942627593342361 -0.13809744904270677 0.706348579363978
    outer loop
      vertex 0.7931558861443123 -0.1044209533870429 8.5
      vertex 2.4148145657226707 -0.6470476127563018 6.799999997019768
      vertex 2.478612153434526 -0.32631548055012893 6.799999997019768
    endloop
  endfacet
  facet normal 0.6942627593342361 -0.13809744904270618 0.7063485793639778
    outer loop
      vertex 2.4148145657226707 -0.6470476127563018 6.799999997019768
      vertex 0.7931558861443123 -0.1044209533870429 8.5
      vertex 0.7727406581525713 -0.20705523531067574 8.5
    endloop
  endfacet
  facet normal 0.9469301294951057 -0.32143946530316136 0
    outer loop
      vertex 2.4148145657226707 -0.6470476127563018 6.799999997019768
      vertex 2.309698831278217 -0.9567085809127245 3
      vertex 2.4148145657226707 -0.6470476127563018 3
    endloop
  endfacet
  facet normal 0.9469301294951057 -0.32143946530316136 0
    outer loop
      vertex 2.309698831278217 -0.9567085809127245 3
      vertex 2.4148145657226707 -0.6470476127563018 6.799999997019768
      vertex 2.309698831278217 -0.9567085809127245 6.799999997019768
    endloop
  endfacet
  facet normal 0 0 1
    outer loop
      vertex 2.4148145657226707 -0.6470476127563018 3
      vertex 4.15745789630079 -1.722075445642904 3
      vertex 4.346666218300808 -1.1646857029613433 3
    endloop
  endfacet
  facet normal 0 0 1
    outer loop
      vertex 4.15745789630079 -1.722075445642904 3
      vertex 2.4148145657226707 -0.6470476127563018 3
      vertex 2.309698831278217 -0.9567085809127245 3
    endloop
  endfacet
  facet normal 0.9469301294951054 -0.3214394653031626 0
    outer loop
      vertex 4.346666218300808 -1.1646857029613433 3
      vertex 4.15745789630079 -1.722075445642904 1.5
      vertex 4.346666218300808 -1.1646857029613433 1.5
    endloop
  endfacet
  facet normal 0.9469301294951054 -0.3214394653031626 0
    outer loop
      vertex 4.15745789630079 -1.722075445642904 1.5
      vertex 4.346666218300808 -1.1646857029613433 3
      vertex 4.15745789630079 -1.722075445642904 3
    endloop
  endfacet
  facet normal 0.6702979110062833 -0.22753548059830775 -0.7063485793639778
    outer loop
      vertex 4.346666218300808 -1.1646857029613433 1.5
      vertex 2.77163859753386 -1.1480502970952693 0
      vertex 2.897777478867205 -0.7764571353075622 0
    endloop
  endfacet
  facet normal 0.6702979110062833 -0.22753548059830775 -0.7063485793639778
    outer loop
      vertex 2.77163859753386 -1.1480502970952693 0
      vertex 4.346666218300808 -1.1646857029613433 1.5
      vertex 4.15745789630079 -1.722075445642904 1.5
    endloop
  endfacet
  facet normal 0 0 1
    outer loop
      vertex 2.897777478867205 -0.7764571353075622 0
      vertex 0 0 0
      vertex 0 0 0
    endloop
  endfacet
  facet normal 0 0 -1
    outer loop
      vertex 0 0 0
      vertex 2.897777478867205 -0.7764571353075622 0
      vertex 2.77163859753386 -1.1480502970952693 0
    endloop
  endfacet
  facet normal 0 0 0
    outer loop
      vertex 0 0 0
      vertex 0 0 8.5
      vertex 0 0 8.5
    endloop
  endfacet
  facet normal 0 0 0
    outer loop
      vertex 0 0 8.5
      vertex 0 0 0
      vertex 0 0 0
    endloop
  endfacet
  facet normal 0 0 1
    outer loop
      vertex 0 0 8.5
      vertex 0.7391036232556538 -0.3061467447515863 8.5
      vertex 0.7727406581525713 -0.20705523531067574 8.5
    endloop
  endfacet
  facet normal 0 0 1
    outer loop
      vertex 0.7391036232556538 -0.3061467447515863 8.5
      vertex 0 0 8.5
      vertex 0 0 8.5
    endloop
  endfacet
  facet normal 0.6702979110062836 -0.22753548059830703 0.7063485793639779
    outer loop
      vertex 0.7727406581525713 -0.20705523531067574 8.5
      vertex 2.309698831278217 -0.9567085809127245 6.799999997019768
      vertex 2.4148145657226707 -0.6470476127563018 6.799999997019768
    endloop
  endfacet
  facet normal 0.6702979110062834 -0.2275354805983074 0.7063485793639779
    outer loop
      vertex 2.309698831278217 -0.9567085809127245 6.799999997019768
      vertex 0.7727406581525713 -0.20705523531067574 8.5
      vertex 0.7391036232556538 -0.3061467447515863 8.5
    endloop
  endfacet
  facet normal 0.8968727415326878 -0.4422886902190021 0
    outer loop
      vertex 2.309698831278217 -0.9567085809127245 6.799999997019768
      vertex 2.1650635094610964 -1.25 3
      vertex 2.309698831278217 -0.9567085809127245 3
    endloop
  endfacet
  facet normal 0.8968727415326878 -0.4422886902190021 0
    outer loop
      vertex 2.1650635094610964 -1.25 3
      vertex 2.309698831278217 -0.9567085809127245 6.799999997019768
      vertex 2.1650635094610964 -1.25 6.799999997019768
    endloop
  endfacet
  facet normal 0 0 1
    outer loop
      vertex 2.309698831278217 -0.9567085809127245 3
      vertex 3.8971143170299736 -2.25 3
      vertex 4.15745789630079 -1.722075445642904 3
    endloop
  endfacet
  facet normal 0 0 1
    outer loop
      vertex 3.8971143170299736 -2.25 3
      vertex 2.309698831278217 -0.9567085809127245 3
      vertex 2.1650635094610964 -1.25 3
    endloop
  endfacet
  facet normal 0.8968727415326884 -0.4422886902190012 0
    outer loop
      vertex 4.15745789630079 -1.722075445642904 3
      vertex 3.8971143170299736 -2.25 1.5
      vertex 4.15745789630079 -1.722075445642904 1.5
    endloop
  endfacet
  facet normal 0.8968727415326884 -0.4422886902190012 0
    outer loop
      vertex 3.8971143170299736 -2.25 1.5
      vertex 4.15745789630079 -1.722075445642904 3
      vertex 3.8971143170299736 -2.25 3
    endloop
  endfacet
  facet normal 0.6348640795793233 -0.31308031699611655 -0.7063485793639778
    outer loop
      vertex 4.15745789630079 -1.722075445642904 1.5
      vertex 2.598076211353316 -1.5 0
      vertex 2.77163859753386 -1.1480502970952693 0
    endloop
  endfacet
  facet normal 0.6348640795793233 -0.31308031699611705 -0.7063485793639778
    outer loop
      vertex 2.598076211353316 -1.5 0
      vertex 4.15745789630079 -1.722075445642904 1.5
      vertex 3.8971143170299736 -2.25 1.5
    endloop
  endfacet
  facet normal 0 0 -1
    outer loop
      vertex 2.77163859753386 -1.1480502970952693 0
      vertex 0 0 0
      vertex 0 0 0
    endloop
  endfacet
  facet normal 0 0 -1
    outer loop
      vertex 0 0 0
      vertex 2.77163859753386 -1.1480502970952693 0
      vertex 2.598076211353316 -1.5 0
    endloop
  endfacet
  facet normal 0 0 0
    outer loop
      vertex 0 0 0
      vertex 0 0 8.5
      vertex 0 0 8.5
    endloop
  endfacet
  facet normal 0 0 0
    outer loop
      vertex 0 0 8.5
      vertex 0 0 0
      vertex 0 0 0
    endloop
  endfacet
  facet normal 0 0 1
    outer loop
      vertex 0 0 8.5
      vertex 0.692820320446594 -0.3999999985098839 8.5
      vertex 0.7391036232556538 -0.3061467447515863 8.5
    endloop
  endfacet
  facet normal 0 0 1
    outer loop
      vertex 0.692820320446594 -0.3999999985098839 8.5
      vertex 0 0 8.5
      vertex 0 0 8.5
    endloop
  endfacet
  facet normal 0.6348640795793228 -0.3130803169961176 0.706348579363978
    outer loop
      vertex 0.7391036232556538 -0.3061467447515863 8.5
      vertex 2.1650635094610964 -1.25 6.799999997019768
      vertex 2.309698831278217 -0.9567085809127245 6.799999997019768
    endloop
  endfacet
  facet normal 0.634864079579323 -0.31308031699611766 0.7063485793639778
    outer loop
      vertex 2.1650635094610964 -1.25 6.799999997019768
      vertex 0.7391036232556538 -0.3061467447515863 8.5
      vertex 0.692820320446594 -0.3999999985098839 8.5
    endloop
  endfacet
  facet normal 0.8314696123025453 -0.555570233019602 0
    outer loop
      vertex 2.1650635094610964 -1.25 6.799999997019768
      vertex 1.9833833507280878 -1.5219035725218015 3
      vertex 2.1650635094610964 -1.25 3
    endloop
  endfacet
  facet normal 0.8314696123025453 -0.555570233019602 0
    outer loop
      vertex 1.9833833507280878 -1.5219035725218015 3
      vertex 2.1650635094610964 -1.25 6.799999997019768
      vertex 1.9833833507280878 -1.5219035725218015 6.799999997019768
    endloop
  endfacet
  facet normal 0 0 1
    outer loop
      vertex 2.1650635094610964 -1.25 3
      vertex 3.570090031310558 -2.739426430539243 3
      vertex 3.8971143170299736 -2.25 3
    endloop
  endfacet
  facet normal 0 0 1
    outer loop
      vertex 3.570090031310558 -2.739426430539243 3
      vertex 2.1650635094610964 -1.25 3
      vertex 1.9833833507280878 -1.5219035725218015 3
    endloop
  endfacet
  facet normal 0.8314696123025455 -0.555570233019602 0
    outer loop
      vertex 3.8971143170299736 -2.25 3
      vertex 3.570090031310558 -2.739426430539243 1.5
      vertex 3.8971143170299736 -2.25 1.5
    endloop
  endfacet
  facet normal 0.8314696123025455 -0.555570233019602 0
    outer loop
      vertex 3.570090031310558 -2.739426430539243 1.5
      vertex 3.8971143170299736 -2.25 3
      vertex 3.570090031310558 -2.739426430539243 3
    endloop
  endfacet
  facet normal 0.5885675477331841 -0.39326826236786083 -0.7063485793639777
    outer loop
      vertex 3.8971143170299736 -2.25 1.5
      vertex 2.3800600208737057 -1.826284287026162 0
      vertex 2.598076211353316 -1.5 0
    endloop
  endfacet
  facet normal 0.588567547733184 -0.39326826236786083 -0.7063485793639778
    outer loop
      vertex 2.3800600208737057 -1.826284287026162 0
      vertex 3.8971143170299736 -2.25 1.5
      vertex 3.570090031310558 -2.739426430539243 1.5
    endloop
  endfacet
  facet normal 0 0 0
    outer loop
      vertex 2.598076211353316 -1.5 0
      vertex 0 0 0
      vertex 0 0 0
    endloop
  endfacet
  facet normal 0 0 -1
    outer loop
      vertex 0 0 0
      vertex 2.598076211353316 -1.5 0
      vertex 2.3800600208737057 -1.826284287026162 0
    endloop
  endfacet
  facet normal 0 0 0
    outer loop
      vertex 0 0 0
      vertex 0 0 8.5
      vertex 0 0 8.5
    endloop
  endfacet
  facet normal 0 0 0
    outer loop
      vertex 0 0 8.5
      vertex 0 0 0
      vertex 0 0 0
    endloop
  endfacet
  facet normal 0 0 1
    outer loop
      vertex 0 0 8.5
      vertex 0.6346826698686109 -0.4870091413927261 8.5
      vertex 0.692820320446594 -0.3999999985098839 8.5
    endloop
  endfacet
  facet normal 0 0 -1
    outer loop
      vertex 0.6346826698686109 -0.4870091413927261 8.5
      vertex 0 0 8.5
      vertex 0 0 8.5
    endloop
  endfacet
  facet normal 0.5885675477331841 -0.39326826236786055 0.7063485793639778
    outer loop
      vertex 0.692820320446594 -0.3999999985098839 8.5
      vertex 1.9833833507280878 -1.5219035725218015 6.799999997019768
      vertex 2.1650635094610964 -1.25 6.799999997019768
    endloop
  endfacet
  facet normal 0.5885675477331848 -0.39326826236785967 0.7063485793639778
    outer loop
      vertex 1.9833833507280878 -1.5219035725218015 6.799999997019768
      vertex 0.692820320446594 -0.3999999985098839 8.5
      vertex 0.6346826698686109 -0.4870091413927261 8.5
    endloop
  endfacet
  facet normal 0.7518398074789778 -0.6593458151000683 0
    outer loop
      vertex 1.9833833507280878 -1.5219035725218015 6.799999997019768
      vertex 1.7677669529663689 -1.7677669529663689 3
      vertex 1.9833833507280878 -1.5219035725218015 3
    endloop
  endfacet
  facet normal 0.7518398074789778 -0.6593458151000683 0
    outer loop
      vertex 1.7677669529663689 -1.7677669529663689 3
      vertex 1.9833833507280878 -1.5219035725218015 6.799999997019768
      vertex 1.7677669529663689 -1.7677669529663689 6.799999997019768
    endloop
  endfacet
  facet normal 0 0 1
    outer loop
      vertex 1.9833833507280878 -1.5219035725218015 3
      vertex 3.1819805153394642 -3.1819805153394642 3
      vertex 3.570090031310558 -2.739426430539243 3
    endloop
  endfacet
  facet normal 0 0 1
    outer loop
      vertex 3.1819805153394642 -3.1819805153394642 3
      vertex 1.9833833507280878 -1.5219035725218015 3
      vertex 1.7677669529663689 -1.7677669529663689 3
    endloop
  endfacet
  facet normal 0.7518398074789782 -0.6593458151000681 0
    outer loop
      vertex 3.570090031310558 -2.739426430539243 3
      vertex 3.1819805153394642 -3.1819805153394642 1.5
      vertex 3.570090031310558 -2.739426430539243 1.5
    endloop
  endfacet
  facet normal 0.7518398074789782 -0.6593458151000681 0
    outer loop
      vertex 3.1819805153394642 -3.1819805153394642 1.5
      vertex 3.570090031310558 -2.739426430539243 3
      vertex 3.1819805153394642 -3.1819805153394642 3
    endloop
  endfacet
  facet normal 0.5322004619635772 -0.46672727873592884 -0.7063485793639779
    outer loop
      vertex 3.570090031310558 -2.739426430539243 1.5
      vertex 2.121320343559643 -2.121320343559643 0
      vertex 2.3800600208737057 -1.826284287026162 0
    endloop
  endfacet
  facet normal 0.5322004619635775 -0.4667272787359284 -0.7063485793639779
    outer loop
      vertex 2.121320343559643 -2.121320343559643 0
      vertex 3.570090031310558 -2.739426430539243 1.5
      vertex 3.1819805153394642 -3.1819805153394642 1.5
    endloop
  endfacet
  facet normal 0 0 -1
    outer loop
      vertex 2.3800600208737057 -1.826284287026162 0
      vertex 0 0 0
      vertex 0 0 0
    endloop
  endfacet
  facet normal 0 0 -1
    outer loop
      vertex 0 0 0
      vertex 2.3800600208737057 -1.826284287026162 0
      vertex 2.121320343559643 -2.121320343559643 0
    endloop
  endfacet
  facet normal 0 0 0
    outer loop
      vertex 0 0 0
      vertex 0 0 8.5
      vertex 0 0 8.5
    endloop
  endfacet
  facet normal 0 0 0
    outer loop
      vertex 0 0 8.5
      vertex 0 0 0
      vertex 0 0 0
    endloop
  endfacet
  facet normal 0 0 1
    outer loop
      vertex 0 0 8.5
      vertex 0.5656854228418956 -0.5656854228418956 8.5
      vertex 0.6346826698686109 -0.4870091413927261 8.5
    endloop
  endfacet
  facet normal 0 0 -1
    outer loop
      vertex 0.5656854228418956 -0.5656854228418956 8.5
      vertex 0 0 8.5
      vertex 0 0 8.5
    endloop
  endfacet
  facet normal 0.5322004619635773 -0.4667272787359287 0.7063485793639778
    outer loop
      vertex 0.6346826698686109 -0.4870091413927261 8.5
      vertex 1.7677669529663689 -1.7677669529663689 6.799999997019768
      vertex 1.9833833507280878 -1.5219035725218015 6.799999997019768
    endloop
  endfacet
  facet normal 0.5322004619635768 -0.4667272787359297 0.7063485793639777
    outer loop
      vertex 1.7677669529663689 -1.7677669529663689 6.799999997019768
      vertex 0.6346826698686109 -0.4870091413927261 8.5
      vertex 0.5656854228418956 -0.5656854228418956 8.5
    endloop
  endfacet
  facet normal 0.6593458151000683 -0.7518398074789778 0
    outer loop
      vertex 1.7677669529663689 -1.7677669529663689 6.799999997019768
      vertex 1.5219035725218015 -1.9833833507280878 3
      vertex 1.7677669529663689 -1.7677669529663689 3
    endloop
  endfacet
  facet normal 0.6593458151000683 -0.7518398074789778 0
    outer loop
      vertex 1.5219035725218015 -1.9833833507280878 3
      vertex 1.7677669529663689 -1.7677669529663689 6.799999997019768
      vertex 1.5219035725218015 -1.9833833507280878 6.799999997019768
    endloop
  endfacet
  facet normal 0 0 1
    outer loop
      vertex 1.7677669529663689 -1.7677669529663689 3
      vertex 2.739426430539243 -3.570090031310558 3
      vertex 3.1819805153394642 -3.1819805153394642 3
    endloop
  endfacet
  facet normal 0 0 1
    outer loop
      vertex 2.739426430539243 -3.570090031310558 3
      vertex 1.7677669529663689 -1.7677669529663689 3
      vertex 1.5219035725218015 -1.9833833507280878 3
    endloop
  endfacet
  facet normal 0.6593458151000681 -0.7518398074789782 0
    outer loop
      vertex 3.1819805153394642 -3.1819805153394642 3
      vertex 2.739426430539243 -3.570090031310558 1.5
      vertex 3.1819805153394642 -3.1819805153394642 1.5
    endloop
  endfacet
  facet normal 0.6593458151000681 -0.7518398074789782 0
    outer loop
      vertex 2.739426430539243 -3.570090031310558 1.5
      vertex 3.1819805153394642 -3.1819805153394642 3
      vertex 2.739426430539243 -3.570090031310558 3
    endloop
  endfacet
  facet normal 0.46672727873592873 -0.532200461963577 -0.7063485793639779
    outer loop
      vertex 3.1819805153394642 -3.1819805153394642 1.5
      vertex 1.826284287026162 -2.3800600208737057 0
      vertex 2.121320343559643 -2.121320343559643 0
    endloop
  endfacet
  facet normal 0.46672727873592845 -0.5322004619635775 -0.7063485793639779
    outer loop
      vertex 1.826284287026162 -2.3800600208737057 0
      vertex 3.1819805153394642 -3.1819805153394642 1.5
      vertex 2.739426430539243 -3.570090031310558 1.5
    endloop
  endfacet
  facet normal 0 0 -1
    outer loop
      vertex 2.121320343559643 -2.121320343559643 0
      vertex 0 0 0
      vertex 0 0 0
    endloop
  endfacet
  facet normal 0 0 -1
    outer loop
      vertex 0 0 0
      vertex 2.121320343559643 -2.121320343559643 0
      vertex 1.826284287026162 -2.3800600208737057 0
    endloop
  endfacet
  facet normal 0 0 0
    outer loop
      vertex 0 0 0
      vertex 0 0 8.5
      vertex 0 0 8.5
    endloop
  endfacet
  facet normal 0 0 0
    outer loop
      vertex 0 0 8.5
      vertex 0 0 0
      vertex 0 0 0
    endloop
  endfacet
  facet normal 0 0 1
    outer loop
      vertex 0 0 8.5
      vertex 0.4870091413927261 -0.6346826698686109 8.5
      vertex 0.5656854228418956 -0.5656854228418956 8.5
    endloop
  endfacet
  facet normal 0 0 -1
    outer loop
      vertex 0.4870091413927261 -0.6346826698686109 8.5
      vertex 0 0 8.5
      vertex 0 0 8.5
    endloop
  endfacet
  facet normal 0.46672727873592873 -0.5322004619635773 0.7063485793639779
    outer loop
      vertex 0.5656854228418956 -0.5656854228418956 8.5
      vertex 1.5219035725218015 -1.9833833507280878 6.799999997019768
      vertex 1.7677669529663689 -1.7677669529663689 6.799999997019768
    endloop
  endfacet
  facet normal 0.46672727873592934 -0.5322004619635767 0.7063485793639777
    outer loop
      vertex 1.5219035725218015 -1.9833833507280878 6.799999997019768
      vertex 0.5656854228418956 -0.5656854228418956 8.5
      vertex 0.4870091413927261 -0.6346826698686109 8.5
    endloop
  endfacet
  facet normal 0.555570233019602 -0.8314696123025453 0
    outer loop
      vertex 1.5219035725218015 -1.9833833507280878 6.799999997019768
      vertex 1.25 -2.1650635094610964 3
      vertex 1.5219035725218015 -1.9833833507280878 3
    endloop
  endfacet
  facet normal 0.555570233019602 -0.8314696123025453 0
    outer loop
      vertex 1.25 -2.1650635094610964 3
      vertex 1.5219035725218015 -1.9833833507280878 6.799999997019768
      vertex 1.25 -2.1650635094610964 6.799999997019768
    endloop
  endfacet
  facet normal 0 0 1
    outer loop
      vertex 1.5219035725218015 -1.9833833507280878 3
      vertex 2.25 -3.8971143170299736 3
      vertex 2.739426430539243 -3.570090031310558 3
    endloop
  endfacet
  facet normal 0 0 1
    outer loop
      vertex 2.25 -3.8971143170299736 3
      vertex 1.5219035725218015 -1.9833833507280878 3
      vertex 1.25 -2.1650635094610964 3
    endloop
  endfacet
  facet normal 0.555570233019602 -0.8314696123025455 0
    outer loop
      vertex 2.739426430539243 -3.570090031310558 3
      vertex 2.25 -3.8971143170299736 1.5
      vertex 2.739426430539243 -3.570090031310558 1.5
    endloop
  endfacet
  facet normal 0.555570233019602 -0.8314696123025455 0
    outer loop
      vertex 2.25 -3.8971143170299736 1.5
      vertex 2.739426430539243 -3.570090031310558 3
      vertex 2.25 -3.8971143170299736 3
    endloop
  endfacet
  facet normal 0.3932682623678606 -0.5885675477331841 -0.7063485793639778
    outer loop
      vertex 2.739426430539243 -3.570090031310558 1.5
      vertex 1.5 -2.598076211353316 0
      vertex 1.826284287026162 -2.3800600208737057 0
    endloop
  endfacet
  facet normal 0.3932682623678606 -0.5885675477331841 -0.7063485793639778
    outer loop
      vertex 1.5 -2.598076211353316 0
      vertex 2.739426430539243 -3.570090031310558 1.5
      vertex 2.25 -3.8971143170299736 1.5
    endloop
  endfacet
  facet normal 0 0 -1
    outer loop
      vertex 1.826284287026162 -2.3800600208737057 0
      vertex 0 0 0
      vertex 0 0 0
    endloop
  endfacet
  facet normal 0 0 -1
    outer loop
      vertex 0 0 0
      vertex 1.826284287026162 -2.3800600208737057 0
      vertex 1.5 -2.598076211353316 0
    endloop
  endfacet
  facet normal 0 0 0
    outer loop
      vertex 0 0 0
      vertex 0 0 8.5
      vertex 0 0 8.5
    endloop
  endfacet
  facet normal 0 0 0
    outer loop
      vertex 0 0 8.5
      vertex 0 0 0
      vertex 0 0 0
    endloop
  endfacet
  facet normal 0 0 1
    outer loop
      vertex 0 0 8.5
      vertex 0.3999999985098839 -0.692820320446594 8.5
      vertex 0.4870091413927261 -0.6346826698686109 8.5
    endloop
  endfacet
  facet normal 0 0 1
    outer loop
      vertex 0.3999999985098839 -0.692820320446594 8.5
      vertex 0 0 8.5
      vertex 0 0 8.5
    endloop
  endfacet
  facet normal 0.39326826236786055 -0.5885675477331841 0.7063485793639778
    outer loop
      vertex 0.4870091413927261 -0.6346826698686109 8.5
      vertex 1.25 -2.1650635094610964 6.799999997019768
      vertex 1.5219035725218015 -1.9833833507280878 6.799999997019768
    endloop
  endfacet
  facet normal 0.39326826236785994 -0.5885675477331846 0.7063485793639777
    outer loop
      vertex 1.25 -2.1650635094610964 6.799999997019768
      vertex 0.4870091413927261 -0.6346826698686109 8.5
      vertex 0.3999999985098839 -0.692820320446594 8.5
    endloop
  endfacet
  facet normal 0.4422886902190021 -0.8968727415326878 0
    outer loop
      vertex 1.25 -2.1650635094610964 6.799999997019768
      vertex 0.9567085809127245 -2.309698831278217 3
      vertex 1.25 -2.1650635094610964 3
    endloop
  endfacet
  facet normal 0.4422886902190021 -0.8968727415326878 0
    outer loop
      vertex 0.9567085809127245 -2.309698831278217 3
      vertex 1.25 -2.1650635094610964 6.799999997019768
      vertex 0.9567085809127245 -2.309698831278217 6.799999997019768
    endloop
  endfacet
  facet normal 0 0 1
    outer loop
      vertex 1.25 -2.1650635094610964 3
      vertex 1.722075445642904 -4.15745789630079 3
      vertex 2.25 -3.8971143170299736 3
    endloop
  endfacet
  facet normal 0 0 1
    outer loop
      vertex 1.722075445642904 -4.15745789630079 3
      vertex 1.25 -2.1650635094610964 3
      vertex 0.9567085809127245 -2.309698831278217 3
    endloop
  endfacet
  facet normal 0.4422886902190012 -0.8968727415326884 0
    outer loop
      vertex 2.25 -3.8971143170299736 3
      vertex 1.722075445642904 -4.15745789630079 1.5
      vertex 2.25 -3.8971143170299736 1.5
    endloop
  endfacet
  facet normal 0.4422886902190012 -0.8968727415326884 0
    outer loop
      vertex 1.722075445642904 -4.15745789630079 1.5
      vertex 2.25 -3.8971143170299736 3
      vertex 1.722075445642904 -4.15745789630079 3
    endloop
  endfacet
  facet normal 0.31308031699611655 -0.6348640795793234 -0.7063485793639777
    outer loop
      vertex 2.25 -3.8971143170299736 1.5
      vertex 1.1480502970952693 -2.77163859753386 0
      vertex 1.5 -2.598076211353316 0
    endloop
  endfacet
  facet normal 0.31308031699611705 -0.6348640795793233 -0.7063485793639779
    outer loop
      vertex 1.1480502970952693 -2.77163859753386 0
      vertex 2.25 -3.8971143170299736 1.5
      vertex 1.722075445642904 -4.15745789630079 1.5
    endloop
  endfacet
  facet normal 0 0 0
    outer loop
      vertex 1.5 -2.598076211353316 0
      vertex 0 0 0
      vertex 0 0 0
    endloop
  endfacet
  facet normal 0 0 -1
    outer loop
      vertex 0 0 0
      vertex 1.5 -2.598076211353316 0
      vertex 1.1480502970952693 -2.77163859753386 0
    endloop
  endfacet
  facet normal 0 0 0
    outer loop
      vertex 0 0 0
      vertex 0 0 8.5
      vertex 0 0 8.5
    endloop
  endfacet
  facet normal 0 0 0
    outer loop
      vertex 0 0 8.5
      vertex 0 0 0
      vertex 0 0 0
    endloop
  endfacet
  facet normal 0 0 1
    outer loop
      vertex 0 0 8.5
      vertex 0.3061467447515863 -0.7391036232556538 8.5
      vertex 0.3999999985098839 -0.692820320446594 8.5
    endloop
  endfacet
  facet normal 0 0 1
    outer loop
      vertex 0.3061467447515863 -0.7391036232556538 8.5
      vertex 0 0 8.5
      vertex 0 0 8.5
    endloop
  endfacet
  facet normal 0.3130803169961177 -0.6348640795793228 0.7063485793639779
    outer loop
      vertex 0.3999999985098839 -0.692820320446594 8.5
      vertex 0.9567085809127245 -2.309698831278217 6.799999997019768
      vertex 1.25 -2.1650635094610964 6.799999997019768
    endloop
  endfacet
  facet normal 0.3130803169961173 -0.6348640795793227 0.7063485793639781
    outer loop
      vertex 0.9567085809127245 -2.309698831278217 6.799999997019768
      vertex 0.3999999985098839 -0.692820320446594 8.5
      vertex 0.3061467447515863 -0.7391036232556538 8.5
    endloop
  endfacet
  facet normal 0.32143946530316136 -0.9469301294951057 0
    outer loop
      vertex 0.9567085809127245 -2.309698831278217 6.799999997019768
      vertex 0.6470476127563018 -2.4148145657226707 3
      vertex 0.9567085809127245 -2.309698831278217 3
    endloop
  endfacet
  facet normal 0.32143946530316136 -0.9469301294951057 0
    outer loop
      vertex 0.6470476127563018 -2.4148145657226707 3
      vertex 0.9567085809127245 -2.309698831278217 6.799999997019768
      vertex 0.6470476127563018 -2.4148145657226707 6.799999997019768
    endloop
  endfacet
  facet normal 0 0 1
    outer loop
      vertex 0.9567085809127245 -2.309698831278217 3
      vertex 1.1646857029613433 -4.346666218300808 3
      vertex 1.722075445642904 -4.15745789630079 3
    endloop
  endfacet
  facet normal 0 0 1
    outer loop
      vertex 1.1646857029613433 -4.346666218300808 3
      vertex 0.9567085809127245 -2.309698831278217 3
      vertex 0.6470476127563018 -2.4148145657226707 3
    endloop
  endfacet
  facet normal 0.3214394653031626 -0.9469301294951054 0
    outer loop
      vertex 1.722075445642904 -4.15745789630079 3
      vertex 1.1646857029613433 -4.346666218300808 1.5
      vertex 1.722075445642904 -4.15745789630079 1.5
    endloop
  endfacet
  facet normal 0.3214394653031626 -0.9469301294951054 0
    outer loop
      vertex 1.1646857029613433 -4.346666218300808 1.5
      vertex 1.722075445642904 -4.15745789630079 3
      vertex 1.1646857029613433 -4.346666218300808 3
    endloop
  endfacet
  facet normal 0.22753548059830778 -0.6702979110062833 -0.7063485793639779
    outer loop
      vertex 1.722075445642904 -4.15745789630079 1.5
      vertex 0.7764571353075622 -2.897777478867205 0
      vertex 1.1480502970952693 -2.77163859753386 0
    endloop
  endfacet
  facet normal 0.22753548059830775 -0.6702979110062832 -0.7063485793639778
    outer loop
      vertex 0.7764571353075622 -2.897777478867205 0
      vertex 1.722075445642904 -4.15745789630079 1.5
      vertex 1.1646857029613433 -4.346666218300808 1.5
    endloop
  endfacet
  facet normal 0 0 -1
    outer loop
      vertex 1.1480502970952693 -2.77163859753386 0
      vertex 0 0 0
      vertex 0 0 0
    endloop
  endfacet
  facet normal 0 0 -1
    outer loop
      vertex 0 0 0
      vertex 1.1480502970952693 -2.77163859753386 0
      vertex 0.7764571353075622 -2.897777478867205 0
    endloop
  endfacet
  facet normal 0 0 0
    outer loop
      vertex 0 0 0
      vertex 0 0 8.5
      vertex 0 0 8.5
    endloop
  endfacet
  facet normal 0 0 0
    outer loop
      vertex 0 0 8.5
      vertex 0 0 0
      vertex 0 0 0
    endloop
  endfacet
  facet normal 0 0 1
    outer loop
      vertex 0 0 8.5
      vertex 0.20705523531067574 -0.7727406581525713 8.5
      vertex 0.3061467447515863 -0.7391036232556538 8.5
    endloop
  endfacet
  facet normal 0 0 1
    outer loop
      vertex 0.20705523531067574 -0.7727406581525713 8.5
      vertex 0 0 8.5
      vertex 0 0 8.5
    endloop
  endfacet
  facet normal 0.2275354805983067 -0.6702979110062837 0.706348579363978
    outer loop
      vertex 0.3061467447515863 -0.7391036232556538 8.5
      vertex 0.6470476127563018 -2.4148145657226707 6.799999997019768
      vertex 0.9567085809127245 -2.309698831278217 6.799999997019768
    endloop
  endfacet
  facet normal 0.22753548059830753 -0.6702979110062836 0.7063485793639777
    outer loop
      vertex 0.6470476127563018 -2.4148145657226707 6.799999997019768
      vertex 0.3061467447515863 -0.7391036232556538 8.5
      vertex 0.20705523531067574 -0.7727406581525713 8.5
    endloop
  endfacet
  facet normal 0.19509032201612822 -0.9807852804032305 0
    outer loop
      vertex 0.6470476127563018 -2.4148145657226707 6.799999997019768
      vertex 0.32631548055012893 -2.478612153434526 3
      vertex 0.6470476127563018 -2.4148145657226707 3
    endloop
  endfacet
  facet normal 0.19509032201612822 -0.9807852804032305 0
    outer loop
      vertex 0.32631548055012893 -2.478612153434526 3
      vertex 0.6470476127563018 -2.4148145657226707 6.799999997019768
      vertex 0.32631548055012893 -2.478612153434526 6.799999997019768
    endloop
  endfacet
  facet normal 0 0 1
    outer loop
      vertex 0.6470476127563018 -2.4148145657226707 3
      vertex 0.5873678649902321 -4.4615018761821466 3
      vertex 1.1646857029613433 -4.346666218300808 3
    endloop
  endfacet
  facet normal 0 0 1
    outer loop
      vertex 0.5873678649902321 -4.4615018761821466 3
      vertex 0.6470476127563018 -2.4148145657226707 3
      vertex 0.32631548055012893 -2.478612153434526 3
    endloop
  endfacet
  facet normal 0.1950903220161273 -0.9807852804032305 0
    outer loop
      vertex 1.1646857029613433 -4.346666218300808 3
      vertex 0.5873678649902321 -4.4615018761821466 1.5
      vertex 1.1646857029613433 -4.346666218300808 1.5
    endloop
  endfacet
  facet normal 0.1950903220161273 -0.9807852804032305 0
    outer loop
      vertex 0.5873678649902321 -4.4615018761821466 1.5
      vertex 1.1646857029613433 -4.346666218300808 3
      vertex 0.5873678649902321 -4.4615018761821466 3
    endloop
  endfacet
  facet normal 0.138097449042706 -0.6942627593342362 -0.7063485793639778
    outer loop
      vertex 1.1646857029613433 -4.346666218300808 1.5
      vertex 0.3915785766601547 -2.974334584121431 0
      vertex 0.7764571353075622 -2.897777478867205 0
    endloop
  endfacet
  facet normal 0.138097449042706 -0.6942627593342361 -0.7063485793639778
    outer loop
      vertex 0.3915785766601547 -2.974334584121431 0
      vertex 1.1646857029613433 -4.346666218300808 1.5
      vertex 0.5873678649902321 -4.4615018761821466 1.5
    endloop
  endfacet
  facet normal 0 0 1
    outer loop
      vertex 0.7764571353075622 -2.897777478867205 0
      vertex 0 0 0
      vertex 0 0 0
    endloop
  endfacet
  facet normal 0 0 -1
    outer loop
      vertex 0 0 0
      vertex 0.7764571353075622 -2.897777478867205 0
      vertex 0.3915785766601547 -2.974334584121431 0
    endloop
  endfacet
  facet normal 0 0 0
    outer loop
      vertex 0 0 0
      vertex 0 0 8.5
      vertex 0 0 8.5
    endloop
  endfacet
  facet normal 0 0 0
    outer loop
      vertex 0 0 8.5
      vertex 0 0 0
      vertex 0 0 0
    endloop
  endfacet
  facet normal 0 0 1
    outer loop
      vertex 0 0 8.5
      vertex 0.1044209533870429 -0.7931558861443123 8.5
      vertex 0.20705523531067574 -0.7727406581525713 8.5
    endloop
  endfacet
  facet normal 0 0 1
    outer loop
      vertex 0.1044209533870429 -0.7931558861443123 8.5
      vertex 0 0 8.5
      vertex 0 0 8.5
    endloop
  endfacet
  facet normal 0.1380974490427068 -0.694262759334236 0.7063485793639779
    outer loop
      vertex 0.20705523531067574 -0.7727406581525713 8.5
      vertex 0.32631548055012893 -2.478612153434526 6.799999997019768
      vertex 0.6470476127563018 -2.4148145657226707 6.799999997019768
    endloop
  endfacet
  facet normal 0.13809744904270635 -0.6942627593342361 0.7063485793639777
    outer loop
      vertex 0.32631548055012893 -2.478612153434526 6.799999997019768
      vertex 0.20705523531067574 -0.7727406581525713 8.5
      vertex 0.1044209533870429 -0.7931558861443123 8.5
    endloop
  endfacet
  facet normal 0.06540312923014313 -0.9978589232386036 0
    outer loop
      vertex 0.32631548055012893 -2.478612153434526 6.799999997019768
      vertex 0 -2.5 3
      vertex 0.32631548055012893 -2.478612153434526 3
    endloop
  endfacet
  facet normal 0.06540312923014313 -0.9978589232386036 0
    outer loop
      vertex 0 -2.5 3
      vertex 0.32631548055012893 -2.478612153434526 6.799999997019768
      vertex 0 -2.5 6.799999997019768
    endloop
  endfacet
  facet normal 0 0 1
    outer loop
      vertex 0.32631548055012893 -2.478612153434526 3
      vertex 0 -4.5 3
      vertex 0.5873678649902321 -4.4615018761821466 3
    endloop
  endfacet
  facet normal 0 0 1
    outer loop
      vertex 0 -4.5 3
      vertex 0.32631548055012893 -2.478612153434526 3
      vertex 0 -2.5 3
    endloop
  endfacet
  facet normal 0.06540312923014358 -0.9978589232386035 0
    outer loop
      vertex 0.5873678649902321 -4.4615018761821466 3
      vertex 0 -4.5 1.5
      vertex 0.5873678649902321 -4.4615018761821466 1.5
    endloop
  endfacet
  facet normal 0.06540312923014358 -0.9978589232386035 0
    outer loop
      vertex 0 -4.5 1.5
      vertex 0.5873678649902321 -4.4615018761821466 3
      vertex 0 -4.5 3
    endloop
  endfacet
  facet normal 0.04629653184613959 -0.7063485793639779 -0.7063485793639779
    outer loop
      vertex 0.5873678649902321 -4.4615018761821466 1.5
      vertex 0 -3 0
      vertex 0.3915785766601547 -2.974334584121431 0
    endloop
  endfacet
  facet normal 0.0462965318461396 -0.7063485793639779 -0.7063485793639779
    outer loop
      vertex 0 -3 0
      vertex 0.5873678649902321 -4.4615018761821466 1.5
      vertex 0 -4.5 1.5
    endloop
  endfacet
  facet normal 0 0 -1
    outer loop
      vertex 0.3915785766601547 -2.974334584121431 0
      vertex 0 0 0
      vertex 0 0 0
    endloop
  endfacet
  facet normal 0 0 -1
    outer loop
      vertex 0 0 0
      vertex 0.3915785766601547 -2.974334584121431 0
      vertex 0 -3 0
    endloop
  endfacet
  facet normal 0 0 0
    outer loop
      vertex 0 0 0
      vertex 0 0 8.5
      vertex 0 0 8.5
    endloop
  endfacet
  facet normal 0 0 0
    outer loop
      vertex 0 0 8.5
      vertex 0 0 0
      vertex 0 0 0
    endloop
  endfacet
  facet normal 0 0 1
    outer loop
      vertex 0 0 8.5
      vertex 0 -0.7999999970197678 8.5
      vertex 0.1044209533870429 -0.7931558861443123 8.5
    endloop
  endfacet
  facet normal 0 0 0
    outer loop
      vertex 0 -0.7999999970197678 8.5
      vertex 0 0 8.5
      vertex 0 0 8.5
    endloop
  endfacet
  facet normal 0.046296531846139514 -0.7063485793639778 0.7063485793639778
    outer loop
      vertex 0.1044209533870429 -0.7931558861443123 8.5
      vertex 0 -2.5 6.799999997019768
      vertex 0.32631548055012893 -2.478612153434526 6.799999997019768
    endloop
  endfacet
  facet normal 0.04629653184614135 -0.7063485793639777 0.7063485793639777
    outer loop
      vertex 0 -2.5 6.799999997019768
      vertex 0.1044209533870429 -0.7931558861443123 8.5
      vertex 0 -0.7999999970197678 8.5
    endloop
  endfacet
  facet normal -0.06540312923014313 -0.9978589232386036 0
    outer loop
      vertex 0 -2.5 6.799999997019768
      vertex -0.32631548055012893 -2.478612153434526 3
      vertex 0 -2.5 3
    endloop
  endfacet
  facet normal -0.06540312923014313 -0.9978589232386036 0
    outer loop
      vertex -0.32631548055012893 -2.478612153434526 3
      vertex 0 -2.5 6.799999997019768
      vertex -0.32631548055012893 -2.478612153434526 6.799999997019768
    endloop
  endfacet
  facet normal 0 0 1
    outer loop
      vertex 0 -2.5 3
      vertex -0.5873678649902321 -4.4615018761821466 3
      vertex 0 -4.5 3
    endloop
  endfacet
  facet normal 0 0 1
    outer loop
      vertex -0.5873678649902321 -4.4615018761821466 3
      vertex 0 -2.5 3
      vertex -0.32631548055012893 -2.478612153434526 3
    endloop
  endfacet
  facet normal -0.06540312923014358 -0.9978589232386035 0
    outer loop
      vertex 0 -4.5 3
      vertex -0.5873678649902321 -4.4615018761821466 1.5
      vertex 0 -4.5 1.5
    endloop
  endfacet
  facet normal -0.06540312923014358 -0.9978589232386035 0
    outer loop
      vertex -0.5873678649902321 -4.4615018761821466 1.5
      vertex 0 -4.5 3
      vertex -0.5873678649902321 -4.4615018761821466 3
    endloop
  endfacet
  facet normal -0.04629653184613959 -0.7063485793639779 -0.7063485793639779
    outer loop
      vertex 0 -4.5 1.5
      vertex -0.3915785766601547 -2.974334584121431 0
      vertex 0 -3 0
    endloop
  endfacet
  facet normal -0.0462965318461396 -0.7063485793639779 -0.7063485793639779
    outer loop
      vertex -0.3915785766601547 -2.974334584121431 0
      vertex 0 -4.5 1.5
      vertex -0.5873678649902321 -4.4615018761821466 1.5
    endloop
  endfacet
  facet normal 0 0 0
    outer loop
      vertex 0 -3 0
      vertex 0 0 0
      vertex 0 0 0
    endloop
  endfacet
  facet normal 0 0 -1
    outer loop
      vertex 0 0 0
      vertex 0 -3 0
      vertex -0.3915785766601547 -2.974334584121431 0
    endloop
  endfacet
  facet normal 0 0 0
    outer loop
      vertex 0 0 0
      vertex 0 0 8.5
      vertex 0 0 8.5
    endloop
  endfacet
  facet normal 0 0 0
    outer loop
      vertex 0 0 8.5
      vertex 0 0 0
      vertex 0 0 0
    endloop
  endfacet
  facet normal 0 0 1
    outer loop
      vertex 0 0 8.5
      vertex -0.1044209533870429 -0.7931558861443123 8.5
      vertex 0 -0.7999999970197678 8.5
    endloop
  endfacet
  facet normal 0 0 -1
    outer loop
      vertex -0.1044209533870429 -0.7931558861443123 8.5
      vertex 0 0 8.5
      vertex 0 0 8.5
    endloop
  endfacet
  facet normal -0.046296531846139 -0.7063485793639779 0.7063485793639779
    outer loop
      vertex 0 -0.7999999970197678 8.5
      vertex -0.32631548055012893 -2.478612153434526 6.799999997019768
      vertex 0 -2.5 6.799999997019768
    endloop
  endfacet
  facet normal -0.04629653184613971 -0.7063485793639777 0.7063485793639781
    outer loop
      vertex -0.32631548055012893 -2.478612153434526 6.799999997019768
      vertex 0 -0.7999999970197678 8.5
      vertex -0.1044209533870429 -0.7931558861443123 8.5
    endloop
  endfacet
  facet normal -0.19509032201612822 -0.9807852804032305 0
    outer loop
      vertex -0.32631548055012893 -2.478612153434526 6.799999997019768
      vertex -0.6470476127563018 -2.4148145657226707 3
      vertex -0.32631548055012893 -2.478612153434526 3
    endloop
  endfacet
  facet normal -0.19509032201612822 -0.9807852804032305 0
    outer loop
      vertex -0.6470476127563018 -2.4148145657226707 3
      vertex -0.32631548055012893 -2.478612153434526 6.799999997019768
      vertex -0.6470476127563018 -2.4148145657226707 6.799999997019768
    endloop
  endfacet
  facet normal 0 0 1
    outer loop
      vertex -0.32631548055012893 -2.478612153434526 3
      vertex -1.1646857029613433 -4.346666218300808 3
      vertex -0.5873678649902321 -4.4615018761821466 3
    endloop
  endfacet
  facet normal 0 0 1
    outer loop
      vertex -1.1646857029613433 -4.346666218300808 3
      vertex -0.32631548055012893 -2.478612153434526 3
      vertex -0.6470476127563018 -2.4148145657226707 3
    endloop
  endfacet
  facet normal -0.1950903220161273 -0.9807852804032305 0
    outer loop
      vertex -0.5873678649902321 -4.4615018761821466 3
      vertex -1.1646857029613433 -4.346666218300808 1.5
      vertex -0.5873678649902321 -4.4615018761821466 1.5
    endloop
  endfacet
  facet normal -0.1950903220161273 -0.9807852804032305 0
    outer loop
      vertex -1.1646857029613433 -4.346666218300808 1.5
      vertex -0.5873678649902321 -4.4615018761821466 3
      vertex -1.1646857029613433 -4.346666218300808 3
    endloop
  endfacet
  facet normal -0.138097449042706 -0.6942627593342362 -0.7063485793639778
    outer loop
      vertex -0.5873678649902321 -4.4615018761821466 1.5
      vertex -0.7764571353075622 -2.897777478867205 0
      vertex -0.3915785766601547 -2.974334584121431 0
    endloop
  endfacet
  facet normal -0.138097449042706 -0.6942627593342361 -0.7063485793639779
    outer loop
      vertex -0.7764571353075622 -2.897777478867205 0
      vertex -0.5873678649902321 -4.4615018761821466 1.5
      vertex -1.1646857029613433 -4.346666218300808 1.5
    endloop
  endfacet
  facet normal 0 0 1
    outer loop
      vertex -0.3915785766601547 -2.974334584121431 0
      vertex 0 0 0
      vertex 0 0 0
    endloop
  endfacet
  facet normal 0 0 -1
    outer loop
      vertex 0 0 0
      vertex -0.3915785766601547 -2.974334584121431 0
      vertex -0.7764571353075622 -2.897777478867205 0
    endloop
  endfacet
  facet normal 0 0 0
    outer loop
      vertex 0 0 0
      vertex 0 0 8.5
      vertex 0 0 8.5
    endloop
  endfacet
  facet normal 0 0 0
    outer loop
      vertex 0 0 8.5
      vertex 0 0 0
      vertex 0 0 0
    endloop
  endfacet
  facet normal 0 0 1
    outer loop
      vertex 0 0 8.5
      vertex -0.20705523531067574 -0.7727406581525713 8.5
      vertex -0.1044209533870429 -0.7931558861443123 8.5
    endloop
  endfacet
  facet normal 0 0 -1
    outer loop
      vertex -0.20705523531067574 -0.7727406581525713 8.5
      vertex 0 0 8.5
      vertex 0 0 8.5
    endloop
  endfacet
  facet normal -0.13809744904270638 -0.6942627593342361 0.706348579363978
    outer loop
      vertex -0.1044209533870429 -0.7931558861443123 8.5
      vertex -0.6470476127563018 -2.4148145657226707 6.799999997019768
      vertex -0.32631548055012893 -2.478612153434526 6.799999997019768
    endloop
  endfacet
  facet normal -0.13809744904270507 -0.6942627593342362 0.7063485793639778
    outer loop
      vertex -0.6470476127563018 -2.4148145657226707 6.799999997019768
      vertex -0.1044209533870429 -0.7931558861443123 8.5
      vertex -0.20705523531067574 -0.7727406581525713 8.5
    endloop
  endfacet
  facet normal -0.32143946530316136 -0.9469301294951057 0
    outer loop
      vertex -0.6470476127563018 -2.4148145657226707 6.799999997019768
      vertex -0.9567085809127245 -2.309698831278217 3
      vertex -0.6470476127563018 -2.4148145657226707 3
    endloop
  endfacet
  facet normal -0.32143946530316136 -0.9469301294951057 0
    outer loop
      vertex -0.9567085809127245 -2.309698831278217 3
      vertex -0.6470476127563018 -2.4148145657226707 6.799999997019768
      vertex -0.9567085809127245 -2.309698831278217 6.799999997019768
    endloop
  endfacet
  facet normal 0 0 1
    outer loop
      vertex -0.6470476127563018 -2.4148145657226707 3
      vertex -1.722075445642904 -4.15745789630079 3
      vertex -1.1646857029613433 -4.346666218300808 3
    endloop
  endfacet
  facet normal 0 0 1
    outer loop
      vertex -1.722075445642904 -4.15745789630079 3
      vertex -0.6470476127563018 -2.4148145657226707 3
      vertex -0.9567085809127245 -2.309698831278217 3
    endloop
  endfacet
  facet normal -0.3214394653031626 -0.9469301294951054 0
    outer loop
      vertex -1.1646857029613433 -4.346666218300808 3
      vertex -1.722075445642904 -4.15745789630079 1.5
      vertex -1.1646857029613433 -4.346666218300808 1.5
    endloop
  endfacet
  facet normal -0.3214394653031626 -0.9469301294951054 0
    outer loop
      vertex -1.722075445642904 -4.15745789630079 1.5
      vertex -1.1646857029613433 -4.346666218300808 3
      vertex -1.722075445642904 -4.15745789630079 3
    endloop
  endfacet
  facet normal -0.22753548059830775 -0.6702979110062833 -0.7063485793639779
    outer loop
      vertex -1.1646857029613433 -4.346666218300808 1.5
      vertex -1.1480502970952693 -2.77163859753386 0
      vertex -0.7764571353075622 -2.897777478867205 0
    endloop
  endfacet
  facet normal -0.22753548059830775 -0.6702979110062833 -0.7063485793639778
    outer loop
      vertex -1.1480502970952693 -2.77163859753386 0
      vertex -1.1646857029613433 -4.346666218300808 1.5
      vertex -1.722075445642904 -4.15745789630079 1.5
    endloop
  endfacet
  facet normal 0 0 -1
    outer loop
      vertex -0.7764571353075622 -2.897777478867205 0
      vertex 0 0 0
      vertex 0 0 0
    endloop
  endfacet
  facet normal 0 0 -1
    outer loop
      vertex 0 0 0
      vertex -0.7764571353075622 -2.897777478867205 0
      vertex -1.1480502970952693 -2.77163859753386 0
    endloop
  endfacet
  facet normal 0 0 0
    outer loop
      vertex 0 0 0
      vertex 0 0 8.5
      vertex 0 0 8.5
    endloop
  endfacet
  facet normal 0 0 0
    outer loop
      vertex 0 0 8.5
      vertex 0 0 0
      vertex 0 0 0
    endloop
  endfacet
  facet normal 0 0 1
    outer loop
      vertex 0 0 8.5
      vertex -0.3061467447515863 -0.7391036232556538 8.5
      vertex -0.20705523531067574 -0.7727406581525713 8.5
    endloop
  endfacet
  facet normal 0 0 -1
    outer loop
      vertex -0.3061467447515863 -0.7391036232556538 8.5
      vertex 0 0 8.5
      vertex 0 0 8.5
    endloop
  endfacet
  facet normal -0.22753548059830667 -0.6702979110062837 0.706348579363978
    outer loop
      vertex -0.20705523531067574 -0.7727406581525713 8.5
      vertex -0.9567085809127245 -2.309698831278217 6.799999997019768
      vertex -0.6470476127563018 -2.4148145657226707 6.799999997019768
    endloop
  endfacet
  facet normal -0.22753548059830742 -0.6702979110062836 0.7063485793639779
    outer loop
      vertex -0.9567085809127245 -2.309698831278217 6.799999997019768
      vertex -0.20705523531067574 -0.7727406581525713 8.5
      vertex -0.3061467447515863 -0.7391036232556538 8.5
    endloop
  endfacet
  facet normal -0.4422886902190021 -0.8968727415326878 0
    outer loop
      vertex -0.9567085809127245 -2.309698831278217 6.799999997019768
      vertex -1.25 -2.1650635094610964 3
      vertex -0.9567085809127245 -2.309698831278217 3
    endloop
  endfacet
  facet normal -0.4422886902190021 -0.8968727415326878 0
    outer loop
      vertex -1.25 -2.1650635094610964 3
      vertex -0.9567085809127245 -2.309698831278217 6.799999997019768
      vertex -1.25 -2.1650635094610964 6.799999997019768
    endloop
  endfacet
  facet normal 0 0 1
    outer loop
      vertex -0.9567085809127245 -2.309698831278217 3
      vertex -2.25 -3.8971143170299736 3
      vertex -1.722075445642904 -4.15745789630079 3
    endloop
  endfacet
  facet normal 0 0 1
    outer loop
      vertex -2.25 -3.8971143170299736 3
      vertex -0.9567085809127245 -2.309698831278217 3
      vertex -1.25 -2.1650635094610964 3
    endloop
  endfacet
  facet normal -0.4422886902190012 -0.8968727415326884 0
    outer loop
      vertex -1.722075445642904 -4.15745789630079 3
      vertex -2.25 -3.8971143170299736 1.5
      vertex -1.722075445642904 -4.15745789630079 1.5
    endloop
  endfacet
  facet normal -0.4422886902190012 -0.8968727415326884 0
    outer loop
      vertex -2.25 -3.8971143170299736 1.5
      vertex -1.722075445642904 -4.15745789630079 3
      vertex -2.25 -3.8971143170299736 3
    endloop
  endfacet
  facet normal -0.31308031699611655 -0.6348640795793233 -0.7063485793639778
    outer loop
      vertex -1.722075445642904 -4.15745789630079 1.5
      vertex -1.5 -2.598076211353316 0
      vertex -1.1480502970952693 -2.77163859753386 0
    endloop
  endfacet
  facet normal -0.31308031699611705 -0.6348640795793233 -0.7063485793639778
    outer loop
      vertex -1.5 -2.598076211353316 0
      vertex -1.722075445642904 -4.15745789630079 1.5
      vertex -2.25 -3.8971143170299736 1.5
    endloop
  endfacet
  facet normal 0 0 1
    outer loop
      vertex -1.1480502970952693 -2.77163859753386 0
      vertex 0 0 0
      vertex 0 0 0
    endloop
  endfacet
  facet normal 0 0 -1
    outer loop
      vertex 0 0 0
      vertex -1.1480502970952693 -2.77163859753386 0
      vertex -1.5 -2.598076211353316 0
    endloop
  endfacet
  facet normal 0 0 0
    outer loop
      vertex 0 0 0
      vertex 0 0 8.5
      vertex 0 0 8.5
    endloop
  endfacet
  facet normal 0 0 0
    outer loop
      vertex 0 0 8.5
      vertex 0 0 0
      vertex 0 0 0
    endloop
  endfacet
  facet normal 0 0 1
    outer loop
      vertex 0 0 8.5
      vertex -0.3999999985098839 -0.692820320446594 8.5
      vertex -0.3061467447515863 -0.7391036232556538 8.5
    endloop
  endfacet
  facet normal 0 0 -1
    outer loop
      vertex -0.3999999985098839 -0.692820320446594 8.5
      vertex 0 0 8.5
      vertex 0 0 8.5
    endloop
  endfacet
  facet normal -0.3130803169961178 -0.6348640795793228 0.7063485793639778
    outer loop
      vertex -0.3061467447515863 -0.7391036232556538 8.5
      vertex -1.25 -2.1650635094610964 6.799999997019768
      vertex -0.9567085809127245 -2.309698831278217 6.799999997019768
    endloop
  endfacet
  facet normal -0.31308031699611766 -0.6348640795793226 0.706348579363978
    outer loop
      vertex -1.25 -2.1650635094610964 6.799999997019768
      vertex -0.3061467447515863 -0.7391036232556538 8.5
      vertex -0.3999999985098839 -0.692820320446594 8.5
    endloop
  endfacet
  facet normal -0.555570233019602 -0.8314696123025453 0
    outer loop
      vertex -1.25 -2.1650635094610964 6.799999997019768
      vertex -1.5219035725218015 -1.9833833507280878 3
      vertex -1.25 -2.1650635094610964 3
    endloop
  endfacet
  facet normal -0.555570233019602 -0.8314696123025453 0
    outer loop
      vertex -1.5219035725218015 -1.9833833507280878 3
      vertex -1.25 -2.1650635094610964 6.799999997019768
      vertex -1.5219035725218015 -1.9833833507280878 6.799999997019768
    endloop
  endfacet
  facet normal 0 0 1
    outer loop
      vertex -1.25 -2.1650635094610964 3
      vertex -2.739426430539243 -3.570090031310558 3
      vertex -2.25 -3.8971143170299736 3
    endloop
  endfacet
  facet normal 0 0 1
    outer loop
      vertex -2.739426430539243 -3.570090031310558 3
      vertex -1.25 -2.1650635094610964 3
      vertex -1.5219035725218015 -1.9833833507280878 3
    endloop
  endfacet
  facet normal -0.555570233019602 -0.8314696123025455 0
    outer loop
      vertex -2.25 -3.8971143170299736 3
      vertex -2.739426430539243 -3.570090031310558 1.5
      vertex -2.25 -3.8971143170299736 1.5
    endloop
  endfacet
  facet normal -0.555570233019602 -0.8314696123025455 0
    outer loop
      vertex -2.739426430539243 -3.570090031310558 1.5
      vertex -2.25 -3.8971143170299736 3
      vertex -2.739426430539243 -3.570090031310558 3
    endloop
  endfacet
  facet normal -0.39326826236786055 -0.5885675477331841 -0.7063485793639779
    outer loop
      vertex -2.25 -3.8971143170299736 1.5
      vertex -1.826284287026162 -2.3800600208737057 0
      vertex -1.5 -2.598076211353316 0
    endloop
  endfacet
  facet normal -0.3932682623678606 -0.5885675477331841 -0.7063485793639778
    outer loop
      vertex -1.826284287026162 -2.3800600208737057 0
      vertex -2.25 -3.8971143170299736 1.5
      vertex -2.739426430539243 -3.570090031310558 1.5
    endloop
  endfacet
  facet normal 0 0 0
    outer loop
      vertex -1.5 -2.598076211353316 0
      vertex 0 0 0
      vertex 0 0 0
    endloop
  endfacet
  facet normal 0 0 -1
    outer loop
      vertex 0 0 0
      vertex -1.5 -2.598076211353316 0
      vertex -1.826284287026162 -2.3800600208737057 0
    endloop
  endfacet
  facet normal 0 0 0
    outer loop
      vertex 0 0 0
      vertex 0 0 8.5
      vertex 0 0 8.5
    endloop
  endfacet
  facet normal 0 0 0
    outer loop
      vertex 0 0 8.5
      vertex 0 0 0
      vertex 0 0 0
    endloop
  endfacet
  facet normal 0 0 1
    outer loop
      vertex 0 0 8.5
      vertex -0.4870091413927261 -0.6346826698686109 8.5
      vertex -0.3999999985098839 -0.692820320446594 8.5
    endloop
  endfacet
  facet normal 0 0 1
    outer loop
      vertex -0.4870091413927261 -0.6346826698686109 8.5
      vertex 0 0 8.5
      vertex 0 0 8.5
    endloop
  endfacet
  facet normal -0.3932682623678606 -0.5885675477331841 0.7063485793639779
    outer loop
      vertex -0.3999999985098839 -0.692820320446594 8.5
      vertex -1.5219035725218015 -1.9833833507280878 6.799999997019768
      vertex -1.25 -2.1650635094610964 6.799999997019768
    endloop
  endfacet
  facet normal -0.3932682623678599 -0.5885675477331844 0.7063485793639778
    outer loop
      vertex -1.5219035725218015 -1.9833833507280878 6.799999997019768
      vertex -0.3999999985098839 -0.692820320446594 8.5
      vertex -0.4870091413927261 -0.6346826698686109 8.5
    endloop
  endfacet
  facet normal -0.6593458151000683 -0.7518398074789778 0
    outer loop
      vertex -1.5219035725218015 -1.9833833507280878 6.799999997019768
      vertex -1.7677669529663689 -1.7677669529663689 3
      vertex -1.5219035725218015 -1.9833833507280878 3
    endloop
  endfacet
  facet normal -0.6593458151000683 -0.7518398074789778 0
    outer loop
      vertex -1.7677669529663689 -1.7677669529663689 3
      vertex -1.5219035725218015 -1.9833833507280878 6.799999997019768
      vertex -1.7677669529663689 -1.7677669529663689 6.799999997019768
    endloop
  endfacet
  facet normal 0 0 1
    outer loop
      vertex -1.5219035725218015 -1.9833833507280878 3
      vertex -3.1819805153394642 -3.1819805153394642 3
      vertex -2.739426430539243 -3.570090031310558 3
    endloop
  endfacet
  facet normal 0 0 1
    outer loop
      vertex -3.1819805153394642 -3.1819805153394642 3
      vertex -1.5219035725218015 -1.9833833507280878 3
      vertex -1.7677669529663689 -1.7677669529663689 3
    endloop
  endfacet
  facet normal -0.6593458151000681 -0.7518398074789782 0
    outer loop
      vertex -2.739426430539243 -3.570090031310558 3
      vertex -3.1819805153394642 -3.1819805153394642 1.5
      vertex -2.739426430539243 -3.570090031310558 1.5
    endloop
  endfacet
  facet normal -0.6593458151000681 -0.7518398074789782 0
    outer loop
      vertex -3.1819805153394642 -3.1819805153394642 1.5
      vertex -2.739426430539243 -3.570090031310558 3
      vertex -3.1819805153394642 -3.1819805153394642 3
    endloop
  endfacet
  facet normal -0.4667272787359288 -0.5322004619635772 -0.7063485793639778
    outer loop
      vertex -2.739426430539243 -3.570090031310558 1.5
      vertex -2.121320343559643 -2.121320343559643 0
      vertex -1.826284287026162 -2.3800600208737057 0
    endloop
  endfacet
  facet normal -0.4667272787359284 -0.5322004619635775 -0.7063485793639779
    outer loop
      vertex -2.121320343559643 -2.121320343559643 0
      vertex -2.739426430539243 -3.570090031310558 1.5
      vertex -3.1819805153394642 -3.1819805153394642 1.5
    endloop
  endfacet
  facet normal 0 0 1
    outer loop
      vertex -1.826284287026162 -2.3800600208737057 0
      vertex 0 0 0
      vertex 0 0 0
    endloop
  endfacet
  facet normal 0 0 -1
    outer loop
      vertex 0 0 0
      vertex -1.826284287026162 -2.3800600208737057 0
      vertex -2.121320343559643 -2.121320343559643 0
    endloop
  endfacet
  facet normal 0 0 0
    outer loop
      vertex 0 0 0
      vertex 0 0 8.5
      vertex 0 0 8.5
    endloop
  endfacet
  facet normal 0 0 0
    outer loop
      vertex 0 0 8.5
      vertex 0 0 0
      vertex 0 0 0
    endloop
  endfacet
  facet normal 0 0 1
    outer loop
      vertex 0 0 8.5
      vertex -0.5656854228418956 -0.5656854228418956 8.5
      vertex -0.4870091413927261 -0.6346826698686109 8.5
    endloop
  endfacet
  facet normal 0 0 1
    outer loop
      vertex -0.5656854228418956 -0.5656854228418956 8.5
      vertex 0 0 8.5
      vertex 0 0 8.5
    endloop
  endfacet
  facet normal -0.46672727873592856 -0.5322004619635774 0.7063485793639778
    outer loop
      vertex -0.4870091413927261 -0.6346826698686109 8.5
      vertex -1.7677669529663689 -1.7677669529663689 6.799999997019768
      vertex -1.5219035725218015 -1.9833833507280878 6.799999997019768
    endloop
  endfacet
  facet normal -0.46672727873592873 -0.5322004619635768 0.7063485793639782
    outer loop
      vertex -1.7677669529663689 -1.7677669529663689 6.799999997019768
      vertex -0.4870091413927261 -0.6346826698686109 8.5
      vertex -0.5656854228418956 -0.5656854228418956 8.5
    endloop
  endfacet
  facet normal -0.7518398074789778 -0.6593458151000683 0
    outer loop
      vertex -1.7677669529663689 -1.7677669529663689 6.799999997019768
      vertex -1.9833833507280878 -1.5219035725218015 3
      vertex -1.7677669529663689 -1.7677669529663689 3
    endloop
  endfacet
  facet normal -0.7518398074789778 -0.6593458151000683 0
    outer loop
      vertex -1.9833833507280878 -1.5219035725218015 3
      vertex -1.7677669529663689 -1.7677669529663689 6.799999997019768
      vertex -1.9833833507280878 -1.5219035725218015 6.799999997019768
    endloop
  endfacet
  facet normal 0 0 1
    outer loop
      vertex -1.7677669529663689 -1.7677669529663689 3
      vertex -3.570090031310558 -2.739426430539243 3
      vertex -3.1819805153394642 -3.1819805153394642 3
    endloop
  endfacet
  facet normal 0 0 1
    outer loop
      vertex -3.570090031310558 -2.739426430539243 3
      vertex -1.7677669529663689 -1.7677669529663689 3
      vertex -1.9833833507280878 -1.5219035725218015 3
    endloop
  endfacet
  facet normal -0.7518398074789782 -0.6593458151000681 0
    outer loop
      vertex -3.1819805153394642 -3.1819805153394642 3
      vertex -3.570090031310558 -2.739426430539243 1.5
      vertex -3.1819805153394642 -3.1819805153394642 1.5
    endloop
  endfacet
  facet normal -0.7518398074789782 -0.6593458151000681 0
    outer loop
      vertex -3.570090031310558 -2.739426430539243 1.5
      vertex -3.1819805153394642 -3.1819805153394642 3
      vertex -3.570090031310558 -2.739426430539243 3
    endloop
  endfacet
  facet normal -0.5322004619635772 -0.4667272787359288 -0.7063485793639778
    outer loop
      vertex -3.1819805153394642 -3.1819805153394642 1.5
      vertex -2.3800600208737057 -1.826284287026162 0
      vertex -2.121320343559643 -2.121320343559643 0
    endloop
  endfacet
  facet normal -0.5322004619635776 -0.46672727873592845 -0.7063485793639778
    outer loop
      vertex -2.3800600208737057 -1.826284287026162 0
      vertex -3.1819805153394642 -3.1819805153394642 1.5
      vertex -3.570090031310558 -2.739426430539243 1.5
    endloop
  endfacet
  facet normal 0 0 1
    outer loop
      vertex -2.121320343559643 -2.121320343559643 0
      vertex 0 0 0
      vertex 0 0 0
    endloop
  endfacet
  facet normal 0 0 -1
    outer loop
      vertex 0 0 0
      vertex -2.121320343559643 -2.121320343559643 0
      vertex -2.3800600208737057 -1.826284287026162 0
    endloop
  endfacet
  facet normal 0 0 0
    outer loop
      vertex 0 0 0
      vertex 0 0 8.5
      vertex 0 0 8.5
    endloop
  endfacet
  facet normal 0 0 0
    outer loop
      vertex 0 0 8.5
      vertex 0 0 0
      vertex 0 0 0
    endloop
  endfacet
  facet normal 0 0 1
    outer loop
      vertex 0 0 8.5
      vertex -0.6346826698686109 -0.4870091413927261 8.5
      vertex -0.5656854228418956 -0.5656854228418956 8.5
    endloop
  endfacet
  facet normal 0 0 1
    outer loop
      vertex -0.6346826698686109 -0.4870091413927261 8.5
      vertex 0 0 8.5
      vertex 0 0 8.5
    endloop
  endfacet
  facet normal -0.5322004619635772 -0.4667272787359287 0.7063485793639779
    outer loop
      vertex -0.5656854228418956 -0.5656854228418956 8.5
      vertex -1.9833833507280878 -1.5219035725218015 6.799999997019768
      vertex -1.7677669529663689 -1.7677669529663689 6.799999997019768
    endloop
  endfacet
  facet normal -0.5322004619635767 -0.46672727873592984 0.7063485793639775
    outer loop
      vertex -1.9833833507280878 -1.5219035725218015 6.799999997019768
      vertex -0.5656854228418956 -0.5656854228418956 8.5
      vertex -0.6346826698686109 -0.4870091413927261 8.5
    endloop
  endfacet
  facet normal -0.8314696123025453 -0.555570233019602 0
    outer loop
      vertex -1.9833833507280878 -1.5219035725218015 6.799999997019768
      vertex -2.1650635094610964 -1.25 3
      vertex -1.9833833507280878 -1.5219035725218015 3
    endloop
  endfacet
  facet normal -0.8314696123025453 -0.555570233019602 0
    outer loop
      vertex -2.1650635094610964 -1.25 3
      vertex -1.9833833507280878 -1.5219035725218015 6.799999997019768
      vertex -2.1650635094610964 -1.25 6.799999997019768
    endloop
  endfacet
  facet normal 0 0 1
    outer loop
      vertex -1.9833833507280878 -1.5219035725218015 3
      vertex -3.8971143170299736 -2.25 3
      vertex -3.570090031310558 -2.739426430539243 3
    endloop
  endfacet
  facet normal 0 0 1
    outer loop
      vertex -3.8971143170299736 -2.25 3
      vertex -1.9833833507280878 -1.5219035725218015 3
      vertex -2.1650635094610964 -1.25 3
    endloop
  endfacet
  facet normal -0.8314696123025455 -0.555570233019602 0
    outer loop
      vertex -3.570090031310558 -2.739426430539243 3
      vertex -3.8971143170299736 -2.25 1.5
      vertex -3.570090031310558 -2.739426430539243 1.5
    endloop
  endfacet
  facet normal -0.8314696123025455 -0.555570233019602 0
    outer loop
      vertex -3.8971143170299736 -2.25 1.5
      vertex -3.570090031310558 -2.739426430539243 3
      vertex -3.8971143170299736 -2.25 3
    endloop
  endfacet
  facet normal -0.5885675477331842 -0.39326826236786055 -0.7063485793639777
    outer loop
      vertex -3.570090031310558 -2.739426430539243 1.5
      vertex -2.598076211353316 -1.5 0
      vertex -2.3800600208737057 -1.826284287026162 0
    endloop
  endfacet
  facet normal -0.5885675477331841 -0.3932682623678606 -0.7063485793639778
    outer loop
      vertex -2.598076211353316 -1.5 0
      vertex -3.570090031310558 -2.739426430539243 1.5
      vertex -3.8971143170299736 -2.25 1.5
    endloop
  endfacet
  facet normal 0 0 1
    outer loop
      vertex -2.3800600208737057 -1.826284287026162 0
      vertex 0 0 0
      vertex 0 0 0
    endloop
  endfacet
  facet normal 0 0 -1
    outer loop
      vertex 0 0 0
      vertex -2.3800600208737057 -1.826284287026162 0
      vertex -2.598076211353316 -1.5 0
    endloop
  endfacet
  facet normal 0 0 0
    outer loop
      vertex 0 0 0
      vertex 0 0 8.5
      vertex 0 0 8.5
    endloop
  endfacet
  facet normal 0 0 0
    outer loop
      vertex 0 0 8.5
      vertex 0 0 0
      vertex 0 0 0
    endloop
  endfacet
  facet normal 0 0 1
    outer loop
      vertex 0 0 8.5
      vertex -0.692820320446594 -0.3999999985098839 8.5
      vertex -0.6346826698686109 -0.4870091413927261 8.5
    endloop
  endfacet
  facet normal 0 0 -1
    outer loop
      vertex -0.692820320446594 -0.3999999985098839 8.5
      vertex 0 0 8.5
      vertex 0 0 8.5
    endloop
  endfacet
  facet normal -0.5885675477331841 -0.3932682623678604 0.7063485793639778
    outer loop
      vertex -0.6346826698686109 -0.4870091413927261 8.5
      vertex -2.1650635094610964 -1.25 6.799999997019768
      vertex -1.9833833507280878 -1.5219035725218015 6.799999997019768
    endloop
  endfacet
  facet normal -0.5885675477331846 -0.39326826236785917 0.706348579363978
    outer loop
      vertex -2.1650635094610964 -1.25 6.799999997019768
      vertex -0.6346826698686109 -0.4870091413927261 8.5
      vertex -0.692820320446594 -0.3999999985098839 8.5
    endloop
  endfacet
  facet normal -0.8968727415326878 -0.4422886902190021 0
    outer loop
      vertex -2.1650635094610964 -1.25 6.799999997019768
      vertex -2.309698831278217 -0.9567085809127245 3
      vertex -2.1650635094610964 -1.25 3
    endloop
  endfacet
  facet normal -0.8968727415326878 -0.4422886902190021 0
    outer loop
      vertex -2.309698831278217 -0.9567085809127245 3
      vertex -2.1650635094610964 -1.25 6.799999997019768
      vertex -2.309698831278217 -0.9567085809127245 6.799999997019768
    endloop
  endfacet
  facet normal 0 0 1
    outer loop
      vertex -2.1650635094610964 -1.25 3
      vertex -4.15745789630079 -1.722075445642904 3
      vertex -3.8971143170299736 -2.25 3
    endloop
  endfacet
  facet normal 0 0 1
    outer loop
      vertex -4.15745789630079 -1.722075445642904 3
      vertex -2.1650635094610964 -1.25 3
      vertex -2.309698831278217 -0.9567085809127245 3
    endloop
  endfacet
  facet normal -0.8968727415326884 -0.4422886902190012 0
    outer loop
      vertex -3.8971143170299736 -2.25 3
      vertex -4.15745789630079 -1.722075445642904 1.5
      vertex -3.8971143170299736 -2.25 1.5
    endloop
  endfacet
  facet normal -0.8968727415326884 -0.4422886902190012 0
    outer loop
      vertex -4.15745789630079 -1.722075445642904 1.5
      vertex -3.8971143170299736 -2.25 3
      vertex -4.15745789630079 -1.722075445642904 3
    endloop
  endfacet
  facet normal -0.6348640795793234 -0.31308031699611655 -0.7063485793639777
    outer loop
      vertex -3.8971143170299736 -2.25 1.5
      vertex -2.77163859753386 -1.1480502970952693 0
      vertex -2.598076211353316 -1.5 0
    endloop
  endfacet
  facet normal -0.6348640795793232 -0.313080316996117 -0.7063485793639779
    outer loop
      vertex -2.77163859753386 -1.1480502970952693 0
      vertex -3.8971143170299736 -2.25 1.5
      vertex -4.15745789630079 -1.722075445642904 1.5
    endloop
  endfacet
  facet normal 0 0 0
    outer loop
      vertex -2.598076211353316 -1.5 0
      vertex 0 0 0
      vertex 0 0 0
    endloop
  endfacet
  facet normal 0 0 -1
    outer loop
      vertex 0 0 0
      vertex -2.598076211353316 -1.5 0
      vertex -2.77163859753386 -1.1480502970952693 0
    endloop
  endfacet
  facet normal 0 0 0
    outer loop
      vertex 0 0 0
      vertex 0 0 8.5
      vertex 0 0 8.5
    endloop
  endfacet
  facet normal 0 0 0
    outer loop
      vertex 0 0 8.5
      vertex 0 0 0
      vertex 0 0 0
    endloop
  endfacet
  facet normal 0 0 1
    outer loop
      vertex 0 0 8.5
      vertex -0.7391036232556538 -0.3061467447515863 8.5
      vertex -0.692820320446594 -0.3999999985098839 8.5
    endloop
  endfacet
  facet normal 0 0 -1
    outer loop
      vertex -0.7391036232556538 -0.3061467447515863 8.5
      vertex 0 0 8.5
      vertex 0 0 8.5
    endloop
  endfacet
  facet normal -0.6348640795793228 -0.31308031699611766 0.706348579363978
    outer loop
      vertex -0.692820320446594 -0.3999999985098839 8.5
      vertex -2.309698831278217 -0.9567085809127245 6.799999997019768
      vertex -2.1650635094610964 -1.25 6.799999997019768
    endloop
  endfacet
  facet normal -0.6348640795793228 -0.31308031699611794 0.7063485793639779
    outer loop
      vertex -2.309698831278217 -0.9567085809127245 6.799999997019768
      vertex -0.692820320446594 -0.3999999985098839 8.5
      vertex -0.7391036232556538 -0.3061467447515863 8.5
    endloop
  endfacet
  facet normal -0.9469301294951057 -0.32143946530316136 0
    outer loop
      vertex -2.309698831278217 -0.9567085809127245 6.799999997019768
      vertex -2.4148145657226707 -0.6470476127563018 3
      vertex -2.309698831278217 -0.9567085809127245 3
    endloop
  endfacet
  facet normal -0.9469301294951057 -0.32143946530316136 0
    outer loop
      vertex -2.4148145657226707 -0.6470476127563018 3
      vertex -2.309698831278217 -0.9567085809127245 6.799999997019768
      vertex -2.4148145657226707 -0.6470476127563018 6.799999997019768
    endloop
  endfacet
  facet normal 0 0 1
    outer loop
      vertex -2.309698831278217 -0.9567085809127245 3
      vertex -4.346666218300808 -1.1646857029613433 3
      vertex -4.15745789630079 -1.722075445642904 3
    endloop
  endfacet
  facet normal 0 0 1
    outer loop
      vertex -4.346666218300808 -1.1646857029613433 3
      vertex -2.309698831278217 -0.9567085809127245 3
      vertex -2.4148145657226707 -0.6470476127563018 3
    endloop
  endfacet
  facet normal -0.9469301294951054 -0.3214394653031626 0
    outer loop
      vertex -4.15745789630079 -1.722075445642904 3
      vertex -4.346666218300808 -1.1646857029613433 1.5
      vertex -4.15745789630079 -1.722075445642904 1.5
    endloop
  endfacet
  facet normal -0.9469301294951054 -0.3214394653031626 0
    outer loop
      vertex -4.346666218300808 -1.1646857029613433 1.5
      vertex -4.15745789630079 -1.722075445642904 3
      vertex -4.346666218300808 -1.1646857029613433 3
    endloop
  endfacet
  facet normal -0.6702979110062834 -0.22753548059830778 -0.7063485793639778
    outer loop
      vertex -4.15745789630079 -1.722075445642904 1.5
      vertex -2.897777478867205 -0.7764571353075622 0
      vertex -2.77163859753386 -1.1480502970952693 0
    endloop
  endfacet
  facet normal -0.6702979110062833 -0.22753548059830775 -0.7063485793639778
    outer loop
      vertex -2.897777478867205 -0.7764571353075622 0
      vertex -4.15745789630079 -1.722075445642904 1.5
      vertex -4.346666218300808 -1.1646857029613433 1.5
    endloop
  endfacet
  facet normal 0 0 1
    outer loop
      vertex -2.77163859753386 -1.1480502970952693 0
      vertex 0 0 0
      vertex 0 0 0
    endloop
  endfacet
  facet normal 0 0 -1
    outer loop
      vertex 0 0 0
      vertex -2.77163859753386 -1.1480502970952693 0
      vertex -2.897777478867205 -0.7764571353075622 0
    endloop
  endfacet
  facet normal 0 0 0
    outer loop
      vertex 0 0 0
      vertex 0 0 8.5
      vertex 0 0 8.5
    endloop
  endfacet
  facet normal 0 0 0
    outer loop
      vertex 0 0 8.5
      vertex 0 0 0
      vertex 0 0 0
    endloop
  endfacet
  facet normal 0 0 1
    outer loop
      vertex 0 0 8.5
      vertex -0.7727406581525713 -0.20705523531067574 8.5
      vertex -0.7391036232556538 -0.3061467447515863 8.5
    endloop
  endfacet
  facet normal 0 0 -1
    outer loop
      vertex -0.7727406581525713 -0.20705523531067574 8.5
      vertex 0 0 8.5
      vertex 0 0 8.5
    endloop
  endfacet
  facet normal -0.6702979110062837 -0.22753548059830697 0.7063485793639778
    outer loop
      vertex -0.7391036232556538 -0.3061467447515863 8.5
      vertex -2.4148145657226707 -0.6470476127563018 6.799999997019768
      vertex -2.309698831278217 -0.9567085809127245 6.799999997019768
    endloop
  endfacet
  facet normal -0.6702979110062836 -0.2275354805983073 0.7063485793639778
    outer loop
      vertex -2.4148145657226707 -0.6470476127563018 6.799999997019768
      vertex -0.7391036232556538 -0.3061467447515863 8.5
      vertex -0.7727406581525713 -0.20705523531067574 8.5
    endloop
  endfacet
  facet normal -0.9807852804032305 -0.19509032201612822 0
    outer loop
      vertex -2.4148145657226707 -0.6470476127563018 6.799999997019768
      vertex -2.478612153434526 -0.32631548055012893 3
      vertex -2.4148145657226707 -0.6470476127563018 3
    endloop
  endfacet
  facet normal -0.9807852804032305 -0.19509032201612822 0
    outer loop
      vertex -2.478612153434526 -0.32631548055012893 3
      vertex -2.4148145657226707 -0.6470476127563018 6.799999997019768
      vertex -2.478612153434526 -0.32631548055012893 6.799999997019768
    endloop
  endfacet
  facet normal 0 0 1
    outer loop
      vertex -2.4148145657226707 -0.6470476127563018 3
      vertex -4.4615018761821466 -0.5873678649902321 3
      vertex -4.346666218300808 -1.1646857029613433 3
    endloop
  endfacet
  facet normal 0 0 1
    outer loop
      vertex -4.4615018761821466 -0.5873678649902321 3
      vertex -2.4148145657226707 -0.6470476127563018 3
      vertex -2.478612153434526 -0.32631548055012893 3
    endloop
  endfacet
  facet normal -0.9807852804032305 -0.1950903220161273 0
    outer loop
      vertex -4.346666218300808 -1.1646857029613433 3
      vertex -4.4615018761821466 -0.5873678649902321 1.5
      vertex -4.346666218300808 -1.1646857029613433 1.5
    endloop
  endfacet
  facet normal -0.9807852804032305 -0.1950903220161273 0
    outer loop
      vertex -4.4615018761821466 -0.5873678649902321 1.5
      vertex -4.346666218300808 -1.1646857029613433 3
      vertex -4.4615018761821466 -0.5873678649902321 3
    endloop
  endfacet
  facet normal -0.6942627593342362 -0.138097449042706 -0.7063485793639778
    outer loop
      vertex -4.346666218300808 -1.1646857029613433 1.5
      vertex -2.974334584121431 -0.3915785766601547 0
      vertex -2.897777478867205 -0.7764571353075622 0
    endloop
  endfacet
  facet normal -0.6942627593342361 -0.138097449042706 -0.7063485793639779
    outer loop
      vertex -2.974334584121431 -0.3915785766601547 0
      vertex -4.346666218300808 -1.1646857029613433 1.5
      vertex -4.4615018761821466 -0.5873678649902321 1.5
    endloop
  endfacet
  facet normal 0 0 -1
    outer loop
      vertex -2.897777478867205 -0.7764571353075622 0
      vertex 0 0 0
      vertex 0 0 0
    endloop
  endfacet
  facet normal 0 0 -1
    outer loop
      vertex 0 0 0
      vertex -2.897777478867205 -0.7764571353075622 0
      vertex -2.974334584121431 -0.3915785766601547 0
    endloop
  endfacet
  facet normal 0 0 0
    outer loop
      vertex 0 0 0
      vertex 0 0 8.5
      vertex 0 0 8.5
    endloop
  endfacet
  facet normal 0 0 0
    outer loop
      vertex 0 0 8.5
      vertex 0 0 0
      vertex 0 0 0
    endloop
  endfacet
  facet normal 0 0 1
    outer loop
      vertex 0 0 8.5
      vertex -0.7931558861443123 -0.1044209533870429 8.5
      vertex -0.7727406581525713 -0.20705523531067574 8.5
    endloop
  endfacet
  facet normal 0 0 -1
    outer loop
      vertex -0.7931558861443123 -0.1044209533870429 8.5
      vertex 0 0 8.5
      vertex 0 0 8.5
    endloop
  endfacet
  facet normal -0.694262759334236 -0.13809744904270685 0.7063485793639779
    outer loop
      vertex -0.7727406581525713 -0.20705523531067574 8.5
      vertex -2.478612153434526 -0.32631548055012893 6.799999997019768
      vertex -2.4148145657226707 -0.6470476127563018 6.799999997019768
    endloop
  endfacet
  facet normal -0.6942627593342362 -0.13809744904270643 0.7063485793639777
    outer loop
      vertex -2.478612153434526 -0.32631548055012893 6.799999997019768
      vertex -0.7727406581525713 -0.20705523531067574 8.5
      vertex -0.7931558861443123 -0.1044209533870429 8.5
    endloop
  endfacet
  facet normal -0.9978589232386036 -0.06540312923014313 0
    outer loop
      vertex -2.478612153434526 -0.32631548055012893 6.799999997019768
      vertex -2.5 0 3
      vertex -2.478612153434526 -0.32631548055012893 3
    endloop
  endfacet
  facet normal -0.9978589232386036 -0.06540312923014313 0
    outer loop
      vertex -2.5 0 3
      vertex -2.478612153434526 -0.32631548055012893 6.799999997019768
      vertex -2.5 0 6.799999997019768
    endloop
  endfacet
  facet normal 0 0 1
    outer loop
      vertex -2.478612153434526 -0.32631548055012893 3
      vertex -4.5 0 3
      vertex -4.4615018761821466 -0.5873678649902321 3
    endloop
  endfacet
  facet normal 0 0 1
    outer loop
      vertex -4.5 0 3
      vertex -2.478612153434526 -0.32631548055012893 3
      vertex -2.5 0 3
    endloop
  endfacet
  facet normal -0.9978589232386035 -0.06540312923014358 0
    outer loop
      vertex -4.4615018761821466 -0.5873678649902321 3
      vertex -4.5 0 1.5
      vertex -4.4615018761821466 -0.5873678649902321 1.5
    endloop
  endfacet
  facet normal -0.9978589232386035 -0.06540312923014358 0
    outer loop
      vertex -4.5 0 1.5
      vertex -4.4615018761821466 -0.5873678649902321 3
      vertex -4.5 0 3
    endloop
  endfacet
  facet normal -0.7063485793639779 -0.04629653184613959 -0.7063485793639779
    outer loop
      vertex -4.4615018761821466 -0.5873678649902321 1.5
      vertex -3 0 0
      vertex -2.974334584121431 -0.3915785766601547 0
    endloop
  endfacet
  facet normal -0.7063485793639779 -0.0462965318461396 -0.7063485793639779
    outer loop
      vertex -3 0 0
      vertex -4.4615018761821466 -0.5873678649902321 1.5
      vertex -4.5 0 1.5
    endloop
  endfacet
  facet normal 0 0 1
    outer loop
      vertex -2.974334584121431 -0.3915785766601547 0
      vertex 0 0 0
      vertex 0 0 0
    endloop
  endfacet
  facet normal 0 0 -1
    outer loop
      vertex 0 0 0
      vertex -2.974334584121431 -0.3915785766601547 0
      vertex -3 0 0
    endloop
  endfacet
  facet normal 0 0 0
    outer loop
      vertex 0 0 0
      vertex 0 0 8.5
      vertex 0 0 8.5
    endloop
  endfacet
  facet normal 0 0 0
    outer loop
      vertex 0 0 8.5
      vertex 0 0 0
      vertex 0 0 0
    endloop
  endfacet
  facet normal 0 0 1
    outer loop
      vertex 0 0 8.5
      vertex -0.7999999970197678 0 8.5
      vertex -0.7931558861443123 -0.1044209533870429 8.5
    endloop
  endfacet
  facet normal 0 0 0
    outer loop
      vertex -0.7999999970197678 0 8.5
      vertex 0 0 8.5
      vertex 0 0 8.5
    endloop
  endfacet
  facet normal -0.7063485793639778 -0.04629653184613929 0.7063485793639778
    outer loop
      vertex -0.7931558861443123 -0.1044209533870429 8.5
      vertex -2.5 0 6.799999997019768
      vertex -2.478612153434526 -0.32631548055012893 6.799999997019768
    endloop
  endfacet
  facet normal -0.7063485793639777 -0.04629653184614056 0.7063485793639777
    outer loop
      vertex -2.5 0 6.799999997019768
      vertex -0.7931558861443123 -0.1044209533870429 8.5
      vertex -0.7999999970197678 0 8.5
    endloop
  endfacet
endsolid OpenSCAD_Model
