solid OpenSCAD_Model
  facet normal 1 0 0
    outer loop
      vertex 346.8 37.36 16
      vertex 346.8 40.619166666666665 4.1000000000000005
      vertex 346.8 40.66 4
    endloop
  endfacet
  facet normal 1 0 0
    outer loop
      vertex 346.8 35.76 16
      vertex 346.8 40.619166666666665 4.1000000000000005
      vertex 346.8 37.36 16
    endloop
  endfacet
  facet normal -1 0 0
    outer loop
      vertex 343.8 37.36 16
      vertex 343.8 40.63249999999999 4.1000000000000005
      vertex 343.8 3.927499999999995 4.1000000000000005
    endloop
  endfacet
  facet normal 1 0 0
    outer loop
      vertex 346.8 35.76 16
      vertex 346.8 3.927499999999995 4.1000000000000005
      vertex 346.8 40.619166666666665 4.1000000000000005
    endloop
  endfacet
  facet normal -1 0 0
    outer loop
      vertex 343.8 37.36 16
      vertex 343.8 3.927499999999995 4.1000000000000005
      vertex 343.8 35.76 16
    endloop
  endfacet
  facet normal -1 0 0
    outer loop
      vertex 343.8 37.36 100.25
      vertex 343.8 40.66 4
      vertex 343.8 40.63249999999999 4.1000000000000005
    endloop
  endfacet
  facet normal 1 0 0
    outer loop
      vertex 346.8 37.36 16
      vertex 346.8 40.66 4
      vertex 346.8 40.66 100.25
    endloop
  endfacet
  facet normal -1 0 0
    outer loop
      vertex 343.8 37.36 16
      vertex 343.8 37.36 100.25
      vertex 343.8 40.63249999999999 4.1000000000000005
    endloop
  endfacet
  facet normal -1 0 0
    outer loop
      vertex 343.8 35.76 16
      vertex 343.8 3.927499999999995 4.1000000000000005
      vertex 343.8 35.76 102
    endloop
  endfacet
  facet normal -1 0 0
    outer loop
      vertex 343.8 3.927499999999995 4.1000000000000005
      vertex 343.8 3.6599999999999966 4
      vertex 343.8 3.692755102040813 4.1000000000000005
    endloop
  endfacet
  facet normal 0 -1 0
    outer loop
      vertex 343.8 3.6599999999999966 4
      vertex 346.8 3.6599999999999966 4
      vertex 343.8 3.6599999999999966 4.1000000000000005
    endloop
  endfacet
  facet normal -1 0 0
    outer loop
      vertex 343.8 35.76 102
      vertex 343.8 3.927499999999995 4.1000000000000005
      vertex 343.8 3.692755102040813 4.1000000000000005
    endloop
  endfacet
  facet normal -1 0 0
    outer loop
      vertex 343.8 35.76 102
      vertex 343.8 3.692755102040813 4.1000000000000005
      vertex 343.8 3.6599999999999966 4.1000000000000005
    endloop
  endfacet
  facet normal 1 0 0
    outer loop
      vertex 346.8 35.76 16
      vertex 346.8 3.6599999999999966 116
      vertex 346.8 3.927499999999995 4.1000000000000005
    endloop
  endfacet
  facet normal 0 -1 0
    outer loop
      vertex 343.8 3.6599999999999966 116
      vertex 343.8 3.6599999999999966 4.1000000000000005
      vertex 346.8 3.6599999999999966 4
    endloop
  endfacet
  facet normal 1 0 0
    outer loop
      vertex 346.8 3.6599999999999966 116
      vertex 346.8 3.6599999999999966 4
      vertex 346.8 3.927499999999995 4.1000000000000005
    endloop
  endfacet
  facet normal -1 0 0
    outer loop
      vertex 343.8 40.66 100.25
      vertex 343.8 40.66 4
      vertex 343.8 37.36 100.25
    endloop
  endfacet
  facet normal 1 0 0
    outer loop
      vertex 346.8 37.36 16
      vertex 346.8 40.66 100.25
      vertex 346.8 37.36 100.25
    endloop
  endfacet
  facet normal 1 0 0
    outer loop
      vertex 346.8 35.76 16
      vertex 346.8 35.76 102
      vertex 346.8 3.6599999999999966 116
    endloop
  endfacet
  facet normal -1 0 0
    outer loop
      vertex 343.8 40.66 107
      vertex 343.8 35.76 107
      vertex 343.8 40.66 116
    endloop
  endfacet
  facet normal 1 0 0
    outer loop
      vertex 346.8 40.66 107
      vertex 346.8 40.66 116
      vertex 346.8 35.76 107
    endloop
  endfacet
  facet normal 0 0 1
    outer loop
      vertex 343.8 40.66 116
      vertex 346.8 3.6599999999999966 116
      vertex 346.8 40.66 116
    endloop
  endfacet
  facet normal -1 0 0
    outer loop
      vertex 343.8 35.76 102
      vertex 343.8 3.6599999999999966 116
      vertex 343.8 35.76 107
    endloop
  endfacet
  facet normal 1 0 0
    outer loop
      vertex 346.8 35.76 102
      vertex 346.8 35.76 107
      vertex 346.8 3.6599999999999966 116
    endloop
  endfacet
  facet normal -1 0 0
    outer loop
      vertex 343.8 40.66 116
      vertex 343.8 35.76 107
      vertex 343.8 3.6599999999999966 116
    endloop
  endfacet
  facet normal 1 0 0
    outer loop
      vertex 346.8 40.66 116
      vertex 346.8 3.6599999999999966 116
      vertex 346.8 35.76 107
    endloop
  endfacet
  facet normal -1 0 0
    outer loop
      vertex 343.8 35.76 102
      vertex 343.8 3.6599999999999966 4.1000000000000005
      vertex 343.8 3.6599999999999966 116
    endloop
  endfacet
  facet normal 0 -1 0
    outer loop
      vertex 343.8 3.6599999999999966 116
      vertex 346.8 3.6599999999999966 4
      vertex 346.8 3.6599999999999966 116
    endloop
  endfacet
  facet normal 0 0 1
    outer loop
      vertex 343.8 40.66 116
      vertex 343.8 3.6599999999999966 116
      vertex 346.8 3.6599999999999966 116
    endloop
  endfacet
  facet normal -1 0 0
    outer loop
      vertex 443.3 37.36 16
      vertex 443.3 40.63249999999999 4.1000000000000005
      vertex 443.3 3.927499999999995 4.1000000000000005
    endloop
  endfacet
  facet normal -1 0 0
    outer loop
      vertex 443.3 37.36 16
      vertex 443.3 3.927499999999995 4.1000000000000005
      vertex 443.3 35.76 16
    endloop
  endfacet
  facet normal -1 0 0
    outer loop
      vertex 443.3 37.36 100.25
      vertex 443.3 40.66 4
      vertex 443.3 40.63249999999999 4.1000000000000005
    endloop
  endfacet
  facet normal -1 0 0
    outer loop
      vertex 443.3 37.36 16
      vertex 443.3 37.36 100.25
      vertex 443.3 40.63249999999999 4.1000000000000005
    endloop
  endfacet
  facet normal 1 0 0
    outer loop
      vertex 446.3 40.66 4
      vertex 446.3 40.66 116
      vertex 446.3 3.6599999999999966 4
    endloop
  endfacet
  facet normal -1 0 0
    outer loop
      vertex 443.3 35.76 16
      vertex 443.3 3.927499999999995 4.1000000000000005
      vertex 443.3 35.76 102
    endloop
  endfacet
  facet normal -1 0 0
    outer loop
      vertex 443.3 3.927499999999995 4.1000000000000005
      vertex 443.3 3.6599999999999966 4
      vertex 443.3 3.692755102040813 4.1000000000000005
    endloop
  endfacet
  facet normal 0 -1 0
    outer loop
      vertex 446.3 3.6599999999999966 4
      vertex 443.3 3.6599999999999966 4.1000000000000005
      vertex 443.3 3.6599999999999966 4
    endloop
  endfacet
  facet normal -1 0 0
    outer loop
      vertex 443.3 35.76 102
      vertex 443.3 3.927499999999995 4.1000000000000005
      vertex 443.3 3.692755102040813 4.1000000000000005
    endloop
  endfacet
  facet normal -1 0 0
    outer loop
      vertex 443.3 35.76 102
      vertex 443.3 3.692755102040813 4.1000000000000005
      vertex 443.3 3.6599999999999966 4.1000000000000005
    endloop
  endfacet
  facet normal 0 -1 0
    outer loop
      vertex 446.3 3.6599999999999966 4
      vertex 443.3 3.6599999999999966 116
      vertex 443.3 3.6599999999999966 4.1000000000000005
    endloop
  endfacet
  facet normal -1 0 0
    outer loop
      vertex 443.3 40.66 100.25
      vertex 443.3 40.66 4
      vertex 443.3 37.36 100.25
    endloop
  endfacet
  facet normal -1 0 0
    outer loop
      vertex 443.3 40.66 107
      vertex 443.3 35.76 107
      vertex 443.3 40.66 116
    endloop
  endfacet
  facet normal 0 0 1
    outer loop
      vertex 443.3 40.66 116
      vertex 446.3 3.6599999999999966 116
      vertex 446.3 40.66 116
    endloop
  endfacet
  facet normal -1 0 0
    outer loop
      vertex 443.3 35.76 102
      vertex 443.3 3.6599999999999966 116
      vertex 443.3 35.76 107
    endloop
  endfacet
  facet normal -1 0 0
    outer loop
      vertex 443.3 40.66 116
      vertex 443.3 35.76 107
      vertex 443.3 3.6599999999999966 116
    endloop
  endfacet
  facet normal -1 0 0
    outer loop
      vertex 443.3 35.76 102
      vertex 443.3 3.6599999999999966 4.1000000000000005
      vertex 443.3 3.6599999999999966 116
    endloop
  endfacet
  facet normal 1 0 0
    outer loop
      vertex 446.3 3.6599999999999966 4
      vertex 446.3 40.66 116
      vertex 446.3 3.6599999999999966 116
    endloop
  endfacet
  facet normal 0 -1 0
    outer loop
      vertex 446.3 3.6599999999999966 4
      vertex 446.3 3.6599999999999966 116
      vertex 443.3 3.6599999999999966 116
    endloop
  endfacet
  facet normal 0 0 1
    outer loop
      vertex 443.3 40.66 116
      vertex 443.3 3.6599999999999966 116
      vertex 446.3 3.6599999999999966 116
    endloop
  endfacet
  facet normal 0.7071067811865475 0 -0.7071067811865475
    outer loop
      vertex 247.3 37.36 16
      vertex 251.3 37.36 20
      vertex 247.3 35.76 16
    endloop
  endfacet
  facet normal 0.7071067811865475 0 -0.7071067811865475
    outer loop
      vertex 247.3 35.76 16
      vertex 251.3 37.36 20
      vertex 251.3 35.76 20
    endloop
  endfacet
  facet normal 0 1 0
    outer loop
      vertex 247.3 37.36 16
      vertex 251.3 37.36 102
      vertex 251.3 37.36 20
    endloop
  endfacet
  facet normal 0 -1 0
    outer loop
      vertex 247.3 35.76 16
      vertex 251.3 35.76 20
      vertex 251.3 35.76 102
    endloop
  endfacet
  facet normal 1 0 0
    outer loop
      vertex 251.3 37.36 20
      vertex 251.3 37.36 102
      vertex 251.3 35.76 20
    endloop
  endfacet
  facet normal 0 1 0
    outer loop
      vertex 247.3 37.36 16
      vertex 247.3 37.36 100.25
      vertex 249.05 37.36 102
    endloop
  endfacet
  facet normal 0 -1 0
    outer loop
      vertex 247.3 35.76 16
      vertex 249.05 35.76 102
      vertex 247.3 35.76 102
    endloop
  endfacet
  facet normal 0 1 0
    outer loop
      vertex 247.3 37.36 16
      vertex 249.05 37.36 102
      vertex 251.3 37.36 102
    endloop
  endfacet
  facet normal 0 -1 0
    outer loop
      vertex 247.3 35.76 16
      vertex 251.3 35.76 102
      vertex 249.05 35.76 102
    endloop
  endfacet
  facet normal 1 0 0
    outer loop
      vertex 251.3 35.76 20
      vertex 251.3 37.36 102
      vertex 251.3 35.76 102
    endloop
  endfacet
  facet normal 0 0 1
    outer loop
      vertex 249.05 37.36 102
      vertex 249.05 35.76 102
      vertex 251.3 37.36 102
    endloop
  endfacet
  facet normal 0 0 1
    outer loop
      vertex 251.3 37.36 102
      vertex 249.05 35.76 102
      vertex 251.3 35.76 102
    endloop
  endfacet
  facet normal -0.7071067811865475 0 -0.7071067811865475
    outer loop
      vertex 343.8 37.36 16
      vertex 343.8 35.76 16
      vertex 339.8 37.36 20
    endloop
  endfacet
  facet normal -0.7071067811865475 0 -0.7071067811865475
    outer loop
      vertex 343.8 35.76 16
      vertex 339.8 35.76 20
      vertex 339.8 37.36 20
    endloop
  endfacet
  facet normal 0 1 0
    outer loop
      vertex 343.8 37.36 16
      vertex 339.8 37.36 20
      vertex 339.8 37.36 102
    endloop
  endfacet
  facet normal 0 -1 0
    outer loop
      vertex 343.8 35.76 16
      vertex 339.8 35.76 102
      vertex 339.8 35.76 20
    endloop
  endfacet
  facet normal -1 0 0
    outer loop
      vertex 339.8 37.36 20
      vertex 339.8 35.76 20
      vertex 339.8 37.36 102
    endloop
  endfacet
  facet normal 0 1 0
    outer loop
      vertex 343.8 37.36 16
      vertex 339.8 37.36 102
      vertex 342.05 37.36 102
    endloop
  endfacet
  facet normal 0 1 0
    outer loop
      vertex 343.8 37.36 16
      vertex 342.05 37.36 102
      vertex 343.8 37.36 100.25
    endloop
  endfacet
  facet normal 0 -1 0
    outer loop
      vertex 343.8 35.76 16
      vertex 342.05 35.76 102
      vertex 339.8 35.76 102
    endloop
  endfacet
  facet normal -1 0 0
    outer loop
      vertex 339.8 35.76 20
      vertex 339.8 35.76 102
      vertex 339.8 37.36 102
    endloop
  endfacet
  facet normal 0 -1 0
    outer loop
      vertex 343.8 35.76 16
      vertex 343.8 35.76 102
      vertex 342.05 35.76 102
    endloop
  endfacet
  facet normal 0 0 1
    outer loop
      vertex 339.8 37.36 102
      vertex 339.8 35.76 102
      vertex 342.05 37.36 102
    endloop
  endfacet
  facet normal 0 0 1
    outer loop
      vertex 342.05 37.36 102
      vertex 339.8 35.76 102
      vertex 342.05 35.76 102
    endloop
  endfacet
  facet normal 0.7071067811865475 0 -0.7071067811865475
    outer loop
      vertex 247.3 40.66 100.25
      vertex 254.05 40.66 107
      vertex 247.3 37.36 100.25
    endloop
  endfacet
  facet normal 0.7071067811865476 0 -0.7071067811865476
    outer loop
      vertex 247.3 37.36 100.25
      vertex 254.05 40.66 107
      vertex 249.05 37.36 102
    endloop
  endfacet
  facet normal 0 0 1
    outer loop
      vertex 247.3 40.66 107
      vertex 254.05 35.76 107
      vertex 254.05 40.66 107
    endloop
  endfacet
  facet normal 0 -1 0
    outer loop
      vertex 247.3 35.76 102
      vertex 249.05 35.76 102
      vertex 247.3 35.76 107
    endloop
  endfacet
  facet normal 0.7071067811865476 0 -0.7071067811865476
    outer loop
      vertex 249.05 37.36 102
      vertex 254.05 35.76 107
      vertex 249.05 35.76 102
    endloop
  endfacet
  facet normal 0.7071067811865476 0 -0.7071067811865476
    outer loop
      vertex 254.05 40.66 107
      vertex 254.05 35.76 107
      vertex 249.05 37.36 102
    endloop
  endfacet
  facet normal 0 0 1
    outer loop
      vertex 247.3 40.66 107
      vertex 247.3 35.76 107
      vertex 254.05 35.76 107
    endloop
  endfacet
  facet normal 0 -1 0
    outer loop
      vertex 247.3 35.76 107
      vertex 249.05 35.76 102
      vertex 254.05 35.76 107
    endloop
  endfacet
  facet normal -0.7071067811865476 0 -0.7071067811865476
    outer loop
      vertex 343.8 40.66 100.25
      vertex 343.8 37.36 100.25
      vertex 342.05 37.36 102
    endloop
  endfacet
  facet normal -0.7071067811865476 0 -0.7071067811865476
    outer loop
      vertex 343.8 40.66 100.25
      vertex 337.05 35.76 107
      vertex 337.05 40.66 107
    endloop
  endfacet
  facet normal 0 0 1
    outer loop
      vertex 337.05 40.66 107
      vertex 343.8 35.76 107
      vertex 343.8 40.66 107
    endloop
  endfacet
  facet normal 0 0 1
    outer loop
      vertex 337.05 40.66 107
      vertex 337.05 35.76 107
      vertex 343.8 35.76 107
    endloop
  endfacet
  facet normal -0.7071067811865476 0 -0.7071067811865476
    outer loop
      vertex 343.8 40.66 100.25
      vertex 342.05 37.36 102
      vertex 337.05 35.76 107
    endloop
  endfacet
  facet normal -0.7071067811865476 0 -0.7071067811865476
    outer loop
      vertex 337.05 35.76 107
      vertex 342.05 37.36 102
      vertex 342.05 35.76 102
    endloop
  endfacet
  facet normal 0 -1 0
    outer loop
      vertex 342.05 35.76 102
      vertex 343.8 35.76 102
      vertex 343.8 35.76 107
    endloop
  endfacet
  facet normal 0 -1 0
    outer loop
      vertex 337.05 35.76 107
      vertex 342.05 35.76 102
      vertex 343.8 35.76 107
    endloop
  endfacet
  facet normal -1 0 0
    outer loop
      vertex 288.55 40.66 5
      vertex 288.55 40.559999999999995 5
      vertex 288.55 40.66 11
    endloop
  endfacet
  facet normal 0 0 -1
    outer loop
      vertex 288.55 40.66 5
      vertex 302.55 40.66 5
      vertex 288.55 40.559999999999995 5
    endloop
  endfacet
  facet normal 0 0 -1
    outer loop
      vertex 288.55 40.559999999999995 5
      vertex 302.55 40.66 5
      vertex 302.55 40.559999999999995 5
    endloop
  endfacet
  facet normal 0 -0.9830602989442484 -0.1832824286167245
    outer loop
      vertex 288.55 40.559999999999995 5
      vertex 302.55 40.559999999999995 5
      vertex 302.55 39.459999999999994 10.9
    endloop
  endfacet
  facet normal -1 0 0
    outer loop
      vertex 288.55 40.559999999999995 5
      vertex 288.55 39.459999999999994 11
      vertex 288.55 40.66 11
    endloop
  endfacet
  facet normal -1 0 0
    outer loop
      vertex 288.55 40.559999999999995 5
      vertex 288.55 39.459999999999994 10.9
      vertex 288.55 39.459999999999994 11
    endloop
  endfacet
  facet normal 3.805422026671237e-18 -0.9830602989442484 -0.1832824286167245
    outer loop
      vertex 288.55 40.559999999999995 5
      vertex 302.55 39.459999999999994 10.9
      vertex 288.55 39.459999999999994 10.9
    endloop
  endfacet
  facet normal 0 0 1
    outer loop
      vertex 288.55 40.66 11
      vertex 288.55 39.459999999999994 11
      vertex 302.55 39.459999999999994 11
    endloop
  endfacet
  facet normal 0 -1 0
    outer loop
      vertex 288.55 39.459999999999994 10.9
      vertex 302.55 39.459999999999994 10.9
      vertex 288.55 39.459999999999994 11
    endloop
  endfacet
  facet normal 0 0 1
    outer loop
      vertex 288.55 40.66 11
      vertex 302.55 39.459999999999994 11
      vertex 302.55 40.66 11
    endloop
  endfacet
  facet normal 0 -1 0
    outer loop
      vertex 288.55 39.459999999999994 11
      vertex 302.55 39.459999999999994 10.9
      vertex 302.55 39.459999999999994 11
    endloop
  endfacet
  facet normal 1 0 0
    outer loop
      vertex 302.55 40.66 5
      vertex 302.55 39.459999999999994 11
      vertex 302.55 40.559999999999995 5
    endloop
  endfacet
  facet normal 1 0 0
    outer loop
      vertex 302.55 40.66 5
      vertex 302.55 40.66 11
      vertex 302.55 39.459999999999994 11
    endloop
  endfacet
  facet normal 1 0 0
    outer loop
      vertex 302.55 40.559999999999995 5
      vertex 302.55 39.459999999999994 11
      vertex 302.55 39.459999999999994 10.9
    endloop
  endfacet
  facet normal 0.7071067811865475 0 -0.7071067811865475
    outer loop
      vertex 346.8 37.36 16
      vertex 350.8 37.36 20
      vertex 346.8 35.76 16
    endloop
  endfacet
  facet normal 0.7071067811865475 0 -0.7071067811865475
    outer loop
      vertex 346.8 35.76 16
      vertex 350.8 37.36 20
      vertex 350.8 35.76 20
    endloop
  endfacet
  facet normal 0 1 0
    outer loop
      vertex 346.8 37.36 16
      vertex 350.8 37.36 102
      vertex 350.8 37.36 20
    endloop
  endfacet
  facet normal 0 -1 0
    outer loop
      vertex 346.8 35.76 16
      vertex 350.8 35.76 20
      vertex 350.8 35.76 102
    endloop
  endfacet
  facet normal 1 0 0
    outer loop
      vertex 350.8 37.36 20
      vertex 350.8 37.36 102
      vertex 350.8 35.76 20
    endloop
  endfacet
  facet normal 0 1 0
    outer loop
      vertex 346.8 37.36 16
      vertex 346.8 37.36 100.25
      vertex 348.55 37.36 102
    endloop
  endfacet
  facet normal 0 1 0
    outer loop
      vertex 346.8 37.36 16
      vertex 348.55 37.36 102
      vertex 350.8 37.36 102
    endloop
  endfacet
  facet normal 0 -1 0
    outer loop
      vertex 346.8 35.76 16
      vertex 348.55 35.76 102
      vertex 346.8 35.76 102
    endloop
  endfacet
  facet normal 0 -1 0
    outer loop
      vertex 346.8 35.76 16
      vertex 350.8 35.76 102
      vertex 348.55 35.76 102
    endloop
  endfacet
  facet normal 1 0 0
    outer loop
      vertex 350.8 35.76 20
      vertex 350.8 37.36 102
      vertex 350.8 35.76 102
    endloop
  endfacet
  facet normal 0 0 1
    outer loop
      vertex 348.55 37.36 102
      vertex 348.55 35.76 102
      vertex 350.8 37.36 102
    endloop
  endfacet
  facet normal 0 0 1
    outer loop
      vertex 350.8 37.36 102
      vertex 348.55 35.76 102
      vertex 350.8 35.76 102
    endloop
  endfacet
  facet normal -0.7071067811865475 0 -0.7071067811865475
    outer loop
      vertex 443.3 37.36 16
      vertex 443.3 35.76 16
      vertex 439.3 37.36 20
    endloop
  endfacet
  facet normal -0.7071067811865475 0 -0.7071067811865475
    outer loop
      vertex 443.3 35.76 16
      vertex 439.3 35.76 20
      vertex 439.3 37.36 20
    endloop
  endfacet
  facet normal 0 1 0
    outer loop
      vertex 443.3 37.36 16
      vertex 439.3 37.36 20
      vertex 439.3 37.36 102
    endloop
  endfacet
  facet normal 0 -1 0
    outer loop
      vertex 443.3 35.76 16
      vertex 439.3 35.76 102
      vertex 439.3 35.76 20
    endloop
  endfacet
  facet normal -1 0 0
    outer loop
      vertex 439.3 37.36 20
      vertex 439.3 35.76 20
      vertex 439.3 37.36 102
    endloop
  endfacet
  facet normal 0 1 0
    outer loop
      vertex 443.3 37.36 16
      vertex 439.3 37.36 102
      vertex 441.55 37.36 102
    endloop
  endfacet
  facet normal 0 1 0
    outer loop
      vertex 443.3 37.36 16
      vertex 441.55 37.36 102
      vertex 443.3 37.36 100.25
    endloop
  endfacet
  facet normal -1 0 0
    outer loop
      vertex 439.3 35.76 20
      vertex 439.3 35.76 102
      vertex 439.3 37.36 102
    endloop
  endfacet
  facet normal 0 -1 0
    outer loop
      vertex 443.3 35.76 16
      vertex 441.55 35.76 102
      vertex 439.3 35.76 102
    endloop
  endfacet
  facet normal 0 -1 0
    outer loop
      vertex 443.3 35.76 16
      vertex 443.3 35.76 102
      vertex 441.55 35.76 102
    endloop
  endfacet
  facet normal 0 0 1
    outer loop
      vertex 439.3 37.36 102
      vertex 439.3 35.76 102
      vertex 441.55 37.36 102
    endloop
  endfacet
  facet normal 0 0 1
    outer loop
      vertex 441.55 37.36 102
      vertex 439.3 35.76 102
      vertex 441.55 35.76 102
    endloop
  endfacet
  facet normal 0.7071067811865475 0 -0.7071067811865475
    outer loop
      vertex 346.8 40.66 100.25
      vertex 353.55 40.66 107
      vertex 346.8 37.36 100.25
    endloop
  endfacet
  facet normal 0.7071067811865476 0 -0.7071067811865476
    outer loop
      vertex 346.8 37.36 100.25
      vertex 353.55 40.66 107
      vertex 348.55 37.36 102
    endloop
  endfacet
  facet normal 0 0 1
    outer loop
      vertex 346.8 40.66 107
      vertex 353.55 35.76 107
      vertex 353.55 40.66 107
    endloop
  endfacet
  facet normal 0.7071067811865476 0 -0.7071067811865476
    outer loop
      vertex 348.55 37.36 102
      vertex 353.55 35.76 107
      vertex 348.55 35.76 102
    endloop
  endfacet
  facet normal 0 -1 0
    outer loop
      vertex 346.8 35.76 102
      vertex 348.55 35.76 102
      vertex 346.8 35.76 107
    endloop
  endfacet
  facet normal 0 0 1
    outer loop
      vertex 346.8 40.66 107
      vertex 346.8 35.76 107
      vertex 353.55 35.76 107
    endloop
  endfacet
  facet normal 0.7071067811865476 0 -0.7071067811865476
    outer loop
      vertex 353.55 40.66 107
      vertex 353.55 35.76 107
      vertex 348.55 37.36 102
    endloop
  endfacet
  facet normal 0 -1 0
    outer loop
      vertex 346.8 35.76 107
      vertex 348.55 35.76 102
      vertex 353.55 35.76 107
    endloop
  endfacet
  facet normal -0.7071067811865476 0 -0.7071067811865476
    outer loop
      vertex 443.3 40.66 100.25
      vertex 443.3 37.36 100.25
      vertex 441.55 37.36 102
    endloop
  endfacet
  facet normal -0.7071067811865476 0 -0.7071067811865476
    outer loop
      vertex 443.3 40.66 100.25
      vertex 436.55 35.76 107
      vertex 436.55 40.66 107
    endloop
  endfacet
  facet normal 0 0 1
    outer loop
      vertex 436.55 40.66 107
      vertex 443.3 35.76 107
      vertex 443.3 40.66 107
    endloop
  endfacet
  facet normal -0.7071067811865476 0 -0.7071067811865476
    outer loop
      vertex 443.3 40.66 100.25
      vertex 441.55 37.36 102
      vertex 436.55 35.76 107
    endloop
  endfacet
  facet normal -0.7071067811865476 0 -0.7071067811865476
    outer loop
      vertex 436.55 35.76 107
      vertex 441.55 37.36 102
      vertex 441.55 35.76 102
    endloop
  endfacet
  facet normal 0 -1 0
    outer loop
      vertex 441.55 35.76 102
      vertex 443.3 35.76 102
      vertex 443.3 35.76 107
    endloop
  endfacet
  facet normal 0 0 1
    outer loop
      vertex 436.55 40.66 107
      vertex 436.55 35.76 107
      vertex 443.3 35.76 107
    endloop
  endfacet
  facet normal 0 -1 0
    outer loop
      vertex 436.55 35.76 107
      vertex 441.55 35.76 102
      vertex 443.3 35.76 107
    endloop
  endfacet
  facet normal -1 0 0
    outer loop
      vertex 388.05 40.66 5
      vertex 388.05 40.559999999999995 5
      vertex 388.05 40.66 11
    endloop
  endfacet
  facet normal -1 0 0
    outer loop
      vertex 388.05 40.559999999999995 5
      vertex 388.05 39.459999999999994 11
      vertex 388.05 40.66 11
    endloop
  endfacet
  facet normal -1 0 0
    outer loop
      vertex 388.05 40.559999999999995 5
      vertex 388.05 39.459999999999994 10.9
      vertex 388.05 39.459999999999994 11
    endloop
  endfacet
  facet normal 0 0 -1
    outer loop
      vertex 388.05 40.66 5
      vertex 402.05 40.66 5
      vertex 388.05 40.559999999999995 5
    endloop
  endfacet
  facet normal 0 0 -1
    outer loop
      vertex 388.05 40.559999999999995 5
      vertex 402.05 40.66 5
      vertex 402.05 40.559999999999995 5
    endloop
  endfacet
  facet normal 0 -0.9830602989442484 -0.1832824286167245
    outer loop
      vertex 388.05 40.559999999999995 5
      vertex 402.05 40.559999999999995 5
      vertex 402.05 39.459999999999994 10.9
    endloop
  endfacet
  facet normal 1 0 0
    outer loop
      vertex 402.05 40.66 5
      vertex 402.05 39.459999999999994 11
      vertex 402.05 40.559999999999995 5
    endloop
  endfacet
  facet normal 3.805422026671237e-18 -0.9830602989442484 -0.1832824286167245
    outer loop
      vertex 388.05 40.559999999999995 5
      vertex 402.05 39.459999999999994 10.9
      vertex 388.05 39.459999999999994 10.9
    endloop
  endfacet
  facet normal 0 0 1
    outer loop
      vertex 388.05 40.66 11
      vertex 388.05 39.459999999999994 11
      vertex 402.05 39.459999999999994 11
    endloop
  endfacet
  facet normal 0 0 1
    outer loop
      vertex 388.05 40.66 11
      vertex 402.05 39.459999999999994 11
      vertex 402.05 40.66 11
    endloop
  endfacet
  facet normal 0 -1 0
    outer loop
      vertex 388.05 39.459999999999994 10.9
      vertex 402.05 39.459999999999994 10.9
      vertex 388.05 39.459999999999994 11
    endloop
  endfacet
  facet normal 0 -1 0
    outer loop
      vertex 388.05 39.459999999999994 11
      vertex 402.05 39.459999999999994 10.9
      vertex 402.05 39.459999999999994 11
    endloop
  endfacet
  facet normal 1 0 0
    outer loop
      vertex 402.05 40.66 5
      vertex 402.05 40.66 11
      vertex 402.05 39.459999999999994 11
    endloop
  endfacet
  facet normal 1 0 0
    outer loop
      vertex 402.05 40.559999999999995 5
      vertex 402.05 39.459999999999994 11
      vertex 402.05 39.459999999999994 10.9
    endloop
  endfacet
  facet normal -1 0 0
    outer loop
      vertex 241.3 43.66 0
      vertex 241.3 40.66 4
      vertex 241.3 43.66 4
    endloop
  endfacet
  facet normal -1 0 0
    outer loop
      vertex 241.3 43.66 0
      vertex 241.3 3.6599999999999966 4
      vertex 241.3 40.66 4
    endloop
  endfacet
  facet normal 0 0 -1
    outer loop
      vertex 241.3 43.66 0
      vertex 247.3 40.66 0
      vertex 247.3 0 0
    endloop
  endfacet
  facet normal 0 1 0
    outer loop
      vertex 241.3 43.66 0
      vertex 241.3 43.66 4
      vertex 465.1 43.66 4
    endloop
  endfacet
  facet normal 0 0 -1
    outer loop
      vertex 241.3 43.66 0
      vertex 482.6 43.66 0
      vertex 247.3 40.66 0
    endloop
  endfacet
  facet normal 0 0 -1
    outer loop
      vertex 482.6 43.66 0
      vertex 343.8 40.66 0
      vertex 247.3 40.66 0
    endloop
  endfacet
  facet normal 0 0 -1
    outer loop
      vertex 343.8 40.66 0
      vertex 346.8 40.66 0
      vertex 346.8 0 0
    endloop
  endfacet
  facet normal -1 0 0
    outer loop
      vertex 241.3 43.66 0
      vertex 241.3 0 4
      vertex 241.3 3.6599999999999966 4
    endloop
  endfacet
  facet normal -1 0 0
    outer loop
      vertex 241.3 43.66 0
      vertex 241.3 0 0
      vertex 241.3 0 4
    endloop
  endfacet
  facet normal 0 0 -1
    outer loop
      vertex 241.3 43.66 0
      vertex 247.3 0 0
      vertex 241.3 0 0
    endloop
  endfacet
  facet normal 0 -1 0
    outer loop
      vertex 241.3 0 0
      vertex 247.3 0 4
      vertex 241.3 0 4
    endloop
  endfacet
  facet normal 0 -1 0
    outer loop
      vertex 241.3 0 0
      vertex 247.3 0 0
      vertex 247.3 0 4
    endloop
  endfacet
  facet normal 0 0 1
    outer loop
      vertex 241.3 3.6599999999999966 4
      vertex 241.3 0 4
      vertex 247.3 3.6599999999999966 4
    endloop
  endfacet
  facet normal 0 0 1
    outer loop
      vertex 241.3 0 4
      vertex 247.3 0 4
      vertex 247.3 3.6599999999999966 4
    endloop
  endfacet
  facet normal 0 0 -1
    outer loop
      vertex 343.8 0 0
      vertex 343.8 40.66 0
      vertex 346.8 0 0
    endloop
  endfacet
  facet normal 0 -1 0
    outer loop
      vertex 343.8 0 0
      vertex 346.8 0 0
      vertex 346.8 0 4
    endloop
  endfacet
  facet normal 0 -1 0
    outer loop
      vertex 343.8 0 4
      vertex 343.8 0 0
      vertex 346.8 0 4
    endloop
  endfacet
  facet normal 0 0 1
    outer loop
      vertex 343.8 0 4
      vertex 346.8 3.6599999999999966 4
      vertex 343.8 3.6599999999999966 4
    endloop
  endfacet
  facet normal 0 0 1
    outer loop
      vertex 343.8 0 4
      vertex 346.8 0 4
      vertex 346.8 3.6599999999999966 4
    endloop
  endfacet
  facet normal 0 0 -1
    outer loop
      vertex 343.8 40.66 0
      vertex 472.3064323008856 40.73442218224045 0
      vertex 346.8 40.66 0
    endloop
  endfacet
  facet normal 0 1 0
    outer loop
      vertex 241.3 43.66 0
      vertex 465.1 43.66 4
      vertex 482.6 43.66 4
    endloop
  endfacet
  facet normal 0 1 0
    outer loop
      vertex 241.3 43.66 0
      vertex 482.6 43.66 4
      vertex 482.6 43.66 0
    endloop
  endfacet
  facet normal 0 0 -1
    outer loop
      vertex 346.8 40.66 0
      vertex 472.3064323008856 40.73442218224045 0
      vertex 443.3 40.66 0
    endloop
  endfacet
  facet normal 0 0 -1
    outer loop
      vertex 482.6 43.66 0
      vertex 473.85 41.105 0
      vertex 343.8 40.66 0
    endloop
  endfacet
  facet normal 0 0 -1
    outer loop
      vertex 343.8 40.66 0
      vertex 473.85 41.105 0
      vertex 473.31812281886323 41.06314035802347 0
    endloop
  endfacet
  facet normal 0 0 -1
    outer loop
      vertex 343.8 40.66 0
      vertex 472.7993422191252 40.93859215540352 0
      vertex 472.3064323008856 40.73442218224045 0
    endloop
  endfacet
  facet normal 0 0 -1
    outer loop
      vertex 343.8 40.66 0
      vertex 473.31812281886323 41.06314035802347 0
      vertex 472.7993422191252 40.93859215540352 0
    endloop
  endfacet
  facet normal 0 0 -1
    outer loop
      vertex 471.8515301422056 40.455657780874816 0
      vertex 443.3 40.66 0
      vertex 472.3064323008856 40.73442218224045 0
    endloop
  endfacet
  facet normal 0 0 -1
    outer loop
      vertex 471.4458369439658 40.10916305603426 0
      vertex 443.3 40.66 0
      vertex 471.8515301422056 40.455657780874816 0
    endloop
  endfacet
  facet normal 0 0 -1
    outer loop
      vertex 471.0993422191252 39.70346985779441 0
      vertex 470.8205778177596 39.24856769911446 0
      vertex 443.3 40.66 0
    endloop
  endfacet
  facet normal 0 0 -1
    outer loop
      vertex 471.4458369439658 40.10916305603426 0
      vertex 471.0993422191252 39.70346985779441 0
      vertex 443.3 40.66 0
    endloop
  endfacet
  facet normal 0 0 -1
    outer loop
      vertex 470.8205778177596 39.24856769911446 0
      vertex 470.6164078445965 38.75565778087482 0
      vertex 443.3 40.66 0
    endloop
  endfacet
  facet normal 0 0 -1
    outer loop
      vertex 470.6164078445965 38.75565778087482 0
      vertex 470.4918596419766 38.236877181136784 0
      vertex 443.3 40.66 0
    endloop
  endfacet
  facet normal 0 0 -1
    outer loop
      vertex 470.4918596419766 38.236877181136784 0
      vertex 470.45000000000005 37.705 0
      vertex 443.3 40.66 0
    endloop
  endfacet
  facet normal 0 0 1
    outer loop
      vertex 465.1 43.66 4
      vertex 472.7993422191252 40.93859215540352 4
      vertex 482.6 43.66 4
    endloop
  endfacet
  facet normal 0 0 1
    outer loop
      vertex 465.1 43.66 4
      vertex 471.8515301422056 40.455657780874816 4
      vertex 472.3064323008856 40.73442218224045 4
    endloop
  endfacet
  facet normal 0 0 1
    outer loop
      vertex 465.1 43.66 4
      vertex 472.3064323008856 40.73442218224045 4
      vertex 472.7993422191252 40.93859215540352 4
    endloop
  endfacet
  facet normal 0 0 1
    outer loop
      vertex 465.1 43.66 4
      vertex 471.0993422191252 39.70346985779441 4
      vertex 471.4458369439658 40.10916305603426 4
    endloop
  endfacet
  facet normal 0 0 1
    outer loop
      vertex 465.1 43.66 4
      vertex 471.4458369439658 40.10916305603426 4
      vertex 471.8515301422056 40.455657780874816 4
    endloop
  endfacet
  facet normal 0 0 -1
    outer loop
      vertex 482.6 43.66 0
      vertex 474.3818771811368 41.06314035802347 0
      vertex 473.85 41.105 0
    endloop
  endfacet
  facet normal 0 0 -1
    outer loop
      vertex 482.6 43.66 0
      vertex 474.90065778087484 40.93859215540352 0
      vertex 474.3818771811368 41.06314035802347 0
    endloop
  endfacet
  facet normal 0 0 -1
    outer loop
      vertex 482.6 43.66 0
      vertex 475.39356769911444 40.73442218224045 0
      vertex 474.90065778087484 40.93859215540352 0
    endloop
  endfacet
  facet normal 0 0 -1
    outer loop
      vertex 482.6 43.66 0
      vertex 475.84846985779444 40.455657780874816 0
      vertex 475.39356769911444 40.73442218224045 0
    endloop
  endfacet
  facet normal 0 0 -1
    outer loop
      vertex 482.6 43.66 0
      vertex 476.25416305603426 40.10916305603426 0
      vertex 475.84846985779444 40.455657780874816 0
    endloop
  endfacet
  facet normal 0 0 -1
    outer loop
      vertex 482.6 43.66 0
      vertex 476.6006577808748 39.70346985779441 0
      vertex 476.25416305603426 40.10916305603426 0
    endloop
  endfacet
  facet normal 0 0 1
    outer loop
      vertex 482.6 43.66 4
      vertex 472.7993422191252 40.93859215540352 4
      vertex 473.31812281886323 41.06314035802347 4
    endloop
  endfacet
  facet normal 0 0 1
    outer loop
      vertex 482.6 43.66 4
      vertex 473.31812281886323 41.06314035802347 4
      vertex 473.85 41.105 4
    endloop
  endfacet
  facet normal 0 0 1
    outer loop
      vertex 482.6 43.66 4
      vertex 473.85 41.105 4
      vertex 474.3818771811368 41.06314035802347 4
    endloop
  endfacet
  facet normal 0 0 1
    outer loop
      vertex 482.6 43.66 4
      vertex 474.3818771811368 41.06314035802347 4
      vertex 474.90065778087484 40.93859215540352 4
    endloop
  endfacet
  facet normal 0 0 1
    outer loop
      vertex 482.6 43.66 4
      vertex 474.90065778087484 40.93859215540352 4
      vertex 475.39356769911444 40.73442218224045 4
    endloop
  endfacet
  facet normal 0 0 1
    outer loop
      vertex 482.6 43.66 4
      vertex 475.39356769911444 40.73442218224045 4
      vertex 475.84846985779444 40.455657780874816 4
    endloop
  endfacet
  facet normal 0 0 1
    outer loop
      vertex 482.6 43.66 4
      vertex 475.84846985779444 40.455657780874816 4
      vertex 476.25416305603426 40.10916305603426 4
    endloop
  endfacet
  facet normal 0 0 1
    outer loop
      vertex 482.6 43.66 4
      vertex 476.25416305603426 40.10916305603426 4
      vertex 476.6006577808748 39.70346985779441 4
    endloop
  endfacet
  facet normal 0 0 1
    outer loop
      vertex 465.1 43.66 4
      vertex 470.8205778177596 39.24856769911446 4
      vertex 471.0993422191252 39.70346985779441 4
    endloop
  endfacet
  facet normal 0 0 1
    outer loop
      vertex 465.1 43.66 4
      vertex 470.6164078445965 38.75565778087482 4
      vertex 470.8205778177596 39.24856769911446 4
    endloop
  endfacet
  facet normal 0 0 1
    outer loop
      vertex 465.1 43.66 4
      vertex 470.4918596419766 38.236877181136784 4
      vertex 470.6164078445965 38.75565778087482 4
    endloop
  endfacet
  facet normal 0 0 1
    outer loop
      vertex 465.1 43.66 4
      vertex 470.45000000000005 37.705 4
      vertex 470.4918596419766 38.236877181136784 4
    endloop
  endfacet
  facet normal 0 0 1
    outer loop
      vertex 465.1 43.66 4
      vertex 470.4918596419766 37.17312281886321 4
      vertex 470.45000000000005 37.705 4
    endloop
  endfacet
  facet normal 0 0 1
    outer loop
      vertex 465.1 43.66 4
      vertex 470.6164078445965 36.654342219125176 4
      vertex 470.4918596419766 37.17312281886321 4
    endloop
  endfacet
  facet normal 0 0 1
    outer loop
      vertex 465.1 43.66 4
      vertex 470.8205778177596 36.16143230088554 4
      vertex 470.6164078445965 36.654342219125176 4
    endloop
  endfacet
  facet normal 0 0 1
    outer loop
      vertex 465.1 43.66 4
      vertex 471.0993422191252 35.70653014220559 4
      vertex 470.8205778177596 36.16143230088554 4
    endloop
  endfacet
  facet normal 0 0 -1
    outer loop
      vertex 482.6 43.66 0
      vertex 476.87942218224043 39.24856769911446 0
      vertex 476.6006577808748 39.70346985779441 0
    endloop
  endfacet
  facet normal 0 0 -1
    outer loop
      vertex 482.6 43.66 0
      vertex 477.08359215540355 38.75565778087482 0
      vertex 476.87942218224043 39.24856769911446 0
    endloop
  endfacet
  facet normal 0 0 -1
    outer loop
      vertex 482.6 43.66 0
      vertex 477.20814035802346 38.236877181136784 0
      vertex 477.08359215540355 38.75565778087482 0
    endloop
  endfacet
  facet normal 0 0 1
    outer loop
      vertex 482.6 43.66 4
      vertex 476.6006577808748 39.70346985779441 4
      vertex 476.87942218224043 39.24856769911446 4
    endloop
  endfacet
  facet normal 0 0 1
    outer loop
      vertex 482.6 43.66 4
      vertex 476.87942218224043 39.24856769911446 4
      vertex 477.08359215540355 38.75565778087482 4
    endloop
  endfacet
  facet normal 0 0 1
    outer loop
      vertex 482.6 43.66 4
      vertex 477.08359215540355 38.75565778087482 4
      vertex 477.20814035802346 38.236877181136784 4
    endloop
  endfacet
  facet normal 0 0 1
    outer loop
      vertex 482.6 43.66 4
      vertex 477.20814035802346 38.236877181136784 4
      vertex 477.25 37.705 4
    endloop
  endfacet
  facet normal 0 0 1
    outer loop
      vertex 482.6 43.66 4
      vertex 477.25 37.705 4
      vertex 477.20814035802346 37.17312281886321 4
    endloop
  endfacet
  facet normal 0 0 1
    outer loop
      vertex 482.6 43.66 4
      vertex 477.20814035802346 37.17312281886321 4
      vertex 477.08359215540355 36.654342219125176 4
    endloop
  endfacet
  facet normal 0 0 -1
    outer loop
      vertex 443.3 0 0
      vertex 443.3 40.66 0
      vertex 470.45000000000005 37.705 0
    endloop
  endfacet
  facet normal 0 0 1
    outer loop
      vertex 446.3 40.66 4
      vertex 462.1 3.6599999999999966 4
      vertex 462.1 40.66 4
    endloop
  endfacet
  facet normal 0 0 1
    outer loop
      vertex 465.1 43.66 4
      vertex 465.1 3.6599999999999966 4
      vertex 471.0993422191252 35.70653014220559 4
    endloop
  endfacet
  facet normal 0 0 1
    outer loop
      vertex 482.6 43.66 4
      vertex 477.08359215540355 36.654342219125176 4
      vertex 465.1 3.6599999999999966 4
    endloop
  endfacet
  facet normal 1 0 0
    outer loop
      vertex 482.6 43.66 0
      vertex 482.6 43.66 4
      vertex 482.6 0 0
    endloop
  endfacet
  facet normal 0 0 -1
    outer loop
      vertex 482.6 43.66 0
      vertex 482.6 0 0
      vertex 477.20814035802346 38.236877181136784 0
    endloop
  endfacet
  facet normal 0 0 -1
    outer loop
      vertex 443.3 0 0
      vertex 470.45000000000005 37.705 0
      vertex 470.4918596419766 37.17312281886321 0
    endloop
  endfacet
  facet normal 0 0 -1
    outer loop
      vertex 443.3 0 0
      vertex 470.4918596419766 37.17312281886321 0
      vertex 470.6164078445965 36.654342219125176 0
    endloop
  endfacet
  facet normal 0 0 -1
    outer loop
      vertex 470.6164078445965 36.654342219125176 0
      vertex 470.8205778177596 36.16143230088554 0
      vertex 470.6164078445965 7.00565778087482 0
    endloop
  endfacet
  facet normal 0 0 -1
    outer loop
      vertex 470.8205778177596 36.16143230088554 0
      vertex 471.0993422191252 35.70653014220559 0
      vertex 470.8205778177596 7.49856769911446 0
    endloop
  endfacet
  facet normal 0 0 -1
    outer loop
      vertex 471.0993422191252 35.70653014220559 0
      vertex 471.4458369439658 35.300836943965734 0
      vertex 471.0993422191252 7.95346985779441 0
    endloop
  endfacet
  facet normal 0 0 -1
    outer loop
      vertex 471.4458369439658 35.300836943965734 0
      vertex 471.8515301422056 34.95434221912518 0
      vertex 471.4458369439658 8.359163056034262 0
    endloop
  endfacet
  facet normal 0 0 -1
    outer loop
      vertex 472.3064323008856 34.675577817759546 0
      vertex 471.8515301422056 8.705657780874816 0
      vertex 471.8515301422056 34.95434221912518 0
    endloop
  endfacet
  facet normal 0 0 -1
    outer loop
      vertex 472.3064323008856 34.675577817759546 0
      vertex 472.7993422191252 34.47140784459648 0
      vertex 472.3064323008856 8.98442218224045 0
    endloop
  endfacet
  facet normal 0 0 -1
    outer loop
      vertex 473.31812281886323 34.34685964197653 0
      vertex 472.7993422191252 9.18859215540352 0
      vertex 472.7993422191252 34.47140784459648 0
    endloop
  endfacet
  facet normal 0 0 -1
    outer loop
      vertex 473.85 34.305 0
      vertex 473.31812281886323 9.313140358023468 0
      vertex 473.31812281886323 34.34685964197653 0
    endloop
  endfacet
  facet normal 0 0 -1
    outer loop
      vertex 474.3818771811368 34.34685964197653 0
      vertex 473.85 9.354999999999997 0
      vertex 473.85 34.305 0
    endloop
  endfacet
  facet normal 0 0 -1
    outer loop
      vertex 474.90065778087484 34.47140784459648 0
      vertex 474.3818771811368 9.313140358023468 0
      vertex 474.3818771811368 34.34685964197653 0
    endloop
  endfacet
  facet normal 0 0 1
    outer loop
      vertex 465.1 3.6599999999999966 4
      vertex 471.4458369439658 35.300836943965734 4
      vertex 471.0993422191252 35.70653014220559 4
    endloop
  endfacet
  facet normal 0 0 1
    outer loop
      vertex 465.1 3.6599999999999966 4
      vertex 471.8515301422056 34.95434221912518 4
      vertex 471.4458369439658 35.300836943965734 4
    endloop
  endfacet
  facet normal 0 0 1
    outer loop
      vertex 465.1 3.6599999999999966 4
      vertex 477.08359215540355 36.654342219125176 4
      vertex 476.87942218224043 36.16143230088554 4
    endloop
  endfacet
  facet normal 0 0 1
    outer loop
      vertex 465.1 3.6599999999999966 4
      vertex 476.87942218224043 36.16143230088554 4
      vertex 476.6006577808748 35.70653014220559 4
    endloop
  endfacet
  facet normal 0 0 1
    outer loop
      vertex 465.1 3.6599999999999966 4
      vertex 476.6006577808748 35.70653014220559 4
      vertex 476.25416305603426 35.300836943965734 4
    endloop
  endfacet
  facet normal 0 0 1
    outer loop
      vertex 465.1 3.6599999999999966 4
      vertex 476.25416305603426 35.300836943965734 4
      vertex 475.84846985779444 34.95434221912518 4
    endloop
  endfacet
  facet normal 0 0 -1
    outer loop
      vertex 476.25416305603426 35.300836943965734 0
      vertex 475.84846985779444 8.705657780874816 0
      vertex 475.84846985779444 34.95434221912518 0
    endloop
  endfacet
  facet normal 0 0 -1
    outer loop
      vertex 475.39356769911444 34.675577817759546 0
      vertex 474.90065778087484 9.18859215540352 0
      vertex 474.90065778087484 34.47140784459648 0
    endloop
  endfacet
  facet normal 0 0 -1
    outer loop
      vertex 475.84846985779444 34.95434221912518 0
      vertex 475.39356769911444 8.98442218224045 0
      vertex 475.39356769911444 34.675577817759546 0
    endloop
  endfacet
  facet normal 0 0 -1
    outer loop
      vertex 482.6 0 0
      vertex 477.25 37.705 0
      vertex 477.20814035802346 38.236877181136784 0
    endloop
  endfacet
  facet normal 0 0 -1
    outer loop
      vertex 482.6 0 0
      vertex 477.20814035802346 37.17312281886321 0
      vertex 477.25 37.705 0
    endloop
  endfacet
  facet normal 0 0 -1
    outer loop
      vertex 482.6 0 0
      vertex 477.08359215540355 36.654342219125176 0
      vertex 477.20814035802346 37.17312281886321 0
    endloop
  endfacet
  facet normal 0 0 1
    outer loop
      vertex 465.1 3.6599999999999966 4
      vertex 472.3064323008856 34.675577817759546 4
      vertex 471.8515301422056 34.95434221912518 4
    endloop
  endfacet
  facet normal 0 0 1
    outer loop
      vertex 465.1 3.6599999999999966 4
      vertex 472.7993422191252 34.47140784459648 4
      vertex 472.3064323008856 34.675577817759546 4
    endloop
  endfacet
  facet normal 0 0 1
    outer loop
      vertex 465.1 3.6599999999999966 4
      vertex 473.31812281886323 34.34685964197653 4
      vertex 472.7993422191252 34.47140784459648 4
    endloop
  endfacet
  facet normal 0 0 1
    outer loop
      vertex 465.1 3.6599999999999966 4
      vertex 473.85 34.305 4
      vertex 473.31812281886323 34.34685964197653 4
    endloop
  endfacet
  facet normal 0 0 1
    outer loop
      vertex 465.1 3.6599999999999966 4
      vertex 474.3818771811368 34.34685964197653 4
      vertex 473.85 34.305 4
    endloop
  endfacet
  facet normal 0 0 1
    outer loop
      vertex 465.1 3.6599999999999966 4
      vertex 475.84846985779444 34.95434221912518 4
      vertex 475.39356769911444 34.675577817759546 4
    endloop
  endfacet
  facet normal 0 0 1
    outer loop
      vertex 465.1 3.6599999999999966 4
      vertex 475.39356769911444 34.675577817759546 4
      vertex 474.90065778087484 34.47140784459648 4
    endloop
  endfacet
  facet normal 0 0 1
    outer loop
      vertex 465.1 3.6599999999999966 4
      vertex 474.90065778087484 34.47140784459648 4
      vertex 474.3818771811368 34.34685964197653 4
    endloop
  endfacet
  facet normal 0 0 -1
    outer loop
      vertex 482.6 0 0
      vertex 476.6006577808748 35.70653014220559 0
      vertex 476.87942218224043 36.16143230088554 0
    endloop
  endfacet
  facet normal 0 0 -1
    outer loop
      vertex 482.6 0 0
      vertex 476.25416305603426 35.300836943965734 0
      vertex 476.6006577808748 35.70653014220559 0
    endloop
  endfacet
  facet normal 0 0 -1
    outer loop
      vertex 482.6 0 0
      vertex 476.87942218224043 36.16143230088554 0
      vertex 477.08359215540355 36.654342219125176 0
    endloop
  endfacet
  facet normal 0 0 1
    outer loop
      vertex 446.3 40.66 4
      vertex 446.3 3.6599999999999966 4
      vertex 462.1 3.6599999999999966 4
    endloop
  endfacet
  facet normal 0 0 1
    outer loop
      vertex 482.6 43.66 4
      vertex 472.3064323008856 8.98442218224045 4
      vertex 472.7993422191252 9.18859215540352 4
    endloop
  endfacet
  facet normal 0 0 1
    outer loop
      vertex 482.6 43.66 4
      vertex 472.7993422191252 9.18859215540352 4
      vertex 473.31812281886323 9.313140358023468 4
    endloop
  endfacet
  facet normal 0 0 1
    outer loop
      vertex 482.6 43.66 4
      vertex 473.31812281886323 9.313140358023468 4
      vertex 473.85 9.354999999999997 4
    endloop
  endfacet
  facet normal 0 0 1
    outer loop
      vertex 482.6 43.66 4
      vertex 473.85 9.354999999999997 4
      vertex 474.3818771811368 9.313140358023468 4
    endloop
  endfacet
  facet normal 0 0 1
    outer loop
      vertex 482.6 43.66 4
      vertex 474.3818771811368 9.313140358023468 4
      vertex 474.90065778087484 9.18859215540352 4
    endloop
  endfacet
  facet normal 0 0 1
    outer loop
      vertex 482.6 43.66 4
      vertex 474.90065778087484 9.18859215540352 4
      vertex 475.39356769911444 8.98442218224045 4
    endloop
  endfacet
  facet normal 0 0 1
    outer loop
      vertex 482.6 43.66 4
      vertex 471.8515301422056 8.705657780874816 4
      vertex 472.3064323008856 8.98442218224045 4
    endloop
  endfacet
  facet normal 0 0 1
    outer loop
      vertex 482.6 43.66 4
      vertex 475.39356769911444 8.98442218224045 4
      vertex 475.84846985779444 8.705657780874816 4
    endloop
  endfacet
  facet normal 0 0 1
    outer loop
      vertex 482.6 43.66 4
      vertex 475.84846985779444 8.705657780874816 4
      vertex 476.25416305603426 8.359163056034262 4
    endloop
  endfacet
  facet normal 0 0 1
    outer loop
      vertex 482.6 43.66 4
      vertex 476.25416305603426 8.359163056034262 4
      vertex 476.6006577808748 7.95346985779441 4
    endloop
  endfacet
  facet normal 0 0 1
    outer loop
      vertex 482.6 43.66 4
      vertex 476.6006577808748 7.95346985779441 4
      vertex 476.87942218224043 7.49856769911446 4
    endloop
  endfacet
  facet normal 0 0 1
    outer loop
      vertex 482.6 43.66 4
      vertex 476.87942218224043 7.49856769911446 4
      vertex 477.08359215540355 7.00565778087482 4
    endloop
  endfacet
  facet normal 0 0 -1
    outer loop
      vertex 470.8205778177596 36.16143230088554 0
      vertex 470.8205778177596 7.49856769911446 0
      vertex 470.6164078445965 7.00565778087482 0
    endloop
  endfacet
  facet normal 0 0 -1
    outer loop
      vertex 471.0993422191252 35.70653014220559 0
      vertex 471.0993422191252 7.95346985779441 0
      vertex 470.8205778177596 7.49856769911446 0
    endloop
  endfacet
  facet normal 0 0 -1
    outer loop
      vertex 472.3064323008856 34.675577817759546 0
      vertex 472.3064323008856 8.98442218224045 0
      vertex 471.8515301422056 8.705657780874816 0
    endloop
  endfacet
  facet normal 0 0 -1
    outer loop
      vertex 473.31812281886323 34.34685964197653 0
      vertex 473.31812281886323 9.313140358023468 0
      vertex 472.7993422191252 9.18859215540352 0
    endloop
  endfacet
  facet normal 0 0 -1
    outer loop
      vertex 472.7993422191252 34.47140784459648 0
      vertex 472.7993422191252 9.18859215540352 0
      vertex 472.3064323008856 8.98442218224045 0
    endloop
  endfacet
  facet normal 0 0 -1
    outer loop
      vertex 471.8515301422056 34.95434221912518 0
      vertex 471.8515301422056 8.705657780874816 0
      vertex 471.4458369439658 8.359163056034262 0
    endloop
  endfacet
  facet normal 0 0 -1
    outer loop
      vertex 471.4458369439658 35.300836943965734 0
      vertex 471.4458369439658 8.359163056034262 0
      vertex 471.0993422191252 7.95346985779441 0
    endloop
  endfacet
  facet normal 0 0 -1
    outer loop
      vertex 473.85 34.305 0
      vertex 473.85 9.354999999999997 0
      vertex 473.31812281886323 9.313140358023468 0
    endloop
  endfacet
  facet normal 0 0 -1
    outer loop
      vertex 474.3818771811368 34.34685964197653 0
      vertex 474.3818771811368 9.313140358023468 0
      vertex 473.85 9.354999999999997 0
    endloop
  endfacet
  facet normal 0 0 -1
    outer loop
      vertex 474.90065778087484 34.47140784459648 0
      vertex 474.90065778087484 9.18859215540352 0
      vertex 474.3818771811368 9.313140358023468 0
    endloop
  endfacet
  facet normal 0 0 1
    outer loop
      vertex 482.6 43.66 4
      vertex 465.1 3.6599999999999966 4
      vertex 471.8515301422056 8.705657780874816 4
    endloop
  endfacet
  facet normal 0 0 -1
    outer loop
      vertex 475.39356769911444 34.675577817759546 0
      vertex 475.39356769911444 8.98442218224045 0
      vertex 474.90065778087484 9.18859215540352 0
    endloop
  endfacet
  facet normal 0 0 -1
    outer loop
      vertex 475.84846985779444 34.95434221912518 0
      vertex 475.84846985779444 8.705657780874816 0
      vertex 475.39356769911444 8.98442218224045 0
    endloop
  endfacet
  facet normal 0 0 -1
    outer loop
      vertex 476.25416305603426 35.300836943965734 0
      vertex 476.25416305603426 8.359163056034262 0
      vertex 475.84846985779444 8.705657780874816 0
    endloop
  endfacet
  facet normal 0 0 -1
    outer loop
      vertex 476.25416305603426 35.300836943965734 0
      vertex 476.6006577808748 7.95346985779441 0
      vertex 476.25416305603426 8.359163056034262 0
    endloop
  endfacet
  facet normal 0 0 1
    outer loop
      vertex 482.6 43.66 4
      vertex 477.08359215540355 7.00565778087482 4
      vertex 477.20814035802346 6.486877181136784 4
    endloop
  endfacet
  facet normal 0 0 1
    outer loop
      vertex 482.6 43.66 4
      vertex 477.20814035802346 6.486877181136784 4
      vertex 477.25 5.954999999999998 4
    endloop
  endfacet
  facet normal 0 0 1
    outer loop
      vertex 482.6 43.66 4
      vertex 477.25 5.954999999999998 4
      vertex 477.20814035802346 5.423122818863213 4
    endloop
  endfacet
  facet normal 0 0 -1
    outer loop
      vertex 443.3 0 0
      vertex 470.6164078445965 36.654342219125176 0
      vertex 470.6164078445965 7.00565778087482 0
    endloop
  endfacet
  facet normal 0 0 -1
    outer loop
      vertex 482.6 0 0
      vertex 476.6006577808748 7.95346985779441 0
      vertex 476.25416305603426 35.300836943965734 0
    endloop
  endfacet
  facet normal 1 0 0
    outer loop
      vertex 482.6 43.66 4
      vertex 482.6 0 4
      vertex 482.6 0 0
    endloop
  endfacet
  facet normal 0 0 1
    outer loop
      vertex 482.6 43.66 4
      vertex 477.20814035802346 5.423122818863213 4
      vertex 482.6 0 4
    endloop
  endfacet
  facet normal 0 0 1
    outer loop
      vertex 465.1 3.6599999999999966 4
      vertex 471.4458369439658 8.359163056034262 4
      vertex 471.8515301422056 8.705657780874816 4
    endloop
  endfacet
  facet normal 0 0 1
    outer loop
      vertex 465.1 3.6599999999999966 4
      vertex 471.0993422191252 7.95346985779441 4
      vertex 471.4458369439658 8.359163056034262 4
    endloop
  endfacet
  facet normal 0 0 1
    outer loop
      vertex 465.1 3.6599999999999966 4
      vertex 470.8205778177596 7.49856769911446 4
      vertex 471.0993422191252 7.95346985779441 4
    endloop
  endfacet
  facet normal 0 0 1
    outer loop
      vertex 465.1 3.6599999999999966 4
      vertex 470.6164078445965 7.00565778087482 4
      vertex 470.8205778177596 7.49856769911446 4
    endloop
  endfacet
  facet normal 0 0 1
    outer loop
      vertex 465.1 3.6599999999999966 4
      vertex 470.4918596419766 6.486877181136784 4
      vertex 470.6164078445965 7.00565778087482 4
    endloop
  endfacet
  facet normal 0 0 -1
    outer loop
      vertex 443.3 0 0
      vertex 470.6164078445965 7.00565778087482 0
      vertex 470.4918596419766 6.486877181136784 0
    endloop
  endfacet
  facet normal 0 0 -1
    outer loop
      vertex 443.3 0 0
      vertex 470.4918596419766 6.486877181136784 0
      vertex 470.45000000000005 5.954999999999998 0
    endloop
  endfacet
  facet normal 0 0 -1
    outer loop
      vertex 443.3 0 0
      vertex 470.45000000000005 5.954999999999998 0
      vertex 470.4918596419766 5.423122818863213 0
    endloop
  endfacet
  facet normal 0 0 -1
    outer loop
      vertex 443.3 0 0
      vertex 470.4918596419766 5.423122818863213 0
      vertex 470.6164078445965 4.904342219125176 0
    endloop
  endfacet
  facet normal 0 0 -1
    outer loop
      vertex 443.3 0 0
      vertex 470.6164078445965 4.904342219125176 0
      vertex 470.8205778177596 4.4114323008855365 0
    endloop
  endfacet
  facet normal 0 0 -1
    outer loop
      vertex 443.3 0 0
      vertex 470.8205778177596 4.4114323008855365 0
      vertex 471.0993422191252 3.9565301422055867 0
    endloop
  endfacet
  facet normal 0 -1 0
    outer loop
      vertex 482.6 0 4
      vertex 443.3 0 4
      vertex 443.3 0 0
    endloop
  endfacet
  facet normal 0 0 1
    outer loop
      vertex 446.3 3.6599999999999966 4
      vertex 443.3 3.6599999999999966 4
      vertex 482.6 0 4
    endloop
  endfacet
  facet normal 0 0 1
    outer loop
      vertex 482.6 0 4
      vertex 443.3 3.6599999999999966 4
      vertex 443.3 0 4
    endloop
  endfacet
  facet normal 0 0 -1
    outer loop
      vertex 443.3 0 0
      vertex 471.0993422191252 3.9565301422055867 0
      vertex 471.4458369439658 3.5508369439657343 0
    endloop
  endfacet
  facet normal 0 0 -1
    outer loop
      vertex 443.3 0 0
      vertex 471.4458369439658 3.5508369439657343 0
      vertex 471.8515301422056 3.2043422191251807 0
    endloop
  endfacet
  facet normal 0 0 -1
    outer loop
      vertex 443.3 0 0
      vertex 471.8515301422056 3.2043422191251807 0
      vertex 472.3064323008856 2.925577817759546 0
    endloop
  endfacet
  facet normal 0 0 -1
    outer loop
      vertex 443.3 0 0
      vertex 472.3064323008856 2.925577817759546 0
      vertex 472.7993422191252 2.7214078445964773 0
    endloop
  endfacet
  facet normal 0 0 -1
    outer loop
      vertex 482.6 0 0
      vertex 443.3 0 0
      vertex 472.7993422191252 2.7214078445964773 0
    endloop
  endfacet
  facet normal 0 0 1
    outer loop
      vertex 446.3 3.6599999999999966 4
      vertex 482.6 0 4
      vertex 462.1 3.6599999999999966 4
    endloop
  endfacet
  facet normal 0 0 1
    outer loop
      vertex 465.1 3.6599999999999966 4
      vertex 470.45000000000005 5.954999999999998 4
      vertex 470.4918596419766 6.486877181136784 4
    endloop
  endfacet
  facet normal 0 0 1
    outer loop
      vertex 465.1 3.6599999999999966 4
      vertex 470.4918596419766 5.423122818863213 4
      vertex 470.45000000000005 5.954999999999998 4
    endloop
  endfacet
  facet normal 0 0 1
    outer loop
      vertex 465.1 3.6599999999999966 4
      vertex 470.6164078445965 4.904342219125176 4
      vertex 470.4918596419766 5.423122818863213 4
    endloop
  endfacet
  facet normal 0 0 1
    outer loop
      vertex 465.1 3.6599999999999966 4
      vertex 470.8205778177596 4.4114323008855365 4
      vertex 470.6164078445965 4.904342219125176 4
    endloop
  endfacet
  facet normal 0 0 1
    outer loop
      vertex 465.1 3.6599999999999966 4
      vertex 471.0993422191252 3.9565301422055867 4
      vertex 470.8205778177596 4.4114323008855365 4
    endloop
  endfacet
  facet normal 0 0 1
    outer loop
      vertex 465.1 3.6599999999999966 4
      vertex 471.4458369439658 3.5508369439657343 4
      vertex 471.0993422191252 3.9565301422055867 4
    endloop
  endfacet
  facet normal 0 0 1
    outer loop
      vertex 465.1 3.6599999999999966 4
      vertex 471.8515301422056 3.2043422191251807 4
      vertex 471.4458369439658 3.5508369439657343 4
    endloop
  endfacet
  facet normal 0 0 1
    outer loop
      vertex 465.1 3.6599999999999966 4
      vertex 472.3064323008856 2.925577817759546 4
      vertex 471.8515301422056 3.2043422191251807 4
    endloop
  endfacet
  facet normal 0 0 1
    outer loop
      vertex 465.1 3.6599999999999966 4
      vertex 472.7993422191252 2.7214078445964773 4
      vertex 472.3064323008856 2.925577817759546 4
    endloop
  endfacet
  facet normal 0 0 -1
    outer loop
      vertex 482.6 0 0
      vertex 476.87942218224043 7.49856769911446 0
      vertex 476.6006577808748 7.95346985779441 0
    endloop
  endfacet
  facet normal 0 0 -1
    outer loop
      vertex 482.6 0 0
      vertex 477.08359215540355 7.00565778087482 0
      vertex 476.87942218224043 7.49856769911446 0
    endloop
  endfacet
  facet normal 0 0 -1
    outer loop
      vertex 482.6 0 0
      vertex 477.20814035802346 6.486877181136784 0
      vertex 477.08359215540355 7.00565778087482 0
    endloop
  endfacet
  facet normal 0 0 -1
    outer loop
      vertex 482.6 0 0
      vertex 477.25 5.954999999999998 0
      vertex 477.20814035802346 6.486877181136784 0
    endloop
  endfacet
  facet normal 0 0 -1
    outer loop
      vertex 482.6 0 0
      vertex 476.6006577808748 3.9565301422055867 0
      vertex 476.87942218224043 4.4114323008855365 0
    endloop
  endfacet
  facet normal 0 0 -1
    outer loop
      vertex 482.6 0 0
      vertex 477.20814035802346 5.423122818863213 0
      vertex 477.25 5.954999999999998 0
    endloop
  endfacet
  facet normal 0 0 -1
    outer loop
      vertex 482.6 0 0
      vertex 477.08359215540355 4.904342219125176 0
      vertex 477.20814035802346 5.423122818863213 0
    endloop
  endfacet
  facet normal 0 0 -1
    outer loop
      vertex 482.6 0 0
      vertex 476.87942218224043 4.4114323008855365 0
      vertex 477.08359215540355 4.904342219125176 0
    endloop
  endfacet
  facet normal 0 0 1
    outer loop
      vertex 482.6 0 4
      vertex 476.87942218224043 4.4114323008855365 4
      vertex 476.6006577808748 3.9565301422055867 4
    endloop
  endfacet
  facet normal 0 0 1
    outer loop
      vertex 482.6 0 4
      vertex 477.20814035802346 5.423122818863213 4
      vertex 477.08359215540355 4.904342219125176 4
    endloop
  endfacet
  facet normal 0 0 1
    outer loop
      vertex 482.6 0 4
      vertex 477.08359215540355 4.904342219125176 4
      vertex 476.87942218224043 4.4114323008855365 4
    endloop
  endfacet
  facet normal 0 -1 0
    outer loop
      vertex 482.6 0 0
      vertex 482.6 0 4
      vertex 443.3 0 0
    endloop
  endfacet
  facet normal 0 0 1
    outer loop
      vertex 462.1 3.6599999999999966 4
      vertex 482.6 0 4
      vertex 465.1 3.6599999999999966 4
    endloop
  endfacet
  facet normal 0 0 1
    outer loop
      vertex 465.1 3.6599999999999966 4
      vertex 482.6 0 4
      vertex 472.7993422191252 2.7214078445964773 4
    endloop
  endfacet
  facet normal 0 0 -1
    outer loop
      vertex 482.6 0 0
      vertex 476.25416305603426 3.5508369439657343 0
      vertex 476.6006577808748 3.9565301422055867 0
    endloop
  endfacet
  facet normal 0 0 -1
    outer loop
      vertex 482.6 0 0
      vertex 475.84846985779444 3.2043422191251807 0
      vertex 476.25416305603426 3.5508369439657343 0
    endloop
  endfacet
  facet normal 0 0 -1
    outer loop
      vertex 482.6 0 0
      vertex 472.7993422191252 2.7214078445964773 0
      vertex 473.31812281886323 2.596859641976529 0
    endloop
  endfacet
  facet normal 0 0 -1
    outer loop
      vertex 482.6 0 0
      vertex 473.31812281886323 2.596859641976529 0
      vertex 473.85 2.5549999999999997 0
    endloop
  endfacet
  facet normal 0 0 -1
    outer loop
      vertex 482.6 0 0
      vertex 473.85 2.5549999999999997 0
      vertex 474.3818771811368 2.596859641976529 0
    endloop
  endfacet
  facet normal 0 0 -1
    outer loop
      vertex 482.6 0 0
      vertex 474.90065778087484 2.7214078445964773 0
      vertex 475.39356769911444 2.925577817759546 0
    endloop
  endfacet
  facet normal 0 0 -1
    outer loop
      vertex 482.6 0 0
      vertex 474.3818771811368 2.596859641976529 0
      vertex 474.90065778087484 2.7214078445964773 0
    endloop
  endfacet
  facet normal 0 0 -1
    outer loop
      vertex 482.6 0 0
      vertex 475.39356769911444 2.925577817759546 0
      vertex 475.84846985779444 3.2043422191251807 0
    endloop
  endfacet
  facet normal 0 0 1
    outer loop
      vertex 482.6 0 4
      vertex 476.6006577808748 3.9565301422055867 4
      vertex 476.25416305603426 3.5508369439657343 4
    endloop
  endfacet
  facet normal 0 0 1
    outer loop
      vertex 482.6 0 4
      vertex 476.25416305603426 3.5508369439657343 4
      vertex 475.84846985779444 3.2043422191251807 4
    endloop
  endfacet
  facet normal 0 0 1
    outer loop
      vertex 482.6 0 4
      vertex 473.31812281886323 2.596859641976529 4
      vertex 472.7993422191252 2.7214078445964773 4
    endloop
  endfacet
  facet normal 0 0 1
    outer loop
      vertex 482.6 0 4
      vertex 473.85 2.5549999999999997 4
      vertex 473.31812281886323 2.596859641976529 4
    endloop
  endfacet
  facet normal 0 0 1
    outer loop
      vertex 482.6 0 4
      vertex 474.3818771811368 2.596859641976529 4
      vertex 473.85 2.5549999999999997 4
    endloop
  endfacet
  facet normal 0 0 1
    outer loop
      vertex 482.6 0 4
      vertex 475.39356769911444 2.925577817759546 4
      vertex 474.90065778087484 2.7214078445964773 4
    endloop
  endfacet
  facet normal 0 0 1
    outer loop
      vertex 482.6 0 4
      vertex 474.90065778087484 2.7214078445964773 4
      vertex 474.3818771811368 2.596859641976529 4
    endloop
  endfacet
  facet normal 0 0 1
    outer loop
      vertex 482.6 0 4
      vertex 475.84846985779444 3.2043422191251807 4
      vertex 475.39356769911444 2.925577817759546 4
    endloop
  endfacet
  facet normal 0 -1 0
    outer loop
      vertex 288.55 40.66 5
      vertex 288.55 40.66 11
      vertex 247.88928571428573 40.66 4.1000000000000005
    endloop
  endfacet
  facet normal 0 -1 0
    outer loop
      vertex 288.55 40.66 5
      vertex 247.88928571428573 40.66 4.1000000000000005
      vertex 302.55 40.66 5
    endloop
  endfacet
  facet normal 0 -1 0
    outer loop
      vertex 302.55 40.66 5
      vertex 247.88928571428573 40.66 4.1000000000000005
      vertex 343.7138392857143 40.66 4.1000000000000005
    endloop
  endfacet
  facet normal 0 -1 0
    outer loop
      vertex 247.3 40.66 100.25
      vertex 247.3 40.66 4
      vertex 247.88928571428573 40.66 4.1000000000000005
    endloop
  endfacet
  facet normal -1 0 0
    outer loop
      vertex 241.3 43.66 4
      vertex 241.3 40.66 4
      vertex 241.3 40.66 116
    endloop
  endfacet
  facet normal 0 -1 0
    outer loop
      vertex 288.55 40.66 11
      vertex 247.3 40.66 100.25
      vertex 247.88928571428573 40.66 4.1000000000000005
    endloop
  endfacet
  facet normal 0 -1 0
    outer loop
      vertex 288.55 40.66 11
      vertex 302.55 40.66 11
      vertex 247.3 40.66 100.25
    endloop
  endfacet
  facet normal 0 -1 0
    outer loop
      vertex 302.55 40.66 11
      vertex 343.7138392857143 40.66 4.1000000000000005
      vertex 247.3 40.66 100.25
    endloop
  endfacet
  facet normal 0 -1 0
    outer loop
      vertex 302.55 40.66 5
      vertex 343.7138392857143 40.66 4.1000000000000005
      vertex 302.55 40.66 11
    endloop
  endfacet
  facet normal 0 -1 0
    outer loop
      vertex 343.8 40.66 100.25
      vertex 343.7138392857143 40.66 4.1000000000000005
      vertex 343.8 40.66 4
    endloop
  endfacet
  facet normal 0 -1 0
    outer loop
      vertex 346.8 40.66 100.25
      vertex 346.8 40.66 4
      vertex 347.38928571428573 40.66 4.1000000000000005
    endloop
  endfacet
  facet normal 0 -1 0
    outer loop
      vertex 346.8 40.66 100.25
      vertex 347.38928571428573 40.66 4.1000000000000005
      vertex 388.05 40.66 11
    endloop
  endfacet
  facet normal -1 0 0
    outer loop
      vertex 241.3 43.66 4
      vertex 241.3 40.66 116
      vertex 241.3 43.66 116
    endloop
  endfacet
  facet normal 0 -1 0
    outer loop
      vertex 247.3 40.66 100.25
      vertex 343.7138392857143 40.66 4.1000000000000005
      vertex 254.05 40.66 107
    endloop
  endfacet
  facet normal 0 -1 0
    outer loop
      vertex 254.05 40.66 107
      vertex 343.7138392857143 40.66 4.1000000000000005
      vertex 247.3 40.66 116
    endloop
  endfacet
  facet normal 0 -1 0
    outer loop
      vertex 247.3 40.66 107
      vertex 254.05 40.66 107
      vertex 247.3 40.66 116
    endloop
  endfacet
  facet normal 0 1 0
    outer loop
      vertex 241.3 43.66 4
      vertex 241.3 43.66 116
      vertex 465.1 43.66 116
    endloop
  endfacet
  facet normal 0 -1 0
    outer loop
      vertex 247.3 40.66 116
      vertex 343.7138392857143 40.66 4.1000000000000005
      vertex 343.8 40.66 100.25
    endloop
  endfacet
  facet normal 0 -1 0
    outer loop
      vertex 247.3 40.66 116
      vertex 343.8 40.66 100.25
      vertex 337.05 40.66 107
    endloop
  endfacet
  facet normal 0 0 1
    outer loop
      vertex 241.3 43.66 116
      vertex 241.3 40.66 116
      vertex 465.1 43.66 116
    endloop
  endfacet
  facet normal 0 -1 0
    outer loop
      vertex 247.3 40.66 116
      vertex 337.05 40.66 107
      vertex 343.8 40.66 116
    endloop
  endfacet
  facet normal 0 0 1
    outer loop
      vertex 241.3 40.66 116
      vertex 247.3 40.66 116
      vertex 465.1 43.66 116
    endloop
  endfacet
  facet normal 0 -1 0
    outer loop
      vertex 337.05 40.66 107
      vertex 343.8 40.66 107
      vertex 343.8 40.66 116
    endloop
  endfacet
  facet normal 0 0 1
    outer loop
      vertex 247.3 40.66 116
      vertex 343.8 40.66 116
      vertex 465.1 43.66 116
    endloop
  endfacet
  facet normal 0 -1 0
    outer loop
      vertex 346.8 40.66 107
      vertex 353.55 40.66 107
      vertex 346.8 40.66 116
    endloop
  endfacet
  facet normal 0 -1 0
    outer loop
      vertex 388.05 40.66 5
      vertex 388.05 40.66 11
      vertex 347.38928571428573 40.66 4.1000000000000005
    endloop
  endfacet
  facet normal 0 -1 0
    outer loop
      vertex 388.05 40.66 5
      vertex 347.38928571428573 40.66 4.1000000000000005
      vertex 402.05 40.66 5
    endloop
  endfacet
  facet normal 0 1 0
    outer loop
      vertex 241.3 43.66 4
      vertex 465.1 43.66 60
      vertex 465.1 43.66 4
    endloop
  endfacet
  facet normal 0 -1 0
    outer loop
      vertex 402.05 40.66 5
      vertex 347.38928571428573 40.66 4.1000000000000005
      vertex 443.2128640776699 40.66 4.1000000000000005
    endloop
  endfacet
  facet normal 0 -1 0
    outer loop
      vertex 402.05 40.66 5
      vertex 443.2128640776699 40.66 4.1000000000000005
      vertex 402.05 40.66 11
    endloop
  endfacet
  facet normal 0 -1 0
    outer loop
      vertex 346.8 40.66 100.25
      vertex 388.05 40.66 11
      vertex 402.05 40.66 11
    endloop
  endfacet
  facet normal 0 -1 0
    outer loop
      vertex 346.8 40.66 100.25
      vertex 402.05 40.66 11
      vertex 443.2128640776699 40.66 4.1000000000000005
    endloop
  endfacet
  facet normal 0 -1 0
    outer loop
      vertex 443.3 40.66 100.25
      vertex 443.2128640776699 40.66 4.1000000000000005
      vertex 443.3 40.66 4
    endloop
  endfacet
  facet normal 0 -1 0
    outer loop
      vertex 446.3 40.66 4
      vertex 462.1 40.66 4
      vertex 446.3 40.66 116
    endloop
  endfacet
  facet normal 0 1 0
    outer loop
      vertex 241.3 43.66 4
      vertex 465.1 43.66 116
      vertex 465.1 43.66 60
    endloop
  endfacet
  facet normal 0 -1 0
    outer loop
      vertex 346.8 40.66 100.25
      vertex 443.2128640776699 40.66 4.1000000000000005
      vertex 353.55 40.66 107
    endloop
  endfacet
  facet normal 0 -1 0
    outer loop
      vertex 353.55 40.66 107
      vertex 443.2128640776699 40.66 4.1000000000000005
      vertex 443.3 40.66 100.25
    endloop
  endfacet
  facet normal 0 0 1
    outer loop
      vertex 343.8 40.66 116
      vertex 346.8 40.66 116
      vertex 465.1 43.66 116
    endloop
  endfacet
  facet normal 0 -1 0
    outer loop
      vertex 346.8 40.66 116
      vertex 353.55 40.66 107
      vertex 436.55 40.66 107
    endloop
  endfacet
  facet normal 0 -1 0
    outer loop
      vertex 353.55 40.66 107
      vertex 443.3 40.66 100.25
      vertex 436.55 40.66 107
    endloop
  endfacet
  facet normal 0 0 1
    outer loop
      vertex 346.8 40.66 116
      vertex 443.3 40.66 116
      vertex 465.1 43.66 116
    endloop
  endfacet
  facet normal 0 -1 0
    outer loop
      vertex 346.8 40.66 116
      vertex 436.55 40.66 107
      vertex 443.3 40.66 116
    endloop
  endfacet
  facet normal 1 0 0
    outer loop
      vertex 465.1 40.66 55.8
      vertex 465.1 43.66 60
      vertex 465.1 43.66 116
    endloop
  endfacet
  facet normal 0 -1 0
    outer loop
      vertex 462.1 40.66 4
      vertex 462.1 40.66 116
      vertex 446.3 40.66 116
    endloop
  endfacet
  facet normal 0 0 1
    outer loop
      vertex 443.3 40.66 116
      vertex 446.3 40.66 116
      vertex 465.1 43.66 116
    endloop
  endfacet
  facet normal 0 -1 0
    outer loop
      vertex 436.55 40.66 107
      vertex 443.3 40.66 107
      vertex 443.3 40.66 116
    endloop
  endfacet
  facet normal 1 0 0
    outer loop
      vertex 465.1 40.66 55.8
      vertex 465.1 43.66 116
      vertex 465.1 40.66 107.6
    endloop
  endfacet
  facet normal 0 0 1
    outer loop
      vertex 446.3 40.66 116
      vertex 462.1 40.66 116
      vertex 465.1 43.66 116
    endloop
  endfacet
  facet normal 0 0 1
    outer loop
      vertex 465.1 43.66 116
      vertex 462.1 40.66 116
      vertex 465.1 40.66 116
    endloop
  endfacet
  facet normal 1 0 0
    outer loop
      vertex 247.3 37.36 16
      vertex 247.3 40.619166666666665 4.1000000000000005
      vertex 247.3 40.66 4
    endloop
  endfacet
  facet normal 1 0 0
    outer loop
      vertex 247.3 35.76 16
      vertex 247.3 40.619166666666665 4.1000000000000005
      vertex 247.3 37.36 16
    endloop
  endfacet
  facet normal -1 0 0
    outer loop
      vertex 241.3 40.66 4
      vertex 241.3 32.86208152801713 14.79791847198287
      vertex 241.3 33.07349834091433 15.055530603866677
    endloop
  endfacet
  facet normal -1 0 0
    outer loop
      vertex 241.3 40.66 4
      vertex 241.3 33.07349834091433 15.055530603866677
      vertex 241.3 33.23059520526918 15.349438164979347
    endloop
  endfacet
  facet normal -1 0 0
    outer loop
      vertex 241.3 40.66 4
      vertex 241.3 33.23059520526918 15.349438164979347
      vertex 241.3 33.32733497668549 15.668346452572582
    endloop
  endfacet
  facet normal -1 0 0
    outer loop
      vertex 241.3 40.66 4
      vertex 241.3 33.32733497668549 15.668346452572582
      vertex 241.3 33.36 16
    endloop
  endfacet
  facet normal -1 0 0
    outer loop
      vertex 241.3 40.66 4
      vertex 241.3 33.36 16
      vertex 241.3 33.32733497668549 16.33165354742742
    endloop
  endfacet
  facet normal 1 0 0
    outer loop
      vertex 247.3 35.76 16
      vertex 247.3 33.30544826719043 13.15
      vertex 247.3 40.619166666666665 4.1000000000000005
    endloop
  endfacet
  facet normal -1 0 0
    outer loop
      vertex 241.3 40.66 4
      vertex 241.3 32.60446939613332 14.586501659085673
      vertex 241.3 32.86208152801713 14.79791847198287
    endloop
  endfacet
  facet normal -1 0 0
    outer loop
      vertex 241.3 40.66 4
      vertex 241.3 32.31056183502065 14.429404794730813
      vertex 241.3 32.60446939613332 14.586501659085673
    endloop
  endfacet
  facet normal -1 0 0
    outer loop
      vertex 241.3 40.66 4
      vertex 241.3 31.991653547427415 14.332665023314508
      vertex 241.3 32.31056183502065 14.429404794730813
    endloop
  endfacet
  facet normal -1 0 0
    outer loop
      vertex 241.3 40.66 4
      vertex 241.3 31.659999999999997 14.3
      vertex 241.3 31.991653547427415 14.332665023314508
    endloop
  endfacet
  facet normal 1 0 0
    outer loop
      vertex 247.3 35.76 16
      vertex 247.3 34.95089653438086 16
      vertex 247.3 33.30544826719043 13.15
    endloop
  endfacet
  facet normal 1 0 0
    outer loop
      vertex 247.3 3.6599999999999966 4.1000000000000005
      vertex 247.3 40.619166666666665 4.1000000000000005
      vertex 247.3 33.30544826719043 13.15
    endloop
  endfacet
  facet normal -1 0 0
    outer loop
      vertex 241.3 40.66 4
      vertex 241.3 3.6599999999999966 4
      vertex 241.3 31.659999999999997 14.3
    endloop
  endfacet
  facet normal 1 0 0
    outer loop
      vertex 247.3 3.6599999999999966 4.1000000000000005
      vertex 247.3 33.30544826719043 13.15
      vertex 247.3 30.014551732809565 13.15
    endloop
  endfacet
  facet normal -1 0 0
    outer loop
      vertex 241.3 3.6599999999999966 4
      vertex 241.3 31.32834645257258 14.332665023314508
      vertex 241.3 31.659999999999997 14.3
    endloop
  endfacet
  facet normal -1 0 0
    outer loop
      vertex 241.3 3.6599999999999966 4
      vertex 241.3 31.009438164979343 14.429404794730813
      vertex 241.3 31.32834645257258 14.332665023314508
    endloop
  endfacet
  facet normal -1 0 0
    outer loop
      vertex 241.3 32.31056183502065 17.570595205269186
      vertex 241.3 25.659999999999997 30
      vertex 241.3 32.60446939613332 17.413498340914327
    endloop
  endfacet
  facet normal -1 0 0
    outer loop
      vertex 241.3 32.31056183502065 17.570595205269186
      vertex 241.3 31.991653547427415 17.667334976685492
      vertex 241.3 25.625925826289066 29.74118095489748
    endloop
  endfacet
  facet normal -1 0 0
    outer loop
      vertex 241.3 31.991653547427415 17.667334976685492
      vertex 241.3 31.659999999999997 17.7
      vertex 241.3 25.526025403784434 29.5
    endloop
  endfacet
  facet normal -1 0 0
    outer loop
      vertex 241.3 31.659999999999997 17.7
      vertex 241.3 31.32834645257258 17.667334976685492
      vertex 241.3 25.367106781186543 29.292893218813454
    endloop
  endfacet
  facet normal -1 0 0
    outer loop
      vertex 241.3 31.009438164979343 17.570595205269186
      vertex 241.3 25.159999999999997 29.133974596215563
      vertex 241.3 31.32834645257258 17.667334976685492
    endloop
  endfacet
  facet normal -1 0 0
    outer loop
      vertex 241.3 30.715530603866675 17.413498340914327
      vertex 241.3 30.457918471982865 17.202081528017132
      vertex 241.3 24.918819045102516 29.03407417371093
    endloop
  endfacet
  facet normal -1 0 0
    outer loop
      vertex 241.3 31.009438164979343 17.570595205269186
      vertex 241.3 30.715530603866675 17.413498340914327
      vertex 241.3 25.159999999999997 29.133974596215563
    endloop
  endfacet
  facet normal -1 0 0
    outer loop
      vertex 241.3 30.08940479473081 15.349438164979347
      vertex 241.3 24.659999999999997 29
      vertex 241.3 29.992665023314505 15.668346452572582
    endloop
  endfacet
  facet normal -1 0 0
    outer loop
      vertex 241.3 29.992665023314505 15.668346452572582
      vertex 241.3 24.659999999999997 29
      vertex 241.3 29.959999999999997 16
    endloop
  endfacet
  facet normal -1 0 0
    outer loop
      vertex 241.3 29.959999999999997 16
      vertex 241.3 24.659999999999997 29
      vertex 241.3 29.992665023314505 16.33165354742742
    endloop
  endfacet
  facet normal -1 0 0
    outer loop
      vertex 241.3 29.992665023314505 16.33165354742742
      vertex 241.3 24.659999999999997 29
      vertex 241.3 30.08940479473081 16.650561835020653
    endloop
  endfacet
  facet normal -1 0 0
    outer loop
      vertex 241.3 30.24650165908567 16.944469396133325
      vertex 241.3 24.659999999999997 29
      vertex 241.3 30.457918471982865 17.202081528017132
    endloop
  endfacet
  facet normal -1 0 0
    outer loop
      vertex 241.3 30.24650165908567 16.944469396133325
      vertex 241.3 30.08940479473081 16.650561835020653
      vertex 241.3 24.659999999999997 29
    endloop
  endfacet
  facet normal -1 0 0
    outer loop
      vertex 241.3 32.31056183502065 17.570595205269186
      vertex 241.3 25.625925826289066 29.74118095489748
      vertex 241.3 25.659999999999997 30
    endloop
  endfacet
  facet normal -1 0 0
    outer loop
      vertex 241.3 31.991653547427415 17.667334976685492
      vertex 241.3 25.526025403784434 29.5
      vertex 241.3 25.625925826289066 29.74118095489748
    endloop
  endfacet
  facet normal -1 0 0
    outer loop
      vertex 241.3 32.60446939613332 17.413498340914327
      vertex 241.3 25.659999999999997 30
      vertex 241.3 25.625925826289066 30.25881904510252
    endloop
  endfacet
  facet normal -1 0 0
    outer loop
      vertex 241.3 32.60446939613332 17.413498340914327
      vertex 241.3 25.625925826289066 30.25881904510252
      vertex 241.3 25.526025403784434 30.5
    endloop
  endfacet
  facet normal -1 0 0
    outer loop
      vertex 241.3 31.659999999999997 17.7
      vertex 241.3 25.367106781186543 29.292893218813454
      vertex 241.3 25.526025403784434 29.5
    endloop
  endfacet
  facet normal -1 0 0
    outer loop
      vertex 241.3 31.32834645257258 17.667334976685492
      vertex 241.3 25.159999999999997 29.133974596215563
      vertex 241.3 25.367106781186543 29.292893218813454
    endloop
  endfacet
  facet normal -1 0 0
    outer loop
      vertex 241.3 30.715530603866675 17.413498340914327
      vertex 241.3 24.918819045102516 29.03407417371093
      vertex 241.3 25.159999999999997 29.133974596215563
    endloop
  endfacet
  facet normal -1 0 0
    outer loop
      vertex 241.3 30.457918471982865 17.202081528017132
      vertex 241.3 24.659999999999997 29
      vertex 241.3 24.918819045102516 29.03407417371093
    endloop
  endfacet
  facet normal 1 0 0
    outer loop
      vertex 247.3 37.36 16
      vertex 247.3 40.66 4
      vertex 247.3 40.66 100.25
    endloop
  endfacet
  facet normal -1 0 0
    outer loop
      vertex 241.3 40.66 4
      vertex 241.3 32.86208152801713 58.79791847198287
      vertex 241.3 33.07349834091433 59.05553060386668
    endloop
  endfacet
  facet normal -1 0 0
    outer loop
      vertex 241.3 40.66 4
      vertex 241.3 33.23059520526918 59.34943816497935
      vertex 241.3 33.32733497668549 59.668346452572585
    endloop
  endfacet
  facet normal -1 0 0
    outer loop
      vertex 241.3 40.66 4
      vertex 241.3 33.07349834091433 59.05553060386668
      vertex 241.3 33.23059520526918 59.34943816497935
    endloop
  endfacet
  facet normal -1 0 0
    outer loop
      vertex 241.3 40.66 4
      vertex 241.3 32.60446939613332 58.58650165908567
      vertex 241.3 32.86208152801713 58.79791847198287
    endloop
  endfacet
  facet normal -1 0 0
    outer loop
      vertex 241.3 40.66 4
      vertex 241.3 32.31056183502065 58.429404794730814
      vertex 241.3 32.60446939613332 58.58650165908567
    endloop
  endfacet
  facet normal -1 0 0
    outer loop
      vertex 241.3 40.66 4
      vertex 241.3 31.991653547427415 58.33266502331451
      vertex 241.3 32.31056183502065 58.429404794730814
    endloop
  endfacet
  facet normal -1 0 0
    outer loop
      vertex 241.3 40.66 4
      vertex 241.3 31.659999999999997 58.3
      vertex 241.3 31.991653547427415 58.33266502331451
    endloop
  endfacet
  facet normal -1 0 0
    outer loop
      vertex 241.3 40.66 4
      vertex 241.3 31.32834645257258 58.33266502331451
      vertex 241.3 31.659999999999997 58.3
    endloop
  endfacet
  facet normal -1 0 0
    outer loop
      vertex 241.3 40.66 4
      vertex 241.3 31.009438164979343 58.429404794730814
      vertex 241.3 31.32834645257258 58.33266502331451
    endloop
  endfacet
  facet normal -1 0 0
    outer loop
      vertex 241.3 40.66 4
      vertex 241.3 30.715530603866675 58.58650165908567
      vertex 241.3 31.009438164979343 58.429404794730814
    endloop
  endfacet
  facet normal -1 0 0
    outer loop
      vertex 241.3 40.66 4
      vertex 241.3 30.457918471982865 58.79791847198287
      vertex 241.3 30.715530603866675 58.58650165908567
    endloop
  endfacet
  facet normal -1 0 0
    outer loop
      vertex 241.3 40.66 4
      vertex 241.3 30.24650165908567 59.05553060386668
      vertex 241.3 30.457918471982865 58.79791847198287
    endloop
  endfacet
  facet normal -1 0 0
    outer loop
      vertex 241.3 40.66 4
      vertex 241.3 30.08940479473081 59.34943816497935
      vertex 241.3 30.24650165908567 59.05553060386668
    endloop
  endfacet
  facet normal -1 0 0
    outer loop
      vertex 241.3 40.66 4
      vertex 241.3 29.992665023314505 59.668346452572585
      vertex 241.3 30.08940479473081 59.34943816497935
    endloop
  endfacet
  facet normal 1 0 0
    outer loop
      vertex 247.3 35.76 16
      vertex 247.3 33.30544826719043 57.15
      vertex 247.3 30.014551732809565 57.15
    endloop
  endfacet
  facet normal 1 0 0
    outer loop
      vertex 247.3 35.76 16
      vertex 247.3 34.95089653438086 60
      vertex 247.3 33.30544826719043 57.15
    endloop
  endfacet
  facet normal 1 0 0
    outer loop
      vertex 247.3 35.76 16
      vertex 247.3 30.014551732809565 57.15
      vertex 247.3 28.36910346561913 60
    endloop
  endfacet
  facet normal -1 0 0
    outer loop
      vertex 241.3 40.66 4
      vertex 241.3 23.79397459621556 89.5
      vertex 241.3 29.992665023314505 59.668346452572585
    endloop
  endfacet
  facet normal -1 0 0
    outer loop
      vertex 241.3 40.66 4
      vertex 241.3 33.32733497668549 16.33165354742742
      vertex 241.3 3.6599999999999966 116
    endloop
  endfacet
  facet normal 1 0 0
    outer loop
      vertex 247.3 35.76 16
      vertex 247.3 3.6599999999999966 116
      vertex 247.3 34.95089653438086 16
    endloop
  endfacet
  facet normal -1 0 0
    outer loop
      vertex 241.3 3.6599999999999966 116
      vertex 241.3 33.32733497668549 16.33165354742742
      vertex 241.3 33.23059520526918 16.650561835020653
    endloop
  endfacet
  facet normal -1 0 0
    outer loop
      vertex 241.3 3.6599999999999966 116
      vertex 241.3 33.23059520526918 16.650561835020653
      vertex 241.3 33.07349834091433 16.944469396133325
    endloop
  endfacet
  facet normal -1 0 0
    outer loop
      vertex 241.3 3.6599999999999966 116
      vertex 241.3 33.07349834091433 16.944469396133325
      vertex 241.3 32.86208152801713 17.202081528017132
    endloop
  endfacet
  facet normal 1 0 0
    outer loop
      vertex 247.3 3.6599999999999966 116
      vertex 247.3 33.30544826719043 18.85
      vertex 247.3 34.95089653438086 16
    endloop
  endfacet
  facet normal -1 0 0
    outer loop
      vertex 241.3 3.6599999999999966 116
      vertex 241.3 32.86208152801713 17.202081528017132
      vertex 241.3 32.60446939613332 17.413498340914327
    endloop
  endfacet
  facet normal 1 0 0
    outer loop
      vertex 247.3 3.6599999999999966 116
      vertex 247.3 30.014551732809565 18.85
      vertex 247.3 33.30544826719043 18.85
    endloop
  endfacet
  facet normal -1 0 0
    outer loop
      vertex 241.3 3.6599999999999966 4
      vertex 241.3 30.715530603866675 14.586501659085673
      vertex 241.3 31.009438164979343 14.429404794730813
    endloop
  endfacet
  facet normal -1 0 0
    outer loop
      vertex 241.3 3.6599999999999966 4
      vertex 241.3 30.457918471982865 14.79791847198287
      vertex 241.3 30.715530603866675 14.586501659085673
    endloop
  endfacet
  facet normal -1 0 0
    outer loop
      vertex 241.3 3.6599999999999966 4
      vertex 241.3 30.24650165908567 15.055530603866677
      vertex 241.3 30.457918471982865 14.79791847198287
    endloop
  endfacet
  facet normal -1 0 0
    outer loop
      vertex 241.3 3.6599999999999966 4
      vertex 241.3 30.08940479473081 15.349438164979347
      vertex 241.3 30.24650165908567 15.055530603866677
    endloop
  endfacet
  facet normal 1 0 0
    outer loop
      vertex 247.3 3.6599999999999966 4.1000000000000005
      vertex 247.3 30.014551732809565 13.15
      vertex 247.3 28.36910346561913 16
    endloop
  endfacet
  facet normal -1 0 0
    outer loop
      vertex 241.3 3.6599999999999966 4
      vertex 241.3 24.659999999999997 29
      vertex 241.3 30.08940479473081 15.349438164979347
    endloop
  endfacet
  facet normal -1 0 0
    outer loop
      vertex 241.3 3.6599999999999966 4
      vertex 241.3 24.401180954897477 29.03407417371093
      vertex 241.3 24.659999999999997 29
    endloop
  endfacet
  facet normal -1 0 0
    outer loop
      vertex 241.3 3.6599999999999966 4
      vertex 241.3 24.159999999999997 29.133974596215563
      vertex 241.3 24.401180954897477 29.03407417371093
    endloop
  endfacet
  facet normal -1 0 0
    outer loop
      vertex 241.3 3.6599999999999966 4
      vertex 241.3 23.95289321881345 29.292893218813454
      vertex 241.3 24.159999999999997 29.133974596215563
    endloop
  endfacet
  facet normal -1 0 0
    outer loop
      vertex 241.3 3.6599999999999966 4
      vertex 241.3 23.79397459621556 29.5
      vertex 241.3 23.95289321881345 29.292893218813454
    endloop
  endfacet
  facet normal -1 0 0
    outer loop
      vertex 241.3 3.6599999999999966 4
      vertex 241.3 23.694074173710927 29.74118095489748
      vertex 241.3 23.79397459621556 29.5
    endloop
  endfacet
  facet normal 1 0 0
    outer loop
      vertex 247.3 3.6599999999999966 116
      vertex 247.3 28.36910346561913 16
      vertex 247.3 30.014551732809565 18.85
    endloop
  endfacet
  facet normal -1 0 0
    outer loop
      vertex 241.3 3.6599999999999966 116
      vertex 241.3 32.60446939613332 17.413498340914327
      vertex 241.3 25.526025403784434 30.5
    endloop
  endfacet
  facet normal 1 0 0
    outer loop
      vertex 247.3 3.6599999999999966 116
      vertex 247.3 3.6599999999999966 4.1000000000000005
      vertex 247.3 28.36910346561913 16
    endloop
  endfacet
  facet normal 0 -1 0
    outer loop
      vertex 241.3 3.6599999999999966 4
      vertex 247.3 3.6599999999999966 4
      vertex 241.3 3.6599999999999966 116
    endloop
  endfacet
  facet normal 0 -1 0
    outer loop
      vertex 241.3 3.6599999999999966 116
      vertex 247.3 3.6599999999999966 4
      vertex 247.3 3.6599999999999966 4.1000000000000005
    endloop
  endfacet
  facet normal -1 0 0
    outer loop
      vertex 241.3 3.6599999999999966 4
      vertex 241.3 3.6599999999999966 116
      vertex 241.3 23.694074173710927 29.74118095489748
    endloop
  endfacet
  facet normal -1 0 0
    outer loop
      vertex 241.3 40.66 4
      vertex 241.3 33.32733497668549 59.668346452572585
      vertex 241.3 40.66 116
    endloop
  endfacet
  facet normal 1 0 0
    outer loop
      vertex 247.3 37.36 16
      vertex 247.3 40.66 100.25
      vertex 247.3 37.36 100.25
    endloop
  endfacet
  facet normal 1 0 0
    outer loop
      vertex 247.3 35.76 16
      vertex 247.3 35.76 102
      vertex 247.3 34.95089653438086 60
    endloop
  endfacet
  facet normal -1 0 0
    outer loop
      vertex 241.3 40.66 116
      vertex 241.3 33.32733497668549 59.668346452572585
      vertex 241.3 33.36 60
    endloop
  endfacet
  facet normal -1 0 0
    outer loop
      vertex 241.3 40.66 116
      vertex 241.3 33.36 60
      vertex 241.3 33.32733497668549 60.331653547427415
    endloop
  endfacet
  facet normal -1 0 0
    outer loop
      vertex 241.3 40.66 116
      vertex 241.3 33.32733497668549 60.331653547427415
      vertex 241.3 33.23059520526918 60.65056183502065
    endloop
  endfacet
  facet normal 1 0 0
    outer loop
      vertex 247.3 35.76 102
      vertex 247.3 33.30544826719043 62.85
      vertex 247.3 34.95089653438086 60
    endloop
  endfacet
  facet normal -1 0 0
    outer loop
      vertex 241.3 33.23059520526918 60.65056183502065
      vertex 241.3 33.07349834091433 60.94446939613332
      vertex 241.3 33.23059520526918 103.34943816497935
    endloop
  endfacet
  facet normal -1 0 0
    outer loop
      vertex 241.3 33.07349834091433 60.94446939613332
      vertex 241.3 32.86208152801713 61.20208152801713
      vertex 241.3 33.07349834091433 103.05553060386667
    endloop
  endfacet
  facet normal -1 0 0
    outer loop
      vertex 241.3 40.66 4
      vertex 241.3 23.694074173710927 89.74118095489747
      vertex 241.3 23.79397459621556 89.5
    endloop
  endfacet
  facet normal -1 0 0
    outer loop
      vertex 241.3 31.009438164979343 61.570595205269186
      vertex 241.3 30.715530603866675 61.41349834091433
      vertex 241.3 24.659999999999997 89
    endloop
  endfacet
  facet normal -1 0 0
    outer loop
      vertex 241.3 31.659999999999997 61.7
      vertex 241.3 31.32834645257258 61.66733497668549
      vertex 241.3 24.918819045102516 89.03407417371093
    endloop
  endfacet
  facet normal -1 0 0
    outer loop
      vertex 241.3 31.32834645257258 61.66733497668549
      vertex 241.3 31.009438164979343 61.570595205269186
      vertex 241.3 24.918819045102516 89.03407417371093
    endloop
  endfacet
  facet normal -1 0 0
    outer loop
      vertex 241.3 29.992665023314505 59.668346452572585
      vertex 241.3 24.659999999999997 89
      vertex 241.3 29.959999999999997 60
    endloop
  endfacet
  facet normal -1 0 0
    outer loop
      vertex 241.3 29.992665023314505 60.331653547427415
      vertex 241.3 29.959999999999997 60
      vertex 241.3 24.659999999999997 89
    endloop
  endfacet
  facet normal -1 0 0
    outer loop
      vertex 241.3 30.24650165908567 60.94446939613332
      vertex 241.3 30.08940479473081 60.65056183502065
      vertex 241.3 24.659999999999997 89
    endloop
  endfacet
  facet normal -1 0 0
    outer loop
      vertex 241.3 30.715530603866675 61.41349834091433
      vertex 241.3 30.457918471982865 61.20208152801713
      vertex 241.3 24.659999999999997 89
    endloop
  endfacet
  facet normal -1 0 0
    outer loop
      vertex 241.3 30.457918471982865 61.20208152801713
      vertex 241.3 30.24650165908567 60.94446939613332
      vertex 241.3 24.659999999999997 89
    endloop
  endfacet
  facet normal -1 0 0
    outer loop
      vertex 241.3 30.08940479473081 60.65056183502065
      vertex 241.3 29.992665023314505 60.331653547427415
      vertex 241.3 24.659999999999997 89
    endloop
  endfacet
  facet normal 1 0 0
    outer loop
      vertex 247.3 35.76 16
      vertex 247.3 28.36910346561913 60
      vertex 247.3 3.6599999999999966 116
    endloop
  endfacet
  facet normal -1 0 0
    outer loop
      vertex 241.3 40.66 4
      vertex 241.3 3.6599999999999966 116
      vertex 241.3 23.694074173710927 89.74118095489747
    endloop
  endfacet
  facet normal -1 0 0
    outer loop
      vertex 241.3 32.86208152801713 61.20208152801713
      vertex 241.3 32.60446939613332 61.41349834091433
      vertex 241.3 31.659999999999997 102.3
    endloop
  endfacet
  facet normal -1 0 0
    outer loop
      vertex 241.3 32.60446939613332 61.41349834091433
      vertex 241.3 32.31056183502065 61.570595205269186
      vertex 241.3 31.659999999999997 102.3
    endloop
  endfacet
  facet normal -1 0 0
    outer loop
      vertex 241.3 32.31056183502065 61.570595205269186
      vertex 241.3 31.991653547427415 61.66733497668549
      vertex 241.3 31.659999999999997 102.3
    endloop
  endfacet
  facet normal -1 0 0
    outer loop
      vertex 241.3 31.991653547427415 61.66733497668549
      vertex 241.3 31.659999999999997 61.7
      vertex 241.3 31.659999999999997 102.3
    endloop
  endfacet
  facet normal 1 0 0
    outer loop
      vertex 247.3 33.30544826719043 62.85
      vertex 247.3 30.014551732809565 101.15
      vertex 247.3 30.014551732809565 62.85
    endloop
  endfacet
  facet normal -1 0 0
    outer loop
      vertex 241.3 31.659999999999997 61.7
      vertex 241.3 25.367106781186543 89.29289321881345
      vertex 241.3 25.526025403784434 89.5
    endloop
  endfacet
  facet normal -1 0 0
    outer loop
      vertex 241.3 31.659999999999997 61.7
      vertex 241.3 25.159999999999997 89.13397459621557
      vertex 241.3 25.367106781186543 89.29289321881345
    endloop
  endfacet
  facet normal -1 0 0
    outer loop
      vertex 241.3 31.659999999999997 61.7
      vertex 241.3 25.526025403784434 89.5
      vertex 241.3 31.659999999999997 102.3
    endloop
  endfacet
  facet normal -1 0 0
    outer loop
      vertex 241.3 29.992665023314505 59.668346452572585
      vertex 241.3 24.401180954897477 89.03407417371093
      vertex 241.3 24.659999999999997 89
    endloop
  endfacet
  facet normal -1 0 0
    outer loop
      vertex 241.3 29.992665023314505 59.668346452572585
      vertex 241.3 24.159999999999997 89.13397459621557
      vertex 241.3 24.401180954897477 89.03407417371093
    endloop
  endfacet
  facet normal -1 0 0
    outer loop
      vertex 241.3 29.992665023314505 59.668346452572585
      vertex 241.3 23.95289321881345 89.29289321881345
      vertex 241.3 24.159999999999997 89.13397459621557
    endloop
  endfacet
  facet normal -1 0 0
    outer loop
      vertex 241.3 29.992665023314505 59.668346452572585
      vertex 241.3 23.79397459621556 89.5
      vertex 241.3 23.95289321881345 89.29289321881345
    endloop
  endfacet
  facet normal -1 0 0
    outer loop
      vertex 241.3 31.659999999999997 61.7
      vertex 241.3 24.918819045102516 89.03407417371093
      vertex 241.3 25.159999999999997 89.13397459621557
    endloop
  endfacet
  facet normal -1 0 0
    outer loop
      vertex 241.3 31.009438164979343 61.570595205269186
      vertex 241.3 24.659999999999997 89
      vertex 241.3 24.918819045102516 89.03407417371093
    endloop
  endfacet
  facet normal -1 0 0
    outer loop
      vertex 241.3 40.66 116
      vertex 241.3 33.23059520526918 60.65056183502065
      vertex 241.3 33.23059520526918 103.34943816497935
    endloop
  endfacet
  facet normal 1 0 0
    outer loop
      vertex 247.3 35.76 102
      vertex 247.3 33.30544826719043 101.15
      vertex 247.3 33.30544826719043 62.85
    endloop
  endfacet
  facet normal -1 0 0
    outer loop
      vertex 241.3 33.07349834091433 60.94446939613332
      vertex 241.3 33.07349834091433 103.05553060386667
      vertex 241.3 33.23059520526918 103.34943816497935
    endloop
  endfacet
  facet normal -1 0 0
    outer loop
      vertex 241.3 32.86208152801713 61.20208152801713
      vertex 241.3 32.86208152801713 102.79791847198287
      vertex 241.3 33.07349834091433 103.05553060386667
    endloop
  endfacet
  facet normal -1 0 0
    outer loop
      vertex 241.3 32.86208152801713 61.20208152801713
      vertex 241.3 32.60446939613332 102.58650165908567
      vertex 241.3 32.86208152801713 102.79791847198287
    endloop
  endfacet
  facet normal 1 0 0
    outer loop
      vertex 247.3 40.66 107
      vertex 247.3 40.66 116
      vertex 247.3 35.76 107
    endloop
  endfacet
  facet normal 1 0 0
    outer loop
      vertex 247.3 35.76 102
      vertex 247.3 35.76 107
      vertex 247.3 34.95089653438086 104
    endloop
  endfacet
  facet normal -1 0 0
    outer loop
      vertex 241.3 40.66 116
      vertex 241.3 33.23059520526918 103.34943816497935
      vertex 241.3 33.32733497668549 103.66834645257258
    endloop
  endfacet
  facet normal -1 0 0
    outer loop
      vertex 241.3 40.66 116
      vertex 241.3 33.32733497668549 103.66834645257258
      vertex 241.3 33.36 104
    endloop
  endfacet
  facet normal -1 0 0
    outer loop
      vertex 241.3 40.66 116
      vertex 241.3 33.36 104
      vertex 241.3 33.32733497668549 104.33165354742742
    endloop
  endfacet
  facet normal -1 0 0
    outer loop
      vertex 241.3 40.66 116
      vertex 241.3 33.32733497668549 104.33165354742742
      vertex 241.3 33.23059520526918 104.65056183502065
    endloop
  endfacet
  facet normal -1 0 0
    outer loop
      vertex 241.3 40.66 116
      vertex 241.3 33.23059520526918 104.65056183502065
      vertex 241.3 33.07349834091433 104.94446939613333
    endloop
  endfacet
  facet normal -1 0 0
    outer loop
      vertex 241.3 40.66 116
      vertex 241.3 33.07349834091433 104.94446939613333
      vertex 241.3 32.86208152801713 105.20208152801713
    endloop
  endfacet
  facet normal 1 0 0
    outer loop
      vertex 247.3 35.76 102
      vertex 247.3 34.95089653438086 104
      vertex 247.3 33.30544826719043 101.15
    endloop
  endfacet
  facet normal 1 0 0
    outer loop
      vertex 247.3 35.76 107
      vertex 247.3 33.30544826719043 106.85
      vertex 247.3 34.95089653438086 104
    endloop
  endfacet
  facet normal -1 0 0
    outer loop
      vertex 241.3 40.66 116
      vertex 241.3 32.86208152801713 105.20208152801713
      vertex 241.3 32.60446939613332 105.41349834091433
    endloop
  endfacet
  facet normal -1 0 0
    outer loop
      vertex 241.3 40.66 116
      vertex 241.3 32.60446939613332 105.41349834091433
      vertex 241.3 32.31056183502065 105.57059520526919
    endloop
  endfacet
  facet normal -1 0 0
    outer loop
      vertex 241.3 32.86208152801713 61.20208152801713
      vertex 241.3 32.31056183502065 102.42940479473081
      vertex 241.3 32.60446939613332 102.58650165908567
    endloop
  endfacet
  facet normal -1 0 0
    outer loop
      vertex 241.3 32.86208152801713 61.20208152801713
      vertex 241.3 31.991653547427415 102.3326650233145
      vertex 241.3 32.31056183502065 102.42940479473081
    endloop
  endfacet
  facet normal -1 0 0
    outer loop
      vertex 241.3 32.86208152801713 61.20208152801713
      vertex 241.3 31.659999999999997 102.3
      vertex 241.3 31.991653547427415 102.3326650233145
    endloop
  endfacet
  facet normal 1 0 0
    outer loop
      vertex 247.3 33.30544826719043 62.85
      vertex 247.3 33.30544826719043 101.15
      vertex 247.3 30.014551732809565 101.15
    endloop
  endfacet
  facet normal -1 0 0
    outer loop
      vertex 241.3 31.659999999999997 102.3
      vertex 241.3 25.625925826289066 89.74118095489747
      vertex 241.3 25.659999999999997 90
    endloop
  endfacet
  facet normal -1 0 0
    outer loop
      vertex 241.3 31.659999999999997 102.3
      vertex 241.3 25.659999999999997 90
      vertex 241.3 25.625925826289066 90.25881904510253
    endloop
  endfacet
  facet normal -1 0 0
    outer loop
      vertex 241.3 31.659999999999997 102.3
      vertex 241.3 25.526025403784434 89.5
      vertex 241.3 25.625925826289066 89.74118095489747
    endloop
  endfacet
  facet normal -1 0 0
    outer loop
      vertex 241.3 31.659999999999997 102.3
      vertex 241.3 25.625925826289066 90.25881904510253
      vertex 241.3 25.526025403784434 90.5
    endloop
  endfacet
  facet normal -1 0 0
    outer loop
      vertex 241.3 31.659999999999997 102.3
      vertex 241.3 25.526025403784434 90.5
      vertex 241.3 25.367106781186543 90.70710678118655
    endloop
  endfacet
  facet normal -1 0 0
    outer loop
      vertex 241.3 31.659999999999997 102.3
      vertex 241.3 25.367106781186543 90.70710678118655
      vertex 241.3 31.32834645257258 102.3326650233145
    endloop
  endfacet
  facet normal -1 0 0
    outer loop
      vertex 241.3 31.009438164979343 102.42940479473081
      vertex 241.3 31.32834645257258 102.3326650233145
      vertex 241.3 25.159999999999997 90.86602540378443
    endloop
  endfacet
  facet normal -1 0 0
    outer loop
      vertex 241.3 31.009438164979343 102.42940479473081
      vertex 241.3 25.159999999999997 90.86602540378443
      vertex 241.3 30.715530603866675 102.58650165908567
    endloop
  endfacet
  facet normal -1 0 0
    outer loop
      vertex 241.3 24.918819045102516 90.96592582628907
      vertex 241.3 30.457918471982865 102.79791847198287
      vertex 241.3 30.715530603866675 102.58650165908567
    endloop
  endfacet
  facet normal -1 0 0
    outer loop
      vertex 241.3 24.659999999999997 91
      vertex 241.3 30.24650165908567 103.05553060386667
      vertex 241.3 30.457918471982865 102.79791847198287
    endloop
  endfacet
  facet normal -1 0 0
    outer loop
      vertex 241.3 24.401180954897477 90.96592582628907
      vertex 241.3 30.08940479473081 103.34943816497935
      vertex 241.3 30.24650165908567 103.05553060386667
    endloop
  endfacet
  facet normal -1 0 0
    outer loop
      vertex 241.3 24.159999999999997 90.86602540378443
      vertex 241.3 29.992665023314505 103.66834645257258
      vertex 241.3 30.08940479473081 103.34943816497935
    endloop
  endfacet
  facet normal -1 0 0
    outer loop
      vertex 241.3 24.159999999999997 90.86602540378443
      vertex 241.3 29.959999999999997 104
      vertex 241.3 29.992665023314505 103.66834645257258
    endloop
  endfacet
  facet normal -1 0 0
    outer loop
      vertex 241.3 31.32834645257258 102.3326650233145
      vertex 241.3 25.367106781186543 90.70710678118655
      vertex 241.3 25.159999999999997 90.86602540378443
    endloop
  endfacet
  facet normal -1 0 0
    outer loop
      vertex 241.3 24.918819045102516 90.96592582628907
      vertex 241.3 30.715530603866675 102.58650165908567
      vertex 241.3 25.159999999999997 90.86602540378443
    endloop
  endfacet
  facet normal -1 0 0
    outer loop
      vertex 241.3 24.659999999999997 91
      vertex 241.3 30.457918471982865 102.79791847198287
      vertex 241.3 24.918819045102516 90.96592582628907
    endloop
  endfacet
  facet normal -1 0 0
    outer loop
      vertex 241.3 24.401180954897477 90.96592582628907
      vertex 241.3 30.24650165908567 103.05553060386667
      vertex 241.3 24.659999999999997 91
    endloop
  endfacet
  facet normal -1 0 0
    outer loop
      vertex 241.3 24.401180954897477 90.96592582628907
      vertex 241.3 24.159999999999997 90.86602540378443
      vertex 241.3 30.08940479473081 103.34943816497935
    endloop
  endfacet
  facet normal -1 0 0
    outer loop
      vertex 241.3 23.95289321881345 90.70710678118655
      vertex 241.3 29.959999999999997 104
      vertex 241.3 24.159999999999997 90.86602540378443
    endloop
  endfacet
  facet normal 0 0 1
    outer loop
      vertex 241.3 40.66 116
      vertex 247.3 3.6599999999999966 116
      vertex 247.3 40.66 116
    endloop
  endfacet
  facet normal 1 0 0
    outer loop
      vertex 247.3 40.66 116
      vertex 247.3 3.6599999999999966 116
      vertex 247.3 35.76 107
    endloop
  endfacet
  facet normal -1 0 0
    outer loop
      vertex 241.3 40.66 116
      vertex 241.3 32.31056183502065 105.57059520526919
      vertex 241.3 3.6599999999999966 116
    endloop
  endfacet
  facet normal 1 0 0
    outer loop
      vertex 247.3 35.76 107
      vertex 247.3 3.6599999999999966 116
      vertex 247.3 33.30544826719043 106.85
    endloop
  endfacet
  facet normal -1 0 0
    outer loop
      vertex 241.3 3.6599999999999966 116
      vertex 241.3 32.31056183502065 105.57059520526919
      vertex 241.3 31.991653547427415 105.6673349766855
    endloop
  endfacet
  facet normal -1 0 0
    outer loop
      vertex 241.3 3.6599999999999966 116
      vertex 241.3 31.991653547427415 105.6673349766855
      vertex 241.3 31.659999999999997 105.7
    endloop
  endfacet
  facet normal -1 0 0
    outer loop
      vertex 241.3 3.6599999999999966 116
      vertex 241.3 31.659999999999997 105.7
      vertex 241.3 31.32834645257258 105.6673349766855
    endloop
  endfacet
  facet normal -1 0 0
    outer loop
      vertex 241.3 3.6599999999999966 116
      vertex 241.3 31.32834645257258 105.6673349766855
      vertex 241.3 31.009438164979343 105.57059520526919
    endloop
  endfacet
  facet normal 1 0 0
    outer loop
      vertex 247.3 3.6599999999999966 116
      vertex 247.3 30.014551732809565 106.85
      vertex 247.3 33.30544826719043 106.85
    endloop
  endfacet
  facet normal -1 0 0
    outer loop
      vertex 241.3 3.6599999999999966 116
      vertex 241.3 25.526025403784434 30.5
      vertex 241.3 25.367106781186543 30.707106781186546
    endloop
  endfacet
  facet normal -1 0 0
    outer loop
      vertex 241.3 3.6599999999999966 116
      vertex 241.3 25.367106781186543 30.707106781186546
      vertex 241.3 25.159999999999997 30.866025403784437
    endloop
  endfacet
  facet normal -1 0 0
    outer loop
      vertex 241.3 3.6599999999999966 116
      vertex 241.3 25.159999999999997 30.866025403784437
      vertex 241.3 24.918819045102516 30.96592582628907
    endloop
  endfacet
  facet normal -1 0 0
    outer loop
      vertex 241.3 3.6599999999999966 116
      vertex 241.3 24.918819045102516 30.96592582628907
      vertex 241.3 24.659999999999997 31
    endloop
  endfacet
  facet normal -1 0 0
    outer loop
      vertex 241.3 3.6599999999999966 116
      vertex 241.3 24.659999999999997 31
      vertex 241.3 24.401180954897477 30.96592582628907
    endloop
  endfacet
  facet normal -1 0 0
    outer loop
      vertex 241.3 3.6599999999999966 116
      vertex 241.3 24.401180954897477 30.96592582628907
      vertex 241.3 24.159999999999997 30.866025403784437
    endloop
  endfacet
  facet normal -1 0 0
    outer loop
      vertex 241.3 3.6599999999999966 116
      vertex 241.3 24.159999999999997 30.866025403784437
      vertex 241.3 23.95289321881345 30.707106781186546
    endloop
  endfacet
  facet normal -1 0 0
    outer loop
      vertex 241.3 3.6599999999999966 116
      vertex 241.3 23.95289321881345 30.707106781186546
      vertex 241.3 23.79397459621556 30.5
    endloop
  endfacet
  facet normal -1 0 0
    outer loop
      vertex 241.3 3.6599999999999966 116
      vertex 241.3 23.659999999999997 30
      vertex 241.3 23.694074173710927 29.74118095489748
    endloop
  endfacet
  facet normal -1 0 0
    outer loop
      vertex 241.3 3.6599999999999966 116
      vertex 241.3 23.694074173710927 30.25881904510252
      vertex 241.3 23.659999999999997 30
    endloop
  endfacet
  facet normal -1 0 0
    outer loop
      vertex 241.3 3.6599999999999966 116
      vertex 241.3 23.79397459621556 30.5
      vertex 241.3 23.694074173710927 30.25881904510252
    endloop
  endfacet
  facet normal 1 0 0
    outer loop
      vertex 247.3 3.6599999999999966 116
      vertex 247.3 28.36910346561913 60
      vertex 247.3 30.014551732809565 62.85
    endloop
  endfacet
  facet normal 0 -1 0
    outer loop
      vertex 241.3 3.6599999999999966 116
      vertex 247.3 3.6599999999999966 4.1000000000000005
      vertex 247.3 3.6599999999999966 116
    endloop
  endfacet
  facet normal 1 0 0
    outer loop
      vertex 247.3 3.6599999999999966 116
      vertex 247.3 30.014551732809565 62.85
      vertex 247.3 30.014551732809565 101.15
    endloop
  endfacet
  facet normal -1 0 0
    outer loop
      vertex 241.3 3.6599999999999966 116
      vertex 241.3 23.95289321881345 90.70710678118655
      vertex 241.3 23.79397459621556 90.5
    endloop
  endfacet
  facet normal -1 0 0
    outer loop
      vertex 241.3 3.6599999999999966 116
      vertex 241.3 23.659999999999997 90
      vertex 241.3 23.694074173710927 89.74118095489747
    endloop
  endfacet
  facet normal -1 0 0
    outer loop
      vertex 241.3 3.6599999999999966 116
      vertex 241.3 23.694074173710927 90.25881904510253
      vertex 241.3 23.659999999999997 90
    endloop
  endfacet
  facet normal -1 0 0
    outer loop
      vertex 241.3 3.6599999999999966 116
      vertex 241.3 23.79397459621556 90.5
      vertex 241.3 23.694074173710927 90.25881904510253
    endloop
  endfacet
  facet normal -1 0 0
    outer loop
      vertex 241.3 3.6599999999999966 116
      vertex 241.3 29.959999999999997 104
      vertex 241.3 23.95289321881345 90.70710678118655
    endloop
  endfacet
  facet normal -1 0 0
    outer loop
      vertex 241.3 3.6599999999999966 116
      vertex 241.3 29.992665023314505 104.33165354742742
      vertex 241.3 29.959999999999997 104
    endloop
  endfacet
  facet normal -1 0 0
    outer loop
      vertex 241.3 3.6599999999999966 116
      vertex 241.3 30.457918471982865 105.20208152801713
      vertex 241.3 30.24650165908567 104.94446939613333
    endloop
  endfacet
  facet normal -1 0 0
    outer loop
      vertex 241.3 3.6599999999999966 116
      vertex 241.3 30.24650165908567 104.94446939613333
      vertex 241.3 30.08940479473081 104.65056183502065
    endloop
  endfacet
  facet normal -1 0 0
    outer loop
      vertex 241.3 3.6599999999999966 116
      vertex 241.3 30.08940479473081 104.65056183502065
      vertex 241.3 29.992665023314505 104.33165354742742
    endloop
  endfacet
  facet normal 1 0 0
    outer loop
      vertex 247.3 3.6599999999999966 116
      vertex 247.3 30.014551732809565 101.15
      vertex 247.3 28.36910346561913 104
    endloop
  endfacet
  facet normal -1 0 0
    outer loop
      vertex 241.3 3.6599999999999966 116
      vertex 241.3 31.009438164979343 105.57059520526919
      vertex 241.3 30.715530603866675 105.41349834091433
    endloop
  endfacet
  facet normal -1 0 0
    outer loop
      vertex 241.3 3.6599999999999966 116
      vertex 241.3 30.715530603866675 105.41349834091433
      vertex 241.3 30.457918471982865 105.20208152801713
    endloop
  endfacet
  facet normal 1 0 0
    outer loop
      vertex 247.3 3.6599999999999966 116
      vertex 247.3 28.36910346561913 104
      vertex 247.3 30.014551732809565 106.85
    endloop
  endfacet
  facet normal 0 0 1
    outer loop
      vertex 241.3 40.66 116
      vertex 241.3 3.6599999999999966 116
      vertex 247.3 3.6599999999999966 116
    endloop
  endfacet
  facet normal 1 0 0
    outer loop
      vertex 465.1 43.66 4
      vertex 465.1 40.66 55.8
      vertex 465.1 3.6599999999999966 4
    endloop
  endfacet
  facet normal 1 0 0
    outer loop
      vertex 465.1 43.66 4
      vertex 465.1 43.66 60
      vertex 465.1 40.66 55.8
    endloop
  endfacet
  facet normal 1 0 0
    outer loop
      vertex 465.1 40.66 55.8
      vertex 465.1 40.66 107.6
      vertex 465.1 3.6599999999999966 4
    endloop
  endfacet
  facet normal -1 0 0
    outer loop
      vertex 462.1 40.66 4
      vertex 462.1 3.6599999999999966 4
      vertex 462.1 3.6599999999999966 116
    endloop
  endfacet
  facet normal 0 -1 0
    outer loop
      vertex 462.1 3.6599999999999966 4
      vertex 465.1 3.6599999999999966 4
      vertex 462.1 3.6599999999999966 116
    endloop
  endfacet
  facet normal -1 0 0
    outer loop
      vertex 462.1 40.66 4
      vertex 462.1 3.6599999999999966 116
      vertex 462.1 40.66 116
    endloop
  endfacet
  facet normal 1 0 0
    outer loop
      vertex 465.1 40.66 107.6
      vertex 465.1 43.66 116
      vertex 465.1 40.66 116
    endloop
  endfacet
  facet normal 1 0 0
    outer loop
      vertex 465.1 40.66 107.6
      vertex 465.1 40.66 116
      vertex 465.1 3.6599999999999966 116
    endloop
  endfacet
  facet normal 0 0 1
    outer loop
      vertex 462.1 40.66 116
      vertex 465.1 3.6599999999999966 116
      vertex 465.1 40.66 116
    endloop
  endfacet
  facet normal 1 0 0
    outer loop
      vertex 465.1 3.6599999999999966 4
      vertex 465.1 40.66 107.6
      vertex 465.1 3.6599999999999966 116
    endloop
  endfacet
  facet normal 0 -1 0
    outer loop
      vertex 465.1 3.6599999999999966 4
      vertex 465.1 3.6599999999999966 116
      vertex 462.1 3.6599999999999966 116
    endloop
  endfacet
  facet normal 0 0 1
    outer loop
      vertex 462.1 40.66 116
      vertex 462.1 3.6599999999999966 116
      vertex 465.1 3.6599999999999966 116
    endloop
  endfacet
  facet normal 0.2334453638559151 -0.9723699203976743 6.521654249519346e-19
    outer loop
      vertex 472.7993422191252 40.93859215540352 0
      vertex 473.31812281886323 41.06314035802347 0
      vertex 473.31812281886323 41.06314035802347 4
    endloop
  endfacet
  facet normal 0.07845909572783945 -0.9969173337331285 7.087050427594052e-19
    outer loop
      vertex 473.31812281886323 41.06314035802347 0
      vertex 473.85 41.105 0
      vertex 473.85 41.105 4
    endloop
  endfacet
  facet normal -0.07845909572783945 -0.9969173337331285 -7.087050427594052e-19
    outer loop
      vertex 473.85 41.105 0
      vertex 474.3818771811368 41.06314035802347 0
      vertex 474.3818771811368 41.06314035802347 4
    endloop
  endfacet
  facet normal -0.2334453638559151 -0.9723699203976743 -6.521654249519346e-19
    outer loop
      vertex 474.3818771811368 41.06314035802347 0
      vertex 474.90065778087484 40.93859215540352 0
      vertex 474.90065778087484 40.93859215540352 4
    endloop
  endfacet
  facet normal 0.2334453638559151 -0.9723699203976743 0
    outer loop
      vertex 472.7993422191252 40.93859215540352 0
      vertex 473.31812281886323 41.06314035802347 4
      vertex 472.7993422191252 40.93859215540352 4
    endloop
  endfacet
  facet normal 0.07845909572783945 -0.9969173337331285 0
    outer loop
      vertex 473.31812281886323 41.06314035802347 4
      vertex 473.31812281886323 41.06314035802347 0
      vertex 473.85 41.105 4
    endloop
  endfacet
  facet normal -0.07845909572783945 -0.9969173337331285 0
    outer loop
      vertex 473.85 41.105 0
      vertex 474.3818771811368 41.06314035802347 4
      vertex 473.85 41.105 4
    endloop
  endfacet
  facet normal -0.2334453638559151 -0.9723699203976743 0
    outer loop
      vertex 474.3818771811368 41.06314035802347 0
      vertex 474.90065778087484 40.93859215540352 4
      vertex 474.3818771811368 41.06314035802347 4
    endloop
  endfacet
  facet normal 0.7604059656000228 -0.649448048330193 0
    outer loop
      vertex 471.0993422191252 39.70346985779441 0
      vertex 471.4458369439658 40.10916305603426 4
      vertex 471.0993422191252 39.70346985779441 4
    endloop
  endfacet
  facet normal 0.5224985647159143 -0.8526401643541134 3.4752726068148525e-18
    outer loop
      vertex 471.8515301422056 40.455657780874816 0
      vertex 472.3064323008856 40.73442218224045 0
      vertex 472.3064323008856 40.73442218224045 4
    endloop
  endfacet
  facet normal 0.38268343236510743 -0.9238795325112793 -1.356429501451806e-18
    outer loop
      vertex 472.3064323008856 40.73442218224045 0
      vertex 472.7993422191252 40.93859215540352 0
      vertex 472.7993422191252 40.93859215540352 4
    endloop
  endfacet
  facet normal 0.6494480483302106 -0.7604059656000081 -6.460941965897904e-18
    outer loop
      vertex 471.4458369439658 40.10916305603426 0
      vertex 471.8515301422056 40.455657780874816 0
      vertex 471.8515301422056 40.455657780874816 4
    endloop
  endfacet
  facet normal 0.7604059656000228 -0.649448048330193 0
    outer loop
      vertex 471.4458369439658 40.10916305603426 0
      vertex 471.4458369439658 40.10916305603426 4
      vertex 471.0993422191252 39.70346985779441 0
    endloop
  endfacet
  facet normal 0.38268343236510743 -0.9238795325112793 0
    outer loop
      vertex 472.3064323008856 40.73442218224045 0
      vertex 472.7993422191252 40.93859215540352 4
      vertex 472.3064323008856 40.73442218224045 4
    endloop
  endfacet
  facet normal 0.5224985647159143 -0.8526401643541134 0
    outer loop
      vertex 471.8515301422056 40.455657780874816 0
      vertex 472.3064323008856 40.73442218224045 4
      vertex 471.8515301422056 40.455657780874816 4
    endloop
  endfacet
  facet normal 0.6494480483302106 -0.7604059656000081 0
    outer loop
      vertex 471.4458369439658 40.10916305603426 0
      vertex 471.8515301422056 40.455657780874816 4
      vertex 471.4458369439658 40.10916305603426 4
    endloop
  endfacet
  facet normal 0.8526401643541115 -0.522498564715917 0
    outer loop
      vertex 471.0993422191252 39.70346985779441 0
      vertex 471.0993422191252 39.70346985779441 4
      vertex 470.8205778177596 39.24856769911446 0
    endloop
  endfacet
  facet normal 0.9238795325112561 -0.38268343236516345 0
    outer loop
      vertex 470.8205778177596 39.24856769911446 0
      vertex 470.8205778177596 39.24856769911446 4
      vertex 470.6164078445965 38.75565778087482 0
    endloop
  endfacet
  facet normal 0.9723699203976939 -0.2334453638558335 0
    outer loop
      vertex 470.6164078445965 38.75565778087482 0
      vertex 470.6164078445965 38.75565778087482 4
      vertex 470.4918596419766 38.236877181136784 0
    endloop
  endfacet
  facet normal 0.8526401643541115 -0.522498564715917 0
    outer loop
      vertex 470.8205778177596 39.24856769911446 0
      vertex 471.0993422191252 39.70346985779441 4
      vertex 470.8205778177596 39.24856769911446 4
    endloop
  endfacet
  facet normal 0.9238795325112561 -0.38268343236516345 0
    outer loop
      vertex 470.6164078445965 38.75565778087482 0
      vertex 470.8205778177596 39.24856769911446 4
      vertex 470.6164078445965 38.75565778087482 4
    endloop
  endfacet
  facet normal 0.9723699203976939 -0.2334453638558335 -3.664700331430862e-19
    outer loop
      vertex 470.6164078445965 38.75565778087482 4
      vertex 470.4918596419766 38.236877181136784 4
      vertex 470.4918596419766 38.236877181136784 0
    endloop
  endfacet
  facet normal -0.38268343236510743 -0.9238795325112793 1.356429501451806e-18
    outer loop
      vertex 474.90065778087484 40.93859215540352 0
      vertex 475.39356769911444 40.73442218224045 0
      vertex 475.39356769911444 40.73442218224045 4
    endloop
  endfacet
  facet normal -0.5224985647159143 -0.8526401643541134 -3.4752726068148525e-18
    outer loop
      vertex 475.39356769911444 40.73442218224045 0
      vertex 475.84846985779444 40.455657780874816 0
      vertex 475.84846985779444 40.455657780874816 4
    endloop
  endfacet
  facet normal -0.6494480483302106 -0.7604059656000081 6.460941965897904e-18
    outer loop
      vertex 475.84846985779444 40.455657780874816 0
      vertex 476.25416305603426 40.10916305603426 0
      vertex 476.25416305603426 40.10916305603426 4
    endloop
  endfacet
  facet normal -0.7604059656000228 -0.649448048330193 3.493463183630529e-18
    outer loop
      vertex 476.25416305603426 40.10916305603426 0
      vertex 476.6006577808748 39.70346985779441 0
      vertex 476.6006577808748 39.70346985779441 4
    endloop
  endfacet
  facet normal -0.38268343236510743 -0.9238795325112793 0
    outer loop
      vertex 474.90065778087484 40.93859215540352 0
      vertex 475.39356769911444 40.73442218224045 4
      vertex 474.90065778087484 40.93859215540352 4
    endloop
  endfacet
  facet normal -0.5224985647159143 -0.8526401643541134 0
    outer loop
      vertex 475.39356769911444 40.73442218224045 0
      vertex 475.84846985779444 40.455657780874816 4
      vertex 475.39356769911444 40.73442218224045 4
    endloop
  endfacet
  facet normal -0.6494480483302106 -0.7604059656000081 0
    outer loop
      vertex 475.84846985779444 40.455657780874816 0
      vertex 476.25416305603426 40.10916305603426 4
      vertex 475.84846985779444 40.455657780874816 4
    endloop
  endfacet
  facet normal -0.7604059656000228 -0.649448048330193 0
    outer loop
      vertex 476.25416305603426 40.10916305603426 0
      vertex 476.6006577808748 39.70346985779441 4
      vertex 476.25416305603426 40.10916305603426 4
    endloop
  endfacet
  facet normal -0.8526401643541115 -0.522498564715917 0
    outer loop
      vertex 476.87942218224043 39.24856769911446 0
      vertex 476.87942218224043 39.24856769911446 4
      vertex 476.6006577808748 39.70346985779441 0
    endloop
  endfacet
  facet normal -0.9238795325112561 -0.38268343236516345 0
    outer loop
      vertex 477.08359215540355 38.75565778087482 0
      vertex 477.08359215540355 38.75565778087482 4
      vertex 476.87942218224043 39.24856769911446 0
    endloop
  endfacet
  facet normal -0.9723699203976939 -0.2334453638558335 3.664700331430862e-19
    outer loop
      vertex 477.08359215540355 38.75565778087482 0
      vertex 477.20814035802346 38.236877181136784 0
      vertex 477.20814035802346 38.236877181136784 4
    endloop
  endfacet
  facet normal -0.8526401643541115 -0.522498564715917 0
    outer loop
      vertex 476.6006577808748 39.70346985779441 0
      vertex 476.87942218224043 39.24856769911446 4
      vertex 476.6006577808748 39.70346985779441 4
    endloop
  endfacet
  facet normal -0.9238795325112561 -0.38268343236516345 0
    outer loop
      vertex 476.87942218224043 39.24856769911446 0
      vertex 477.08359215540355 38.75565778087482 4
      vertex 476.87942218224043 39.24856769911446 4
    endloop
  endfacet
  facet normal -0.9723699203976939 -0.2334453638558335 3.664700331430862e-19
    outer loop
      vertex 477.20814035802346 38.236877181136784 4
      vertex 477.08359215540355 38.75565778087482 4
      vertex 477.08359215540355 38.75565778087482 0
    endloop
  endfacet
  facet normal 0.9969173337331262 -0.07845909572786695 0
    outer loop
      vertex 470.4918596419766 38.236877181136784 0
      vertex 470.4918596419766 38.236877181136784 4
      vertex 470.45000000000005 37.705 0
    endloop
  endfacet
  facet normal 0.9969173337331262 0.07845909572786695 0
    outer loop
      vertex 470.45000000000005 37.705 0
      vertex 470.45000000000005 37.705 4
      vertex 470.4918596419766 37.17312281886321 0
    endloop
  endfacet
  facet normal 0.9723699203976939 0.2334453638558335 0
    outer loop
      vertex 470.4918596419766 37.17312281886321 0
      vertex 470.4918596419766 37.17312281886321 4
      vertex 470.6164078445965 36.654342219125176 0
    endloop
  endfacet
  facet normal 0.9969173337331262 -0.07845909572786695 0
    outer loop
      vertex 470.45000000000005 37.705 0
      vertex 470.4918596419766 38.236877181136784 4
      vertex 470.45000000000005 37.705 4
    endloop
  endfacet
  facet normal 0.9969173337331262 0.07845909572786695 0
    outer loop
      vertex 470.4918596419766 37.17312281886321 0
      vertex 470.45000000000005 37.705 4
      vertex 470.4918596419766 37.17312281886321 4
    endloop
  endfacet
  facet normal 0.9238795325112561 0.38268343236516345 0
    outer loop
      vertex 470.6164078445965 36.654342219125176 0
      vertex 470.6164078445965 36.654342219125176 4
      vertex 470.8205778177596 36.16143230088554 0
    endloop
  endfacet
  facet normal 0.8526401643541115 0.522498564715917 0
    outer loop
      vertex 470.8205778177596 36.16143230088554 0
      vertex 470.8205778177596 36.16143230088554 4
      vertex 471.0993422191252 35.70653014220559 0
    endloop
  endfacet
  facet normal 0.7604059656000228 0.649448048330193 0
    outer loop
      vertex 471.0993422191252 35.70653014220559 0
      vertex 471.0993422191252 35.70653014220559 4
      vertex 471.4458369439658 35.300836943965734 0
    endloop
  endfacet
  facet normal 0.9723699203976939 0.2334453638558335 0
    outer loop
      vertex 470.6164078445965 36.654342219125176 0
      vertex 470.4918596419766 37.17312281886321 4
      vertex 470.6164078445965 36.654342219125176 4
    endloop
  endfacet
  facet normal 0.9238795325112561 0.38268343236516345 0
    outer loop
      vertex 470.8205778177596 36.16143230088554 0
      vertex 470.6164078445965 36.654342219125176 4
      vertex 470.8205778177596 36.16143230088554 4
    endloop
  endfacet
  facet normal 0.8526401643541115 0.522498564715917 1.2798891010136447e-18
    outer loop
      vertex 470.8205778177596 36.16143230088554 4
      vertex 471.0993422191252 35.70653014220559 4
      vertex 471.0993422191252 35.70653014220559 0
    endloop
  endfacet
  facet normal -0.9969173337331262 -0.07845909572786695 0
    outer loop
      vertex 477.25 37.705 0
      vertex 477.25 37.705 4
      vertex 477.20814035802346 38.236877181136784 0
    endloop
  endfacet
  facet normal -0.9969173337331262 0.07845909572786695 4.492178955559932e-19
    outer loop
      vertex 477.25 37.705 0
      vertex 477.20814035802346 37.17312281886321 0
      vertex 477.20814035802346 37.17312281886321 4
    endloop
  endfacet
  facet normal -0.9969173337331262 -0.07845909572786695 0
    outer loop
      vertex 477.20814035802346 38.236877181136784 0
      vertex 477.25 37.705 4
      vertex 477.20814035802346 38.236877181136784 4
    endloop
  endfacet
  facet normal -0.9969173337331262 0.07845909572786695 0
    outer loop
      vertex 477.25 37.705 0
      vertex 477.20814035802346 37.17312281886321 4
      vertex 477.25 37.705 4
    endloop
  endfacet
  facet normal -0.9723699203976939 0.2334453638558335 0
    outer loop
      vertex 477.20814035802346 37.17312281886321 0
      vertex 477.08359215540355 36.654342219125176 4
      vertex 477.20814035802346 37.17312281886321 4
    endloop
  endfacet
  facet normal -0.9723699203976939 0.2334453638558335 0
    outer loop
      vertex 477.08359215540355 36.654342219125176 0
      vertex 477.08359215540355 36.654342219125176 4
      vertex 477.20814035802346 37.17312281886321 0
    endloop
  endfacet
  facet normal -0.9238795325112561 0.38268343236516345 0
    outer loop
      vertex 476.87942218224043 36.16143230088554 0
      vertex 476.87942218224043 36.16143230088554 4
      vertex 477.08359215540355 36.654342219125176 0
    endloop
  endfacet
  facet normal -0.8526401643541115 0.522498564715917 -1.2798891010136447e-18
    outer loop
      vertex 476.87942218224043 36.16143230088554 0
      vertex 476.6006577808748 35.70653014220559 0
      vertex 476.6006577808748 35.70653014220559 4
    endloop
  endfacet
  facet normal -0.9238795325112561 0.38268343236516345 0
    outer loop
      vertex 477.08359215540355 36.654342219125176 0
      vertex 476.87942218224043 36.16143230088554 4
      vertex 477.08359215540355 36.654342219125176 4
    endloop
  endfacet
  facet normal -0.8526401643541115 0.522498564715917 -1.2798891010136447e-18
    outer loop
      vertex 476.6006577808748 35.70653014220559 4
      vertex 476.87942218224043 36.16143230088554 4
      vertex 476.87942218224043 36.16143230088554 0
    endloop
  endfacet
  facet normal -0.7604059656000228 0.649448048330193 0
    outer loop
      vertex 476.6006577808748 35.70653014220559 0
      vertex 476.25416305603426 35.300836943965734 4
      vertex 476.6006577808748 35.70653014220559 4
    endloop
  endfacet
  facet normal 0.6494480483302106 0.7604059656000081 0
    outer loop
      vertex 471.4458369439658 35.300836943965734 0
      vertex 471.4458369439658 35.300836943965734 4
      vertex 471.8515301422056 34.95434221912518 0
    endloop
  endfacet
  facet normal 0.5224985647159143 0.8526401643541134 -3.4752726068148525e-18
    outer loop
      vertex 472.3064323008856 34.675577817759546 0
      vertex 471.8515301422056 34.95434221912518 0
      vertex 471.8515301422056 34.95434221912518 4
    endloop
  endfacet
  facet normal 0.38268343236510743 0.9238795325112793 0
    outer loop
      vertex 472.3064323008856 34.675577817759546 0
      vertex 472.3064323008856 34.675577817759546 4
      vertex 472.7993422191252 34.47140784459648 0
    endloop
  endfacet
  facet normal 0.2334453638559151 0.9723699203976743 -6.521654249519346e-19
    outer loop
      vertex 473.31812281886323 34.34685964197653 0
      vertex 472.7993422191252 34.47140784459648 0
      vertex 472.7993422191252 34.47140784459648 4
    endloop
  endfacet
  facet normal 0.07845909572783945 0.9969173337331285 -7.087050427594052e-19
    outer loop
      vertex 473.85 34.305 0
      vertex 473.31812281886323 34.34685964197653 0
      vertex 473.31812281886323 34.34685964197653 4
    endloop
  endfacet
  facet normal -0.07845909572783945 0.9969173337331285 7.087050427594052e-19
    outer loop
      vertex 474.3818771811368 34.34685964197653 0
      vertex 473.85 34.305 0
      vertex 473.85 34.305 4
    endloop
  endfacet
  facet normal -0.2334453638559151 0.9723699203976743 6.521654249519346e-19
    outer loop
      vertex 474.90065778087484 34.47140784459648 0
      vertex 474.3818771811368 34.34685964197653 0
      vertex 474.3818771811368 34.34685964197653 4
    endloop
  endfacet
  facet normal 0.7604059656000228 0.649448048330193 0
    outer loop
      vertex 471.4458369439658 35.300836943965734 0
      vertex 471.0993422191252 35.70653014220559 4
      vertex 471.4458369439658 35.300836943965734 4
    endloop
  endfacet
  facet normal 0.6494480483302106 0.7604059656000081 0
    outer loop
      vertex 471.8515301422056 34.95434221912518 0
      vertex 471.4458369439658 35.300836943965734 4
      vertex 471.8515301422056 34.95434221912518 4
    endloop
  endfacet
  facet normal 0.5224985647159143 0.8526401643541134 0
    outer loop
      vertex 472.3064323008856 34.675577817759546 0
      vertex 471.8515301422056 34.95434221912518 4
      vertex 472.3064323008856 34.675577817759546 4
    endloop
  endfacet
  facet normal 0.38268343236510743 0.9238795325112793 0
    outer loop
      vertex 472.7993422191252 34.47140784459648 0
      vertex 472.3064323008856 34.675577817759546 4
      vertex 472.7993422191252 34.47140784459648 4
    endloop
  endfacet
  facet normal 0.2334453638559151 0.9723699203976743 0
    outer loop
      vertex 473.31812281886323 34.34685964197653 0
      vertex 472.7993422191252 34.47140784459648 4
      vertex 473.31812281886323 34.34685964197653 4
    endloop
  endfacet
  facet normal 0.07845909572783945 0.9969173337331285 0
    outer loop
      vertex 473.85 34.305 0
      vertex 473.31812281886323 34.34685964197653 4
      vertex 473.85 34.305 4
    endloop
  endfacet
  facet normal -0.07845909572783945 0.9969173337331285 0
    outer loop
      vertex 474.3818771811368 34.34685964197653 0
      vertex 473.85 34.305 4
      vertex 474.3818771811368 34.34685964197653 4
    endloop
  endfacet
  facet normal -0.2334453638559151 0.9723699203976743 0
    outer loop
      vertex 474.90065778087484 34.47140784459648 0
      vertex 474.3818771811368 34.34685964197653 4
      vertex 474.90065778087484 34.47140784459648 4
    endloop
  endfacet
  facet normal -0.7604059656000228 0.649448048330193 -3.493463183630529e-18
    outer loop
      vertex 476.6006577808748 35.70653014220559 0
      vertex 476.25416305603426 35.300836943965734 0
      vertex 476.25416305603426 35.300836943965734 4
    endloop
  endfacet
  facet normal -0.6494480483302106 0.7604059656000081 -6.460941965897904e-18
    outer loop
      vertex 476.25416305603426 35.300836943965734 0
      vertex 475.84846985779444 34.95434221912518 0
      vertex 475.84846985779444 34.95434221912518 4
    endloop
  endfacet
  facet normal -0.5224985647159143 0.8526401643541134 3.4752726068148525e-18
    outer loop
      vertex 475.84846985779444 34.95434221912518 0
      vertex 475.39356769911444 34.675577817759546 0
      vertex 475.39356769911444 34.675577817759546 4
    endloop
  endfacet
  facet normal -0.38268343236510743 0.9238795325112793 -1.356429501451806e-18
    outer loop
      vertex 475.39356769911444 34.675577817759546 0
      vertex 474.90065778087484 34.47140784459648 0
      vertex 474.90065778087484 34.47140784459648 4
    endloop
  endfacet
  facet normal -0.6494480483302106 0.7604059656000081 0
    outer loop
      vertex 476.25416305603426 35.300836943965734 0
      vertex 475.84846985779444 34.95434221912518 4
      vertex 476.25416305603426 35.300836943965734 4
    endloop
  endfacet
  facet normal -0.5224985647159143 0.8526401643541134 0
    outer loop
      vertex 475.84846985779444 34.95434221912518 0
      vertex 475.39356769911444 34.675577817759546 4
      vertex 475.84846985779444 34.95434221912518 4
    endloop
  endfacet
  facet normal -0.38268343236510743 0.9238795325112793 0
    outer loop
      vertex 475.39356769911444 34.675577817759546 0
      vertex 474.90065778087484 34.47140784459648 4
      vertex 475.39356769911444 34.675577817759546 4
    endloop
  endfacet
  facet normal 0.2334453638559151 -0.9723699203976743 6.521654249519346e-19
    outer loop
      vertex 472.7993422191252 9.18859215540352 0
      vertex 473.31812281886323 9.313140358023468 0
      vertex 473.31812281886323 9.313140358023468 4
    endloop
  endfacet
  facet normal 0.5224985647159143 -0.8526401643541134 0
    outer loop
      vertex 472.3064323008856 8.98442218224045 0
      vertex 472.3064323008856 8.98442218224045 4
      vertex 471.8515301422056 8.705657780874816 0
    endloop
  endfacet
  facet normal 0.38268343236510743 -0.9238795325112793 -1.356429501451806e-18
    outer loop
      vertex 472.3064323008856 8.98442218224045 0
      vertex 472.7993422191252 9.18859215540352 0
      vertex 472.7993422191252 9.18859215540352 4
    endloop
  endfacet
  facet normal 0.07845909572783945 -0.9969173337331285 7.087050427594052e-19
    outer loop
      vertex 473.31812281886323 9.313140358023468 0
      vertex 473.85 9.354999999999997 0
      vertex 473.85 9.354999999999997 4
    endloop
  endfacet
  facet normal -0.07845909572783945 -0.9969173337331285 -7.087050427594052e-19
    outer loop
      vertex 473.85 9.354999999999997 0
      vertex 474.3818771811368 9.313140358023468 0
      vertex 474.3818771811368 9.313140358023468 4
    endloop
  endfacet
  facet normal -0.2334453638559151 -0.9723699203976743 -6.521654249519346e-19
    outer loop
      vertex 474.3818771811368 9.313140358023468 0
      vertex 474.90065778087484 9.18859215540352 0
      vertex 474.90065778087484 9.18859215540352 4
    endloop
  endfacet
  facet normal 0.6494480483302106 -0.7604059656000081 -6.460941965897904e-18
    outer loop
      vertex 471.4458369439658 8.359163056034262 0
      vertex 471.8515301422056 8.705657780874816 0
      vertex 471.8515301422056 8.705657780874816 4
    endloop
  endfacet
  facet normal 0.7604059656000228 -0.649448048330193 0
    outer loop
      vertex 471.4458369439658 8.359163056034262 0
      vertex 471.4458369439658 8.359163056034262 4
      vertex 471.0993422191252 7.95346985779441 0
    endloop
  endfacet
  facet normal 0.2334453638559151 -0.9723699203976743 0
    outer loop
      vertex 472.7993422191252 9.18859215540352 0
      vertex 473.31812281886323 9.313140358023468 4
      vertex 472.7993422191252 9.18859215540352 4
    endloop
  endfacet
  facet normal 0.38268343236510743 -0.9238795325112793 0
    outer loop
      vertex 472.3064323008856 8.98442218224045 0
      vertex 472.7993422191252 9.18859215540352 4
      vertex 472.3064323008856 8.98442218224045 4
    endloop
  endfacet
  facet normal 0.07845909572783945 -0.9969173337331285 0
    outer loop
      vertex 473.31812281886323 9.313140358023468 4
      vertex 473.31812281886323 9.313140358023468 0
      vertex 473.85 9.354999999999997 4
    endloop
  endfacet
  facet normal -0.07845909572783945 -0.9969173337331285 0
    outer loop
      vertex 473.85 9.354999999999997 0
      vertex 474.3818771811368 9.313140358023468 4
      vertex 473.85 9.354999999999997 4
    endloop
  endfacet
  facet normal -0.2334453638559151 -0.9723699203976743 0
    outer loop
      vertex 474.3818771811368 9.313140358023468 0
      vertex 474.90065778087484 9.18859215540352 4
      vertex 474.3818771811368 9.313140358023468 4
    endloop
  endfacet
  facet normal 0.5224985647159143 -0.8526401643541134 0
    outer loop
      vertex 471.8515301422056 8.705657780874816 0
      vertex 472.3064323008856 8.98442218224045 4
      vertex 471.8515301422056 8.705657780874816 4
    endloop
  endfacet
  facet normal 0.6494480483302106 -0.7604059656000081 0
    outer loop
      vertex 471.4458369439658 8.359163056034262 0
      vertex 471.8515301422056 8.705657780874816 4
      vertex 471.4458369439658 8.359163056034262 4
    endloop
  endfacet
  facet normal -0.38268343236510743 -0.9238795325112793 1.356429501451806e-18
    outer loop
      vertex 474.90065778087484 9.18859215540352 0
      vertex 475.39356769911444 8.98442218224045 0
      vertex 475.39356769911444 8.98442218224045 4
    endloop
  endfacet
  facet normal -0.5224985647159143 -0.8526401643541134 -3.4752726068148525e-18
    outer loop
      vertex 475.39356769911444 8.98442218224045 0
      vertex 475.84846985779444 8.705657780874816 0
      vertex 475.84846985779444 8.705657780874816 4
    endloop
  endfacet
  facet normal -0.6494480483302106 -0.7604059656000081 6.460941965897904e-18
    outer loop
      vertex 475.84846985779444 8.705657780874816 0
      vertex 476.25416305603426 8.359163056034262 0
      vertex 476.25416305603426 8.359163056034262 4
    endloop
  endfacet
  facet normal -0.38268343236510743 -0.9238795325112793 0
    outer loop
      vertex 474.90065778087484 9.18859215540352 0
      vertex 475.39356769911444 8.98442218224045 4
      vertex 474.90065778087484 9.18859215540352 4
    endloop
  endfacet
  facet normal -0.5224985647159143 -0.8526401643541134 0
    outer loop
      vertex 475.39356769911444 8.98442218224045 0
      vertex 475.84846985779444 8.705657780874816 4
      vertex 475.39356769911444 8.98442218224045 4
    endloop
  endfacet
  facet normal -0.6494480483302106 -0.7604059656000081 0
    outer loop
      vertex 475.84846985779444 8.705657780874816 0
      vertex 476.25416305603426 8.359163056034262 4
      vertex 475.84846985779444 8.705657780874816 4
    endloop
  endfacet
  facet normal -0.7604059656000228 -0.649448048330193 0
    outer loop
      vertex 476.25416305603426 8.359163056034262 0
      vertex 476.6006577808748 7.95346985779441 4
      vertex 476.25416305603426 8.359163056034262 4
    endloop
  endfacet
  facet normal 0.8526401643541115 -0.522498564715917 0
    outer loop
      vertex 471.0993422191252 7.95346985779441 0
      vertex 471.0993422191252 7.95346985779441 4
      vertex 470.8205778177596 7.49856769911446 0
    endloop
  endfacet
  facet normal 0.9238795325112561 -0.38268343236516345 0
    outer loop
      vertex 470.8205778177596 7.49856769911446 0
      vertex 470.8205778177596 7.49856769911446 4
      vertex 470.6164078445965 7.00565778087482 0
    endloop
  endfacet
  facet normal 0.9723699203976939 -0.2334453638558335 0
    outer loop
      vertex 470.6164078445965 7.00565778087482 0
      vertex 470.6164078445965 7.00565778087482 4
      vertex 470.4918596419766 6.486877181136784 0
    endloop
  endfacet
  facet normal 0.7604059656000228 -0.649448048330193 0
    outer loop
      vertex 471.0993422191252 7.95346985779441 0
      vertex 471.4458369439658 8.359163056034262 4
      vertex 471.0993422191252 7.95346985779441 4
    endloop
  endfacet
  facet normal 0.8526401643541115 -0.522498564715917 0
    outer loop
      vertex 470.8205778177596 7.49856769911446 0
      vertex 471.0993422191252 7.95346985779441 4
      vertex 470.8205778177596 7.49856769911446 4
    endloop
  endfacet
  facet normal 0.9238795325112561 -0.38268343236516345 0
    outer loop
      vertex 470.6164078445965 7.00565778087482 0
      vertex 470.8205778177596 7.49856769911446 4
      vertex 470.6164078445965 7.00565778087482 4
    endloop
  endfacet
  facet normal 0.9969173337331262 -0.07845909572786695 0
    outer loop
      vertex 470.4918596419766 6.486877181136784 0
      vertex 470.4918596419766 6.486877181136784 4
      vertex 470.45000000000005 5.954999999999998 0
    endloop
  endfacet
  facet normal 0.9969173337331262 0.07845909572786695 0
    outer loop
      vertex 470.45000000000005 5.954999999999998 0
      vertex 470.45000000000005 5.954999999999998 4
      vertex 470.4918596419766 5.423122818863213 0
    endloop
  endfacet
  facet normal 0.9723699203976939 -0.2334453638558335 0
    outer loop
      vertex 470.4918596419766 6.486877181136784 0
      vertex 470.6164078445965 7.00565778087482 4
      vertex 470.4918596419766 6.486877181136784 4
    endloop
  endfacet
  facet normal 0.9969173337331262 -0.07845909572786695 0
    outer loop
      vertex 470.45000000000005 5.954999999999998 0
      vertex 470.4918596419766 6.486877181136784 4
      vertex 470.45000000000005 5.954999999999998 4
    endloop
  endfacet
  facet normal 0.9969173337331262 0.07845909572786695 0
    outer loop
      vertex 470.4918596419766 5.423122818863213 0
      vertex 470.45000000000005 5.954999999999998 4
      vertex 470.4918596419766 5.423122818863213 4
    endloop
  endfacet
  facet normal -0.7604059656000228 -0.649448048330193 0
    outer loop
      vertex 476.6006577808748 7.95346985779441 0
      vertex 476.6006577808748 7.95346985779441 4
      vertex 476.25416305603426 8.359163056034262 0
    endloop
  endfacet
  facet normal -0.8526401643541115 -0.522498564715917 1.2798891010136447e-18
    outer loop
      vertex 476.6006577808748 7.95346985779441 0
      vertex 476.87942218224043 7.49856769911446 0
      vertex 476.87942218224043 7.49856769911446 4
    endloop
  endfacet
  facet normal -0.9238795325112561 -0.38268343236516345 0
    outer loop
      vertex 477.08359215540355 7.00565778087482 0
      vertex 477.08359215540355 7.00565778087482 4
      vertex 476.87942218224043 7.49856769911446 0
    endloop
  endfacet
  facet normal -0.8526401643541115 -0.522498564715917 1.2798891010136447e-18
    outer loop
      vertex 476.87942218224043 7.49856769911446 4
      vertex 476.6006577808748 7.95346985779441 4
      vertex 476.6006577808748 7.95346985779441 0
    endloop
  endfacet
  facet normal -0.9238795325112561 -0.38268343236516345 0
    outer loop
      vertex 476.87942218224043 7.49856769911446 0
      vertex 477.08359215540355 7.00565778087482 4
      vertex 476.87942218224043 7.49856769911446 4
    endloop
  endfacet
  facet normal -0.9723699203976939 -0.2334453638558335 0
    outer loop
      vertex 477.08359215540355 7.00565778087482 0
      vertex 477.20814035802346 6.486877181136784 4
      vertex 477.08359215540355 7.00565778087482 4
    endloop
  endfacet
  facet normal -0.9723699203976939 -0.2334453638558335 3.664700331430862e-19
    outer loop
      vertex 477.08359215540355 7.00565778087482 0
      vertex 477.20814035802346 6.486877181136784 0
      vertex 477.20814035802346 6.486877181136784 4
    endloop
  endfacet
  facet normal -0.9969173337331262 -0.07845909572786695 0
    outer loop
      vertex 477.25 5.954999999999998 0
      vertex 477.25 5.954999999999998 4
      vertex 477.20814035802346 6.486877181136784 0
    endloop
  endfacet
  facet normal -0.9969173337331262 0.07845909572786695 0
    outer loop
      vertex 477.20814035802346 5.423122818863213 0
      vertex 477.20814035802346 5.423122818863213 4
      vertex 477.25 5.954999999999998 0
    endloop
  endfacet
  facet normal -0.9969173337331262 -0.07845909572786695 0
    outer loop
      vertex 477.20814035802346 6.486877181136784 0
      vertex 477.25 5.954999999999998 4
      vertex 477.20814035802346 6.486877181136784 4
    endloop
  endfacet
  facet normal -0.9969173337331262 0.07845909572786695 0
    outer loop
      vertex 477.25 5.954999999999998 0
      vertex 477.20814035802346 5.423122818863213 4
      vertex 477.25 5.954999999999998 4
    endloop
  endfacet
  facet normal 0.9723699203976939 0.2334453638558335 0
    outer loop
      vertex 470.4918596419766 5.423122818863213 0
      vertex 470.4918596419766 5.423122818863213 4
      vertex 470.6164078445965 4.904342219125176 0
    endloop
  endfacet
  facet normal 0.9238795325112561 0.38268343236516345 0
    outer loop
      vertex 470.6164078445965 4.904342219125176 0
      vertex 470.6164078445965 4.904342219125176 4
      vertex 470.8205778177596 4.4114323008855365 0
    endloop
  endfacet
  facet normal 0.8526401643541115 0.522498564715917 0
    outer loop
      vertex 470.8205778177596 4.4114323008855365 0
      vertex 470.8205778177596 4.4114323008855365 4
      vertex 471.0993422191252 3.9565301422055867 0
    endloop
  endfacet
  facet normal 0.9723699203976939 0.2334453638558335 0
    outer loop
      vertex 470.6164078445965 4.904342219125176 0
      vertex 470.4918596419766 5.423122818863213 4
      vertex 470.6164078445965 4.904342219125176 4
    endloop
  endfacet
  facet normal 0.9238795325112561 0.38268343236516345 0
    outer loop
      vertex 470.8205778177596 4.4114323008855365 0
      vertex 470.6164078445965 4.904342219125176 4
      vertex 470.8205778177596 4.4114323008855365 4
    endloop
  endfacet
  facet normal 0.8526401643541115 0.522498564715917 0
    outer loop
      vertex 471.0993422191252 3.9565301422055867 0
      vertex 470.8205778177596 4.4114323008855365 4
      vertex 471.0993422191252 3.9565301422055867 4
    endloop
  endfacet
  facet normal 0.7604059656000228 0.649448048330193 0
    outer loop
      vertex 471.0993422191252 3.9565301422055867 0
      vertex 471.0993422191252 3.9565301422055867 4
      vertex 471.4458369439658 3.5508369439657343 0
    endloop
  endfacet
  facet normal 0.6494480483302106 0.7604059656000081 0
    outer loop
      vertex 471.4458369439658 3.5508369439657343 0
      vertex 471.4458369439658 3.5508369439657343 4
      vertex 471.8515301422056 3.2043422191251807 0
    endloop
  endfacet
  facet normal 0.5224985647159143 0.8526401643541134 -3.4752726068148525e-18
    outer loop
      vertex 472.3064323008856 2.925577817759546 0
      vertex 471.8515301422056 3.2043422191251807 0
      vertex 471.8515301422056 3.2043422191251807 4
    endloop
  endfacet
  facet normal 0.38268343236510743 0.9238795325112793 1.356429501451806e-18
    outer loop
      vertex 472.7993422191252 2.7214078445964773 0
      vertex 472.3064323008856 2.925577817759546 0
      vertex 472.3064323008856 2.925577817759546 4
    endloop
  endfacet
  facet normal 0.7604059656000228 0.649448048330193 3.493463183630529e-18
    outer loop
      vertex 471.0993422191252 3.9565301422055867 4
      vertex 471.4458369439658 3.5508369439657343 4
      vertex 471.4458369439658 3.5508369439657343 0
    endloop
  endfacet
  facet normal 0.6494480483302106 0.7604059656000081 0
    outer loop
      vertex 471.8515301422056 3.2043422191251807 0
      vertex 471.4458369439658 3.5508369439657343 4
      vertex 471.8515301422056 3.2043422191251807 4
    endloop
  endfacet
  facet normal 0.5224985647159143 0.8526401643541134 0
    outer loop
      vertex 472.3064323008856 2.925577817759546 0
      vertex 471.8515301422056 3.2043422191251807 4
      vertex 472.3064323008856 2.925577817759546 4
    endloop
  endfacet
  facet normal 0.38268343236510743 0.9238795325112793 0
    outer loop
      vertex 472.7993422191252 2.7214078445964773 0
      vertex 472.3064323008856 2.925577817759546 4
      vertex 472.7993422191252 2.7214078445964773 4
    endloop
  endfacet
  facet normal -0.9723699203976939 0.2334453638558335 -3.664700331430862e-19
    outer loop
      vertex 477.20814035802346 5.423122818863213 0
      vertex 477.08359215540355 4.904342219125176 0
      vertex 477.08359215540355 4.904342219125176 4
    endloop
  endfacet
  facet normal -0.8526401643541115 0.522498564715917 0
    outer loop
      vertex 476.6006577808748 3.9565301422055867 0
      vertex 476.6006577808748 3.9565301422055867 4
      vertex 476.87942218224043 4.4114323008855365 0
    endloop
  endfacet
  facet normal -0.9238795325112561 0.38268343236516345 0
    outer loop
      vertex 476.87942218224043 4.4114323008855365 0
      vertex 476.87942218224043 4.4114323008855365 4
      vertex 477.08359215540355 4.904342219125176 0
    endloop
  endfacet
  facet normal -0.9723699203976939 0.2334453638558335 -3.664700331430862e-19
    outer loop
      vertex 477.08359215540355 4.904342219125176 4
      vertex 477.20814035802346 5.423122818863213 4
      vertex 477.20814035802346 5.423122818863213 0
    endloop
  endfacet
  facet normal -0.8526401643541115 0.522498564715917 0
    outer loop
      vertex 476.87942218224043 4.4114323008855365 0
      vertex 476.6006577808748 3.9565301422055867 4
      vertex 476.87942218224043 4.4114323008855365 4
    endloop
  endfacet
  facet normal -0.9238795325112561 0.38268343236516345 0
    outer loop
      vertex 477.08359215540355 4.904342219125176 0
      vertex 476.87942218224043 4.4114323008855365 4
      vertex 477.08359215540355 4.904342219125176 4
    endloop
  endfacet
  facet normal -0.7604059656000228 0.649448048330193 -3.493463183630529e-18
    outer loop
      vertex 476.6006577808748 3.9565301422055867 0
      vertex 476.25416305603426 3.5508369439657343 0
      vertex 476.25416305603426 3.5508369439657343 4
    endloop
  endfacet
  facet normal -0.6494480483302106 0.7604059656000081 -6.460941965897904e-18
    outer loop
      vertex 476.25416305603426 3.5508369439657343 0
      vertex 475.84846985779444 3.2043422191251807 0
      vertex 475.84846985779444 3.2043422191251807 4
    endloop
  endfacet
  facet normal -0.5224985647159143 0.8526401643541134 3.4752726068148525e-18
    outer loop
      vertex 475.84846985779444 3.2043422191251807 0
      vertex 475.39356769911444 2.925577817759546 0
      vertex 475.39356769911444 2.925577817759546 4
    endloop
  endfacet
  facet normal -0.38268343236510743 0.9238795325112793 -1.356429501451806e-18
    outer loop
      vertex 475.39356769911444 2.925577817759546 0
      vertex 474.90065778087484 2.7214078445964773 0
      vertex 474.90065778087484 2.7214078445964773 4
    endloop
  endfacet
  facet normal -0.7604059656000228 0.649448048330193 0
    outer loop
      vertex 476.6006577808748 3.9565301422055867 0
      vertex 476.25416305603426 3.5508369439657343 4
      vertex 476.6006577808748 3.9565301422055867 4
    endloop
  endfacet
  facet normal -0.6494480483302106 0.7604059656000081 0
    outer loop
      vertex 476.25416305603426 3.5508369439657343 0
      vertex 475.84846985779444 3.2043422191251807 4
      vertex 476.25416305603426 3.5508369439657343 4
    endloop
  endfacet
  facet normal -0.5224985647159143 0.8526401643541134 0
    outer loop
      vertex 475.84846985779444 3.2043422191251807 0
      vertex 475.39356769911444 2.925577817759546 4
      vertex 475.84846985779444 3.2043422191251807 4
    endloop
  endfacet
  facet normal -0.38268343236510743 0.9238795325112793 0
    outer loop
      vertex 475.39356769911444 2.925577817759546 0
      vertex 474.90065778087484 2.7214078445964773 4
      vertex 475.39356769911444 2.925577817759546 4
    endloop
  endfacet
  facet normal 0.2334453638559151 0.9723699203976743 -6.521654249519346e-19
    outer loop
      vertex 473.31812281886323 2.596859641976529 0
      vertex 472.7993422191252 2.7214078445964773 0
      vertex 472.7993422191252 2.7214078445964773 4
    endloop
  endfacet
  facet normal 0.07845909572783945 0.9969173337331285 -7.087050427594052e-19
    outer loop
      vertex 473.85 2.5549999999999997 0
      vertex 473.31812281886323 2.596859641976529 0
      vertex 473.31812281886323 2.596859641976529 4
    endloop
  endfacet
  facet normal -0.07845909572783945 0.9969173337331285 7.087050427594052e-19
    outer loop
      vertex 474.3818771811368 2.596859641976529 0
      vertex 473.85 2.5549999999999997 0
      vertex 473.85 2.5549999999999997 4
    endloop
  endfacet
  facet normal -0.2334453638559151 0.9723699203976743 6.521654249519346e-19
    outer loop
      vertex 474.90065778087484 2.7214078445964773 0
      vertex 474.3818771811368 2.596859641976529 0
      vertex 474.3818771811368 2.596859641976529 4
    endloop
  endfacet
  facet normal 0.2334453638559151 0.9723699203976743 0
    outer loop
      vertex 473.31812281886323 2.596859641976529 0
      vertex 472.7993422191252 2.7214078445964773 4
      vertex 473.31812281886323 2.596859641976529 4
    endloop
  endfacet
  facet normal 0.07845909572783945 0.9969173337331285 0
    outer loop
      vertex 473.85 2.5549999999999997 0
      vertex 473.31812281886323 2.596859641976529 4
      vertex 473.85 2.5549999999999997 4
    endloop
  endfacet
  facet normal -0.07845909572783945 0.9969173337331285 0
    outer loop
      vertex 474.3818771811368 2.596859641976529 0
      vertex 473.85 2.5549999999999997 4
      vertex 474.3818771811368 2.596859641976529 4
    endloop
  endfacet
  facet normal -0.2334453638559151 0.9723699203976743 0
    outer loop
      vertex 474.90065778087484 2.7214078445964773 0
      vertex 474.3818771811368 2.596859641976529 4
      vertex 474.90065778087484 2.7214078445964773 4
    endloop
  endfacet
  facet normal 0 -1 0
    outer loop
      vertex 247.88928571428573 40.66 4.1000000000000005
      vertex 247.3 40.66 4
      vertex 247.3 40.66 0
    endloop
  endfacet
  facet normal 0 -1 0
    outer loop
      vertex 247.88928571428573 40.66 4.1000000000000005
      vertex 247.3 40.66 0
      vertex 343.7138392857143 40.66 4.1000000000000005
    endloop
  endfacet
  facet normal 1 0 0
    outer loop
      vertex 247.3 40.66 4
      vertex 247.3 0 0
      vertex 247.3 40.66 0
    endloop
  endfacet
  facet normal 1 0 0
    outer loop
      vertex 247.3 40.66 4
      vertex 247.3 40.619166666666665 4.1000000000000005
      vertex 247.3 0 0
    endloop
  endfacet
  facet normal 0 -1 0
    outer loop
      vertex 247.3 40.66 0
      vertex 343.8 40.66 0
      vertex 343.8 40.66 4
    endloop
  endfacet
  facet normal 0 -1 0
    outer loop
      vertex 343.7138392857143 40.66 4.1000000000000005
      vertex 247.3 40.66 0
      vertex 343.8 40.66 4
    endloop
  endfacet
  facet normal -1 0 0
    outer loop
      vertex 343.8 40.66 0
      vertex 343.8 40.63249999999999 4.1000000000000005
      vertex 343.8 40.66 4
    endloop
  endfacet
  facet normal -1 0 0
    outer loop
      vertex 343.8 40.63249999999999 4.1000000000000005
      vertex 343.8 40.66 0
      vertex 343.8 3.927499999999995 4.1000000000000005
    endloop
  endfacet
  facet normal 1 0 0
    outer loop
      vertex 247.3 3.6599999999999966 4
      vertex 247.3 0 0
      vertex 247.3 40.619166666666665 4.1000000000000005
    endloop
  endfacet
  facet normal 1 0 0
    outer loop
      vertex 247.3 3.6599999999999966 4
      vertex 247.3 40.619166666666665 4.1000000000000005
      vertex 247.3 3.6599999999999966 4.1000000000000005
    endloop
  endfacet
  facet normal 1 0 0
    outer loop
      vertex 247.3 3.6599999999999966 4
      vertex 247.3 0 4
      vertex 247.3 0 0
    endloop
  endfacet
  facet normal -1 0 0
    outer loop
      vertex 343.8 3.6599999999999966 4
      vertex 343.8 3.927499999999995 4.1000000000000005
      vertex 343.8 40.66 0
    endloop
  endfacet
  facet normal -1 0 0
    outer loop
      vertex 343.8 3.6599999999999966 4
      vertex 343.8 40.66 0
      vertex 343.8 0 0
    endloop
  endfacet
  facet normal -1 0 0
    outer loop
      vertex 343.8 3.6599999999999966 4
      vertex 343.8 3.6599999999999966 4.1000000000000005
      vertex 343.8 3.692755102040813 4.1000000000000005
    endloop
  endfacet
  facet normal -1 0 0
    outer loop
      vertex 343.8 0 4
      vertex 343.8 3.6599999999999966 4
      vertex 343.8 0 0
    endloop
  endfacet
  facet normal 0 -1 0
    outer loop
      vertex 347.38928571428573 40.66 4.1000000000000005
      vertex 346.8 40.66 4
      vertex 346.8 40.66 0
    endloop
  endfacet
  facet normal 1 0 0
    outer loop
      vertex 346.8 40.66 4
      vertex 346.8 0 0
      vertex 346.8 40.66 0
    endloop
  endfacet
  facet normal 1 0 0
    outer loop
      vertex 346.8 40.66 4
      vertex 346.8 40.619166666666665 4.1000000000000005
      vertex 346.8 0 0
    endloop
  endfacet
  facet normal 1 0 0
    outer loop
      vertex 346.8 0 0
      vertex 346.8 40.619166666666665 4.1000000000000005
      vertex 346.8 3.927499999999995 4.1000000000000005
    endloop
  endfacet
  facet normal 1 0 0
    outer loop
      vertex 346.8 3.6599999999999966 4
      vertex 346.8 0 0
      vertex 346.8 3.927499999999995 4.1000000000000005
    endloop
  endfacet
  facet normal 1 0 0
    outer loop
      vertex 346.8 0 0
      vertex 346.8 3.6599999999999966 4
      vertex 346.8 0 4
    endloop
  endfacet
  facet normal 0 -1 0
    outer loop
      vertex 347.38928571428573 40.66 4.1000000000000005
      vertex 346.8 40.66 0
      vertex 443.2128640776699 40.66 4.1000000000000005
    endloop
  endfacet
  facet normal 0 -1 0
    outer loop
      vertex 346.8 40.66 0
      vertex 443.3 40.66 0
      vertex 443.3 40.66 4
    endloop
  endfacet
  facet normal 0 -1 0
    outer loop
      vertex 443.2128640776699 40.66 4.1000000000000005
      vertex 346.8 40.66 0
      vertex 443.3 40.66 4
    endloop
  endfacet
  facet normal -1 0 0
    outer loop
      vertex 443.3 0 0
      vertex 443.3 40.66 4
      vertex 443.3 40.66 0
    endloop
  endfacet
  facet normal -1 0 0
    outer loop
      vertex 443.3 0 0
      vertex 443.3 40.63249999999999 4.1000000000000005
      vertex 443.3 40.66 4
    endloop
  endfacet
  facet normal -1 0 0
    outer loop
      vertex 443.3 0 0
      vertex 443.3 3.927499999999995 4.1000000000000005
      vertex 443.3 40.63249999999999 4.1000000000000005
    endloop
  endfacet
  facet normal -1 0 0
    outer loop
      vertex 443.3 3.6599999999999966 4
      vertex 443.3 3.6599999999999966 4.1000000000000005
      vertex 443.3 3.692755102040813 4.1000000000000005
    endloop
  endfacet
  facet normal -1 0 0
    outer loop
      vertex 443.3 3.6599999999999966 4
      vertex 443.3 3.927499999999995 4.1000000000000005
      vertex 443.3 0 0
    endloop
  endfacet
  facet normal -1 0 0
    outer loop
      vertex 443.3 3.6599999999999966 4
      vertex 443.3 0 0
      vertex 443.3 0 4
    endloop
  endfacet
  facet normal 0 -0.8819212643483607 0.4713967368259869
    outer loop
      vertex 244.5 33.07349834091433 15.055530603866677
      vertex 241.3 33.23059520526918 15.349438164979347
      vertex 241.3 33.07349834091433 15.055530603866677
    endloop
  endfacet
  facet normal 0 -0.7730104533627337 0.6343932841636495
    outer loop
      vertex 244.5 32.86208152801713 14.79791847198287
      vertex 241.3 33.07349834091433 15.055530603866677
      vertex 241.3 32.86208152801713 14.79791847198287
    endloop
  endfacet
  facet normal 0 -0.9569403357322045 0.2902846772544774
    outer loop
      vertex 244.5 33.23059520526918 15.349438164979347
      vertex 241.3 33.32733497668549 15.668346452572582
      vertex 241.3 33.23059520526918 15.349438164979347
    endloop
  endfacet
  facet normal 0 -0.9951847266721973 0.098017140329558
    outer loop
      vertex 244.5 33.32733497668549 15.668346452572582
      vertex 241.3 33.36 16
      vertex 241.3 33.32733497668549 15.668346452572582
    endloop
  endfacet
  facet normal 0 -0.9951847266721973 -0.098017140329558
    outer loop
      vertex 244.5 33.36 16
      vertex 241.3 33.32733497668549 16.33165354742742
      vertex 241.3 33.36 16
    endloop
  endfacet
  facet normal 0 -0.8819212643483607 0.4713967368259869
    outer loop
      vertex 244.5 33.23059520526918 15.349438164979347
      vertex 241.3 33.23059520526918 15.349438164979347
      vertex 244.5 33.07349834091433 15.055530603866677
    endloop
  endfacet
  facet normal 0 -0.634393284163641 0.7730104533627405
    outer loop
      vertex 244.5 32.86208152801713 14.79791847198287
      vertex 241.3 32.86208152801713 14.79791847198287
      vertex 244.5 32.60446939613332 14.586501659085673
    endloop
  endfacet
  facet normal -2.015751026470662e-18 -0.7730104533627337 0.6343932841636495
    outer loop
      vertex 244.5 32.86208152801713 14.79791847198287
      vertex 244.5 33.07349834091433 15.055530603866677
      vertex 241.3 33.07349834091433 15.055530603866677
    endloop
  endfacet
  facet normal 8.099153432109001e-19 -0.9569403357322045 0.2902846772544774
    outer loop
      vertex 244.5 33.23059520526918 15.349438164979347
      vertex 244.5 33.32733497668549 15.668346452572582
      vertex 241.3 33.32733497668549 15.668346452572582
    endloop
  endfacet
  facet normal 5.57425141823127e-19 -0.9951847266721973 0.098017140329558
    outer loop
      vertex 244.5 33.32733497668549 15.668346452572582
      vertex 244.5 33.36 16
      vertex 241.3 33.36 16
    endloop
  endfacet
  facet normal -5.57425141823127e-19 -0.9951847266721973 -0.098017140329558
    outer loop
      vertex 244.5 33.36 16
      vertex 244.5 33.32733497668549 16.33165354742742
      vertex 241.3 33.32733497668549 16.33165354742742
    endloop
  endfacet
  facet normal 0 -0.9569403357322045 -0.2902846772544774
    outer loop
      vertex 244.5 33.32733497668549 16.33165354742742
      vertex 241.3 33.23059520526918 16.650561835020653
      vertex 241.3 33.32733497668549 16.33165354742742
    endloop
  endfacet
  facet normal 0 -0.8819212643483619 -0.4713967368259847
    outer loop
      vertex 244.5 33.23059520526918 16.650561835020653
      vertex 241.3 33.07349834091433 16.944469396133325
      vertex 241.3 33.23059520526918 16.650561835020653
    endloop
  endfacet
  facet normal 0 -0.7730104533627337 -0.6343932841636495
    outer loop
      vertex 244.5 33.07349834091433 16.944469396133325
      vertex 241.3 32.86208152801713 17.202081528017132
      vertex 241.3 33.07349834091433 16.944469396133325
    endloop
  endfacet
  facet normal 0 -0.6343932841636378 -0.7730104533627431
    outer loop
      vertex 244.5 32.86208152801713 17.202081528017132
      vertex 241.3 32.60446939613332 17.413498340914327
      vertex 241.3 32.86208152801713 17.202081528017132
    endloop
  endfacet
  facet normal -8.099153432109001e-19 -0.9569403357322045 -0.2902846772544774
    outer loop
      vertex 244.5 33.32733497668549 16.33165354742742
      vertex 244.5 33.23059520526918 16.650561835020653
      vertex 241.3 33.23059520526918 16.650561835020653
    endloop
  endfacet
  facet normal 2.4402688101916208e-18 -0.8819212643483619 -0.4713967368259847
    outer loop
      vertex 244.5 33.23059520526918 16.650561835020653
      vertex 244.5 33.07349834091433 16.944469396133325
      vertex 241.3 33.07349834091433 16.944469396133325
    endloop
  endfacet
  facet normal 2.015751026470662e-18 -0.7730104533627337 -0.6343932841636495
    outer loop
      vertex 244.5 33.07349834091433 16.944469396133325
      vertex 244.5 32.86208152801713 17.202081528017132
      vertex 241.3 32.86208152801713 17.202081528017132
    endloop
  endfacet
  facet normal 0 -0.47139673682600153 0.8819212643483528
    outer loop
      vertex 244.5 32.31056183502065 14.429404794730813
      vertex 241.3 32.60446939613332 14.586501659085673
      vertex 241.3 32.31056183502065 14.429404794730813
    endloop
  endfacet
  facet normal 0 -0.2902846772544627 0.9569403357322088
    outer loop
      vertex 244.5 31.991653547427415 14.332665023314508
      vertex 241.3 32.31056183502065 14.429404794730813
      vertex 241.3 31.991653547427415 14.332665023314508
    endloop
  endfacet
  facet normal 0 -0.2902846772544627 0.9569403357322088
    outer loop
      vertex 244.5 32.31056183502065 14.429404794730813
      vertex 241.3 32.31056183502065 14.429404794730813
      vertex 244.5 31.991653547427415 14.332665023314508
    endloop
  endfacet
  facet normal 0 -0.098017140329558 0.9951847266721973
    outer loop
      vertex 244.5 31.659999999999997 14.3
      vertex 241.3 31.991653547427415 14.332665023314508
      vertex 241.3 31.659999999999997 14.3
    endloop
  endfacet
  facet normal 0 0.098017140329558 0.9951847266721973
    outer loop
      vertex 244.5 31.32834645257258 14.332665023314508
      vertex 241.3 31.659999999999997 14.3
      vertex 241.3 31.32834645257258 14.332665023314508
    endloop
  endfacet
  facet normal 0 -0.098017140329558 0.9951847266721973
    outer loop
      vertex 244.5 31.991653547427415 14.332665023314508
      vertex 241.3 31.991653547427415 14.332665023314508
      vertex 244.5 31.659999999999997 14.3
    endloop
  endfacet
  facet normal 0 0.098017140329558 0.9951847266721973
    outer loop
      vertex 244.5 31.659999999999997 14.3
      vertex 241.3 31.659999999999997 14.3
      vertex 244.5 31.32834645257258 14.332665023314508
    endloop
  endfacet
  facet normal 0 0.2902846772544627 0.9569403357322088
    outer loop
      vertex 244.5 31.009438164979343 14.429404794730813
      vertex 241.3 31.32834645257258 14.332665023314508
      vertex 241.3 31.009438164979343 14.429404794730813
    endloop
  endfacet
  facet normal 0 0.2902846772544627 0.9569403357322088
    outer loop
      vertex 244.5 31.32834645257258 14.332665023314508
      vertex 241.3 31.32834645257258 14.332665023314508
      vertex 244.5 31.009438164979343 14.429404794730813
    endloop
  endfacet
  facet normal 0 0.47139673682600153 0.8819212643483528
    outer loop
      vertex 244.5 31.009438164979343 14.429404794730813
      vertex 241.3 31.009438164979343 14.429404794730813
      vertex 244.5 30.715530603866675 14.586501659085673
    endloop
  endfacet
  facet normal 0 -0.634393284163641 0.7730104533627405
    outer loop
      vertex 244.5 32.60446939613332 14.586501659085673
      vertex 241.3 32.86208152801713 14.79791847198287
      vertex 241.3 32.60446939613332 14.586501659085673
    endloop
  endfacet
  facet normal 0 -0.47139673682600153 0.8819212643483528
    outer loop
      vertex 244.5 32.60446939613332 14.586501659085673
      vertex 241.3 32.60446939613332 14.586501659085673
      vertex 244.5 32.31056183502065 14.429404794730813
    endloop
  endfacet
  facet normal 0 -0.47139673682599736 -0.8819212643483552
    outer loop
      vertex 244.5 32.60446939613332 17.413498340914327
      vertex 241.3 32.31056183502065 17.570595205269186
      vertex 241.3 32.60446939613332 17.413498340914327
    endloop
  endfacet
  facet normal 0 -0.2902846772544676 -0.9569403357322075
    outer loop
      vertex 244.5 32.31056183502065 17.570595205269186
      vertex 241.3 31.991653547427415 17.667334976685492
      vertex 241.3 32.31056183502065 17.570595205269186
    endloop
  endfacet
  facet normal -2.4855135480465274e-19 -0.6343932841636378 -0.7730104533627431
    outer loop
      vertex 244.5 32.86208152801713 17.202081528017132
      vertex 244.5 32.60446939613332 17.413498340914327
      vertex 241.3 32.60446939613332 17.413498340914327
    endloop
  endfacet
  facet normal 2.1339556153761333e-18 -0.47139673682599736 -0.8819212643483552
    outer loop
      vertex 244.5 32.60446939613332 17.413498340914327
      vertex 244.5 32.31056183502065 17.570595205269186
      vertex 241.3 32.31056183502065 17.570595205269186
    endloop
  endfacet
  facet normal 1.0187426117595804e-18 -0.2902846772544676 -0.9569403357322075
    outer loop
      vertex 244.5 32.31056183502065 17.570595205269186
      vertex 244.5 31.991653547427415 17.667334976685492
      vertex 241.3 31.991653547427415 17.667334976685492
    endloop
  endfacet
  facet normal 0 -0.098017140329558 -0.9951847266721973
    outer loop
      vertex 244.5 31.991653547427415 17.667334976685492
      vertex 241.3 31.659999999999997 17.7
      vertex 241.3 31.991653547427415 17.667334976685492
    endloop
  endfacet
  facet normal 0 0.098017140329558 -0.9951847266721973
    outer loop
      vertex 244.5 31.659999999999997 17.7
      vertex 241.3 31.32834645257258 17.667334976685492
      vertex 241.3 31.659999999999997 17.7
    endloop
  endfacet
  facet normal -5.57425141823127e-19 -0.098017140329558 -0.9951847266721973
    outer loop
      vertex 244.5 31.991653547427415 17.667334976685492
      vertex 244.5 31.659999999999997 17.7
      vertex 241.3 31.659999999999997 17.7
    endloop
  endfacet
  facet normal 5.57425141823127e-19 0.098017140329558 -0.9951847266721973
    outer loop
      vertex 244.5 31.659999999999997 17.7
      vertex 244.5 31.32834645257258 17.667334976685492
      vertex 241.3 31.32834645257258 17.667334976685492
    endloop
  endfacet
  facet normal 0 0.47139673682600153 0.8819212643483528
    outer loop
      vertex 244.5 30.715530603866675 14.586501659085673
      vertex 241.3 31.009438164979343 14.429404794730813
      vertex 241.3 30.715530603866675 14.586501659085673
    endloop
  endfacet
  facet normal 0 0.634393284163641 0.7730104533627405
    outer loop
      vertex 244.5 30.457918471982865 14.79791847198287
      vertex 241.3 30.715530603866675 14.586501659085673
      vertex 241.3 30.457918471982865 14.79791847198287
    endloop
  endfacet
  facet normal 0 0.7730104533627389 0.634393284163643
    outer loop
      vertex 244.5 30.24650165908567 15.055530603866677
      vertex 241.3 30.457918471982865 14.79791847198287
      vertex 241.3 30.24650165908567 15.055530603866677
    endloop
  endfacet
  facet normal 0 0.8819212643483565 0.47139673682599526
    outer loop
      vertex 244.5 30.08940479473081 15.349438164979347
      vertex 241.3 30.24650165908567 15.055530603866677
      vertex 241.3 30.08940479473081 15.349438164979347
    endloop
  endfacet
  facet normal 0 0.9569403357322075 0.2902846772544676
    outer loop
      vertex 244.5 29.992665023314505 15.668346452572582
      vertex 241.3 30.08940479473081 15.349438164979347
      vertex 241.3 29.992665023314505 15.668346452572582
    endloop
  endfacet
  facet normal 0 0.634393284163641 0.7730104533627405
    outer loop
      vertex 244.5 30.715530603866675 14.586501659085673
      vertex 241.3 30.715530603866675 14.586501659085673
      vertex 244.5 30.457918471982865 14.79791847198287
    endloop
  endfacet
  facet normal 0 0.7730104533627389 0.634393284163643
    outer loop
      vertex 244.5 30.457918471982865 14.79791847198287
      vertex 241.3 30.457918471982865 14.79791847198287
      vertex 244.5 30.24650165908567 15.055530603866677
    endloop
  endfacet
  facet normal 0 0.8819212643483565 0.47139673682599526
    outer loop
      vertex 244.5 30.24650165908567 15.055530603866677
      vertex 241.3 30.24650165908567 15.055530603866677
      vertex 244.5 30.08940479473081 15.349438164979347
    endloop
  endfacet
  facet normal 0 0.9569403357322075 0.2902846772544676
    outer loop
      vertex 244.5 30.08940479473081 15.349438164979347
      vertex 241.3 30.08940479473081 15.349438164979347
      vertex 244.5 29.992665023314505 15.668346452572582
    endloop
  endfacet
  facet normal 0 0.2902846772544676 -0.9569403357322075
    outer loop
      vertex 244.5 31.32834645257258 17.667334976685492
      vertex 241.3 31.009438164979343 17.570595205269186
      vertex 241.3 31.32834645257258 17.667334976685492
    endloop
  endfacet
  facet normal 0 0.47139673682599736 -0.8819212643483552
    outer loop
      vertex 244.5 31.009438164979343 17.570595205269186
      vertex 241.3 30.715530603866675 17.413498340914327
      vertex 241.3 31.009438164979343 17.570595205269186
    endloop
  endfacet
  facet normal -1.0187426117595804e-18 0.2902846772544676 -0.9569403357322075
    outer loop
      vertex 244.5 31.32834645257258 17.667334976685492
      vertex 244.5 31.009438164979343 17.570595205269186
      vertex 241.3 31.009438164979343 17.570595205269186
    endloop
  endfacet
  facet normal -2.1339556153761333e-18 0.47139673682599736 -0.8819212643483552
    outer loop
      vertex 244.5 31.009438164979343 17.570595205269186
      vertex 244.5 30.715530603866675 17.413498340914327
      vertex 241.3 30.715530603866675 17.413498340914327
    endloop
  endfacet
  facet normal 0 0.7730104533627389 -0.634393284163643
    outer loop
      vertex 244.5 30.457918471982865 17.202081528017132
      vertex 241.3 30.24650165908567 16.944469396133325
      vertex 241.3 30.457918471982865 17.202081528017132
    endloop
  endfacet
  facet normal 0 0.9569403357322075 -0.2902846772544676
    outer loop
      vertex 244.5 30.08940479473081 16.650561835020653
      vertex 241.3 29.992665023314505 16.33165354742742
      vertex 241.3 30.08940479473081 16.650561835020653
    endloop
  endfacet
  facet normal 0 0.8819212643483576 -0.471396736825993
    outer loop
      vertex 244.5 30.24650165908567 16.944469396133325
      vertex 241.3 30.08940479473081 16.650561835020653
      vertex 241.3 30.24650165908567 16.944469396133325
    endloop
  endfacet
  facet normal 0 0.6343932841636378 -0.7730104533627431
    outer loop
      vertex 244.5 30.715530603866675 17.413498340914327
      vertex 241.3 30.457918471982865 17.202081528017132
      vertex 241.3 30.715530603866675 17.413498340914327
    endloop
  endfacet
  facet normal 0 0.9569403357322075 -0.2902846772544676
    outer loop
      vertex 244.5 29.992665023314505 16.33165354742742
      vertex 241.3 29.992665023314505 16.33165354742742
      vertex 244.5 30.08940479473081 16.650561835020653
    endloop
  endfacet
  facet normal 6.87304560432604e-19 0.8819212643483576 -0.471396736825993
    outer loop
      vertex 244.5 30.24650165908567 16.944469396133325
      vertex 244.5 30.08940479473081 16.650561835020653
      vertex 241.3 30.08940479473081 16.650561835020653
    endloop
  endfacet
  facet normal 0 0.7730104533627389 -0.634393284163643
    outer loop
      vertex 244.5 30.24650165908567 16.944469396133325
      vertex 241.3 30.24650165908567 16.944469396133325
      vertex 244.5 30.457918471982865 17.202081528017132
    endloop
  endfacet
  facet normal 2.4855135480465274e-19 0.6343932841636378 -0.7730104533627431
    outer loop
      vertex 244.5 30.715530603866675 17.413498340914327
      vertex 244.5 30.457918471982865 17.202081528017132
      vertex 241.3 30.457918471982865 17.202081528017132
    endloop
  endfacet
  facet normal 0 0.9951847266721973 0.098017140329558
    outer loop
      vertex 244.5 29.959999999999997 16
      vertex 241.3 29.992665023314505 15.668346452572582
      vertex 241.3 29.959999999999997 16
    endloop
  endfacet
  facet normal 0 0.9951847266721973 -0.098017140329558
    outer loop
      vertex 244.5 29.992665023314505 16.33165354742742
      vertex 241.3 29.959999999999997 16
      vertex 241.3 29.992665023314505 16.33165354742742
    endloop
  endfacet
  facet normal 0 0.9951847266721973 0.098017140329558
    outer loop
      vertex 244.5 29.992665023314505 15.668346452572582
      vertex 241.3 29.992665023314505 15.668346452572582
      vertex 244.5 29.959999999999997 16
    endloop
  endfacet
  facet normal 0 0.9951847266721973 -0.098017140329558
    outer loop
      vertex 244.5 29.959999999999997 16
      vertex 241.3 29.959999999999997 16
      vertex 244.5 29.992665023314505 16.33165354742742
    endloop
  endfacet
  facet normal 1 0 0
    outer loop
      vertex 244.5 33.30544826719043 13.15
      vertex 244.5 32.86208152801713 14.79791847198287
      vertex 244.5 32.60446939613332 14.586501659085673
    endloop
  endfacet
  facet normal 1 0 0
    outer loop
      vertex 244.5 33.30544826719043 13.15
      vertex 244.5 33.07349834091433 15.055530603866677
      vertex 244.5 32.86208152801713 14.79791847198287
    endloop
  endfacet
  facet normal 0 -0.8660254037844389 0.4999999999999996
    outer loop
      vertex 244.5 33.30544826719043 13.15
      vertex 247.3 33.30544826719043 13.15
      vertex 244.5 34.95089653438086 16
    endloop
  endfacet
  facet normal 0 -0.8660254037844389 0.4999999999999996
    outer loop
      vertex 244.5 34.95089653438086 16
      vertex 247.3 33.30544826719043 13.15
      vertex 247.3 34.95089653438086 16
    endloop
  endfacet
  facet normal 0 -0.866025403784439 -0.49999999999999944
    outer loop
      vertex 244.5 34.95089653438086 16
      vertex 247.3 34.95089653438086 16
      vertex 244.5 33.30544826719043 18.85
    endloop
  endfacet
  facet normal 1 0 0
    outer loop
      vertex 244.5 33.30544826719043 13.15
      vertex 244.5 34.95089653438086 16
      vertex 244.5 33.23059520526918 15.349438164979347
    endloop
  endfacet
  facet normal 1 0 0
    outer loop
      vertex 244.5 34.95089653438086 16
      vertex 244.5 33.32733497668549 15.668346452572582
      vertex 244.5 33.23059520526918 15.349438164979347
    endloop
  endfacet
  facet normal 1 0 0
    outer loop
      vertex 244.5 34.95089653438086 16
      vertex 244.5 33.36 16
      vertex 244.5 33.32733497668549 15.668346452572582
    endloop
  endfacet
  facet normal 1 0 0
    outer loop
      vertex 244.5 34.95089653438086 16
      vertex 244.5 33.32733497668549 16.33165354742742
      vertex 244.5 33.36 16
    endloop
  endfacet
  facet normal 1 0 0
    outer loop
      vertex 244.5 33.30544826719043 13.15
      vertex 244.5 33.23059520526918 15.349438164979347
      vertex 244.5 33.07349834091433 15.055530603866677
    endloop
  endfacet
  facet normal 1 0 0
    outer loop
      vertex 244.5 34.95089653438086 16
      vertex 244.5 33.23059520526918 16.650561835020653
      vertex 244.5 33.32733497668549 16.33165354742742
    endloop
  endfacet
  facet normal 1 0 0
    outer loop
      vertex 244.5 34.95089653438086 16
      vertex 244.5 33.07349834091433 16.944469396133325
      vertex 244.5 33.23059520526918 16.650561835020653
    endloop
  endfacet
  facet normal 1 0 0
    outer loop
      vertex 244.5 34.95089653438086 16
      vertex 244.5 32.86208152801713 17.202081528017132
      vertex 244.5 33.07349834091433 16.944469396133325
    endloop
  endfacet
  facet normal 1 0 0
    outer loop
      vertex 244.5 34.95089653438086 16
      vertex 244.5 33.30544826719043 18.85
      vertex 244.5 32.86208152801713 17.202081528017132
    endloop
  endfacet
  facet normal 1 0 0
    outer loop
      vertex 244.5 32.86208152801713 17.202081528017132
      vertex 244.5 33.30544826719043 18.85
      vertex 244.5 32.60446939613332 17.413498340914327
    endloop
  endfacet
  facet normal 0 -0.866025403784439 -0.49999999999999944
    outer loop
      vertex 244.5 33.30544826719043 18.85
      vertex 247.3 34.95089653438086 16
      vertex 247.3 33.30544826719043 18.85
    endloop
  endfacet
  facet normal 1 0 0
    outer loop
      vertex 244.5 33.30544826719043 13.15
      vertex 244.5 32.31056183502065 14.429404794730813
      vertex 244.5 31.991653547427415 14.332665023314508
    endloop
  endfacet
  facet normal 1 0 0
    outer loop
      vertex 244.5 33.30544826719043 13.15
      vertex 244.5 32.60446939613332 14.586501659085673
      vertex 244.5 32.31056183502065 14.429404794730813
    endloop
  endfacet
  facet normal 1 0 0
    outer loop
      vertex 244.5 33.30544826719043 13.15
      vertex 244.5 31.991653547427415 14.332665023314508
      vertex 244.5 31.659999999999997 14.3
    endloop
  endfacet
  facet normal 1 0 0
    outer loop
      vertex 244.5 33.30544826719043 13.15
      vertex 244.5 31.659999999999997 14.3
      vertex 244.5 31.32834645257258 14.332665023314508
    endloop
  endfacet
  facet normal 1 0 0
    outer loop
      vertex 244.5 33.30544826719043 13.15
      vertex 244.5 31.009438164979343 14.429404794730813
      vertex 244.5 30.014551732809565 13.15
    endloop
  endfacet
  facet normal 1 0 0
    outer loop
      vertex 244.5 33.30544826719043 13.15
      vertex 244.5 31.32834645257258 14.332665023314508
      vertex 244.5 31.009438164979343 14.429404794730813
    endloop
  endfacet
  facet normal 0 0 1
    outer loop
      vertex 244.5 33.30544826719043 13.15
      vertex 247.3 30.014551732809565 13.15
      vertex 247.3 33.30544826719043 13.15
    endloop
  endfacet
  facet normal 1 0 0
    outer loop
      vertex 244.5 31.009438164979343 14.429404794730813
      vertex 244.5 30.715530603866675 14.586501659085673
      vertex 244.5 30.014551732809565 13.15
    endloop
  endfacet
  facet normal 1 0 0
    outer loop
      vertex 244.5 30.014551732809565 13.15
      vertex 244.5 30.715530603866675 14.586501659085673
      vertex 244.5 30.457918471982865 14.79791847198287
    endloop
  endfacet
  facet normal 0 0 1
    outer loop
      vertex 244.5 33.30544826719043 13.15
      vertex 244.5 30.014551732809565 13.15
      vertex 247.3 30.014551732809565 13.15
    endloop
  endfacet
  facet normal 0 0.8660254037844384 0.5000000000000003
    outer loop
      vertex 244.5 30.014551732809565 13.15
      vertex 247.3 28.36910346561913 16
      vertex 247.3 30.014551732809565 13.15
    endloop
  endfacet
  facet normal 1 0 0
    outer loop
      vertex 244.5 32.60446939613332 17.413498340914327
      vertex 244.5 33.30544826719043 18.85
      vertex 244.5 32.31056183502065 17.570595205269186
    endloop
  endfacet
  facet normal 1 0 0
    outer loop
      vertex 244.5 32.31056183502065 17.570595205269186
      vertex 244.5 30.014551732809565 18.85
      vertex 244.5 31.991653547427415 17.667334976685492
    endloop
  endfacet
  facet normal 1 0 0
    outer loop
      vertex 244.5 31.991653547427415 17.667334976685492
      vertex 244.5 30.014551732809565 18.85
      vertex 244.5 31.659999999999997 17.7
    endloop
  endfacet
  facet normal 1 0 0
    outer loop
      vertex 244.5 31.659999999999997 17.7
      vertex 244.5 30.014551732809565 18.85
      vertex 244.5 31.32834645257258 17.667334976685492
    endloop
  endfacet
  facet normal 1 0 0
    outer loop
      vertex 244.5 31.32834645257258 17.667334976685492
      vertex 244.5 30.014551732809565 18.85
      vertex 244.5 31.009438164979343 17.570595205269186
    endloop
  endfacet
  facet normal 1 0 0
    outer loop
      vertex 244.5 31.009438164979343 17.570595205269186
      vertex 244.5 30.014551732809565 18.85
      vertex 244.5 30.715530603866675 17.413498340914327
    endloop
  endfacet
  facet normal 1 0 0
    outer loop
      vertex 244.5 30.715530603866675 17.413498340914327
      vertex 244.5 30.014551732809565 18.85
      vertex 244.5 30.457918471982865 17.202081528017132
    endloop
  endfacet
  facet normal 1 0 0
    outer loop
      vertex 244.5 30.24650165908567 16.944469396133325
      vertex 244.5 30.457918471982865 17.202081528017132
      vertex 244.5 30.014551732809565 18.85
    endloop
  endfacet
  facet normal 1 0 0
    outer loop
      vertex 244.5 30.24650165908567 16.944469396133325
      vertex 244.5 30.014551732809565 18.85
      vertex 244.5 30.08940479473081 16.650561835020653
    endloop
  endfacet
  facet normal 1 0 0
    outer loop
      vertex 244.5 32.31056183502065 17.570595205269186
      vertex 244.5 33.30544826719043 18.85
      vertex 244.5 30.014551732809565 18.85
    endloop
  endfacet
  facet normal 0 0 -1
    outer loop
      vertex 244.5 33.30544826719043 18.85
      vertex 247.3 33.30544826719043 18.85
      vertex 244.5 30.014551732809565 18.85
    endloop
  endfacet
  facet normal 0 0 -1
    outer loop
      vertex 244.5 30.014551732809565 18.85
      vertex 247.3 33.30544826719043 18.85
      vertex 247.3 30.014551732809565 18.85
    endloop
  endfacet
  facet normal 1 0 0
    outer loop
      vertex 244.5 30.457918471982865 14.79791847198287
      vertex 244.5 30.24650165908567 15.055530603866677
      vertex 244.5 28.36910346561913 16
    endloop
  endfacet
  facet normal 1 0 0
    outer loop
      vertex 244.5 30.014551732809565 13.15
      vertex 244.5 30.457918471982865 14.79791847198287
      vertex 244.5 28.36910346561913 16
    endloop
  endfacet
  facet normal 1 0 0
    outer loop
      vertex 244.5 30.24650165908567 15.055530603866677
      vertex 244.5 30.08940479473081 15.349438164979347
      vertex 244.5 28.36910346561913 16
    endloop
  endfacet
  facet normal 1 0 0
    outer loop
      vertex 244.5 30.08940479473081 15.349438164979347
      vertex 244.5 29.992665023314505 15.668346452572582
      vertex 244.5 28.36910346561913 16
    endloop
  endfacet
  facet normal 1 0 0
    outer loop
      vertex 244.5 29.992665023314505 15.668346452572582
      vertex 244.5 29.959999999999997 16
      vertex 244.5 28.36910346561913 16
    endloop
  endfacet
  facet normal 1 0 0
    outer loop
      vertex 244.5 29.959999999999997 16
      vertex 244.5 29.992665023314505 16.33165354742742
      vertex 244.5 28.36910346561913 16
    endloop
  endfacet
  facet normal 1 0 0
    outer loop
      vertex 244.5 29.992665023314505 16.33165354742742
      vertex 244.5 30.08940479473081 16.650561835020653
      vertex 244.5 28.36910346561913 16
    endloop
  endfacet
  facet normal 1 0 0
    outer loop
      vertex 244.5 28.36910346561913 16
      vertex 244.5 30.08940479473081 16.650561835020653
      vertex 244.5 30.014551732809565 18.85
    endloop
  endfacet
  facet normal -1.3669969976650136e-17 0.8660254037844384 0.5000000000000003
    outer loop
      vertex 244.5 30.014551732809565 13.15
      vertex 244.5 28.36910346561913 16
      vertex 247.3 28.36910346561913 16
    endloop
  endfacet
  facet normal 4.1709227180294466e-17 0.8660254037844386 -0.5000000000000002
    outer loop
      vertex 244.5 28.36910346561913 16
      vertex 244.5 30.014551732809565 18.85
      vertex 247.3 30.014551732809565 18.85
    endloop
  endfacet
  facet normal 0 0.8660254037844386 -0.5000000000000002
    outer loop
      vertex 244.5 28.36910346561913 16
      vertex 247.3 30.014551732809565 18.85
      vertex 247.3 28.36910346561913 16
    endloop
  endfacet
  facet normal 0 -0.773010453362738 0.6343932841636442
    outer loop
      vertex 244.5 32.86208152801713 58.79791847198287
      vertex 241.3 33.07349834091433 59.05553060386668
      vertex 241.3 32.86208152801713 58.79791847198287
    endloop
  endfacet
  facet normal 0 -0.8819212643483596 0.47139673682598915
    outer loop
      vertex 244.5 33.07349834091433 59.05553060386668
      vertex 241.3 33.23059520526918 59.34943816497935
      vertex 241.3 33.07349834091433 59.05553060386668
    endloop
  endfacet
  facet normal 0 -0.956940335732205 0.2902846772544743
    outer loop
      vertex 244.5 33.23059520526918 59.34943816497935
      vertex 241.3 33.32733497668549 59.668346452572585
      vertex 241.3 33.23059520526918 59.34943816497935
    endloop
  endfacet
  facet normal 0 -0.9951847266721972 0.09801714032955904
    outer loop
      vertex 244.5 33.32733497668549 59.668346452572585
      vertex 241.3 33.36 60
      vertex 241.3 33.32733497668549 59.668346452572585
    endloop
  endfacet
  facet normal 0 -0.6343932841636442 0.773010453362738
    outer loop
      vertex 244.5 32.86208152801713 58.79791847198287
      vertex 241.3 32.86208152801713 58.79791847198287
      vertex 244.5 32.60446939613332 58.58650165908567
    endloop
  endfacet
  facet normal 1.2451491487812276e-18 -0.8819212643483596 0.47139673682598915
    outer loop
      vertex 244.5 33.07349834091433 59.05553060386668
      vertex 244.5 33.23059520526918 59.34943816497935
      vertex 241.3 33.23059520526918 59.34943816497935
    endloop
  endfacet
  facet normal 1.0100800559172602e-18 -0.956940335732205 0.2902846772544743
    outer loop
      vertex 244.5 33.23059520526918 59.34943816497935
      vertex 244.5 33.32733497668549 59.668346452572585
      vertex 241.3 33.32733497668549 59.668346452572585
    endloop
  endfacet
  facet normal 0 -0.773010453362738 0.6343932841636442
    outer loop
      vertex 244.5 33.07349834091433 59.05553060386668
      vertex 241.3 33.07349834091433 59.05553060386668
      vertex 244.5 32.86208152801713 58.79791847198287
    endloop
  endfacet
  facet normal 0 -0.9951847266721972 -0.09801714032955904
    outer loop
      vertex 244.5 33.36 60
      vertex 241.3 33.32733497668549 60.331653547427415
      vertex 241.3 33.36 60
    endloop
  endfacet
  facet normal 0 -0.956940335732205 -0.2902846772544743
    outer loop
      vertex 244.5 33.32733497668549 60.331653547427415
      vertex 241.3 33.23059520526918 60.65056183502065
      vertex 241.3 33.32733497668549 60.331653547427415
    endloop
  endfacet
  facet normal 0 -0.8819212643483596 -0.47139673682598915
    outer loop
      vertex 244.5 33.23059520526918 60.65056183502065
      vertex 241.3 33.07349834091433 60.94446939613332
      vertex 241.3 33.23059520526918 60.65056183502065
    endloop
  endfacet
  facet normal 0 -0.773010453362738 -0.6343932841636442
    outer loop
      vertex 244.5 33.07349834091433 60.94446939613332
      vertex 241.3 32.86208152801713 61.20208152801713
      vertex 241.3 33.07349834091433 60.94446939613332
    endloop
  endfacet
  facet normal 0 -0.6343932841636442 -0.773010453362738
    outer loop
      vertex 244.5 32.86208152801713 61.20208152801713
      vertex 241.3 32.60446939613332 61.41349834091433
      vertex 241.3 32.86208152801713 61.20208152801713
    endloop
  endfacet
  facet normal 7.2339789742481685e-19 -0.9951847266721972 0.09801714032955904
    outer loop
      vertex 244.5 33.32733497668549 59.668346452572585
      vertex 244.5 33.36 60
      vertex 241.3 33.36 60
    endloop
  endfacet
  facet normal -7.2339789742481685e-19 -0.9951847266721972 -0.09801714032955904
    outer loop
      vertex 244.5 33.36 60
      vertex 244.5 33.32733497668549 60.331653547427415
      vertex 241.3 33.32733497668549 60.331653547427415
    endloop
  endfacet
  facet normal -1.0100800559172602e-18 -0.956940335732205 -0.2902846772544743
    outer loop
      vertex 244.5 33.32733497668549 60.331653547427415
      vertex 244.5 33.23059520526918 60.65056183502065
      vertex 241.3 33.23059520526918 60.65056183502065
    endloop
  endfacet
  facet normal -1.2451491487812276e-18 -0.8819212643483596 -0.47139673682598915
    outer loop
      vertex 244.5 33.23059520526918 60.65056183502065
      vertex 244.5 33.07349834091433 60.94446939613332
      vertex 241.3 33.07349834091433 60.94446939613332
    endloop
  endfacet
  facet normal 4.1895883553915933e-19 -0.773010453362738 -0.6343932841636442
    outer loop
      vertex 244.5 33.07349834091433 60.94446939613332
      vertex 244.5 32.86208152801713 61.20208152801713
      vertex 241.3 32.86208152801713 61.20208152801713
    endloop
  endfacet
  facet normal 0 -0.6343932841636442 0.773010453362738
    outer loop
      vertex 244.5 32.60446939613332 58.58650165908567
      vertex 241.3 32.86208152801713 58.79791847198287
      vertex 241.3 32.60446939613332 58.58650165908567
    endloop
  endfacet
  facet normal 0 -0.47139673682598915 0.8819212643483596
    outer loop
      vertex 244.5 32.31056183502065 58.429404794730814
      vertex 241.3 32.60446939613332 58.58650165908567
      vertex 241.3 32.31056183502065 58.429404794730814
    endloop
  endfacet
  facet normal 0 -0.29028467725445783 0.9569403357322103
    outer loop
      vertex 244.5 31.991653547427415 58.33266502331451
      vertex 241.3 32.31056183502065 58.429404794730814
      vertex 241.3 31.991653547427415 58.33266502331451
    endloop
  endfacet
  facet normal 0 -0.47139673682598915 0.8819212643483596
    outer loop
      vertex 244.5 32.60446939613332 58.58650165908567
      vertex 241.3 32.60446939613332 58.58650165908567
      vertex 244.5 32.31056183502065 58.429404794730814
    endloop
  endfacet
  facet normal 0 -0.29028467725445783 0.9569403357322103
    outer loop
      vertex 244.5 32.31056183502065 58.429404794730814
      vertex 241.3 32.31056183502065 58.429404794730814
      vertex 244.5 31.991653547427415 58.33266502331451
    endloop
  endfacet
  facet normal 0 -0.09801714032957912 0.9951847266721952
    outer loop
      vertex 244.5 31.659999999999997 58.3
      vertex 241.3 31.991653547427415 58.33266502331451
      vertex 241.3 31.659999999999997 58.3
    endloop
  endfacet
  facet normal 0 0.09801714032957912 0.9951847266721952
    outer loop
      vertex 244.5 31.32834645257258 58.33266502331451
      vertex 241.3 31.659999999999997 58.3
      vertex 241.3 31.32834645257258 58.33266502331451
    endloop
  endfacet
  facet normal 0 -0.09801714032957912 0.9951847266721952
    outer loop
      vertex 244.5 31.991653547427415 58.33266502331451
      vertex 241.3 31.991653547427415 58.33266502331451
      vertex 244.5 31.659999999999997 58.3
    endloop
  endfacet
  facet normal 0 0.09801714032957912 0.9951847266721952
    outer loop
      vertex 244.5 31.659999999999997 58.3
      vertex 241.3 31.659999999999997 58.3
      vertex 244.5 31.32834645257258 58.33266502331451
    endloop
  endfacet
  facet normal 0 -0.47139673682598915 -0.8819212643483596
    outer loop
      vertex 244.5 32.60446939613332 61.41349834091433
      vertex 241.3 32.31056183502065 61.570595205269186
      vertex 241.3 32.60446939613332 61.41349834091433
    endloop
  endfacet
  facet normal 0 -0.29028467725445783 -0.9569403357322103
    outer loop
      vertex 244.5 32.31056183502065 61.570595205269186
      vertex 241.3 31.991653547427415 61.66733497668549
      vertex 241.3 32.31056183502065 61.570595205269186
    endloop
  endfacet
  facet normal 4.1895883553915933e-19 -0.6343932841636442 -0.773010453362738
    outer loop
      vertex 244.5 32.86208152801713 61.20208152801713
      vertex 244.5 32.60446939613332 61.41349834091433
      vertex 241.3 32.60446939613332 61.41349834091433
    endloop
  endfacet
  facet normal -1.2451491487812276e-18 -0.47139673682598915 -0.8819212643483596
    outer loop
      vertex 244.5 32.60446939613332 61.41349834091433
      vertex 244.5 32.31056183502065 61.570595205269186
      vertex 241.3 32.31056183502065 61.570595205269186
    endloop
  endfacet
  facet normal 0 0.29028467725445783 0.9569403357322103
    outer loop
      vertex 244.5 31.009438164979343 58.429404794730814
      vertex 241.3 31.32834645257258 58.33266502331451
      vertex 241.3 31.009438164979343 58.429404794730814
    endloop
  endfacet
  facet normal 0 0.47139673682598915 0.8819212643483596
    outer loop
      vertex 244.5 30.715530603866675 58.58650165908567
      vertex 241.3 31.009438164979343 58.429404794730814
      vertex 241.3 30.715530603866675 58.58650165908567
    endloop
  endfacet
  facet normal 0 0.29028467725445783 0.9569403357322103
    outer loop
      vertex 244.5 31.32834645257258 58.33266502331451
      vertex 241.3 31.32834645257258 58.33266502331451
      vertex 244.5 31.009438164979343 58.429404794730814
    endloop
  endfacet
  facet normal 0 0.47139673682598915 0.8819212643483596
    outer loop
      vertex 244.5 31.009438164979343 58.429404794730814
      vertex 241.3 31.009438164979343 58.429404794730814
      vertex 244.5 30.715530603866675 58.58650165908567
    endloop
  endfacet
  facet normal 0 0.6343932841636442 0.773010453362738
    outer loop
      vertex 244.5 30.457918471982865 58.79791847198287
      vertex 241.3 30.715530603866675 58.58650165908567
      vertex 241.3 30.457918471982865 58.79791847198287
    endloop
  endfacet
  facet normal 0 0.7730104533627431 0.6343932841636378
    outer loop
      vertex 244.5 30.24650165908567 59.05553060386668
      vertex 241.3 30.457918471982865 58.79791847198287
      vertex 241.3 30.24650165908567 59.05553060386668
    endloop
  endfacet
  facet normal 0 0.8819212643483552 0.47139673682599736
    outer loop
      vertex 244.5 30.08940479473081 59.34943816497935
      vertex 241.3 30.24650165908567 59.05553060386668
      vertex 241.3 30.08940479473081 59.34943816497935
    endloop
  endfacet
  facet normal 0 0.956940335732208 0.29028467725446455
    outer loop
      vertex 244.5 29.992665023314505 59.668346452572585
      vertex 241.3 30.08940479473081 59.34943816497935
      vertex 241.3 29.992665023314505 59.668346452572585
    endloop
  endfacet
  facet normal 0 0.6343932841636442 0.773010453362738
    outer loop
      vertex 244.5 30.715530603866675 58.58650165908567
      vertex 241.3 30.715530603866675 58.58650165908567
      vertex 244.5 30.457918471982865 58.79791847198287
    endloop
  endfacet
  facet normal 0 0.7730104533627431 0.6343932841636378
    outer loop
      vertex 244.5 30.457918471982865 58.79791847198287
      vertex 241.3 30.457918471982865 58.79791847198287
      vertex 244.5 30.24650165908567 59.05553060386668
    endloop
  endfacet
  facet normal 0 0.8819212643483552 0.47139673682599736
    outer loop
      vertex 244.5 30.24650165908567 59.05553060386668
      vertex 241.3 30.24650165908567 59.05553060386668
      vertex 244.5 30.08940479473081 59.34943816497935
    endloop
  endfacet
  facet normal 0 0.956940335732208 0.29028467725446455
    outer loop
      vertex 244.5 30.08940479473081 59.34943816497935
      vertex 241.3 30.08940479473081 59.34943816497935
      vertex 244.5 29.992665023314505 59.668346452572585
    endloop
  endfacet
  facet normal 0 0.47139673682598915 -0.8819212643483596
    outer loop
      vertex 244.5 31.009438164979343 61.570595205269186
      vertex 241.3 30.715530603866675 61.41349834091433
      vertex 241.3 31.009438164979343 61.570595205269186
    endloop
  endfacet
  facet normal 4.059385006547761e-19 0.29028467725445783 -0.9569403357322103
    outer loop
      vertex 244.5 31.32834645257258 61.66733497668549
      vertex 244.5 31.009438164979343 61.570595205269186
      vertex 241.3 31.009438164979343 61.570595205269186
    endloop
  endfacet
  facet normal 1.2451491487812276e-18 0.47139673682598915 -0.8819212643483596
    outer loop
      vertex 244.5 31.009438164979343 61.570595205269186
      vertex 244.5 30.715530603866675 61.41349834091433
      vertex 241.3 30.715530603866675 61.41349834091433
    endloop
  endfacet
  facet normal 0 0.956940335732208 -0.29028467725446455
    outer loop
      vertex 244.5 30.08940479473081 60.65056183502065
      vertex 241.3 29.992665023314505 60.331653547427415
      vertex 241.3 30.08940479473081 60.65056183502065
    endloop
  endfacet
  facet normal 0 0.7730104533627431 -0.6343932841636378
    outer loop
      vertex 244.5 30.457918471982865 61.20208152801713
      vertex 241.3 30.24650165908567 60.94446939613332
      vertex 241.3 30.457918471982865 61.20208152801713
    endloop
  endfacet
  facet normal 0 0.6343932841636442 -0.773010453362738
    outer loop
      vertex 244.5 30.715530603866675 61.41349834091433
      vertex 241.3 30.457918471982865 61.20208152801713
      vertex 241.3 30.715530603866675 61.41349834091433
    endloop
  endfacet
  facet normal 0 0.8819212643483552 -0.47139673682599736
    outer loop
      vertex 244.5 30.24650165908567 60.94446939613332
      vertex 241.3 30.08940479473081 60.65056183502065
      vertex 241.3 30.24650165908567 60.94446939613332
    endloop
  endfacet
  facet normal 0 0.956940335732208 -0.29028467725446455
    outer loop
      vertex 244.5 29.992665023314505 60.331653547427415
      vertex 241.3 29.992665023314505 60.331653547427415
      vertex 244.5 30.08940479473081 60.65056183502065
    endloop
  endfacet
  facet normal -4.1895883553915933e-19 0.6343932841636442 -0.773010453362738
    outer loop
      vertex 244.5 30.715530603866675 61.41349834091433
      vertex 244.5 30.457918471982865 61.20208152801713
      vertex 241.3 30.457918471982865 61.20208152801713
    endloop
  endfacet
  facet normal 2.4855135480465274e-19 0.7730104533627431 -0.6343932841636378
    outer loop
      vertex 244.5 30.457918471982865 61.20208152801713
      vertex 244.5 30.24650165908567 60.94446939613332
      vertex 241.3 30.24650165908567 60.94446939613332
    endloop
  endfacet
  facet normal -2.1339556153761333e-18 0.8819212643483552 -0.47139673682599736
    outer loop
      vertex 244.5 30.24650165908567 60.94446939613332
      vertex 244.5 30.08940479473081 60.65056183502065
      vertex 241.3 30.08940479473081 60.65056183502065
    endloop
  endfacet
  facet normal -4.059385006547761e-19 -0.29028467725445783 -0.9569403357322103
    outer loop
      vertex 244.5 32.31056183502065 61.570595205269186
      vertex 244.5 31.991653547427415 61.66733497668549
      vertex 241.3 31.991653547427415 61.66733497668549
    endloop
  endfacet
  facet normal 0 -0.09801714032957912 -0.9951847266721952
    outer loop
      vertex 244.5 31.991653547427415 61.66733497668549
      vertex 241.3 31.659999999999997 61.7
      vertex 241.3 31.991653547427415 61.66733497668549
    endloop
  endfacet
  facet normal 0 0.09801714032957912 -0.9951847266721952
    outer loop
      vertex 244.5 31.659999999999997 61.7
      vertex 241.3 31.32834645257258 61.66733497668549
      vertex 241.3 31.659999999999997 61.7
    endloop
  endfacet
  facet normal 3.324765326394497e-19 -0.09801714032957912 -0.9951847266721952
    outer loop
      vertex 244.5 31.991653547427415 61.66733497668549
      vertex 244.5 31.659999999999997 61.7
      vertex 241.3 31.659999999999997 61.7
    endloop
  endfacet
  facet normal -3.324765326394497e-19 0.09801714032957912 -0.9951847266721952
    outer loop
      vertex 244.5 31.659999999999997 61.7
      vertex 244.5 31.32834645257258 61.66733497668549
      vertex 241.3 31.32834645257258 61.66733497668549
    endloop
  endfacet
  facet normal 0 0.29028467725445783 -0.9569403357322103
    outer loop
      vertex 244.5 31.32834645257258 61.66733497668549
      vertex 241.3 31.009438164979343 61.570595205269186
      vertex 241.3 31.32834645257258 61.66733497668549
    endloop
  endfacet
  facet normal 0 0.9951847266721972 0.09801714032955904
    outer loop
      vertex 244.5 29.992665023314505 59.668346452572585
      vertex 241.3 29.992665023314505 59.668346452572585
      vertex 244.5 29.959999999999997 60
    endloop
  endfacet
  facet normal 0 0.9951847266721972 0.09801714032955904
    outer loop
      vertex 244.5 29.959999999999997 60
      vertex 241.3 29.992665023314505 59.668346452572585
      vertex 241.3 29.959999999999997 60
    endloop
  endfacet
  facet normal 0 0.9951847266721972 -0.09801714032955904
    outer loop
      vertex 244.5 29.992665023314505 60.331653547427415
      vertex 241.3 29.959999999999997 60
      vertex 241.3 29.992665023314505 60.331653547427415
    endloop
  endfacet
  facet normal 0 0.9951847266721972 -0.09801714032955904
    outer loop
      vertex 244.5 29.959999999999997 60
      vertex 241.3 29.959999999999997 60
      vertex 244.5 29.992665023314505 60.331653547427415
    endloop
  endfacet
  facet normal 1 0 0
    outer loop
      vertex 244.5 33.30544826719043 57.15
      vertex 244.5 32.31056183502065 58.429404794730814
      vertex 244.5 31.991653547427415 58.33266502331451
    endloop
  endfacet
  facet normal 1 0 0
    outer loop
      vertex 244.5 33.30544826719043 57.15
      vertex 244.5 31.991653547427415 58.33266502331451
      vertex 244.5 31.659999999999997 58.3
    endloop
  endfacet
  facet normal 1 0 0
    outer loop
      vertex 244.5 33.30544826719043 57.15
      vertex 244.5 31.659999999999997 58.3
      vertex 244.5 31.32834645257258 58.33266502331451
    endloop
  endfacet
  facet normal 1 0 0
    outer loop
      vertex 244.5 33.30544826719043 57.15
      vertex 244.5 31.32834645257258 58.33266502331451
      vertex 244.5 30.014551732809565 57.15
    endloop
  endfacet
  facet normal 0 0 1
    outer loop
      vertex 244.5 33.30544826719043 57.15
      vertex 247.3 30.014551732809565 57.15
      vertex 247.3 33.30544826719043 57.15
    endloop
  endfacet
  facet normal 1 0 0
    outer loop
      vertex 244.5 31.32834645257258 58.33266502331451
      vertex 244.5 31.009438164979343 58.429404794730814
      vertex 244.5 30.014551732809565 57.15
    endloop
  endfacet
  facet normal 0 0 1
    outer loop
      vertex 244.5 33.30544826719043 57.15
      vertex 244.5 30.014551732809565 57.15
      vertex 247.3 30.014551732809565 57.15
    endloop
  endfacet
  facet normal 0 -0.866025403784439 0.49999999999999944
    outer loop
      vertex 244.5 34.95089653438086 60
      vertex 247.3 33.30544826719043 57.15
      vertex 247.3 34.95089653438086 60
    endloop
  endfacet
  facet normal 0 -0.866025403784439 -0.49999999999999944
    outer loop
      vertex 244.5 34.95089653438086 60
      vertex 247.3 34.95089653438086 60
      vertex 244.5 33.30544826719043 62.85
    endloop
  endfacet
  facet normal 1 0 0
    outer loop
      vertex 244.5 34.95089653438086 60
      vertex 244.5 33.23059520526918 59.34943816497935
      vertex 244.5 33.30544826719043 57.15
    endloop
  endfacet
  facet normal 1 0 0
    outer loop
      vertex 244.5 34.95089653438086 60
      vertex 244.5 33.32733497668549 59.668346452572585
      vertex 244.5 33.23059520526918 59.34943816497935
    endloop
  endfacet
  facet normal 1 0 0
    outer loop
      vertex 244.5 33.30544826719043 57.15
      vertex 244.5 33.23059520526918 59.34943816497935
      vertex 244.5 33.07349834091433 59.05553060386668
    endloop
  endfacet
  facet normal 1 0 0
    outer loop
      vertex 244.5 33.30544826719043 57.15
      vertex 244.5 32.86208152801713 58.79791847198287
      vertex 244.5 32.60446939613332 58.58650165908567
    endloop
  endfacet
  facet normal 1 0 0
    outer loop
      vertex 244.5 33.30544826719043 57.15
      vertex 244.5 33.07349834091433 59.05553060386668
      vertex 244.5 32.86208152801713 58.79791847198287
    endloop
  endfacet
  facet normal 1 0 0
    outer loop
      vertex 244.5 34.95089653438086 60
      vertex 244.5 33.36 60
      vertex 244.5 33.32733497668549 59.668346452572585
    endloop
  endfacet
  facet normal 1 0 0
    outer loop
      vertex 244.5 34.95089653438086 60
      vertex 244.5 33.32733497668549 60.331653547427415
      vertex 244.5 33.36 60
    endloop
  endfacet
  facet normal 1 0 0
    outer loop
      vertex 244.5 34.95089653438086 60
      vertex 244.5 33.23059520526918 60.65056183502065
      vertex 244.5 33.32733497668549 60.331653547427415
    endloop
  endfacet
  facet normal 1 0 0
    outer loop
      vertex 244.5 34.95089653438086 60
      vertex 244.5 33.07349834091433 60.94446939613332
      vertex 244.5 33.23059520526918 60.65056183502065
    endloop
  endfacet
  facet normal 1 0 0
    outer loop
      vertex 244.5 34.95089653438086 60
      vertex 244.5 32.86208152801713 61.20208152801713
      vertex 244.5 33.07349834091433 60.94446939613332
    endloop
  endfacet
  facet normal 1 0 0
    outer loop
      vertex 244.5 34.95089653438086 60
      vertex 244.5 32.60446939613332 61.41349834091433
      vertex 244.5 32.86208152801713 61.20208152801713
    endloop
  endfacet
  facet normal 1 0 0
    outer loop
      vertex 244.5 34.95089653438086 60
      vertex 244.5 33.30544826719043 62.85
      vertex 244.5 32.60446939613332 61.41349834091433
    endloop
  endfacet
  facet normal 3.153584345535923e-18 -0.866025403784439 0.49999999999999944
    outer loop
      vertex 244.5 34.95089653438086 60
      vertex 244.5 33.30544826719043 57.15
      vertex 247.3 33.30544826719043 57.15
    endloop
  endfacet
  facet normal 0 -0.866025403784439 -0.49999999999999944
    outer loop
      vertex 244.5 33.30544826719043 62.85
      vertex 247.3 34.95089653438086 60
      vertex 247.3 33.30544826719043 62.85
    endloop
  endfacet
  facet normal 1 0 0
    outer loop
      vertex 244.5 33.30544826719043 57.15
      vertex 244.5 32.60446939613332 58.58650165908567
      vertex 244.5 32.31056183502065 58.429404794730814
    endloop
  endfacet
  facet normal 1 0 0
    outer loop
      vertex 244.5 31.009438164979343 58.429404794730814
      vertex 244.5 30.715530603866675 58.58650165908567
      vertex 244.5 30.014551732809565 57.15
    endloop
  endfacet
  facet normal 1 0 0
    outer loop
      vertex 244.5 30.24650165908567 60.94446939613332
      vertex 244.5 30.014551732809565 62.85
      vertex 244.5 30.08940479473081 60.65056183502065
    endloop
  endfacet
  facet normal 1 0 0
    outer loop
      vertex 244.5 32.60446939613332 61.41349834091433
      vertex 244.5 33.30544826719043 62.85
      vertex 244.5 32.31056183502065 61.570595205269186
    endloop
  endfacet
  facet normal 1 0 0
    outer loop
      vertex 244.5 32.31056183502065 61.570595205269186
      vertex 244.5 33.30544826719043 62.85
      vertex 244.5 31.991653547427415 61.66733497668549
    endloop
  endfacet
  facet normal 1 0 0
    outer loop
      vertex 244.5 33.30544826719043 62.85
      vertex 244.5 30.014551732809565 62.85
      vertex 244.5 31.991653547427415 61.66733497668549
    endloop
  endfacet
  facet normal 0 0 -1
    outer loop
      vertex 244.5 33.30544826719043 62.85
      vertex 247.3 33.30544826719043 62.85
      vertex 244.5 30.014551732809565 62.85
    endloop
  endfacet
  facet normal 1 0 0
    outer loop
      vertex 244.5 31.991653547427415 61.66733497668549
      vertex 244.5 30.014551732809565 62.85
      vertex 244.5 31.659999999999997 61.7
    endloop
  endfacet
  facet normal 1 0 0
    outer loop
      vertex 244.5 31.659999999999997 61.7
      vertex 244.5 30.014551732809565 62.85
      vertex 244.5 31.32834645257258 61.66733497668549
    endloop
  endfacet
  facet normal 1 0 0
    outer loop
      vertex 244.5 31.32834645257258 61.66733497668549
      vertex 244.5 30.014551732809565 62.85
      vertex 244.5 31.009438164979343 61.570595205269186
    endloop
  endfacet
  facet normal 1 0 0
    outer loop
      vertex 244.5 31.009438164979343 61.570595205269186
      vertex 244.5 30.014551732809565 62.85
      vertex 244.5 30.715530603866675 61.41349834091433
    endloop
  endfacet
  facet normal 1 0 0
    outer loop
      vertex 244.5 30.715530603866675 61.41349834091433
      vertex 244.5 30.014551732809565 62.85
      vertex 244.5 30.457918471982865 61.20208152801713
    endloop
  endfacet
  facet normal 1 0 0
    outer loop
      vertex 244.5 30.457918471982865 61.20208152801713
      vertex 244.5 30.014551732809565 62.85
      vertex 244.5 30.24650165908567 60.94446939613332
    endloop
  endfacet
  facet normal 0 0 -1
    outer loop
      vertex 244.5 30.014551732809565 62.85
      vertex 247.3 33.30544826719043 62.85
      vertex 247.3 30.014551732809565 62.85
    endloop
  endfacet
  facet normal 1 0 0
    outer loop
      vertex 244.5 30.014551732809565 57.15
      vertex 244.5 30.715530603866675 58.58650165908567
      vertex 244.5 28.36910346561913 60
    endloop
  endfacet
  facet normal 1 0 0
    outer loop
      vertex 244.5 30.715530603866675 58.58650165908567
      vertex 244.5 30.457918471982865 58.79791847198287
      vertex 244.5 28.36910346561913 60
    endloop
  endfacet
  facet normal 1 0 0
    outer loop
      vertex 244.5 30.457918471982865 58.79791847198287
      vertex 244.5 30.24650165908567 59.05553060386668
      vertex 244.5 28.36910346561913 60
    endloop
  endfacet
  facet normal 1 0 0
    outer loop
      vertex 244.5 30.24650165908567 59.05553060386668
      vertex 244.5 30.08940479473081 59.34943816497935
      vertex 244.5 28.36910346561913 60
    endloop
  endfacet
  facet normal 1 0 0
    outer loop
      vertex 244.5 30.08940479473081 59.34943816497935
      vertex 244.5 29.992665023314505 59.668346452572585
      vertex 244.5 28.36910346561913 60
    endloop
  endfacet
  facet normal 1 0 0
    outer loop
      vertex 244.5 29.992665023314505 59.668346452572585
      vertex 244.5 29.959999999999997 60
      vertex 244.5 28.36910346561913 60
    endloop
  endfacet
  facet normal 1 0 0
    outer loop
      vertex 244.5 29.959999999999997 60
      vertex 244.5 29.992665023314505 60.331653547427415
      vertex 244.5 28.36910346561913 60
    endloop
  endfacet
  facet normal 1 0 0
    outer loop
      vertex 244.5 28.36910346561913 60
      vertex 244.5 29.992665023314505 60.331653547427415
      vertex 244.5 30.08940479473081 60.65056183502065
    endloop
  endfacet
  facet normal 1 0 0
    outer loop
      vertex 244.5 28.36910346561913 60
      vertex 244.5 30.08940479473081 60.65056183502065
      vertex 244.5 30.014551732809565 62.85
    endloop
  endfacet
  facet normal 0 0.8660254037844386 0.5000000000000002
    outer loop
      vertex 244.5 30.014551732809565 57.15
      vertex 247.3 28.36910346561913 60
      vertex 247.3 30.014551732809565 57.15
    endloop
  endfacet
  facet normal -4.1709227180294466e-17 0.8660254037844386 0.5000000000000002
    outer loop
      vertex 244.5 30.014551732809565 57.15
      vertex 244.5 28.36910346561913 60
      vertex 247.3 28.36910346561913 60
    endloop
  endfacet
  facet normal 0 0.8660254037844386 -0.5000000000000002
    outer loop
      vertex 244.5 28.36910346561913 60
      vertex 247.3 30.014551732809565 62.85
      vertex 247.3 28.36910346561913 60
    endloop
  endfacet
  facet normal 4.1709227180294466e-17 0.8660254037844386 -0.5000000000000002
    outer loop
      vertex 244.5 28.36910346561913 60
      vertex 244.5 30.014551732809565 62.85
      vertex 247.3 30.014551732809565 62.85
    endloop
  endfacet
  facet normal 0 -0.8819212643483644 0.47139673682598027
    outer loop
      vertex 244.5 33.07349834091433 103.05553060386667
      vertex 241.3 33.23059520526918 103.34943816497935
      vertex 241.3 33.07349834091433 103.05553060386667
    endloop
  endfacet
  facet normal 0 -0.7730104533627293 0.6343932841636546
    outer loop
      vertex 244.5 32.86208152801713 102.79791847198287
      vertex 241.3 33.07349834091433 103.05553060386667
      vertex 241.3 32.86208152801713 102.79791847198287
    endloop
  endfacet
  facet normal 3.809913656052713e-19 -0.8819212643483644 0.47139673682598027
    outer loop
      vertex 244.5 33.07349834091433 103.05553060386667
      vertex 244.5 33.23059520526918 103.34943816497935
      vertex 241.3 33.23059520526918 103.34943816497935
    endloop
  endfacet
  facet normal 0 -0.6343932841636442 0.773010453362738
    outer loop
      vertex 244.5 32.86208152801713 102.79791847198287
      vertex 241.3 32.86208152801713 102.79791847198287
      vertex 244.5 32.60446939613332 102.58650165908567
    endloop
  endfacet
  facet normal 0 -0.7730104533627293 0.6343932841636546
    outer loop
      vertex 244.5 33.07349834091433 103.05553060386667
      vertex 241.3 33.07349834091433 103.05553060386667
      vertex 244.5 32.86208152801713 102.79791847198287
    endloop
  endfacet
  facet normal 0 -0.9569403357322034 0.29028467725448026
    outer loop
      vertex 244.5 33.23059520526918 103.34943816497935
      vertex 241.3 33.32733497668549 103.66834645257258
      vertex 241.3 33.23059520526918 103.34943816497935
    endloop
  endfacet
  facet normal 0 -0.9951847266721973 0.09801714032955695
    outer loop
      vertex 244.5 33.32733497668549 103.66834645257258
      vertex 241.3 33.36 104
      vertex 241.3 33.32733497668549 103.66834645257258
    endloop
  endfacet
  facet normal 0 -0.9951847266721973 -0.09801714032955695
    outer loop
      vertex 244.5 33.36 104
      vertex 241.3 33.32733497668549 104.33165354742742
      vertex 241.3 33.36 104
    endloop
  endfacet
  facet normal 0 -0.9569403357322034 -0.29028467725448026
    outer loop
      vertex 244.5 33.32733497668549 104.33165354742742
      vertex 241.3 33.23059520526918 104.65056183502065
      vertex 241.3 33.32733497668549 104.33165354742742
    endloop
  endfacet
  facet normal 0 -0.8819212643483644 -0.47139673682598027
    outer loop
      vertex 244.5 33.23059520526918 104.65056183502065
      vertex 241.3 33.07349834091433 104.94446939613333
      vertex 241.3 33.23059520526918 104.65056183502065
    endloop
  endfacet
  facet normal 0 -0.7730104533627293 -0.6343932841636546
    outer loop
      vertex 244.5 33.07349834091433 104.94446939613333
      vertex 241.3 32.86208152801713 105.20208152801713
      vertex 241.3 33.07349834091433 104.94446939613333
    endloop
  endfacet
  facet normal 6.097506305045356e-19 -0.9569403357322034 0.29028467725448026
    outer loop
      vertex 244.5 33.23059520526918 103.34943816497935
      vertex 244.5 33.32733497668549 103.66834645257258
      vertex 241.3 33.32733497668549 103.66834645257258
    endloop
  endfacet
  facet normal 3.914523862214406e-19 -0.9951847266721973 0.09801714032955695
    outer loop
      vertex 244.5 33.32733497668549 103.66834645257258
      vertex 244.5 33.36 104
      vertex 241.3 33.36 104
    endloop
  endfacet
  facet normal -3.914523862214406e-19 -0.9951847266721973 -0.09801714032955695
    outer loop
      vertex 244.5 33.36 104
      vertex 244.5 33.32733497668549 104.33165354742742
      vertex 241.3 33.32733497668549 104.33165354742742
    endloop
  endfacet
  facet normal -6.097506305045356e-19 -0.9569403357322034 -0.29028467725448026
    outer loop
      vertex 244.5 33.32733497668549 104.33165354742742
      vertex 244.5 33.23059520526918 104.65056183502065
      vertex 241.3 33.23059520526918 104.65056183502065
    endloop
  endfacet
  facet normal -3.809913656052713e-19 -0.8819212643483644 -0.47139673682598027
    outer loop
      vertex 244.5 33.23059520526918 104.65056183502065
      vertex 244.5 33.07349834091433 104.94446939613333
      vertex 241.3 33.07349834091433 104.94446939613333
    endloop
  endfacet
  facet normal -2.8941349173675333e-18 -0.7730104533627293 -0.6343932841636546
    outer loop
      vertex 244.5 33.07349834091433 104.94446939613333
      vertex 244.5 32.86208152801713 105.20208152801713
      vertex 241.3 32.86208152801713 105.20208152801713
    endloop
  endfacet
  facet normal 0 -0.6343932841636442 -0.773010453362738
    outer loop
      vertex 244.5 32.86208152801713 105.20208152801713
      vertex 241.3 32.60446939613332 105.41349834091433
      vertex 241.3 32.86208152801713 105.20208152801713
    endloop
  endfacet
  facet normal 0 -0.2902846772544774 0.9569403357322045
    outer loop
      vertex 244.5 31.991653547427415 102.3326650233145
      vertex 241.3 32.31056183502065 102.42940479473081
      vertex 241.3 31.991653547427415 102.3326650233145
    endloop
  endfacet
  facet normal 0 -0.6343932841636442 0.773010453362738
    outer loop
      vertex 244.5 32.60446939613332 102.58650165908567
      vertex 241.3 32.86208152801713 102.79791847198287
      vertex 241.3 32.60446939613332 102.58650165908567
    endloop
  endfacet
  facet normal 0 -0.47139673682598915 0.8819212643483596
    outer loop
      vertex 244.5 32.31056183502065 102.42940479473081
      vertex 241.3 32.60446939613332 102.58650165908567
      vertex 241.3 32.31056183502065 102.42940479473081
    endloop
  endfacet
  facet normal 0 -0.2902846772544774 0.9569403357322045
    outer loop
      vertex 244.5 32.31056183502065 102.42940479473081
      vertex 241.3 32.31056183502065 102.42940479473081
      vertex 244.5 31.991653547427415 102.3326650233145
    endloop
  endfacet
  facet normal 0 -0.47139673682598915 0.8819212643483596
    outer loop
      vertex 244.5 32.60446939613332 102.58650165908567
      vertex 241.3 32.60446939613332 102.58650165908567
      vertex 244.5 32.31056183502065 102.42940479473081
    endloop
  endfacet
  facet normal 0 -0.098017140329558 0.9951847266721973
    outer loop
      vertex 244.5 31.659999999999997 102.3
      vertex 241.3 31.991653547427415 102.3326650233145
      vertex 241.3 31.659999999999997 102.3
    endloop
  endfacet
  facet normal 0 0.098017140329558 0.9951847266721973
    outer loop
      vertex 244.5 31.32834645257258 102.3326650233145
      vertex 241.3 31.659999999999997 102.3
      vertex 241.3 31.32834645257258 102.3326650233145
    endloop
  endfacet
  facet normal 0 -0.098017140329558 0.9951847266721973
    outer loop
      vertex 244.5 31.991653547427415 102.3326650233145
      vertex 241.3 31.991653547427415 102.3326650233145
      vertex 244.5 31.659999999999997 102.3
    endloop
  endfacet
  facet normal 0 0.098017140329558 0.9951847266721973
    outer loop
      vertex 244.5 31.659999999999997 102.3
      vertex 241.3 31.659999999999997 102.3
      vertex 244.5 31.32834645257258 102.3326650233145
    endloop
  endfacet
  facet normal 0 0.2902846772544774 0.9569403357322045
    outer loop
      vertex 244.5 31.009438164979343 102.42940479473081
      vertex 241.3 31.32834645257258 102.3326650233145
      vertex 241.3 31.009438164979343 102.42940479473081
    endloop
  endfacet
  facet normal 0 0.47139673682598915 0.8819212643483596
    outer loop
      vertex 244.5 30.715530603866675 102.58650165908567
      vertex 241.3 31.009438164979343 102.42940479473081
      vertex 241.3 30.715530603866675 102.58650165908567
    endloop
  endfacet
  facet normal 0 0.2902846772544774 0.9569403357322045
    outer loop
      vertex 244.5 31.32834645257258 102.3326650233145
      vertex 241.3 31.32834645257258 102.3326650233145
      vertex 244.5 31.009438164979343 102.42940479473081
    endloop
  endfacet
  facet normal 0 0.47139673682598915 0.8819212643483596
    outer loop
      vertex 244.5 31.009438164979343 102.42940479473081
      vertex 241.3 31.009438164979343 102.42940479473081
      vertex 244.5 30.715530603866675 102.58650165908567
    endloop
  endfacet
  facet normal 0 0.6343932841636442 0.773010453362738
    outer loop
      vertex 244.5 30.457918471982865 102.79791847198287
      vertex 241.3 30.715530603866675 102.58650165908567
      vertex 241.3 30.457918471982865 102.79791847198287
    endloop
  endfacet
  facet normal 0 0.7730104533627347 0.6343932841636484
    outer loop
      vertex 244.5 30.24650165908567 103.05553060386667
      vertex 241.3 30.457918471982865 102.79791847198287
      vertex 241.3 30.24650165908567 103.05553060386667
    endloop
  endfacet
  facet normal 0 0.8819212643483599 0.47139673682598854
    outer loop
      vertex 244.5 30.08940479473081 103.34943816497935
      vertex 241.3 30.24650165908567 103.05553060386667
      vertex 241.3 30.08940479473081 103.34943816497935
    endloop
  endfacet
  facet normal 0 0.6343932841636442 0.773010453362738
    outer loop
      vertex 244.5 30.715530603866675 102.58650165908567
      vertex 241.3 30.715530603866675 102.58650165908567
      vertex 244.5 30.457918471982865 102.79791847198287
    endloop
  endfacet
  facet normal 0 0.7730104533627347 0.6343932841636484
    outer loop
      vertex 244.5 30.457918471982865 102.79791847198287
      vertex 241.3 30.457918471982865 102.79791847198287
      vertex 244.5 30.24650165908567 103.05553060386667
    endloop
  endfacet
  facet normal 0 0.8819212643483599 0.47139673682598854
    outer loop
      vertex 244.5 30.24650165908567 103.05553060386667
      vertex 241.3 30.24650165908567 103.05553060386667
      vertex 244.5 30.08940479473081 103.34943816497935
    endloop
  endfacet
  facet normal 0 0.9569403357322064 0.2902846772544705
    outer loop
      vertex 244.5 29.992665023314505 103.66834645257258
      vertex 241.3 30.08940479473081 103.34943816497935
      vertex 241.3 29.992665023314505 103.66834645257258
    endloop
  endfacet
  facet normal 0 0.7730104533627347 -0.6343932841636484
    outer loop
      vertex 244.5 30.457918471982865 105.20208152801713
      vertex 241.3 30.24650165908567 104.94446939613333
      vertex 241.3 30.457918471982865 105.20208152801713
    endloop
  endfacet
  facet normal 0 0.9569403357322064 -0.2902846772544705
    outer loop
      vertex 244.5 30.08940479473081 104.65056183502065
      vertex 241.3 29.992665023314505 104.33165354742742
      vertex 241.3 30.08940479473081 104.65056183502065
    endloop
  endfacet
  facet normal 0 0.8819212643483599 -0.47139673682598854
    outer loop
      vertex 244.5 30.24650165908567 104.94446939613333
      vertex 241.3 30.08940479473081 104.65056183502065
      vertex 241.3 30.24650165908567 104.94446939613333
    endloop
  endfacet
  facet normal 0 0.9569403357322064 0.2902846772544705
    outer loop
      vertex 244.5 30.08940479473081 103.34943816497935
      vertex 241.3 30.08940479473081 103.34943816497935
      vertex 244.5 29.992665023314505 103.66834645257258
    endloop
  endfacet
  facet normal 0 0.9569403357322064 -0.2902846772544705
    outer loop
      vertex 244.5 29.992665023314505 104.33165354742742
      vertex 241.3 29.992665023314505 104.33165354742742
      vertex 244.5 30.08940479473081 104.65056183502065
    endloop
  endfacet
  facet normal 0 0.7730104533627347 -0.6343932841636484
    outer loop
      vertex 244.5 30.24650165908567 104.94446939613333
      vertex 241.3 30.24650165908567 104.94446939613333
      vertex 244.5 30.457918471982865 105.20208152801713
    endloop
  endfacet
  facet normal -2.998113398528351e-18 0.8819212643483599 -0.47139673682598854
    outer loop
      vertex 244.5 30.24650165908567 104.94446939613333
      vertex 244.5 30.08940479473081 104.65056183502065
      vertex 241.3 30.08940479473081 104.65056183502065
    endloop
  endfacet
  facet normal 0 -0.47139673682598915 -0.8819212643483596
    outer loop
      vertex 244.5 32.60446939613332 105.41349834091433
      vertex 241.3 32.31056183502065 105.57059520526919
      vertex 241.3 32.60446939613332 105.41349834091433
    endloop
  endfacet
  facet normal 0 -0.2902846772544774 -0.9569403357322045
    outer loop
      vertex 244.5 32.31056183502065 105.57059520526919
      vertex 241.3 31.991653547427415 105.6673349766855
      vertex 241.3 32.31056183502065 105.57059520526919
    endloop
  endfacet
  facet normal 4.1895883553915933e-19 -0.6343932841636442 -0.773010453362738
    outer loop
      vertex 244.5 32.86208152801713 105.20208152801713
      vertex 244.5 32.60446939613332 105.41349834091433
      vertex 241.3 32.60446939613332 105.41349834091433
    endloop
  endfacet
  facet normal -1.2451491487812276e-18 -0.47139673682598915 -0.8819212643483596
    outer loop
      vertex 244.5 32.60446939613332 105.41349834091433
      vertex 244.5 32.31056183502065 105.57059520526919
      vertex 241.3 32.31056183502065 105.57059520526919
    endloop
  endfacet
  facet normal -8.099153432109001e-19 -0.2902846772544774 -0.9569403357322045
    outer loop
      vertex 244.5 32.31056183502065 105.57059520526919
      vertex 244.5 31.991653547427415 105.6673349766855
      vertex 241.3 31.991653547427415 105.6673349766855
    endloop
  endfacet
  facet normal 0 -0.098017140329558 -0.9951847266721973
    outer loop
      vertex 244.5 31.991653547427415 105.6673349766855
      vertex 241.3 31.659999999999997 105.7
      vertex 241.3 31.991653547427415 105.6673349766855
    endloop
  endfacet
  facet normal 0 0.098017140329558 -0.9951847266721973
    outer loop
      vertex 244.5 31.659999999999997 105.7
      vertex 241.3 31.32834645257258 105.6673349766855
      vertex 241.3 31.659999999999997 105.7
    endloop
  endfacet
  facet normal -5.57425141823127e-19 -0.098017140329558 -0.9951847266721973
    outer loop
      vertex 244.5 31.991653547427415 105.6673349766855
      vertex 244.5 31.659999999999997 105.7
      vertex 241.3 31.659999999999997 105.7
    endloop
  endfacet
  facet normal 5.57425141823127e-19 0.098017140329558 -0.9951847266721973
    outer loop
      vertex 244.5 31.659999999999997 105.7
      vertex 244.5 31.32834645257258 105.6673349766855
      vertex 241.3 31.32834645257258 105.6673349766855
    endloop
  endfacet
  facet normal 0 0.2902846772544774 -0.9569403357322045
    outer loop
      vertex 244.5 31.32834645257258 105.6673349766855
      vertex 241.3 31.009438164979343 105.57059520526919
      vertex 241.3 31.32834645257258 105.6673349766855
    endloop
  endfacet
  facet normal 0 0.47139673682598915 -0.8819212643483596
    outer loop
      vertex 244.5 31.009438164979343 105.57059520526919
      vertex 241.3 30.715530603866675 105.41349834091433
      vertex 241.3 31.009438164979343 105.57059520526919
    endloop
  endfacet
  facet normal 8.099153432109001e-19 0.2902846772544774 -0.9569403357322045
    outer loop
      vertex 244.5 31.32834645257258 105.6673349766855
      vertex 244.5 31.009438164979343 105.57059520526919
      vertex 241.3 31.009438164979343 105.57059520526919
    endloop
  endfacet
  facet normal 1.2451491487812276e-18 0.47139673682598915 -0.8819212643483596
    outer loop
      vertex 244.5 31.009438164979343 105.57059520526919
      vertex 244.5 30.715530603866675 105.41349834091433
      vertex 241.3 30.715530603866675 105.41349834091433
    endloop
  endfacet
  facet normal 0 0.6343932841636442 -0.773010453362738
    outer loop
      vertex 244.5 30.715530603866675 105.41349834091433
      vertex 241.3 30.457918471982865 105.20208152801713
      vertex 241.3 30.715530603866675 105.41349834091433
    endloop
  endfacet
  facet normal -4.1895883553915933e-19 0.6343932841636442 -0.773010453362738
    outer loop
      vertex 244.5 30.715530603866675 105.41349834091433
      vertex 244.5 30.457918471982865 105.20208152801713
      vertex 241.3 30.457918471982865 105.20208152801713
    endloop
  endfacet
  facet normal 0 0.9951847266721973 0.09801714032955695
    outer loop
      vertex 244.5 29.959999999999997 104
      vertex 241.3 29.992665023314505 103.66834645257258
      vertex 241.3 29.959999999999997 104
    endloop
  endfacet
  facet normal 0 0.9951847266721973 -0.09801714032955695
    outer loop
      vertex 244.5 29.992665023314505 104.33165354742742
      vertex 241.3 29.959999999999997 104
      vertex 241.3 29.992665023314505 104.33165354742742
    endloop
  endfacet
  facet normal 0 0.9951847266721973 0.09801714032955695
    outer loop
      vertex 244.5 29.992665023314505 103.66834645257258
      vertex 241.3 29.992665023314505 103.66834645257258
      vertex 244.5 29.959999999999997 104
    endloop
  endfacet
  facet normal 0 0.9951847266721973 -0.09801714032955695
    outer loop
      vertex 244.5 29.959999999999997 104
      vertex 241.3 29.959999999999997 104
      vertex 244.5 29.992665023314505 104.33165354742742
    endloop
  endfacet
  facet normal 0 -0.8660254037844384 0.5000000000000003
    outer loop
      vertex 244.5 34.95089653438086 104
      vertex 247.3 33.30544826719043 101.15
      vertex 247.3 34.95089653438086 104
    endloop
  endfacet
  facet normal 0 -0.8660254037844384 -0.5000000000000003
    outer loop
      vertex 244.5 34.95089653438086 104
      vertex 247.3 34.95089653438086 104
      vertex 244.5 33.30544826719043 106.85
    endloop
  endfacet
  facet normal 1 0 0
    outer loop
      vertex 244.5 34.95089653438086 104
      vertex 244.5 33.23059520526918 103.34943816497935
      vertex 244.5 33.30544826719043 101.15
    endloop
  endfacet
  facet normal 1 0 0
    outer loop
      vertex 244.5 33.30544826719043 101.15
      vertex 244.5 32.86208152801713 102.79791847198287
      vertex 244.5 32.60446939613332 102.58650165908567
    endloop
  endfacet
  facet normal 1 0 0
    outer loop
      vertex 244.5 33.30544826719043 101.15
      vertex 244.5 33.07349834091433 103.05553060386667
      vertex 244.5 32.86208152801713 102.79791847198287
    endloop
  endfacet
  facet normal 1 0 0
    outer loop
      vertex 244.5 33.30544826719043 101.15
      vertex 244.5 33.23059520526918 103.34943816497935
      vertex 244.5 33.07349834091433 103.05553060386667
    endloop
  endfacet
  facet normal 1 0 0
    outer loop
      vertex 244.5 34.95089653438086 104
      vertex 244.5 33.32733497668549 103.66834645257258
      vertex 244.5 33.23059520526918 103.34943816497935
    endloop
  endfacet
  facet normal 1 0 0
    outer loop
      vertex 244.5 34.95089653438086 104
      vertex 244.5 33.36 104
      vertex 244.5 33.32733497668549 103.66834645257258
    endloop
  endfacet
  facet normal 1 0 0
    outer loop
      vertex 244.5 34.95089653438086 104
      vertex 244.5 33.32733497668549 104.33165354742742
      vertex 244.5 33.36 104
    endloop
  endfacet
  facet normal 1 0 0
    outer loop
      vertex 244.5 34.95089653438086 104
      vertex 244.5 33.23059520526918 104.65056183502065
      vertex 244.5 33.32733497668549 104.33165354742742
    endloop
  endfacet
  facet normal 1 0 0
    outer loop
      vertex 244.5 34.95089653438086 104
      vertex 244.5 33.07349834091433 104.94446939613333
      vertex 244.5 33.23059520526918 104.65056183502065
    endloop
  endfacet
  facet normal 1 0 0
    outer loop
      vertex 244.5 34.95089653438086 104
      vertex 244.5 32.86208152801713 105.20208152801713
      vertex 244.5 33.07349834091433 104.94446939613333
    endloop
  endfacet
  facet normal 1 0 0
    outer loop
      vertex 244.5 34.95089653438086 104
      vertex 244.5 32.60446939613332 105.41349834091433
      vertex 244.5 32.86208152801713 105.20208152801713
    endloop
  endfacet
  facet normal -1.2614337382143714e-17 -0.8660254037844384 0.5000000000000003
    outer loop
      vertex 244.5 34.95089653438086 104
      vertex 244.5 33.30544826719043 101.15
      vertex 247.3 33.30544826719043 101.15
    endloop
  endfacet
  facet normal 1 0 0
    outer loop
      vertex 244.5 34.95089653438086 104
      vertex 244.5 33.30544826719043 106.85
      vertex 244.5 32.60446939613332 105.41349834091433
    endloop
  endfacet
  facet normal 0 -0.8660254037844384 -0.5000000000000003
    outer loop
      vertex 244.5 33.30544826719043 106.85
      vertex 247.3 34.95089653438086 104
      vertex 247.3 33.30544826719043 106.85
    endloop
  endfacet
  facet normal 0 0 1
    outer loop
      vertex 244.5 33.30544826719043 101.15
      vertex 247.3 30.014551732809565 101.15
      vertex 247.3 33.30544826719043 101.15
    endloop
  endfacet
  facet normal 0 0 1
    outer loop
      vertex 244.5 33.30544826719043 101.15
      vertex 244.5 30.014551732809565 101.15
      vertex 247.3 30.014551732809565 101.15
    endloop
  endfacet
  facet normal 1 0 0
    outer loop
      vertex 244.5 33.30544826719043 101.15
      vertex 244.5 32.60446939613332 102.58650165908567
      vertex 244.5 32.31056183502065 102.42940479473081
    endloop
  endfacet
  facet normal 1 0 0
    outer loop
      vertex 244.5 33.30544826719043 101.15
      vertex 244.5 32.31056183502065 102.42940479473081
      vertex 244.5 31.991653547427415 102.3326650233145
    endloop
  endfacet
  facet normal 1 0 0
    outer loop
      vertex 244.5 33.30544826719043 101.15
      vertex 244.5 31.991653547427415 102.3326650233145
      vertex 244.5 31.659999999999997 102.3
    endloop
  endfacet
  facet normal 1 0 0
    outer loop
      vertex 244.5 33.30544826719043 101.15
      vertex 244.5 31.659999999999997 102.3
      vertex 244.5 31.32834645257258 102.3326650233145
    endloop
  endfacet
  facet normal 1 0 0
    outer loop
      vertex 244.5 33.30544826719043 101.15
      vertex 244.5 31.32834645257258 102.3326650233145
      vertex 244.5 30.014551732809565 101.15
    endloop
  endfacet
  facet normal 1 0 0
    outer loop
      vertex 244.5 31.32834645257258 102.3326650233145
      vertex 244.5 31.009438164979343 102.42940479473081
      vertex 244.5 30.014551732809565 101.15
    endloop
  endfacet
  facet normal 1 0 0
    outer loop
      vertex 244.5 31.009438164979343 102.42940479473081
      vertex 244.5 30.715530603866675 102.58650165908567
      vertex 244.5 30.014551732809565 101.15
    endloop
  endfacet
  facet normal 1 0 0
    outer loop
      vertex 244.5 33.30544826719043 106.85
      vertex 244.5 32.31056183502065 105.57059520526919
      vertex 244.5 32.60446939613332 105.41349834091433
    endloop
  endfacet
  facet normal 1 0 0
    outer loop
      vertex 244.5 33.30544826719043 106.85
      vertex 244.5 31.991653547427415 105.6673349766855
      vertex 244.5 32.31056183502065 105.57059520526919
    endloop
  endfacet
  facet normal 1 0 0
    outer loop
      vertex 244.5 33.30544826719043 106.85
      vertex 244.5 30.014551732809565 106.85
      vertex 244.5 31.991653547427415 105.6673349766855
    endloop
  endfacet
  facet normal 0 0 -1
    outer loop
      vertex 244.5 33.30544826719043 106.85
      vertex 247.3 33.30544826719043 106.85
      vertex 244.5 30.014551732809565 106.85
    endloop
  endfacet
  facet normal 1 0 0
    outer loop
      vertex 244.5 31.32834645257258 105.6673349766855
      vertex 244.5 30.014551732809565 106.85
      vertex 244.5 31.009438164979343 105.57059520526919
    endloop
  endfacet
  facet normal 1 0 0
    outer loop
      vertex 244.5 31.991653547427415 105.6673349766855
      vertex 244.5 30.014551732809565 106.85
      vertex 244.5 31.659999999999997 105.7
    endloop
  endfacet
  facet normal 1 0 0
    outer loop
      vertex 244.5 31.659999999999997 105.7
      vertex 244.5 30.014551732809565 106.85
      vertex 244.5 31.32834645257258 105.6673349766855
    endloop
  endfacet
  facet normal 1 0 0
    outer loop
      vertex 244.5 31.009438164979343 105.57059520526919
      vertex 244.5 30.014551732809565 106.85
      vertex 244.5 30.715530603866675 105.41349834091433
    endloop
  endfacet
  facet normal 1 0 0
    outer loop
      vertex 244.5 30.715530603866675 105.41349834091433
      vertex 244.5 30.014551732809565 106.85
      vertex 244.5 30.457918471982865 105.20208152801713
    endloop
  endfacet
  facet normal 1 0 0
    outer loop
      vertex 244.5 30.24650165908567 104.94446939613333
      vertex 244.5 30.014551732809565 106.85
      vertex 244.5 30.08940479473081 104.65056183502065
    endloop
  endfacet
  facet normal 1 0 0
    outer loop
      vertex 244.5 30.24650165908567 104.94446939613333
      vertex 244.5 30.457918471982865 105.20208152801713
      vertex 244.5 30.014551732809565 106.85
    endloop
  endfacet
  facet normal 0 0 -1
    outer loop
      vertex 244.5 30.014551732809565 106.85
      vertex 247.3 33.30544826719043 106.85
      vertex 247.3 30.014551732809565 106.85
    endloop
  endfacet
  facet normal 1 0 0
    outer loop
      vertex 244.5 30.014551732809565 101.15
      vertex 244.5 30.715530603866675 102.58650165908567
      vertex 244.5 28.36910346561913 104
    endloop
  endfacet
  facet normal 1 0 0
    outer loop
      vertex 244.5 30.715530603866675 102.58650165908567
      vertex 244.5 30.457918471982865 102.79791847198287
      vertex 244.5 28.36910346561913 104
    endloop
  endfacet
  facet normal 1 0 0
    outer loop
      vertex 244.5 30.457918471982865 102.79791847198287
      vertex 244.5 30.24650165908567 103.05553060386667
      vertex 244.5 28.36910346561913 104
    endloop
  endfacet
  facet normal 1 0 0
    outer loop
      vertex 244.5 30.24650165908567 103.05553060386667
      vertex 244.5 30.08940479473081 103.34943816497935
      vertex 244.5 28.36910346561913 104
    endloop
  endfacet
  facet normal 1 0 0
    outer loop
      vertex 244.5 30.08940479473081 103.34943816497935
      vertex 244.5 29.992665023314505 103.66834645257258
      vertex 244.5 28.36910346561913 104
    endloop
  endfacet
  facet normal 1 0 0
    outer loop
      vertex 244.5 29.992665023314505 103.66834645257258
      vertex 244.5 29.959999999999997 104
      vertex 244.5 28.36910346561913 104
    endloop
  endfacet
  facet normal 1 0 0
    outer loop
      vertex 244.5 29.959999999999997 104
      vertex 244.5 29.992665023314505 104.33165354742742
      vertex 244.5 28.36910346561913 104
    endloop
  endfacet
  facet normal 1 0 0
    outer loop
      vertex 244.5 29.992665023314505 104.33165354742742
      vertex 244.5 30.08940479473081 104.65056183502065
      vertex 244.5 28.36910346561913 104
    endloop
  endfacet
  facet normal 0 0.866025403784438 0.5000000000000011
    outer loop
      vertex 244.5 30.014551732809565 101.15
      vertex 247.3 28.36910346561913 104
      vertex 247.3 30.014551732809565 101.15
    endloop
  endfacet
  facet normal -2.594130545261217e-17 0.866025403784438 0.5000000000000011
    outer loop
      vertex 244.5 30.014551732809565 101.15
      vertex 244.5 28.36910346561913 104
      vertex 247.3 28.36910346561913 104
    endloop
  endfacet
  facet normal 0 0.866025403784438 -0.5000000000000011
    outer loop
      vertex 244.5 28.36910346561913 104
      vertex 247.3 30.014551732809565 106.85
      vertex 247.3 28.36910346561913 104
    endloop
  endfacet
  facet normal 1 0 0
    outer loop
      vertex 244.5 30.08940479473081 104.65056183502065
      vertex 244.5 30.014551732809565 106.85
      vertex 244.5 28.36910346561913 104
    endloop
  endfacet
  facet normal 0 0.866025403784438 -0.5000000000000011
    outer loop
      vertex 244.5 30.014551732809565 106.85
      vertex 247.3 30.014551732809565 106.85
      vertex 244.5 28.36910346561913 104
    endloop
  endfacet
  facet normal 0 -0.9914448613738109 0.13052619222004735
    outer loop
      vertex 246.3 25.625925826289066 29.74118095489748
      vertex 241.3 25.659999999999997 30
      vertex 241.3 25.625925826289066 29.74118095489748
    endloop
  endfacet
  facet normal 0 -0.7933533402912327 0.6087614290087238
    outer loop
      vertex 246.3 25.367106781186543 29.292893218813454
      vertex 241.3 25.526025403784434 29.5
      vertex 241.3 25.367106781186543 29.292893218813454
    endloop
  endfacet
  facet normal 0 -0.923879532511284 0.3826834323650964
    outer loop
      vertex 246.3 25.526025403784434 29.5
      vertex 241.3 25.625925826289066 29.74118095489748
      vertex 241.3 25.526025403784434 29.5
    endloop
  endfacet
  facet normal 0 -0.9914448613738109 -0.13052619222004735
    outer loop
      vertex 246.3 25.659999999999997 30
      vertex 241.3 25.625925826289066 30.25881904510252
      vertex 241.3 25.659999999999997 30
    endloop
  endfacet
  facet normal 0 -0.923879532511284 -0.3826834323650964
    outer loop
      vertex 246.3 25.625925826289066 30.25881904510252
      vertex 241.3 25.526025403784434 30.5
      vertex 241.3 25.625925826289066 30.25881904510252
    endloop
  endfacet
  facet normal 0 -0.7933533402912327 -0.6087614290087238
    outer loop
      vertex 246.3 25.526025403784434 30.5
      vertex 241.3 25.367106781186543 30.707106781186546
      vertex 241.3 25.526025403784434 30.5
    endloop
  endfacet
  facet normal 0 -0.6087614290087238 -0.7933533402912327
    outer loop
      vertex 246.3 25.367106781186543 30.707106781186546
      vertex 241.3 25.159999999999997 30.866025403784437
      vertex 241.3 25.367106781186543 30.707106781186546
    endloop
  endfacet
  facet normal 1.0678797507612338e-18 -0.923879532511284 0.3826834323650964
    outer loop
      vertex 246.3 25.526025403784434 29.5
      vertex 246.3 25.625925826289066 29.74118095489748
      vertex 241.3 25.625925826289066 29.74118095489748
    endloop
  endfacet
  facet normal 0 -0.7933533402912327 0.6087614290087238
    outer loop
      vertex 246.3 25.526025403784434 29.5
      vertex 241.3 25.526025403784434 29.5
      vertex 246.3 25.367106781186543 29.292893218813454
    endloop
  endfacet
  facet normal -1.235939957764063e-18 -0.6087614290087238 0.7933533402912327
    outer loop
      vertex 246.3 25.159999999999997 29.133974596215563
      vertex 246.3 25.367106781186543 29.292893218813454
      vertex 241.3 25.367106781186543 29.292893218813454
    endloop
  endfacet
  facet normal 0 -0.9914448613738109 0.13052619222004735
    outer loop
      vertex 246.3 25.659999999999997 30
      vertex 241.3 25.659999999999997 30
      vertex 246.3 25.625925826289066 29.74118095489748
    endloop
  endfacet
  facet normal -3.7483786512090347e-19 -0.9914448613738109 -0.13052619222004735
    outer loop
      vertex 246.3 25.659999999999997 30
      vertex 246.3 25.625925826289066 30.25881904510252
      vertex 241.3 25.625925826289066 30.25881904510252
    endloop
  endfacet
  facet normal -1.0678797507612338e-18 -0.923879532511284 -0.3826834323650964
    outer loop
      vertex 246.3 25.625925826289066 30.25881904510252
      vertex 246.3 25.526025403784434 30.5
      vertex 241.3 25.526025403784434 30.5
    endloop
  endfacet
  facet normal 1.235939957764063e-18 -0.7933533402912327 -0.6087614290087238
    outer loop
      vertex 246.3 25.526025403784434 30.5
      vertex 246.3 25.367106781186543 30.707106781186546
      vertex 241.3 25.367106781186543 30.707106781186546
    endloop
  endfacet
  facet normal 0 -0.6087614290087238 0.7933533402912327
    outer loop
      vertex 246.3 25.159999999999997 29.133974596215563
      vertex 241.3 25.367106781186543 29.292893218813454
      vertex 241.3 25.159999999999997 29.133974596215563
    endloop
  endfacet
  facet normal 0 -0.3826834323650964 0.923879532511284
    outer loop
      vertex 246.3 24.918819045102516 29.03407417371093
      vertex 241.3 25.159999999999997 29.133974596215563
      vertex 241.3 24.918819045102516 29.03407417371093
    endloop
  endfacet
  facet normal 0 -0.13052619222004735 0.9914448613738109
    outer loop
      vertex 246.3 24.659999999999997 29
      vertex 241.3 24.918819045102516 29.03407417371093
      vertex 241.3 24.659999999999997 29
    endloop
  endfacet
  facet normal 0 -0.3826834323650964 0.923879532511284
    outer loop
      vertex 246.3 25.159999999999997 29.133974596215563
      vertex 241.3 25.159999999999997 29.133974596215563
      vertex 246.3 24.918819045102516 29.03407417371093
    endloop
  endfacet
  facet normal 0 -0.13052619222004735 0.9914448613738109
    outer loop
      vertex 246.3 24.918819045102516 29.03407417371093
      vertex 241.3 24.918819045102516 29.03407417371093
      vertex 246.3 24.659999999999997 29
    endloop
  endfacet
  facet normal 0 0.13052619222004735 0.9914448613738109
    outer loop
      vertex 246.3 24.659999999999997 29
      vertex 241.3 24.659999999999997 29
      vertex 246.3 24.401180954897477 29.03407417371093
    endloop
  endfacet
  facet normal 0 -0.3826834323650964 -0.923879532511284
    outer loop
      vertex 246.3 25.159999999999997 30.866025403784437
      vertex 241.3 24.918819045102516 30.96592582628907
      vertex 241.3 25.159999999999997 30.866025403784437
    endloop
  endfacet
  facet normal 0 -0.13052619222004735 -0.9914448613738109
    outer loop
      vertex 246.3 24.918819045102516 30.96592582628907
      vertex 241.3 24.659999999999997 31
      vertex 241.3 24.918819045102516 30.96592582628907
    endloop
  endfacet
  facet normal 0 0.13052619222004735 -0.9914448613738109
    outer loop
      vertex 246.3 24.659999999999997 31
      vertex 241.3 24.401180954897477 30.96592582628907
      vertex 241.3 24.659999999999997 31
    endloop
  endfacet
  facet normal 1.235939957764063e-18 -0.6087614290087238 -0.7933533402912327
    outer loop
      vertex 246.3 25.367106781186543 30.707106781186546
      vertex 246.3 25.159999999999997 30.866025403784437
      vertex 241.3 25.159999999999997 30.866025403784437
    endloop
  endfacet
  facet normal -1.0678797507612338e-18 -0.3826834323650964 -0.923879532511284
    outer loop
      vertex 246.3 25.159999999999997 30.866025403784437
      vertex 246.3 24.918819045102516 30.96592582628907
      vertex 241.3 24.918819045102516 30.96592582628907
    endloop
  endfacet
  facet normal -3.7483786512090347e-19 -0.13052619222004735 -0.9914448613738109
    outer loop
      vertex 246.3 24.918819045102516 30.96592582628907
      vertex 246.3 24.659999999999997 31
      vertex 241.3 24.659999999999997 31
    endloop
  endfacet
  facet normal -1 0 0
    outer loop
      vertex 246.3 25.526025403784434 29.5
      vertex 246.3 25.367106781186543 29.292893218813454
      vertex 246.3 23.95289321881345 29.292893218813454
    endloop
  endfacet
  facet normal -1 0 0
    outer loop
      vertex 246.3 25.526025403784434 29.5
      vertex 246.3 23.79397459621556 29.5
      vertex 246.3 25.625925826289066 29.74118095489748
    endloop
  endfacet
  facet normal -1 0 0
    outer loop
      vertex 246.3 25.659999999999997 30
      vertex 246.3 25.625925826289066 29.74118095489748
      vertex 246.3 23.694074173710927 29.74118095489748
    endloop
  endfacet
  facet normal -1 0 0
    outer loop
      vertex 246.3 25.159999999999997 29.133974596215563
      vertex 246.3 24.918819045102516 29.03407417371093
      vertex 246.3 24.401180954897477 29.03407417371093
    endloop
  endfacet
  facet normal -1 0 0
    outer loop
      vertex 246.3 25.159999999999997 29.133974596215563
      vertex 246.3 24.159999999999997 29.133974596215563
      vertex 246.3 25.367106781186543 29.292893218813454
    endloop
  endfacet
  facet normal -1 0 0
    outer loop
      vertex 246.3 24.918819045102516 29.03407417371093
      vertex 246.3 24.659999999999997 29
      vertex 246.3 24.401180954897477 29.03407417371093
    endloop
  endfacet
  facet normal -1 0 0
    outer loop
      vertex 246.3 25.159999999999997 29.133974596215563
      vertex 246.3 24.401180954897477 29.03407417371093
      vertex 246.3 24.159999999999997 29.133974596215563
    endloop
  endfacet
  facet normal -1 0 0
    outer loop
      vertex 246.3 25.659999999999997 30
      vertex 246.3 23.659999999999997 30
      vertex 246.3 25.625925826289066 30.25881904510252
    endloop
  endfacet
  facet normal -1 0 0
    outer loop
      vertex 246.3 25.625925826289066 30.25881904510252
      vertex 246.3 23.694074173710927 30.25881904510252
      vertex 246.3 25.526025403784434 30.5
    endloop
  endfacet
  facet normal -1 0 0
    outer loop
      vertex 246.3 25.526025403784434 30.5
      vertex 246.3 23.79397459621556 30.5
      vertex 246.3 25.367106781186543 30.707106781186546
    endloop
  endfacet
  facet normal -1 0 0
    outer loop
      vertex 246.3 25.367106781186543 30.707106781186546
      vertex 246.3 23.95289321881345 30.707106781186546
      vertex 246.3 25.159999999999997 30.866025403784437
    endloop
  endfacet
  facet normal -1 0 0
    outer loop
      vertex 246.3 25.159999999999997 30.866025403784437
      vertex 246.3 24.159999999999997 30.866025403784437
      vertex 246.3 24.918819045102516 30.96592582628907
    endloop
  endfacet
  facet normal -1 0 0
    outer loop
      vertex 246.3 24.918819045102516 30.96592582628907
      vertex 246.3 24.401180954897477 30.96592582628907
      vertex 246.3 24.659999999999997 31
    endloop
  endfacet
  facet normal 0 0.13052619222004735 0.9914448613738109
    outer loop
      vertex 246.3 24.401180954897477 29.03407417371093
      vertex 241.3 24.659999999999997 29
      vertex 241.3 24.401180954897477 29.03407417371093
    endloop
  endfacet
  facet normal 0 0.3826834323650964 0.923879532511284
    outer loop
      vertex 246.3 24.159999999999997 29.133974596215563
      vertex 241.3 24.401180954897477 29.03407417371093
      vertex 241.3 24.159999999999997 29.133974596215563
    endloop
  endfacet
  facet normal 0 0.6087614290087238 0.7933533402912327
    outer loop
      vertex 246.3 23.95289321881345 29.292893218813454
      vertex 241.3 24.159999999999997 29.133974596215563
      vertex 241.3 23.95289321881345 29.292893218813454
    endloop
  endfacet
  facet normal 0 0.7933533402912327 -0.6087614290087238
    outer loop
      vertex 246.3 23.95289321881345 30.707106781186546
      vertex 241.3 23.79397459621556 30.5
      vertex 241.3 23.95289321881345 30.707106781186546
    endloop
  endfacet
  facet normal 0 0.3826834323650964 0.923879532511284
    outer loop
      vertex 246.3 24.401180954897477 29.03407417371093
      vertex 241.3 24.401180954897477 29.03407417371093
      vertex 246.3 24.159999999999997 29.133974596215563
    endloop
  endfacet
  facet normal 0 0.6087614290087238 0.7933533402912327
    outer loop
      vertex 246.3 24.159999999999997 29.133974596215563
      vertex 241.3 24.159999999999997 29.133974596215563
      vertex 246.3 23.95289321881345 29.292893218813454
    endloop
  endfacet
  facet normal 0 0.7933533402912327 0.6087614290087238
    outer loop
      vertex 246.3 23.95289321881345 29.292893218813454
      vertex 241.3 23.95289321881345 29.292893218813454
      vertex 246.3 23.79397459621556 29.5
    endloop
  endfacet
  facet normal 0 0.6087614290087238 -0.7933533402912327
    outer loop
      vertex 246.3 23.95289321881345 30.707106781186546
      vertex 241.3 23.95289321881345 30.707106781186546
      vertex 246.3 24.159999999999997 30.866025403784437
    endloop
  endfacet
  facet normal 0 0.7933533402912327 0.6087614290087238
    outer loop
      vertex 246.3 23.79397459621556 29.5
      vertex 241.3 23.95289321881345 29.292893218813454
      vertex 241.3 23.79397459621556 29.5
    endloop
  endfacet
  facet normal 0 0.923879532511284 0.3826834323650964
    outer loop
      vertex 246.3 23.694074173710927 29.74118095489748
      vertex 241.3 23.79397459621556 29.5
      vertex 241.3 23.694074173710927 29.74118095489748
    endloop
  endfacet
  facet normal 0 0.9914448613738109 0.13052619222004735
    outer loop
      vertex 246.3 23.659999999999997 30
      vertex 241.3 23.694074173710927 29.74118095489748
      vertex 241.3 23.659999999999997 30
    endloop
  endfacet
  facet normal 0 0.9914448613738109 -0.13052619222004735
    outer loop
      vertex 246.3 23.694074173710927 30.25881904510252
      vertex 241.3 23.659999999999997 30
      vertex 241.3 23.694074173710927 30.25881904510252
    endloop
  endfacet
  facet normal 0 0.923879532511284 -0.3826834323650964
    outer loop
      vertex 246.3 23.79397459621556 30.5
      vertex 241.3 23.694074173710927 30.25881904510252
      vertex 241.3 23.79397459621556 30.5
    endloop
  endfacet
  facet normal 0 0.923879532511284 0.3826834323650964
    outer loop
      vertex 246.3 23.79397459621556 29.5
      vertex 241.3 23.79397459621556 29.5
      vertex 246.3 23.694074173710927 29.74118095489748
    endloop
  endfacet
  facet normal 0 0.9914448613738109 0.13052619222004735
    outer loop
      vertex 246.3 23.694074173710927 29.74118095489748
      vertex 241.3 23.694074173710927 29.74118095489748
      vertex 246.3 23.659999999999997 30
    endloop
  endfacet
  facet normal 1.0678797507612338e-18 0.923879532511284 -0.3826834323650964
    outer loop
      vertex 246.3 23.79397459621556 30.5
      vertex 246.3 23.694074173710927 30.25881904510252
      vertex 241.3 23.694074173710927 30.25881904510252
    endloop
  endfacet
  facet normal 0 0.9914448613738109 -0.13052619222004735
    outer loop
      vertex 246.3 23.659999999999997 30
      vertex 241.3 23.659999999999997 30
      vertex 246.3 23.694074173710927 30.25881904510252
    endloop
  endfacet
  facet normal -1.235939957764063e-18 0.7933533402912327 -0.6087614290087238
    outer loop
      vertex 246.3 23.95289321881345 30.707106781186546
      vertex 246.3 23.79397459621556 30.5
      vertex 241.3 23.79397459621556 30.5
    endloop
  endfacet
  facet normal 0 0.3826834323650964 -0.923879532511284
    outer loop
      vertex 246.3 24.401180954897477 30.96592582628907
      vertex 241.3 24.159999999999997 30.866025403784437
      vertex 241.3 24.401180954897477 30.96592582628907
    endloop
  endfacet
  facet normal 0 0.6087614290087238 -0.7933533402912327
    outer loop
      vertex 246.3 24.159999999999997 30.866025403784437
      vertex 241.3 23.95289321881345 30.707106781186546
      vertex 241.3 24.159999999999997 30.866025403784437
    endloop
  endfacet
  facet normal 3.7483786512090347e-19 0.13052619222004735 -0.9914448613738109
    outer loop
      vertex 246.3 24.659999999999997 31
      vertex 246.3 24.401180954897477 30.96592582628907
      vertex 241.3 24.401180954897477 30.96592582628907
    endloop
  endfacet
  facet normal 1.0678797507612338e-18 0.3826834323650964 -0.923879532511284
    outer loop
      vertex 246.3 24.401180954897477 30.96592582628907
      vertex 246.3 24.159999999999997 30.866025403784437
      vertex 241.3 24.159999999999997 30.866025403784437
    endloop
  endfacet
  facet normal -1 0 0
    outer loop
      vertex 246.3 25.367106781186543 29.292893218813454
      vertex 246.3 24.159999999999997 29.133974596215563
      vertex 246.3 23.95289321881345 29.292893218813454
    endloop
  endfacet
  facet normal -1 0 0
    outer loop
      vertex 246.3 25.526025403784434 29.5
      vertex 246.3 23.95289321881345 29.292893218813454
      vertex 246.3 23.79397459621556 29.5
    endloop
  endfacet
  facet normal -1 0 0
    outer loop
      vertex 246.3 25.625925826289066 29.74118095489748
      vertex 246.3 23.79397459621556 29.5
      vertex 246.3 23.694074173710927 29.74118095489748
    endloop
  endfacet
  facet normal -1 0 0
    outer loop
      vertex 246.3 25.659999999999997 30
      vertex 246.3 23.694074173710927 29.74118095489748
      vertex 246.3 23.659999999999997 30
    endloop
  endfacet
  facet normal -1 0 0
    outer loop
      vertex 246.3 25.625925826289066 30.25881904510252
      vertex 246.3 23.659999999999997 30
      vertex 246.3 23.694074173710927 30.25881904510252
    endloop
  endfacet
  facet normal -1 0 0
    outer loop
      vertex 246.3 25.526025403784434 30.5
      vertex 246.3 23.694074173710927 30.25881904510252
      vertex 246.3 23.79397459621556 30.5
    endloop
  endfacet
  facet normal -1 0 0
    outer loop
      vertex 246.3 25.367106781186543 30.707106781186546
      vertex 246.3 23.79397459621556 30.5
      vertex 246.3 23.95289321881345 30.707106781186546
    endloop
  endfacet
  facet normal -1 0 0
    outer loop
      vertex 246.3 24.918819045102516 30.96592582628907
      vertex 246.3 24.159999999999997 30.866025403784437
      vertex 246.3 24.401180954897477 30.96592582628907
    endloop
  endfacet
  facet normal -1 0 0
    outer loop
      vertex 246.3 25.159999999999997 30.866025403784437
      vertex 246.3 23.95289321881345 30.707106781186546
      vertex 246.3 24.159999999999997 30.866025403784437
    endloop
  endfacet
  facet normal 0 -0.7933533402912428 0.6087614290087107
    outer loop
      vertex 246.3 25.367106781186543 89.29289321881345
      vertex 241.3 25.526025403784434 89.5
      vertex 241.3 25.367106781186543 89.29289321881345
    endloop
  endfacet
  facet normal 0 -0.92387953251128 0.382683432365106
    outer loop
      vertex 246.3 25.526025403784434 89.5
      vertex 241.3 25.625925826289066 89.74118095489747
      vertex 241.3 25.526025403784434 89.5
    endloop
  endfacet
  facet normal 0 -0.9914448613738115 0.13052619222004383
    outer loop
      vertex 246.3 25.625925826289066 89.74118095489747
      vertex 241.3 25.659999999999997 90
      vertex 241.3 25.625925826289066 89.74118095489747
    endloop
  endfacet
  facet normal 0 -0.9914448613738115 -0.13052619222004383
    outer loop
      vertex 246.3 25.659999999999997 90
      vertex 241.3 25.625925826289066 90.25881904510253
      vertex 241.3 25.659999999999997 90
    endloop
  endfacet
  facet normal 0 -0.92387953251128 -0.382683432365106
    outer loop
      vertex 246.3 25.625925826289066 90.25881904510253
      vertex 241.3 25.526025403784434 90.5
      vertex 241.3 25.625925826289066 90.25881904510253
    endloop
  endfacet
  facet normal 0 -0.7933533402912428 -0.6087614290087107
    outer loop
      vertex 246.3 25.526025403784434 90.5
      vertex 241.3 25.367106781186543 90.70710678118655
      vertex 241.3 25.526025403784434 90.5
    endloop
  endfacet
  facet normal -5.164895368125772e-19 -0.92387953251128 0.382683432365106
    outer loop
      vertex 246.3 25.526025403784434 89.5
      vertex 246.3 25.625925826289066 89.74118095489747
      vertex 241.3 25.625925826289066 89.74118095489747
    endloop
  endfacet
  facet normal 0 -0.6087614290086981 0.7933533402912525
    outer loop
      vertex 246.3 25.367106781186543 89.29289321881345
      vertex 241.3 25.367106781186543 89.29289321881345
      vertex 246.3 25.159999999999997 89.13397459621557
    endloop
  endfacet
  facet normal -2.657093571457812e-18 -0.7933533402912428 0.6087614290087107
    outer loop
      vertex 246.3 25.367106781186543 89.29289321881345
      vertex 246.3 25.526025403784434 89.5
      vertex 241.3 25.526025403784434 89.5
    endloop
  endfacet
  facet normal 0 -0.9914448613738115 0.13052619222004383
    outer loop
      vertex 246.3 25.659999999999997 90
      vertex 241.3 25.659999999999997 90
      vertex 246.3 25.625925826289066 89.74118095489747
    endloop
  endfacet
  facet normal 1.995453683950649e-19 -0.9914448613738115 -0.13052619222004383
    outer loop
      vertex 246.3 25.659999999999997 90
      vertex 246.3 25.625925826289066 90.25881904510253
      vertex 241.3 25.625925826289066 90.25881904510253
    endloop
  endfacet
  facet normal 5.164895368125772e-19 -0.92387953251128 -0.382683432365106
    outer loop
      vertex 246.3 25.625925826289066 90.25881904510253
      vertex 246.3 25.526025403784434 90.5
      vertex 241.3 25.526025403784434 90.5
    endloop
  endfacet
  facet normal 0 -0.6087614290086981 0.7933533402912525
    outer loop
      vertex 246.3 25.159999999999997 89.13397459621557
      vertex 241.3 25.367106781186543 89.29289321881345
      vertex 241.3 25.159999999999997 89.13397459621557
    endloop
  endfacet
  facet normal 0 -0.3826834323650964 0.923879532511284
    outer loop
      vertex 246.3 24.918819045102516 89.03407417371093
      vertex 241.3 25.159999999999997 89.13397459621557
      vertex 241.3 24.918819045102516 89.03407417371093
    endloop
  endfacet
  facet normal 0 -0.1305261922200607 0.991444861373809
    outer loop
      vertex 246.3 24.659999999999997 89
      vertex 241.3 24.918819045102516 89.03407417371093
      vertex 241.3 24.659999999999997 89
    endloop
  endfacet
  facet normal 0 -0.3826834323650964 0.923879532511284
    outer loop
      vertex 246.3 25.159999999999997 89.13397459621557
      vertex 241.3 25.159999999999997 89.13397459621557
      vertex 246.3 24.918819045102516 89.03407417371093
    endloop
  endfacet
  facet normal 0 -0.1305261922200607 0.991444861373809
    outer loop
      vertex 246.3 24.918819045102516 89.03407417371093
      vertex 241.3 24.918819045102516 89.03407417371093
      vertex 246.3 24.659999999999997 89
    endloop
  endfacet
  facet normal 0 0.1305261922200607 0.991444861373809
    outer loop
      vertex 246.3 24.659999999999997 89
      vertex 241.3 24.659999999999997 89
      vertex 246.3 24.401180954897477 89.03407417371093
    endloop
  endfacet
  facet normal -1 0 0
    outer loop
      vertex 246.3 25.367106781186543 89.29289321881345
      vertex 246.3 23.95289321881345 89.29289321881345
      vertex 246.3 25.526025403784434 89.5
    endloop
  endfacet
  facet normal -1 0 0
    outer loop
      vertex 246.3 25.526025403784434 89.5
      vertex 246.3 23.79397459621556 89.5
      vertex 246.3 25.625925826289066 89.74118095489747
    endloop
  endfacet
  facet normal -1 0 0
    outer loop
      vertex 246.3 25.159999999999997 89.13397459621557
      vertex 246.3 24.918819045102516 89.03407417371093
      vertex 246.3 24.401180954897477 89.03407417371093
    endloop
  endfacet
  facet normal -1 0 0
    outer loop
      vertex 246.3 25.367106781186543 89.29289321881345
      vertex 246.3 25.159999999999997 89.13397459621557
      vertex 246.3 24.159999999999997 89.13397459621557
    endloop
  endfacet
  facet normal -1 0 0
    outer loop
      vertex 246.3 24.918819045102516 89.03407417371093
      vertex 246.3 24.659999999999997 89
      vertex 246.3 24.401180954897477 89.03407417371093
    endloop
  endfacet
  facet normal -1 0 0
    outer loop
      vertex 246.3 25.159999999999997 89.13397459621557
      vertex 246.3 24.401180954897477 89.03407417371093
      vertex 246.3 24.159999999999997 89.13397459621557
    endloop
  endfacet
  facet normal -1 0 0
    outer loop
      vertex 246.3 25.659999999999997 90
      vertex 246.3 25.625925826289066 89.74118095489747
      vertex 246.3 23.694074173710927 89.74118095489747
    endloop
  endfacet
  facet normal -1 0 0
    outer loop
      vertex 246.3 25.659999999999997 90
      vertex 246.3 23.659999999999997 90
      vertex 246.3 25.625925826289066 90.25881904510253
    endloop
  endfacet
  facet normal -1 0 0
    outer loop
      vertex 246.3 25.625925826289066 90.25881904510253
      vertex 246.3 23.694074173710927 90.25881904510253
      vertex 246.3 25.526025403784434 90.5
    endloop
  endfacet
  facet normal -1 0 0
    outer loop
      vertex 246.3 25.526025403784434 90.5
      vertex 246.3 23.79397459621556 90.5
      vertex 246.3 25.367106781186543 90.70710678118655
    endloop
  endfacet
  facet normal 0 -0.6087614290086981 -0.7933533402912525
    outer loop
      vertex 246.3 25.367106781186543 90.70710678118655
      vertex 241.3 25.159999999999997 90.86602540378443
      vertex 241.3 25.367106781186543 90.70710678118655
    endloop
  endfacet
  facet normal 2.657093571457812e-18 -0.7933533402912428 -0.6087614290087107
    outer loop
      vertex 246.3 25.526025403784434 90.5
      vertex 246.3 25.367106781186543 90.70710678118655
      vertex 241.3 25.367106781186543 90.70710678118655
    endloop
  endfacet
  facet normal 0 -0.3826834323650964 -0.923879532511284
    outer loop
      vertex 246.3 25.159999999999997 90.86602540378443
      vertex 241.3 24.918819045102516 90.96592582628907
      vertex 241.3 25.159999999999997 90.86602540378443
    endloop
  endfacet
  facet normal 0 -0.1305261922200607 -0.991444861373809
    outer loop
      vertex 246.3 24.918819045102516 90.96592582628907
      vertex 241.3 24.659999999999997 91
      vertex 241.3 24.918819045102516 90.96592582628907
    endloop
  endfacet
  facet normal 0 0.1305261922200607 -0.991444861373809
    outer loop
      vertex 246.3 24.659999999999997 91
      vertex 241.3 24.401180954897477 90.96592582628907
      vertex 241.3 24.659999999999997 91
    endloop
  endfacet
  facet normal 1.8526912972180566e-18 -0.6087614290086981 -0.7933533402912525
    outer loop
      vertex 246.3 25.367106781186543 90.70710678118655
      vertex 246.3 25.159999999999997 90.86602540378443
      vertex 241.3 25.159999999999997 90.86602540378443
    endloop
  endfacet
  facet normal -1.0678797507612338e-18 -0.3826834323650964 -0.923879532511284
    outer loop
      vertex 246.3 25.159999999999997 90.86602540378443
      vertex 246.3 24.918819045102516 90.96592582628907
      vertex 241.3 24.918819045102516 90.96592582628907
    endloop
  endfacet
  facet normal -4.564457020512369e-19 -0.1305261922200607 -0.991444861373809
    outer loop
      vertex 246.3 24.918819045102516 90.96592582628907
      vertex 246.3 24.659999999999997 91
      vertex 241.3 24.659999999999997 91
    endloop
  endfacet
  facet normal -1 0 0
    outer loop
      vertex 246.3 25.367106781186543 90.70710678118655
      vertex 246.3 23.95289321881345 90.70710678118655
      vertex 246.3 25.159999999999997 90.86602540378443
    endloop
  endfacet
  facet normal -1 0 0
    outer loop
      vertex 246.3 25.159999999999997 90.86602540378443
      vertex 246.3 24.159999999999997 90.86602540378443
      vertex 246.3 24.918819045102516 90.96592582628907
    endloop
  endfacet
  facet normal -1 0 0
    outer loop
      vertex 246.3 24.918819045102516 90.96592582628907
      vertex 246.3 24.401180954897477 90.96592582628907
      vertex 246.3 24.659999999999997 91
    endloop
  endfacet
  facet normal 0 0.1305261922200607 0.991444861373809
    outer loop
      vertex 246.3 24.401180954897477 89.03407417371093
      vertex 241.3 24.659999999999997 89
      vertex 241.3 24.401180954897477 89.03407417371093
    endloop
  endfacet
  facet normal 0 0.3826834323650964 0.923879532511284
    outer loop
      vertex 246.3 24.159999999999997 89.13397459621557
      vertex 241.3 24.401180954897477 89.03407417371093
      vertex 241.3 24.159999999999997 89.13397459621557
    endloop
  endfacet
  facet normal 0 0.6087614290086981 0.7933533402912525
    outer loop
      vertex 246.3 23.95289321881345 89.29289321881345
      vertex 241.3 24.159999999999997 89.13397459621557
      vertex 241.3 23.95289321881345 89.29289321881345
    endloop
  endfacet
  facet normal 0 0.3826834323650964 0.923879532511284
    outer loop
      vertex 246.3 24.401180954897477 89.03407417371093
      vertex 241.3 24.401180954897477 89.03407417371093
      vertex 246.3 24.159999999999997 89.13397459621557
    endloop
  endfacet
  facet normal 0 0.6087614290086981 0.7933533402912525
    outer loop
      vertex 246.3 24.159999999999997 89.13397459621557
      vertex 241.3 24.159999999999997 89.13397459621557
      vertex 246.3 23.95289321881345 89.29289321881345
    endloop
  endfacet
  facet normal 0 0.7933533402912428 0.6087614290087107
    outer loop
      vertex 246.3 23.95289321881345 89.29289321881345
      vertex 241.3 23.95289321881345 89.29289321881345
      vertex 246.3 23.79397459621556 89.5
    endloop
  endfacet
  facet normal 0 0.7933533402912428 0.6087614290087107
    outer loop
      vertex 246.3 23.79397459621556 89.5
      vertex 241.3 23.95289321881345 89.29289321881345
      vertex 241.3 23.79397459621556 89.5
    endloop
  endfacet
  facet normal 0 0.92387953251128 0.382683432365106
    outer loop
      vertex 246.3 23.694074173710927 89.74118095489747
      vertex 241.3 23.79397459621556 89.5
      vertex 241.3 23.694074173710927 89.74118095489747
    endloop
  endfacet
  facet normal 0 0.9914448613738115 0.13052619222004383
    outer loop
      vertex 246.3 23.659999999999997 90
      vertex 241.3 23.694074173710927 89.74118095489747
      vertex 241.3 23.659999999999997 90
    endloop
  endfacet
  facet normal 0 0.92387953251128 -0.382683432365106
    outer loop
      vertex 246.3 23.79397459621556 90.5
      vertex 241.3 23.694074173710927 90.25881904510253
      vertex 241.3 23.79397459621556 90.5
    endloop
  endfacet
  facet normal 0 0.9914448613738115 -0.13052619222004383
    outer loop
      vertex 246.3 23.694074173710927 90.25881904510253
      vertex 241.3 23.659999999999997 90
      vertex 241.3 23.694074173710927 90.25881904510253
    endloop
  endfacet
  facet normal 0 0.92387953251128 0.382683432365106
    outer loop
      vertex 246.3 23.79397459621556 89.5
      vertex 241.3 23.79397459621556 89.5
      vertex 246.3 23.694074173710927 89.74118095489747
    endloop
  endfacet
  facet normal 0 0.9914448613738115 0.13052619222004383
    outer loop
      vertex 246.3 23.694074173710927 89.74118095489747
      vertex 241.3 23.694074173710927 89.74118095489747
      vertex 246.3 23.659999999999997 90
    endloop
  endfacet
  facet normal 0 0.9914448613738115 -0.13052619222004383
    outer loop
      vertex 246.3 23.659999999999997 90
      vertex 241.3 23.659999999999997 90
      vertex 246.3 23.694074173710927 90.25881904510253
    endloop
  endfacet
  facet normal -5.164895368125772e-19 0.92387953251128 -0.382683432365106
    outer loop
      vertex 246.3 23.79397459621556 90.5
      vertex 246.3 23.694074173710927 90.25881904510253
      vertex 241.3 23.694074173710927 90.25881904510253
    endloop
  endfacet
  facet normal 0 0.7933533402912428 -0.6087614290087107
    outer loop
      vertex 246.3 23.79397459621556 90.5
      vertex 241.3 23.79397459621556 90.5
      vertex 246.3 23.95289321881345 90.70710678118655
    endloop
  endfacet
  facet normal -1 0 0
    outer loop
      vertex 246.3 25.367106781186543 89.29289321881345
      vertex 246.3 24.159999999999997 89.13397459621557
      vertex 246.3 23.95289321881345 89.29289321881345
    endloop
  endfacet
  facet normal -1 0 0
    outer loop
      vertex 246.3 25.526025403784434 89.5
      vertex 246.3 23.95289321881345 89.29289321881345
      vertex 246.3 23.79397459621556 89.5
    endloop
  endfacet
  facet normal -1 0 0
    outer loop
      vertex 246.3 25.625925826289066 89.74118095489747
      vertex 246.3 23.79397459621556 89.5
      vertex 246.3 23.694074173710927 89.74118095489747
    endloop
  endfacet
  facet normal -1 0 0
    outer loop
      vertex 246.3 25.659999999999997 90
      vertex 246.3 23.694074173710927 89.74118095489747
      vertex 246.3 23.659999999999997 90
    endloop
  endfacet
  facet normal -1 0 0
    outer loop
      vertex 246.3 23.659999999999997 90
      vertex 246.3 23.694074173710927 90.25881904510253
      vertex 246.3 25.625925826289066 90.25881904510253
    endloop
  endfacet
  facet normal -1 0 0
    outer loop
      vertex 246.3 25.526025403784434 90.5
      vertex 246.3 23.694074173710927 90.25881904510253
      vertex 246.3 23.79397459621556 90.5
    endloop
  endfacet
  facet normal 0 0.3826834323650964 -0.923879532511284
    outer loop
      vertex 246.3 24.401180954897477 90.96592582628907
      vertex 241.3 24.159999999999997 90.86602540378443
      vertex 241.3 24.401180954897477 90.96592582628907
    endloop
  endfacet
  facet normal 0 0.6087614290086981 -0.7933533402912525
    outer loop
      vertex 246.3 24.159999999999997 90.86602540378443
      vertex 241.3 23.95289321881345 90.70710678118655
      vertex 241.3 24.159999999999997 90.86602540378443
    endloop
  endfacet
  facet normal 0 0.7933533402912428 -0.6087614290087107
    outer loop
      vertex 246.3 23.95289321881345 90.70710678118655
      vertex 241.3 23.79397459621556 90.5
      vertex 241.3 23.95289321881345 90.70710678118655
    endloop
  endfacet
  facet normal 0 0.1305261922200607 -0.991444861373809
    outer loop
      vertex 246.3 24.401180954897477 90.96592582628907
      vertex 241.3 24.401180954897477 90.96592582628907
      vertex 246.3 24.659999999999997 91
    endloop
  endfacet
  facet normal 1.0678797507612338e-18 0.3826834323650964 -0.923879532511284
    outer loop
      vertex 246.3 24.401180954897477 90.96592582628907
      vertex 246.3 24.159999999999997 90.86602540378443
      vertex 241.3 24.159999999999997 90.86602540378443
    endloop
  endfacet
  facet normal -1.8526912972180566e-18 0.6087614290086981 -0.7933533402912525
    outer loop
      vertex 246.3 24.159999999999997 90.86602540378443
      vertex 246.3 23.95289321881345 90.70710678118655
      vertex 241.3 23.95289321881345 90.70710678118655
    endloop
  endfacet
  facet normal -1 0 0
    outer loop
      vertex 246.3 25.159999999999997 90.86602540378443
      vertex 246.3 23.95289321881345 90.70710678118655
      vertex 246.3 24.159999999999997 90.86602540378443
    endloop
  endfacet
  facet normal -1 0 0
    outer loop
      vertex 246.3 24.918819045102516 90.96592582628907
      vertex 246.3 24.159999999999997 90.86602540378443
      vertex 246.3 24.401180954897477 90.96592582628907
    endloop
  endfacet
  facet normal -1 0 0
    outer loop
      vertex 246.3 25.367106781186543 90.70710678118655
      vertex 246.3 23.79397459621556 90.5
      vertex 246.3 23.95289321881345 90.70710678118655
    endloop
  endfacet
endsolid OpenSCAD_Model
