solid OpenSCAD_Model
  facet normal 0 -0.7071067811865475 -0.7071067811865475
    outer loop
      vertex 218.8 40.66 4
      vertex 215.8 23.159999999999997 21.5
      vertex 215.8 40.66 4
    endloop
  endfacet
  facet normal 1 0 0
    outer loop
      vertex 218.8 40.66 4
      vertex 218.8 40.66 24.5
      vertex 218.8 23.159999999999997 24.5
    endloop
  endfacet
  facet normal -1 0 0
    outer loop
      vertex 215.8 40.66 4
      vertex 215.8 23.159999999999997 24.5
      vertex 215.8 40.66 24.5
    endloop
  endfacet
  facet normal 0 0 1
    outer loop
      vertex 218.8 40.66 24.5
      vertex 215.8 40.66 24.5
      vertex 215.8 23.159999999999997 24.5
    endloop
  endfacet
  facet normal 1 0 0
    outer loop
      vertex 218.8 40.66 4
      vertex 218.8 23.159999999999997 24.5
      vertex 218.8 23.159999999999997 21.5
    endloop
  endfacet
  facet normal 0 -0.7071067811865475 -0.7071067811865475
    outer loop
      vertex 218.8 40.66 4
      vertex 218.8 23.159999999999997 21.5
      vertex 215.8 23.159999999999997 21.5
    endloop
  endfacet
  facet normal -1 0 0
    outer loop
      vertex 215.8 40.66 4
      vertex 215.8 23.159999999999997 21.5
      vertex 215.8 23.159999999999997 24.5
    endloop
  endfacet
  facet normal 0 0 1
    outer loop
      vertex 218.8 40.66 24.5
      vertex 215.8 23.159999999999997 24.5
      vertex 218.8 23.159999999999997 24.5
    endloop
  endfacet
  facet normal 0 -1 0
    outer loop
      vertex 218.8 23.159999999999997 21.5
      vertex 218.8 23.159999999999997 24.5
      vertex 215.8 23.159999999999997 21.5
    endloop
  endfacet
  facet normal 0 -1 0
    outer loop
      vertex 215.8 23.159999999999997 21.5
      vertex 218.8 23.159999999999997 24.5
      vertex 215.8 23.159999999999997 24.5
    endloop
  endfacet
  facet normal 0 -0.7071067811865475 -0.7071067811865475
    outer loop
      vertex 162.8 40.66 4
      vertex 159.8 23.159999999999997 21.5
      vertex 159.8 40.66 4
    endloop
  endfacet
  facet normal 1 0 0
    outer loop
      vertex 162.8 40.66 4
      vertex 162.8 40.66 24.5
      vertex 162.8 23.159999999999997 24.5
    endloop
  endfacet
  facet normal -1 0 0
    outer loop
      vertex 159.8 40.66 4
      vertex 159.8 23.159999999999997 24.5
      vertex 159.8 40.66 24.5
    endloop
  endfacet
  facet normal 0 0 1
    outer loop
      vertex 162.8 40.66 24.5
      vertex 159.8 40.66 24.5
      vertex 159.8 23.159999999999997 24.5
    endloop
  endfacet
  facet normal 1 0 0
    outer loop
      vertex 162.8 40.66 4
      vertex 162.8 23.159999999999997 24.5
      vertex 162.8 23.159999999999997 21.5
    endloop
  endfacet
  facet normal 0 -0.7071067811865475 -0.7071067811865475
    outer loop
      vertex 162.8 40.66 4
      vertex 162.8 23.159999999999997 21.5
      vertex 159.8 23.159999999999997 21.5
    endloop
  endfacet
  facet normal -1 0 0
    outer loop
      vertex 159.8 40.66 4
      vertex 159.8 23.159999999999997 21.5
      vertex 159.8 23.159999999999997 24.5
    endloop
  endfacet
  facet normal 0 0 1
    outer loop
      vertex 162.8 40.66 24.5
      vertex 159.8 23.159999999999997 24.5
      vertex 162.8 23.159999999999997 24.5
    endloop
  endfacet
  facet normal 0 -1 0
    outer loop
      vertex 162.8 23.159999999999997 21.5
      vertex 162.8 23.159999999999997 24.5
      vertex 159.8 23.159999999999997 21.5
    endloop
  endfacet
  facet normal 0 -1 0
    outer loop
      vertex 159.8 23.159999999999997 21.5
      vertex 162.8 23.159999999999997 24.5
      vertex 159.8 23.159999999999997 24.5
    endloop
  endfacet
  facet normal 1 0 0
    outer loop
      vertex 198 40.66 4
      vertex 198 40.66 18.5
      vertex 198 0.759999999999998 18.5
    endloop
  endfacet
  facet normal -1 0 0
    outer loop
      vertex 195.5 40.66 4
      vertex 195.5 7.859999999999999 18.4
      vertex 195.5 40.66 18.5
    endloop
  endfacet
  facet normal -1 0 0
    outer loop
      vertex 195.5 40.66 4
      vertex 195.5 7.859999999999999 4
      vertex 195.5 7.859999999999999 4.1000000000000005
    endloop
  endfacet
  facet normal 1 0 0
    outer loop
      vertex 198 40.66 4
      vertex 198 0.759999999999998 18.5
      vertex 198 0.759999999999998 4
    endloop
  endfacet
  facet normal -1 0 0
    outer loop
      vertex 195.5 40.66 4
      vertex 195.5 7.859999999999999 4.1000000000000005
      vertex 195.5 0.759999999999998 18.5
    endloop
  endfacet
  facet normal -1 0 0
    outer loop
      vertex 195.5 40.66 4
      vertex 195.5 3.460000000000001 18.4
      vertex 195.5 7.859999999999999 18.4
    endloop
  endfacet
  facet normal -1 0 0
    outer loop
      vertex 195.5 40.66 4
      vertex 195.5 0.759999999999998 18.5
      vertex 195.5 3.460000000000001 18.4
    endloop
  endfacet
  facet normal -1 0 0
    outer loop
      vertex 195.5 40.66 18.5
      vertex 195.5 7.859999999999999 18.4
      vertex 195.5 7.859999999999999 18.5
    endloop
  endfacet
  facet normal 0 -1 0
    outer loop
      vertex 198 0.759999999999998 4
      vertex 198 0.759999999999998 18.5
      vertex 195.5 0.759999999999998 4
    endloop
  endfacet
  facet normal 0 -1 0
    outer loop
      vertex 195.5 0.759999999999998 4
      vertex 198 0.759999999999998 18.5
      vertex 195.5 0.759999999999998 18.5
    endloop
  endfacet
  facet normal -1 0 0
    outer loop
      vertex 195.5 0.759999999999998 4
      vertex 195.5 3.460000000000001 4.1000000000000005
      vertex 195.5 3.460000000000001 4
    endloop
  endfacet
  facet normal -1 0 0
    outer loop
      vertex 195.5 0.759999999999998 18.5
      vertex 195.5 7.859999999999999 4.1000000000000005
      vertex 195.5 3.460000000000001 4.1000000000000005
    endloop
  endfacet
  facet normal -1 0 0
    outer loop
      vertex 195.5 0.759999999999998 4
      vertex 195.5 0.759999999999998 18.5
      vertex 195.5 3.460000000000001 4.1000000000000005
    endloop
  endfacet
  facet normal -1 0 0
    outer loop
      vertex 195.5 3.460000000000001 18.4
      vertex 195.5 0.759999999999998 18.5
      vertex 195.5 3.460000000000001 18.5
    endloop
  endfacet
  facet normal 1 0 0
    outer loop
      vertex 183.10000000000002 40.66 4
      vertex 183.10000000000002 40.66 18.5
      vertex 183.10000000000002 7.859999999999999 18.5
    endloop
  endfacet
  facet normal -1 0 0
    outer loop
      vertex 180.60000000000002 40.66 4
      vertex 180.60000000000002 0.759999999999998 18.509999999999998
      vertex 180.60000000000002 40.66 18.509999999999998
    endloop
  endfacet
  facet normal 1 0 0
    outer loop
      vertex 183.10000000000002 40.66 4
      vertex 183.10000000000002 7.859999999999999 18.5
      vertex 183.10000000000002 7.859999999999999 4
    endloop
  endfacet
  facet normal 1 0 0
    outer loop
      vertex 183.10000000000002 7.859999999999999 4
      vertex 183.10000000000002 7.859999999999999 18.5
      vertex 183.10000000000002 3.460000000000001 4
    endloop
  endfacet
  facet normal 1 0 0
    outer loop
      vertex 183.10000000000002 3.460000000000001 4
      vertex 183.10000000000002 7.859999999999999 18.5
      vertex 183.10000000000002 0.759999999999998 4
    endloop
  endfacet
  facet normal 1 0 0
    outer loop
      vertex 183.10000000000002 0.759999999999998 4
      vertex 183.10000000000002 7.859999999999999 18.5
      vertex 183.10000000000002 3.460000000000001 18.5
    endloop
  endfacet
  facet normal 0 -1 0
    outer loop
      vertex 183.10000000000002 0.759999999999998 4
      vertex 183.10000000000002 0.759999999999998 18.5
      vertex 180.60000000000002 0.759999999999998 4
    endloop
  endfacet
  facet normal 1 0 0
    outer loop
      vertex 183.10000000000002 0.759999999999998 4
      vertex 183.10000000000002 3.460000000000001 18.5
      vertex 183.10000000000002 0.759999999999998 18.5
    endloop
  endfacet
  facet normal 0 -1 0
    outer loop
      vertex 183.0982782369146 0.759999999999998 18.5
      vertex 180.60000000000002 0.759999999999998 4
      vertex 183.10000000000002 0.759999999999998 18.5
    endloop
  endfacet
  facet normal 0 -1 0
    outer loop
      vertex 183.0982782369146 0.759999999999998 18.5
      vertex 180.62900000000002 0.759999999999998 18.509999999999998
      vertex 180.60000000000002 0.759999999999998 4
    endloop
  endfacet
  facet normal -1 0 0
    outer loop
      vertex 180.60000000000002 40.66 4
      vertex 180.60000000000002 0.759999999999998 4
      vertex 180.60000000000002 0.759999999999998 18.509999999999998
    endloop
  endfacet
  facet normal 0 -1 0
    outer loop
      vertex 180.60000000000002 0.759999999999998 4
      vertex 180.62900000000002 0.759999999999998 18.509999999999998
      vertex 180.60000000000002 0.759999999999998 18.509999999999998
    endloop
  endfacet
  facet normal 1 0 0
    outer loop
      vertex 198 40.66 18.5
      vertex 198 40.66 24.5
      vertex 198 13.659999999999997 24.5
    endloop
  endfacet
  facet normal 0 0 1
    outer loop
      vertex 198 40.66 24.5
      vertex 180.60000000000002 40.66 24.5
      vertex 180.60000000000002 13.659999999999997 24.5
    endloop
  endfacet
  facet normal 0 0 -1
    outer loop
      vertex 195.5 40.66 18.5
      vertex 195.5 7.859999999999999 18.5
      vertex 183.10000000000002 40.66 18.5
    endloop
  endfacet
  facet normal -1 0 0
    outer loop
      vertex 180.60000000000002 40.66 18.509999999999998
      vertex 180.60000000000002 0.759999999999998 18.509999999999998
      vertex 180.60000000000002 40.66 24.5
    endloop
  endfacet
  facet normal 1 0 0
    outer loop
      vertex 198 40.66 18.5
      vertex 198 13.659999999999997 24.5
      vertex 198 0.759999999999998 24.5
    endloop
  endfacet
  facet normal 0 0 -1
    outer loop
      vertex 183.10000000000002 40.66 18.5
      vertex 195.5 7.859999999999999 18.5
      vertex 183.10000000000002 7.859999999999999 18.5
    endloop
  endfacet
  facet normal 0 0 1
    outer loop
      vertex 198 40.66 24.5
      vertex 180.60000000000002 13.659999999999997 24.5
      vertex 198 13.659999999999997 24.5
    endloop
  endfacet
  facet normal 1 0 0
    outer loop
      vertex 198 40.66 18.5
      vertex 198 0.759999999999998 24.5
      vertex 198 0.759999999999998 18.5
    endloop
  endfacet
  facet normal 0 -1 0
    outer loop
      vertex 198 0.759999999999998 18.5
      vertex 198 0.759999999999998 24.5
      vertex 195.5 0.759999999999998 18.5
    endloop
  endfacet
  facet normal 0 0 -1
    outer loop
      vertex 195.5 3.460000000000001 18.5
      vertex 195.5 0.759999999999998 18.5
      vertex 183.10000000000002 3.460000000000001 18.5
    endloop
  endfacet
  facet normal 0 -1 0
    outer loop
      vertex 198 0.759999999999998 24.5
      vertex 183.10000000000002 0.759999999999998 18.5
      vertex 195.5 0.759999999999998 18.5
    endloop
  endfacet
  facet normal 0 0 -1
    outer loop
      vertex 183.10000000000002 3.460000000000001 18.5
      vertex 195.5 0.759999999999998 18.5
      vertex 183.10000000000002 0.759999999999998 18.5
    endloop
  endfacet
  facet normal 0 -1 0
    outer loop
      vertex 198 0.759999999999998 24.5
      vertex 180.62900000000002 0.759999999999998 18.509999999999998
      vertex 183.10000000000002 0.759999999999998 18.5
    endloop
  endfacet
  facet normal 0 -1 0
    outer loop
      vertex 183.0982782369146 0.759999999999998 18.5
      vertex 183.10000000000002 0.759999999999998 18.5
      vertex 180.62900000000002 0.759999999999998 18.509999999999998
    endloop
  endfacet
  facet normal 0 -1 0
    outer loop
      vertex 198 0.759999999999998 24.5
      vertex 194.10000000000002 0.759999999999998 24.5
      vertex 180.60000000000002 0.759999999999998 24.49
    endloop
  endfacet
  facet normal 0 -1 0
    outer loop
      vertex 198 0.759999999999998 24.5
      vertex 180.60000000000002 0.759999999999998 24.49
      vertex 180.62900000000002 0.759999999999998 18.509999999999998
    endloop
  endfacet
  facet normal 0 -1 0
    outer loop
      vertex 194.10000000000002 0.759999999999998 24.5
      vertex 184.5 0.759999999999998 24.5
      vertex 180.60000000000002 0.759999999999998 24.49
    endloop
  endfacet
  facet normal 0 -1 0
    outer loop
      vertex 184.5 0.759999999999998 24.5
      vertex 180.60322162562488 0.759999999999998 24.5
      vertex 180.60000000000002 0.759999999999998 24.49
    endloop
  endfacet
  facet normal -1 0 0
    outer loop
      vertex 180.60000000000002 40.66 24.5
      vertex 180.60000000000002 0.759999999999998 24.49
      vertex 180.60000000000002 13.659999999999997 24.5
    endloop
  endfacet
  facet normal -1 0 0
    outer loop
      vertex 180.60000000000002 40.66 24.5
      vertex 180.60000000000002 0.759999999999998 18.509999999999998
      vertex 180.60000000000002 0.759999999999998 24.49
    endloop
  endfacet
  facet normal 0 -1 0
    outer loop
      vertex 180.62900000000002 0.759999999999998 18.509999999999998
      vertex 180.60000000000002 0.759999999999998 24.49
      vertex 180.60000000000002 0.759999999999998 18.509999999999998
    endloop
  endfacet
  facet normal -1 0 0
    outer loop
      vertex 180.60000000000002 13.659999999999997 24.5
      vertex 180.60000000000002 0.759999999999998 24.49
      vertex 180.60000000000002 0.7623884465839623 24.5
    endloop
  endfacet
  facet normal 0 1 0
    outer loop
      vertex 198 13.659999999999997 24.5
      vertex 180.60000000000002 13.659999999999997 24.5
      vertex 180.60000000000002 13.659999999999997 78.5
    endloop
  endfacet
  facet normal 0 1 0
    outer loop
      vertex 198 13.659999999999997 24.5
      vertex 190.16524758424987 13.659999999999997 67.83704175437357
      vertex 190.57117339927075 13.659999999999997 68.00518173227258
    endloop
  endfacet
  facet normal 0 1 0
    outer loop
      vertex 198 13.659999999999997 24.5
      vertex 189.73801650211266 13.659999999999997 67.73447264633361
      vertex 190.16524758424987 13.659999999999997 67.83704175437357
    endloop
  endfacet
  facet normal 0 1 0
    outer loop
      vertex 198 13.659999999999997 24.5
      vertex 189.3 13.659999999999997 67.7
      vertex 189.73801650211266 13.659999999999997 67.73447264633361
    endloop
  endfacet
  facet normal 0 1 0
    outer loop
      vertex 198 13.659999999999997 24.5
      vertex 190.94579870641894 13.659999999999997 68.23475241575015
      vertex 191.27989898732235 13.659999999999997 68.52010101267767
    endloop
  endfacet
  facet normal 0 1 0
    outer loop
      vertex 198 13.659999999999997 24.5
      vertex 191.56524758424985 13.659999999999997 68.85420129358107
      vertex 191.79481826772744 13.659999999999997 69.22882660072926
    endloop
  endfacet
  facet normal 0 1 0
    outer loop
      vertex 198 13.659999999999997 24.5
      vertex 191.27989898732235 13.659999999999997 68.52010101267767
      vertex 191.56524758424985 13.659999999999997 68.85420129358107
    endloop
  endfacet
  facet normal 0 1 0
    outer loop
      vertex 198 13.659999999999997 24.5
      vertex 190.57117339927075 13.659999999999997 68.00518173227258
      vertex 190.94579870641894 13.659999999999997 68.23475241575015
    endloop
  endfacet
  facet normal 0 1 0
    outer loop
      vertex 198 13.659999999999997 24.5
      vertex 188.86198349788737 13.659999999999997 67.73447264633361
      vertex 189.3 13.659999999999997 67.7
    endloop
  endfacet
  facet normal 0 1 0
    outer loop
      vertex 198 13.659999999999997 24.5
      vertex 188.43475241575015 13.659999999999997 67.83704175437357
      vertex 188.86198349788737 13.659999999999997 67.73447264633361
    endloop
  endfacet
  facet normal 0 1 0
    outer loop
      vertex 198 13.659999999999997 24.5
      vertex 188.02882660072927 13.659999999999997 68.00518173227258
      vertex 188.43475241575015 13.659999999999997 67.83704175437357
    endloop
  endfacet
  facet normal 0 1 0
    outer loop
      vertex 198 13.659999999999997 24.5
      vertex 187.65420129358108 13.659999999999997 68.23475241575015
      vertex 188.02882660072927 13.659999999999997 68.00518173227258
    endloop
  endfacet
  facet normal 0 1 0
    outer loop
      vertex 198 13.659999999999997 24.5
      vertex 187.32010101267767 13.659999999999997 68.52010101267767
      vertex 187.65420129358108 13.659999999999997 68.23475241575015
    endloop
  endfacet
  facet normal 0 1 0
    outer loop
      vertex 198 13.659999999999997 24.5
      vertex 187.03475241575018 13.659999999999997 68.85420129358107
      vertex 187.32010101267767 13.659999999999997 68.52010101267767
    endloop
  endfacet
  facet normal 0 1 0
    outer loop
      vertex 198 13.659999999999997 24.5
      vertex 191.79481826772744 13.659999999999997 69.22882660072926
      vertex 191.96295824562645 13.659999999999997 69.63475241575014
    endloop
  endfacet
  facet normal 0 1 0
    outer loop
      vertex 198 13.659999999999997 24.5
      vertex 191.96295824562645 13.659999999999997 69.63475241575014
      vertex 192.0655273536664 13.659999999999997 70.06198349788735
    endloop
  endfacet
  facet normal 0 1 0
    outer loop
      vertex 198 13.659999999999997 24.5
      vertex 192.0655273536664 13.659999999999997 70.06198349788735
      vertex 192.10000000000002 13.659999999999997 70.5
    endloop
  endfacet
  facet normal 0 1 0
    outer loop
      vertex 198 13.659999999999997 24.5
      vertex 192.10000000000002 13.659999999999997 70.5
      vertex 198 13.659999999999997 78.5
    endloop
  endfacet
  facet normal 0 1 0
    outer loop
      vertex 198 13.659999999999997 24.5
      vertex 180.60000000000002 13.659999999999997 78.5
      vertex 187.03475241575018 13.659999999999997 68.85420129358107
    endloop
  endfacet
  facet normal 1 0 0
    outer loop
      vertex 198 13.659999999999997 24.5
      vertex 198 13.659999999999997 78.5
      vertex 198 0.759999999999998 24.5
    endloop
  endfacet
  facet normal 0 -1 0
    outer loop
      vertex 198 0.759999999999998 24.5
      vertex 194.10000000000002 0.759999999999998 78.5
      vertex 194.10000000000002 0.759999999999998 24.5
    endloop
  endfacet
  facet normal 0 -1 0
    outer loop
      vertex 184.5 0.759999999999998 24.5
      vertex 180.60000000000002 0.759999999999998 78.5
      vertex 180.60322162562488 0.759999999999998 24.5
    endloop
  endfacet
  facet normal -1 0 0
    outer loop
      vertex 180.60000000000002 13.659999999999997 24.5
      vertex 180.60000000000002 0.7623884465839623 24.5
      vertex 180.60000000000002 13.659999999999997 78.5
    endloop
  endfacet
  facet normal 0 -1 0
    outer loop
      vertex 180.60322162562488 0.759999999999998 24.5
      vertex 180.60000000000002 0.759999999999998 78.5
      vertex 180.60000000000002 0.759999999999998 24.49
    endloop
  endfacet
  facet normal -1 0 0
    outer loop
      vertex 180.60000000000002 0.7623884465839623 24.5
      vertex 180.60000000000002 0.759999999999998 24.49
      vertex 180.60000000000002 0.759999999999998 78.5
    endloop
  endfacet
  facet normal 0 1 0
    outer loop
      vertex 187.03475241575018 13.659999999999997 68.85420129358107
      vertex 180.60000000000002 13.659999999999997 78.5
      vertex 186.8051817322726 13.659999999999997 69.22882660072926
    endloop
  endfacet
  facet normal 0 1 0
    outer loop
      vertex 186.8051817322726 13.659999999999997 69.22882660072926
      vertex 180.60000000000002 13.659999999999997 78.5
      vertex 186.63704175437357 13.659999999999997 69.63475241575014
    endloop
  endfacet
  facet normal 0 1 0
    outer loop
      vertex 192.10000000000002 13.659999999999997 70.5
      vertex 192.0655273536664 13.659999999999997 70.93801650211265
      vertex 198 13.659999999999997 78.5
    endloop
  endfacet
  facet normal 0 1 0
    outer loop
      vertex 192.0655273536664 13.659999999999997 70.93801650211265
      vertex 191.96295824562645 13.659999999999997 71.36524758424986
      vertex 198 13.659999999999997 78.5
    endloop
  endfacet
  facet normal 0 1 0
    outer loop
      vertex 191.96295824562645 13.659999999999997 71.36524758424986
      vertex 191.79481826772744 13.659999999999997 71.77117339927074
      vertex 198 13.659999999999997 78.5
    endloop
  endfacet
  facet normal 0 1 0
    outer loop
      vertex 191.79481826772744 13.659999999999997 71.77117339927074
      vertex 191.56524758424985 13.659999999999997 72.14579870641893
      vertex 198 13.659999999999997 78.5
    endloop
  endfacet
  facet normal 0 1 0
    outer loop
      vertex 191.56524758424985 13.659999999999997 72.14579870641893
      vertex 191.27989898732235 13.659999999999997 72.47989898732233
      vertex 198 13.659999999999997 78.5
    endloop
  endfacet
  facet normal 0 1 0
    outer loop
      vertex 191.27989898732235 13.659999999999997 72.47989898732233
      vertex 190.94579870641894 13.659999999999997 72.76524758424985
      vertex 198 13.659999999999997 78.5
    endloop
  endfacet
  facet normal 0 1 0
    outer loop
      vertex 198 13.659999999999997 78.5
      vertex 190.94579870641894 13.659999999999997 72.76524758424985
      vertex 190.57117339927075 13.659999999999997 72.99481826772742
    endloop
  endfacet
  facet normal 0 1 0
    outer loop
      vertex 198 13.659999999999997 78.5
      vertex 190.57117339927075 13.659999999999997 72.99481826772742
      vertex 190.16524758424987 13.659999999999997 73.16295824562643
    endloop
  endfacet
  facet normal 0 1 0
    outer loop
      vertex 198 13.659999999999997 78.5
      vertex 190.16524758424987 13.659999999999997 73.16295824562643
      vertex 180.60000000000002 13.659999999999997 78.5
    endloop
  endfacet
  facet normal 0 0 1
    outer loop
      vertex 198 13.659999999999997 78.5
      vertex 180.60000000000002 13.659999999999997 78.5
      vertex 195.5 10.659999999999997 78.5
    endloop
  endfacet
  facet normal 0 1 0
    outer loop
      vertex 186.8051817322726 13.659999999999997 71.77117339927074
      vertex 180.60000000000002 13.659999999999997 78.5
      vertex 187.03475241575018 13.659999999999997 72.14579870641893
    endloop
  endfacet
  facet normal 0 1 0
    outer loop
      vertex 190.16524758424987 13.659999999999997 73.16295824562643
      vertex 189.73801650211266 13.659999999999997 73.26552735366639
      vertex 180.60000000000002 13.659999999999997 78.5
    endloop
  endfacet
  facet normal 0 1 0
    outer loop
      vertex 189.73801650211266 13.659999999999997 73.26552735366639
      vertex 189.3 13.659999999999997 73.3
      vertex 180.60000000000002 13.659999999999997 78.5
    endloop
  endfacet
  facet normal 0 1 0
    outer loop
      vertex 189.3 13.659999999999997 73.3
      vertex 188.86198349788737 13.659999999999997 73.26552735366639
      vertex 180.60000000000002 13.659999999999997 78.5
    endloop
  endfacet
  facet normal 0 1 0
    outer loop
      vertex 188.86198349788737 13.659999999999997 73.26552735366639
      vertex 188.43475241575015 13.659999999999997 73.16295824562643
      vertex 180.60000000000002 13.659999999999997 78.5
    endloop
  endfacet
  facet normal 0 1 0
    outer loop
      vertex 187.65420129358108 13.659999999999997 72.76524758424985
      vertex 180.60000000000002 13.659999999999997 78.5
      vertex 188.02882660072927 13.659999999999997 72.99481826772742
    endloop
  endfacet
  facet normal 0 1 0
    outer loop
      vertex 187.32010101267767 13.659999999999997 72.47989898732233
      vertex 187.03475241575018 13.659999999999997 72.14579870641893
      vertex 180.60000000000002 13.659999999999997 78.5
    endloop
  endfacet
  facet normal 0 1 0
    outer loop
      vertex 187.32010101267767 13.659999999999997 72.47989898732233
      vertex 180.60000000000002 13.659999999999997 78.5
      vertex 187.65420129358108 13.659999999999997 72.76524758424985
    endloop
  endfacet
  facet normal 0 1 0
    outer loop
      vertex 188.43475241575015 13.659999999999997 73.16295824562643
      vertex 188.02882660072927 13.659999999999997 72.99481826772742
      vertex 180.60000000000002 13.659999999999997 78.5
    endloop
  endfacet
  facet normal 0 1 0
    outer loop
      vertex 186.63704175437357 13.659999999999997 69.63475241575014
      vertex 180.60000000000002 13.659999999999997 78.5
      vertex 186.53447264633363 13.659999999999997 70.06198349788735
    endloop
  endfacet
  facet normal 0 1 0
    outer loop
      vertex 186.53447264633363 13.659999999999997 70.06198349788735
      vertex 180.60000000000002 13.659999999999997 78.5
      vertex 186.5 13.659999999999997 70.5
    endloop
  endfacet
  facet normal 0 1 0
    outer loop
      vertex 186.5 13.659999999999997 70.5
      vertex 180.60000000000002 13.659999999999997 78.5
      vertex 186.53447264633363 13.659999999999997 70.93801650211265
    endloop
  endfacet
  facet normal 0 1 0
    outer loop
      vertex 186.63704175437357 13.659999999999997 71.36524758424986
      vertex 186.53447264633363 13.659999999999997 70.93801650211265
      vertex 180.60000000000002 13.659999999999997 78.5
    endloop
  endfacet
  facet normal 0 1 0
    outer loop
      vertex 186.63704175437357 13.659999999999997 71.36524758424986
      vertex 180.60000000000002 13.659999999999997 78.5
      vertex 186.8051817322726 13.659999999999997 71.77117339927074
    endloop
  endfacet
  facet normal 1 0 0
    outer loop
      vertex 198 0.759999999999998 24.5
      vertex 198 13.659999999999997 78.5
      vertex 198 0.759999999999998 78.5
    endloop
  endfacet
  facet normal 0 -1 0
    outer loop
      vertex 198 0.759999999999998 24.5
      vertex 198 0.759999999999998 78.5
      vertex 194.10000000000002 0.759999999999998 78.5
    endloop
  endfacet
  facet normal 0 -1 0
    outer loop
      vertex 184.5 0.759999999999998 24.5
      vertex 184.5 0.759999999999998 78.5
      vertex 180.60000000000002 0.759999999999998 78.5
    endloop
  endfacet
  facet normal 0 0 1
    outer loop
      vertex 198 13.659999999999997 78.5
      vertex 195.5 10.659999999999997 78.5
      vertex 198 0.759999999999998 78.5
    endloop
  endfacet
  facet normal 0 0 1
    outer loop
      vertex 195.5 10.659999999999997 78.5
      vertex 180.60000000000002 13.659999999999997 78.5
      vertex 183.10000000000002 10.659999999999997 78.5
    endloop
  endfacet
  facet normal 0 0 1
    outer loop
      vertex 183.10000000000002 10.659999999999997 78.5
      vertex 180.60000000000002 13.659999999999997 78.5
      vertex 183.10000000000002 3.3599999999999994 78.5
    endloop
  endfacet
  facet normal 0 0 1
    outer loop
      vertex 195.5 10.659999999999997 78.5
      vertex 195.5 3.3599999999999994 78.5
      vertex 198 0.759999999999998 78.5
    endloop
  endfacet
  facet normal 0 0 1
    outer loop
      vertex 183.10000000000002 3.3599999999999994 78.5
      vertex 180.60000000000002 13.659999999999997 78.5
      vertex 180.60000000000002 0.759999999999998 78.5
    endloop
  endfacet
  facet normal 0 0 1
    outer loop
      vertex 195.5 3.3599999999999994 78.5
      vertex 194.10000000000002 3.3599999999999994 78.5
      vertex 194.10000000000002 0.759999999999998 78.5
    endloop
  endfacet
  facet normal 0 0 1
    outer loop
      vertex 198 0.759999999999998 78.5
      vertex 195.5 3.3599999999999994 78.5
      vertex 194.10000000000002 0.759999999999998 78.5
    endloop
  endfacet
  facet normal 0 0 1
    outer loop
      vertex 184.5 3.3599999999999994 78.5
      vertex 183.10000000000002 3.3599999999999994 78.5
      vertex 184.5 0.759999999999998 78.5
    endloop
  endfacet
  facet normal 0 0 1
    outer loop
      vertex 183.10000000000002 3.3599999999999994 78.5
      vertex 180.60000000000002 0.759999999999998 78.5
      vertex 184.5 0.759999999999998 78.5
    endloop
  endfacet
  facet normal -1 0 0
    outer loop
      vertex 180.60000000000002 0.7623884465839623 24.5
      vertex 180.60000000000002 0.759999999999998 78.5
      vertex 180.60000000000002 13.659999999999997 78.5
    endloop
  endfacet
  facet normal -1 0 0
    outer loop
      vertex 195.5 7.859999999999999 18.4
      vertex 195.5 3.460000000000001 18.4
      vertex 195.5 7.859999999999999 18.5
    endloop
  endfacet
  facet normal -1 0 0
    outer loop
      vertex 195.5 7.859999999999999 18.5
      vertex 195.5 3.460000000000001 18.4
      vertex 195.5 7.859999999999999 24.5
    endloop
  endfacet
  facet normal 0 -1 0
    outer loop
      vertex 195.5 7.859999999999999 18.5
      vertex 183.10000000000002 7.859999999999999 24.5
      vertex 183.10000000000002 7.859999999999999 18.5
    endloop
  endfacet
  facet normal 0 -1 0
    outer loop
      vertex 195.5 7.859999999999999 18.5
      vertex 195.5 7.859999999999999 24.5
      vertex 183.10000000000002 7.859999999999999 24.5
    endloop
  endfacet
  facet normal -1 0 0
    outer loop
      vertex 195.5 7.859999999999999 24.5
      vertex 195.5 3.460000000000001 24.5
      vertex 195.5 7.859999999999999 24.599999999999998
    endloop
  endfacet
  facet normal 1 0 0
    outer loop
      vertex 183.10000000000002 7.859999999999999 18.5
      vertex 183.10000000000002 7.859999999999999 24.5
      vertex 183.10000000000002 3.460000000000001 24.5
    endloop
  endfacet
  facet normal 1 0 0
    outer loop
      vertex 183.10000000000002 7.859999999999999 24.5
      vertex 183.10000000000002 7.859999999999999 24.599999999999998
      vertex 183.10000000000002 3.460000000000001 24.5
    endloop
  endfacet
  facet normal -1 0 0
    outer loop
      vertex 195.5 7.859999999999999 24.5
      vertex 195.5 3.460000000000001 18.4
      vertex 195.5 3.460000000000001 18.5
    endloop
  endfacet
  facet normal 0 1 0
    outer loop
      vertex 195.5 3.460000000000001 18.5
      vertex 183.10000000000002 3.460000000000001 18.5
      vertex 195.5 3.460000000000001 24.5
    endloop
  endfacet
  facet normal 1 0 0
    outer loop
      vertex 183.10000000000002 7.859999999999999 18.5
      vertex 183.10000000000002 3.460000000000001 24.5
      vertex 183.10000000000002 3.460000000000001 18.5
    endloop
  endfacet
  facet normal -1 0 0
    outer loop
      vertex 195.5 7.859999999999999 24.5
      vertex 195.5 3.460000000000001 18.5
      vertex 195.5 3.460000000000001 24.5
    endloop
  endfacet
  facet normal -1 0 0
    outer loop
      vertex 195.5 7.859999999999999 24.599999999999998
      vertex 195.5 3.460000000000001 24.5
      vertex 195.5 3.460000000000001 24.599999999999998
    endloop
  endfacet
  facet normal 1 0 0
    outer loop
      vertex 183.10000000000002 7.859999999999999 24.599999999999998
      vertex 183.10000000000002 3.460000000000001 24.599999999999998
      vertex 183.10000000000002 3.460000000000001 24.5
    endloop
  endfacet
  facet normal 0 1 0
    outer loop
      vertex 183.10000000000002 3.460000000000001 18.5
      vertex 183.10000000000002 3.460000000000001 24.5
      vertex 195.5 3.460000000000001 24.5
    endloop
  endfacet
  facet normal 0 0 1
    outer loop
      vertex 195.5 10.659999999999997 24.5
      vertex 183.10000000000002 10.659999999999997 24.5
      vertex 183.10000000000002 7.859999999999999 24.5
    endloop
  endfacet
  facet normal -1 0 0
    outer loop
      vertex 195.5 10.659999999999997 24.5
      vertex 195.5 7.859999999999999 24.5
      vertex 195.5 7.859999999999999 24.599999999999998
    endloop
  endfacet
  facet normal 0 0 1
    outer loop
      vertex 195.5 10.659999999999997 24.5
      vertex 183.10000000000002 7.859999999999999 24.5
      vertex 195.5 7.859999999999999 24.5
    endloop
  endfacet
  facet normal 1 0 0
    outer loop
      vertex 183.10000000000002 10.659999999999997 24.5
      vertex 183.10000000000002 7.859999999999999 24.599999999999998
      vertex 183.10000000000002 7.859999999999999 24.5
    endloop
  endfacet
  facet normal -1 0 0
    outer loop
      vertex 195.5 3.460000000000001 24.5
      vertex 195.5 3.3599999999999994 24.5
      vertex 195.5 3.460000000000001 24.599999999999998
    endloop
  endfacet
  facet normal 0 0 1
    outer loop
      vertex 195.5 3.460000000000001 24.5
      vertex 194.10000000000002 3.3599999999999994 24.5
      vertex 195.5 3.3599999999999994 24.5
    endloop
  endfacet
  facet normal 0 0 1
    outer loop
      vertex 195.5 3.460000000000001 24.5
      vertex 184.5 3.3599999999999994 24.5
      vertex 194.10000000000002 3.3599999999999994 24.5
    endloop
  endfacet
  facet normal 0 0 1
    outer loop
      vertex 195.5 3.460000000000001 24.5
      vertex 183.10000000000002 3.3599999999999994 24.5
      vertex 184.5 3.3599999999999994 24.5
    endloop
  endfacet
  facet normal 0 0 1
    outer loop
      vertex 195.5 3.460000000000001 24.5
      vertex 183.10000000000002 3.460000000000001 24.5
      vertex 183.10000000000002 3.3599999999999994 24.5
    endloop
  endfacet
  facet normal 1 0 0
    outer loop
      vertex 183.10000000000002 3.460000000000001 24.5
      vertex 183.10000000000002 3.460000000000001 24.599999999999998
      vertex 183.10000000000002 3.3599999999999994 24.5
    endloop
  endfacet
  facet normal -1 0 0
    outer loop
      vertex 195.5 10.659999999999997 24.5
      vertex 195.5 7.859999999999999 24.599999999999998
      vertex 195.5 10.659999999999997 78.5
    endloop
  endfacet
  facet normal 0 -1 0
    outer loop
      vertex 195.5 10.659999999999997 24.5
      vertex 183.10000000000002 10.659999999999997 78.5
      vertex 183.10000000000002 10.659999999999997 24.5
    endloop
  endfacet
  facet normal 1 0 0
    outer loop
      vertex 183.10000000000002 10.659999999999997 24.5
      vertex 183.10000000000002 10.659999999999997 78.5
      vertex 183.10000000000002 7.859999999999999 24.599999999999998
    endloop
  endfacet
  facet normal -1 0 0
    outer loop
      vertex 195.5 7.859999999999999 24.599999999999998
      vertex 195.5 3.460000000000001 24.599999999999998
      vertex 195.5 10.659999999999997 78.5
    endloop
  endfacet
  facet normal -1 0 0
    outer loop
      vertex 195.5 3.460000000000001 24.599999999999998
      vertex 195.5 3.3599999999999994 24.5
      vertex 195.5 3.3599999999999994 78.5
    endloop
  endfacet
  facet normal 0 1 0
    outer loop
      vertex 195.5 3.3599999999999994 24.5
      vertex 194.10000000000002 3.3599999999999994 24.5
      vertex 195.5 3.3599999999999994 78.5
    endloop
  endfacet
  facet normal 1 0 0
    outer loop
      vertex 183.10000000000002 7.859999999999999 24.599999999999998
      vertex 183.10000000000002 3.3599999999999994 78.5
      vertex 183.10000000000002 3.460000000000001 24.599999999999998
    endloop
  endfacet
  facet normal 0 1 0
    outer loop
      vertex 184.5 3.3599999999999994 24.5
      vertex 183.10000000000002 3.3599999999999994 24.5
      vertex 184.5 3.3599999999999994 78.5
    endloop
  endfacet
  facet normal 1 0 0
    outer loop
      vertex 183.10000000000002 3.460000000000001 24.599999999999998
      vertex 183.10000000000002 3.3599999999999994 78.5
      vertex 183.10000000000002 3.3599999999999994 24.5
    endloop
  endfacet
  facet normal 0 -1 0
    outer loop
      vertex 195.5 10.659999999999997 24.5
      vertex 190.94579870641894 10.659999999999997 68.23475241575015
      vertex 190.57117339927075 10.659999999999997 68.00518173227258
    endloop
  endfacet
  facet normal 0 -1 0
    outer loop
      vertex 195.5 10.659999999999997 24.5
      vertex 191.27989898732235 10.659999999999997 68.52010101267767
      vertex 190.94579870641894 10.659999999999997 68.23475241575015
    endloop
  endfacet
  facet normal 0 -1 0
    outer loop
      vertex 195.5 10.659999999999997 24.5
      vertex 191.56524758424985 10.659999999999997 68.85420129358107
      vertex 191.27989898732235 10.659999999999997 68.52010101267767
    endloop
  endfacet
  facet normal 0 -1 0
    outer loop
      vertex 195.5 10.659999999999997 24.5
      vertex 191.79481826772744 10.659999999999997 69.22882660072926
      vertex 191.56524758424985 10.659999999999997 68.85420129358107
    endloop
  endfacet
  facet normal 0 -1 0
    outer loop
      vertex 195.5 10.659999999999997 24.5
      vertex 190.57117339927075 10.659999999999997 68.00518173227258
      vertex 190.16524758424987 10.659999999999997 67.83704175437357
    endloop
  endfacet
  facet normal 0 -1 0
    outer loop
      vertex 195.5 10.659999999999997 24.5
      vertex 190.16524758424987 10.659999999999997 67.83704175437357
      vertex 189.73801650211266 10.659999999999997 67.73447264633361
    endloop
  endfacet
  facet normal 0 -1 0
    outer loop
      vertex 195.5 10.659999999999997 24.5
      vertex 189.73801650211266 10.659999999999997 67.73447264633361
      vertex 189.3 10.659999999999997 67.7
    endloop
  endfacet
  facet normal 0 -1 0
    outer loop
      vertex 195.5 10.659999999999997 24.5
      vertex 189.3 10.659999999999997 67.7
      vertex 188.86198349788737 10.659999999999997 67.73447264633361
    endloop
  endfacet
  facet normal 0 -1 0
    outer loop
      vertex 195.5 10.659999999999997 24.5
      vertex 188.86198349788737 10.659999999999997 67.73447264633361
      vertex 188.43475241575015 10.659999999999997 67.83704175437357
    endloop
  endfacet
  facet normal 0 -1 0
    outer loop
      vertex 195.5 10.659999999999997 24.5
      vertex 188.43475241575015 10.659999999999997 67.83704175437357
      vertex 188.02882660072927 10.659999999999997 68.00518173227258
    endloop
  endfacet
  facet normal 0 -1 0
    outer loop
      vertex 195.5 10.659999999999997 24.5
      vertex 188.02882660072927 10.659999999999997 68.00518173227258
      vertex 187.65420129358108 10.659999999999997 68.23475241575015
    endloop
  endfacet
  facet normal 0 -1 0
    outer loop
      vertex 195.5 10.659999999999997 24.5
      vertex 187.65420129358108 10.659999999999997 68.23475241575015
      vertex 187.32010101267767 10.659999999999997 68.52010101267767
    endloop
  endfacet
  facet normal 0 -1 0
    outer loop
      vertex 195.5 10.659999999999997 24.5
      vertex 187.32010101267767 10.659999999999997 68.52010101267767
      vertex 187.03475241575018 10.659999999999997 68.85420129358107
    endloop
  endfacet
  facet normal 0 -1 0
    outer loop
      vertex 195.5 10.659999999999997 24.5
      vertex 187.03475241575018 10.659999999999997 68.85420129358107
      vertex 186.8051817322726 10.659999999999997 69.22882660072926
    endloop
  endfacet
  facet normal 0 -1 0
    outer loop
      vertex 195.5 10.659999999999997 24.5
      vertex 191.96295824562645 10.659999999999997 69.63475241575014
      vertex 191.79481826772744 10.659999999999997 69.22882660072926
    endloop
  endfacet
  facet normal 0 -1 0
    outer loop
      vertex 195.5 10.659999999999997 24.5
      vertex 192.0655273536664 10.659999999999997 70.06198349788735
      vertex 191.96295824562645 10.659999999999997 69.63475241575014
    endloop
  endfacet
  facet normal 0 -1 0
    outer loop
      vertex 195.5 10.659999999999997 24.5
      vertex 192.10000000000002 10.659999999999997 70.5
      vertex 192.0655273536664 10.659999999999997 70.06198349788735
    endloop
  endfacet
  facet normal 0 -1 0
    outer loop
      vertex 195.5 10.659999999999997 24.5
      vertex 195.5 10.659999999999997 78.5
      vertex 192.10000000000002 10.659999999999997 70.5
    endloop
  endfacet
  facet normal 0 -1 0
    outer loop
      vertex 195.5 10.659999999999997 24.5
      vertex 186.8051817322726 10.659999999999997 69.22882660072926
      vertex 186.63704175437357 10.659999999999997 69.63475241575014
    endloop
  endfacet
  facet normal 0 -1 0
    outer loop
      vertex 195.5 10.659999999999997 24.5
      vertex 186.63704175437357 10.659999999999997 69.63475241575014
      vertex 186.53447264633363 10.659999999999997 70.06198349788735
    endloop
  endfacet
  facet normal 0 -1 0
    outer loop
      vertex 195.5 10.659999999999997 24.5
      vertex 186.53447264633363 10.659999999999997 70.06198349788735
      vertex 183.10000000000002 10.659999999999997 78.5
    endloop
  endfacet
  facet normal 1 0 0
    outer loop
      vertex 183.10000000000002 7.859999999999999 24.599999999999998
      vertex 183.10000000000002 10.659999999999997 78.5
      vertex 183.10000000000002 3.3599999999999994 78.5
    endloop
  endfacet
  facet normal -1 0 0
    outer loop
      vertex 195.5 3.460000000000001 24.599999999999998
      vertex 195.5 3.3599999999999994 78.5
      vertex 195.5 10.659999999999997 78.5
    endloop
  endfacet
  facet normal 0 1 0
    outer loop
      vertex 194.10000000000002 3.3599999999999994 24.5
      vertex 194.10000000000002 3.3599999999999994 78.5
      vertex 195.5 3.3599999999999994 78.5
    endloop
  endfacet
  facet normal 0 1 0
    outer loop
      vertex 183.10000000000002 3.3599999999999994 24.5
      vertex 183.10000000000002 3.3599999999999994 78.5
      vertex 184.5 3.3599999999999994 78.5
    endloop
  endfacet
  facet normal 0 -1 0
    outer loop
      vertex 192.10000000000002 10.659999999999997 70.5
      vertex 195.5 10.659999999999997 78.5
      vertex 192.0655273536664 10.659999999999997 70.93801650211265
    endloop
  endfacet
  facet normal 0 -1 0
    outer loop
      vertex 192.0655273536664 10.659999999999997 70.93801650211265
      vertex 195.5 10.659999999999997 78.5
      vertex 191.96295824562645 10.659999999999997 71.36524758424986
    endloop
  endfacet
  facet normal 0 -1 0
    outer loop
      vertex 191.96295824562645 10.659999999999997 71.36524758424986
      vertex 195.5 10.659999999999997 78.5
      vertex 191.79481826772744 10.659999999999997 71.77117339927074
    endloop
  endfacet
  facet normal 0 -1 0
    outer loop
      vertex 191.79481826772744 10.659999999999997 71.77117339927074
      vertex 195.5 10.659999999999997 78.5
      vertex 191.56524758424985 10.659999999999997 72.14579870641893
    endloop
  endfacet
  facet normal 0 -1 0
    outer loop
      vertex 191.56524758424985 10.659999999999997 72.14579870641893
      vertex 195.5 10.659999999999997 78.5
      vertex 191.27989898732235 10.659999999999997 72.47989898732233
    endloop
  endfacet
  facet normal 0 -1 0
    outer loop
      vertex 191.27989898732235 10.659999999999997 72.47989898732233
      vertex 195.5 10.659999999999997 78.5
      vertex 190.94579870641894 10.659999999999997 72.76524758424985
    endloop
  endfacet
  facet normal 0 -1 0
    outer loop
      vertex 190.94579870641894 10.659999999999997 72.76524758424985
      vertex 195.5 10.659999999999997 78.5
      vertex 190.57117339927075 10.659999999999997 72.99481826772742
    endloop
  endfacet
  facet normal 0 -1 0
    outer loop
      vertex 190.57117339927075 10.659999999999997 72.99481826772742
      vertex 195.5 10.659999999999997 78.5
      vertex 190.16524758424987 10.659999999999997 73.16295824562643
    endloop
  endfacet
  facet normal 0 -1 0
    outer loop
      vertex 190.16524758424987 10.659999999999997 73.16295824562643
      vertex 195.5 10.659999999999997 78.5
      vertex 183.10000000000002 10.659999999999997 78.5
    endloop
  endfacet
  facet normal 0 -1 0
    outer loop
      vertex 186.53447264633363 10.659999999999997 70.06198349788735
      vertex 186.5 10.659999999999997 70.5
      vertex 183.10000000000002 10.659999999999997 78.5
    endloop
  endfacet
  facet normal 0 -1 0
    outer loop
      vertex 186.5 10.659999999999997 70.5
      vertex 186.53447264633363 10.659999999999997 70.93801650211265
      vertex 183.10000000000002 10.659999999999997 78.5
    endloop
  endfacet
  facet normal 0 -1 0
    outer loop
      vertex 186.63704175437357 10.659999999999997 71.36524758424986
      vertex 183.10000000000002 10.659999999999997 78.5
      vertex 186.53447264633363 10.659999999999997 70.93801650211265
    endloop
  endfacet
  facet normal 0 -1 0
    outer loop
      vertex 186.63704175437357 10.659999999999997 71.36524758424986
      vertex 186.8051817322726 10.659999999999997 71.77117339927074
      vertex 183.10000000000002 10.659999999999997 78.5
    endloop
  endfacet
  facet normal 0 -1 0
    outer loop
      vertex 186.8051817322726 10.659999999999997 71.77117339927074
      vertex 187.03475241575018 10.659999999999997 72.14579870641893
      vertex 183.10000000000002 10.659999999999997 78.5
    endloop
  endfacet
  facet normal 0 -1 0
    outer loop
      vertex 190.16524758424987 10.659999999999997 73.16295824562643
      vertex 183.10000000000002 10.659999999999997 78.5
      vertex 189.73801650211266 10.659999999999997 73.26552735366639
    endloop
  endfacet
  facet normal 0 -1 0
    outer loop
      vertex 189.73801650211266 10.659999999999997 73.26552735366639
      vertex 183.10000000000002 10.659999999999997 78.5
      vertex 189.3 10.659999999999997 73.3
    endloop
  endfacet
  facet normal 0 -1 0
    outer loop
      vertex 188.86198349788737 10.659999999999997 73.26552735366639
      vertex 183.10000000000002 10.659999999999997 78.5
      vertex 188.43475241575015 10.659999999999997 73.16295824562643
    endloop
  endfacet
  facet normal 0 -1 0
    outer loop
      vertex 189.3 10.659999999999997 73.3
      vertex 183.10000000000002 10.659999999999997 78.5
      vertex 188.86198349788737 10.659999999999997 73.26552735366639
    endloop
  endfacet
  facet normal 0 -1 0
    outer loop
      vertex 187.65420129358108 10.659999999999997 72.76524758424985
      vertex 188.02882660072927 10.659999999999997 72.99481826772742
      vertex 183.10000000000002 10.659999999999997 78.5
    endloop
  endfacet
  facet normal 0 -1 0
    outer loop
      vertex 187.32010101267767 10.659999999999997 72.47989898732233
      vertex 183.10000000000002 10.659999999999997 78.5
      vertex 187.03475241575018 10.659999999999997 72.14579870641893
    endloop
  endfacet
  facet normal 0 -1 0
    outer loop
      vertex 187.32010101267767 10.659999999999997 72.47989898732233
      vertex 187.65420129358108 10.659999999999997 72.76524758424985
      vertex 183.10000000000002 10.659999999999997 78.5
    endloop
  endfacet
  facet normal 0 -1 0
    outer loop
      vertex 188.43475241575015 10.659999999999997 73.16295824562643
      vertex 183.10000000000002 10.659999999999997 78.5
      vertex 188.02882660072927 10.659999999999997 72.99481826772742
    endloop
  endfacet
  facet normal 0 0 1
    outer loop
      vertex 194.10000000000002 3.3599999999999994 24.5
      vertex 184.5 3.3599999999999994 24.5
      vertex 194.10000000000002 0.759999999999998 24.5
    endloop
  endfacet
  facet normal 0 0 1
    outer loop
      vertex 184.5 3.3599999999999994 24.5
      vertex 184.5 0.759999999999998 24.5
      vertex 194.10000000000002 0.759999999999998 24.5
    endloop
  endfacet
  facet normal -1 0 0
    outer loop
      vertex 194.10000000000002 3.3599999999999994 24.5
      vertex 194.10000000000002 0.759999999999998 24.5
      vertex 194.10000000000002 0.759999999999998 78.5
    endloop
  endfacet
  facet normal 1 0 0
    outer loop
      vertex 184.5 3.3599999999999994 24.5
      vertex 184.5 3.3599999999999994 78.5
      vertex 184.5 0.759999999999998 24.5
    endloop
  endfacet
  facet normal -1 0 0
    outer loop
      vertex 194.10000000000002 3.3599999999999994 24.5
      vertex 194.10000000000002 0.759999999999998 78.5
      vertex 194.10000000000002 3.3599999999999994 78.5
    endloop
  endfacet
  facet normal 1 0 0
    outer loop
      vertex 184.5 0.759999999999998 24.5
      vertex 184.5 3.3599999999999994 78.5
      vertex 184.5 0.759999999999998 78.5
    endloop
  endfacet
  facet normal -0.38268343236509433 0 0.9238795325112849
    outer loop
      vertex 190.57117339927075 13.659999999999997 68.00518173227258
      vertex 190.16524758424987 13.659999999999997 67.83704175437357
      vertex 190.57117339927075 10.659999999999997 68.00518173227258
    endloop
  endfacet
  facet normal -0.7604059656000542 0 0.6494480483301562
    outer loop
      vertex 191.56524758424985 13.659999999999997 68.85420129358107
      vertex 191.27989898732235 13.659999999999997 68.52010101267767
      vertex 191.56524758424985 10.659999999999997 68.85420129358107
    endloop
  endfacet
  facet normal -0.522498564715947 0 0.8526401643540933
    outer loop
      vertex 190.94579870641894 13.659999999999997 68.23475241575015
      vertex 190.57117339927075 13.659999999999997 68.00518173227258
      vertex 190.94579870641894 10.659999999999997 68.23475241575015
    endloop
  endfacet
  facet normal -0.6494480483301777 -1.9307292344010606e-18 0.760405965600036
    outer loop
      vertex 190.94579870641894 13.659999999999997 68.23475241575015
      vertex 191.27989898732235 10.659999999999997 68.52010101267767
      vertex 191.27989898732235 13.659999999999997 68.52010101267767
    endloop
  endfacet
  facet normal -0.23344536385590828 0 0.972369920397676
    outer loop
      vertex 190.16524758424987 13.659999999999997 67.83704175437357
      vertex 189.73801650211266 13.659999999999997 67.73447264633361
      vertex 190.16524758424987 10.659999999999997 67.83704175437357
    endloop
  endfacet
  facet normal -0.07845909572783874 0 0.9969173337331285
    outer loop
      vertex 189.73801650211266 13.659999999999997 67.73447264633361
      vertex 189.3 13.659999999999997 67.7
      vertex 189.73801650211266 10.659999999999997 67.73447264633361
    endloop
  endfacet
  facet normal 0.07845909572783874 0 0.9969173337331285
    outer loop
      vertex 189.3 13.659999999999997 67.7
      vertex 188.86198349788737 13.659999999999997 67.73447264633361
      vertex 189.3 10.659999999999997 67.7
    endloop
  endfacet
  facet normal 0.23344536385590828 0 0.972369920397676
    outer loop
      vertex 188.86198349788737 13.659999999999997 67.73447264633361
      vertex 188.43475241575015 13.659999999999997 67.83704175437357
      vertex 188.86198349788737 10.659999999999997 67.73447264633361
    endloop
  endfacet
  facet normal -0.852640164354079 -3.4173475022898466e-18 0.5224985647159706
    outer loop
      vertex 191.56524758424985 13.659999999999997 68.85420129358107
      vertex 191.79481826772744 10.659999999999997 69.22882660072926
      vertex 191.79481826772744 13.659999999999997 69.22882660072926
    endloop
  endfacet
  facet normal -0.9238795325112733 -4.894006527301476e-18 0.3826834323651219
    outer loop
      vertex 191.79481826772744 13.659999999999997 69.22882660072926
      vertex 191.96295824562645 10.659999999999997 69.63475241575014
      vertex 191.96295824562645 13.659999999999997 69.63475241575014
    endloop
  endfacet
  facet normal -0.9723699203976832 -9.909825180942469e-19 0.23344536385587766
    outer loop
      vertex 191.96295824562645 13.659999999999997 69.63475241575014
      vertex 192.0655273536664 10.659999999999997 70.06198349788735
      vertex 192.0655273536664 13.659999999999997 70.06198349788735
    endloop
  endfacet
  facet normal -0.996917333733126 -2.0320107914611165e-19 0.0784590957278709
    outer loop
      vertex 192.0655273536664 13.659999999999997 70.06198349788735
      vertex 192.10000000000002 10.659999999999997 70.5
      vertex 192.10000000000002 13.659999999999997 70.5
    endloop
  endfacet
  facet normal -0.996917333733126 2.0320107914611165e-19 -0.0784590957278709
    outer loop
      vertex 192.10000000000002 13.659999999999997 70.5
      vertex 192.0655273536664 10.659999999999997 70.93801650211265
      vertex 192.0655273536664 13.659999999999997 70.93801650211265
    endloop
  endfacet
  facet normal -0.9723699203976832 9.909825180942469e-19 -0.23344536385587766
    outer loop
      vertex 192.0655273536664 13.659999999999997 70.93801650211265
      vertex 191.96295824562645 10.659999999999997 71.36524758424986
      vertex 191.96295824562645 13.659999999999997 71.36524758424986
    endloop
  endfacet
  facet normal -0.9238795325112733 4.894006527301476e-18 -0.3826834323651219
    outer loop
      vertex 191.96295824562645 13.659999999999997 71.36524758424986
      vertex 191.79481826772744 10.659999999999997 71.77117339927074
      vertex 191.79481826772744 13.659999999999997 71.77117339927074
    endloop
  endfacet
  facet normal -0.852640164354079 3.4173475022898466e-18 -0.5224985647159706
    outer loop
      vertex 191.79481826772744 13.659999999999997 71.77117339927074
      vertex 191.56524758424985 10.659999999999997 72.14579870641893
      vertex 191.56524758424985 13.659999999999997 72.14579870641893
    endloop
  endfacet
  facet normal -0.7604059656000542 -4.0248533297203635e-18 -0.6494480483301562
    outer loop
      vertex 191.56524758424985 13.659999999999997 72.14579870641893
      vertex 191.27989898732235 10.659999999999997 72.47989898732233
      vertex 191.27989898732235 13.659999999999997 72.47989898732233
    endloop
  endfacet
  facet normal 0.38268343236509433 0 0.9238795325112849
    outer loop
      vertex 188.43475241575015 13.659999999999997 67.83704175437357
      vertex 188.02882660072927 13.659999999999997 68.00518173227258
      vertex 188.43475241575015 10.659999999999997 67.83704175437357
    endloop
  endfacet
  facet normal 0.522498564715947 0 0.8526401643540933
    outer loop
      vertex 188.02882660072927 13.659999999999997 68.00518173227258
      vertex 187.65420129358108 13.659999999999997 68.23475241575015
      vertex 188.02882660072927 10.659999999999997 68.00518173227258
    endloop
  endfacet
  facet normal 0.6494480483301777 0 0.760405965600036
    outer loop
      vertex 187.65420129358108 13.659999999999997 68.23475241575015
      vertex 187.32010101267767 13.659999999999997 68.52010101267767
      vertex 187.65420129358108 10.659999999999997 68.23475241575015
    endloop
  endfacet
  facet normal 0.7604059656000542 0 0.6494480483301562
    outer loop
      vertex 187.32010101267767 13.659999999999997 68.52010101267767
      vertex 187.03475241575018 13.659999999999997 68.85420129358107
      vertex 187.32010101267767 10.659999999999997 68.52010101267767
    endloop
  endfacet
  facet normal 0.852640164354079 0 0.5224985647159706
    outer loop
      vertex 187.03475241575018 13.659999999999997 68.85420129358107
      vertex 186.8051817322726 13.659999999999997 69.22882660072926
      vertex 187.03475241575018 10.659999999999997 68.85420129358107
    endloop
  endfacet
  facet normal 0.9238795325112733 0 0.3826834323651219
    outer loop
      vertex 186.8051817322726 13.659999999999997 69.22882660072926
      vertex 186.63704175437357 13.659999999999997 69.63475241575014
      vertex 186.8051817322726 10.659999999999997 69.22882660072926
    endloop
  endfacet
  facet normal 0.9723699203976832 0 0.23344536385587766
    outer loop
      vertex 186.63704175437357 13.659999999999997 69.63475241575014
      vertex 186.53447264633363 13.659999999999997 70.06198349788735
      vertex 186.63704175437357 10.659999999999997 69.63475241575014
    endloop
  endfacet
  facet normal 0.996917333733126 0 0.0784590957278709
    outer loop
      vertex 186.53447264633363 13.659999999999997 70.06198349788735
      vertex 186.5 13.659999999999997 70.5
      vertex 186.53447264633363 10.659999999999997 70.06198349788735
    endloop
  endfacet
  facet normal 0.996917333733126 0 -0.0784590957278709
    outer loop
      vertex 186.5 13.659999999999997 70.5
      vertex 186.53447264633363 13.659999999999997 70.93801650211265
      vertex 186.5 10.659999999999997 70.5
    endloop
  endfacet
  facet normal 0.9238795325112733 0 -0.3826834323651219
    outer loop
      vertex 186.63704175437357 13.659999999999997 71.36524758424986
      vertex 186.8051817322726 13.659999999999997 71.77117339927074
      vertex 186.63704175437357 10.659999999999997 71.36524758424986
    endloop
  endfacet
  facet normal 0.852640164354079 0 -0.5224985647159706
    outer loop
      vertex 186.8051817322726 13.659999999999997 71.77117339927074
      vertex 187.03475241575018 13.659999999999997 72.14579870641893
      vertex 186.8051817322726 10.659999999999997 71.77117339927074
    endloop
  endfacet
  facet normal 0.7604059656000542 4.0248533297203635e-18 -0.6494480483301562
    outer loop
      vertex 187.32010101267767 13.659999999999997 72.47989898732233
      vertex 187.03475241575018 10.659999999999997 72.14579870641893
      vertex 187.03475241575018 13.659999999999997 72.14579870641893
    endloop
  endfacet
  facet normal 0.9723699203976832 -9.909825180942469e-19 -0.23344536385587766
    outer loop
      vertex 186.63704175437357 13.659999999999997 71.36524758424986
      vertex 186.53447264633363 10.659999999999997 70.93801650211265
      vertex 186.53447264633363 13.659999999999997 70.93801650211265
    endloop
  endfacet
  facet normal -0.6494480483301777 1.9307292344010606e-18 -0.760405965600036
    outer loop
      vertex 191.27989898732235 13.659999999999997 72.47989898732233
      vertex 190.94579870641894 10.659999999999997 72.76524758424985
      vertex 190.94579870641894 13.659999999999997 72.76524758424985
    endloop
  endfacet
  facet normal -0.522498564715947 -6.222958777117219e-19 -0.8526401643540933
    outer loop
      vertex 190.94579870641894 13.659999999999997 72.76524758424985
      vertex 190.57117339927075 10.659999999999997 72.99481826772742
      vertex 190.57117339927075 13.659999999999997 72.99481826772742
    endloop
  endfacet
  facet normal -0.38268343236509433 1.3988992721554922e-18 -0.9238795325112849
    outer loop
      vertex 190.57117339927075 13.659999999999997 72.99481826772742
      vertex 190.16524758424987 10.659999999999997 73.16295824562643
      vertex 190.16524758424987 13.659999999999997 73.16295824562643
    endloop
  endfacet
  facet normal -0.23344536385590828 1.1528259104389524e-18 -0.972369920397676
    outer loop
      vertex 190.16524758424987 13.659999999999997 73.16295824562643
      vertex 189.73801650211266 10.659999999999997 73.26552735366639
      vertex 189.73801650211266 13.659999999999997 73.26552735366639
    endloop
  endfacet
  facet normal -0.07845909572783874 5.0745620548638995e-19 -0.9969173337331285
    outer loop
      vertex 189.73801650211266 13.659999999999997 73.26552735366639
      vertex 189.3 10.659999999999997 73.3
      vertex 189.3 13.659999999999997 73.3
    endloop
  endfacet
  facet normal 0.07845909572783874 -5.0745620548638995e-19 -0.9969173337331285
    outer loop
      vertex 189.3 13.659999999999997 73.3
      vertex 188.86198349788737 10.659999999999997 73.26552735366639
      vertex 188.86198349788737 13.659999999999997 73.26552735366639
    endloop
  endfacet
  facet normal 0.23344536385590828 -1.1528259104389524e-18 -0.972369920397676
    outer loop
      vertex 188.86198349788737 13.659999999999997 73.26552735366639
      vertex 188.43475241575015 10.659999999999997 73.16295824562643
      vertex 188.43475241575015 13.659999999999997 73.16295824562643
    endloop
  endfacet
  facet normal 0.522498564715947 0 -0.8526401643540933
    outer loop
      vertex 187.65420129358108 13.659999999999997 72.76524758424985
      vertex 188.02882660072927 13.659999999999997 72.99481826772742
      vertex 187.65420129358108 10.659999999999997 72.76524758424985
    endloop
  endfacet
  facet normal 0.38268343236509433 -1.3988992721554922e-18 -0.9238795325112849
    outer loop
      vertex 188.43475241575015 13.659999999999997 73.16295824562643
      vertex 188.02882660072927 10.659999999999997 72.99481826772742
      vertex 188.02882660072927 13.659999999999997 72.99481826772742
    endloop
  endfacet
  facet normal 0.6494480483301777 0 -0.760405965600036
    outer loop
      vertex 187.32010101267767 13.659999999999997 72.47989898732233
      vertex 187.65420129358108 13.659999999999997 72.76524758424985
      vertex 187.32010101267767 10.659999999999997 72.47989898732233
    endloop
  endfacet
  facet normal -0.7604059656000542 0 0.6494480483301562
    outer loop
      vertex 191.27989898732235 13.659999999999997 68.52010101267767
      vertex 191.27989898732235 10.659999999999997 68.52010101267767
      vertex 191.56524758424985 10.659999999999997 68.85420129358107
    endloop
  endfacet
  facet normal -0.6494480483301777 0 0.760405965600036
    outer loop
      vertex 190.94579870641894 13.659999999999997 68.23475241575015
      vertex 190.94579870641894 10.659999999999997 68.23475241575015
      vertex 191.27989898732235 10.659999999999997 68.52010101267767
    endloop
  endfacet
  facet normal -0.522498564715947 0 0.8526401643540933
    outer loop
      vertex 190.57117339927075 13.659999999999997 68.00518173227258
      vertex 190.57117339927075 10.659999999999997 68.00518173227258
      vertex 190.94579870641894 10.659999999999997 68.23475241575015
    endloop
  endfacet
  facet normal -0.38268343236509433 0 0.9238795325112849
    outer loop
      vertex 190.16524758424987 13.659999999999997 67.83704175437357
      vertex 190.16524758424987 10.659999999999997 67.83704175437357
      vertex 190.57117339927075 10.659999999999997 68.00518173227258
    endloop
  endfacet
  facet normal -0.23344536385590828 0 0.972369920397676
    outer loop
      vertex 189.73801650211266 13.659999999999997 67.73447264633361
      vertex 189.73801650211266 10.659999999999997 67.73447264633361
      vertex 190.16524758424987 10.659999999999997 67.83704175437357
    endloop
  endfacet
  facet normal -0.07845909572783874 0 0.9969173337331285
    outer loop
      vertex 189.3 13.659999999999997 67.7
      vertex 189.3 10.659999999999997 67.7
      vertex 189.73801650211266 10.659999999999997 67.73447264633361
    endloop
  endfacet
  facet normal 0.07845909572783874 0 0.9969173337331285
    outer loop
      vertex 188.86198349788737 13.659999999999997 67.73447264633361
      vertex 188.86198349788737 10.659999999999997 67.73447264633361
      vertex 189.3 10.659999999999997 67.7
    endloop
  endfacet
  facet normal 0.23344536385590828 0 0.972369920397676
    outer loop
      vertex 188.43475241575015 13.659999999999997 67.83704175437357
      vertex 188.43475241575015 10.659999999999997 67.83704175437357
      vertex 188.86198349788737 10.659999999999997 67.73447264633361
    endloop
  endfacet
  facet normal -0.852640164354079 0 0.5224985647159706
    outer loop
      vertex 191.56524758424985 13.659999999999997 68.85420129358107
      vertex 191.56524758424985 10.659999999999997 68.85420129358107
      vertex 191.79481826772744 10.659999999999997 69.22882660072926
    endloop
  endfacet
  facet normal -0.9238795325112733 0 0.3826834323651219
    outer loop
      vertex 191.79481826772744 13.659999999999997 69.22882660072926
      vertex 191.79481826772744 10.659999999999997 69.22882660072926
      vertex 191.96295824562645 10.659999999999997 69.63475241575014
    endloop
  endfacet
  facet normal -0.9723699203976832 0 0.23344536385587766
    outer loop
      vertex 191.96295824562645 13.659999999999997 69.63475241575014
      vertex 191.96295824562645 10.659999999999997 69.63475241575014
      vertex 192.0655273536664 10.659999999999997 70.06198349788735
    endloop
  endfacet
  facet normal -0.996917333733126 0 0.0784590957278709
    outer loop
      vertex 192.0655273536664 13.659999999999997 70.06198349788735
      vertex 192.0655273536664 10.659999999999997 70.06198349788735
      vertex 192.10000000000002 10.659999999999997 70.5
    endloop
  endfacet
  facet normal -0.996917333733126 0 -0.0784590957278709
    outer loop
      vertex 192.10000000000002 13.659999999999997 70.5
      vertex 192.10000000000002 10.659999999999997 70.5
      vertex 192.0655273536664 10.659999999999997 70.93801650211265
    endloop
  endfacet
  facet normal -0.9723699203976832 0 -0.23344536385587766
    outer loop
      vertex 192.0655273536664 13.659999999999997 70.93801650211265
      vertex 192.0655273536664 10.659999999999997 70.93801650211265
      vertex 191.96295824562645 10.659999999999997 71.36524758424986
    endloop
  endfacet
  facet normal -0.9238795325112733 0 -0.3826834323651219
    outer loop
      vertex 191.96295824562645 13.659999999999997 71.36524758424986
      vertex 191.96295824562645 10.659999999999997 71.36524758424986
      vertex 191.79481826772744 10.659999999999997 71.77117339927074
    endloop
  endfacet
  facet normal -0.852640164354079 0 -0.5224985647159706
    outer loop
      vertex 191.79481826772744 13.659999999999997 71.77117339927074
      vertex 191.79481826772744 10.659999999999997 71.77117339927074
      vertex 191.56524758424985 10.659999999999997 72.14579870641893
    endloop
  endfacet
  facet normal -0.7604059656000542 0 -0.6494480483301562
    outer loop
      vertex 191.56524758424985 13.659999999999997 72.14579870641893
      vertex 191.56524758424985 10.659999999999997 72.14579870641893
      vertex 191.27989898732235 10.659999999999997 72.47989898732233
    endloop
  endfacet
  facet normal 0.38268343236509433 0 0.9238795325112849
    outer loop
      vertex 188.02882660072927 13.659999999999997 68.00518173227258
      vertex 188.02882660072927 10.659999999999997 68.00518173227258
      vertex 188.43475241575015 10.659999999999997 67.83704175437357
    endloop
  endfacet
  facet normal 0.522498564715947 0 0.8526401643540933
    outer loop
      vertex 187.65420129358108 13.659999999999997 68.23475241575015
      vertex 187.65420129358108 10.659999999999997 68.23475241575015
      vertex 188.02882660072927 10.659999999999997 68.00518173227258
    endloop
  endfacet
  facet normal 0.6494480483301777 0 0.760405965600036
    outer loop
      vertex 187.32010101267767 13.659999999999997 68.52010101267767
      vertex 187.32010101267767 10.659999999999997 68.52010101267767
      vertex 187.65420129358108 10.659999999999997 68.23475241575015
    endloop
  endfacet
  facet normal 0.7604059656000542 0 0.6494480483301562
    outer loop
      vertex 187.03475241575018 13.659999999999997 68.85420129358107
      vertex 187.03475241575018 10.659999999999997 68.85420129358107
      vertex 187.32010101267767 10.659999999999997 68.52010101267767
    endloop
  endfacet
  facet normal 0.852640164354079 0 0.5224985647159706
    outer loop
      vertex 186.8051817322726 13.659999999999997 69.22882660072926
      vertex 186.8051817322726 10.659999999999997 69.22882660072926
      vertex 187.03475241575018 10.659999999999997 68.85420129358107
    endloop
  endfacet
  facet normal 0.9238795325112733 0 0.3826834323651219
    outer loop
      vertex 186.63704175437357 13.659999999999997 69.63475241575014
      vertex 186.63704175437357 10.659999999999997 69.63475241575014
      vertex 186.8051817322726 10.659999999999997 69.22882660072926
    endloop
  endfacet
  facet normal 0.9723699203976832 0 0.23344536385587766
    outer loop
      vertex 186.53447264633363 13.659999999999997 70.06198349788735
      vertex 186.53447264633363 10.659999999999997 70.06198349788735
      vertex 186.63704175437357 10.659999999999997 69.63475241575014
    endloop
  endfacet
  facet normal 0.996917333733126 0 0.0784590957278709
    outer loop
      vertex 186.5 13.659999999999997 70.5
      vertex 186.5 10.659999999999997 70.5
      vertex 186.53447264633363 10.659999999999997 70.06198349788735
    endloop
  endfacet
  facet normal 0.9238795325112733 0 -0.3826834323651219
    outer loop
      vertex 186.8051817322726 13.659999999999997 71.77117339927074
      vertex 186.8051817322726 10.659999999999997 71.77117339927074
      vertex 186.63704175437357 10.659999999999997 71.36524758424986
    endloop
  endfacet
  facet normal 0.852640164354079 0 -0.5224985647159706
    outer loop
      vertex 187.03475241575018 13.659999999999997 72.14579870641893
      vertex 187.03475241575018 10.659999999999997 72.14579870641893
      vertex 186.8051817322726 10.659999999999997 71.77117339927074
    endloop
  endfacet
  facet normal 0.7604059656000542 0 -0.6494480483301562
    outer loop
      vertex 187.32010101267767 13.659999999999997 72.47989898732233
      vertex 187.32010101267767 10.659999999999997 72.47989898732233
      vertex 187.03475241575018 10.659999999999997 72.14579870641893
    endloop
  endfacet
  facet normal 0.996917333733126 0 -0.0784590957278709
    outer loop
      vertex 186.53447264633363 13.659999999999997 70.93801650211265
      vertex 186.53447264633363 10.659999999999997 70.93801650211265
      vertex 186.5 10.659999999999997 70.5
    endloop
  endfacet
  facet normal 0.9723699203976832 0 -0.23344536385587766
    outer loop
      vertex 186.63704175437357 13.659999999999997 71.36524758424986
      vertex 186.63704175437357 10.659999999999997 71.36524758424986
      vertex 186.53447264633363 10.659999999999997 70.93801650211265
    endloop
  endfacet
  facet normal -0.6494480483301777 0 -0.760405965600036
    outer loop
      vertex 191.27989898732235 13.659999999999997 72.47989898732233
      vertex 191.27989898732235 10.659999999999997 72.47989898732233
      vertex 190.94579870641894 10.659999999999997 72.76524758424985
    endloop
  endfacet
  facet normal -0.522498564715947 0 -0.8526401643540933
    outer loop
      vertex 190.94579870641894 13.659999999999997 72.76524758424985
      vertex 190.94579870641894 10.659999999999997 72.76524758424985
      vertex 190.57117339927075 10.659999999999997 72.99481826772742
    endloop
  endfacet
  facet normal -0.38268343236509433 0 -0.9238795325112849
    outer loop
      vertex 190.57117339927075 13.659999999999997 72.99481826772742
      vertex 190.57117339927075 10.659999999999997 72.99481826772742
      vertex 190.16524758424987 10.659999999999997 73.16295824562643
    endloop
  endfacet
  facet normal -0.23344536385590828 0 -0.972369920397676
    outer loop
      vertex 190.16524758424987 13.659999999999997 73.16295824562643
      vertex 190.16524758424987 10.659999999999997 73.16295824562643
      vertex 189.73801650211266 10.659999999999997 73.26552735366639
    endloop
  endfacet
  facet normal -0.07845909572783874 0 -0.9969173337331285
    outer loop
      vertex 189.73801650211266 13.659999999999997 73.26552735366639
      vertex 189.73801650211266 10.659999999999997 73.26552735366639
      vertex 189.3 10.659999999999997 73.3
    endloop
  endfacet
  facet normal 0.07845909572783874 0 -0.9969173337331285
    outer loop
      vertex 189.3 13.659999999999997 73.3
      vertex 189.3 10.659999999999997 73.3
      vertex 188.86198349788737 10.659999999999997 73.26552735366639
    endloop
  endfacet
  facet normal 0.23344536385590828 0 -0.972369920397676
    outer loop
      vertex 188.86198349788737 13.659999999999997 73.26552735366639
      vertex 188.86198349788737 10.659999999999997 73.26552735366639
      vertex 188.43475241575015 10.659999999999997 73.16295824562643
    endloop
  endfacet
  facet normal 0.522498564715947 0 -0.8526401643540933
    outer loop
      vertex 188.02882660072927 13.659999999999997 72.99481826772742
      vertex 188.02882660072927 10.659999999999997 72.99481826772742
      vertex 187.65420129358108 10.659999999999997 72.76524758424985
    endloop
  endfacet
  facet normal 0.38268343236509433 0 -0.9238795325112849
    outer loop
      vertex 188.43475241575015 13.659999999999997 73.16295824562643
      vertex 188.43475241575015 10.659999999999997 73.16295824562643
      vertex 188.02882660072927 10.659999999999997 72.99481826772742
    endloop
  endfacet
  facet normal 0.6494480483301777 0 -0.760405965600036
    outer loop
      vertex 187.65420129358108 13.659999999999997 72.76524758424985
      vertex 187.65420129358108 10.659999999999997 72.76524758424985
      vertex 187.32010101267767 10.659999999999997 72.47989898732233
    endloop
  endfacet
  facet normal 0.8467241992283157 0 -0.5320320765152866
    outer loop
      vertex 190.97724910843743 40.66 46.49701496027452
      vertex 191.1920346225951 40.66 46.83884414785313
      vertex 190.97724910843743 36.66 46.49701496027452
    endloop
  endfacet
  facet normal 0.33027906195518336 0 -0.9438833303083619
    outer loop
      vertex 189.76729396130827 40.66 45.70265138441817
      vertex 190.21115585214687 40.66 45.85796537740492
      vertex 189.76729396130827 36.66 45.70265138441817
    endloop
  endfacet
  facet normal 0.5320320765153118 -3.3790250128026467e-18 -0.8467241992282997
    outer loop
      vertex 190.55298503972548 40.66 46.07275089156259
      vertex 190.21115585214687 36.66 45.85796537740492
      vertex 190.21115585214687 40.66 45.85796537740492
    endloop
  endfacet
  facet normal 0.11196447610330612 3.3482105959133986e-19 -0.9937122098932428
    outer loop
      vertex 189.76729396130827 40.66 45.70265138441817
      vertex 189.3 36.66 45.65
      vertex 189.3 40.66 45.65
    endloop
  endfacet
  facet normal -0.11196447610330612 -3.3482105959133986e-19 -0.9937122098932428
    outer loop
      vertex 189.3 40.66 45.65
      vertex 188.83270603869175 36.66 45.70265138441817
      vertex 188.83270603869175 40.66 45.70265138441817
    endloop
  endfacet
  facet normal -0.33027906195518336 2.6546030134602808e-19 -0.9438833303083619
    outer loop
      vertex 188.83270603869175 40.66 45.70265138441817
      vertex 188.38884414785315 36.66 45.85796537740492
      vertex 188.38884414785315 40.66 45.85796537740492
    endloop
  endfacet
  facet normal 0.9937122098932428 3.3482105959133986e-19 -0.11196447610330612
    outer loop
      vertex 191.34734861558184 40.66 47.28270603869174
      vertex 191.4 40.66 47.75
      vertex 191.4 36.66 47.75
    endloop
  endfacet
  facet normal 0.9438833303083682 1.6784322898771816e-18 -0.33027906195516515
    outer loop
      vertex 191.1920346225951 40.66 46.83884414785313
      vertex 191.34734861558184 40.66 47.28270603869174
      vertex 191.34734861558184 36.66 47.28270603869174
    endloop
  endfacet
  facet normal 0.9937122098932428 -3.3482105959133986e-19 0.11196447610330612
    outer loop
      vertex 191.4 40.66 47.75
      vertex 191.34734861558184 40.66 48.21729396130826
      vertex 191.34734861558184 36.66 48.21729396130826
    endloop
  endfacet
  facet normal 0.9438833303083682 -1.6784322898771816e-18 0.33027906195516515
    outer loop
      vertex 191.34734861558184 40.66 48.21729396130826
      vertex 191.1920346225951 40.66 48.66115585214687
      vertex 191.1920346225951 36.66 48.66115585214687
    endloop
  endfacet
  facet normal 0.8467241992283157 0 0.5320320765152866
    outer loop
      vertex 191.1920346225951 40.66 48.66115585214687
      vertex 190.97724910843743 40.66 49.00298503972548
      vertex 191.1920346225951 36.66 48.66115585214687
    endloop
  endfacet
  facet normal 0.5320320765153244 0 0.8467241992282918
    outer loop
      vertex 190.55298503972548 40.66 49.42724910843741
      vertex 190.21115585214687 40.66 49.642034622595084
      vertex 190.55298503972548 36.66 49.42724910843741
    endloop
  endfacet
  facet normal 0.3302790619551699 0 0.9438833303083666
    outer loop
      vertex 190.21115585214687 40.66 49.642034622595084
      vertex 189.76729396130827 40.66 49.79734861558183
      vertex 190.21115585214687 36.66 49.642034622595084
    endloop
  endfacet
  facet normal 0.11196447610330612 0 0.9937122098932428
    outer loop
      vertex 189.76729396130827 40.66 49.79734861558183
      vertex 189.3 40.66 49.85
      vertex 189.76729396130827 36.66 49.79734861558183
    endloop
  endfacet
  facet normal -0.11196447610330612 3.3482105959133986e-19 0.9937122098932428
    outer loop
      vertex 188.83270603869175 40.66 49.79734861558183
      vertex 189.3 36.66 49.85
      vertex 189.3 40.66 49.85
    endloop
  endfacet
  facet normal -0.3302790619551699 0 0.9438833303083666
    outer loop
      vertex 188.83270603869175 40.66 49.79734861558183
      vertex 188.38884414785315 40.66 49.642034622595084
      vertex 188.83270603869175 36.66 49.79734861558183
    endloop
  endfacet
  facet normal -0.5320320765153244 3.236846273623131e-18 -0.8467241992282918
    outer loop
      vertex 188.38884414785315 40.66 45.85796537740492
      vertex 188.04701496027454 36.66 46.0727508915626
      vertex 188.04701496027454 40.66 46.0727508915626
    endloop
  endfacet
  facet normal -0.8467241992282788 2.8384237126364562e-18 -0.5320320765153449
    outer loop
      vertex 187.62275089156262 40.66 46.49701496027453
      vertex 187.40796537740493 36.66 46.83884414785313
      vertex 187.40796537740493 40.66 46.83884414785313
    endloop
  endfacet
  facet normal -0.9438833303083682 0 -0.33027906195516515
    outer loop
      vertex 187.40796537740493 40.66 46.83884414785313
      vertex 187.40796537740493 36.66 46.83884414785313
      vertex 187.2526513844182 40.66 47.28270603869174
    endloop
  endfacet
  facet normal -0.9937122098932428 0 -0.11196447610330612
    outer loop
      vertex 187.2526513844182 40.66 47.28270603869174
      vertex 187.2526513844182 36.66 47.28270603869174
      vertex 187.20000000000002 40.66 47.75
    endloop
  endfacet
  facet normal -0.9937122098932428 0 0.11196447610330612
    outer loop
      vertex 187.20000000000002 40.66 47.75
      vertex 187.20000000000002 36.66 47.75
      vertex 187.2526513844182 40.66 48.21729396130826
    endloop
  endfacet
  facet normal -0.9438833303083682 0 0.33027906195516515
    outer loop
      vertex 187.2526513844182 40.66 48.21729396130826
      vertex 187.2526513844182 36.66 48.21729396130826
      vertex 187.40796537740493 40.66 48.66115585214687
    endloop
  endfacet
  facet normal -0.8467241992282788 -2.8384237126364562e-18 0.5320320765153449
    outer loop
      vertex 187.40796537740493 40.66 48.66115585214687
      vertex 187.62275089156262 36.66 49.00298503972547
      vertex 187.62275089156262 40.66 49.00298503972547
    endloop
  endfacet
  facet normal -0.532032076515337 -3.0946675344436183e-18 0.8467241992282839
    outer loop
      vertex 188.04701496027454 40.66 49.4272491084374
      vertex 188.38884414785315 36.66 49.642034622595084
      vertex 188.38884414785315 40.66 49.642034622595084
    endloop
  endfacet
  facet normal 0.5320320765153118 0 -0.8467241992282997
    outer loop
      vertex 190.55298503972548 40.66 46.07275089156259
      vertex 190.55298503972548 36.66 46.07275089156259
      vertex 190.21115585214687 36.66 45.85796537740492
    endloop
  endfacet
  facet normal 0.8467241992283157 0 -0.5320320765152866
    outer loop
      vertex 191.1920346225951 40.66 46.83884414785313
      vertex 191.1920346225951 36.66 46.83884414785313
      vertex 190.97724910843743 36.66 46.49701496027452
    endloop
  endfacet
  facet normal 0.9438833303083682 0 -0.33027906195516515
    outer loop
      vertex 191.1920346225951 40.66 46.83884414785313
      vertex 191.34734861558184 36.66 47.28270603869174
      vertex 191.1920346225951 36.66 46.83884414785313
    endloop
  endfacet
  facet normal 0.11196447610330612 0 -0.9937122098932428
    outer loop
      vertex 189.76729396130827 40.66 45.70265138441817
      vertex 189.76729396130827 36.66 45.70265138441817
      vertex 189.3 36.66 45.65
    endloop
  endfacet
  facet normal 0.33027906195518336 0 -0.9438833303083619
    outer loop
      vertex 190.21115585214687 40.66 45.85796537740492
      vertex 190.21115585214687 36.66 45.85796537740492
      vertex 189.76729396130827 36.66 45.70265138441817
    endloop
  endfacet
  facet normal -0.11196447610330612 0 -0.9937122098932428
    outer loop
      vertex 189.3 40.66 45.65
      vertex 189.3 36.66 45.65
      vertex 188.83270603869175 36.66 45.70265138441817
    endloop
  endfacet
  facet normal -0.33027906195518336 0 -0.9438833303083619
    outer loop
      vertex 188.83270603869175 40.66 45.70265138441817
      vertex 188.83270603869175 36.66 45.70265138441817
      vertex 188.38884414785315 36.66 45.85796537740492
    endloop
  endfacet
  facet normal 0.9937122098932428 0 -0.11196447610330612
    outer loop
      vertex 191.34734861558184 40.66 47.28270603869174
      vertex 191.4 36.66 47.75
      vertex 191.34734861558184 36.66 47.28270603869174
    endloop
  endfacet
  facet normal 0.9937122098932428 0 0.11196447610330612
    outer loop
      vertex 191.4 40.66 47.75
      vertex 191.34734861558184 36.66 48.21729396130826
      vertex 191.4 36.66 47.75
    endloop
  endfacet
  facet normal 0.9438833303083682 0 0.33027906195516515
    outer loop
      vertex 191.34734861558184 40.66 48.21729396130826
      vertex 191.1920346225951 36.66 48.66115585214687
      vertex 191.34734861558184 36.66 48.21729396130826
    endloop
  endfacet
  facet normal 0.8467241992283157 0 0.5320320765152866
    outer loop
      vertex 190.97724910843743 40.66 49.00298503972548
      vertex 190.97724910843743 36.66 49.00298503972548
      vertex 191.1920346225951 36.66 48.66115585214687
    endloop
  endfacet
  facet normal 0.5320320765153244 0 0.8467241992282918
    outer loop
      vertex 190.21115585214687 40.66 49.642034622595084
      vertex 190.21115585214687 36.66 49.642034622595084
      vertex 190.55298503972548 36.66 49.42724910843741
    endloop
  endfacet
  facet normal 0.3302790619551699 0 0.9438833303083666
    outer loop
      vertex 189.76729396130827 40.66 49.79734861558183
      vertex 189.76729396130827 36.66 49.79734861558183
      vertex 190.21115585214687 36.66 49.642034622595084
    endloop
  endfacet
  facet normal 0.11196447610330612 0 0.9937122098932428
    outer loop
      vertex 189.3 40.66 49.85
      vertex 189.3 36.66 49.85
      vertex 189.76729396130827 36.66 49.79734861558183
    endloop
  endfacet
  facet normal -0.11196447610330612 0 0.9937122098932428
    outer loop
      vertex 188.83270603869175 40.66 49.79734861558183
      vertex 188.83270603869175 36.66 49.79734861558183
      vertex 189.3 36.66 49.85
    endloop
  endfacet
  facet normal -0.3302790619551699 0 0.9438833303083666
    outer loop
      vertex 188.38884414785315 40.66 49.642034622595084
      vertex 188.38884414785315 36.66 49.642034622595084
      vertex 188.83270603869175 36.66 49.79734861558183
    endloop
  endfacet
  facet normal -0.5320320765153244 0 -0.8467241992282918
    outer loop
      vertex 188.38884414785315 40.66 45.85796537740492
      vertex 188.38884414785315 36.66 45.85796537740492
      vertex 188.04701496027454 36.66 46.0727508915626
    endloop
  endfacet
  facet normal -0.8467241992282788 0 -0.5320320765153449
    outer loop
      vertex 187.62275089156262 40.66 46.49701496027453
      vertex 187.62275089156262 36.66 46.49701496027453
      vertex 187.40796537740493 36.66 46.83884414785313
    endloop
  endfacet
  facet normal -0.9438833303083682 0 -0.33027906195516515
    outer loop
      vertex 187.2526513844182 40.66 47.28270603869174
      vertex 187.40796537740493 36.66 46.83884414785313
      vertex 187.2526513844182 36.66 47.28270603869174
    endloop
  endfacet
  facet normal -0.9937122098932428 0 -0.11196447610330612
    outer loop
      vertex 187.20000000000002 40.66 47.75
      vertex 187.2526513844182 36.66 47.28270603869174
      vertex 187.20000000000002 36.66 47.75
    endloop
  endfacet
  facet normal -0.9937122098932428 0 0.11196447610330612
    outer loop
      vertex 187.2526513844182 40.66 48.21729396130826
      vertex 187.20000000000002 36.66 47.75
      vertex 187.2526513844182 36.66 48.21729396130826
    endloop
  endfacet
  facet normal -0.9438833303083682 0 0.33027906195516515
    outer loop
      vertex 187.40796537740493 40.66 48.66115585214687
      vertex 187.2526513844182 36.66 48.21729396130826
      vertex 187.40796537740493 36.66 48.66115585214687
    endloop
  endfacet
  facet normal -0.8467241992282788 0 0.5320320765153449
    outer loop
      vertex 187.40796537740493 40.66 48.66115585214687
      vertex 187.40796537740493 36.66 48.66115585214687
      vertex 187.62275089156262 36.66 49.00298503972547
    endloop
  endfacet
  facet normal -0.532032076515337 0 0.8467241992282839
    outer loop
      vertex 188.04701496027454 40.66 49.4272491084374
      vertex 188.04701496027454 36.66 49.4272491084374
      vertex 188.38884414785315 36.66 49.642034622595084
    endloop
  endfacet
  facet normal 0.17584192668831058 0.8464903274312495 -0.5025273548612842
    outer loop
      vertex 190.55826284344093 36.16 45.13719028308299
      vertex 189.94531070847333 36.16 44.92270905467271
      vertex 190.21115585214687 36.66 45.85796537740492
    endloop
  endfacet
  facet normal 0.059610346117924644 0.8464903274312481 -0.52905645464453
    outer loop
      vertex 189.94531070847333 36.16 44.92270905467271
      vertex 189.3 36.16 44.85
      vertex 189.76729396130827 36.66 45.70265138441817
    endloop
  endfacet
  facet normal -0.059610346117924644 0.8464903274312481 -0.52905645464453
    outer loop
      vertex 189.3 36.16 44.85
      vertex 188.6546892915267 36.16 44.92270905467271
      vertex 188.83270603869175 36.66 45.70265138441817
    endloop
  endfacet
  facet normal 0.283256058802574 0.8464903274312504 -0.4507994351338158
    outer loop
      vertex 190.55826284344093 36.16 45.13719028308299
      vertex 190.21115585214687 36.66 45.85796537740492
      vertex 190.55298503972548 36.66 46.07275089156259
    endloop
  endfacet
  facet normal 0.5025273548612882 0.8464903274312483 -0.17584192668830437
    outer loop
      vertex 191.1920346225951 36.66 46.83884414785313
      vertex 191.34734861558184 36.66 47.28270603869174
      vertex 191.91280971691702 36.16 46.49173715655908
    endloop
  endfacet
  facet normal 0.45079943513384546 0.8464903274312345 -0.2832560588025738
    outer loop
      vertex 190.97724910843743 36.66 46.49701496027452
      vertex 191.1920346225951 36.66 46.83884414785313
      vertex 191.39485591236988 36.297861699303645 46.079408156342055
    endloop
  endfacet
  facet normal 0.175841926688314 0.8464903274312484 -0.5025273548612846
    outer loop
      vertex 189.94531070847333 36.16 44.92270905467271
      vertex 189.76729396130827 36.66 45.70265138441817
      vertex 190.21115585214687 36.66 45.85796537740492
    endloop
  endfacet
  facet normal 0.05961034611792817 0.8464903274312471 -0.5290564546445313
    outer loop
      vertex 189.3 36.16 44.85
      vertex 189.3 36.66 45.65
      vertex 189.76729396130827 36.66 45.70265138441817
    endloop
  endfacet
  facet normal -0.05961034611792817 0.8464903274312471 -0.5290564546445313
    outer loop
      vertex 189.3 36.16 44.85
      vertex 188.83270603869175 36.66 45.70265138441817
      vertex 189.3 36.66 45.65
    endloop
  endfacet
  facet normal -0.175841926688314 0.8464903274312484 -0.5025273548612846
    outer loop
      vertex 188.6546892915267 36.16 44.92270905467271
      vertex 188.38884414785315 36.66 45.85796537740492
      vertex 188.83270603869175 36.66 45.70265138441817
    endloop
  endfacet
  facet normal 0.37646654935421126 0.846490327431251 -0.37646654935421126
    outer loop
      vertex 191.5673112991573 36.16 45.94187957460967
      vertex 191.54984789662979 36.16 45.92441617208216
      vertex 191.39485591236988 36.297861699303645 46.079408156342055
    endloop
  endfacet
  facet normal 0.2832560588025883 0.8464903274312466 -0.4507994351338137
    outer loop
      vertex 190.55826284344093 36.16 45.13719028308299
      vertex 190.55298503972548 36.66 46.07275089156259
      vertex 190.97059184365796 36.297861699303645 45.65514408763013
    endloop
  endfacet
  facet normal 0.283256058802602 0.8464903274312375 -0.45079943513382215
    outer loop
      vertex 190.55826284344093 36.16 45.13719028308299
      vertex 190.97059184365796 36.297861699303645 45.65514408763013
      vertex 191.10812042539033 36.16 45.482688700842715
    endloop
  endfacet
  facet normal 0.3764665493538987 0.8464903274312564 -0.37646654935451146
    outer loop
      vertex 191.12558382791786 36.16 45.500152103370226
      vertex 191.10812042539033 36.16 45.482688700842715
      vertex 190.97059184365796 36.297861699303645 45.65514408763013
    endloop
  endfacet
  facet normal 0.4507994351337978 0.8464903274312527 -0.28325605880259525
    outer loop
      vertex 191.1920346225951 36.66 46.83884414785313
      vertex 191.5673112991573 36.16 45.94187957460967
      vertex 191.39485591236988 36.297861699303645 46.079408156342055
    endloop
  endfacet
  facet normal 0.45079943513381077 0.8464903274312485 -0.2832560588025875
    outer loop
      vertex 191.1920346225951 36.66 46.83884414785313
      vertex 191.91280971691702 36.16 46.49173715655908
      vertex 191.5673112991573 36.16 45.94187957460967
    endloop
  endfacet
  facet normal 0.502527354861284 0.8464903274312501 -0.17584192668830845
    outer loop
      vertex 191.91280971691702 36.16 46.49173715655908
      vertex 191.34734861558184 36.66 47.28270603869174
      vertex 192.1272909453273 36.16 47.10468929152669
    endloop
  endfacet
  facet normal 0.5290564546445264 0.8464903274312501 -0.059610346117927614
    outer loop
      vertex 192.1272909453273 36.16 47.10468929152669
      vertex 191.34734861558184 36.66 47.28270603869174
      vertex 191.4 36.66 47.75
    endloop
  endfacet
  facet normal 0.5290564546445263 0.8464903274312502 0.05961034611792761
    outer loop
      vertex 191.4 36.66 47.75
      vertex 191.34734861558184 36.66 48.21729396130826
      vertex 192.1272909453273 36.16 48.39531070847331
    endloop
  endfacet
  facet normal 0.5025273548612882 0.8464903274312483 0.17584192668830437
    outer loop
      vertex 191.34734861558184 36.66 48.21729396130826
      vertex 191.1920346225951 36.66 48.66115585214687
      vertex 191.91280971691702 36.16 49.00826284344092
    endloop
  endfacet
  facet normal 0.5290564546445246 0.8464903274312512 -0.05961034611793051
    outer loop
      vertex 192.1272909453273 36.16 47.10468929152669
      vertex 191.4 36.66 47.75
      vertex 192.20000000000002 36.16 47.75
    endloop
  endfacet
  facet normal 0.5290564546445246 0.8464903274312512 0.05961034611793051
    outer loop
      vertex 191.4 36.66 47.75
      vertex 192.1272909453273 36.16 48.39531070847331
      vertex 192.20000000000002 36.16 47.75
    endloop
  endfacet
  facet normal 0.502527354861284 0.8464903274312501 0.17584192668830845
    outer loop
      vertex 191.34734861558184 36.66 48.21729396130826
      vertex 191.91280971691702 36.16 49.00826284344092
      vertex 192.1272909453273 36.16 48.39531070847331
    endloop
  endfacet
  facet normal 0.45079943513384546 0.8464903274312345 0.2832560588025738
    outer loop
      vertex 191.1920346225951 36.66 48.66115585214687
      vertex 190.97724910843743 36.66 49.00298503972548
      vertex 191.39485591236988 36.297861699303645 49.420591843657945
    endloop
  endfacet
  facet normal 0.28325605880258425 0.846490327431246 0.4507994351338172
    outer loop
      vertex 190.55298503972548 36.66 49.42724910843741
      vertex 190.21115585214687 36.66 49.642034622595084
      vertex 190.97059184365796 36.297861699303645 49.84485591236987
    endloop
  endfacet
  facet normal 0.17584192668830662 0.8464903274312487 0.5025273548612865
    outer loop
      vertex 190.21115585214687 36.66 49.642034622595084
      vertex 189.76729396130827 36.66 49.79734861558183
      vertex 189.94531070847333 36.16 50.57729094532729
    endloop
  endfacet
  facet normal 0.05961034611792816 0.8464903274312471 0.5290564546445312
    outer loop
      vertex 189.76729396130827 36.66 49.79734861558183
      vertex 189.3 36.66 49.85
      vertex 189.3 36.16 50.65
    endloop
  endfacet
  facet normal -0.17584192668830662 0.8464903274312487 0.5025273548612865
    outer loop
      vertex 188.83270603869175 36.66 49.79734861558183
      vertex 188.38884414785315 36.66 49.642034622595084
      vertex 188.6546892915267 36.16 50.57729094532729
    endloop
  endfacet
  facet normal -0.05961034611792795 0.8464903274312484 0.5290564546445294
    outer loop
      vertex 188.83270603869175 36.66 49.79734861558183
      vertex 188.6546892915267 36.16 50.57729094532729
      vertex 189.3 36.66 49.85
    endloop
  endfacet
  facet normal 0.45079943513381077 0.8464903274312485 0.2832560588025875
    outer loop
      vertex 191.1920346225951 36.66 48.66115585214687
      vertex 191.5673112991573 36.16 49.55812042539033
      vertex 191.91280971691702 36.16 49.00826284344092
    endloop
  endfacet
  facet normal 0.4507994351337979 0.8464903274312527 0.2832560588025953
    outer loop
      vertex 191.1920346225951 36.66 48.66115585214687
      vertex 191.39485591236988 36.297861699303645 49.420591843657945
      vertex 191.5673112991573 36.16 49.55812042539033
    endloop
  endfacet
  facet normal 0.3764665493542111 0.8464903274312512 0.37646654935421103
    outer loop
      vertex 191.39485591236988 36.297861699303645 49.420591843657945
      vertex 191.54984789662979 36.16 49.57558382791784
      vertex 191.5673112991573 36.16 49.55812042539033
    endloop
  endfacet
  facet normal 0.2832560588025864 0.846490327431248 0.4507994351338126
    outer loop
      vertex 190.21115585214687 36.66 49.642034622595084
      vertex 190.55826284344093 36.16 50.36280971691701
      vertex 190.97059184365796 36.297861699303645 49.84485591236987
    endloop
  endfacet
  facet normal 0.37646654935389867 0.8464903274312565 0.37646654935451146
    outer loop
      vertex 190.97059184365796 36.297861699303645 49.84485591236987
      vertex 191.10812042539033 36.16 50.017311299157285
      vertex 191.12558382791786 36.16 49.999847896629774
    endloop
  endfacet
  facet normal 0.283256058802602 0.8464903274312375 0.45079943513382215
    outer loop
      vertex 190.97059184365796 36.297861699303645 49.84485591236987
      vertex 190.55826284344093 36.16 50.36280971691701
      vertex 191.10812042539033 36.16 50.017311299157285
    endloop
  endfacet
  facet normal 0.17584192668831164 0.8464903274312475 0.5025273548612873
    outer loop
      vertex 190.21115585214687 36.66 49.642034622595084
      vertex 189.94531070847333 36.16 50.57729094532729
      vertex 190.55826284344093 36.16 50.36280971691701
    endloop
  endfacet
  facet normal 0.059610346117924644 0.8464903274312481 0.52905645464453
    outer loop
      vertex 189.76729396130827 36.66 49.79734861558183
      vertex 189.3 36.16 50.65
      vertex 189.94531070847333 36.16 50.57729094532729
    endloop
  endfacet
  facet normal -0.059610346117924796 0.8464903274312471 0.5290564546445313
    outer loop
      vertex 189.3 36.66 49.85
      vertex 188.6546892915267 36.16 50.57729094532729
      vertex 189.3 36.16 50.65
    endloop
  endfacet
  facet normal -0.17584192668831058 0.8464903274312495 -0.5025273548612842
    outer loop
      vertex 188.6546892915267 36.16 44.92270905467271
      vertex 188.0417371565591 36.16 45.13719028308299
      vertex 188.38884414785315 36.66 45.85796537740492
    endloop
  endfacet
  facet normal -0.2832560588025877 0.8464903274312419 -0.45079943513382276
    outer loop
      vertex 188.38884414785315 36.66 45.85796537740492
      vertex 187.6294081563421 36.29786169930365 45.65514408763014
      vertex 188.04701496027454 36.66 46.0727508915626
    endloop
  endfacet
  facet normal -0.45079943513380305 0.8464903274312515 -0.2832560588025906
    outer loop
      vertex 187.62275089156262 36.66 46.49701496027453
      vertex 187.20514408763015 36.29786169930365 46.07940815634207
      vertex 187.40796537740493 36.66 46.83884414785313
    endloop
  endfacet
  facet normal -0.5025273548612882 0.8464903274312483 -0.17584192668830437
    outer loop
      vertex 187.40796537740493 36.66 46.83884414785313
      vertex 186.687190283083 36.16 46.49173715655908
      vertex 187.2526513844182 36.66 47.28270603869174
    endloop
  endfacet
  facet normal -0.283256058802596 0.8464903274312491 -0.4507994351338042
    outer loop
      vertex 188.0417371565591 36.16 45.13719028308299
      vertex 187.6294081563421 36.29786169930365 45.65514408763014
      vertex 188.38884414785315 36.66 45.85796537740492
    endloop
  endfacet
  facet normal -0.28325605880258736 0.8464903274312549 -0.45079943513379883
    outer loop
      vertex 188.0417371565591 36.16 45.13719028308299
      vertex 187.4918795746097 36.16 45.482688700842715
      vertex 187.6294081563421 36.29786169930365 45.65514408763014
    endloop
  endfacet
  facet normal -0.37646654935387547 0.8464903274312771 -0.3764665493544883
    outer loop
      vertex 187.6294081563421 36.29786169930365 45.65514408763014
      vertex 187.4918795746097 36.16 45.482688700842715
      vertex 187.47441617208216 36.16 45.500152103370226
    endloop
  endfacet
  facet normal -0.37646654935421253 0.8464903274312496 -0.376466549354213
    outer loop
      vertex 187.20514408763015 36.29786169930365 46.07940815634207
      vertex 187.05015210337024 36.16 45.92441617208216
      vertex 187.03268870084273 36.16 45.94187957460967
    endloop
  endfacet
  facet normal -0.45079943513381254 0.8464903274312479 -0.2832560588025865
    outer loop
      vertex 187.40796537740493 36.66 46.83884414785313
      vertex 187.20514408763015 36.29786169930365 46.07940815634207
      vertex 187.03268870084273 36.16 45.94187957460967
    endloop
  endfacet
  facet normal -0.45079943513381077 0.8464903274312485 -0.2832560588025875
    outer loop
      vertex 187.40796537740493 36.66 46.83884414785313
      vertex 187.03268870084273 36.16 45.94187957460967
      vertex 186.687190283083 36.16 46.49173715655908
    endloop
  endfacet
  facet normal -0.502527354861284 0.8464903274312501 -0.17584192668830845
    outer loop
      vertex 186.687190283083 36.16 46.49173715655908
      vertex 186.47270905467272 36.16 47.10468929152669
      vertex 187.2526513844182 36.66 47.28270603869174
    endloop
  endfacet
  facet normal -0.5290564546445263 0.8464903274312502 -0.05961034611792761
    outer loop
      vertex 186.47270905467272 36.16 47.10468929152669
      vertex 187.20000000000002 36.66 47.75
      vertex 187.2526513844182 36.66 47.28270603869174
    endloop
  endfacet
  facet normal -0.5290564546445263 0.8464903274312502 0.05961034611792761
    outer loop
      vertex 187.20000000000002 36.66 47.75
      vertex 186.47270905467272 36.16 48.39531070847331
      vertex 187.2526513844182 36.66 48.21729396130826
    endloop
  endfacet
  facet normal -0.5025273548612882 0.8464903274312483 0.17584192668830437
    outer loop
      vertex 187.2526513844182 36.66 48.21729396130826
      vertex 186.687190283083 36.16 49.00826284344092
      vertex 187.40796537740493 36.66 48.66115585214687
    endloop
  endfacet
  facet normal -0.5290564546445246 0.8464903274312512 -0.05961034611793051
    outer loop
      vertex 186.47270905467272 36.16 47.10468929152669
      vertex 186.4 36.16 47.75
      vertex 187.20000000000002 36.66 47.75
    endloop
  endfacet
  facet normal -0.5290564546445246 0.8464903274312512 0.05961034611793051
    outer loop
      vertex 187.20000000000002 36.66 47.75
      vertex 186.4 36.16 47.75
      vertex 186.47270905467272 36.16 48.39531070847331
    endloop
  endfacet
  facet normal -0.502527354861284 0.8464903274312501 0.17584192668830845
    outer loop
      vertex 187.2526513844182 36.66 48.21729396130826
      vertex 186.47270905467272 36.16 48.39531070847331
      vertex 186.687190283083 36.16 49.00826284344092
    endloop
  endfacet
  facet normal -0.28325605880258964 0.8464903274312477 0.45079943513381093
    outer loop
      vertex 188.04701496027454 36.66 49.4272491084374
      vertex 188.0417371565591 36.16 50.36280971691701
      vertex 188.38884414785315 36.66 49.642034622595084
    endloop
  endfacet
  facet normal -0.45079943513380316 0.8464903274312515 0.28325605880259064
    outer loop
      vertex 187.40796537740493 36.66 48.66115585214687
      vertex 187.20514408763015 36.29786169930365 49.42059184365793
      vertex 187.62275089156262 36.66 49.00298503972547
    endloop
  endfacet
  facet normal -0.45079943513381254 0.8464903274312479 0.28325605880258636
    outer loop
      vertex 187.40796537740493 36.66 48.66115585214687
      vertex 187.03268870084273 36.16 49.55812042539033
      vertex 187.20514408763015 36.29786169930365 49.42059184365793
    endloop
  endfacet
  facet normal -0.45079943513381077 0.8464903274312485 0.2832560588025875
    outer loop
      vertex 187.40796537740493 36.66 48.66115585214687
      vertex 186.687190283083 36.16 49.00826284344092
      vertex 187.03268870084273 36.16 49.55812042539033
    endloop
  endfacet
  facet normal -0.3764665493542127 0.8464903274312495 0.37646654935421286
    outer loop
      vertex 187.20514408763015 36.29786169930365 49.42059184365793
      vertex 187.03268870084273 36.16 49.55812042539033
      vertex 187.05015210337024 36.16 49.57558382791784
    endloop
  endfacet
  facet normal -0.17584192668831164 0.8464903274312475 0.5025273548612873
    outer loop
      vertex 188.6546892915267 36.16 50.57729094532729
      vertex 188.38884414785315 36.66 49.642034622595084
      vertex 188.0417371565591 36.16 50.36280971691701
    endloop
  endfacet
  facet normal -0.2832560588026035 0.8464903274312442 0.4507994351338089
    outer loop
      vertex 188.04701496027454 36.66 49.4272491084374
      vertex 187.6294081563421 36.29786169930365 49.84485591236986
      vertex 188.0417371565591 36.16 50.36280971691701
    endloop
  endfacet
  facet normal -0.28325605880258736 0.8464903274312549 0.45079943513379883
    outer loop
      vertex 187.6294081563421 36.29786169930365 49.84485591236986
      vertex 187.4918795746097 36.16 50.017311299157285
      vertex 188.0417371565591 36.16 50.36280971691701
    endloop
  endfacet
  facet normal -0.3764665493538753 0.8464903274312772 0.37646654935448826
    outer loop
      vertex 187.6294081563421 36.29786169930365 49.84485591236986
      vertex 187.47441617208216 36.16 49.999847896629774
      vertex 187.4918795746097 36.16 50.017311299157285
    endloop
  endfacet
  facet normal 0.18557774756025483 -0.9649465266121873 -0.18557774756025483
    outer loop
      vertex 191.5673112991573 36.16 45.94187957460967
      vertex 191.39485591236988 36.10038413003085 46.07940815634206
      vertex 191.54984789662979 36.16 45.92441617208216
    endloop
  endfacet
  facet normal 0.13962999226771639 -0.9649465266121839 -0.22221985968495123
    outer loop
      vertex 190.55826284344093 36.16 45.13719028308299
      vertex 191.10812042539033 36.16 45.482688700842715
      vertex 190.97059184365796 36.10038413003085 45.655144087630134
    endloop
  endfacet
  facet normal 0.18557774756009984 -0.9649465266121888 -0.18557774756040188
    outer loop
      vertex 191.12558382791786 36.16 45.500152103370226
      vertex 190.97059184365796 36.10038413003085 45.655144087630134
      vertex 191.10812042539033 36.16 45.482688700842715
    endloop
  endfacet
  facet normal 0.13962999226769632 -0.9649465266121903 -0.22221985968493593
    outer loop
      vertex 190.55826284344093 36.16 45.13719028308299
      vertex 190.97059184365796 36.10038413003085 45.655144087630134
      vertex 189.75557792607344 35.66 46.80398268870246
    endloop
  endfacet
  facet normal 0.24771894013569074 -0.9649465266121902 -0.0866806061187845
    outer loop
      vertex 191.91280971691702 36.16 46.49173715655908
      vertex 192.1272909453273 36.16 47.10468929152669
      vertex 190.32367430779092 35.66 47.51635301934587
    endloop
  endfacet
  facet normal 0.22221985968499533 -0.9649465266121848 -0.1396299922676398
    outer loop
      vertex 191.5673112991573 36.16 45.94187957460967
      vertex 190.24601731129755 35.66 47.29442207392656
      vertex 191.39485591236988 36.10038413003085 46.07940815634206
    endloop
  endfacet
  facet normal 0.22221985968493385 -0.96494652661219 -0.13962999226770187
    outer loop
      vertex 191.5673112991573 36.16 45.94187957460967
      vertex 191.91280971691702 36.16 46.49173715655908
      vertex 190.24601731129755 35.66 47.29442207392656
    endloop
  endfacet
  facet normal 0.22221985968492336 -0.9649465266121912 -0.13962999226771003
    outer loop
      vertex 191.39485591236988 36.10038413003085 46.07940815634206
      vertex 190.24601731129755 35.66 47.29442207392656
      vertex 190.22048169512126 35.66 47.253782373590674
    endloop
  endfacet
  facet normal 0.24771894013569284 -0.9649465266121899 -0.08668060611878112
    outer loop
      vertex 191.91280971691702 36.16 46.49173715655908
      vertex 190.32367430779092 35.66 47.51635301934587
      vertex 190.24601731129755 35.66 47.29442207392656
    endloop
  endfacet
  facet normal 0.08668060611878542 -0.9649465266121902 -0.24771894013569049
    outer loop
      vertex 190.55826284344093 36.16 45.13719028308299
      vertex 189.75557792607344 35.66 46.80398268870246
      vertex 189.94531070847333 36.16 44.92270905467271
    endloop
  endfacet
  facet normal 0.029384692432375185 -0.9649465266121903 -0.26079635854383476
    outer loop
      vertex 189.94531070847333 36.16 44.92270905467271
      vertex 189.53364698065414 35.66 46.72632569220909
      vertex 189.3 36.16 44.85
    endloop
  endfacet
  facet normal 0.08668060611878316 -0.9649465266121904 -0.24771894013569074
    outer loop
      vertex 189.94531070847333 36.16 44.92270905467271
      vertex 189.75557792607344 35.66 46.80398268870246
      vertex 189.53364698065414 35.66 46.72632569220909
    endloop
  endfacet
  facet normal -0.029384692432375206 -0.9649465266121902 -0.260796358543835
    outer loop
      vertex 189.3 36.16 44.85
      vertex 189.3 35.66 46.7
      vertex 188.6546892915267 36.16 44.92270905467271
    endloop
  endfacet
  facet normal 0.029384692432376867 -0.96494652661219 -0.260796358543835
    outer loop
      vertex 189.3 36.16 44.85
      vertex 189.53364698065414 35.66 46.72632569220909
      vertex 189.3 35.66 46.7
    endloop
  endfacet
  facet normal -0.02938469243237681 -0.9649465266121903 -0.26079635854383443
    outer loop
      vertex 188.6546892915267 36.16 44.92270905467271
      vertex 189.3 35.66 46.7
      vertex 189.06635301934588 35.66 46.72632569220909
    endloop
  endfacet
  facet normal -0.08668060611878314 -0.9649465266121904 -0.2477189401356907
    outer loop
      vertex 188.6546892915267 36.16 44.92270905467271
      vertex 189.06635301934588 35.66 46.72632569220909
      vertex 188.84442207392658 35.66 46.80398268870246
    endloop
  endfacet
  facet normal 0.13962999226767975 -0.9649465266121889 -0.22221985968495234
    outer loop
      vertex 190.97059184365796 36.10038413003085 45.655144087630134
      vertex 189.79621762640934 35.66 46.82951830487875
      vertex 189.75557792607344 35.66 46.80398268870246
    endloop
  endfacet
  facet normal -0.13962999226767597 -0.9649465266121909 -0.22221985968494615
    outer loop
      vertex 188.0417371565591 36.16 45.13719028308299
      vertex 188.84442207392658 35.66 46.80398268870246
      vertex 188.80378237359068 35.66 46.82951830487875
    endloop
  endfacet
  facet normal 0.2607963585438358 -0.9649465266121897 -0.029384692432378498
    outer loop
      vertex 192.1272909453273 36.16 47.10468929152669
      vertex 192.20000000000002 36.16 47.75
      vertex 190.35000000000002 35.66 47.75
    endloop
  endfacet
  facet normal 0.2607963585438358 -0.9649465266121897 0.029384692432378498
    outer loop
      vertex 192.20000000000002 36.16 47.75
      vertex 192.1272909453273 36.16 48.39531070847331
      vertex 190.35000000000002 35.66 47.75
    endloop
  endfacet
  facet normal 0.2607963585438311 -0.9649465266121907 -0.029384692432392296
    outer loop
      vertex 192.1272909453273 36.16 47.10468929152669
      vertex 190.35000000000002 35.66 47.75
      vertex 190.32367430779092 35.66 47.51635301934587
    endloop
  endfacet
  facet normal 0.24771894013569074 -0.9649465266121902 0.0866806061187845
    outer loop
      vertex 192.1272909453273 36.16 48.39531070847331
      vertex 191.91280971691702 36.16 49.00826284344092
      vertex 190.32367430779092 35.66 47.98364698065413
    endloop
  endfacet
  facet normal 0.26079635854383104 -0.9649465266121907 0.02938469243239229
    outer loop
      vertex 192.1272909453273 36.16 48.39531070847331
      vertex 190.32367430779092 35.66 47.98364698065413
      vertex 190.35000000000002 35.66 47.75
    endloop
  endfacet
  facet normal 0.24771894013569282 -0.9649465266121899 0.0866806061187811
    outer loop
      vertex 191.91280971691702 36.16 49.00826284344092
      vertex 190.24601731129755 35.66 48.20557792607344
      vertex 190.32367430779092 35.66 47.98364698065413
    endloop
  endfacet
  facet normal 0.22221985968493385 -0.96494652661219 0.13962999226770187
    outer loop
      vertex 191.91280971691702 36.16 49.00826284344092
      vertex 191.5673112991573 36.16 49.55812042539033
      vertex 190.24601731129755 35.66 48.20557792607344
    endloop
  endfacet
  facet normal 0.22221985968492347 -0.9649465266121912 0.1396299922677101
    outer loop
      vertex 191.39485591236988 36.10038413003085 49.42059184365794
      vertex 190.22048169512126 35.66 48.246217626409326
      vertex 190.24601731129755 35.66 48.20557792607344
    endloop
  endfacet
  facet normal 0.18557774756025483 -0.9649465266121873 0.18557774756025483
    outer loop
      vertex 191.5673112991573 36.16 49.55812042539033
      vertex 191.54984789662979 36.16 49.57558382791784
      vertex 191.39485591236988 36.10038413003085 49.42059184365794
    endloop
  endfacet
  facet normal 0.22221985968499536 -0.9649465266121848 0.1396299922676398
    outer loop
      vertex 191.5673112991573 36.16 49.55812042539033
      vertex 191.39485591236988 36.10038413003085 49.42059184365794
      vertex 190.24601731129755 35.66 48.20557792607344
    endloop
  endfacet
  facet normal 0.13962999226769682 -0.9649465266121902 0.22221985968493632
    outer loop
      vertex 190.55826284344093 36.16 50.36280971691701
      vertex 189.79621762640934 35.66 48.67048169512125
      vertex 190.97059184365796 36.10038413003085 49.844855912369866
    endloop
  endfacet
  facet normal 0.18557774756009984 -0.9649465266121888 0.18557774756040188
    outer loop
      vertex 191.12558382791786 36.16 49.999847896629774
      vertex 191.10812042539033 36.16 50.017311299157285
      vertex 190.97059184365796 36.10038413003085 49.844855912369866
    endloop
  endfacet
  facet normal 0.13962999226771639 -0.9649465266121839 0.22221985968495123
    outer loop
      vertex 191.10812042539033 36.16 50.017311299157285
      vertex 190.55826284344093 36.16 50.36280971691701
      vertex 190.97059184365796 36.10038413003085 49.844855912369866
    endloop
  endfacet
  facet normal 0.13962999226767597 -0.9649465266121909 0.22221985968494615
    outer loop
      vertex 190.55826284344093 36.16 50.36280971691701
      vertex 189.75557792607344 35.66 48.69601731129754
      vertex 189.79621762640934 35.66 48.67048169512125
    endloop
  endfacet
  facet normal 0.08668060611878314 -0.9649465266121904 0.2477189401356907
    outer loop
      vertex 189.94531070847333 36.16 50.57729094532729
      vertex 189.53364698065414 35.66 48.77367430779091
      vertex 189.75557792607344 35.66 48.69601731129754
    endloop
  endfacet
  facet normal -0.08668060611878316 -0.9649465266121904 0.24771894013569074
    outer loop
      vertex 188.6546892915267 36.16 50.57729094532729
      vertex 188.84442207392658 35.66 48.69601731129754
      vertex 189.06635301934588 35.66 48.77367430779091
    endloop
  endfacet
  facet normal 0.029384692432376867 -0.96494652661219 0.260796358543835
    outer loop
      vertex 189.3 36.16 50.65
      vertex 189.3 35.66 48.8
      vertex 189.53364698065414 35.66 48.77367430779091
    endloop
  endfacet
  facet normal -0.029384692432376867 -0.96494652661219 0.260796358543835
    outer loop
      vertex 189.3 36.16 50.65
      vertex 189.06635301934588 35.66 48.77367430779091
      vertex 189.3 35.66 48.8
    endloop
  endfacet
  facet normal 0.08668060611878539 -0.96494652661219 0.2477189401356904
    outer loop
      vertex 190.55826284344093 36.16 50.36280971691701
      vertex 189.94531070847333 36.16 50.57729094532729
      vertex 189.75557792607344 35.66 48.69601731129754
    endloop
  endfacet
  facet normal 0.029384692432375185 -0.9649465266121903 0.26079635854383476
    outer loop
      vertex 189.94531070847333 36.16 50.57729094532729
      vertex 189.3 36.16 50.65
      vertex 189.53364698065414 35.66 48.77367430779091
    endloop
  endfacet
  facet normal -0.029384692432375185 -0.9649465266121903 0.26079635854383476
    outer loop
      vertex 189.3 36.16 50.65
      vertex 188.6546892915267 36.16 50.57729094532729
      vertex 189.06635301934588 35.66 48.77367430779091
    endloop
  endfacet
  facet normal -0.13962999226771639 -0.9649465266121839 -0.22221985968495123
    outer loop
      vertex 188.0417371565591 36.16 45.13719028308299
      vertex 187.62940815634207 36.10038413003085 45.655144087630134
      vertex 187.4918795746097 36.16 45.482688700842715
    endloop
  endfacet
  facet normal -0.18557774756009987 -0.9649465266121888 -0.1855777475604019
    outer loop
      vertex 187.4918795746097 36.16 45.482688700842715
      vertex 187.62940815634207 36.10038413003085 45.655144087630134
      vertex 187.47441617208216 36.16 45.500152103370226
    endloop
  endfacet
  facet normal -0.18557774756025483 -0.9649465266121873 -0.18557774756025483
    outer loop
      vertex 187.05015210337024 36.16 45.92441617208216
      vertex 187.20514408763015 36.10038413003085 46.07940815634206
      vertex 187.03268870084273 36.16 45.94187957460967
    endloop
  endfacet
  facet normal -0.08668060611878542 -0.9649465266121902 -0.24771894013569049
    outer loop
      vertex 188.6546892915267 36.16 44.92270905467271
      vertex 188.84442207392658 35.66 46.80398268870246
      vertex 188.0417371565591 36.16 45.13719028308299
    endloop
  endfacet
  facet normal -0.13962999226769682 -0.9649465266121902 -0.22221985968493632
    outer loop
      vertex 188.0417371565591 36.16 45.13719028308299
      vertex 188.80378237359068 35.66 46.82951830487875
      vertex 187.62940815634207 36.10038413003085 45.655144087630134
    endloop
  endfacet
  facet normal -0.22221985968492347 -0.9649465266121912 -0.1396299922677101
    outer loop
      vertex 187.20514408763015 36.10038413003085 46.07940815634206
      vertex 188.37951830487876 35.66 47.253782373590674
      vertex 188.35398268870247 35.66 47.29442207392656
    endloop
  endfacet
  facet normal -0.24771894013569282 -0.9649465266121899 -0.0866806061187811
    outer loop
      vertex 186.687190283083 36.16 46.49173715655908
      vertex 188.35398268870247 35.66 47.29442207392656
      vertex 188.2763256922091 35.66 47.51635301934587
    endloop
  endfacet
  facet normal -0.22221985968499536 -0.9649465266121848 -0.1396299922676398
    outer loop
      vertex 187.03268870084273 36.16 45.94187957460967
      vertex 187.20514408763015 36.10038413003085 46.07940815634206
      vertex 188.35398268870247 35.66 47.29442207392656
    endloop
  endfacet
  facet normal -0.22221985968493385 -0.96494652661219 -0.13962999226770187
    outer loop
      vertex 187.03268870084273 36.16 45.94187957460967
      vertex 188.35398268870247 35.66 47.29442207392656
      vertex 186.687190283083 36.16 46.49173715655908
    endloop
  endfacet
  facet normal -0.24771894013569074 -0.9649465266121902 -0.0866806061187845
    outer loop
      vertex 186.687190283083 36.16 46.49173715655908
      vertex 188.2763256922091 35.66 47.51635301934587
      vertex 186.47270905467272 36.16 47.10468929152669
    endloop
  endfacet
  facet normal -0.26079635854383104 -0.9649465266121907 -0.02938469243239229
    outer loop
      vertex 186.47270905467272 36.16 47.10468929152669
      vertex 188.2763256922091 35.66 47.51635301934587
      vertex 188.25 35.66 47.75
    endloop
  endfacet
  facet normal -0.2607963585438358 -0.9649465266121897 -0.029384692432378498
    outer loop
      vertex 186.47270905467272 36.16 47.10468929152669
      vertex 188.25 35.66 47.75
      vertex 186.4 36.16 47.75
    endloop
  endfacet
  facet normal -0.2607963585438358 -0.9649465266121897 0.029384692432378498
    outer loop
      vertex 186.4 36.16 47.75
      vertex 188.25 35.66 47.75
      vertex 186.47270905467272 36.16 48.39531070847331
    endloop
  endfacet
  facet normal -0.2607963585438311 -0.9649465266121907 0.029384692432392296
    outer loop
      vertex 186.47270905467272 36.16 48.39531070847331
      vertex 188.25 35.66 47.75
      vertex 188.2763256922091 35.66 47.98364698065413
    endloop
  endfacet
  facet normal -0.24771894013569284 -0.9649465266121899 0.08668060611878112
    outer loop
      vertex 186.687190283083 36.16 49.00826284344092
      vertex 188.2763256922091 35.66 47.98364698065413
      vertex 188.35398268870247 35.66 48.20557792607344
    endloop
  endfacet
  facet normal -0.22221985968492336 -0.9649465266121912 0.13962999226771003
    outer loop
      vertex 187.20514408763015 36.10038413003085 49.42059184365794
      vertex 188.35398268870247 35.66 48.20557792607344
      vertex 188.37951830487876 35.66 48.246217626409326
    endloop
  endfacet
  facet normal -0.24771894013569074 -0.9649465266121902 0.0866806061187845
    outer loop
      vertex 186.47270905467272 36.16 48.39531070847331
      vertex 188.2763256922091 35.66 47.98364698065413
      vertex 186.687190283083 36.16 49.00826284344092
    endloop
  endfacet
  facet normal -0.22221985968493385 -0.96494652661219 0.13962999226770187
    outer loop
      vertex 186.687190283083 36.16 49.00826284344092
      vertex 188.35398268870247 35.66 48.20557792607344
      vertex 187.03268870084273 36.16 49.55812042539033
    endloop
  endfacet
  facet normal -0.18557774756025483 -0.9649465266121873 0.18557774756025483
    outer loop
      vertex 187.05015210337024 36.16 49.57558382791784
      vertex 187.03268870084273 36.16 49.55812042539033
      vertex 187.20514408763015 36.10038413003085 49.42059184365794
    endloop
  endfacet
  facet normal -0.13962999226767975 -0.9649465266121889 0.22221985968495234
    outer loop
      vertex 187.62940815634207 36.10038413003085 49.844855912369866
      vertex 188.80378237359068 35.66 48.67048169512125
      vertex 188.84442207392658 35.66 48.69601731129754
    endloop
  endfacet
  facet normal -0.13962999226769632 -0.9649465266121903 0.22221985968493593
    outer loop
      vertex 188.0417371565591 36.16 50.36280971691701
      vertex 187.62940815634207 36.10038413003085 49.844855912369866
      vertex 188.84442207392658 35.66 48.69601731129754
    endloop
  endfacet
  facet normal -0.22221985968499533 -0.9649465266121848 0.1396299922676398
    outer loop
      vertex 187.03268870084273 36.16 49.55812042539033
      vertex 188.35398268870247 35.66 48.20557792607344
      vertex 187.20514408763015 36.10038413003085 49.42059184365794
    endloop
  endfacet
  facet normal -0.13962999226771639 -0.9649465266121839 0.22221985968495123
    outer loop
      vertex 188.0417371565591 36.16 50.36280971691701
      vertex 187.4918795746097 36.16 50.017311299157285
      vertex 187.62940815634207 36.10038413003085 49.844855912369866
    endloop
  endfacet
  facet normal -0.18557774756009984 -0.9649465266121888 0.18557774756040188
    outer loop
      vertex 187.47441617208216 36.16 49.999847896629774
      vertex 187.62940815634207 36.10038413003085 49.844855912369866
      vertex 187.4918795746097 36.16 50.017311299157285
    endloop
  endfacet
  facet normal -0.08668060611878539 -0.96494652661219 0.2477189401356904
    outer loop
      vertex 188.6546892915267 36.16 50.57729094532729
      vertex 188.0417371565591 36.16 50.36280971691701
      vertex 188.84442207392658 35.66 48.69601731129754
    endloop
  endfacet
  facet normal 0 -1 0
    outer loop
      vertex 189.79621762640934 35.66 46.82951830487875
      vertex 189.53364698065414 35.66 46.72632569220909
      vertex 189.75557792607344 35.66 46.80398268870246
    endloop
  endfacet
  facet normal 0 -1 0
    outer loop
      vertex 189.79621762640934 35.66 46.82951830487875
      vertex 189.3 35.66 46.7
      vertex 189.53364698065414 35.66 46.72632569220909
    endloop
  endfacet
  facet normal 0 -1 0
    outer loop
      vertex 189.79621762640934 35.66 46.82951830487875
      vertex 189.3 35.66 47.32573593128807
      vertex 189.3 35.66 46.7
    endloop
  endfacet
  facet normal 0 -1 0
    outer loop
      vertex 189.3 35.66 46.7
      vertex 189.3 35.66 47.32573593128807
      vertex 189.06635301934588 35.66 46.72632569220909
    endloop
  endfacet
  facet normal 0 -1 0
    outer loop
      vertex 189.06635301934588 35.66 46.72632569220909
      vertex 189.3 35.66 47.32573593128807
      vertex 188.84442207392658 35.66 46.80398268870246
    endloop
  endfacet
  facet normal 0 -1 0
    outer loop
      vertex 188.84442207392658 35.66 46.80398268870246
      vertex 189.3 35.66 47.32573593128807
      vertex 188.80378237359068 35.66 46.82951830487875
    endloop
  endfacet
  facet normal 0 -1 0
    outer loop
      vertex 190.24601731129755 35.66 47.29442207392656
      vertex 189.72426406871193 35.66 47.75
      vertex 190.22048169512126 35.66 47.253782373590674
    endloop
  endfacet
  facet normal 0 -1 0
    outer loop
      vertex 190.24601731129755 35.66 47.29442207392656
      vertex 190.32367430779092 35.66 47.51635301934587
      vertex 190.32367430779092 35.66 47.98364698065413
    endloop
  endfacet
  facet normal 0 -1 0
    outer loop
      vertex 190.32367430779092 35.66 47.51635301934587
      vertex 190.35000000000002 35.66 47.75
      vertex 190.32367430779092 35.66 47.98364698065413
    endloop
  endfacet
  facet normal 0 -1 0
    outer loop
      vertex 190.24601731129755 35.66 47.29442207392656
      vertex 190.24601731129755 35.66 48.20557792607344
      vertex 189.72426406871193 35.66 47.75
    endloop
  endfacet
  facet normal 0 -1 0
    outer loop
      vertex 190.24601731129755 35.66 47.29442207392656
      vertex 190.32367430779092 35.66 47.98364698065413
      vertex 190.24601731129755 35.66 48.20557792607344
    endloop
  endfacet
  facet normal 0 -1 0
    outer loop
      vertex 188.8757359312881 35.66 47.75
      vertex 188.35398268870247 35.66 47.29442207392656
      vertex 188.37951830487876 35.66 47.253782373590674
    endloop
  endfacet
  facet normal 0 -1 0
    outer loop
      vertex 188.8757359312881 35.66 47.75
      vertex 188.35398268870247 35.66 48.20557792607344
      vertex 188.35398268870247 35.66 47.29442207392656
    endloop
  endfacet
  facet normal 0 -1 0
    outer loop
      vertex 189.72426406871193 35.66 47.75
      vertex 190.24601731129755 35.66 48.20557792607344
      vertex 190.22048169512126 35.66 48.246217626409326
    endloop
  endfacet
  facet normal 0 -1 0
    outer loop
      vertex 189.79621762640934 35.66 48.67048169512125
      vertex 189.75557792607344 35.66 48.69601731129754
      vertex 189.3 35.66 48.17426406871193
    endloop
  endfacet
  facet normal 0 -1 0
    outer loop
      vertex 189.75557792607344 35.66 48.69601731129754
      vertex 189.53364698065414 35.66 48.77367430779091
      vertex 189.3 35.66 48.17426406871193
    endloop
  endfacet
  facet normal 0 -1 0
    outer loop
      vertex 188.8757359312881 35.66 47.75
      vertex 188.37951830487876 35.66 48.246217626409326
      vertex 188.35398268870247 35.66 48.20557792607344
    endloop
  endfacet
  facet normal 0 -1 0
    outer loop
      vertex 189.53364698065414 35.66 48.77367430779091
      vertex 189.3 35.66 48.8
      vertex 189.3 35.66 48.17426406871193
    endloop
  endfacet
  facet normal 0 -1 0
    outer loop
      vertex 189.3 35.66 48.17426406871193
      vertex 189.3 35.66 48.8
      vertex 188.80378237359068 35.66 48.67048169512125
    endloop
  endfacet
  facet normal 0 -1 0
    outer loop
      vertex 189.3 35.66 48.8
      vertex 189.06635301934588 35.66 48.77367430779091
      vertex 188.80378237359068 35.66 48.67048169512125
    endloop
  endfacet
  facet normal 0 -1 0
    outer loop
      vertex 189.06635301934588 35.66 48.77367430779091
      vertex 188.84442207392658 35.66 48.69601731129754
      vertex 188.80378237359068 35.66 48.67048169512125
    endloop
  endfacet
  facet normal 0 -1 0
    outer loop
      vertex 188.35398268870247 35.66 47.29442207392656
      vertex 188.35398268870247 35.66 48.20557792607344
      vertex 188.2763256922091 35.66 47.51635301934587
    endloop
  endfacet
  facet normal 0 -1 0
    outer loop
      vertex 188.2763256922091 35.66 47.51635301934587
      vertex 188.2763256922091 35.66 47.98364698065413
      vertex 188.25 35.66 47.75
    endloop
  endfacet
  facet normal 0 -1 0
    outer loop
      vertex 188.2763256922091 35.66 47.51635301934587
      vertex 188.35398268870247 35.66 48.20557792607344
      vertex 188.2763256922091 35.66 47.98364698065413
    endloop
  endfacet
  facet normal -0.7071067811865415 0 0.7071067811865535
    outer loop
      vertex 189.72426406871193 40.66 47.75
      vertex 189.72426406871193 35.66 47.75
      vertex 190.97724910843743 40.66 49.00298503972548
    endloop
  endfacet
  facet normal 0.7071067811865495 -1.4924398069274682e-17 -0.7071067811865455
    outer loop
      vertex 189.3 40.66 48.17426406871193
      vertex 190.55298503972548 40.66 49.42724910843741
      vertex 190.55298503972548 36.66 49.42724910843741
    endloop
  endfacet
  facet normal -0.7071067811865475 1.3410242530586872e-17 0.7071067811865475
    outer loop
      vertex 189.3 40.66 47.32573593128807
      vertex 188.04701496027454 40.66 46.0727508915626
      vertex 188.04701496027454 36.66 46.0727508915626
    endloop
  endfacet
  facet normal 0.7071067811865476 0 -0.7071067811865476
    outer loop
      vertex 188.8757359312881 40.66 47.75
      vertex 188.8757359312881 35.66 47.75
      vertex 187.62275089156262 40.66 46.49701496027453
    endloop
  endfacet
  facet normal -0.7071067811865499 1.4639371023360207e-15 0.7071067811865452
    outer loop
      vertex 189.3 40.66 47.32573593128807
      vertex 188.04701496027454 36.66 46.0727508915626
      vertex 188.80378237359068 35.66 46.82951830487875
    endloop
  endfacet
  facet normal -0.7071067811865409 0 0.7071067811865542
    outer loop
      vertex 190.97724910843743 40.66 49.00298503972548
      vertex 190.22048169512126 35.66 48.246217626409326
      vertex 190.97724910843743 36.66 49.00298503972548
    endloop
  endfacet
  facet normal -0.7071067811865425 0 0.7071067811865526
    outer loop
      vertex 189.3 40.66 47.32573593128807
      vertex 188.80378237359068 35.66 46.82951830487875
      vertex 189.3 35.66 47.32573593128807
    endloop
  endfacet
  facet normal 0.7071067811865528 2.0464399787537684e-15 -0.7071067811865422
    outer loop
      vertex 189.3 40.66 48.17426406871193
      vertex 190.55298503972548 36.66 49.42724910843741
      vertex 189.79621762640934 35.66 48.67048169512125
    endloop
  endfacet
  facet normal -0.7071067811865425 4.822088998782658e-16 0.7071067811865526
    outer loop
      vertex 190.97724910843743 40.66 49.00298503972548
      vertex 189.72426406871193 35.66 47.75
      vertex 190.22048169512126 35.66 48.246217626409326
    endloop
  endfacet
  facet normal 0.7071067811865425 0 -0.7071067811865526
    outer loop
      vertex 189.3 40.66 48.17426406871193
      vertex 189.79621762640934 35.66 48.67048169512125
      vertex 189.3 35.66 48.17426406871193
    endloop
  endfacet
  facet normal -0.7071067811865558 2.253366238888495e-14 0.7071067811865392
    outer loop
      vertex 190.97724910843743 36.66 49.00298503972548
      vertex 190.22048169512126 35.66 48.246217626409326
      vertex 191.39485591236988 36.297861699303645 49.420591843657945
    endloop
  endfacet
  facet normal -0.7071067811865265 -2.5442362321401598e-14 0.7071067811865687
    outer loop
      vertex 191.39485591236988 36.297861699303645 49.420591843657945
      vertex 191.39485591236988 36.10038413003085 49.42059184365794
      vertex 191.54984789662979 36.16 49.57558382791784
    endloop
  endfacet
  facet normal 0.7071067811865465 1.1541528899025569e-14 -0.7071067811865486
    outer loop
      vertex 190.55298503972548 36.66 49.42724910843741
      vertex 190.97059184365796 36.297861699303645 49.84485591236987
      vertex 189.79621762640934 35.66 48.67048169512125
    endloop
  endfacet
  facet normal -0.7071067811865428 -2.5442362321401008e-14 0.7071067811865522
    outer loop
      vertex 191.39485591236988 36.297861699303645 49.420591843657945
      vertex 190.22048169512126 35.66 48.246217626409326
      vertex 191.39485591236988 36.10038413003085 49.42059184365794
    endloop
  endfacet
  facet normal 0.7071067811865428 2.5442362321401008e-14 -0.7071067811865522
    outer loop
      vertex 190.97059184365796 36.297861699303645 49.84485591236987
      vertex 190.97059184365796 36.10038413003085 49.844855912369866
      vertex 189.79621762640934 35.66 48.67048169512125
    endloop
  endfacet
  facet normal 0.7071067811865427 2.5442362321401015e-14 -0.7071067811865525
    outer loop
      vertex 190.97059184365796 36.297861699303645 49.84485591236987
      vertex 191.12558382791786 36.16 49.999847896629774
      vertex 190.97059184365796 36.10038413003085 49.844855912369866
    endloop
  endfacet
  facet normal 0.7071067811865509 0 -0.7071067811865442
    outer loop
      vertex 187.62275089156262 40.66 46.49701496027453
      vertex 188.37951830487876 35.66 47.253782373590674
      vertex 187.62275089156262 36.66 46.49701496027453
    endloop
  endfacet
  facet normal -0.7071067811865328 7.632708696419713e-14 0.7071067811865622
    outer loop
      vertex 187.6294081563421 36.29786169930365 45.65514408763014
      vertex 187.47441617208216 36.16 45.500152103370226
      vertex 187.62940815634207 36.10038413003085 45.655144087630134
    endloop
  endfacet
  facet normal -0.7071067811865561 -7.988328524769278e-15 0.7071067811865389
    outer loop
      vertex 188.04701496027454 36.66 46.0727508915626
      vertex 187.6294081563421 36.29786169930365 45.65514408763014
      vertex 188.80378237359068 35.66 46.82951830487875
    endloop
  endfacet
  facet normal 0.7071067811865362 2.544236232140033e-14 -0.7071067811865589
    outer loop
      vertex 187.20514408763015 36.29786169930365 46.07940815634207
      vertex 187.20514408763015 36.10038413003085 46.07940815634206
      vertex 187.05015210337024 36.16 45.92441617208216
    endloop
  endfacet
  facet normal -0.7071067811865331 7.632708696419719e-14 0.7071067811865618
    outer loop
      vertex 187.6294081563421 36.29786169930365 45.65514408763014
      vertex 187.62940815634207 36.10038413003085 45.655144087630134
      vertex 188.80378237359068 35.66 46.82951830487875
    endloop
  endfacet
  facet normal 0.7071067811865416 -1.401447337981741e-14 -0.7071067811865535
    outer loop
      vertex 187.62275089156262 36.66 46.49701496027453
      vertex 188.37951830487876 35.66 47.253782373590674
      vertex 187.20514408763015 36.29786169930365 46.07940815634207
    endloop
  endfacet
  facet normal 0.7071067811865522 2.5442362321399752e-14 -0.7071067811865428
    outer loop
      vertex 187.20514408763015 36.29786169930365 46.07940815634207
      vertex 188.37951830487876 35.66 47.253782373590674
      vertex 187.20514408763015 36.10038413003085 46.07940815634206
    endloop
  endfacet
  facet normal 0.7071067811865425 -2.5299480795839985e-15 -0.7071067811865526
    outer loop
      vertex 187.62275089156262 40.66 46.49701496027453
      vertex 188.8757359312881 35.66 47.75
      vertex 188.37951830487876 35.66 47.253782373590674
    endloop
  endfacet
  facet normal -0.7071067811865415 0 -0.7071067811865536
    outer loop
      vertex 190.97724910843743 40.66 46.49701496027452
      vertex 190.97724910843743 36.66 46.49701496027452
      vertex 189.72426406871193 40.66 47.75
    endloop
  endfacet
  facet normal 0.7071067811865495 0 0.7071067811865455
    outer loop
      vertex 190.55298503972548 40.66 46.07275089156259
      vertex 189.3 40.66 47.32573593128807
      vertex 190.55298503972548 36.66 46.07275089156259
    endloop
  endfacet
  facet normal 0.7071067811865475 -1.3410242530586872e-17 0.7071067811865475
    outer loop
      vertex 188.8757359312881 40.66 47.75
      vertex 187.62275089156262 40.66 49.00298503972547
      vertex 187.62275089156262 36.66 49.00298503972547
    endloop
  endfacet
  facet normal -0.7071067811865475 -1.3410242530586872e-17 -0.7071067811865475
    outer loop
      vertex 189.3 40.66 48.17426406871193
      vertex 188.04701496027454 36.66 49.4272491084374
      vertex 188.04701496027454 40.66 49.4272491084374
    endloop
  endfacet
  facet normal 0.7071067811865528 2.0612247024496272e-15 0.7071067811865422
    outer loop
      vertex 189.3 40.66 47.32573593128807
      vertex 189.79621762640934 35.66 46.82951830487875
      vertex 190.55298503972548 36.66 46.07275089156259
    endloop
  endfacet
  facet normal -0.7071067811865265 -2.540932350290501e-14 -0.7071067811865687
    outer loop
      vertex 191.54984789662979 36.16 45.92441617208216
      vertex 191.39485591236988 36.10038413003085 46.07940815634206
      vertex 191.39485591236988 36.297861699303645 46.079408156342055
    endloop
  endfacet
  facet normal 0.7071067811865427 2.5407498361680733e-14 0.7071067811865525
    outer loop
      vertex 191.12558382791786 36.16 45.500152103370226
      vertex 190.97059184365796 36.297861699303645 45.65514408763013
      vertex 190.97059184365796 36.10038413003085 45.655144087630134
    endloop
  endfacet
  facet normal 0.7071067811865526 2.542890737746309e-14 0.7071067811865427
    outer loop
      vertex 190.55298503972548 36.66 46.07275089156259
      vertex 190.97059184365796 36.10038413003085 45.655144087630134
      vertex 190.97059184365796 36.297861699303645 45.65514408763013
    endloop
  endfacet
  facet normal 0.7071067811865449 1.4018982825336871e-14 0.7071067811865501
    outer loop
      vertex 190.55298503972548 36.66 46.07275089156259
      vertex 189.79621762640934 35.66 46.82951830487875
      vertex 190.97059184365796 36.10038413003085 45.655144087630134
    endloop
  endfacet
  facet normal -0.7071067811865558 2.255516864896102e-14 -0.7071067811865392
    outer loop
      vertex 190.97724910843743 36.66 46.49701496027452
      vertex 191.39485591236988 36.297861699303645 46.079408156342055
      vertex 190.22048169512126 35.66 47.253782373590674
    endloop
  endfacet
  facet normal -0.7071067811865428 -2.5442362321401008e-14 -0.7071067811865522
    outer loop
      vertex 191.39485591236988 36.297861699303645 46.079408156342055
      vertex 191.39485591236988 36.10038413003085 46.07940815634206
      vertex 190.22048169512126 35.66 47.253782373590674
    endloop
  endfacet
  facet normal -0.7071067811865415 0 -0.7071067811865535
    outer loop
      vertex 189.72426406871193 40.66 47.75
      vertex 190.97724910843743 36.66 46.49701496027452
      vertex 189.72426406871193 35.66 47.75
    endloop
  endfacet
  facet normal 0.7071067811865425 0 0.7071067811865526
    outer loop
      vertex 189.3 40.66 47.32573593128807
      vertex 189.3 35.66 47.32573593128807
      vertex 189.79621762640934 35.66 46.82951830487875
    endloop
  endfacet
  facet normal -0.7071067811865499 1.4742817509942535e-15 -0.7071067811865452
    outer loop
      vertex 189.3 40.66 48.17426406871193
      vertex 188.80378237359068 35.66 48.67048169512125
      vertex 188.04701496027454 36.66 49.4272491084374
    endloop
  endfacet
  facet normal -0.7071067811865425 0 -0.7071067811865526
    outer loop
      vertex 189.3 40.66 48.17426406871193
      vertex 189.3 35.66 48.17426406871193
      vertex 188.80378237359068 35.66 48.67048169512125
    endloop
  endfacet
  facet normal -0.7071067811865425 2.348226776973333e-15 -0.7071067811865526
    outer loop
      vertex 190.97724910843743 36.66 46.49701496027452
      vertex 190.22048169512126 35.66 47.253782373590674
      vertex 189.72426406871193 35.66 47.75
    endloop
  endfacet
  facet normal 0.7071067811865476 0 0.7071067811865476
    outer loop
      vertex 188.8757359312881 40.66 47.75
      vertex 187.62275089156262 36.66 49.00298503972547
      vertex 188.8757359312881 35.66 47.75
    endloop
  endfacet
  facet normal 0.7071067811865416 -1.403097128503889e-14 0.7071067811865535
    outer loop
      vertex 187.62275089156262 36.66 49.00298503972547
      vertex 187.20514408763015 36.29786169930365 49.42059184365793
      vertex 188.37951830487876 35.66 48.246217626409326
    endloop
  endfacet
  facet normal 0.7071067811865425 -1.269344920867888e-14 0.7071067811865526
    outer loop
      vertex 187.62275089156262 36.66 49.00298503972547
      vertex 188.37951830487876 35.66 48.246217626409326
      vertex 188.8757359312881 35.66 47.75
    endloop
  endfacet
  facet normal -0.7071067811865464 6.9976854542726706e-15 -0.7071067811865489
    outer loop
      vertex 188.04701496027454 36.66 49.4272491084374
      vertex 188.80378237359068 35.66 48.67048169512125
      vertex 187.62940815634207 36.10038413003085 49.844855912369866
    endloop
  endfacet
  facet normal -0.7071067811865926 7.629158074403595e-14 -0.7071067811865024
    outer loop
      vertex 188.04701496027454 36.66 49.4272491084374
      vertex 187.62940815634207 36.10038413003085 49.844855912369866
      vertex 187.6294081563421 36.29786169930365 49.84485591236986
    endloop
  endfacet
  facet normal 0.7071067811865361 2.5442362321400327e-14 0.7071067811865588
    outer loop
      vertex 187.20514408763015 36.29786169930365 49.42059184365793
      vertex 187.05015210337024 36.16 49.57558382791784
      vertex 187.20514408763015 36.10038413003085 49.42059184365794
    endloop
  endfacet
  facet normal 0.7071067811865523 2.5442362321399752e-14 0.7071067811865428
    outer loop
      vertex 187.20514408763015 36.29786169930365 49.42059184365793
      vertex 187.20514408763015 36.10038413003085 49.42059184365794
      vertex 188.37951830487876 35.66 48.246217626409326
    endloop
  endfacet
  facet normal -0.7071067811865328 7.632708696419713e-14 -0.7071067811865622
    outer loop
      vertex 187.6294081563421 36.29786169930365 49.84485591236986
      vertex 187.62940815634207 36.10038413003085 49.844855912369866
      vertex 187.47441617208216 36.16 49.999847896629774
    endloop
  endfacet
  facet normal 0.7071067811865475 0 -0.7071067811865475
    outer loop
      vertex 192.39304066722585 40.66 90.5812234014861
      vertex 192.50550907811893 40.66 90.69369181237919
      vertex 192.39304066722585 36.66 90.5812234014861
    endloop
  endfacet
  facet normal 0.3302790619551702 -4.083682175056217e-18 -0.9438833303083664
    outer loop
      vertex 191.078923330382 40.66 89.55602764160008
      vertex 190.2123358292209 36.66 89.25279556005452
      vertex 190.2123358292209 40.66 89.25279556005452
    endloop
  endfacet
  facet normal 0.7071067811865028 0 -0.7071067811865922
    outer loop
      vertex 191.8563081876208 40.66 90.04449092188108
      vertex 191.96877659851393 40.66 90.15695933277418
      vertex 191.8563081876208 36.66 90.04449092188108
    endloop
  endfacet
  facet normal 0.5320320765153387 0 -0.8467241992282829
    outer loop
      vertex 191.078923330382 40.66 89.55602764160008
      vertex 191.8563081876208 40.66 90.04449092188108
      vertex 191.078923330382 36.66 89.55602764160008
    endloop
  endfacet
  facet normal 0.1119644761033006 -1.4413917869435733e-18 -0.9937122098932434
    outer loop
      vertex 190.2123358292209 40.66 89.25279556005452
      vertex 189.3 36.66 89.15
      vertex 189.3 40.66 89.15
    endloop
  endfacet
  facet normal -0.1119644761033006 1.4413917869435733e-18 -0.9937122098932434
    outer loop
      vertex 189.3 40.66 89.15
      vertex 188.38766417077912 36.66 89.25279556005452
      vertex 188.38766417077912 40.66 89.25279556005452
    endloop
  endfacet
  facet normal 0.8467241992282872 -2.2236947683168967e-18 -0.5320320765153317
    outer loop
      vertex 192.50550907811893 40.66 90.69369181237919
      vertex 192.99397235839993 40.66 91.47107666961801
      vertex 192.99397235839993 36.66 91.47107666961801
    endloop
  endfacet
  facet normal 0.9438833303083664 -4.083682175056217e-18 -0.3302790619551702
    outer loop
      vertex 192.99397235839993 40.66 91.47107666961801
      vertex 193.2972044399455 40.66 92.3376641707791
      vertex 193.2972044399455 36.66 92.3376641707791
    endloop
  endfacet
  facet normal 0.9937122098932434 -1.4413917869435733e-18 -0.1119644761033006
    outer loop
      vertex 193.2972044399455 40.66 92.3376641707791
      vertex 193.4 40.66 93.25
      vertex 193.4 36.66 93.25
    endloop
  endfacet
  facet normal 0.9937122098932434 1.4413917869435733e-18 0.1119644761033006
    outer loop
      vertex 193.4 40.66 93.25
      vertex 193.2972044399455 40.66 94.1623358292209
      vertex 193.2972044399455 36.66 94.1623358292209
    endloop
  endfacet
  facet normal -0.3302790619551702 4.083682175056217e-18 -0.9438833303083664
    outer loop
      vertex 188.38766417077912 40.66 89.25279556005452
      vertex 187.52107666961803 36.66 89.55602764160008
      vertex 187.52107666961803 40.66 89.55602764160008
    endloop
  endfacet
  facet normal -0.5320320765153387 2.928079190771337e-18 -0.8467241992282829
    outer loop
      vertex 187.52107666961803 40.66 89.55602764160008
      vertex 186.7436918123792 36.66 90.04449092188108
      vertex 186.7436918123792 40.66 90.04449092188108
    endloop
  endfacet
  facet normal -0.7071067811865028 -3.260758539132588e-19 -0.7071067811865922
    outer loop
      vertex 186.7436918123792 40.66 90.04449092188108
      vertex 186.6312234014861 36.66 90.15695933277418
      vertex 186.6312234014861 40.66 90.15695933277418
    endloop
  endfacet
  facet normal -0.7071067811865028 -3.260758539132588e-19 -0.7071067811865922
    outer loop
      vertex 186.2069593327742 40.66 90.5812234014861
      vertex 186.0944909218811 36.66 90.6936918123792
      vertex 186.0944909218811 40.66 90.6936918123792
    endloop
  endfacet
  facet normal -0.8467241992282829 0 -0.5320320765153387
    outer loop
      vertex 186.0944909218811 40.66 90.6936918123792
      vertex 186.0944909218811 36.66 90.6936918123792
      vertex 185.6060276416001 40.66 91.47107666961801
    endloop
  endfacet
  facet normal -0.9438833303083664 0 -0.3302790619551702
    outer loop
      vertex 185.6060276416001 40.66 91.47107666961801
      vertex 185.6060276416001 36.66 91.47107666961801
      vertex 185.30279556005453 40.66 92.3376641707791
    endloop
  endfacet
  facet normal -0.9937122098932434 0 -0.1119644761033006
    outer loop
      vertex 185.30279556005453 40.66 92.3376641707791
      vertex 185.30279556005453 36.66 92.3376641707791
      vertex 185.20000000000002 40.66 93.25
    endloop
  endfacet
  facet normal -0.9937122098932434 0 0.1119644761033006
    outer loop
      vertex 185.20000000000002 40.66 93.25
      vertex 185.20000000000002 36.66 93.25
      vertex 185.30279556005453 40.66 94.1623358292209
    endloop
  endfacet
  facet normal 0.3302790619551702 0 -0.9438833303083664
    outer loop
      vertex 191.078923330382 40.66 89.55602764160008
      vertex 191.078923330382 36.66 89.55602764160008
      vertex 190.2123358292209 36.66 89.25279556005452
    endloop
  endfacet
  facet normal 0.7071067811865028 0 -0.7071067811865922
    outer loop
      vertex 191.96877659851393 40.66 90.15695933277418
      vertex 191.96877659851393 36.66 90.15695933277418
      vertex 191.8563081876208 36.66 90.04449092188108
    endloop
  endfacet
  facet normal 0.5320320765153387 0 -0.8467241992282829
    outer loop
      vertex 191.8563081876208 40.66 90.04449092188108
      vertex 191.8563081876208 36.66 90.04449092188108
      vertex 191.078923330382 36.66 89.55602764160008
    endloop
  endfacet
  facet normal 0.1119644761033006 0 -0.9937122098932434
    outer loop
      vertex 190.2123358292209 40.66 89.25279556005452
      vertex 190.2123358292209 36.66 89.25279556005452
      vertex 189.3 36.66 89.15
    endloop
  endfacet
  facet normal -0.1119644761033006 0 -0.9937122098932434
    outer loop
      vertex 189.3 40.66 89.15
      vertex 189.3 36.66 89.15
      vertex 188.38766417077912 36.66 89.25279556005452
    endloop
  endfacet
  facet normal 0.7071067811865475 0 -0.7071067811865475
    outer loop
      vertex 192.50550907811893 40.66 90.69369181237919
      vertex 192.50550907811893 36.66 90.69369181237919
      vertex 192.39304066722585 36.66 90.5812234014861
    endloop
  endfacet
  facet normal 0.8467241992282872 0 -0.5320320765153317
    outer loop
      vertex 192.50550907811893 40.66 90.69369181237919
      vertex 192.99397235839993 36.66 91.47107666961801
      vertex 192.50550907811893 36.66 90.69369181237919
    endloop
  endfacet
  facet normal 0.9438833303083664 0 -0.3302790619551702
    outer loop
      vertex 192.99397235839993 40.66 91.47107666961801
      vertex 193.2972044399455 36.66 92.3376641707791
      vertex 192.99397235839993 36.66 91.47107666961801
    endloop
  endfacet
  facet normal 0.9937122098932434 0 -0.1119644761033006
    outer loop
      vertex 193.2972044399455 40.66 92.3376641707791
      vertex 193.4 36.66 93.25
      vertex 193.2972044399455 36.66 92.3376641707791
    endloop
  endfacet
  facet normal 0.9937122098932434 0 0.1119644761033006
    outer loop
      vertex 193.4 40.66 93.25
      vertex 193.2972044399455 36.66 94.1623358292209
      vertex 193.4 36.66 93.25
    endloop
  endfacet
  facet normal -0.3302790619551702 0 -0.9438833303083664
    outer loop
      vertex 188.38766417077912 40.66 89.25279556005452
      vertex 188.38766417077912 36.66 89.25279556005452
      vertex 187.52107666961803 36.66 89.55602764160008
    endloop
  endfacet
  facet normal -0.5320320765153387 0 -0.8467241992282829
    outer loop
      vertex 187.52107666961803 40.66 89.55602764160008
      vertex 187.52107666961803 36.66 89.55602764160008
      vertex 186.7436918123792 36.66 90.04449092188108
    endloop
  endfacet
  facet normal -0.7071067811865028 0 -0.7071067811865922
    outer loop
      vertex 186.7436918123792 40.66 90.04449092188108
      vertex 186.7436918123792 36.66 90.04449092188108
      vertex 186.6312234014861 36.66 90.15695933277418
    endloop
  endfacet
  facet normal -0.7071067811865028 0 -0.7071067811865922
    outer loop
      vertex 186.2069593327742 40.66 90.5812234014861
      vertex 186.2069593327742 36.66 90.5812234014861
      vertex 186.0944909218811 36.66 90.6936918123792
    endloop
  endfacet
  facet normal -0.8467241992282829 0 -0.5320320765153387
    outer loop
      vertex 185.6060276416001 40.66 91.47107666961801
      vertex 186.0944909218811 36.66 90.6936918123792
      vertex 185.6060276416001 36.66 91.47107666961801
    endloop
  endfacet
  facet normal -0.9438833303083664 0 -0.3302790619551702
    outer loop
      vertex 185.30279556005453 40.66 92.3376641707791
      vertex 185.6060276416001 36.66 91.47107666961801
      vertex 185.30279556005453 36.66 92.3376641707791
    endloop
  endfacet
  facet normal -0.9937122098932434 0 -0.1119644761033006
    outer loop
      vertex 185.20000000000002 40.66 93.25
      vertex 185.30279556005453 36.66 92.3376641707791
      vertex 185.20000000000002 36.66 93.25
    endloop
  endfacet
  facet normal -0.9937122098932434 0 0.1119644761033006
    outer loop
      vertex 185.30279556005453 40.66 94.1623358292209
      vertex 185.20000000000002 36.66 93.25
      vertex 185.30279556005453 36.66 94.1623358292209
    endloop
  endfacet
  facet normal 0.9438833303083664 4.083682175056217e-18 0.3302790619551702
    outer loop
      vertex 193.2972044399455 40.66 94.1623358292209
      vertex 192.99397235839993 40.66 95.02892333038199
      vertex 192.99397235839993 36.66 95.02892333038199
    endloop
  endfacet
  facet normal 0.8467241992282872 2.2236947683168967e-18 0.5320320765153317
    outer loop
      vertex 192.99397235839993 40.66 95.02892333038199
      vertex 192.50550907811893 40.66 95.80630818762081
      vertex 192.50550907811893 36.66 95.80630818762081
    endloop
  endfacet
  facet normal 0.7071067811865475 0 0.7071067811865475
    outer loop
      vertex 192.50550907811893 40.66 95.80630818762081
      vertex 192.39304066722585 40.66 95.9187765985139
      vertex 192.50550907811893 36.66 95.80630818762081
    endloop
  endfacet
  facet normal 0.7071067811865028 0 0.7071067811865922
    outer loop
      vertex 191.96877659851393 40.66 96.34304066722582
      vertex 191.8563081876208 40.66 96.45550907811892
      vertex 191.96877659851393 36.66 96.34304066722582
    endloop
  endfacet
  facet normal 0.5320320765153387 0 0.8467241992282829
    outer loop
      vertex 191.8563081876208 40.66 96.45550907811892
      vertex 191.078923330382 40.66 96.94397235839992
      vertex 191.8563081876208 36.66 96.45550907811892
    endloop
  endfacet
  facet normal 0.3302790619551702 0 0.9438833303083664
    outer loop
      vertex 191.078923330382 40.66 96.94397235839992
      vertex 190.2123358292209 40.66 97.24720443994548
      vertex 191.078923330382 36.66 96.94397235839992
    endloop
  endfacet
  facet normal 0.1119644761033006 0 0.9937122098932434
    outer loop
      vertex 190.2123358292209 40.66 97.24720443994548
      vertex 189.3 40.66 97.35
      vertex 190.2123358292209 36.66 97.24720443994548
    endloop
  endfacet
  facet normal -0.1119644761033006 0 0.9937122098932434
    outer loop
      vertex 189.3 40.66 97.35
      vertex 188.38766417077912 40.66 97.24720443994548
      vertex 189.3 36.66 97.35
    endloop
  endfacet
  facet normal -0.9438833303083664 0 0.3302790619551702
    outer loop
      vertex 185.30279556005453 40.66 94.1623358292209
      vertex 185.30279556005453 36.66 94.1623358292209
      vertex 185.6060276416001 40.66 95.02892333038199
    endloop
  endfacet
  facet normal -0.8467241992282829 0 0.5320320765153387
    outer loop
      vertex 185.6060276416001 40.66 95.02892333038199
      vertex 185.6060276416001 36.66 95.02892333038199
      vertex 186.0944909218811 40.66 95.8063081876208
    endloop
  endfacet
  facet normal -0.7071067811865028 0 0.7071067811865922
    outer loop
      vertex 186.2069593327742 40.66 95.9187765985139
      vertex 186.0944909218811 40.66 95.8063081876208
      vertex 186.2069593327742 36.66 95.9187765985139
    endloop
  endfacet
  facet normal -0.7071067811865028 3.260758539132588e-19 0.7071067811865922
    outer loop
      vertex 186.6312234014861 40.66 96.34304066722582
      vertex 186.7436918123792 36.66 96.45550907811892
      vertex 186.7436918123792 40.66 96.45550907811892
    endloop
  endfacet
  facet normal -0.5320320765153387 -2.928079190771337e-18 0.8467241992282829
    outer loop
      vertex 186.7436918123792 40.66 96.45550907811892
      vertex 187.52107666961803 36.66 96.94397235839992
      vertex 187.52107666961803 40.66 96.94397235839992
    endloop
  endfacet
  facet normal -0.3302790619551702 -4.083682175056217e-18 0.9438833303083664
    outer loop
      vertex 187.52107666961803 40.66 96.94397235839992
      vertex 188.38766417077912 36.66 97.24720443994548
      vertex 188.38766417077912 40.66 97.24720443994548
    endloop
  endfacet
  facet normal 0.9438833303083664 0 0.3302790619551702
    outer loop
      vertex 193.2972044399455 40.66 94.1623358292209
      vertex 192.99397235839993 36.66 95.02892333038199
      vertex 193.2972044399455 36.66 94.1623358292209
    endloop
  endfacet
  facet normal 0.8467241992282872 0 0.5320320765153317
    outer loop
      vertex 192.99397235839993 40.66 95.02892333038199
      vertex 192.50550907811893 36.66 95.80630818762081
      vertex 192.99397235839993 36.66 95.02892333038199
    endloop
  endfacet
  facet normal 0.7071067811865475 0 0.7071067811865475
    outer loop
      vertex 192.39304066722585 40.66 95.9187765985139
      vertex 192.39304066722585 36.66 95.9187765985139
      vertex 192.50550907811893 36.66 95.80630818762081
    endloop
  endfacet
  facet normal 0.7071067811865028 0 0.7071067811865922
    outer loop
      vertex 191.8563081876208 40.66 96.45550907811892
      vertex 191.8563081876208 36.66 96.45550907811892
      vertex 191.96877659851393 36.66 96.34304066722582
    endloop
  endfacet
  facet normal 0.5320320765153387 0 0.8467241992282829
    outer loop
      vertex 191.078923330382 40.66 96.94397235839992
      vertex 191.078923330382 36.66 96.94397235839992
      vertex 191.8563081876208 36.66 96.45550907811892
    endloop
  endfacet
  facet normal 0.3302790619551702 0 0.9438833303083664
    outer loop
      vertex 190.2123358292209 40.66 97.24720443994548
      vertex 190.2123358292209 36.66 97.24720443994548
      vertex 191.078923330382 36.66 96.94397235839992
    endloop
  endfacet
  facet normal 0.1119644761033006 0 0.9937122098932434
    outer loop
      vertex 189.3 40.66 97.35
      vertex 189.3 36.66 97.35
      vertex 190.2123358292209 36.66 97.24720443994548
    endloop
  endfacet
  facet normal -0.1119644761033006 0 0.9937122098932434
    outer loop
      vertex 188.38766417077912 40.66 97.24720443994548
      vertex 188.38766417077912 36.66 97.24720443994548
      vertex 189.3 36.66 97.35
    endloop
  endfacet
  facet normal -0.9438833303083664 -4.083682175056217e-18 0.3302790619551702
    outer loop
      vertex 185.30279556005453 36.66 94.1623358292209
      vertex 185.6060276416001 36.66 95.02892333038199
      vertex 185.6060276416001 40.66 95.02892333038199
    endloop
  endfacet
  facet normal -0.8467241992282829 0 0.5320320765153387
    outer loop
      vertex 186.0944909218811 40.66 95.8063081876208
      vertex 185.6060276416001 36.66 95.02892333038199
      vertex 186.0944909218811 36.66 95.8063081876208
    endloop
  endfacet
  facet normal -0.7071067811865028 0 0.7071067811865922
    outer loop
      vertex 186.0944909218811 40.66 95.8063081876208
      vertex 186.0944909218811 36.66 95.8063081876208
      vertex 186.2069593327742 36.66 95.9187765985139
    endloop
  endfacet
  facet normal -0.7071067811865028 0 0.7071067811865922
    outer loop
      vertex 186.6312234014861 40.66 96.34304066722582
      vertex 186.6312234014861 36.66 96.34304066722582
      vertex 186.7436918123792 36.66 96.45550907811892
    endloop
  endfacet
  facet normal -0.5320320765153387 0 0.8467241992282829
    outer loop
      vertex 186.7436918123792 40.66 96.45550907811892
      vertex 186.7436918123792 36.66 96.45550907811892
      vertex 187.52107666961803 36.66 96.94397235839992
    endloop
  endfacet
  facet normal -0.3302790619551702 0 0.9438833303083664
    outer loop
      vertex 187.52107666961803 40.66 96.94397235839992
      vertex 187.52107666961803 36.66 96.94397235839992
      vertex 188.38766417077912 36.66 97.24720443994548
    endloop
  endfacet
  facet normal 0.3450581169975159 0.8728515290633668 -0.3450581169975159
    outer loop
      vertex 192.39304066722585 36.66 90.5812234014861
      vertex 192.50550907811893 36.66 90.69369181237919
      vertex 193.02543524517287 36.16 89.94882882353906
    endloop
  endfacet
  facet normal 0.3450581169975292 0.8728515290633666 -0.3450581169975025
    outer loop
      vertex 192.41744900929368 36.16 89.34084258765985
      vertex 191.96877659851393 36.66 90.15695933277418
      vertex 192.60117117646095 36.16 89.52456475482714
    endloop
  endfacet
  facet normal 0.34505811699748556 0.8728515290633696 -0.3450581169975389
    outer loop
      vertex 193.02543524517287 36.16 89.94882882353906
      vertex 192.50550907811893 36.66 90.69369181237919
      vertex 193.20915741234018 36.16 90.13255099070633
    endloop
  endfacet
  facet normal 0.05463708215326562 0.8728515290633699 -0.4849175161463176
    outer loop
      vertex 190.4126046697816 36.16 88.37536043909088
      vertex 189.3 36.16 88.25
      vertex 190.2123358292209 36.66 89.25279556005452
    endloop
  endfacet
  facet normal -0.05463708215326562 0.8728515290633699 -0.4849175161463176
    outer loop
      vertex 189.3 36.16 88.25
      vertex 188.18739533021844 36.16 88.37536043909088
      vertex 188.38766417077912 36.66 89.25279556005452
    endloop
  endfacet
  facet normal 0.25962413512228133 0.8728515290633717 -0.41318944404926566
    outer loop
      vertex 191.46941869558782 36.16 88.74515566048791
      vertex 191.078923330382 36.66 89.55602764160008
      vertex 191.8563081876208 36.66 90.04449092188108
    endloop
  endfacet
  facet normal 0.161171515016046 0.8728515290633698 -0.4606017270475325
    outer loop
      vertex 190.4126046697816 36.16 88.37536043909088
      vertex 190.2123358292209 36.66 89.25279556005452
      vertex 191.078923330382 36.66 89.55602764160008
    endloop
  endfacet
  facet normal 0.34505811699748634 0.8728515290633728 -0.3450581169975299
    outer loop
      vertex 192.41744900929368 36.16 89.34084258765985
      vertex 191.8563081876208 36.66 90.04449092188108
      vertex 191.96877659851393 36.66 90.15695933277418
    endloop
  endfacet
  facet normal 0.054637082153261254 0.8728515290633719 -0.4849175161463147
    outer loop
      vertex 189.3 36.16 88.25
      vertex 189.3 36.66 89.15
      vertex 190.2123358292209 36.66 89.25279556005452
    endloop
  endfacet
  facet normal -0.054637082153261254 0.8728515290633719 -0.4849175161463147
    outer loop
      vertex 189.3 36.16 88.25
      vertex 188.38766417077912 36.66 89.25279556005452
      vertex 189.3 36.66 89.15
    endloop
  endfacet
  facet normal 0.25962413512228255 0.8728515290633714 -0.41318944404926583
    outer loop
      vertex 192.41744900929368 36.16 89.34084258765985
      vertex 191.46941869558782 36.16 88.74515566048791
      vertex 191.8563081876208 36.66 90.04449092188108
    endloop
  endfacet
  facet normal 0.16117151501604374 0.8728515290633708 -0.46060172704753166
    outer loop
      vertex 191.46941869558782 36.16 88.74515566048791
      vertex 190.4126046697816 36.16 88.37536043909088
      vertex 191.078923330382 36.66 89.55602764160008
    endloop
  endfacet
  facet normal 0.4131894440492673 0.8728515290633722 -0.2596241351222776
    outer loop
      vertex 193.20915741234018 36.16 90.13255099070633
      vertex 192.50550907811893 36.66 90.69369181237919
      vertex 192.99397235839993 36.66 91.47107666961801
    endloop
  endfacet
  facet normal 0.46060172704753266 0.8728515290633697 -0.16117151501604607
    outer loop
      vertex 192.99397235839993 36.66 91.47107666961801
      vertex 193.2972044399455 36.66 92.3376641707791
      vertex 193.8048443395121 36.16 91.0805813044122
    endloop
  endfacet
  facet normal 0.4131894440492718 0.8728515290633704 -0.2596241351222762
    outer loop
      vertex 193.20915741234018 36.16 90.13255099070633
      vertex 192.99397235839993 36.66 91.47107666961801
      vertex 193.8048443395121 36.16 91.0805813044122
    endloop
  endfacet
  facet normal 0.4606017270475325 0.8728515290633698 -0.1611715150160462
    outer loop
      vertex 193.2972044399455 36.66 92.3376641707791
      vertex 194.17463956090913 36.16 92.13739533021842
      vertex 193.8048443395121 36.16 91.0805813044122
    endloop
  endfacet
  facet normal 0.48491751614631845 0.8728515290633697 -0.054637082153261685
    outer loop
      vertex 193.2972044399455 36.66 92.3376641707791
      vertex 193.4 36.66 93.25
      vertex 194.17463956090913 36.16 92.13739533021842
    endloop
  endfacet
  facet normal 0.48491751614631845 0.8728515290633697 0.054637082153261685
    outer loop
      vertex 193.4 36.66 93.25
      vertex 193.2972044399455 36.66 94.1623358292209
      vertex 194.17463956090913 36.16 94.36260466978158
    endloop
  endfacet
  facet normal 0.48491751614631456 0.8728515290633717 -0.05463708215326527
    outer loop
      vertex 194.17463956090913 36.16 92.13739533021842
      vertex 193.4 36.66 93.25
      vertex 194.3 36.16 93.25
    endloop
  endfacet
  facet normal 0.48491751614631456 0.8728515290633717 0.05463708215326527
    outer loop
      vertex 193.4 36.66 93.25
      vertex 194.17463956090913 36.16 94.36260466978158
      vertex 194.3 36.16 93.25
    endloop
  endfacet
  facet normal -0.161171515016046 0.8728515290633699 -0.4606017270475325
    outer loop
      vertex 188.18739533021844 36.16 88.37536043909088
      vertex 187.52107666961803 36.66 89.55602764160008
      vertex 188.38766417077912 36.66 89.25279556005452
    endloop
  endfacet
  facet normal -0.25962413512228133 0.8728515290633717 -0.41318944404926566
    outer loop
      vertex 187.1305813044122 36.16 88.74515566048791
      vertex 186.7436918123792 36.66 90.04449092188108
      vertex 187.52107666961803 36.66 89.55602764160008
    endloop
  endfacet
  facet normal -0.34505811699749406 0.8728515290633667 -0.3450581169975377
    outer loop
      vertex 186.7436918123792 36.66 90.04449092188108
      vertex 185.99882882353907 36.16 89.52456475482714
      vertex 186.6312234014861 36.66 90.15695933277418
    endloop
  endfacet
  facet normal -0.345058116997487 0.8728515290633722 -0.34505811699753064
    outer loop
      vertex 186.2069593327742 36.66 90.5812234014861
      vertex 185.39084258765985 36.16 90.13255099070633
      vertex 186.0944909218811 36.66 90.6936918123792
    endloop
  endfacet
  facet normal -0.16117151501604374 0.8728515290633708 -0.46060172704753166
    outer loop
      vertex 188.18739533021844 36.16 88.37536043909088
      vertex 187.1305813044122 36.16 88.74515566048791
      vertex 187.52107666961803 36.66 89.55602764160008
    endloop
  endfacet
  facet normal -0.25962413512228255 0.8728515290633714 -0.41318944404926583
    outer loop
      vertex 187.1305813044122 36.16 88.74515566048791
      vertex 186.18255099070635 36.16 89.34084258765985
      vertex 186.7436918123792 36.66 90.04449092188108
    endloop
  endfacet
  facet normal -0.3450581169975245 0.8728515290633705 -0.3450581169974978
    outer loop
      vertex 186.7436918123792 36.66 90.04449092188108
      vertex 186.18255099070635 36.16 89.34084258765985
      vertex 185.99882882353907 36.16 89.52456475482714
    endloop
  endfacet
  facet normal -0.3450581169974833 0.8728515290633715 -0.3450581169975367
    outer loop
      vertex 186.2069593327742 36.66 90.5812234014861
      vertex 185.57456475482715 36.16 89.94882882353906
      vertex 185.39084258765985 36.16 90.13255099070633
    endloop
  endfacet
  facet normal -0.41318944404926217 0.872851529063374 -0.2596241351222791
    outer loop
      vertex 185.39084258765985 36.16 90.13255099070633
      vertex 185.6060276416001 36.66 91.47107666961801
      vertex 186.0944909218811 36.66 90.6936918123792
    endloop
  endfacet
  facet normal -0.46060172704753266 0.8728515290633697 -0.16117151501604607
    outer loop
      vertex 185.6060276416001 36.66 91.47107666961801
      vertex 184.79515566048792 36.16 91.0805813044122
      vertex 185.30279556005453 36.66 92.3376641707791
    endloop
  endfacet
  facet normal -0.41318944404927177 0.8728515290633705 -0.25962413512227617
    outer loop
      vertex 185.39084258765985 36.16 90.13255099070633
      vertex 184.79515566048792 36.16 91.0805813044122
      vertex 185.6060276416001 36.66 91.47107666961801
    endloop
  endfacet
  facet normal -0.4606017270475325 0.8728515290633698 -0.1611715150160462
    outer loop
      vertex 185.30279556005453 36.66 92.3376641707791
      vertex 184.79515566048792 36.16 91.0805813044122
      vertex 184.4253604390909 36.16 92.13739533021842
    endloop
  endfacet
  facet normal -0.48491751614631845 0.8728515290633697 -0.054637082153261685
    outer loop
      vertex 185.30279556005453 36.66 92.3376641707791
      vertex 184.4253604390909 36.16 92.13739533021842
      vertex 185.20000000000002 36.66 93.25
    endloop
  endfacet
  facet normal -0.48491751614631845 0.8728515290633698 0.054637082153261685
    outer loop
      vertex 185.20000000000002 36.66 93.25
      vertex 184.4253604390909 36.16 94.36260466978158
      vertex 185.30279556005453 36.66 94.1623358292209
    endloop
  endfacet
  facet normal -0.48491751614631456 0.8728515290633717 -0.05463708215326527
    outer loop
      vertex 185.20000000000002 36.66 93.25
      vertex 184.4253604390909 36.16 92.13739533021842
      vertex 184.3 36.16 93.25
    endloop
  endfacet
  facet normal -0.48491751614631456 0.8728515290633717 0.05463708215326527
    outer loop
      vertex 185.20000000000002 36.66 93.25
      vertex 184.3 36.16 93.25
      vertex 184.4253604390909 36.16 94.36260466978158
    endloop
  endfacet
  facet normal 0.46060172704753266 0.8728515290633697 0.16117151501604607
    outer loop
      vertex 193.2972044399455 36.66 94.1623358292209
      vertex 192.99397235839993 36.66 95.02892333038199
      vertex 193.8048443395121 36.16 95.4194186955878
    endloop
  endfacet
  facet normal 0.4131894440492673 0.8728515290633722 0.2596241351222776
    outer loop
      vertex 192.99397235839993 36.66 95.02892333038199
      vertex 192.50550907811893 36.66 95.80630818762081
      vertex 193.20915741234018 36.16 96.36744900929367
    endloop
  endfacet
  facet normal 0.34505811699750993 0.8728515290633714 0.34505811699750993
    outer loop
      vertex 192.50550907811893 36.66 95.80630818762081
      vertex 192.39304066722585 36.66 95.9187765985139
      vertex 193.20915741234018 36.16 96.36744900929367
    endloop
  endfacet
  facet normal 0.4606017270475325 0.8728515290633698 0.1611715150160462
    outer loop
      vertex 193.2972044399455 36.66 94.1623358292209
      vertex 193.8048443395121 36.16 95.4194186955878
      vertex 194.17463956090913 36.16 94.36260466978158
    endloop
  endfacet
  facet normal 0.4131894440492718 0.8728515290633704 0.2596241351222762
    outer loop
      vertex 192.99397235839993 36.66 95.02892333038199
      vertex 193.20915741234018 36.16 96.36744900929367
      vertex 193.8048443395121 36.16 95.4194186955878
    endloop
  endfacet
  facet normal 0.3450581169974891 0.8728515290633667 0.3450581169975425
    outer loop
      vertex 192.39304066722585 36.66 95.9187765985139
      vertex 193.02543524517287 36.16 96.55117117646094
      vertex 193.20915741234018 36.16 96.36744900929367
    endloop
  endfacet
  facet normal 0.3450581169975245 0.8728515290633705 0.3450581169974978
    outer loop
      vertex 192.60117117646095 36.16 96.97543524517286
      vertex 191.8563081876208 36.66 96.45550907811892
      vertex 192.41744900929368 36.16 97.15915741234015
    endloop
  endfacet
  facet normal 0.34505811699749406 0.8728515290633667 0.3450581169975377
    outer loop
      vertex 192.60117117646095 36.16 96.97543524517286
      vertex 191.96877659851393 36.66 96.34304066722582
      vertex 191.8563081876208 36.66 96.45550907811892
    endloop
  endfacet
  facet normal 0.25962413512228466 0.8728515290633683 0.413189444049271
    outer loop
      vertex 191.8563081876208 36.66 96.45550907811892
      vertex 191.078923330382 36.66 96.94397235839992
      vertex 191.4694186955878 36.16 97.75484433951209
    endloop
  endfacet
  facet normal 0.161171515016046 0.8728515290633699 0.4606017270475325
    outer loop
      vertex 191.078923330382 36.66 96.94397235839992
      vertex 190.2123358292209 36.66 97.24720443994548
      vertex 190.4126046697816 36.16 98.12463956090912
    endloop
  endfacet
  facet normal 0.05463708215326125 0.8728515290633719 0.4849175161463146
    outer loop
      vertex 190.2123358292209 36.66 97.24720443994548
      vertex 189.3 36.66 97.35
      vertex 189.3 36.16 98.25
    endloop
  endfacet
  facet normal -0.054637082153261685 0.8728515290633698 0.48491751614631845
    outer loop
      vertex 189.3 36.66 97.35
      vertex 188.38766417077912 36.66 97.24720443994548
      vertex 188.18739533021844 36.16 98.12463956090912
    endloop
  endfacet
  facet normal 0.2596241351222773 0.872851529063371 0.4131894440492698
    outer loop
      vertex 192.41744900929368 36.16 97.15915741234015
      vertex 191.8563081876208 36.66 96.45550907811892
      vertex 191.4694186955878 36.16 97.75484433951209
    endloop
  endfacet
  facet normal 0.16117151501604876 0.8728515290633688 0.4606017270475336
    outer loop
      vertex 191.078923330382 36.66 96.94397235839992
      vertex 190.4126046697816 36.16 98.12463956090912
      vertex 191.4694186955878 36.16 97.75484433951209
    endloop
  endfacet
  facet normal 0.05463708215326562 0.8728515290633699 0.4849175161463176
    outer loop
      vertex 190.2123358292209 36.66 97.24720443994548
      vertex 189.3 36.16 98.25
      vertex 190.4126046697816 36.16 98.12463956090912
    endloop
  endfacet
  facet normal -0.05463708215326527 0.8728515290633717 0.48491751614631456
    outer loop
      vertex 189.3 36.66 97.35
      vertex 188.18739533021844 36.16 98.12463956090912
      vertex 189.3 36.16 98.25
    endloop
  endfacet
  facet normal -0.46060172704753266 0.8728515290633697 0.16117151501604607
    outer loop
      vertex 185.30279556005453 36.66 94.1623358292209
      vertex 184.79515566048792 36.16 95.4194186955878
      vertex 185.6060276416001 36.66 95.02892333038199
    endloop
  endfacet
  facet normal -0.41318944404926217 0.872851529063374 0.2596241351222791
    outer loop
      vertex 185.6060276416001 36.66 95.02892333038199
      vertex 185.39084258765985 36.16 96.36744900929367
      vertex 186.0944909218811 36.66 95.8063081876208
    endloop
  endfacet
  facet normal -0.4606017270475325 0.8728515290633698 0.1611715150160462
    outer loop
      vertex 185.30279556005453 36.66 94.1623358292209
      vertex 184.4253604390909 36.16 94.36260466978158
      vertex 184.79515566048792 36.16 95.4194186955878
    endloop
  endfacet
  facet normal -0.4131894440492718 0.8728515290633704 0.2596241351222762
    outer loop
      vertex 185.6060276416001 36.66 95.02892333038199
      vertex 184.79515566048792 36.16 95.4194186955878
      vertex 185.39084258765985 36.16 96.36744900929367
    endloop
  endfacet
  facet normal -0.161171515016046 0.8728515290633698 0.4606017270475325
    outer loop
      vertex 187.52107666961803 36.66 96.94397235839992
      vertex 188.18739533021844 36.16 98.12463956090912
      vertex 188.38766417077912 36.66 97.24720443994548
    endloop
  endfacet
  facet normal -0.25962413512228466 0.8728515290633683 0.413189444049271
    outer loop
      vertex 186.7436918123792 36.66 96.45550907811892
      vertex 187.13058130441223 36.16 97.75484433951209
      vertex 187.52107666961803 36.66 96.94397235839992
    endloop
  endfacet
  facet normal -0.3450581169974882 0.8728515290633715 0.34505811699753175
    outer loop
      vertex 186.2069593327742 36.66 95.9187765985139
      vertex 186.0944909218811 36.66 95.8063081876208
      vertex 185.57456475482715 36.16 96.55117117646094
    endloop
  endfacet
  facet normal -0.3450581169974863 0.8728515290633728 0.34505811699752986
    outer loop
      vertex 186.6312234014861 36.66 96.34304066722582
      vertex 186.18255099070635 36.16 97.15915741234015
      vertex 186.7436918123792 36.66 96.45550907811892
    endloop
  endfacet
  facet normal -0.16117151501604876 0.8728515290633688 0.4606017270475336
    outer loop
      vertex 187.52107666961803 36.66 96.94397235839992
      vertex 187.13058130441223 36.16 97.75484433951209
      vertex 188.18739533021844 36.16 98.12463956090912
    endloop
  endfacet
  facet normal -0.2596241351222773 0.8728515290633709 0.4131894440492699
    outer loop
      vertex 186.7436918123792 36.66 96.45550907811892
      vertex 186.18255099070635 36.16 97.15915741234015
      vertex 187.13058130441223 36.16 97.75484433951209
    endloop
  endfacet
  facet normal -0.34505811699752914 0.8728515290633667 0.34505811699750244
    outer loop
      vertex 186.6312234014861 36.66 96.34304066722582
      vertex 185.99882882353907 36.16 96.97543524517286
      vertex 186.18255099070635 36.16 97.15915741234015
    endloop
  endfacet
  facet normal -0.34505811699748257 0.8728515290633719 0.34505811699753597
    outer loop
      vertex 186.0944909218811 36.66 95.8063081876208
      vertex 185.39084258765985 36.16 96.36744900929367
      vertex 185.57456475482715 36.16 96.55117117646094
    endloop
  endfacet
  facet normal 0.11888997813938969 -0.9857638389573979 -0.11888997813940809
    outer loop
      vertex 193.02543524517287 36.16 89.94882882353906
      vertex 193.20915741234018 36.16 90.13255099070633
      vertex 191.39485591236982 35.76668157307018 91.57940815634211
    endloop
  endfacet
  facet normal 0.05553174075047017 -0.9857638389573978 -0.15870059726792418
    outer loop
      vertex 191.46941869558782 36.16 88.74515566048791
      vertex 190.189461665191 35.66 91.40301382080004
      vertex 190.4126046697816 36.16 88.37536043909088
    endloop
  endfacet
  facet normal 0.11888997813940347 -0.9857638389573979 -0.11888997813939427
    outer loop
      vertex 192.41744900929368 36.16 89.34084258765985
      vertex 192.60117117646095 36.16 89.52456475482714
      vertex 190.9705918436579 35.76668157307018 91.15514408763019
    endloop
  endfacet
  facet normal 0.08945364919316216 -0.985763838957398 -0.14236466714041057
    outer loop
      vertex 192.41744900929368 36.16 89.34084258765985
      vertex 190.9705918436579 35.76668157307018 91.15514408763019
      vertex 191.46941869558782 36.16 88.74515566048791
    endloop
  endfacet
  facet normal 0.08945364919316244 -0.9857638389573979 -0.14236466714041052
    outer loop
      vertex 191.46941869558782 36.16 88.74515566048791
      vertex 190.9705918436579 35.76668157307018 91.15514408763019
      vertex 190.189461665191 35.66 91.40301382080004
    endloop
  endfacet
  facet normal 0.018825238946195005 -0.9857638389573979 -0.1670786167724403
    outer loop
      vertex 190.4126046697816 36.16 88.37536043909088
      vertex 189.75616791461044 35.66 91.25139778002726
      vertex 189.3 36.16 88.25
    endloop
  endfacet
  facet normal -0.01882523894619499 -0.9857638389573979 -0.16707861677244018
    outer loop
      vertex 189.3 36.16 88.25
      vertex 189.3 35.66 91.2
      vertex 188.18739533021844 36.16 88.37536043909088
    endloop
  endfacet
  facet normal 0.05553174075046907 -0.985763838957398 -0.1587005972679243
    outer loop
      vertex 190.4126046697816 36.16 88.37536043909088
      vertex 190.189461665191 35.66 91.40301382080004
      vertex 189.75616791461044 35.66 91.25139778002726
    endloop
  endfacet
  facet normal 0.018825238946194187 -0.9857638389573978 -0.16707861677244015
    outer loop
      vertex 189.3 36.16 88.25
      vertex 189.75616791461044 35.66 91.25139778002726
      vertex 189.3 35.66 91.2
    endloop
  endfacet
  facet normal -0.018825238946194214 -0.9857638389573978 -0.1670786167724404
    outer loop
      vertex 188.18739533021844 36.16 88.37536043909088
      vertex 189.3 35.66 91.2
      vertex 188.84383208538958 35.66 91.25139778002726
    endloop
  endfacet
  facet normal 0.14236466714041282 -0.9857638389573978 -0.08945364919316011
    outer loop
      vertex 193.20915741234018 36.16 90.13255099070633
      vertex 193.8048443395121 36.16 91.0805813044122
      vertex 191.14698617919998 35.66 92.36053833480901
    endloop
  endfacet
  facet normal 0.1587005972679234 -0.9857638389573979 -0.05553174075047064
    outer loop
      vertex 194.17463956090913 36.16 92.13739533021842
      vertex 191.29860221997274 35.66 92.79383208538955
      vertex 193.8048443395121 36.16 91.0805813044122
    endloop
  endfacet
  facet normal 0.16707861677244096 -0.9857638389573977 -0.018825238946195078
    outer loop
      vertex 194.17463956090913 36.16 92.13739533021842
      vertex 194.3 36.16 93.25
      vertex 191.35000000000002 35.66 93.25
    endloop
  endfacet
  facet normal 0.16707861677244096 -0.9857638389573977 0.018825238946195078
    outer loop
      vertex 194.3 36.16 93.25
      vertex 194.17463956090913 36.16 94.36260466978158
      vertex 191.35000000000002 35.66 93.25
    endloop
  endfacet
  facet normal 0.14236466714040608 -0.9857638389573983 -0.08945364919316647
    outer loop
      vertex 193.20915741234018 36.16 90.13255099070633
      vertex 191.14698617919998 35.66 92.36053833480901
      vertex 191.39485591236982 35.76668157307018 91.57940815634211
    endloop
  endfacet
  facet normal 0.1587005972679291 -0.9857638389573975 -0.055531740750462154
    outer loop
      vertex 193.8048443395121 36.16 91.0805813044122
      vertex 191.29860221997274 35.66 92.79383208538955
      vertex 191.14698617919998 35.66 92.36053833480901
    endloop
  endfacet
  facet normal 0.16707861677243763 -0.9857638389573982 -0.018825238946203724
    outer loop
      vertex 194.17463956090913 36.16 92.13739533021842
      vertex 191.35000000000002 35.66 93.25
      vertex 191.29860221997274 35.66 92.79383208538955
    endloop
  endfacet
  facet normal 0.16707861677243763 -0.9857638389573982 0.018825238946203724
    outer loop
      vertex 194.17463956090913 36.16 94.36260466978158
      vertex 191.29860221997274 35.66 93.70616791461045
      vertex 191.35000000000002 35.66 93.25
    endloop
  endfacet
  facet normal -0.05553174075047017 -0.9857638389573978 -0.15870059726792418
    outer loop
      vertex 188.18739533021844 36.16 88.37536043909088
      vertex 188.41053833480902 35.66 91.40301382080004
      vertex 187.1305813044122 36.16 88.74515566048791
    endloop
  endfacet
  facet normal -0.05553174075046906 -0.985763838957398 -0.1587005972679243
    outer loop
      vertex 188.18739533021844 36.16 88.37536043909088
      vertex 188.84383208538958 35.66 91.25139778002726
      vertex 188.41053833480902 35.66 91.40301382080004
    endloop
  endfacet
  facet normal -0.08945364919316623 -0.9857638389573977 -0.14236466714040968
    outer loop
      vertex 187.1305813044122 36.16 88.74515566048791
      vertex 188.08305150376577 35.66 91.60878743505384
      vertex 187.62940815634212 35.76668157307018 91.15514408763019
    endloop
  endfacet
  facet normal -0.08945364919315921 -0.9857638389573979 -0.1423646671404121
    outer loop
      vertex 187.1305813044122 36.16 88.74515566048791
      vertex 188.41053833480902 35.66 91.40301382080004
      vertex 188.08305150376577 35.66 91.60878743505384
    endloop
  endfacet
  facet normal -0.08945364919316216 -0.985763838957398 -0.14236466714041057
    outer loop
      vertex 187.1305813044122 36.16 88.74515566048791
      vertex 187.62940815634212 35.76668157307018 91.15514408763019
      vertex 186.18255099070635 36.16 89.34084258765985
    endloop
  endfacet
  facet normal -0.11888997813940347 -0.9857638389573979 -0.11888997813939427
    outer loop
      vertex 186.18255099070635 36.16 89.34084258765985
      vertex 187.62940815634212 35.76668157307018 91.15514408763019
      vertex 185.99882882353907 36.16 89.52456475482714
    endloop
  endfacet
  facet normal -0.11888997813938969 -0.9857638389573979 -0.11888997813940809
    outer loop
      vertex 185.57456475482715 36.16 89.94882882353906
      vertex 187.2051440876302 35.76668157307018 91.57940815634211
      vertex 185.39084258765985 36.16 90.13255099070633
    endloop
  endfacet
  facet normal -0.1423646671404061 -0.9857638389573983 -0.08945364919316649
    outer loop
      vertex 185.39084258765985 36.16 90.13255099070633
      vertex 187.2051440876302 35.76668157307018 91.57940815634211
      vertex 187.45301382080004 35.66 92.36053833480901
    endloop
  endfacet
  facet normal -0.14236466714041285 -0.9857638389573978 -0.08945364919316012
    outer loop
      vertex 185.39084258765985 36.16 90.13255099070633
      vertex 187.45301382080004 35.66 92.36053833480901
      vertex 184.79515566048792 36.16 91.0805813044122
    endloop
  endfacet
  facet normal -0.15870059726792915 -0.9857638389573975 -0.055531740750462175
    outer loop
      vertex 184.79515566048792 36.16 91.0805813044122
      vertex 187.45301382080004 35.66 92.36053833480901
      vertex 187.3013977800273 35.66 92.79383208538955
    endloop
  endfacet
  facet normal -0.1587005972679234 -0.9857638389573979 -0.05553174075047064
    outer loop
      vertex 184.79515566048792 36.16 91.0805813044122
      vertex 187.3013977800273 35.66 92.79383208538955
      vertex 184.4253604390909 36.16 92.13739533021842
    endloop
  endfacet
  facet normal -0.16707861677243763 -0.9857638389573982 -0.018825238946203724
    outer loop
      vertex 184.4253604390909 36.16 92.13739533021842
      vertex 187.3013977800273 35.66 92.79383208538955
      vertex 187.25 35.66 93.25
    endloop
  endfacet
  facet normal -0.16707861677244093 -0.9857638389573977 -0.018825238946195075
    outer loop
      vertex 184.4253604390909 36.16 92.13739533021842
      vertex 187.25 35.66 93.25
      vertex 184.3 36.16 93.25
    endloop
  endfacet
  facet normal -0.16707861677243763 -0.9857638389573982 0.018825238946203724
    outer loop
      vertex 184.4253604390909 36.16 94.36260466978158
      vertex 187.25 35.66 93.25
      vertex 187.3013977800273 35.66 93.70616791461045
    endloop
  endfacet
  facet normal -0.16707861677244096 -0.9857638389573977 0.018825238946195078
    outer loop
      vertex 184.3 36.16 93.25
      vertex 187.25 35.66 93.25
      vertex 184.4253604390909 36.16 94.36260466978158
    endloop
  endfacet
  facet normal 0.1587005972679234 -0.9857638389573979 0.05553174075047064
    outer loop
      vertex 194.17463956090913 36.16 94.36260466978158
      vertex 193.8048443395121 36.16 95.4194186955878
      vertex 191.29860221997274 35.66 93.70616791461045
    endloop
  endfacet
  facet normal 0.14236466714041282 -0.9857638389573978 0.08945364919316011
    outer loop
      vertex 193.8048443395121 36.16 95.4194186955878
      vertex 193.20915741234018 36.16 96.36744900929367
      vertex 191.14698617919998 35.66 94.13946166519099
    endloop
  endfacet
  facet normal 0.11888997813938969 -0.9857638389573979 0.11888997813940809
    outer loop
      vertex 193.20915741234018 36.16 96.36744900929367
      vertex 193.02543524517287 36.16 96.55117117646094
      vertex 191.39485591236982 35.76668157307018 94.92059184365789
    endloop
  endfacet
  facet normal 0.15870059726792915 -0.9857638389573975 0.055531740750462175
    outer loop
      vertex 193.8048443395121 36.16 95.4194186955878
      vertex 191.14698617919998 35.66 94.13946166519099
      vertex 191.29860221997274 35.66 93.70616791461045
    endloop
  endfacet
  facet normal 0.1423646671404061 -0.9857638389573983 0.08945364919316649
    outer loop
      vertex 193.20915741234018 36.16 96.36744900929367
      vertex 191.39485591236982 35.76668157307018 94.92059184365789
      vertex 191.14698617919998 35.66 94.13946166519099
    endloop
  endfacet
  facet normal 0.08945364919316492 -0.9857638389573977 0.14236466714041102
    outer loop
      vertex 190.9705918436579 35.76668157307018 95.34485591236981
      vertex 191.4694186955878 36.16 97.75484433951209
      vertex 190.51694849623425 35.66 94.89121256494616
    endloop
  endfacet
  facet normal 0.08945364919315965 -0.9857638389573979 0.1423646671404128
    outer loop
      vertex 191.4694186955878 36.16 97.75484433951209
      vertex 190.189461665191 35.66 95.09698617919996
      vertex 190.51694849623425 35.66 94.89121256494616
    endloop
  endfacet
  facet normal 0.11888997813940347 -0.9857638389573979 0.11888997813939427
    outer loop
      vertex 192.60117117646095 36.16 96.97543524517286
      vertex 192.41744900929368 36.16 97.15915741234015
      vertex 190.9705918436579 35.76668157307018 95.34485591236981
    endloop
  endfacet
  facet normal 0.08945364919316036 -0.9857638389573978 0.14236466714041196
    outer loop
      vertex 192.41744900929368 36.16 97.15915741234015
      vertex 191.4694186955878 36.16 97.75484433951209
      vertex 190.9705918436579 35.76668157307018 95.34485591236981
    endloop
  endfacet
  facet normal 0.05553174075047162 -0.9857638389573978 0.15870059726792407
    outer loop
      vertex 191.4694186955878 36.16 97.75484433951209
      vertex 190.4126046697816 36.16 98.12463956090912
      vertex 190.189461665191 35.66 95.09698617919996
    endloop
  endfacet
  facet normal 0.05553174075046906 -0.985763838957398 0.1587005972679243
    outer loop
      vertex 190.4126046697816 36.16 98.12463956090912
      vertex 189.75616791461044 35.66 95.24860221997274
      vertex 190.189461665191 35.66 95.09698617919996
    endloop
  endfacet
  facet normal 0.018825238946194187 -0.9857638389573978 0.16707861677244015
    outer loop
      vertex 189.3 36.16 98.25
      vertex 189.3 35.66 95.3
      vertex 189.75616791461044 35.66 95.24860221997274
    endloop
  endfacet
  facet normal -0.018825238946194187 -0.9857638389573978 0.16707861677244015
    outer loop
      vertex 189.3 36.16 98.25
      vertex 188.84383208538958 35.66 95.24860221997274
      vertex 189.3 35.66 95.3
    endloop
  endfacet
  facet normal 0.018825238946195002 -0.9857638389573979 0.1670786167724403
    outer loop
      vertex 190.4126046697816 36.16 98.12463956090912
      vertex 189.3 36.16 98.25
      vertex 189.75616791461044 35.66 95.24860221997274
    endloop
  endfacet
  facet normal -0.018825238946195005 -0.9857638389573979 0.1670786167724403
    outer loop
      vertex 189.3 36.16 98.25
      vertex 188.18739533021844 36.16 98.12463956090912
      vertex 188.84383208538958 35.66 95.24860221997274
    endloop
  endfacet
  facet normal -0.14236466714040608 -0.9857638389573983 0.08945364919316648
    outer loop
      vertex 187.2051440876302 35.76668157307018 94.92059184365789
      vertex 185.39084258765985 36.16 96.36744900929367
      vertex 187.45301382080004 35.66 94.13946166519099
    endloop
  endfacet
  facet normal -0.1587005972679291 -0.9857638389573975 0.055531740750462154
    outer loop
      vertex 184.79515566048792 36.16 95.4194186955878
      vertex 187.3013977800273 35.66 93.70616791461045
      vertex 187.45301382080004 35.66 94.13946166519099
    endloop
  endfacet
  facet normal -0.1587005972679234 -0.9857638389573979 0.05553174075047064
    outer loop
      vertex 184.79515566048792 36.16 95.4194186955878
      vertex 184.4253604390909 36.16 94.36260466978158
      vertex 187.3013977800273 35.66 93.70616791461045
    endloop
  endfacet
  facet normal -0.14236466714041285 -0.9857638389573978 0.08945364919316012
    outer loop
      vertex 184.79515566048792 36.16 95.4194186955878
      vertex 187.45301382080004 35.66 94.13946166519099
      vertex 185.39084258765985 36.16 96.36744900929367
    endloop
  endfacet
  facet normal -0.1188899781393898 -0.9857638389573979 0.11888997813940806
    outer loop
      vertex 187.2051440876302 35.76668157307018 94.92059184365789
      vertex 185.57456475482715 36.16 96.55117117646094
      vertex 185.39084258765985 36.16 96.36744900929367
    endloop
  endfacet
  facet normal -0.05553174075046907 -0.985763838957398 0.1587005972679243
    outer loop
      vertex 188.18739533021844 36.16 98.12463956090912
      vertex 188.41053833480902 35.66 95.09698617919996
      vertex 188.84383208538958 35.66 95.24860221997274
    endloop
  endfacet
  facet normal -0.08945364919316205 -0.9857638389573977 0.1423646671404116
    outer loop
      vertex 187.62940815634212 35.76668157307018 95.34485591236981
      vertex 188.41053833480902 35.66 95.09698617919996
      vertex 187.13058130441223 36.16 97.75484433951209
    endloop
  endfacet
  facet normal -0.08945364919316036 -0.9857638389573978 0.142364667140412
    outer loop
      vertex 187.62940815634212 35.76668157307018 95.34485591236981
      vertex 187.13058130441223 36.16 97.75484433951209
      vertex 186.18255099070635 36.16 97.15915741234015
    endloop
  endfacet
  facet normal -0.05553174075047162 -0.9857638389573978 0.15870059726792407
    outer loop
      vertex 187.13058130441223 36.16 97.75484433951209
      vertex 188.41053833480902 35.66 95.09698617919996
      vertex 188.18739533021844 36.16 98.12463956090912
    endloop
  endfacet
  facet normal -0.11888997813940351 -0.9857638389573977 0.11888997813939438
    outer loop
      vertex 187.62940815634212 35.76668157307018 95.34485591236981
      vertex 186.18255099070635 36.16 97.15915741234015
      vertex 185.99882882353907 36.16 96.97543524517286
    endloop
  endfacet
  facet normal 0.08945364919316097 -0.9857638389573974 -0.1423646671404149
    outer loop
      vertex 190.9705918436579 35.76668157307018 91.15514408763019
      vertex 190.51694849623425 35.66 91.60878743505384
      vertex 190.189461665191 35.66 91.40301382080004
    endloop
  endfacet
  facet normal 0.14236466714041116 -0.9857638389573977 -0.08945364919316479
    outer loop
      vertex 191.39485591236982 35.76668157307018 91.57940815634211
      vertex 191.14698617919998 35.66 92.36053833480901
      vertex 190.94121256494617 35.66 92.03305150376576
    endloop
  endfacet
  facet normal 0 -1 0
    outer loop
      vertex 190.51694849623425 35.66 91.60878743505384
      vertex 189.75616791461044 35.66 91.25139778002726
      vertex 190.189461665191 35.66 91.40301382080004
    endloop
  endfacet
  facet normal 0 -1 0
    outer loop
      vertex 190.51694849623425 35.66 91.60878743505384
      vertex 189.3 35.66 91.2
      vertex 189.75616791461044 35.66 91.25139778002726
    endloop
  endfacet
  facet normal 0 -1 0
    outer loop
      vertex 190.51694849623425 35.66 91.60878743505384
      vertex 189.3 35.66 92.82573593128808
      vertex 189.3 35.66 91.2
    endloop
  endfacet
  facet normal 0 -1 0
    outer loop
      vertex 189.3 35.66 91.2
      vertex 189.3 35.66 92.82573593128808
      vertex 188.84383208538958 35.66 91.25139778002726
    endloop
  endfacet
  facet normal 0 -1 0
    outer loop
      vertex 188.84383208538958 35.66 91.25139778002726
      vertex 189.3 35.66 92.82573593128808
      vertex 188.41053833480902 35.66 91.40301382080004
    endloop
  endfacet
  facet normal 0 -1 0
    outer loop
      vertex 189.3 35.66 92.82573593128808
      vertex 188.08305150376577 35.66 91.60878743505384
      vertex 188.41053833480902 35.66 91.40301382080004
    endloop
  endfacet
  facet normal 0 -1 0
    outer loop
      vertex 190.94121256494617 35.66 92.03305150376576
      vertex 191.14698617919998 35.66 92.36053833480901
      vertex 189.72426406871193 35.66 93.25
    endloop
  endfacet
  facet normal 0 -1 0
    outer loop
      vertex 191.14698617919998 35.66 92.36053833480901
      vertex 191.29860221997274 35.66 92.79383208538955
      vertex 191.29860221997274 35.66 93.70616791461045
    endloop
  endfacet
  facet normal 0 -1 0
    outer loop
      vertex 191.35000000000002 35.66 93.25
      vertex 191.29860221997274 35.66 93.70616791461045
      vertex 191.29860221997274 35.66 92.79383208538955
    endloop
  endfacet
  facet normal 0 -1 0
    outer loop
      vertex 191.14698617919998 35.66 92.36053833480901
      vertex 191.14698617919998 35.66 94.13946166519099
      vertex 189.72426406871193 35.66 93.25
    endloop
  endfacet
  facet normal 0 -1 0
    outer loop
      vertex 191.14698617919998 35.66 92.36053833480901
      vertex 191.29860221997274 35.66 93.70616791461045
      vertex 191.14698617919998 35.66 94.13946166519099
    endloop
  endfacet
  facet normal 0 -1 0
    outer loop
      vertex 191.14698617919998 35.66 94.13946166519099
      vertex 190.94121256494617 35.66 94.46694849623424
      vertex 189.72426406871193 35.66 93.25
    endloop
  endfacet
  facet normal -0.1423646671404111 -0.9857638389573977 -0.08945364919316477
    outer loop
      vertex 187.2051440876302 35.76668157307018 91.57940815634211
      vertex 187.65878743505385 35.66 92.03305150376576
      vertex 187.45301382080004 35.66 92.36053833480901
    endloop
  endfacet
  facet normal 0 -1 0
    outer loop
      vertex 188.8757359312881 35.66 93.25
      vertex 187.45301382080004 35.66 92.36053833480901
      vertex 187.65878743505385 35.66 92.03305150376576
    endloop
  endfacet
  facet normal 0 -1 0
    outer loop
      vertex 188.8757359312881 35.66 93.25
      vertex 187.45301382080004 35.66 94.13946166519099
      vertex 187.45301382080004 35.66 92.36053833480901
    endloop
  endfacet
  facet normal 0 -1 0
    outer loop
      vertex 187.45301382080004 35.66 92.36053833480901
      vertex 187.45301382080004 35.66 94.13946166519099
      vertex 187.3013977800273 35.66 92.79383208538955
    endloop
  endfacet
  facet normal 0 -1 0
    outer loop
      vertex 187.3013977800273 35.66 92.79383208538955
      vertex 187.3013977800273 35.66 93.70616791461045
      vertex 187.25 35.66 93.25
    endloop
  endfacet
  facet normal 0 -1 0
    outer loop
      vertex 188.8757359312881 35.66 93.25
      vertex 187.65878743505385 35.66 94.46694849623424
      vertex 187.45301382080004 35.66 94.13946166519099
    endloop
  endfacet
  facet normal 0 -1 0
    outer loop
      vertex 187.3013977800273 35.66 92.79383208538955
      vertex 187.45301382080004 35.66 94.13946166519099
      vertex 187.3013977800273 35.66 93.70616791461045
    endloop
  endfacet
  facet normal 0.1423646671404111 -0.9857638389573977 0.08945364919316477
    outer loop
      vertex 191.39485591236982 35.76668157307018 94.92059184365789
      vertex 190.94121256494617 35.66 94.46694849623424
      vertex 191.14698617919998 35.66 94.13946166519099
    endloop
  endfacet
  facet normal 0 -1 0
    outer loop
      vertex 189.3 35.66 93.67426406871192
      vertex 190.51694849623425 35.66 94.89121256494616
      vertex 190.189461665191 35.66 95.09698617919996
    endloop
  endfacet
  facet normal 0 -1 0
    outer loop
      vertex 189.3 35.66 93.67426406871192
      vertex 190.189461665191 35.66 95.09698617919996
      vertex 189.75616791461044 35.66 95.24860221997274
    endloop
  endfacet
  facet normal 0 -1 0
    outer loop
      vertex 189.3 35.66 93.67426406871192
      vertex 189.3 35.66 95.3
      vertex 188.08305150376577 35.66 94.89121256494616
    endloop
  endfacet
  facet normal 0 -1 0
    outer loop
      vertex 189.3 35.66 93.67426406871192
      vertex 189.75616791461044 35.66 95.24860221997274
      vertex 189.3 35.66 95.3
    endloop
  endfacet
  facet normal 0 -1 0
    outer loop
      vertex 189.3 35.66 95.3
      vertex 188.84383208538958 35.66 95.24860221997274
      vertex 188.08305150376577 35.66 94.89121256494616
    endloop
  endfacet
  facet normal 0 -1 0
    outer loop
      vertex 188.84383208538958 35.66 95.24860221997274
      vertex 188.41053833480902 35.66 95.09698617919996
      vertex 188.08305150376577 35.66 94.89121256494616
    endloop
  endfacet
  facet normal -0.08945364919316097 -0.9857638389573974 0.1423646671404149
    outer loop
      vertex 187.62940815634212 35.76668157307018 95.34485591236981
      vertex 188.08305150376577 35.66 94.89121256494616
      vertex 188.41053833480902 35.66 95.09698617919996
    endloop
  endfacet
  facet normal -0.14236466714041116 -0.9857638389573977 0.08945364919316479
    outer loop
      vertex 187.2051440876302 35.76668157307018 94.92059184365789
      vertex 187.45301382080004 35.66 94.13946166519099
      vertex 187.65878743505385 35.66 94.46694849623424
    endloop
  endfacet
  facet normal -0.7071067811865456 0 0.7071067811865493
    outer loop
      vertex 189.3 40.66 92.82573593128808
      vertex 186.6312234014861 40.66 90.15695933277418
      vertex 189.3 35.66 92.82573593128808
    endloop
  endfacet
  facet normal 0.7071067811865493 -9.188928466736565e-16 -0.7071067811865456
    outer loop
      vertex 188.8757359312881 40.66 93.25
      vertex 187.65878743505385 35.66 92.03305150376576
      vertex 186.2069593327742 40.66 90.5812234014861
    endloop
  endfacet
  facet normal -0.7071067811865475 0 0.7071067811865475
    outer loop
      vertex 189.72426406871193 40.66 93.25
      vertex 189.72426406871193 35.66 93.25
      vertex 190.94121256494617 35.66 94.46694849623424
    endloop
  endfacet
  facet normal -0.7071067811865425 0 0.7071067811865526
    outer loop
      vertex 186.6312234014861 40.66 90.15695933277418
      vertex 186.6312234014861 36.66 90.15695933277418
      vertex 187.62940815634212 35.76668157307018 91.15514408763019
    endloop
  endfacet
  facet normal -0.7071067811865493 -1.5377910373684696e-14 0.7071067811865456
    outer loop
      vertex 186.6312234014861 36.66 90.15695933277418
      vertex 185.99882882353907 36.16 89.52456475482714
      vertex 187.62940815634212 35.76668157307018 91.15514408763019
    endloop
  endfacet
  facet normal -0.7071067811865475 -1.9870798127820568e-15 0.7071067811865475
    outer loop
      vertex 186.6312234014861 40.66 90.15695933277418
      vertex 188.08305150376577 35.66 91.60878743505384
      vertex 189.3 35.66 92.82573593128808
    endloop
  endfacet
  facet normal -0.7071067811865477 -2.17001924331347e-15 0.7071067811865472
    outer loop
      vertex 186.6312234014861 40.66 90.15695933277418
      vertex 187.62940815634212 35.76668157307018 91.15514408763019
      vertex 188.08305150376577 35.66 91.60878743505384
    endloop
  endfacet
  facet normal 0.7071067811865472 -2.155221458637077e-15 -0.7071067811865478
    outer loop
      vertex 186.2069593327742 40.66 90.5812234014861
      vertex 187.65878743505385 35.66 92.03305150376576
      vertex 187.2051440876302 35.76668157307018 91.57940815634211
    endloop
  endfacet
  facet normal 0.7071067811865526 0 -0.7071067811865425
    outer loop
      vertex 186.2069593327742 40.66 90.5812234014861
      vertex 187.2051440876302 35.76668157307018 91.57940815634211
      vertex 186.2069593327742 36.66 90.5812234014861
    endloop
  endfacet
  facet normal 0.7071067811865475 0 -0.7071067811865475
    outer loop
      vertex 188.8757359312881 40.66 93.25
      vertex 188.8757359312881 35.66 93.25
      vertex 187.65878743505385 35.66 92.03305150376576
    endloop
  endfacet
  facet normal 0.7071067811865457 -1.5364714097806453e-14 -0.7071067811865495
    outer loop
      vertex 186.2069593327742 36.66 90.5812234014861
      vertex 187.2051440876302 35.76668157307018 91.57940815634211
      vertex 185.57456475482715 36.16 89.94882882353906
    endloop
  endfacet
  facet normal -0.7071067811865456 9.139497537434282e-16 0.7071067811865493
    outer loop
      vertex 189.72426406871193 40.66 93.25
      vertex 190.94121256494617 35.66 94.46694849623424
      vertex 192.39304066722585 40.66 95.9187765985139
    endloop
  endfacet
  facet normal 0.7071067811865456 0 -0.7071067811865493
    outer loop
      vertex 189.3 40.66 93.67426406871192
      vertex 191.96877659851393 40.66 96.34304066722582
      vertex 189.3 35.66 93.67426406871192
    endloop
  endfacet
  facet normal -0.7071067811865478 2.141531781660272e-15 0.7071067811865474
    outer loop
      vertex 192.39304066722585 40.66 95.9187765985139
      vertex 190.94121256494617 35.66 94.46694849623424
      vertex 191.39485591236982 35.76668157307018 94.92059184365789
    endloop
  endfacet
  facet normal 0.7071067811865475 -1.9870798127820568e-15 -0.7071067811865475
    outer loop
      vertex 191.96877659851393 40.66 96.34304066722582
      vertex 190.51694849623425 35.66 94.89121256494616
      vertex 189.3 35.66 93.67426406871192
    endloop
  endfacet
  facet normal -0.7071067811865425 0 0.7071067811865526
    outer loop
      vertex 192.39304066722585 40.66 95.9187765985139
      vertex 191.39485591236982 35.76668157307018 94.92059184365789
      vertex 192.39304066722585 36.66 95.9187765985139
    endloop
  endfacet
  facet normal 0.7071067811865425 0 -0.7071067811865526
    outer loop
      vertex 191.96877659851393 40.66 96.34304066722582
      vertex 191.96877659851393 36.66 96.34304066722582
      vertex 190.9705918436579 35.76668157307018 95.34485591236981
    endloop
  endfacet
  facet normal 0.7071067811865477 -2.17001924331347e-15 -0.7071067811865472
    outer loop
      vertex 191.96877659851393 40.66 96.34304066722582
      vertex 190.9705918436579 35.76668157307018 95.34485591236981
      vertex 190.51694849623425 35.66 94.89121256494616
    endloop
  endfacet
  facet normal -0.7071067811865493 1.5367679744172134e-14 0.7071067811865456
    outer loop
      vertex 192.39304066722585 36.66 95.9187765985139
      vertex 191.39485591236982 35.76668157307018 94.92059184365789
      vertex 193.02543524517287 36.16 96.55117117646094
    endloop
  endfacet
  facet normal 0.7071067811865493 -1.5389018238752954e-14 -0.7071067811865456
    outer loop
      vertex 192.60117117646095 36.16 96.97543524517286
      vertex 190.9705918436579 35.76668157307018 95.34485591236981
      vertex 191.96877659851393 36.66 96.34304066722582
    endloop
  endfacet
  facet normal 0.7071067811865457 0 0.7071067811865495
    outer loop
      vertex 191.96877659851393 40.66 90.15695933277418
      vertex 189.3 40.66 92.82573593128808
      vertex 191.96877659851393 36.66 90.15695933277418
    endloop
  endfacet
  facet normal -0.7071067811865456 1.5681257631373066e-17 -0.7071067811865493
    outer loop
      vertex 192.39304066722585 40.66 90.5812234014861
      vertex 189.72426406871193 35.66 93.25
      vertex 189.72426406871193 40.66 93.25
    endloop
  endfacet
  facet normal 0.7071067811865493 0 0.7071067811865456
    outer loop
      vertex 188.8757359312881 40.66 93.25
      vertex 186.2069593327742 40.66 95.9187765985139
      vertex 188.8757359312881 35.66 93.25
    endloop
  endfacet
  facet normal 0.7071067811865493 -1.5356571879103875e-14 0.7071067811865456
    outer loop
      vertex 192.60117117646095 36.16 89.52456475482714
      vertex 191.96877659851393 36.66 90.15695933277418
      vertex 190.9705918436579 35.76668157307018 91.15514408763019
    endloop
  endfacet
  facet normal -0.7071067811865457 0 -0.7071067811865495
    outer loop
      vertex 192.39304066722585 40.66 90.5812234014861
      vertex 192.39304066722585 36.66 90.5812234014861
      vertex 189.72426406871193 35.66 93.25
    endloop
  endfacet
  facet normal 0.7071067811865437 -2.6329959757770117e-15 0.7071067811865515
    outer loop
      vertex 189.3 40.66 92.82573593128808
      vertex 190.9705918436579 35.76668157307018 91.15514408763019
      vertex 191.96877659851393 36.66 90.15695933277418
    endloop
  endfacet
  facet normal 0.7071067811865476 -5.574498695374993e-17 0.7071067811865476
    outer loop
      vertex 189.3 40.66 92.82573593128808
      vertex 190.51694849623425 35.66 91.60878743505384
      vertex 190.9705918436579 35.76668157307018 91.15514408763019
    endloop
  endfacet
  facet normal 0.7071067811865475 0 0.7071067811865475
    outer loop
      vertex 189.3 40.66 92.82573593128808
      vertex 189.3 35.66 92.82573593128808
      vertex 190.51694849623425 35.66 91.60878743505384
    endloop
  endfacet
  facet normal -0.7071067811865475 0 -0.7071067811865475
    outer loop
      vertex 189.3 40.66 93.67426406871192
      vertex 189.3 35.66 93.67426406871192
      vertex 188.08305150376577 35.66 94.89121256494616
    endloop
  endfacet
  facet normal -0.7071067811865493 1.5377910373684696e-14 -0.7071067811865456
    outer loop
      vertex 192.39304066722585 36.66 90.5812234014861
      vertex 193.02543524517287 36.16 89.94882882353906
      vertex 191.39485591236982 35.76668157307018 91.57940815634211
    endloop
  endfacet
  facet normal -0.7071067811865492 1.535002535243471e-14 -0.7071067811865458
    outer loop
      vertex 192.39304066722585 36.66 90.5812234014861
      vertex 191.39485591236982 35.76668157307018 91.57940815634211
      vertex 190.94121256494617 35.66 92.03305150376576
    endloop
  endfacet
  facet normal -0.7071067811865475 9.935399063910284e-15 -0.7071067811865475
    outer loop
      vertex 192.39304066722585 36.66 90.5812234014861
      vertex 190.94121256494617 35.66 92.03305150376576
      vertex 189.72426406871193 35.66 93.25
    endloop
  endfacet
  facet normal -0.7071067811865457 1.9601572039216334e-17 -0.7071067811865495
    outer loop
      vertex 189.3 40.66 93.67426406871192
      vertex 186.6312234014861 36.66 96.34304066722582
      vertex 186.6312234014861 40.66 96.34304066722582
    endloop
  endfacet
  facet normal -0.7071067811865437 -2.6329959757770117e-15 -0.7071067811865515
    outer loop
      vertex 189.3 40.66 93.67426406871192
      vertex 187.62940815634212 35.76668157307018 95.34485591236981
      vertex 186.6312234014861 36.66 96.34304066722582
    endloop
  endfacet
  facet normal 0.7071067811865493 0 0.7071067811865456
    outer loop
      vertex 186.2069593327742 40.66 95.9187765985139
      vertex 186.2069593327742 36.66 95.9187765985139
      vertex 188.8757359312881 35.66 93.25
    endloop
  endfacet
  facet normal -0.7071067811865476 -5.574498695374993e-17 -0.7071067811865476
    outer loop
      vertex 189.3 40.66 93.67426406871192
      vertex 188.08305150376577 35.66 94.89121256494616
      vertex 187.62940815634212 35.76668157307018 95.34485591236981
    endloop
  endfacet
  facet normal 0.7071067811865475 -9.954915053787595e-15 0.7071067811865475
    outer loop
      vertex 186.2069593327742 36.66 95.9187765985139
      vertex 187.65878743505385 35.66 94.46694849623424
      vertex 188.8757359312881 35.66 93.25
    endloop
  endfacet
  facet normal 0.7071067811865458 -1.5253188935288514e-14 0.7071067811865492
    outer loop
      vertex 186.2069593327742 36.66 95.9187765985139
      vertex 187.2051440876302 35.76668157307018 94.92059184365789
      vertex 187.65878743505385 35.66 94.46694849623424
    endloop
  endfacet
  facet normal 0.7071067811865457 -1.538087602005022e-14 0.7071067811865493
    outer loop
      vertex 186.2069593327742 36.66 95.9187765985139
      vertex 185.57456475482715 36.16 96.55117117646094
      vertex 187.2051440876302 35.76668157307018 94.92059184365789
    endloop
  endfacet
  facet normal -0.7071067811865493 -1.5414786037363864e-14 -0.7071067811865456
    outer loop
      vertex 187.62940815634212 35.76668157307018 95.34485591236981
      vertex 185.99882882353907 36.16 96.97543524517286
      vertex 186.6312234014861 36.66 96.34304066722582
    endloop
  endfacet
  facet normal -1 0 0
    outer loop
      vertex 140.3 40.66 4
      vertex 140.3 3.6599999999999966 4
      vertex 140.3 40.66 116
    endloop
  endfacet
  facet normal 1 0 0
    outer loop
      vertex 143.3 40.66 4
      vertex 143.3 3.6599999999999966 116
      vertex 143.3 3.6599999999999966 4
    endloop
  endfacet
  facet normal 0 -1 0
    outer loop
      vertex 143.3 3.6599999999999966 4
      vertex 143.3 3.6599999999999966 116
      vertex 140.3 3.6599999999999966 4
    endloop
  endfacet
  facet normal 1 0 0
    outer loop
      vertex 143.3 40.66 4
      vertex 143.3 40.66 66.95621090259161
      vertex 143.3 3.6599999999999966 116
    endloop
  endfacet
  facet normal 1 0 0
    outer loop
      vertex 143.3 40.66 66.95621090259161
      vertex 143.3 40.66 116
      vertex 143.3 3.6599999999999966 116
    endloop
  endfacet
  facet normal 0 0 1
    outer loop
      vertex 143.3 40.66 116
      vertex 140.3 40.66 116
      vertex 140.3 3.6599999999999966 116
    endloop
  endfacet
  facet normal -1 0 0
    outer loop
      vertex 140.3 3.6599999999999966 4
      vertex 140.3 3.6599999999999966 116
      vertex 140.3 40.66 116
    endloop
  endfacet
  facet normal 0 -1 0
    outer loop
      vertex 140.3 3.6599999999999966 4
      vertex 143.3 3.6599999999999966 116
      vertex 140.3 3.6599999999999966 116
    endloop
  endfacet
  facet normal 0 0 1
    outer loop
      vertex 143.3 40.66 116
      vertex 140.3 3.6599999999999966 116
      vertex 143.3 3.6599999999999966 116
    endloop
  endfacet
  facet normal 0.7071067811868617 0 -0.7071067811862336
    outer loop
      vertex 79.305 47.66 6.650252531694169
      vertex 79.305 43.66 6.650252531694169
      vertex 79.30000000000001 47.66 6.645252531694169
    endloop
  endfacet
  facet normal -0.7071067811868617 -5.673185643444714e-20 -0.7071067811862336
    outer loop
      vertex 79.29500000000002 47.66 6.650252531694169
      vertex 79.30000000000001 47.66 6.645252531694169
      vertex 79.30000000000001 43.66 6.645252531694169
    endloop
  endfacet
  facet normal 0.7071067811868617 0 -0.7071067811862336
    outer loop
      vertex 79.30000000000001 47.66 6.645252531694169
      vertex 79.305 43.66 6.650252531694169
      vertex 79.30000000000001 43.66 6.645252531694169
    endloop
  endfacet
  facet normal -0.7071067811868617 0 -0.7071067811862336
    outer loop
      vertex 79.29500000000002 47.66 6.650252531694169
      vertex 79.30000000000001 43.66 6.645252531694169
      vertex 79.29500000000002 43.66 6.650252531694169
    endloop
  endfacet
  facet normal 0 1 0
    outer loop
      vertex 79.30000000000001 47.66 6.645252531694169
      vertex 82.33108891324554 47.66 9.850000000000001
      vertex 81.77487373415292 47.66 9.125126265847085
    endloop
  endfacet
  facet normal 0 1 0
    outer loop
      vertex 79.305 47.66 6.650252531694169
      vertex 79.30000000000001 47.66 6.645252531694169
      vertex 81.77487373415292 47.66 9.125126265847085
    endloop
  endfacet
  facet normal 0.7078214273039701 0 -0.7063914120722098
    outer loop
      vertex 79.305 47.66 6.650252531694169
      vertex 81.77487373415292 47.66 9.125126265847085
      vertex 79.305 43.66 6.650252531694169
    endloop
  endfacet
  facet normal 0 1 0
    outer loop
      vertex 79.30000000000001 47.66 6.645252531694169
      vertex 82.80000000000001 47.66 11.600000000000001
      vertex 82.33108891324554 47.66 9.850000000000001
    endloop
  endfacet
  facet normal 0 1 0
    outer loop
      vertex 82.33108891324554 47.66 9.850000000000001
      vertex 82.80000000000001 47.66 11.600000000000001
      vertex 82.68074039201176 47.66 10.694133342141178
    endloop
  endfacet
  facet normal 0 1 0
    outer loop
      vertex 79.30000000000001 47.66 6.645252531694169
      vertex 79.77835429045638 47.66 10.445150584360892
      vertex 82.80000000000001 47.66 11.600000000000001
    endloop
  endfacet
  facet normal 0 1 0
    outer loop
      vertex 79.30000000000001 47.66 6.645252531694169
      vertex 79.30000000000001 47.66 10.350000000000001
      vertex 79.77835429045638 47.66 10.445150584360892
    endloop
  endfacet
  facet normal 0.7933533402912358 -2.358872575195451e-18 -0.6087614290087198
    outer loop
      vertex 82.33108891324554 47.66 9.850000000000001
      vertex 81.77487373415292 43.66 9.125126265847085
      vertex 81.77487373415292 47.66 9.125126265847085
    endloop
  endfacet
  facet normal 0.9238795325112806 -5.065997547957838e-18 -0.3826834323651044
    outer loop
      vertex 82.33108891324554 47.66 9.850000000000001
      vertex 82.68074039201176 47.66 10.694133342141178
      vertex 82.68074039201176 43.66 10.694133342141178
    endloop
  endfacet
  facet normal 0 1 0
    outer loop
      vertex 79.29500000000002 47.66 6.650252531694169
      vertex 76.8251262658471 47.66 9.125126265847085
      vertex 79.30000000000001 47.66 6.645252531694169
    endloop
  endfacet
  facet normal 0 1 0
    outer loop
      vertex 79.30000000000001 47.66 6.645252531694169
      vertex 76.8251262658471 47.66 9.125126265847085
      vertex 76.26891108675449 47.66 9.850000000000001
    endloop
  endfacet
  facet normal -0.7078214273039701 1.1916668998428932e-17 -0.7063914120722098
    outer loop
      vertex 79.29500000000002 47.66 6.650252531694169
      vertex 76.8251262658471 43.66 9.125126265847085
      vertex 76.8251262658471 47.66 9.125126265847085
    endloop
  endfacet
  facet normal 0 1 0
    outer loop
      vertex 79.30000000000001 47.66 6.645252531694169
      vertex 78.82164570954365 47.66 10.445150584360892
      vertex 79.30000000000001 47.66 10.350000000000001
    endloop
  endfacet
  facet normal 0 1 0
    outer loop
      vertex 79.30000000000001 47.66 6.645252531694169
      vertex 78.41611652351682 47.66 10.716116523516817
      vertex 78.82164570954365 47.66 10.445150584360892
    endloop
  endfacet
  facet normal 0 1 0
    outer loop
      vertex 79.30000000000001 47.66 6.645252531694169
      vertex 75.80000000000001 47.66 11.600000000000001
      vertex 78.41611652351682 47.66 10.716116523516817
    endloop
  endfacet
  facet normal 0 1 0
    outer loop
      vertex 79.30000000000001 47.66 6.645252531694169
      vertex 76.26891108675449 47.66 9.850000000000001
      vertex 75.80000000000001 47.66 11.600000000000001
    endloop
  endfacet
  facet normal 0 1 0
    outer loop
      vertex 76.26891108675449 47.66 9.850000000000001
      vertex 75.91925960798827 47.66 10.694133342141178
      vertex 75.80000000000001 47.66 11.600000000000001
    endloop
  endfacet
  facet normal -0.7933533402912358 2.358872575195451e-18 -0.6087614290087198
    outer loop
      vertex 76.8251262658471 47.66 9.125126265847085
      vertex 76.26891108675449 43.66 9.850000000000001
      vertex 76.26891108675449 47.66 9.850000000000001
    endloop
  endfacet
  facet normal -0.9238795325112806 0 -0.3826834323651044
    outer loop
      vertex 76.26891108675449 47.66 9.850000000000001
      vertex 76.26891108675449 43.66 9.850000000000001
      vertex 75.91925960798827 47.66 10.694133342141178
    endloop
  endfacet
  facet normal 0.7078214273039701 -1.1916668998428932e-17 -0.7063914120722098
    outer loop
      vertex 79.305 43.66 6.650252531694169
      vertex 81.77487373415292 47.66 9.125126265847085
      vertex 81.77487373415292 43.66 9.125126265847085
    endloop
  endfacet
  facet normal 0.7933533402912358 0 -0.6087614290087198
    outer loop
      vertex 82.33108891324554 47.66 9.850000000000001
      vertex 82.33108891324554 43.66 9.850000000000001
      vertex 81.77487373415292 43.66 9.125126265847085
    endloop
  endfacet
  facet normal 0.9238795325112806 0 -0.3826834323651044
    outer loop
      vertex 82.33108891324554 47.66 9.850000000000001
      vertex 82.68074039201176 43.66 10.694133342141178
      vertex 82.33108891324554 43.66 9.850000000000001
    endloop
  endfacet
  facet normal -0.7078214273039701 0 -0.7063914120722098
    outer loop
      vertex 79.29500000000002 47.66 6.650252531694169
      vertex 79.29500000000002 43.66 6.650252531694169
      vertex 76.8251262658471 43.66 9.125126265847085
    endloop
  endfacet
  facet normal -0.7933533402912358 0 -0.6087614290087198
    outer loop
      vertex 76.8251262658471 47.66 9.125126265847085
      vertex 76.8251262658471 43.66 9.125126265847085
      vertex 76.26891108675449 43.66 9.850000000000001
    endloop
  endfacet
  facet normal -0.9238795325112806 0 -0.3826834323651044
    outer loop
      vertex 75.91925960798827 47.66 10.694133342141178
      vertex 76.26891108675449 43.66 9.850000000000001
      vertex 75.91925960798827 43.66 10.694133342141178
    endloop
  endfacet
  facet normal 0 1 0
    outer loop
      vertex 82.80000000000001 47.66 11.600000000000001
      vertex 80.1838834764832 47.66 10.716116523516817
      vertex 80.45484941563913 47.66 11.121645709543639
    endloop
  endfacet
  facet normal 0 1 0
    outer loop
      vertex 82.80000000000001 47.66 11.600000000000001
      vertex 80.45484941563913 47.66 11.121645709543639
      vertex 80.55000000000001 47.66 11.600000000000001
    endloop
  endfacet
  facet normal 0 1 0
    outer loop
      vertex 82.80000000000001 47.66 11.600000000000001
      vertex 80.55000000000001 47.66 11.600000000000001
      vertex 80.45484941563913 47.66 12.078354290456364
    endloop
  endfacet
  facet normal 0 1 0
    outer loop
      vertex 82.80000000000001 47.66 11.600000000000001
      vertex 80.45484941563913 47.66 12.078354290456364
      vertex 80.1838834764832 47.66 12.483883476483186
    endloop
  endfacet
  facet normal 0 1 0
    outer loop
      vertex 82.80000000000001 47.66 11.600000000000001
      vertex 79.77835429045638 47.66 10.445150584360892
      vertex 80.1838834764832 47.66 10.716116523516817
    endloop
  endfacet
  facet normal 0.9914448613738113 0 -0.13052619222004494
    outer loop
      vertex 82.68074039201176 47.66 10.694133342141178
      vertex 82.80000000000001 47.66 11.600000000000001
      vertex 82.68074039201176 43.66 10.694133342141178
    endloop
  endfacet
  facet normal 0.9914448613738113 0 0.13052619222004494
    outer loop
      vertex 82.80000000000001 47.66 11.600000000000001
      vertex 82.68074039201176 47.66 12.505866657858824
      vertex 82.80000000000001 43.66 11.600000000000001
    endloop
  endfacet
  facet normal 0 1 0
    outer loop
      vertex 82.80000000000001 47.66 11.600000000000001
      vertex 81.77487373415292 47.66 14.074873734152918
      vertex 82.68074039201176 47.66 12.505866657858824
    endloop
  endfacet
  facet normal 0 1 0
    outer loop
      vertex 82.68074039201176 47.66 12.505866657858824
      vertex 81.77487373415292 47.66 14.074873734152918
      vertex 82.33108891324554 47.66 13.350000000000001
    endloop
  endfacet
  facet normal 0 1 0
    outer loop
      vertex 82.80000000000001 47.66 11.600000000000001
      vertex 79.30000000000001 47.66 15.100000000000001
      vertex 81.77487373415292 47.66 14.074873734152918
    endloop
  endfacet
  facet normal 0 1 0
    outer loop
      vertex 82.80000000000001 47.66 11.600000000000001
      vertex 80.1838834764832 47.66 12.483883476483186
      vertex 79.30000000000001 47.66 15.100000000000001
    endloop
  endfacet
  facet normal 0 1 0
    outer loop
      vertex 79.30000000000001 47.66 15.100000000000001
      vertex 80.1838834764832 47.66 12.483883476483186
      vertex 79.77835429045638 47.66 12.75484941563911
    endloop
  endfacet
  facet normal 0 1 0
    outer loop
      vertex 79.30000000000001 47.66 15.100000000000001
      vertex 79.77835429045638 47.66 12.75484941563911
      vertex 79.30000000000001 47.66 12.850000000000001
    endloop
  endfacet
  facet normal 0.9238795325112806 5.065997547957838e-18 0.3826834323651044
    outer loop
      vertex 82.68074039201176 47.66 12.505866657858824
      vertex 82.33108891324554 47.66 13.350000000000001
      vertex 82.33108891324554 43.66 13.350000000000001
    endloop
  endfacet
  facet normal 0.7933533402912358 0 0.6087614290087198
    outer loop
      vertex 82.33108891324554 47.66 13.350000000000001
      vertex 81.77487373415292 47.66 14.074873734152918
      vertex 82.33108891324554 43.66 13.350000000000001
    endloop
  endfacet
  facet normal 0.6087614290087244 0 0.7933533402912322
    outer loop
      vertex 81.77487373415292 47.66 14.074873734152918
      vertex 81.05000000000001 47.66 14.631088913245536
      vertex 81.77487373415292 43.66 14.074873734152918
    endloop
  endfacet
  facet normal 0 1 0
    outer loop
      vertex 75.80000000000001 47.66 11.600000000000001
      vertex 78.14515058436089 47.66 11.121645709543639
      vertex 78.41611652351682 47.66 10.716116523516817
    endloop
  endfacet
  facet normal 0 1 0
    outer loop
      vertex 75.80000000000001 47.66 11.600000000000001
      vertex 78.05000000000001 47.66 11.600000000000001
      vertex 78.14515058436089 47.66 11.121645709543639
    endloop
  endfacet
  facet normal 0 1 0
    outer loop
      vertex 75.80000000000001 47.66 11.600000000000001
      vertex 78.14515058436089 47.66 12.078354290456364
      vertex 78.05000000000001 47.66 11.600000000000001
    endloop
  endfacet
  facet normal 0 1 0
    outer loop
      vertex 75.80000000000001 47.66 11.600000000000001
      vertex 78.41611652351682 47.66 12.483883476483186
      vertex 78.14515058436089 47.66 12.078354290456364
    endloop
  endfacet
  facet normal -0.9914448613738113 1.736648571790586e-18 -0.13052619222004494
    outer loop
      vertex 75.91925960798827 47.66 10.694133342141178
      vertex 75.80000000000001 43.66 11.600000000000001
      vertex 75.80000000000001 47.66 11.600000000000001
    endloop
  endfacet
  facet normal -0.9914448613738113 0 0.13052619222004494
    outer loop
      vertex 75.80000000000001 47.66 11.600000000000001
      vertex 75.80000000000001 43.66 11.600000000000001
      vertex 75.91925960798827 47.66 12.505866657858824
    endloop
  endfacet
  facet normal 0 1 0
    outer loop
      vertex 79.30000000000001 47.66 15.100000000000001
      vertex 79.30000000000001 47.66 12.850000000000001
      vertex 78.82164570954365 47.66 12.75484941563911
    endloop
  endfacet
  facet normal 0 1 0
    outer loop
      vertex 79.30000000000001 47.66 15.100000000000001
      vertex 78.82164570954365 47.66 12.75484941563911
      vertex 78.41611652351682 47.66 12.483883476483186
    endloop
  endfacet
  facet normal 0 1 0
    outer loop
      vertex 75.80000000000001 47.66 11.600000000000001
      vertex 79.30000000000001 47.66 15.100000000000001
      vertex 78.41611652351682 47.66 12.483883476483186
    endloop
  endfacet
  facet normal 0 1 0
    outer loop
      vertex 75.80000000000001 47.66 11.600000000000001
      vertex 76.8251262658471 47.66 14.074873734152918
      vertex 79.30000000000001 47.66 15.100000000000001
    endloop
  endfacet
  facet normal 0 1 0
    outer loop
      vertex 75.80000000000001 47.66 11.600000000000001
      vertex 75.91925960798827 47.66 12.505866657858824
      vertex 76.8251262658471 47.66 14.074873734152918
    endloop
  endfacet
  facet normal 0 1 0
    outer loop
      vertex 75.91925960798827 47.66 12.505866657858824
      vertex 76.26891108675449 47.66 13.350000000000001
      vertex 76.8251262658471 47.66 14.074873734152918
    endloop
  endfacet
  facet normal -0.6087614290087244 -2.2742503189125694e-18 0.7933533402912322
    outer loop
      vertex 76.8251262658471 47.66 14.074873734152918
      vertex 77.55000000000001 43.66 14.631088913245536
      vertex 77.55000000000001 47.66 14.631088913245536
    endloop
  endfacet
  facet normal -0.9238795325112806 0 0.3826834323651044
    outer loop
      vertex 75.91925960798827 47.66 12.505866657858824
      vertex 75.91925960798827 43.66 12.505866657858824
      vertex 76.26891108675449 47.66 13.350000000000001
    endloop
  endfacet
  facet normal -0.7933533402912358 -2.358872575195451e-18 0.6087614290087198
    outer loop
      vertex 76.26891108675449 47.66 13.350000000000001
      vertex 76.8251262658471 43.66 14.074873734152918
      vertex 76.8251262658471 47.66 14.074873734152918
    endloop
  endfacet
  facet normal 0.9914448613738113 0 -0.13052619222004494
    outer loop
      vertex 82.80000000000001 47.66 11.600000000000001
      vertex 82.80000000000001 43.66 11.600000000000001
      vertex 82.68074039201176 43.66 10.694133342141178
    endloop
  endfacet
  facet normal 0.9914448613738113 0 0.13052619222004494
    outer loop
      vertex 82.68074039201176 47.66 12.505866657858824
      vertex 82.68074039201176 43.66 12.505866657858824
      vertex 82.80000000000001 43.66 11.600000000000001
    endloop
  endfacet
  facet normal 0.9238795325112806 0 0.3826834323651044
    outer loop
      vertex 82.68074039201176 47.66 12.505866657858824
      vertex 82.33108891324554 43.66 13.350000000000001
      vertex 82.68074039201176 43.66 12.505866657858824
    endloop
  endfacet
  facet normal 0.7933533402912358 0 0.6087614290087198
    outer loop
      vertex 81.77487373415292 47.66 14.074873734152918
      vertex 81.77487373415292 43.66 14.074873734152918
      vertex 82.33108891324554 43.66 13.350000000000001
    endloop
  endfacet
  facet normal 0.6087614290087244 2.2742503189125694e-18 0.7933533402912322
    outer loop
      vertex 81.77487373415292 43.66 14.074873734152918
      vertex 81.05000000000001 47.66 14.631088913245536
      vertex 81.05000000000001 43.66 14.631088913245536
    endloop
  endfacet
  facet normal -0.9914448613738113 0 -0.13052619222004494
    outer loop
      vertex 75.91925960798827 47.66 10.694133342141178
      vertex 75.91925960798827 43.66 10.694133342141178
      vertex 75.80000000000001 43.66 11.600000000000001
    endloop
  endfacet
  facet normal -0.9914448613738113 0 0.13052619222004494
    outer loop
      vertex 75.91925960798827 47.66 12.505866657858824
      vertex 75.80000000000001 43.66 11.600000000000001
      vertex 75.91925960798827 43.66 12.505866657858824
    endloop
  endfacet
  facet normal -0.7933533402912358 0 0.6087614290087198
    outer loop
      vertex 76.26891108675449 47.66 13.350000000000001
      vertex 76.26891108675449 43.66 13.350000000000001
      vertex 76.8251262658471 43.66 14.074873734152918
    endloop
  endfacet
  facet normal -0.9238795325112806 0 0.3826834323651044
    outer loop
      vertex 76.26891108675449 47.66 13.350000000000001
      vertex 75.91925960798827 43.66 12.505866657858824
      vertex 76.26891108675449 43.66 13.350000000000001
    endloop
  endfacet
  facet normal -0.6087614290087244 0 0.7933533402912322
    outer loop
      vertex 76.8251262658471 47.66 14.074873734152918
      vertex 76.8251262658471 43.66 14.074873734152918
      vertex 77.55000000000001 43.66 14.631088913245536
    endloop
  endfacet
  facet normal 0 1 0
    outer loop
      vertex 81.77487373415292 47.66 14.074873734152918
      vertex 80.20586665785882 47.66 14.98074039201174
      vertex 81.05000000000001 47.66 14.631088913245536
    endloop
  endfacet
  facet normal 0 1 0
    outer loop
      vertex 81.77487373415292 47.66 14.074873734152918
      vertex 79.30000000000001 47.66 15.100000000000001
      vertex 80.20586665785882 47.66 14.98074039201174
    endloop
  endfacet
  facet normal 0.38268343236508395 -1.0152488487825368e-18 0.9238795325112892
    outer loop
      vertex 81.05000000000001 47.66 14.631088913245536
      vertex 80.20586665785882 47.66 14.98074039201174
      vertex 80.20586665785882 43.66 14.98074039201174
    endloop
  endfacet
  facet normal 0.1305261922200546 -8.526314443638134e-19 0.99144486137381
    outer loop
      vertex 80.20586665785882 47.66 14.98074039201174
      vertex 79.30000000000001 47.66 15.100000000000001
      vertex 79.30000000000001 43.66 15.100000000000001
    endloop
  endfacet
  facet normal 0 1 0
    outer loop
      vertex 76.8251262658471 47.66 14.074873734152918
      vertex 78.3941333421412 47.66 14.98074039201174
      vertex 79.30000000000001 47.66 15.100000000000001
    endloop
  endfacet
  facet normal 0 1 0
    outer loop
      vertex 76.8251262658471 47.66 14.074873734152918
      vertex 77.55000000000001 47.66 14.631088913245536
      vertex 78.3941333421412 47.66 14.98074039201174
    endloop
  endfacet
  facet normal -0.1305261922200546 0 0.99144486137381
    outer loop
      vertex 79.30000000000001 47.66 15.100000000000001
      vertex 78.3941333421412 47.66 14.98074039201174
      vertex 79.30000000000001 43.66 15.100000000000001
    endloop
  endfacet
  facet normal -0.38268343236508395 1.0152488487825368e-18 0.9238795325112892
    outer loop
      vertex 78.3941333421412 47.66 14.98074039201174
      vertex 77.55000000000001 47.66 14.631088913245536
      vertex 77.55000000000001 43.66 14.631088913245536
    endloop
  endfacet
  facet normal 0.38268343236508395 0 0.9238795325112892
    outer loop
      vertex 81.05000000000001 47.66 14.631088913245536
      vertex 80.20586665785882 43.66 14.98074039201174
      vertex 81.05000000000001 43.66 14.631088913245536
    endloop
  endfacet
  facet normal 0.1305261922200546 0 0.99144486137381
    outer loop
      vertex 80.20586665785882 47.66 14.98074039201174
      vertex 79.30000000000001 43.66 15.100000000000001
      vertex 80.20586665785882 43.66 14.98074039201174
    endloop
  endfacet
  facet normal -0.1305261922200546 0 0.99144486137381
    outer loop
      vertex 78.3941333421412 47.66 14.98074039201174
      vertex 78.3941333421412 43.66 14.98074039201174
      vertex 79.30000000000001 43.66 15.100000000000001
    endloop
  endfacet
  facet normal -0.38268343236508395 0 0.9238795325112892
    outer loop
      vertex 78.3941333421412 47.66 14.98074039201174
      vertex 77.55000000000001 43.66 14.631088913245536
      vertex 78.3941333421412 43.66 14.98074039201174
    endloop
  endfacet
  facet normal 0.7071067811875524 0 -0.7071067811855427
    outer loop
      vertex 79.305 47.66 99.45025253169418
      vertex 79.305 43.66 99.45025253169418
      vertex 79.30000000000001 47.66 99.44525253169417
    endloop
  endfacet
  facet normal -0.7071067811875524 -4.714877100933568e-20 -0.7071067811855427
    outer loop
      vertex 79.29500000000002 47.66 99.45025253169418
      vertex 79.30000000000001 47.66 99.44525253169417
      vertex 79.30000000000001 43.66 99.44525253169417
    endloop
  endfacet
  facet normal 0 1 0
    outer loop
      vertex 79.30000000000001 47.66 99.44525253169417
      vertex 82.33108891324554 47.66 102.65
      vertex 81.77487373415292 47.66 101.92512626584708
    endloop
  endfacet
  facet normal 0 1 0
    outer loop
      vertex 79.305 47.66 99.45025253169418
      vertex 79.30000000000001 47.66 99.44525253169417
      vertex 81.77487373415292 47.66 101.92512626584708
    endloop
  endfacet
  facet normal 0.707821427303969 0 -0.7063914120722109
    outer loop
      vertex 79.305 47.66 99.45025253169418
      vertex 81.77487373415292 47.66 101.92512626584708
      vertex 79.305 43.66 99.45025253169418
    endloop
  endfacet
  facet normal 0 1 0
    outer loop
      vertex 79.29500000000002 47.66 99.45025253169418
      vertex 76.8251262658471 47.66 101.92512626584708
      vertex 79.30000000000001 47.66 99.44525253169417
    endloop
  endfacet
  facet normal 0 1 0
    outer loop
      vertex 79.30000000000001 47.66 99.44525253169417
      vertex 76.8251262658471 47.66 101.92512626584708
      vertex 76.26891108675449 47.66 102.65
    endloop
  endfacet
  facet normal -0.707821427303969 2.6450751582251623e-17 -0.7063914120722109
    outer loop
      vertex 79.29500000000002 47.66 99.45025253169418
      vertex 76.8251262658471 43.66 101.92512626584708
      vertex 76.8251262658471 47.66 101.92512626584708
    endloop
  endfacet
  facet normal 0.7071067811875524 0 -0.7071067811855427
    outer loop
      vertex 79.30000000000001 47.66 99.44525253169417
      vertex 79.305 43.66 99.45025253169418
      vertex 79.30000000000001 43.66 99.44525253169417
    endloop
  endfacet
  facet normal -0.7071067811875524 0 -0.7071067811855427
    outer loop
      vertex 79.29500000000002 47.66 99.45025253169418
      vertex 79.30000000000001 43.66 99.44525253169417
      vertex 79.29500000000002 43.66 99.45025253169418
    endloop
  endfacet
  facet normal 0.707821427303969 -2.6450751582251623e-17 -0.7063914120722109
    outer loop
      vertex 79.305 43.66 99.45025253169418
      vertex 81.77487373415292 47.66 101.92512626584708
      vertex 81.77487373415292 43.66 101.92512626584708
    endloop
  endfacet
  facet normal -0.707821427303969 0 -0.7063914120722109
    outer loop
      vertex 79.29500000000002 47.66 99.45025253169418
      vertex 79.29500000000002 43.66 99.45025253169418
      vertex 76.8251262658471 43.66 101.92512626584708
    endloop
  endfacet
  facet normal 0 1 0
    outer loop
      vertex 79.30000000000001 47.66 99.44525253169417
      vertex 82.80000000000001 47.66 104.4
      vertex 82.33108891324554 47.66 102.65
    endloop
  endfacet
  facet normal 0 1 0
    outer loop
      vertex 79.30000000000001 47.66 99.44525253169417
      vertex 79.77835429045638 47.66 103.2451505843609
      vertex 82.80000000000001 47.66 104.4
    endloop
  endfacet
  facet normal 0 1 0
    outer loop
      vertex 79.30000000000001 47.66 99.44525253169417
      vertex 79.30000000000001 47.66 103.15
      vertex 79.77835429045638 47.66 103.2451505843609
    endloop
  endfacet
  facet normal 0.7933533402912379 0 -0.6087614290087169
    outer loop
      vertex 81.77487373415292 47.66 101.92512626584708
      vertex 82.33108891324554 47.66 102.65
      vertex 81.77487373415292 43.66 101.92512626584708
    endloop
  endfacet
  facet normal 0.9238795325112806 -5.065997547957838e-18 -0.3826834323651044
    outer loop
      vertex 82.33108891324554 47.66 102.65
      vertex 82.68074039201176 47.66 103.49413334214118
      vertex 82.68074039201176 43.66 103.49413334214118
    endloop
  endfacet
  facet normal 0 1 0
    outer loop
      vertex 82.33108891324554 47.66 102.65
      vertex 82.80000000000001 47.66 104.4
      vertex 82.68074039201176 47.66 103.49413334214118
    endloop
  endfacet
  facet normal 0 1 0
    outer loop
      vertex 82.80000000000001 47.66 104.4
      vertex 80.1838834764832 47.66 103.51611652351681
      vertex 80.45484941563913 47.66 103.92164570954364
    endloop
  endfacet
  facet normal 0 1 0
    outer loop
      vertex 82.80000000000001 47.66 104.4
      vertex 80.45484941563913 47.66 103.92164570954364
      vertex 80.55000000000001 47.66 104.4
    endloop
  endfacet
  facet normal 0 1 0
    outer loop
      vertex 82.80000000000001 47.66 104.4
      vertex 80.55000000000001 47.66 104.4
      vertex 80.45484941563913 47.66 104.87835429045637
    endloop
  endfacet
  facet normal 0 1 0
    outer loop
      vertex 82.80000000000001 47.66 104.4
      vertex 80.45484941563913 47.66 104.87835429045637
      vertex 80.1838834764832 47.66 105.2838834764832
    endloop
  endfacet
  facet normal 0 1 0
    outer loop
      vertex 82.80000000000001 47.66 104.4
      vertex 79.77835429045638 47.66 103.2451505843609
      vertex 80.1838834764832 47.66 103.51611652351681
    endloop
  endfacet
  facet normal 0.9914448613738113 0 -0.13052619222004494
    outer loop
      vertex 82.68074039201176 47.66 103.49413334214118
      vertex 82.80000000000001 47.66 104.4
      vertex 82.68074039201176 43.66 103.49413334214118
    endloop
  endfacet
  facet normal 0.9914448613738113 0 0.13052619222004494
    outer loop
      vertex 82.80000000000001 47.66 104.4
      vertex 82.68074039201176 47.66 105.30586665785883
      vertex 82.80000000000001 43.66 104.4
    endloop
  endfacet
  facet normal 0 1 0
    outer loop
      vertex 79.30000000000001 47.66 99.44525253169417
      vertex 78.82164570954365 47.66 103.2451505843609
      vertex 79.30000000000001 47.66 103.15
    endloop
  endfacet
  facet normal 0 1 0
    outer loop
      vertex 79.30000000000001 47.66 99.44525253169417
      vertex 78.41611652351682 47.66 103.51611652351681
      vertex 78.82164570954365 47.66 103.2451505843609
    endloop
  endfacet
  facet normal 0 1 0
    outer loop
      vertex 79.30000000000001 47.66 99.44525253169417
      vertex 75.80000000000001 47.66 104.4
      vertex 78.41611652351682 47.66 103.51611652351681
    endloop
  endfacet
  facet normal 0 1 0
    outer loop
      vertex 79.30000000000001 47.66 99.44525253169417
      vertex 76.26891108675449 47.66 102.65
      vertex 75.80000000000001 47.66 104.4
    endloop
  endfacet
  facet normal -0.7933533402912379 -3.6658890473703854e-18 -0.6087614290087169
    outer loop
      vertex 76.8251262658471 47.66 101.92512626584708
      vertex 76.26891108675449 43.66 102.65
      vertex 76.26891108675449 47.66 102.65
    endloop
  endfacet
  facet normal -0.9238795325112806 0 -0.3826834323651044
    outer loop
      vertex 76.26891108675449 47.66 102.65
      vertex 76.26891108675449 43.66 102.65
      vertex 75.91925960798827 47.66 103.49413334214118
    endloop
  endfacet
  facet normal 0 1 0
    outer loop
      vertex 75.80000000000001 47.66 104.4
      vertex 78.14515058436089 47.66 103.92164570954364
      vertex 78.41611652351682 47.66 103.51611652351681
    endloop
  endfacet
  facet normal 0 1 0
    outer loop
      vertex 75.80000000000001 47.66 104.4
      vertex 78.05000000000001 47.66 104.4
      vertex 78.14515058436089 47.66 103.92164570954364
    endloop
  endfacet
  facet normal 0 1 0
    outer loop
      vertex 75.80000000000001 47.66 104.4
      vertex 78.14515058436089 47.66 104.87835429045637
      vertex 78.05000000000001 47.66 104.4
    endloop
  endfacet
  facet normal 0 1 0
    outer loop
      vertex 75.80000000000001 47.66 104.4
      vertex 78.41611652351682 47.66 105.2838834764832
      vertex 78.14515058436089 47.66 104.87835429045637
    endloop
  endfacet
  facet normal 0 1 0
    outer loop
      vertex 75.80000000000001 47.66 104.4
      vertex 78.82164570954365 47.66 105.55484941563911
      vertex 78.41611652351682 47.66 105.2838834764832
    endloop
  endfacet
  facet normal 0 1 0
    outer loop
      vertex 76.26891108675449 47.66 102.65
      vertex 75.91925960798827 47.66 103.49413334214118
      vertex 75.80000000000001 47.66 104.4
    endloop
  endfacet
  facet normal -0.9914448613738113 1.736648571790586e-18 -0.13052619222004494
    outer loop
      vertex 75.91925960798827 47.66 103.49413334214118
      vertex 75.80000000000001 43.66 104.4
      vertex 75.80000000000001 47.66 104.4
    endloop
  endfacet
  facet normal -0.9914448613738113 0 0.13052619222004494
    outer loop
      vertex 75.80000000000001 47.66 104.4
      vertex 75.80000000000001 43.66 104.4
      vertex 75.91925960798827 47.66 105.30586665785883
    endloop
  endfacet
  facet normal 0.7933533402912379 0 -0.6087614290087169
    outer loop
      vertex 82.33108891324554 47.66 102.65
      vertex 82.33108891324554 43.66 102.65
      vertex 81.77487373415292 43.66 101.92512626584708
    endloop
  endfacet
  facet normal 0.9238795325112806 0 -0.3826834323651044
    outer loop
      vertex 82.33108891324554 47.66 102.65
      vertex 82.68074039201176 43.66 103.49413334214118
      vertex 82.33108891324554 43.66 102.65
    endloop
  endfacet
  facet normal 0.9914448613738113 0 -0.13052619222004494
    outer loop
      vertex 82.80000000000001 47.66 104.4
      vertex 82.80000000000001 43.66 104.4
      vertex 82.68074039201176 43.66 103.49413334214118
    endloop
  endfacet
  facet normal 0.9914448613738113 0 0.13052619222004494
    outer loop
      vertex 82.68074039201176 47.66 105.30586665785883
      vertex 82.68074039201176 43.66 105.30586665785883
      vertex 82.80000000000001 43.66 104.4
    endloop
  endfacet
  facet normal -0.7933533402912379 0 -0.6087614290087169
    outer loop
      vertex 76.8251262658471 47.66 101.92512626584708
      vertex 76.8251262658471 43.66 101.92512626584708
      vertex 76.26891108675449 43.66 102.65
    endloop
  endfacet
  facet normal -0.9238795325112806 0 -0.3826834323651044
    outer loop
      vertex 75.91925960798827 47.66 103.49413334214118
      vertex 76.26891108675449 43.66 102.65
      vertex 75.91925960798827 43.66 103.49413334214118
    endloop
  endfacet
  facet normal -0.9914448613738113 0 -0.13052619222004494
    outer loop
      vertex 75.91925960798827 47.66 103.49413334214118
      vertex 75.91925960798827 43.66 103.49413334214118
      vertex 75.80000000000001 43.66 104.4
    endloop
  endfacet
  facet normal -0.9914448613738113 0 0.13052619222004494
    outer loop
      vertex 75.91925960798827 47.66 105.30586665785883
      vertex 75.80000000000001 43.66 104.4
      vertex 75.91925960798827 43.66 105.30586665785883
    endloop
  endfacet
  facet normal 0 1 0
    outer loop
      vertex 82.80000000000001 47.66 104.4
      vertex 81.77487373415292 47.66 106.87487373415293
      vertex 82.68074039201176 47.66 105.30586665785883
    endloop
  endfacet
  facet normal 0 1 0
    outer loop
      vertex 82.68074039201176 47.66 105.30586665785883
      vertex 81.77487373415292 47.66 106.87487373415293
      vertex 82.33108891324554 47.66 106.15
    endloop
  endfacet
  facet normal 0 1 0
    outer loop
      vertex 82.80000000000001 47.66 104.4
      vertex 79.30000000000001 47.66 107.9
      vertex 81.77487373415292 47.66 106.87487373415293
    endloop
  endfacet
  facet normal 0 1 0
    outer loop
      vertex 82.80000000000001 47.66 104.4
      vertex 80.1838834764832 47.66 105.2838834764832
      vertex 79.30000000000001 47.66 107.9
    endloop
  endfacet
  facet normal 0 1 0
    outer loop
      vertex 79.30000000000001 47.66 107.9
      vertex 80.1838834764832 47.66 105.2838834764832
      vertex 79.77835429045638 47.66 105.55484941563911
    endloop
  endfacet
  facet normal 0 1 0
    outer loop
      vertex 79.30000000000001 47.66 107.9
      vertex 79.77835429045638 47.66 105.55484941563911
      vertex 79.30000000000001 47.66 105.65
    endloop
  endfacet
  facet normal 0.9238795325112806 5.065997547957838e-18 0.3826834323651044
    outer loop
      vertex 82.68074039201176 47.66 105.30586665785883
      vertex 82.33108891324554 47.66 106.15
      vertex 82.33108891324554 43.66 106.15
    endloop
  endfacet
  facet normal 0.7933533402912379 0 0.6087614290087169
    outer loop
      vertex 82.33108891324554 47.66 106.15
      vertex 81.77487373415292 47.66 106.87487373415293
      vertex 82.33108891324554 43.66 106.15
    endloop
  endfacet
  facet normal 0 1 0
    outer loop
      vertex 81.77487373415292 47.66 106.87487373415293
      vertex 80.20586665785882 47.66 107.78074039201175
      vertex 81.05000000000001 47.66 107.43108891324555
    endloop
  endfacet
  facet normal 0 1 0
    outer loop
      vertex 81.77487373415292 47.66 106.87487373415293
      vertex 79.30000000000001 47.66 107.9
      vertex 80.20586665785882 47.66 107.78074039201175
    endloop
  endfacet
  facet normal 0.6087614290087244 0 0.7933533402912322
    outer loop
      vertex 81.77487373415292 47.66 106.87487373415293
      vertex 81.05000000000001 47.66 107.43108891324555
      vertex 81.77487373415292 43.66 106.87487373415293
    endloop
  endfacet
  facet normal 0.3826834323650856 -1.2015695357193638e-18 0.9238795325112884
    outer loop
      vertex 81.05000000000001 47.66 107.43108891324555
      vertex 80.20586665785882 47.66 107.78074039201175
      vertex 80.20586665785882 43.66 107.78074039201175
    endloop
  endfacet
  facet normal 0.13052619222004694 -1.5979141921111484e-18 0.991444861373811
    outer loop
      vertex 80.20586665785882 47.66 107.78074039201175
      vertex 79.30000000000001 47.66 107.9
      vertex 79.30000000000001 43.66 107.9
    endloop
  endfacet
  facet normal 0 1 0
    outer loop
      vertex 75.80000000000001 47.66 104.4
      vertex 79.30000000000001 47.66 107.9
      vertex 78.82164570954365 47.66 105.55484941563911
    endloop
  endfacet
  facet normal 0 1 0
    outer loop
      vertex 79.30000000000001 47.66 107.9
      vertex 79.30000000000001 47.66 105.65
      vertex 78.82164570954365 47.66 105.55484941563911
    endloop
  endfacet
  facet normal 0 1 0
    outer loop
      vertex 75.80000000000001 47.66 104.4
      vertex 76.8251262658471 47.66 106.87487373415293
      vertex 79.30000000000001 47.66 107.9
    endloop
  endfacet
  facet normal 0 1 0
    outer loop
      vertex 75.80000000000001 47.66 104.4
      vertex 75.91925960798827 47.66 105.30586665785883
      vertex 76.8251262658471 47.66 106.87487373415293
    endloop
  endfacet
  facet normal 0 1 0
    outer loop
      vertex 75.91925960798827 47.66 105.30586665785883
      vertex 76.26891108675449 47.66 106.15
      vertex 76.8251262658471 47.66 106.87487373415293
    endloop
  endfacet
  facet normal -0.9238795325112806 0 0.3826834323651044
    outer loop
      vertex 75.91925960798827 47.66 105.30586665785883
      vertex 75.91925960798827 43.66 105.30586665785883
      vertex 76.26891108675449 47.66 106.15
    endloop
  endfacet
  facet normal -0.7933533402912379 0 0.6087614290087169
    outer loop
      vertex 76.8251262658471 47.66 106.87487373415293
      vertex 76.26891108675449 47.66 106.15
      vertex 76.8251262658471 43.66 106.87487373415293
    endloop
  endfacet
  facet normal 0 1 0
    outer loop
      vertex 76.8251262658471 47.66 106.87487373415293
      vertex 77.55000000000001 47.66 107.43108891324555
      vertex 78.3941333421412 47.66 107.78074039201175
    endloop
  endfacet
  facet normal 0 1 0
    outer loop
      vertex 79.30000000000001 47.66 107.9
      vertex 76.8251262658471 47.66 106.87487373415293
      vertex 78.3941333421412 47.66 107.78074039201175
    endloop
  endfacet
  facet normal -0.6087614290087244 -2.2742503189125694e-18 0.7933533402912322
    outer loop
      vertex 76.8251262658471 47.66 106.87487373415293
      vertex 77.55000000000001 43.66 107.43108891324555
      vertex 77.55000000000001 47.66 107.43108891324555
    endloop
  endfacet
  facet normal -0.3826834323650856 1.2015695357193638e-18 0.9238795325112884
    outer loop
      vertex 78.3941333421412 47.66 107.78074039201175
      vertex 77.55000000000001 47.66 107.43108891324555
      vertex 77.55000000000001 43.66 107.43108891324555
    endloop
  endfacet
  facet normal -0.13052619222004694 0 0.991444861373811
    outer loop
      vertex 79.30000000000001 47.66 107.9
      vertex 78.3941333421412 47.66 107.78074039201175
      vertex 79.30000000000001 43.66 107.9
    endloop
  endfacet
  facet normal 0.9238795325112806 0 0.3826834323651044
    outer loop
      vertex 82.68074039201176 47.66 105.30586665785883
      vertex 82.33108891324554 43.66 106.15
      vertex 82.68074039201176 43.66 105.30586665785883
    endloop
  endfacet
  facet normal 0.7933533402912379 0 0.6087614290087169
    outer loop
      vertex 81.77487373415292 47.66 106.87487373415293
      vertex 81.77487373415292 43.66 106.87487373415293
      vertex 82.33108891324554 43.66 106.15
    endloop
  endfacet
  facet normal 0.6087614290087244 0 0.7933533402912322
    outer loop
      vertex 81.05000000000001 47.66 107.43108891324555
      vertex 81.05000000000001 43.66 107.43108891324555
      vertex 81.77487373415292 43.66 106.87487373415293
    endloop
  endfacet
  facet normal 0.3826834323650856 0 0.9238795325112884
    outer loop
      vertex 81.05000000000001 47.66 107.43108891324555
      vertex 80.20586665785882 43.66 107.78074039201175
      vertex 81.05000000000001 43.66 107.43108891324555
    endloop
  endfacet
  facet normal 0.13052619222004694 0 0.991444861373811
    outer loop
      vertex 80.20586665785882 47.66 107.78074039201175
      vertex 79.30000000000001 43.66 107.9
      vertex 80.20586665785882 43.66 107.78074039201175
    endloop
  endfacet
  facet normal -0.9238795325112806 0 0.3826834323651044
    outer loop
      vertex 76.26891108675449 47.66 106.15
      vertex 75.91925960798827 43.66 105.30586665785883
      vertex 76.26891108675449 43.66 106.15
    endloop
  endfacet
  facet normal -0.7933533402912379 0 0.6087614290087169
    outer loop
      vertex 76.26891108675449 47.66 106.15
      vertex 76.26891108675449 43.66 106.15
      vertex 76.8251262658471 43.66 106.87487373415293
    endloop
  endfacet
  facet normal -0.13052619222004694 0 0.991444861373811
    outer loop
      vertex 78.3941333421412 47.66 107.78074039201175
      vertex 78.3941333421412 43.66 107.78074039201175
      vertex 79.30000000000001 43.66 107.9
    endloop
  endfacet
  facet normal -0.3826834323650856 0 0.9238795325112884
    outer loop
      vertex 78.3941333421412 47.66 107.78074039201175
      vertex 77.55000000000001 43.66 107.43108891324555
      vertex 78.3941333421412 43.66 107.78074039201175
    endloop
  endfacet
  facet normal -0.6087614290087244 0 0.7933533402912322
    outer loop
      vertex 76.8251262658471 47.66 106.87487373415293
      vertex 76.8251262658471 43.66 106.87487373415293
      vertex 77.55000000000001 43.66 107.43108891324555
    endloop
  endfacet
  facet normal 1 0 0
    outer loop
      vertex 241.3 43.66 0
      vertex 241.3 43.66 4
      vertex 241.3 40.66 4
    endloop
  endfacet
  facet normal 0 1 0
    outer loop
      vertex 241.3 43.66 0
      vertex 103.30000000000001 43.66 0
      vertex 241.3 43.66 4
    endloop
  endfacet
  facet normal 1 0 0
    outer loop
      vertex 241.3 43.66 0
      vertex 241.3 40.66 4
      vertex 241.3 3.6599999999999966 4
    endloop
  endfacet
  facet normal 0 0 1
    outer loop
      vertex 235.3 40.66 4
      vertex 218.8 40.66 4
      vertex 235.3 3.6599999999999966 4
    endloop
  endfacet
  facet normal 0 0 1
    outer loop
      vertex 218.8 40.66 4
      vertex 215.8 40.66 4
      vertex 235.3 3.6599999999999966 4
    endloop
  endfacet
  facet normal 0 0 1
    outer loop
      vertex 215.8 40.66 4
      vertex 198 40.66 4
      vertex 198 0.759999999999998 4
    endloop
  endfacet
  facet normal 0 0 1
    outer loop
      vertex 195.5 40.66 4
      vertex 183.10000000000002 40.66 4
      vertex 183.10000000000002 7.859999999999999 4
    endloop
  endfacet
  facet normal 0 1 0
    outer loop
      vertex 241.3 43.66 4
      vertex 103.30000000000001 43.66 0
      vertex 103.30000000000001 43.66 4
    endloop
  endfacet
  facet normal 0 0 1
    outer loop
      vertex 180.60000000000002 40.66 4
      vertex 162.8 40.66 4
      vertex 143.3 3.6599999999999966 4
    endloop
  endfacet
  facet normal 0 0 1
    outer loop
      vertex 162.8 40.66 4
      vertex 159.8 40.66 4
      vertex 143.3 3.6599999999999966 4
    endloop
  endfacet
  facet normal 0 0 -1
    outer loop
      vertex 241.3 43.66 0
      vertex 103.30000000000001 15.659999999999997 0
      vertex 103.30000000000001 43.66 0
    endloop
  endfacet
  facet normal 0 0 1
    outer loop
      vertex 159.8 40.66 4
      vertex 143.3 40.66 4
      vertex 143.3 3.6599999999999966 4
    endloop
  endfacet
  facet normal 0 0 1
    outer loop
      vertex 140.3 40.66 4
      vertex 103.30000000000001 40.66 4
      vertex 140.3 3.6599999999999966 4
    endloop
  endfacet
  facet normal 1 0 0
    outer loop
      vertex 241.3 43.66 0
      vertex 241.3 3.6599999999999966 4
      vertex 241.3 0 4
    endloop
  endfacet
  facet normal 1 0 0
    outer loop
      vertex 241.3 43.66 0
      vertex 241.3 0 4
      vertex 241.3 0 0
    endloop
  endfacet
  facet normal 0 0 -1
    outer loop
      vertex 241.3 43.66 0
      vertex 241.3 0 0
      vertex 195.5 7.859999999999999 0
    endloop
  endfacet
  facet normal 0 0 1
    outer loop
      vertex 215.8 40.66 4
      vertex 198 0.759999999999998 4
      vertex 235.3 3.6599999999999966 4
    endloop
  endfacet
  facet normal 0 0 1
    outer loop
      vertex 195.5 40.66 4
      vertex 183.10000000000002 7.859999999999999 4
      vertex 195.5 7.859999999999999 4
    endloop
  endfacet
  facet normal 0 0 1
    outer loop
      vertex 241.3 3.6599999999999966 4
      vertex 235.3 3.6599999999999966 4
      vertex 241.3 0 4
    endloop
  endfacet
  facet normal 0 0 1
    outer loop
      vertex 235.3 3.6599999999999966 4
      vertex 198 0.759999999999998 4
      vertex 241.3 0 4
    endloop
  endfacet
  facet normal 0 0 -1
    outer loop
      vertex 241.3 0 0
      vertex 195.5 3.460000000000001 0
      vertex 195.5 7.859999999999999 0
    endloop
  endfacet
  facet normal 0 0 1
    outer loop
      vertex 195.5 0.759999999999998 4
      vertex 195.5 3.460000000000001 4
      vertex 183.10000000000002 0.759999999999998 4
    endloop
  endfacet
  facet normal 0 0 1
    outer loop
      vertex 183.10000000000002 0.759999999999998 4
      vertex 195.5 3.460000000000001 4
      vertex 183.10000000000002 3.460000000000001 4
    endloop
  endfacet
  facet normal 0 0 -1
    outer loop
      vertex 241.3 43.66 0
      vertex 195.5 7.859999999999999 0
      vertex 103.30000000000001 15.659999999999997 0
    endloop
  endfacet
  facet normal 0 0 1
    outer loop
      vertex 180.60000000000002 40.66 4
      vertex 143.3 3.6599999999999966 4
      vertex 180.60000000000002 0.759999999999998 4
    endloop
  endfacet
  facet normal 0 0 -1
    outer loop
      vertex 103.30000000000001 15.659999999999997 0
      vertex 195.5 7.859999999999999 0
      vertex 183.10000000000002 7.859999999999999 0
    endloop
  endfacet
  facet normal 0 0 -1
    outer loop
      vertex 183.10000000000002 7.859999999999999 0
      vertex 183.10000000000002 3.460000000000001 0
      vertex 103.30000000000001 15.659999999999997 0
    endloop
  endfacet
  facet normal 0 -1 0
    outer loop
      vertex 241.3 0 0
      vertex 241.3 0 4
      vertex 0 0 0
    endloop
  endfacet
  facet normal 0 0 -1
    outer loop
      vertex 241.3 0 0
      vertex 0 0 0
      vertex 195.5 3.460000000000001 0
    endloop
  endfacet
  facet normal 0 0 1
    outer loop
      vertex 241.3 0 4
      vertex 198 0.759999999999998 4
      vertex 0 0 4
    endloop
  endfacet
  facet normal 0 0 1
    outer loop
      vertex 198 0.759999999999998 4
      vertex 195.5 0.759999999999998 4
      vertex 0 0 4
    endloop
  endfacet
  facet normal 0 0 -1
    outer loop
      vertex 0 0 0
      vertex 183.10000000000002 3.460000000000001 0
      vertex 195.5 3.460000000000001 0
    endloop
  endfacet
  facet normal 0 0 1
    outer loop
      vertex 195.5 0.759999999999998 4
      vertex 183.10000000000002 0.759999999999998 4
      vertex 0 0 4
    endloop
  endfacet
  facet normal 0 0 1
    outer loop
      vertex 183.10000000000002 0.759999999999998 4
      vertex 180.60000000000002 0.759999999999998 4
      vertex 0 0 4
    endloop
  endfacet
  facet normal 0 1 0
    outer loop
      vertex 0 43.66 0
      vertex 55.30000000000001 43.66 4
      vertex 55.30000000000001 43.66 0
    endloop
  endfacet
  facet normal 0 1 0
    outer loop
      vertex 17.5 43.66 4
      vertex 55.30000000000001 43.66 4
      vertex 0 43.66 0
    endloop
  endfacet
  facet normal 0 0 -1
    outer loop
      vertex 55.30000000000001 43.66 0
      vertex 10.293567699114448 40.73442218224045 0
      vertex 9.800657780874815 40.93859215540352 0
    endloop
  endfacet
  facet normal 0 0 -1
    outer loop
      vertex 55.30000000000001 43.66 0
      vertex 9.800657780874815 40.93859215540352 0
      vertex 9.281877181136792 41.06314035802347 0
    endloop
  endfacet
  facet normal 0 0 -1
    outer loop
      vertex 55.30000000000001 43.66 0
      vertex 9.281877181136792 41.06314035802347 0
      vertex 8.75 41.105 0
    endloop
  endfacet
  facet normal 0 0 -1
    outer loop
      vertex 0 43.66 0
      vertex 55.30000000000001 43.66 0
      vertex 8.75 41.105 0
    endloop
  endfacet
  facet normal 0 0 1
    outer loop
      vertex 17.5 43.66 4
      vertex 0 43.66 4
      vertex 17.5 40.66 4
    endloop
  endfacet
  facet normal 0 0 1
    outer loop
      vertex 0 43.66 4
      vertex 8.75 41.105 4
      vertex 17.5 40.66 4
    endloop
  endfacet
  facet normal 0 1 0
    outer loop
      vertex 0 43.66 0
      vertex 0 43.66 4
      vertex 17.5 43.66 4
    endloop
  endfacet
  facet normal 0 0 -1
    outer loop
      vertex 0 43.66 0
      vertex 8.75 41.105 0
      vertex 8.218122818863208 41.06314035802347 0
    endloop
  endfacet
  facet normal 0 0 -1
    outer loop
      vertex 0 43.66 0
      vertex 8.218122818863208 41.06314035802347 0
      vertex 7.699342219125185 40.93859215540352 0
    endloop
  endfacet
  facet normal 0 0 -1
    outer loop
      vertex 0 43.66 0
      vertex 7.699342219125185 40.93859215540352 0
      vertex 7.206432300885552 40.73442218224045 0
    endloop
  endfacet
  facet normal 0 0 1
    outer loop
      vertex 0 43.66 4
      vertex 8.218122818863208 41.06314035802347 4
      vertex 8.75 41.105 4
    endloop
  endfacet
  facet normal 0 0 1
    outer loop
      vertex 0 43.66 4
      vertex 7.699342219125185 40.93859215540352 4
      vertex 8.218122818863208 41.06314035802347 4
    endloop
  endfacet
  facet normal 0 0 1
    outer loop
      vertex 0 43.66 4
      vertex 7.206432300885552 40.73442218224045 4
      vertex 7.699342219125185 40.93859215540352 4
    endloop
  endfacet
  facet normal 0 0 -1
    outer loop
      vertex 55.30000000000001 43.66 0
      vertex 12.108140358023462 38.236877181136784 0
      vertex 11.983592155403528 38.75565778087482 0
    endloop
  endfacet
  facet normal 0 0 -1
    outer loop
      vertex 55.30000000000001 43.66 0
      vertex 11.154163056034264 40.10916305603426 0
      vertex 10.748469857794419 40.455657780874816 0
    endloop
  endfacet
  facet normal 0 0 -1
    outer loop
      vertex 55.30000000000001 43.66 0
      vertex 10.748469857794419 40.455657780874816 0
      vertex 10.293567699114448 40.73442218224045 0
    endloop
  endfacet
  facet normal 0 0 -1
    outer loop
      vertex 55.30000000000001 43.66 0
      vertex 11.500657780874832 39.70346985779441 0
      vertex 11.154163056034264 40.10916305603426 0
    endloop
  endfacet
  facet normal 0 0 -1
    outer loop
      vertex 55.30000000000001 43.66 0
      vertex 11.779422182240438 39.24856769911446 0
      vertex 11.500657780874832 39.70346985779441 0
    endloop
  endfacet
  facet normal 0 0 -1
    outer loop
      vertex 55.30000000000001 43.66 0
      vertex 11.983592155403528 38.75565778087482 0
      vertex 11.779422182240438 39.24856769911446 0
    endloop
  endfacet
  facet normal 0 0 -1
    outer loop
      vertex 55.30000000000001 43.66 0
      vertex 12.150000000000006 37.705 0
      vertex 12.108140358023462 38.236877181136784 0
    endloop
  endfacet
  facet normal 0 0 -1
    outer loop
      vertex 55.30000000000001 43.66 0
      vertex 12.108140358023462 37.17312281886321 0
      vertex 12.150000000000006 37.705 0
    endloop
  endfacet
  facet normal 0 0 -1
    outer loop
      vertex 55.30000000000001 43.66 0
      vertex 11.983592155403528 36.654342219125176 0
      vertex 12.108140358023462 37.17312281886321 0
    endloop
  endfacet
  facet normal 0 0 -1
    outer loop
      vertex 55.30000000000001 43.66 0
      vertex 11.779422182240438 36.16143230088554 0
      vertex 11.983592155403528 36.654342219125176 0
    endloop
  endfacet
  facet normal 0 0 -1
    outer loop
      vertex 55.30000000000001 43.66 0
      vertex 11.500657780874832 35.70653014220559 0
      vertex 11.779422182240438 36.16143230088554 0
    endloop
  endfacet
  facet normal 0 0 -1
    outer loop
      vertex 55.30000000000001 43.66 0
      vertex 11.154163056034264 35.300836943965734 0
      vertex 11.500657780874832 35.70653014220559 0
    endloop
  endfacet
  facet normal 0 0 1
    outer loop
      vertex 17.5 40.66 4
      vertex 9.800657780874815 40.93859215540352 4
      vertex 10.293567699114448 40.73442218224045 4
    endloop
  endfacet
  facet normal 0 0 1
    outer loop
      vertex 17.5 40.66 4
      vertex 10.293567699114448 40.73442218224045 4
      vertex 10.748469857794419 40.455657780874816 4
    endloop
  endfacet
  facet normal 0 0 1
    outer loop
      vertex 17.5 40.66 4
      vertex 9.281877181136792 41.06314035802347 4
      vertex 9.800657780874815 40.93859215540352 4
    endloop
  endfacet
  facet normal 0 0 1
    outer loop
      vertex 17.5 40.66 4
      vertex 8.75 41.105 4
      vertex 9.281877181136792 41.06314035802347 4
    endloop
  endfacet
  facet normal 0 0 1
    outer loop
      vertex 17.5 40.66 4
      vertex 10.748469857794419 40.455657780874816 4
      vertex 11.154163056034264 40.10916305603426 4
    endloop
  endfacet
  facet normal 0 0 1
    outer loop
      vertex 17.5 40.66 4
      vertex 11.154163056034264 40.10916305603426 4
      vertex 11.500657780874832 39.70346985779441 4
    endloop
  endfacet
  facet normal 0 0 1
    outer loop
      vertex 17.5 40.66 4
      vertex 11.500657780874832 39.70346985779441 4
      vertex 11.779422182240438 39.24856769911446 4
    endloop
  endfacet
  facet normal 0 0 1
    outer loop
      vertex 17.5 40.66 4
      vertex 11.779422182240438 39.24856769911446 4
      vertex 11.983592155403528 38.75565778087482 4
    endloop
  endfacet
  facet normal 0 0 1
    outer loop
      vertex 17.5 40.66 4
      vertex 11.983592155403528 38.75565778087482 4
      vertex 12.108140358023462 38.236877181136784 4
    endloop
  endfacet
  facet normal 0 0 1
    outer loop
      vertex 17.5 40.66 4
      vertex 12.108140358023462 38.236877181136784 4
      vertex 12.150000000000006 37.705 4
    endloop
  endfacet
  facet normal 0 0 -1
    outer loop
      vertex 0 43.66 0
      vertex 7.206432300885552 40.73442218224045 0
      vertex 6.751530142205581 40.455657780874816 0
    endloop
  endfacet
  facet normal 0 0 -1
    outer loop
      vertex 0 43.66 0
      vertex 6.751530142205581 40.455657780874816 0
      vertex 6.345836943965736 40.10916305603426 0
    endloop
  endfacet
  facet normal 0 0 -1
    outer loop
      vertex 0 43.66 0
      vertex 6.345836943965736 40.10916305603426 0
      vertex 5.999342219125168 39.70346985779441 0
    endloop
  endfacet
  facet normal 0 0 -1
    outer loop
      vertex 0 43.66 0
      vertex 5.999342219125168 39.70346985779441 0
      vertex 5.720577817759562 39.24856769911446 0
    endloop
  endfacet
  facet normal 0 0 -1
    outer loop
      vertex 0 43.66 0
      vertex 5.720577817759562 39.24856769911446 0
      vertex 5.516407844596472 38.75565778087482 0
    endloop
  endfacet
  facet normal 0 0 -1
    outer loop
      vertex 0 43.66 0
      vertex 5.516407844596472 38.75565778087482 0
      vertex 5.391859641976538 38.236877181136784 0
    endloop
  endfacet
  facet normal 0 0 1
    outer loop
      vertex 0 43.66 4
      vertex 6.751530142205581 40.455657780874816 4
      vertex 7.206432300885552 40.73442218224045 4
    endloop
  endfacet
  facet normal 0 0 1
    outer loop
      vertex 0 43.66 4
      vertex 6.345836943965736 40.10916305603426 4
      vertex 6.751530142205581 40.455657780874816 4
    endloop
  endfacet
  facet normal 0 0 1
    outer loop
      vertex 0 43.66 4
      vertex 5.999342219125168 39.70346985779441 4
      vertex 6.345836943965736 40.10916305603426 4
    endloop
  endfacet
  facet normal 0 0 1
    outer loop
      vertex 0 43.66 4
      vertex 5.720577817759562 39.24856769911446 4
      vertex 5.999342219125168 39.70346985779441 4
    endloop
  endfacet
  facet normal 0 0 1
    outer loop
      vertex 0 43.66 4
      vertex 5.516407844596472 38.75565778087482 4
      vertex 5.720577817759562 39.24856769911446 4
    endloop
  endfacet
  facet normal 0 0 1
    outer loop
      vertex 0 43.66 4
      vertex 5.391859641976538 38.236877181136784 4
      vertex 5.516407844596472 38.75565778087482 4
    endloop
  endfacet
  facet normal 0 0 1
    outer loop
      vertex 0 43.66 4
      vertex 5.349999999999994 37.705 4
      vertex 5.391859641976538 38.236877181136784 4
    endloop
  endfacet
  facet normal 0 0 1
    outer loop
      vertex 0 43.66 4
      vertex 5.391859641976538 37.17312281886321 4
      vertex 5.349999999999994 37.705 4
    endloop
  endfacet
  facet normal 0 0 1
    outer loop
      vertex 0 43.66 4
      vertex 5.516407844596472 36.654342219125176 4
      vertex 5.391859641976538 37.17312281886321 4
    endloop
  endfacet
  facet normal 0 0 1
    outer loop
      vertex 0 43.66 4
      vertex 5.720577817759562 36.16143230088554 4
      vertex 5.516407844596472 36.654342219125176 4
    endloop
  endfacet
  facet normal 0 0 1
    outer loop
      vertex 17.5 40.66 4
      vertex 12.150000000000006 37.705 4
      vertex 12.108140358023462 37.17312281886321 4
    endloop
  endfacet
  facet normal 0 0 1
    outer loop
      vertex 17.5 40.66 4
      vertex 12.108140358023462 37.17312281886321 4
      vertex 11.983592155403528 36.654342219125176 4
    endloop
  endfacet
  facet normal 0 0 1
    outer loop
      vertex 17.5 40.66 4
      vertex 11.983592155403528 36.654342219125176 4
      vertex 11.779422182240438 36.16143230088554 4
    endloop
  endfacet
  facet normal 0 0 1
    outer loop
      vertex 17.5 40.66 4
      vertex 11.779422182240438 36.16143230088554 4
      vertex 11.500657780874832 35.70653014220559 4
    endloop
  endfacet
  facet normal 0 0 1
    outer loop
      vertex 0 43.66 4
      vertex 5.999342219125168 35.70653014220559 4
      vertex 5.720577817759562 36.16143230088554 4
    endloop
  endfacet
  facet normal 0 0 -1
    outer loop
      vertex 55.30000000000001 43.66 0
      vertex 55.30000000000001 15.659999999999997 0
      vertex 11.154163056034264 35.300836943965734 0
    endloop
  endfacet
  facet normal 0 0 1
    outer loop
      vertex 20.5 40.66 4
      vertex 55.30000000000001 15.659999999999997 4
      vertex 55.30000000000001 40.66 4
    endloop
  endfacet
  facet normal 0 0 -1
    outer loop
      vertex 11.154163056034264 35.300836943965734 0
      vertex 55.30000000000001 15.659999999999997 0
      vertex 10.748469857794419 34.95434221912518 0
    endloop
  endfacet
  facet normal 0 0 1
    outer loop
      vertex 17.5 40.66 4
      vertex 11.500657780874832 35.70653014220559 4
      vertex 17.5 3.6599999999999966 4
    endloop
  endfacet
  facet normal 0 0 1
    outer loop
      vertex 0 43.66 4
      vertex 17.5 3.6599999999999966 4
      vertex 5.999342219125168 35.70653014220559 4
    endloop
  endfacet
  facet normal -1 0 0
    outer loop
      vertex 0 43.66 0
      vertex 0 0 0
      vertex 0 43.66 4
    endloop
  endfacet
  facet normal 0 0 -1
    outer loop
      vertex 0 43.66 0
      vertex 5.391859641976538 38.236877181136784 0
      vertex 0 0 0
    endloop
  endfacet
  facet normal 0 0 -1
    outer loop
      vertex 10.748469857794419 34.95434221912518 0
      vertex 10.748469857794419 8.705657780874816 0
      vertex 10.293567699114448 34.675577817759546 0
    endloop
  endfacet
  facet normal 0 0 -1
    outer loop
      vertex 9.800657780874815 34.47140784459648 0
      vertex 10.293567699114448 34.675577817759546 0
      vertex 10.293567699114448 8.98442218224045 0
    endloop
  endfacet
  facet normal 0 0 -1
    outer loop
      vertex 9.281877181136792 34.34685964197653 0
      vertex 9.800657780874815 34.47140784459648 0
      vertex 9.800657780874815 9.18859215540352 0
    endloop
  endfacet
  facet normal 0 0 -1
    outer loop
      vertex 8.75 34.305 0
      vertex 9.281877181136792 34.34685964197653 0
      vertex 9.281877181136792 9.313140358023468 0
    endloop
  endfacet
  facet normal 0 0 -1
    outer loop
      vertex 8.218122818863208 34.34685964197653 0
      vertex 8.75 34.305 0
      vertex 8.75 9.354999999999997 0
    endloop
  endfacet
  facet normal 0 0 -1
    outer loop
      vertex 7.699342219125185 34.47140784459648 0
      vertex 8.218122818863208 34.34685964197653 0
      vertex 8.218122818863208 9.313140358023468 0
    endloop
  endfacet
  facet normal 0 0 1
    outer loop
      vertex 17.5 3.6599999999999966 4
      vertex 11.500657780874832 35.70653014220559 4
      vertex 11.154163056034264 35.300836943965734 4
    endloop
  endfacet
  facet normal 0 0 1
    outer loop
      vertex 17.5 3.6599999999999966 4
      vertex 11.154163056034264 35.300836943965734 4
      vertex 10.748469857794419 34.95434221912518 4
    endloop
  endfacet
  facet normal 0 0 1
    outer loop
      vertex 17.5 3.6599999999999966 4
      vertex 10.748469857794419 34.95434221912518 4
      vertex 10.293567699114448 34.675577817759546 4
    endloop
  endfacet
  facet normal 0 0 1
    outer loop
      vertex 17.5 3.6599999999999966 4
      vertex 10.293567699114448 34.675577817759546 4
      vertex 9.800657780874815 34.47140784459648 4
    endloop
  endfacet
  facet normal 0 0 1
    outer loop
      vertex 17.5 3.6599999999999966 4
      vertex 9.800657780874815 34.47140784459648 4
      vertex 9.281877181136792 34.34685964197653 4
    endloop
  endfacet
  facet normal 0 0 1
    outer loop
      vertex 17.5 3.6599999999999966 4
      vertex 9.281877181136792 34.34685964197653 4
      vertex 8.75 34.305 4
    endloop
  endfacet
  facet normal 0 0 1
    outer loop
      vertex 17.5 3.6599999999999966 4
      vertex 8.75 34.305 4
      vertex 8.218122818863208 34.34685964197653 4
    endloop
  endfacet
  facet normal 0 0 1
    outer loop
      vertex 17.5 3.6599999999999966 4
      vertex 6.345836943965736 35.300836943965734 4
      vertex 5.999342219125168 35.70653014220559 4
    endloop
  endfacet
  facet normal 0 0 1
    outer loop
      vertex 17.5 3.6599999999999966 4
      vertex 6.751530142205581 34.95434221912518 4
      vertex 6.345836943965736 35.300836943965734 4
    endloop
  endfacet
  facet normal 0 0 1
    outer loop
      vertex 17.5 3.6599999999999966 4
      vertex 7.206432300885552 34.675577817759546 4
      vertex 6.751530142205581 34.95434221912518 4
    endloop
  endfacet
  facet normal 0 0 1
    outer loop
      vertex 17.5 3.6599999999999966 4
      vertex 7.699342219125185 34.47140784459648 4
      vertex 7.206432300885552 34.675577817759546 4
    endloop
  endfacet
  facet normal 0 0 1
    outer loop
      vertex 17.5 3.6599999999999966 4
      vertex 8.218122818863208 34.34685964197653 4
      vertex 7.699342219125185 34.47140784459648 4
    endloop
  endfacet
  facet normal 0 0 -1
    outer loop
      vertex 6.345836943965736 35.300836943965734 0
      vertex 6.751530142205581 34.95434221912518 0
      vertex 6.751530142205581 8.705657780874816 0
    endloop
  endfacet
  facet normal 0 0 -1
    outer loop
      vertex 7.206432300885552 34.675577817759546 0
      vertex 7.699342219125185 34.47140784459648 0
      vertex 7.699342219125185 9.18859215540352 0
    endloop
  endfacet
  facet normal 0 0 -1
    outer loop
      vertex 6.751530142205581 34.95434221912518 0
      vertex 7.206432300885552 34.675577817759546 0
      vertex 7.206432300885552 8.98442218224045 0
    endloop
  endfacet
  facet normal 0 0 -1
    outer loop
      vertex 0 0 0
      vertex 5.720577817759562 36.16143230088554 0
      vertex 5.999342219125168 35.70653014220559 0
    endloop
  endfacet
  facet normal 0 0 -1
    outer loop
      vertex 0 0 0
      vertex 5.391859641976538 38.236877181136784 0
      vertex 5.349999999999994 37.705 0
    endloop
  endfacet
  facet normal 0 0 -1
    outer loop
      vertex 0 0 0
      vertex 5.349999999999994 37.705 0
      vertex 5.391859641976538 37.17312281886321 0
    endloop
  endfacet
  facet normal 0 0 -1
    outer loop
      vertex 0 0 0
      vertex 5.391859641976538 37.17312281886321 0
      vertex 5.516407844596472 36.654342219125176 0
    endloop
  endfacet
  facet normal 0 0 -1
    outer loop
      vertex 0 0 0
      vertex 5.516407844596472 36.654342219125176 0
      vertex 5.720577817759562 36.16143230088554 0
    endloop
  endfacet
  facet normal 0 0 1
    outer loop
      vertex 140.3 3.6599999999999966 4
      vertex 103.30000000000001 40.66 4
      vertex 103.30000000000001 15.659999999999997 4
    endloop
  endfacet
  facet normal 0 0 -1
    outer loop
      vertex 0 0 0
      vertex 103.30000000000001 15.659999999999997 0
      vertex 183.10000000000002 3.460000000000001 0
    endloop
  endfacet
  facet normal 0 0 1
    outer loop
      vertex 180.60000000000002 0.759999999999998 4
      vertex 143.3 3.6599999999999966 4
      vertex 0 0 4
    endloop
  endfacet
  facet normal 0 0 1
    outer loop
      vertex 143.3 3.6599999999999966 4
      vertex 140.3 3.6599999999999966 4
      vertex 0 0 4
    endloop
  endfacet
  facet normal 0 0 1
    outer loop
      vertex 140.3 3.6599999999999966 4
      vertex 103.30000000000001 15.659999999999997 4
      vertex 20.5 3.6599999999999966 4
    endloop
  endfacet
  facet normal 0 -1 0
    outer loop
      vertex 241.3 0 4
      vertex 0 0 4
      vertex 0 0 0
    endloop
  endfacet
  facet normal 0 0 1
    outer loop
      vertex 20.5 40.66 4
      vertex 20.5 3.6599999999999966 4
      vertex 55.30000000000001 15.659999999999997 4
    endloop
  endfacet
  facet normal 0 0 -1
    outer loop
      vertex 10.748469857794419 34.95434221912518 0
      vertex 55.30000000000001 15.659999999999997 0
      vertex 10.748469857794419 8.705657780874816 0
    endloop
  endfacet
  facet normal 0 0 -1
    outer loop
      vertex 0 0 0
      vertex 5.999342219125168 35.70653014220559 0
      vertex 6.345836943965736 35.300836943965734 0
    endloop
  endfacet
  facet normal 0 0 1
    outer loop
      vertex 0 43.66 4
      vertex 10.748469857794419 8.705657780874816 4
      vertex 17.5 3.6599999999999966 4
    endloop
  endfacet
  facet normal 0 0 1
    outer loop
      vertex 0 43.66 4
      vertex 9.800657780874815 9.18859215540352 4
      vertex 10.293567699114448 8.98442218224045 4
    endloop
  endfacet
  facet normal 0 0 1
    outer loop
      vertex 0 43.66 4
      vertex 9.281877181136792 9.313140358023468 4
      vertex 9.800657780874815 9.18859215540352 4
    endloop
  endfacet
  facet normal 0 0 1
    outer loop
      vertex 0 43.66 4
      vertex 8.75 9.354999999999997 4
      vertex 9.281877181136792 9.313140358023468 4
    endloop
  endfacet
  facet normal 0 0 1
    outer loop
      vertex 0 43.66 4
      vertex 8.218122818863208 9.313140358023468 4
      vertex 8.75 9.354999999999997 4
    endloop
  endfacet
  facet normal 0 0 1
    outer loop
      vertex 0 43.66 4
      vertex 10.293567699114448 8.98442218224045 4
      vertex 10.748469857794419 8.705657780874816 4
    endloop
  endfacet
  facet normal 0 0 1
    outer loop
      vertex 0 43.66 4
      vertex 7.699342219125185 9.18859215540352 4
      vertex 8.218122818863208 9.313140358023468 4
    endloop
  endfacet
  facet normal 0 0 1
    outer loop
      vertex 0 43.66 4
      vertex 7.206432300885552 8.98442218224045 4
      vertex 7.699342219125185 9.18859215540352 4
    endloop
  endfacet
  facet normal 0 0 1
    outer loop
      vertex 0 43.66 4
      vertex 6.751530142205581 8.705657780874816 4
      vertex 7.206432300885552 8.98442218224045 4
    endloop
  endfacet
  facet normal 0 0 1
    outer loop
      vertex 0 43.66 4
      vertex 6.345836943965736 8.359163056034262 4
      vertex 6.751530142205581 8.705657780874816 4
    endloop
  endfacet
  facet normal 0 0 1
    outer loop
      vertex 0 43.66 4
      vertex 5.999342219125168 7.95346985779441 4
      vertex 6.345836943965736 8.359163056034262 4
    endloop
  endfacet
  facet normal 0 0 1
    outer loop
      vertex 0 43.66 4
      vertex 5.720577817759562 7.49856769911446 4
      vertex 5.999342219125168 7.95346985779441 4
    endloop
  endfacet
  facet normal 0 0 1
    outer loop
      vertex 0 43.66 4
      vertex 5.516407844596472 7.00565778087482 4
      vertex 5.720577817759562 7.49856769911446 4
    endloop
  endfacet
  facet normal 0 0 1
    outer loop
      vertex 0 43.66 4
      vertex 5.391859641976538 6.486877181136784 4
      vertex 5.516407844596472 7.00565778087482 4
    endloop
  endfacet
  facet normal 0 0 1
    outer loop
      vertex 0 43.66 4
      vertex 5.349999999999994 5.954999999999998 4
      vertex 5.391859641976538 6.486877181136784 4
    endloop
  endfacet
  facet normal 0 0 1
    outer loop
      vertex 0 43.66 4
      vertex 5.391859641976538 5.423122818863213 4
      vertex 5.349999999999994 5.954999999999998 4
    endloop
  endfacet
  facet normal 0 0 -1
    outer loop
      vertex 9.800657780874815 34.47140784459648 0
      vertex 10.293567699114448 8.98442218224045 0
      vertex 9.800657780874815 9.18859215540352 0
    endloop
  endfacet
  facet normal 0 0 -1
    outer loop
      vertex 9.281877181136792 34.34685964197653 0
      vertex 9.800657780874815 9.18859215540352 0
      vertex 9.281877181136792 9.313140358023468 0
    endloop
  endfacet
  facet normal 0 0 -1
    outer loop
      vertex 10.293567699114448 34.675577817759546 0
      vertex 10.748469857794419 8.705657780874816 0
      vertex 10.293567699114448 8.98442218224045 0
    endloop
  endfacet
  facet normal 0 0 -1
    outer loop
      vertex 8.75 34.305 0
      vertex 9.281877181136792 9.313140358023468 0
      vertex 8.75 9.354999999999997 0
    endloop
  endfacet
  facet normal 0 0 -1
    outer loop
      vertex 8.218122818863208 34.34685964197653 0
      vertex 8.75 9.354999999999997 0
      vertex 8.218122818863208 9.313140358023468 0
    endloop
  endfacet
  facet normal 0 0 -1
    outer loop
      vertex 7.699342219125185 34.47140784459648 0
      vertex 8.218122818863208 9.313140358023468 0
      vertex 7.699342219125185 9.18859215540352 0
    endloop
  endfacet
  facet normal 0 0 -1
    outer loop
      vertex 7.206432300885552 34.675577817759546 0
      vertex 7.699342219125185 9.18859215540352 0
      vertex 7.206432300885552 8.98442218224045 0
    endloop
  endfacet
  facet normal 0 0 -1
    outer loop
      vertex 6.751530142205581 34.95434221912518 0
      vertex 7.206432300885552 8.98442218224045 0
      vertex 6.751530142205581 8.705657780874816 0
    endloop
  endfacet
  facet normal 0 0 -1
    outer loop
      vertex 6.345836943965736 35.300836943965734 0
      vertex 6.751530142205581 8.705657780874816 0
      vertex 6.345836943965736 8.359163056034262 0
    endloop
  endfacet
  facet normal 0 0 -1
    outer loop
      vertex 6.345836943965736 35.300836943965734 0
      vertex 6.345836943965736 8.359163056034262 0
      vertex 5.999342219125168 7.95346985779441 0
    endloop
  endfacet
  facet normal 0 0 1
    outer loop
      vertex 0 43.66 4
      vertex 0 0 4
      vertex 5.391859641976538 5.423122818863213 4
    endloop
  endfacet
  facet normal 0 0 -1
    outer loop
      vertex 0 0 0
      vertex 6.345836943965736 35.300836943965734 0
      vertex 5.999342219125168 7.95346985779441 0
    endloop
  endfacet
  facet normal -1 0 0
    outer loop
      vertex 0 43.66 4
      vertex 0 0 0
      vertex 0 0 4
    endloop
  endfacet
  facet normal 0 0 -1
    outer loop
      vertex 103.30000000000001 15.659999999999997 0
      vertex 10.293567699114448 2.925577817759546 0
      vertex 55.30000000000001 15.659999999999997 0
    endloop
  endfacet
  facet normal 0 0 1
    outer loop
      vertex 20.5 3.6599999999999966 4
      vertex 103.30000000000001 15.659999999999997 4
      vertex 55.30000000000001 15.659999999999997 4
    endloop
  endfacet
  facet normal 0 0 -1
    outer loop
      vertex 103.30000000000001 15.659999999999997 0
      vertex 9.800657780874815 2.7214078445964773 0
      vertex 10.293567699114448 2.925577817759546 0
    endloop
  endfacet
  facet normal 0 0 -1
    outer loop
      vertex 0 0 0
      vertex 9.800657780874815 2.7214078445964773 0
      vertex 103.30000000000001 15.659999999999997 0
    endloop
  endfacet
  facet normal 0 0 1
    outer loop
      vertex 140.3 3.6599999999999966 4
      vertex 20.5 3.6599999999999966 4
      vertex 0 0 4
    endloop
  endfacet
  facet normal 0 0 -1
    outer loop
      vertex 55.30000000000001 15.659999999999997 0
      vertex 11.154163056034264 8.359163056034262 0
      vertex 10.748469857794419 8.705657780874816 0
    endloop
  endfacet
  facet normal 0 0 -1
    outer loop
      vertex 55.30000000000001 15.659999999999997 0
      vertex 11.500657780874832 7.95346985779441 0
      vertex 11.154163056034264 8.359163056034262 0
    endloop
  endfacet
  facet normal 0 0 -1
    outer loop
      vertex 55.30000000000001 15.659999999999997 0
      vertex 12.108140358023462 6.486877181136784 0
      vertex 11.983592155403528 7.00565778087482 0
    endloop
  endfacet
  facet normal 0 0 -1
    outer loop
      vertex 55.30000000000001 15.659999999999997 0
      vertex 12.150000000000006 5.954999999999998 0
      vertex 12.108140358023462 6.486877181136784 0
    endloop
  endfacet
  facet normal 0 0 -1
    outer loop
      vertex 55.30000000000001 15.659999999999997 0
      vertex 12.108140358023462 5.423122818863213 0
      vertex 12.150000000000006 5.954999999999998 0
    endloop
  endfacet
  facet normal 0 0 -1
    outer loop
      vertex 55.30000000000001 15.659999999999997 0
      vertex 11.779422182240438 7.49856769911446 0
      vertex 11.500657780874832 7.95346985779441 0
    endloop
  endfacet
  facet normal 0 0 -1
    outer loop
      vertex 55.30000000000001 15.659999999999997 0
      vertex 11.983592155403528 7.00565778087482 0
      vertex 11.779422182240438 7.49856769911446 0
    endloop
  endfacet
  facet normal 0 0 -1
    outer loop
      vertex 55.30000000000001 15.659999999999997 0
      vertex 11.983592155403528 4.904342219125176 0
      vertex 12.108140358023462 5.423122818863213 0
    endloop
  endfacet
  facet normal 0 0 -1
    outer loop
      vertex 55.30000000000001 15.659999999999997 0
      vertex 11.779422182240438 4.4114323008855365 0
      vertex 11.983592155403528 4.904342219125176 0
    endloop
  endfacet
  facet normal 0 0 -1
    outer loop
      vertex 55.30000000000001 15.659999999999997 0
      vertex 11.500657780874832 3.9565301422055867 0
      vertex 11.779422182240438 4.4114323008855365 0
    endloop
  endfacet
  facet normal 0 0 -1
    outer loop
      vertex 55.30000000000001 15.659999999999997 0
      vertex 11.154163056034264 3.5508369439657343 0
      vertex 11.500657780874832 3.9565301422055867 0
    endloop
  endfacet
  facet normal 0 0 -1
    outer loop
      vertex 55.30000000000001 15.659999999999997 0
      vertex 10.748469857794419 3.2043422191251807 0
      vertex 11.154163056034264 3.5508369439657343 0
    endloop
  endfacet
  facet normal 0 0 -1
    outer loop
      vertex 55.30000000000001 15.659999999999997 0
      vertex 10.293567699114448 2.925577817759546 0
      vertex 10.748469857794419 3.2043422191251807 0
    endloop
  endfacet
  facet normal 0 0 1
    outer loop
      vertex 17.5 3.6599999999999966 4
      vertex 10.748469857794419 8.705657780874816 4
      vertex 11.154163056034264 8.359163056034262 4
    endloop
  endfacet
  facet normal 0 0 1
    outer loop
      vertex 17.5 3.6599999999999966 4
      vertex 11.154163056034264 8.359163056034262 4
      vertex 11.500657780874832 7.95346985779441 4
    endloop
  endfacet
  facet normal 0 0 1
    outer loop
      vertex 17.5 3.6599999999999966 4
      vertex 11.500657780874832 7.95346985779441 4
      vertex 11.779422182240438 7.49856769911446 4
    endloop
  endfacet
  facet normal 0 0 1
    outer loop
      vertex 17.5 3.6599999999999966 4
      vertex 11.779422182240438 7.49856769911446 4
      vertex 11.983592155403528 7.00565778087482 4
    endloop
  endfacet
  facet normal 0 0 1
    outer loop
      vertex 17.5 3.6599999999999966 4
      vertex 11.983592155403528 7.00565778087482 4
      vertex 12.108140358023462 6.486877181136784 4
    endloop
  endfacet
  facet normal 0 0 1
    outer loop
      vertex 17.5 3.6599999999999966 4
      vertex 12.108140358023462 6.486877181136784 4
      vertex 12.150000000000006 5.954999999999998 4
    endloop
  endfacet
  facet normal 0 0 1
    outer loop
      vertex 17.5 3.6599999999999966 4
      vertex 12.150000000000006 5.954999999999998 4
      vertex 12.108140358023462 5.423122818863213 4
    endloop
  endfacet
  facet normal 0 0 1
    outer loop
      vertex 17.5 3.6599999999999966 4
      vertex 12.108140358023462 5.423122818863213 4
      vertex 11.983592155403528 4.904342219125176 4
    endloop
  endfacet
  facet normal 0 0 1
    outer loop
      vertex 17.5 3.6599999999999966 4
      vertex 11.983592155403528 4.904342219125176 4
      vertex 11.779422182240438 4.4114323008855365 4
    endloop
  endfacet
  facet normal 0 0 1
    outer loop
      vertex 17.5 3.6599999999999966 4
      vertex 11.779422182240438 4.4114323008855365 4
      vertex 11.500657780874832 3.9565301422055867 4
    endloop
  endfacet
  facet normal 0 0 1
    outer loop
      vertex 17.5 3.6599999999999966 4
      vertex 11.500657780874832 3.9565301422055867 4
      vertex 11.154163056034264 3.5508369439657343 4
    endloop
  endfacet
  facet normal 0 0 1
    outer loop
      vertex 17.5 3.6599999999999966 4
      vertex 11.154163056034264 3.5508369439657343 4
      vertex 10.748469857794419 3.2043422191251807 4
    endloop
  endfacet
  facet normal 0 0 1
    outer loop
      vertex 17.5 3.6599999999999966 4
      vertex 10.748469857794419 3.2043422191251807 4
      vertex 10.293567699114448 2.925577817759546 4
    endloop
  endfacet
  facet normal 0 0 1
    outer loop
      vertex 17.5 3.6599999999999966 4
      vertex 10.293567699114448 2.925577817759546 4
      vertex 9.800657780874815 2.7214078445964773 4
    endloop
  endfacet
  facet normal 0 0 -1
    outer loop
      vertex 0 0 0
      vertex 5.999342219125168 7.95346985779441 0
      vertex 5.720577817759562 7.49856769911446 0
    endloop
  endfacet
  facet normal 0 0 -1
    outer loop
      vertex 0 0 0
      vertex 5.720577817759562 7.49856769911446 0
      vertex 5.516407844596472 7.00565778087482 0
    endloop
  endfacet
  facet normal 0 0 -1
    outer loop
      vertex 0 0 0
      vertex 5.516407844596472 7.00565778087482 0
      vertex 5.391859641976538 6.486877181136784 0
    endloop
  endfacet
  facet normal 0 0 -1
    outer loop
      vertex 0 0 0
      vertex 5.391859641976538 6.486877181136784 0
      vertex 5.349999999999994 5.954999999999998 0
    endloop
  endfacet
  facet normal 0 0 -1
    outer loop
      vertex 0 0 0
      vertex 5.349999999999994 5.954999999999998 0
      vertex 5.391859641976538 5.423122818863213 0
    endloop
  endfacet
  facet normal 0 0 -1
    outer loop
      vertex 0 0 0
      vertex 5.391859641976538 5.423122818863213 0
      vertex 5.516407844596472 4.904342219125176 0
    endloop
  endfacet
  facet normal 0 0 -1
    outer loop
      vertex 0 0 0
      vertex 5.516407844596472 4.904342219125176 0
      vertex 5.720577817759562 4.4114323008855365 0
    endloop
  endfacet
  facet normal 0 0 1
    outer loop
      vertex 0 0 4
      vertex 5.516407844596472 4.904342219125176 4
      vertex 5.391859641976538 5.423122818863213 4
    endloop
  endfacet
  facet normal 0 0 1
    outer loop
      vertex 0 0 4
      vertex 5.720577817759562 4.4114323008855365 4
      vertex 5.516407844596472 4.904342219125176 4
    endloop
  endfacet
  facet normal 0 0 1
    outer loop
      vertex 20.5 3.6599999999999966 4
      vertex 17.5 3.6599999999999966 4
      vertex 0 0 4
    endloop
  endfacet
  facet normal 0 0 1
    outer loop
      vertex 17.5 3.6599999999999966 4
      vertex 9.800657780874815 2.7214078445964773 4
      vertex 0 0 4
    endloop
  endfacet
  facet normal 0 0 -1
    outer loop
      vertex 0 0 0
      vertex 5.720577817759562 4.4114323008855365 0
      vertex 5.999342219125168 3.9565301422055867 0
    endloop
  endfacet
  facet normal 0 0 -1
    outer loop
      vertex 0 0 0
      vertex 5.999342219125168 3.9565301422055867 0
      vertex 6.345836943965736 3.5508369439657343 0
    endloop
  endfacet
  facet normal 0 0 -1
    outer loop
      vertex 0 0 0
      vertex 6.345836943965736 3.5508369439657343 0
      vertex 6.751530142205581 3.2043422191251807 0
    endloop
  endfacet
  facet normal 0 0 -1
    outer loop
      vertex 0 0 0
      vertex 9.281877181136792 2.596859641976529 0
      vertex 9.800657780874815 2.7214078445964773 0
    endloop
  endfacet
  facet normal 0 0 -1
    outer loop
      vertex 0 0 0
      vertex 8.75 2.5549999999999997 0
      vertex 9.281877181136792 2.596859641976529 0
    endloop
  endfacet
  facet normal 0 0 -1
    outer loop
      vertex 0 0 0
      vertex 8.218122818863208 2.596859641976529 0
      vertex 8.75 2.5549999999999997 0
    endloop
  endfacet
  facet normal 0 0 -1
    outer loop
      vertex 0 0 0
      vertex 7.206432300885552 2.925577817759546 0
      vertex 7.699342219125185 2.7214078445964773 0
    endloop
  endfacet
  facet normal 0 0 -1
    outer loop
      vertex 0 0 0
      vertex 6.751530142205581 3.2043422191251807 0
      vertex 7.206432300885552 2.925577817759546 0
    endloop
  endfacet
  facet normal 0 0 -1
    outer loop
      vertex 0 0 0
      vertex 7.699342219125185 2.7214078445964773 0
      vertex 8.218122818863208 2.596859641976529 0
    endloop
  endfacet
  facet normal 0 0 1
    outer loop
      vertex 0 0 4
      vertex 5.999342219125168 3.9565301422055867 4
      vertex 5.720577817759562 4.4114323008855365 4
    endloop
  endfacet
  facet normal 0 0 1
    outer loop
      vertex 0 0 4
      vertex 6.345836943965736 3.5508369439657343 4
      vertex 5.999342219125168 3.9565301422055867 4
    endloop
  endfacet
  facet normal 0 0 1
    outer loop
      vertex 0 0 4
      vertex 6.751530142205581 3.2043422191251807 4
      vertex 6.345836943965736 3.5508369439657343 4
    endloop
  endfacet
  facet normal 0 0 1
    outer loop
      vertex 0 0 4
      vertex 9.800657780874815 2.7214078445964773 4
      vertex 9.281877181136792 2.596859641976529 4
    endloop
  endfacet
  facet normal 0 0 1
    outer loop
      vertex 0 0 4
      vertex 9.281877181136792 2.596859641976529 4
      vertex 8.75 2.5549999999999997 4
    endloop
  endfacet
  facet normal 0 0 1
    outer loop
      vertex 0 0 4
      vertex 8.75 2.5549999999999997 4
      vertex 8.218122818863208 2.596859641976529 4
    endloop
  endfacet
  facet normal 0 0 1
    outer loop
      vertex 0 0 4
      vertex 7.699342219125185 2.7214078445964773 4
      vertex 7.206432300885552 2.925577817759546 4
    endloop
  endfacet
  facet normal 0 0 1
    outer loop
      vertex 0 0 4
      vertex 7.206432300885552 2.925577817759546 4
      vertex 6.751530142205581 3.2043422191251807 4
    endloop
  endfacet
  facet normal 0 0 1
    outer loop
      vertex 0 0 4
      vertex 8.218122818863208 2.596859641976529 4
      vertex 7.699342219125185 2.7214078445964773 4
    endloop
  endfacet
  facet normal 0 -1 0
    outer loop
      vertex 235.3 40.66 4
      vertex 218.8 40.66 24.5
      vertex 218.8 40.66 4
    endloop
  endfacet
  facet normal 0 -1 0
    outer loop
      vertex 215.8 40.66 4
      vertex 215.8 40.66 24.5
      vertex 198 40.66 4
    endloop
  endfacet
  facet normal 0 -1 0
    outer loop
      vertex 195.5 40.66 4
      vertex 195.5 40.66 18.5
      vertex 183.10000000000002 40.66 4
    endloop
  endfacet
  facet normal 0 -1 0
    outer loop
      vertex 183.10000000000002 40.66 4
      vertex 195.5 40.66 18.5
      vertex 183.10000000000002 40.66 18.5
    endloop
  endfacet
  facet normal 0 -1 0
    outer loop
      vertex 215.8 40.66 24.5
      vertex 198 40.66 18.5
      vertex 198 40.66 4
    endloop
  endfacet
  facet normal 0 -1 0
    outer loop
      vertex 215.8 40.66 24.5
      vertex 198 40.66 24.5
      vertex 198 40.66 18.5
    endloop
  endfacet
  facet normal 1 0 0
    outer loop
      vertex 241.3 43.66 4
      vertex 241.3 40.66 116
      vertex 241.3 40.66 4
    endloop
  endfacet
  facet normal 0 -1 0
    outer loop
      vertex 235.3 40.66 4
      vertex 235.3 40.66 116
      vertex 218.8 40.66 24.5
    endloop
  endfacet
  facet normal 0 -1 0
    outer loop
      vertex 218.8 40.66 24.5
      vertex 235.3 40.66 116
      vertex 215.8 40.66 24.5
    endloop
  endfacet
  facet normal 0 -1 0
    outer loop
      vertex 215.8 40.66 24.5
      vertex 190.55298503972548 40.66 46.07275089156259
      vertex 198 40.66 24.5
    endloop
  endfacet
  facet normal 0 -1 0
    outer loop
      vertex 215.8 40.66 24.5
      vertex 190.97724910843743 40.66 46.49701496027452
      vertex 190.55298503972548 40.66 46.07275089156259
    endloop
  endfacet
  facet normal 0 -1 0
    outer loop
      vertex 215.8 40.66 24.5
      vertex 191.1920346225951 40.66 46.83884414785313
      vertex 190.97724910843743 40.66 46.49701496027452
    endloop
  endfacet
  facet normal 0 -1 0
    outer loop
      vertex 215.8 40.66 24.5
      vertex 191.34734861558184 40.66 47.28270603869174
      vertex 191.1920346225951 40.66 46.83884414785313
    endloop
  endfacet
  facet normal 0 -1 0
    outer loop
      vertex 215.8 40.66 24.5
      vertex 191.4 40.66 47.75
      vertex 191.34734861558184 40.66 47.28270603869174
    endloop
  endfacet
  facet normal 0 -1 0
    outer loop
      vertex 215.8 40.66 24.5
      vertex 191.34734861558184 40.66 48.21729396130826
      vertex 191.4 40.66 47.75
    endloop
  endfacet
  facet normal 0 -1 0
    outer loop
      vertex 215.8 40.66 24.5
      vertex 191.1920346225951 40.66 48.66115585214687
      vertex 191.34734861558184 40.66 48.21729396130826
    endloop
  endfacet
  facet normal 0 -1 0
    outer loop
      vertex 215.8 40.66 24.5
      vertex 190.97724910843743 40.66 49.00298503972548
      vertex 191.1920346225951 40.66 48.66115585214687
    endloop
  endfacet
  facet normal 0 -1 0
    outer loop
      vertex 198 40.66 24.5
      vertex 188.04701496027454 40.66 46.0727508915626
      vertex 180.60000000000002 40.66 24.5
    endloop
  endfacet
  facet normal 0 -1 0
    outer loop
      vertex 198 40.66 24.5
      vertex 190.55298503972548 40.66 46.07275089156259
      vertex 190.21115585214687 40.66 45.85796537740492
    endloop
  endfacet
  facet normal 0 -1 0
    outer loop
      vertex 198 40.66 24.5
      vertex 190.21115585214687 40.66 45.85796537740492
      vertex 189.76729396130827 40.66 45.70265138441817
    endloop
  endfacet
  facet normal 0 -1 0
    outer loop
      vertex 198 40.66 24.5
      vertex 189.76729396130827 40.66 45.70265138441817
      vertex 189.3 40.66 45.65
    endloop
  endfacet
  facet normal 0 -1 0
    outer loop
      vertex 198 40.66 24.5
      vertex 189.3 40.66 45.65
      vertex 188.83270603869175 40.66 45.70265138441817
    endloop
  endfacet
  facet normal 0 -1 0
    outer loop
      vertex 198 40.66 24.5
      vertex 188.83270603869175 40.66 45.70265138441817
      vertex 188.38884414785315 40.66 45.85796537740492
    endloop
  endfacet
  facet normal 0 -1 0
    outer loop
      vertex 198 40.66 24.5
      vertex 188.38884414785315 40.66 45.85796537740492
      vertex 188.04701496027454 40.66 46.0727508915626
    endloop
  endfacet
  facet normal 0 -1 0
    outer loop
      vertex 215.8 40.66 24.5
      vertex 192.50550907811893 40.66 90.69369181237919
      vertex 190.97724910843743 40.66 49.00298503972548
    endloop
  endfacet
  facet normal 0 -1 0
    outer loop
      vertex 190.55298503972548 40.66 46.07275089156259
      vertex 190.97724910843743 40.66 46.49701496027452
      vertex 189.72426406871193 40.66 47.75
    endloop
  endfacet
  facet normal 0 -1 0
    outer loop
      vertex 190.55298503972548 40.66 46.07275089156259
      vertex 189.72426406871193 40.66 47.75
      vertex 189.3 40.66 47.32573593128807
    endloop
  endfacet
  facet normal 0 -1 0
    outer loop
      vertex 189.72426406871193 40.66 47.75
      vertex 187.62275089156262 40.66 46.49701496027453
      vertex 189.3 40.66 47.32573593128807
    endloop
  endfacet
  facet normal 0 -1 0
    outer loop
      vertex 189.72426406871193 40.66 47.75
      vertex 188.8757359312881 40.66 47.75
      vertex 187.62275089156262 40.66 46.49701496027453
    endloop
  endfacet
  facet normal 0 -1 0
    outer loop
      vertex 189.72426406871193 40.66 47.75
      vertex 189.3 40.66 48.17426406871193
      vertex 188.8757359312881 40.66 47.75
    endloop
  endfacet
  facet normal 0 -1 0
    outer loop
      vertex 189.72426406871193 40.66 47.75
      vertex 190.97724910843743 40.66 49.00298503972548
      vertex 189.3 40.66 48.17426406871193
    endloop
  endfacet
  facet normal 0 -1 0
    outer loop
      vertex 189.3 40.66 48.17426406871193
      vertex 190.97724910843743 40.66 49.00298503972548
      vertex 190.55298503972548 40.66 49.42724910843741
    endloop
  endfacet
  facet normal 0 -1 0
    outer loop
      vertex 188.8757359312881 40.66 47.75
      vertex 189.3 40.66 48.17426406871193
      vertex 188.04701496027454 40.66 49.4272491084374
    endloop
  endfacet
  facet normal 0 -1 0
    outer loop
      vertex 189.3 40.66 47.32573593128807
      vertex 187.62275089156262 40.66 46.49701496027453
      vertex 188.04701496027454 40.66 46.0727508915626
    endloop
  endfacet
  facet normal 0 -1 0
    outer loop
      vertex 188.8757359312881 40.66 47.75
      vertex 188.04701496027454 40.66 49.4272491084374
      vertex 187.62275089156262 40.66 49.00298503972547
    endloop
  endfacet
  facet normal 0 -1 0
    outer loop
      vertex 180.60000000000002 40.66 4
      vertex 180.60000000000002 40.66 18.509999999999998
      vertex 162.8 40.66 4
    endloop
  endfacet
  facet normal 0 -1 0
    outer loop
      vertex 159.8 40.66 4
      vertex 159.8 40.66 24.5
      vertex 143.3 40.66 4
    endloop
  endfacet
  facet normal 0 -1 0
    outer loop
      vertex 162.8 40.66 4
      vertex 180.60000000000002 40.66 18.509999999999998
      vertex 162.8 40.66 24.5
    endloop
  endfacet
  facet normal 0 -1 0
    outer loop
      vertex 180.60000000000002 40.66 18.509999999999998
      vertex 180.60000000000002 40.66 24.5
      vertex 162.8 40.66 24.5
    endloop
  endfacet
  facet normal 0 1 0
    outer loop
      vertex 241.3 43.66 4
      vertex 103.30000000000001 43.66 4
      vertex 103.30000000000001 43.66 4.1000000000000005
    endloop
  endfacet
  facet normal 0 1 0
    outer loop
      vertex 241.3 43.66 4
      vertex 103.30000000000001 43.66 4.1000000000000005
      vertex 79.30000000000001 43.66 6.645252531694169
    endloop
  endfacet
  facet normal 0 1 0
    outer loop
      vertex 241.3 43.66 4
      vertex 79.305 43.66 6.650252531694169
      vertex 81.77487373415292 43.66 9.125126265847085
    endloop
  endfacet
  facet normal 0 1 0
    outer loop
      vertex 241.3 43.66 4
      vertex 79.30000000000001 43.66 6.645252531694169
      vertex 79.305 43.66 6.650252531694169
    endloop
  endfacet
  facet normal 0 1 0
    outer loop
      vertex 241.3 43.66 4
      vertex 81.77487373415292 43.66 9.125126265847085
      vertex 82.33108891324554 43.66 9.850000000000001
    endloop
  endfacet
  facet normal 0 1 0
    outer loop
      vertex 241.3 43.66 4
      vertex 82.33108891324554 43.66 9.850000000000001
      vertex 82.68074039201176 43.66 10.694133342141178
    endloop
  endfacet
  facet normal 0 1 0
    outer loop
      vertex 241.3 43.66 4
      vertex 82.68074039201176 43.66 10.694133342141178
      vertex 82.80000000000001 43.66 11.600000000000001
    endloop
  endfacet
  facet normal 0 1 0
    outer loop
      vertex 241.3 43.66 4
      vertex 82.80000000000001 43.66 11.600000000000001
      vertex 82.68074039201176 43.66 12.505866657858824
    endloop
  endfacet
  facet normal 0 1 0
    outer loop
      vertex 241.3 43.66 4
      vertex 82.68074039201176 43.66 12.505866657858824
      vertex 82.33108891324554 43.66 13.350000000000001
    endloop
  endfacet
  facet normal 0 1 0
    outer loop
      vertex 241.3 43.66 4
      vertex 82.33108891324554 43.66 13.350000000000001
      vertex 81.77487373415292 43.66 14.074873734152918
    endloop
  endfacet
  facet normal 0 1 0
    outer loop
      vertex 241.3 43.66 4
      vertex 81.77487373415292 43.66 14.074873734152918
      vertex 81.05000000000001 43.66 14.631088913245536
    endloop
  endfacet
  facet normal 0 1 0
    outer loop
      vertex 241.3 43.66 4
      vertex 81.05000000000001 43.66 14.631088913245536
      vertex 80.20586665785882 43.66 14.98074039201174
    endloop
  endfacet
  facet normal 0 1 0
    outer loop
      vertex 241.3 43.66 4
      vertex 80.20586665785882 43.66 14.98074039201174
      vertex 79.30000000000001 43.66 15.100000000000001
    endloop
  endfacet
  facet normal 0 -1 0
    outer loop
      vertex 180.60000000000002 40.66 24.5
      vertex 143.3 40.66 66.95621090259161
      vertex 162.8 40.66 24.5
    endloop
  endfacet
  facet normal 0 -1 0
    outer loop
      vertex 162.8 40.66 24.5
      vertex 143.3 40.66 66.95621090259161
      vertex 159.8 40.66 24.5
    endloop
  endfacet
  facet normal 0 -1 0
    outer loop
      vertex 188.04701496027454 40.66 46.0727508915626
      vertex 143.3 40.66 66.95621090259161
      vertex 180.60000000000002 40.66 24.5
    endloop
  endfacet
  facet normal 0 -1 0
    outer loop
      vertex 188.04701496027454 40.66 46.0727508915626
      vertex 187.62275089156262 40.66 46.49701496027453
      vertex 143.3 40.66 66.95621090259161
    endloop
  endfacet
  facet normal 0 -1 0
    outer loop
      vertex 187.62275089156262 40.66 46.49701496027453
      vertex 187.40796537740493 40.66 46.83884414785313
      vertex 143.3 40.66 66.95621090259161
    endloop
  endfacet
  facet normal 0 -1 0
    outer loop
      vertex 187.40796537740493 40.66 46.83884414785313
      vertex 187.2526513844182 40.66 47.28270603869174
      vertex 143.3 40.66 66.95621090259161
    endloop
  endfacet
  facet normal 0 -1 0
    outer loop
      vertex 187.2526513844182 40.66 47.28270603869174
      vertex 187.20000000000002 40.66 47.75
      vertex 143.3 40.66 66.95621090259161
    endloop
  endfacet
  facet normal 0 -1 0
    outer loop
      vertex 187.20000000000002 40.66 47.75
      vertex 187.2526513844182 40.66 48.21729396130826
      vertex 143.3 40.66 66.95621090259161
    endloop
  endfacet
  facet normal 0 -1 0
    outer loop
      vertex 187.2526513844182 40.66 48.21729396130826
      vertex 187.40796537740493 40.66 48.66115585214687
      vertex 143.3 40.66 66.95621090259161
    endloop
  endfacet
  facet normal 0 -1 0
    outer loop
      vertex 159.8 40.66 24.5
      vertex 143.3 40.66 66.95621090259161
      vertex 143.3 40.66 4
    endloop
  endfacet
  facet normal 0 -1 0
    outer loop
      vertex 140.3 40.66 4
      vertex 140.3 40.66 116
      vertex 103.30000000000001 40.66 4.1000000000000005
    endloop
  endfacet
  facet normal 1 0 0
    outer loop
      vertex 241.3 43.66 4
      vertex 241.3 43.66 116
      vertex 241.3 40.66 116
    endloop
  endfacet
  facet normal 0 -1 0
    outer loop
      vertex 215.8 40.66 24.5
      vertex 235.3 40.66 116
      vertex 192.99397235839993 40.66 91.47107666961801
    endloop
  endfacet
  facet normal 0 -1 0
    outer loop
      vertex 215.8 40.66 24.5
      vertex 192.99397235839993 40.66 91.47107666961801
      vertex 192.50550907811893 40.66 90.69369181237919
    endloop
  endfacet
  facet normal 0 -1 0
    outer loop
      vertex 190.97724910843743 40.66 49.00298503972548
      vertex 191.8563081876208 40.66 90.04449092188108
      vertex 190.55298503972548 40.66 49.42724910843741
    endloop
  endfacet
  facet normal 0 -1 0
    outer loop
      vertex 190.55298503972548 40.66 49.42724910843741
      vertex 191.078923330382 40.66 89.55602764160008
      vertex 190.21115585214687 40.66 49.642034622595084
    endloop
  endfacet
  facet normal 0 -1 0
    outer loop
      vertex 190.21115585214687 40.66 49.642034622595084
      vertex 190.2123358292209 40.66 89.25279556005452
      vertex 189.76729396130827 40.66 49.79734861558183
    endloop
  endfacet
  facet normal 0 -1 0
    outer loop
      vertex 189.76729396130827 40.66 49.79734861558183
      vertex 190.2123358292209 40.66 89.25279556005452
      vertex 189.3 40.66 49.85
    endloop
  endfacet
  facet normal 0 -1 0
    outer loop
      vertex 188.83270603869175 40.66 49.79734861558183
      vertex 189.3 40.66 49.85
      vertex 189.3 40.66 89.15
    endloop
  endfacet
  facet normal 0 -1 0
    outer loop
      vertex 188.83270603869175 40.66 49.79734861558183
      vertex 188.38766417077912 40.66 89.25279556005452
      vertex 188.38884414785315 40.66 49.642034622595084
    endloop
  endfacet
  facet normal 0 -1 0
    outer loop
      vertex 187.40796537740493 40.66 48.66115585214687
      vertex 187.62275089156262 40.66 49.00298503972547
      vertex 187.52107666961803 40.66 89.55602764160008
    endloop
  endfacet
  facet normal 0 -1 0
    outer loop
      vertex 187.62275089156262 40.66 49.00298503972547
      vertex 188.04701496027454 40.66 49.4272491084374
      vertex 187.52107666961803 40.66 89.55602764160008
    endloop
  endfacet
  facet normal 0 -1 0
    outer loop
      vertex 188.04701496027454 40.66 49.4272491084374
      vertex 188.38884414785315 40.66 49.642034622595084
      vertex 187.52107666961803 40.66 89.55602764160008
    endloop
  endfacet
  facet normal 0 1 0
    outer loop
      vertex 241.3 43.66 4
      vertex 82.80000000000001 43.66 104.4
      vertex 241.3 43.66 116
    endloop
  endfacet
  facet normal 0 -1 0
    outer loop
      vertex 189.3 40.66 49.85
      vertex 190.2123358292209 40.66 89.25279556005452
      vertex 189.3 40.66 89.15
    endloop
  endfacet
  facet normal 0 -1 0
    outer loop
      vertex 188.83270603869175 40.66 49.79734861558183
      vertex 189.3 40.66 89.15
      vertex 188.38766417077912 40.66 89.25279556005452
    endloop
  endfacet
  facet normal 0 -1 0
    outer loop
      vertex 190.97724910843743 40.66 49.00298503972548
      vertex 191.96877659851393 40.66 90.15695933277418
      vertex 191.8563081876208 40.66 90.04449092188108
    endloop
  endfacet
  facet normal 0 -1 0
    outer loop
      vertex 190.97724910843743 40.66 49.00298503972548
      vertex 192.50550907811893 40.66 90.69369181237919
      vertex 192.39304066722585 40.66 90.5812234014861
    endloop
  endfacet
  facet normal 0 -1 0
    outer loop
      vertex 190.97724910843743 40.66 49.00298503972548
      vertex 192.39304066722585 40.66 90.5812234014861
      vertex 191.96877659851393 40.66 90.15695933277418
    endloop
  endfacet
  facet normal 0 -1 0
    outer loop
      vertex 190.55298503972548 40.66 49.42724910843741
      vertex 191.8563081876208 40.66 90.04449092188108
      vertex 191.078923330382 40.66 89.55602764160008
    endloop
  endfacet
  facet normal 0 -1 0
    outer loop
      vertex 190.21115585214687 40.66 49.642034622595084
      vertex 191.078923330382 40.66 89.55602764160008
      vertex 190.2123358292209 40.66 89.25279556005452
    endloop
  endfacet
  facet normal 0 -1 0
    outer loop
      vertex 188.38884414785315 40.66 49.642034622595084
      vertex 188.38766417077912 40.66 89.25279556005452
      vertex 187.52107666961803 40.66 89.55602764160008
    endloop
  endfacet
  facet normal 0 -1 0
    outer loop
      vertex 235.3 40.66 116
      vertex 193.2972044399455 40.66 92.3376641707791
      vertex 192.99397235839993 40.66 91.47107666961801
    endloop
  endfacet
  facet normal 0 -1 0
    outer loop
      vertex 235.3 40.66 116
      vertex 193.4 40.66 93.25
      vertex 193.2972044399455 40.66 92.3376641707791
    endloop
  endfacet
  facet normal 0 -1 0
    outer loop
      vertex 235.3 40.66 116
      vertex 193.2972044399455 40.66 94.1623358292209
      vertex 193.4 40.66 93.25
    endloop
  endfacet
  facet normal 0 -1 0
    outer loop
      vertex 192.39304066722585 40.66 90.5812234014861
      vertex 189.72426406871193 40.66 93.25
      vertex 191.96877659851393 40.66 90.15695933277418
    endloop
  endfacet
  facet normal 0 -1 0
    outer loop
      vertex 191.96877659851393 40.66 90.15695933277418
      vertex 189.72426406871193 40.66 93.25
      vertex 189.3 40.66 92.82573593128808
    endloop
  endfacet
  facet normal 0 -1 0
    outer loop
      vertex 189.72426406871193 40.66 93.25
      vertex 188.8757359312881 40.66 93.25
      vertex 189.3 40.66 92.82573593128808
    endloop
  endfacet
  facet normal 0 -1 0
    outer loop
      vertex 189.72426406871193 40.66 93.25
      vertex 189.3 40.66 93.67426406871192
      vertex 188.8757359312881 40.66 93.25
    endloop
  endfacet
  facet normal 0 -1 0
    outer loop
      vertex 189.3 40.66 92.82573593128808
      vertex 186.2069593327742 40.66 90.5812234014861
      vertex 186.6312234014861 40.66 90.15695933277418
    endloop
  endfacet
  facet normal 0 -1 0
    outer loop
      vertex 189.3 40.66 92.82573593128808
      vertex 188.8757359312881 40.66 93.25
      vertex 186.2069593327742 40.66 90.5812234014861
    endloop
  endfacet
  facet normal 0 -1 0
    outer loop
      vertex 189.72426406871193 40.66 93.25
      vertex 192.39304066722585 40.66 95.9187765985139
      vertex 191.96877659851393 40.66 96.34304066722582
    endloop
  endfacet
  facet normal 0 -1 0
    outer loop
      vertex 189.72426406871193 40.66 93.25
      vertex 191.96877659851393 40.66 96.34304066722582
      vertex 189.3 40.66 93.67426406871192
    endloop
  endfacet
  facet normal 0 -1 0
    outer loop
      vertex 188.8757359312881 40.66 93.25
      vertex 189.3 40.66 93.67426406871192
      vertex 186.2069593327742 40.66 95.9187765985139
    endloop
  endfacet
  facet normal 0 -1 0
    outer loop
      vertex 189.3 40.66 93.67426406871192
      vertex 186.6312234014861 40.66 96.34304066722582
      vertex 186.2069593327742 40.66 95.9187765985139
    endloop
  endfacet
  facet normal 0 -1 0
    outer loop
      vertex 235.3 40.66 116
      vertex 192.99397235839993 40.66 95.02892333038199
      vertex 193.2972044399455 40.66 94.1623358292209
    endloop
  endfacet
  facet normal 0 -1 0
    outer loop
      vertex 235.3 40.66 116
      vertex 192.50550907811893 40.66 95.80630818762081
      vertex 192.99397235839993 40.66 95.02892333038199
    endloop
  endfacet
  facet normal 0 -1 0
    outer loop
      vertex 235.3 40.66 116
      vertex 192.39304066722585 40.66 95.9187765985139
      vertex 192.50550907811893 40.66 95.80630818762081
    endloop
  endfacet
  facet normal 0 -1 0
    outer loop
      vertex 235.3 40.66 116
      vertex 191.96877659851393 40.66 96.34304066722582
      vertex 192.39304066722585 40.66 95.9187765985139
    endloop
  endfacet
  facet normal 0 -1 0
    outer loop
      vertex 235.3 40.66 116
      vertex 191.8563081876208 40.66 96.45550907811892
      vertex 191.96877659851393 40.66 96.34304066722582
    endloop
  endfacet
  facet normal 0 -1 0
    outer loop
      vertex 235.3 40.66 116
      vertex 191.078923330382 40.66 96.94397235839992
      vertex 191.8563081876208 40.66 96.45550907811892
    endloop
  endfacet
  facet normal 0 -1 0
    outer loop
      vertex 235.3 40.66 116
      vertex 190.2123358292209 40.66 97.24720443994548
      vertex 191.078923330382 40.66 96.94397235839992
    endloop
  endfacet
  facet normal 0 -1 0
    outer loop
      vertex 235.3 40.66 116
      vertex 189.3 40.66 97.35
      vertex 190.2123358292209 40.66 97.24720443994548
    endloop
  endfacet
  facet normal 0 -1 0
    outer loop
      vertex 235.3 40.66 116
      vertex 188.38766417077912 40.66 97.24720443994548
      vertex 189.3 40.66 97.35
    endloop
  endfacet
  facet normal 0 -1 0
    outer loop
      vertex 235.3 40.66 116
      vertex 187.52107666961803 40.66 96.94397235839992
      vertex 188.38766417077912 40.66 97.24720443994548
    endloop
  endfacet
  facet normal 0 -1 0
    outer loop
      vertex 235.3 40.66 116
      vertex 143.3 40.66 116
      vertex 187.52107666961803 40.66 96.94397235839992
    endloop
  endfacet
  facet normal 0 -1 0
    outer loop
      vertex 187.40796537740493 40.66 48.66115585214687
      vertex 187.52107666961803 40.66 89.55602764160008
      vertex 143.3 40.66 66.95621090259161
    endloop
  endfacet
  facet normal 0 -1 0
    outer loop
      vertex 187.52107666961803 40.66 89.55602764160008
      vertex 186.7436918123792 40.66 90.04449092188108
      vertex 143.3 40.66 66.95621090259161
    endloop
  endfacet
  facet normal 0 -1 0
    outer loop
      vertex 186.7436918123792 40.66 90.04449092188108
      vertex 186.6312234014861 40.66 90.15695933277418
      vertex 143.3 40.66 66.95621090259161
    endloop
  endfacet
  facet normal 0 -1 0
    outer loop
      vertex 186.6312234014861 40.66 90.15695933277418
      vertex 186.2069593327742 40.66 90.5812234014861
      vertex 143.3 40.66 66.95621090259161
    endloop
  endfacet
  facet normal 0 -1 0
    outer loop
      vertex 186.2069593327742 40.66 90.5812234014861
      vertex 186.0944909218811 40.66 90.6936918123792
      vertex 143.3 40.66 66.95621090259161
    endloop
  endfacet
  facet normal 0 -1 0
    outer loop
      vertex 186.0944909218811 40.66 90.6936918123792
      vertex 185.6060276416001 40.66 91.47107666961801
      vertex 143.3 40.66 66.95621090259161
    endloop
  endfacet
  facet normal 0 -1 0
    outer loop
      vertex 185.6060276416001 40.66 91.47107666961801
      vertex 185.30279556005453 40.66 92.3376641707791
      vertex 143.3 40.66 66.95621090259161
    endloop
  endfacet
  facet normal 0 -1 0
    outer loop
      vertex 185.30279556005453 40.66 92.3376641707791
      vertex 185.20000000000002 40.66 93.25
      vertex 143.3 40.66 66.95621090259161
    endloop
  endfacet
  facet normal 0 1 0
    outer loop
      vertex 241.3 43.66 4
      vertex 79.305 43.66 99.45025253169418
      vertex 81.77487373415292 43.66 101.92512626584708
    endloop
  endfacet
  facet normal 0 1 0
    outer loop
      vertex 241.3 43.66 4
      vertex 79.30000000000001 43.66 99.44525253169417
      vertex 79.305 43.66 99.45025253169418
    endloop
  endfacet
  facet normal 0 1 0
    outer loop
      vertex 241.3 43.66 4
      vertex 81.77487373415292 43.66 101.92512626584708
      vertex 82.33108891324554 43.66 102.65
    endloop
  endfacet
  facet normal 0 1 0
    outer loop
      vertex 241.3 43.66 4
      vertex 82.33108891324554 43.66 102.65
      vertex 82.68074039201176 43.66 103.49413334214118
    endloop
  endfacet
  facet normal 0 1 0
    outer loop
      vertex 241.3 43.66 4
      vertex 82.68074039201176 43.66 103.49413334214118
      vertex 82.80000000000001 43.66 104.4
    endloop
  endfacet
  facet normal 0 -1 0
    outer loop
      vertex 185.20000000000002 40.66 93.25
      vertex 185.30279556005453 40.66 94.1623358292209
      vertex 143.3 40.66 116
    endloop
  endfacet
  facet normal 0 -1 0
    outer loop
      vertex 185.20000000000002 40.66 93.25
      vertex 143.3 40.66 116
      vertex 143.3 40.66 66.95621090259161
    endloop
  endfacet
  facet normal 0 0 1
    outer loop
      vertex 241.3 43.66 116
      vertex 17.5 43.66 116
      vertex 241.3 40.66 116
    endloop
  endfacet
  facet normal 0 -1 0
    outer loop
      vertex 185.6060276416001 40.66 95.02892333038199
      vertex 186.0944909218811 40.66 95.8063081876208
      vertex 143.3 40.66 116
    endloop
  endfacet
  facet normal 0 -1 0
    outer loop
      vertex 186.7436918123792 40.66 96.45550907811892
      vertex 187.52107666961803 40.66 96.94397235839992
      vertex 143.3 40.66 116
    endloop
  endfacet
  facet normal 0 -1 0
    outer loop
      vertex 186.2069593327742 40.66 95.9187765985139
      vertex 186.6312234014861 40.66 96.34304066722582
      vertex 143.3 40.66 116
    endloop
  endfacet
  facet normal 0 -1 0
    outer loop
      vertex 186.2069593327742 40.66 95.9187765985139
      vertex 143.3 40.66 116
      vertex 186.0944909218811 40.66 95.8063081876208
    endloop
  endfacet
  facet normal 0 -1 0
    outer loop
      vertex 186.6312234014861 40.66 96.34304066722582
      vertex 186.7436918123792 40.66 96.45550907811892
      vertex 143.3 40.66 116
    endloop
  endfacet
  facet normal 0 -1 0
    outer loop
      vertex 185.30279556005453 40.66 94.1623358292209
      vertex 185.6060276416001 40.66 95.02892333038199
      vertex 143.3 40.66 116
    endloop
  endfacet
  facet normal 0 0 1
    outer loop
      vertex 241.3 40.66 116
      vertex 17.5 43.66 116
      vertex 235.3 40.66 116
    endloop
  endfacet
  facet normal 0 1 0
    outer loop
      vertex 241.3 43.66 116
      vertex 82.80000000000001 43.66 104.4
      vertex 82.68074039201176 43.66 105.30586665785883
    endloop
  endfacet
  facet normal 0 1 0
    outer loop
      vertex 241.3 43.66 116
      vertex 82.68074039201176 43.66 105.30586665785883
      vertex 82.33108891324554 43.66 106.15
    endloop
  endfacet
  facet normal 0 1 0
    outer loop
      vertex 241.3 43.66 116
      vertex 82.33108891324554 43.66 106.15
      vertex 81.77487373415292 43.66 106.87487373415293
    endloop
  endfacet
  facet normal 0 1 0
    outer loop
      vertex 241.3 43.66 116
      vertex 81.77487373415292 43.66 106.87487373415293
      vertex 81.05000000000001 43.66 107.43108891324555
    endloop
  endfacet
  facet normal 0 1 0
    outer loop
      vertex 241.3 43.66 116
      vertex 81.05000000000001 43.66 107.43108891324555
      vertex 80.20586665785882 43.66 107.78074039201175
    endloop
  endfacet
  facet normal 0 1 0
    outer loop
      vertex 241.3 43.66 116
      vertex 80.20586665785882 43.66 107.78074039201175
      vertex 79.30000000000001 43.66 107.9
    endloop
  endfacet
  facet normal 0 0 1
    outer loop
      vertex 235.3 40.66 116
      vertex 17.5 43.66 116
      vertex 143.3 40.66 116
    endloop
  endfacet
  facet normal 0 -1 0
    outer loop
      vertex 140.3 40.66 4
      vertex 103.30000000000001 40.66 4.1000000000000005
      vertex 103.30000000000001 40.66 4
    endloop
  endfacet
  facet normal 0 1 0
    outer loop
      vertex 79.30000000000001 43.66 6.645252531694169
      vertex 103.30000000000001 43.66 4.1000000000000005
      vertex 55.30000000000001 43.66 4.1000000000000005
    endloop
  endfacet
  facet normal 0 -1 0
    outer loop
      vertex 78.82164570954365 40.66 10.445150584360892
      vertex 55.30000000000001 40.66 4.1000000000000005
      vertex 103.30000000000001 40.66 4.1000000000000005
    endloop
  endfacet
  facet normal 0 -1 0
    outer loop
      vertex 79.77835429045638 40.66 10.445150584360892
      vertex 103.30000000000001 40.66 4.1000000000000005
      vertex 80.1838834764832 40.66 10.716116523516817
    endloop
  endfacet
  facet normal 0 -1 0
    outer loop
      vertex 80.45484941563913 40.66 11.121645709543639
      vertex 80.1838834764832 40.66 10.716116523516817
      vertex 103.30000000000001 40.66 4.1000000000000005
    endloop
  endfacet
  facet normal 0 -1 0
    outer loop
      vertex 79.30000000000001 40.66 10.350000000000001
      vertex 103.30000000000001 40.66 4.1000000000000005
      vertex 79.77835429045638 40.66 10.445150584360892
    endloop
  endfacet
  facet normal 0 -1 0
    outer loop
      vertex 78.82164570954365 40.66 10.445150584360892
      vertex 103.30000000000001 40.66 4.1000000000000005
      vertex 79.30000000000001 40.66 10.350000000000001
    endloop
  endfacet
  facet normal 0 -1 0
    outer loop
      vertex 78.41611652351682 40.66 10.716116523516817
      vertex 55.30000000000001 40.66 4.1000000000000005
      vertex 78.82164570954365 40.66 10.445150584360892
    endloop
  endfacet
  facet normal 0 -1 0
    outer loop
      vertex 78.41611652351682 40.66 10.716116523516817
      vertex 78.14515058436089 40.66 11.121645709543639
      vertex 55.30000000000001 40.66 4.1000000000000005
    endloop
  endfacet
  facet normal 0 -1 0
    outer loop
      vertex 78.14515058436089 40.66 11.121645709543639
      vertex 78.05000000000001 40.66 11.600000000000001
      vertex 55.30000000000001 40.66 4.1000000000000005
    endloop
  endfacet
  facet normal 0 1 0
    outer loop
      vertex 241.3 43.66 4
      vertex 79.30000000000001 43.66 15.100000000000001
      vertex 17.5 43.66 116
    endloop
  endfacet
  facet normal 0 -1 0
    outer loop
      vertex 140.3 40.66 116
      vertex 80.45484941563913 40.66 11.121645709543639
      vertex 103.30000000000001 40.66 4.1000000000000005
    endloop
  endfacet
  facet normal 0 -1 0
    outer loop
      vertex 140.3 40.66 116
      vertex 80.55000000000001 40.66 11.600000000000001
      vertex 80.45484941563913 40.66 11.121645709543639
    endloop
  endfacet
  facet normal 0 -1 0
    outer loop
      vertex 140.3 40.66 116
      vertex 80.45484941563913 40.66 12.078354290456364
      vertex 80.55000000000001 40.66 11.600000000000001
    endloop
  endfacet
  facet normal 0 -1 0
    outer loop
      vertex 140.3 40.66 116
      vertex 80.1838834764832 40.66 12.483883476483186
      vertex 80.45484941563913 40.66 12.078354290456364
    endloop
  endfacet
  facet normal 0 -1 0
    outer loop
      vertex 140.3 40.66 116
      vertex 79.77835429045638 40.66 12.75484941563911
      vertex 80.1838834764832 40.66 12.483883476483186
    endloop
  endfacet
  facet normal 0 -1 0
    outer loop
      vertex 140.3 40.66 116
      vertex 79.30000000000001 40.66 12.850000000000001
      vertex 79.77835429045638 40.66 12.75484941563911
    endloop
  endfacet
  facet normal 0 -1 0
    outer loop
      vertex 140.3 40.66 116
      vertex 20.5 40.66 4
      vertex 79.30000000000001 40.66 12.850000000000001
    endloop
  endfacet
  facet normal 0 1 0
    outer loop
      vertex 79.30000000000001 43.66 6.645252531694169
      vertex 17.5 43.66 4
      vertex 79.29500000000002 43.66 6.650252531694169
    endloop
  endfacet
  facet normal 0 1 0
    outer loop
      vertex 79.29500000000002 43.66 6.650252531694169
      vertex 17.5 43.66 4
      vertex 76.8251262658471 43.66 9.125126265847085
    endloop
  endfacet
  facet normal 0 1 0
    outer loop
      vertex 79.30000000000001 43.66 6.645252531694169
      vertex 55.30000000000001 43.66 4.1000000000000005
      vertex 17.5 43.66 4
    endloop
  endfacet
  facet normal 0 1 0
    outer loop
      vertex 76.8251262658471 43.66 9.125126265847085
      vertex 17.5 43.66 4
      vertex 76.26891108675449 43.66 9.850000000000001
    endloop
  endfacet
  facet normal 0 1 0
    outer loop
      vertex 76.26891108675449 43.66 9.850000000000001
      vertex 17.5 43.66 4
      vertex 75.91925960798827 43.66 10.694133342141178
    endloop
  endfacet
  facet normal 0 1 0
    outer loop
      vertex 75.91925960798827 43.66 10.694133342141178
      vertex 17.5 43.66 4
      vertex 75.80000000000001 43.66 11.600000000000001
    endloop
  endfacet
  facet normal 0 1 0
    outer loop
      vertex 17.5 43.66 4
      vertex 55.30000000000001 43.66 4.1000000000000005
      vertex 55.30000000000001 43.66 4
    endloop
  endfacet
  facet normal 0 -1 0
    outer loop
      vertex 20.5 40.66 4
      vertex 55.30000000000001 40.66 4.1000000000000005
      vertex 78.05000000000001 40.66 11.600000000000001
    endloop
  endfacet
  facet normal 0 -1 0
    outer loop
      vertex 20.5 40.66 4
      vertex 78.82164570954365 40.66 12.75484941563911
      vertex 79.30000000000001 40.66 12.850000000000001
    endloop
  endfacet
  facet normal 0 -1 0
    outer loop
      vertex 20.5 40.66 4
      vertex 78.05000000000001 40.66 11.600000000000001
      vertex 78.14515058436089 40.66 12.078354290456364
    endloop
  endfacet
  facet normal 0 -1 0
    outer loop
      vertex 20.5 40.66 4
      vertex 78.14515058436089 40.66 12.078354290456364
      vertex 78.41611652351682 40.66 12.483883476483186
    endloop
  endfacet
  facet normal 0 -1 0
    outer loop
      vertex 20.5 40.66 4
      vertex 78.41611652351682 40.66 12.483883476483186
      vertex 78.82164570954365 40.66 12.75484941563911
    endloop
  endfacet
  facet normal 0 -1 0
    outer loop
      vertex 20.5 40.66 4
      vertex 55.30000000000001 40.66 4
      vertex 55.30000000000001 40.66 4.1000000000000005
    endloop
  endfacet
  facet normal 0 1 0
    outer loop
      vertex 75.80000000000001 43.66 11.600000000000001
      vertex 17.5 43.66 116
      vertex 75.91925960798827 43.66 12.505866657858824
    endloop
  endfacet
  facet normal 0 1 0
    outer loop
      vertex 75.91925960798827 43.66 12.505866657858824
      vertex 17.5 43.66 116
      vertex 76.26891108675449 43.66 13.350000000000001
    endloop
  endfacet
  facet normal 0 1 0
    outer loop
      vertex 76.26891108675449 43.66 13.350000000000001
      vertex 17.5 43.66 116
      vertex 76.8251262658471 43.66 14.074873734152918
    endloop
  endfacet
  facet normal 0 1 0
    outer loop
      vertex 79.30000000000001 43.66 15.100000000000001
      vertex 78.3941333421412 43.66 14.98074039201174
      vertex 17.5 43.66 116
    endloop
  endfacet
  facet normal 0 1 0
    outer loop
      vertex 78.3941333421412 43.66 14.98074039201174
      vertex 77.55000000000001 43.66 14.631088913245536
      vertex 17.5 43.66 116
    endloop
  endfacet
  facet normal 0 1 0
    outer loop
      vertex 76.8251262658471 43.66 14.074873734152918
      vertex 17.5 43.66 116
      vertex 77.55000000000001 43.66 14.631088913245536
    endloop
  endfacet
  facet normal 0 1 0
    outer loop
      vertex 75.80000000000001 43.66 11.600000000000001
      vertex 17.5 43.66 4
      vertex 17.5 43.66 116
    endloop
  endfacet
  facet normal -1 0 0
    outer loop
      vertex 17.5 43.66 4
      vertex 17.5 40.66 4
      vertex 17.5 43.66 116
    endloop
  endfacet
  facet normal 0 1 0
    outer loop
      vertex 241.3 43.66 4
      vertex 17.5 43.66 116
      vertex 79.30000000000001 43.66 99.44525253169417
    endloop
  endfacet
  facet normal 0 -1 0
    outer loop
      vertex 140.3 40.66 116
      vertex 79.77835429045638 40.66 103.2451505843609
      vertex 20.5 40.66 4
    endloop
  endfacet
  facet normal 0 1 0
    outer loop
      vertex 241.3 43.66 116
      vertex 79.30000000000001 43.66 107.9
      vertex 17.5 43.66 116
    endloop
  endfacet
  facet normal 0 -1 0
    outer loop
      vertex 140.3 40.66 116
      vertex 80.1838834764832 40.66 103.51611652351681
      vertex 79.77835429045638 40.66 103.2451505843609
    endloop
  endfacet
  facet normal 0 -1 0
    outer loop
      vertex 140.3 40.66 116
      vertex 80.45484941563913 40.66 103.92164570954364
      vertex 80.1838834764832 40.66 103.51611652351681
    endloop
  endfacet
  facet normal 0 -1 0
    outer loop
      vertex 140.3 40.66 116
      vertex 80.55000000000001 40.66 104.4
      vertex 80.45484941563913 40.66 103.92164570954364
    endloop
  endfacet
  facet normal 0 -1 0
    outer loop
      vertex 140.3 40.66 116
      vertex 80.45484941563913 40.66 104.87835429045637
      vertex 80.55000000000001 40.66 104.4
    endloop
  endfacet
  facet normal 0 -1 0
    outer loop
      vertex 140.3 40.66 116
      vertex 80.1838834764832 40.66 105.2838834764832
      vertex 80.45484941563913 40.66 104.87835429045637
    endloop
  endfacet
  facet normal 0 -1 0
    outer loop
      vertex 140.3 40.66 116
      vertex 79.77835429045638 40.66 105.55484941563911
      vertex 80.1838834764832 40.66 105.2838834764832
    endloop
  endfacet
  facet normal 0 -1 0
    outer loop
      vertex 140.3 40.66 116
      vertex 79.30000000000001 40.66 105.65
      vertex 79.77835429045638 40.66 105.55484941563911
    endloop
  endfacet
  facet normal 0 0 1
    outer loop
      vertex 143.3 40.66 116
      vertex 17.5 43.66 116
      vertex 140.3 40.66 116
    endloop
  endfacet
  facet normal 0 -1 0
    outer loop
      vertex 140.3 40.66 116
      vertex 20.5 40.66 116
      vertex 79.30000000000001 40.66 105.65
    endloop
  endfacet
  facet normal 0 -1 0
    outer loop
      vertex 20.5 40.66 4
      vertex 79.77835429045638 40.66 103.2451505843609
      vertex 79.30000000000001 40.66 103.15
    endloop
  endfacet
  facet normal 0 -1 0
    outer loop
      vertex 20.5 40.66 4
      vertex 79.30000000000001 40.66 103.15
      vertex 78.82164570954365 40.66 103.2451505843609
    endloop
  endfacet
  facet normal 0 -1 0
    outer loop
      vertex 20.5 40.66 4
      vertex 78.82164570954365 40.66 103.2451505843609
      vertex 78.41611652351682 40.66 103.51611652351681
    endloop
  endfacet
  facet normal 0 -1 0
    outer loop
      vertex 20.5 40.66 4
      vertex 78.41611652351682 40.66 103.51611652351681
      vertex 78.14515058436089 40.66 103.92164570954364
    endloop
  endfacet
  facet normal 0 -1 0
    outer loop
      vertex 20.5 40.66 4
      vertex 78.14515058436089 40.66 103.92164570954364
      vertex 78.05000000000001 40.66 104.4
    endloop
  endfacet
  facet normal 0 -1 0
    outer loop
      vertex 20.5 40.66 4
      vertex 78.05000000000001 40.66 104.4
      vertex 20.5 40.66 116
    endloop
  endfacet
  facet normal -1 0 0
    outer loop
      vertex 17.5 40.66 4
      vertex 17.5 40.66 107.6
      vertex 17.5 43.66 116
    endloop
  endfacet
  facet normal 0 1 0
    outer loop
      vertex 79.30000000000001 43.66 99.44525253169417
      vertex 17.5 43.66 116
      vertex 79.29500000000002 43.66 99.45025253169418
    endloop
  endfacet
  facet normal 0 1 0
    outer loop
      vertex 79.29500000000002 43.66 99.45025253169418
      vertex 17.5 43.66 116
      vertex 76.8251262658471 43.66 101.92512626584708
    endloop
  endfacet
  facet normal 0 1 0
    outer loop
      vertex 76.8251262658471 43.66 101.92512626584708
      vertex 17.5 43.66 116
      vertex 76.26891108675449 43.66 102.65
    endloop
  endfacet
  facet normal 0 1 0
    outer loop
      vertex 76.26891108675449 43.66 102.65
      vertex 17.5 43.66 116
      vertex 75.91925960798827 43.66 103.49413334214118
    endloop
  endfacet
  facet normal 0 1 0
    outer loop
      vertex 75.91925960798827 43.66 103.49413334214118
      vertex 17.5 43.66 116
      vertex 75.80000000000001 43.66 104.4
    endloop
  endfacet
  facet normal 0 1 0
    outer loop
      vertex 75.80000000000001 43.66 104.4
      vertex 17.5 43.66 116
      vertex 75.91925960798827 43.66 105.30586665785883
    endloop
  endfacet
  facet normal 0 1 0
    outer loop
      vertex 75.91925960798827 43.66 105.30586665785883
      vertex 17.5 43.66 116
      vertex 76.26891108675449 43.66 106.15
    endloop
  endfacet
  facet normal 0 1 0
    outer loop
      vertex 79.30000000000001 43.66 107.9
      vertex 78.3941333421412 43.66 107.78074039201175
      vertex 17.5 43.66 116
    endloop
  endfacet
  facet normal 0 1 0
    outer loop
      vertex 78.3941333421412 43.66 107.78074039201175
      vertex 77.55000000000001 43.66 107.43108891324555
      vertex 17.5 43.66 116
    endloop
  endfacet
  facet normal 0 1 0
    outer loop
      vertex 76.8251262658471 43.66 106.87487373415293
      vertex 17.5 43.66 116
      vertex 77.55000000000001 43.66 107.43108891324555
    endloop
  endfacet
  facet normal 0 1 0
    outer loop
      vertex 76.8251262658471 43.66 106.87487373415293
      vertex 76.26891108675449 43.66 106.15
      vertex 17.5 43.66 116
    endloop
  endfacet
  facet normal 0 -1 0
    outer loop
      vertex 20.5 40.66 116
      vertex 78.14515058436089 40.66 104.87835429045637
      vertex 78.41611652351682 40.66 105.2838834764832
    endloop
  endfacet
  facet normal 0 -1 0
    outer loop
      vertex 20.5 40.66 116
      vertex 78.05000000000001 40.66 104.4
      vertex 78.14515058436089 40.66 104.87835429045637
    endloop
  endfacet
  facet normal 0 -1 0
    outer loop
      vertex 20.5 40.66 116
      vertex 78.82164570954365 40.66 105.55484941563911
      vertex 79.30000000000001 40.66 105.65
    endloop
  endfacet
  facet normal 0 -1 0
    outer loop
      vertex 20.5 40.66 116
      vertex 78.41611652351682 40.66 105.2838834764832
      vertex 78.82164570954365 40.66 105.55484941563911
    endloop
  endfacet
  facet normal 0 0 1
    outer loop
      vertex 140.3 40.66 116
      vertex 17.5 43.66 116
      vertex 20.5 40.66 116
    endloop
  endfacet
  facet normal 0 0 1
    outer loop
      vertex 17.5 43.66 116
      vertex 17.5 40.66 116
      vertex 20.5 40.66 116
    endloop
  endfacet
  facet normal -1 0 0
    outer loop
      vertex 235.3 40.66 4
      vertex 235.3 33.92274169979695 13.737258300203047
      vertex 235.3 34.320702759368146 14.222175254337273
    endloop
  endfacet
  facet normal -1 0 0
    outer loop
      vertex 235.3 40.66 4
      vertex 235.3 33.437824745662724 13.339297240631854
      vertex 235.3 33.92274169979695 13.737258300203047
    endloop
  endfacet
  facet normal 1 0 0
    outer loop
      vertex 241.3 40.66 4
      vertex 241.3 33.36 16
      vertex 241.3 33.32733497668549 15.668346452572582
    endloop
  endfacet
  facet normal 1 0 0
    outer loop
      vertex 241.3 40.66 4
      vertex 241.3 33.32733497668549 16.33165354742742
      vertex 241.3 33.36 16
    endloop
  endfacet
  facet normal -1 0 0
    outer loop
      vertex 235.3 40.66 4
      vertex 235.3 34.320702759368146 14.222175254337273
      vertex 235.3 34.616414504036115 14.775413016431713
    endloop
  endfacet
  facet normal -1 0 0
    outer loop
      vertex 235.3 40.66 4
      vertex 235.3 34.616414504036115 14.775413016431713
      vertex 235.3 34.79851289729034 15.37571096954839
    endloop
  endfacet
  facet normal -1 0 0
    outer loop
      vertex 235.3 40.66 4
      vertex 235.3 34.79851289729034 15.37571096954839
      vertex 235.3 34.86 16
    endloop
  endfacet
  facet normal -1 0 0
    outer loop
      vertex 235.3 40.66 4
      vertex 235.3 34.86 16
      vertex 235.3 34.79851289729034 16.62428903045161
    endloop
  endfacet
  facet normal -1 0 0
    outer loop
      vertex 235.3 40.66 4
      vertex 235.3 34.79851289729034 16.62428903045161
      vertex 235.3 34.616414504036115 17.224586983568287
    endloop
  endfacet
  facet normal -1 0 0
    outer loop
      vertex 235.3 40.66 4
      vertex 235.3 34.616414504036115 17.224586983568287
      vertex 235.3 34.616414504036115 58.77541301643171
    endloop
  endfacet
  facet normal -1 0 0
    outer loop
      vertex 235.3 40.66 4
      vertex 235.3 32.88458698356828 13.043585495963882
      vertex 235.3 33.437824745662724 13.339297240631854
    endloop
  endfacet
  facet normal 1 0 0
    outer loop
      vertex 241.3 40.66 4
      vertex 241.3 33.07349834091433 15.055530603866677
      vertex 241.3 32.86208152801713 14.79791847198287
    endloop
  endfacet
  facet normal 1 0 0
    outer loop
      vertex 241.3 40.66 4
      vertex 241.3 32.86208152801713 14.79791847198287
      vertex 241.3 32.60446939613332 14.586501659085673
    endloop
  endfacet
  facet normal 1 0 0
    outer loop
      vertex 241.3 40.66 4
      vertex 241.3 33.23059520526918 15.349438164979347
      vertex 241.3 33.07349834091433 15.055530603866677
    endloop
  endfacet
  facet normal 1 0 0
    outer loop
      vertex 241.3 40.66 4
      vertex 241.3 33.32733497668549 15.668346452572582
      vertex 241.3 33.23059520526918 15.349438164979347
    endloop
  endfacet
  facet normal 1 0 0
    outer loop
      vertex 241.3 40.66 4
      vertex 241.3 32.60446939613332 14.586501659085673
      vertex 241.3 32.31056183502065 14.429404794730813
    endloop
  endfacet
  facet normal 1 0 0
    outer loop
      vertex 241.3 40.66 4
      vertex 241.3 32.31056183502065 14.429404794730813
      vertex 241.3 31.991653547427415 14.332665023314508
    endloop
  endfacet
  facet normal 1 0 0
    outer loop
      vertex 241.3 40.66 4
      vertex 241.3 31.991653547427415 14.332665023314508
      vertex 241.3 31.659999999999997 14.3
    endloop
  endfacet
  facet normal -1 0 0
    outer loop
      vertex 235.3 40.66 4
      vertex 235.3 3.6599999999999966 4
      vertex 235.3 32.88458698356828 13.043585495963882
    endloop
  endfacet
  facet normal 1 0 0
    outer loop
      vertex 241.3 40.66 4
      vertex 241.3 31.659999999999997 14.3
      vertex 241.3 3.6599999999999966 4
    endloop
  endfacet
  facet normal 1 0 0
    outer loop
      vertex 241.3 32.31056183502065 17.570595205269186
      vertex 241.3 32.60446939613332 17.413498340914327
      vertex 241.3 25.659999999999997 30
    endloop
  endfacet
  facet normal 1 0 0
    outer loop
      vertex 241.3 32.31056183502065 17.570595205269186
      vertex 241.3 25.625925826289066 29.74118095489748
      vertex 241.3 31.991653547427415 17.667334976685492
    endloop
  endfacet
  facet normal 1 0 0
    outer loop
      vertex 241.3 31.991653547427415 17.667334976685492
      vertex 241.3 25.526025403784434 29.5
      vertex 241.3 31.659999999999997 17.7
    endloop
  endfacet
  facet normal 1 0 0
    outer loop
      vertex 241.3 31.32834645257258 17.667334976685492
      vertex 241.3 31.659999999999997 17.7
      vertex 241.3 25.367106781186543 29.292893218813454
    endloop
  endfacet
  facet normal 1 0 0
    outer loop
      vertex 241.3 31.32834645257258 17.667334976685492
      vertex 241.3 25.159999999999997 29.133974596215563
      vertex 241.3 31.009438164979343 17.570595205269186
    endloop
  endfacet
  facet normal 1 0 0
    outer loop
      vertex 241.3 30.715530603866675 17.413498340914327
      vertex 241.3 24.918819045102516 29.03407417371093
      vertex 241.3 30.457918471982865 17.202081528017132
    endloop
  endfacet
  facet normal 1 0 0
    outer loop
      vertex 241.3 30.715530603866675 17.413498340914327
      vertex 241.3 31.009438164979343 17.570595205269186
      vertex 241.3 25.159999999999997 29.133974596215563
    endloop
  endfacet
  facet normal 1 0 0
    outer loop
      vertex 241.3 30.457918471982865 17.202081528017132
      vertex 241.3 24.659999999999997 29
      vertex 241.3 30.24650165908567 16.944469396133325
    endloop
  endfacet
  facet normal 1 0 0
    outer loop
      vertex 241.3 30.08940479473081 16.650561835020653
      vertex 241.3 30.24650165908567 16.944469396133325
      vertex 241.3 24.659999999999997 29
    endloop
  endfacet
  facet normal 1 0 0
    outer loop
      vertex 241.3 30.08940479473081 15.349438164979347
      vertex 241.3 29.992665023314505 15.668346452572582
      vertex 241.3 24.659999999999997 29
    endloop
  endfacet
  facet normal 1 0 0
    outer loop
      vertex 241.3 29.992665023314505 15.668346452572582
      vertex 241.3 29.959999999999997 16
      vertex 241.3 24.659999999999997 29
    endloop
  endfacet
  facet normal 1 0 0
    outer loop
      vertex 241.3 29.959999999999997 16
      vertex 241.3 29.992665023314505 16.33165354742742
      vertex 241.3 24.659999999999997 29
    endloop
  endfacet
  facet normal 1 0 0
    outer loop
      vertex 241.3 29.992665023314505 16.33165354742742
      vertex 241.3 30.08940479473081 16.650561835020653
      vertex 241.3 24.659999999999997 29
    endloop
  endfacet
  facet normal 1 0 0
    outer loop
      vertex 241.3 31.32834645257258 17.667334976685492
      vertex 241.3 25.367106781186543 29.292893218813454
      vertex 241.3 25.159999999999997 29.133974596215563
    endloop
  endfacet
  facet normal 1 0 0
    outer loop
      vertex 241.3 30.715530603866675 17.413498340914327
      vertex 241.3 25.159999999999997 29.133974596215563
      vertex 241.3 24.918819045102516 29.03407417371093
    endloop
  endfacet
  facet normal 1 0 0
    outer loop
      vertex 241.3 32.60446939613332 17.413498340914327
      vertex 241.3 25.625925826289066 30.25881904510252
      vertex 241.3 25.659999999999997 30
    endloop
  endfacet
  facet normal 1 0 0
    outer loop
      vertex 241.3 32.31056183502065 17.570595205269186
      vertex 241.3 25.659999999999997 30
      vertex 241.3 25.625925826289066 29.74118095489748
    endloop
  endfacet
  facet normal 1 0 0
    outer loop
      vertex 241.3 31.991653547427415 17.667334976685492
      vertex 241.3 25.625925826289066 29.74118095489748
      vertex 241.3 25.526025403784434 29.5
    endloop
  endfacet
  facet normal 1 0 0
    outer loop
      vertex 241.3 32.60446939613332 17.413498340914327
      vertex 241.3 25.526025403784434 30.5
      vertex 241.3 25.625925826289066 30.25881904510252
    endloop
  endfacet
  facet normal 1 0 0
    outer loop
      vertex 241.3 31.659999999999997 17.7
      vertex 241.3 25.526025403784434 29.5
      vertex 241.3 25.367106781186543 29.292893218813454
    endloop
  endfacet
  facet normal 1 0 0
    outer loop
      vertex 241.3 30.457918471982865 17.202081528017132
      vertex 241.3 24.918819045102516 29.03407417371093
      vertex 241.3 24.659999999999997 29
    endloop
  endfacet
  facet normal -1 0 0
    outer loop
      vertex 235.3 40.66 4
      vertex 235.3 34.616414504036115 58.77541301643171
      vertex 235.3 34.79851289729034 59.375710969548386
    endloop
  endfacet
  facet normal -1 0 0
    outer loop
      vertex 235.3 40.66 4
      vertex 235.3 34.79851289729034 59.375710969548386
      vertex 235.3 34.86 60
    endloop
  endfacet
  facet normal -1 0 0
    outer loop
      vertex 235.3 40.66 4
      vertex 235.3 34.86 60
      vertex 235.3 34.79851289729034 60.624289030451614
    endloop
  endfacet
  facet normal -1 0 0
    outer loop
      vertex 235.3 34.616414504036115 17.224586983568287
      vertex 235.3 34.320702759368146 17.777824745662727
      vertex 235.3 34.320702759368146 58.22217525433727
    endloop
  endfacet
  facet normal -1 0 0
    outer loop
      vertex 235.3 33.92274169979695 18.26274169979695
      vertex 235.3 33.92274169979695 57.737258300203045
      vertex 235.3 34.320702759368146 17.777824745662727
    endloop
  endfacet
  facet normal -1 0 0
    outer loop
      vertex 235.3 33.437824745662724 18.660702759368146
      vertex 235.3 33.437824745662724 57.33929724063186
      vertex 235.3 33.92274169979695 18.26274169979695
    endloop
  endfacet
  facet normal -1 0 0
    outer loop
      vertex 235.3 33.437824745662724 18.660702759368146
      vertex 235.3 32.88458698356828 18.95641450403612
      vertex 235.3 32.88458698356828 57.04358549596388
    endloop
  endfacet
  facet normal -1 0 0
    outer loop
      vertex 235.3 32.88458698356828 18.95641450403612
      vertex 235.3 32.2842890304516 19.138512897290337
      vertex 235.3 32.2842890304516 56.86148710270966
    endloop
  endfacet
  facet normal -1 0 0
    outer loop
      vertex 235.3 32.2842890304516 19.138512897290337
      vertex 235.3 31.659999999999997 19.2
      vertex 235.3 31.659999999999997 56.8
    endloop
  endfacet
  facet normal -1 0 0
    outer loop
      vertex 235.3 30.43541301643171 18.95641450403612
      vertex 235.3 30.43541301643171 57.04358549596388
      vertex 235.3 31.035710969548386 19.138512897290337
    endloop
  endfacet
  facet normal -1 0 0
    outer loop
      vertex 235.3 31.659999999999997 19.2
      vertex 235.3 31.035710969548386 19.138512897290337
      vertex 235.3 31.035710969548386 56.86148710270966
    endloop
  endfacet
  facet normal -1 0 0
    outer loop
      vertex 235.3 30.43541301643171 18.95641450403612
      vertex 235.3 29.88217525433727 18.660702759368146
      vertex 235.3 29.88217525433727 57.33929724063186
    endloop
  endfacet
  facet normal 1 0 0
    outer loop
      vertex 241.3 40.66 4
      vertex 241.3 32.86208152801713 58.79791847198287
      vertex 241.3 32.60446939613332 58.58650165908567
    endloop
  endfacet
  facet normal 1 0 0
    outer loop
      vertex 241.3 40.66 4
      vertex 241.3 33.07349834091433 59.05553060386668
      vertex 241.3 32.86208152801713 58.79791847198287
    endloop
  endfacet
  facet normal 1 0 0
    outer loop
      vertex 241.3 40.66 4
      vertex 241.3 32.60446939613332 58.58650165908567
      vertex 241.3 32.31056183502065 58.429404794730814
    endloop
  endfacet
  facet normal 1 0 0
    outer loop
      vertex 241.3 40.66 4
      vertex 241.3 33.23059520526918 59.34943816497935
      vertex 241.3 33.07349834091433 59.05553060386668
    endloop
  endfacet
  facet normal 1 0 0
    outer loop
      vertex 241.3 40.66 4
      vertex 241.3 33.32733497668549 59.668346452572585
      vertex 241.3 33.23059520526918 59.34943816497935
    endloop
  endfacet
  facet normal 1 0 0
    outer loop
      vertex 241.3 40.66 4
      vertex 241.3 32.31056183502065 58.429404794730814
      vertex 241.3 31.991653547427415 58.33266502331451
    endloop
  endfacet
  facet normal 1 0 0
    outer loop
      vertex 241.3 40.66 4
      vertex 241.3 31.991653547427415 58.33266502331451
      vertex 241.3 31.659999999999997 58.3
    endloop
  endfacet
  facet normal 1 0 0
    outer loop
      vertex 241.3 40.66 4
      vertex 241.3 31.659999999999997 58.3
      vertex 241.3 31.32834645257258 58.33266502331451
    endloop
  endfacet
  facet normal 1 0 0
    outer loop
      vertex 241.3 40.66 4
      vertex 241.3 31.32834645257258 58.33266502331451
      vertex 241.3 31.009438164979343 58.429404794730814
    endloop
  endfacet
  facet normal 1 0 0
    outer loop
      vertex 241.3 40.66 4
      vertex 241.3 31.009438164979343 58.429404794730814
      vertex 241.3 30.715530603866675 58.58650165908567
    endloop
  endfacet
  facet normal 1 0 0
    outer loop
      vertex 241.3 40.66 4
      vertex 241.3 30.715530603866675 58.58650165908567
      vertex 241.3 30.457918471982865 58.79791847198287
    endloop
  endfacet
  facet normal 1 0 0
    outer loop
      vertex 241.3 40.66 4
      vertex 241.3 30.457918471982865 58.79791847198287
      vertex 241.3 30.24650165908567 59.05553060386668
    endloop
  endfacet
  facet normal 1 0 0
    outer loop
      vertex 241.3 40.66 4
      vertex 241.3 30.24650165908567 59.05553060386668
      vertex 241.3 30.08940479473081 59.34943816497935
    endloop
  endfacet
  facet normal 1 0 0
    outer loop
      vertex 241.3 40.66 4
      vertex 241.3 30.08940479473081 59.34943816497935
      vertex 241.3 29.992665023314505 59.668346452572585
    endloop
  endfacet
  facet normal -1 0 0
    outer loop
      vertex 235.3 29.88217525433727 18.660702759368146
      vertex 235.3 29.397258300203042 18.26274169979695
      vertex 235.3 29.397258300203042 57.737258300203045
    endloop
  endfacet
  facet normal -1 0 0
    outer loop
      vertex 235.3 28.99929724063185 17.777824745662727
      vertex 235.3 28.99929724063185 58.22217525433727
      vertex 235.3 29.397258300203042 18.26274169979695
    endloop
  endfacet
  facet normal -1 0 0
    outer loop
      vertex 235.3 28.70358549596388 17.224586983568287
      vertex 235.3 28.70358549596388 58.77541301643171
      vertex 235.3 28.99929724063185 17.777824745662727
    endloop
  endfacet
  facet normal -1 0 0
    outer loop
      vertex 235.3 34.616414504036115 17.224586983568287
      vertex 235.3 34.320702759368146 58.22217525433727
      vertex 235.3 34.616414504036115 58.77541301643171
    endloop
  endfacet
  facet normal -1 0 0
    outer loop
      vertex 235.3 34.320702759368146 17.777824745662727
      vertex 235.3 33.92274169979695 57.737258300203045
      vertex 235.3 34.320702759368146 58.22217525433727
    endloop
  endfacet
  facet normal -1 0 0
    outer loop
      vertex 235.3 33.92274169979695 18.26274169979695
      vertex 235.3 33.437824745662724 57.33929724063186
      vertex 235.3 33.92274169979695 57.737258300203045
    endloop
  endfacet
  facet normal -1 0 0
    outer loop
      vertex 235.3 33.437824745662724 18.660702759368146
      vertex 235.3 32.88458698356828 57.04358549596388
      vertex 235.3 33.437824745662724 57.33929724063186
    endloop
  endfacet
  facet normal -1 0 0
    outer loop
      vertex 235.3 32.88458698356828 18.95641450403612
      vertex 235.3 32.2842890304516 56.86148710270966
      vertex 235.3 32.88458698356828 57.04358549596388
    endloop
  endfacet
  facet normal -1 0 0
    outer loop
      vertex 235.3 32.2842890304516 19.138512897290337
      vertex 235.3 31.659999999999997 56.8
      vertex 235.3 32.2842890304516 56.86148710270966
    endloop
  endfacet
  facet normal -1 0 0
    outer loop
      vertex 235.3 31.659999999999997 19.2
      vertex 235.3 31.035710969548386 56.86148710270966
      vertex 235.3 31.659999999999997 56.8
    endloop
  endfacet
  facet normal -1 0 0
    outer loop
      vertex 235.3 31.035710969548386 19.138512897290337
      vertex 235.3 30.43541301643171 57.04358549596388
      vertex 235.3 31.035710969548386 56.86148710270966
    endloop
  endfacet
  facet normal -1 0 0
    outer loop
      vertex 235.3 30.43541301643171 18.95641450403612
      vertex 235.3 29.88217525433727 57.33929724063186
      vertex 235.3 30.43541301643171 57.04358549596388
    endloop
  endfacet
  facet normal 1 0 0
    outer loop
      vertex 241.3 40.66 4
      vertex 241.3 29.992665023314505 59.668346452572585
      vertex 241.3 23.79397459621556 89.5
    endloop
  endfacet
  facet normal -1 0 0
    outer loop
      vertex 235.3 29.88217525433727 18.660702759368146
      vertex 235.3 29.397258300203042 57.737258300203045
      vertex 235.3 29.88217525433727 57.33929724063186
    endloop
  endfacet
  facet normal -1 0 0
    outer loop
      vertex 235.3 29.397258300203042 18.26274169979695
      vertex 235.3 28.99929724063185 58.22217525433727
      vertex 235.3 29.397258300203042 57.737258300203045
    endloop
  endfacet
  facet normal -1 0 0
    outer loop
      vertex 235.3 28.99929724063185 17.777824745662727
      vertex 235.3 28.70358549596388 58.77541301643171
      vertex 235.3 28.99929724063185 58.22217525433727
    endloop
  endfacet
  facet normal 1 0 0
    outer loop
      vertex 241.3 40.66 4
      vertex 241.3 3.6599999999999966 116
      vertex 241.3 33.32733497668549 16.33165354742742
    endloop
  endfacet
  facet normal -1 0 0
    outer loop
      vertex 235.3 3.6599999999999966 4
      vertex 235.3 32.2842890304516 12.861487102709663
      vertex 235.3 32.88458698356828 13.043585495963882
    endloop
  endfacet
  facet normal -1 0 0
    outer loop
      vertex 235.3 3.6599999999999966 4
      vertex 235.3 31.659999999999997 12.8
      vertex 235.3 32.2842890304516 12.861487102709663
    endloop
  endfacet
  facet normal -1 0 0
    outer loop
      vertex 235.3 3.6599999999999966 4
      vertex 235.3 31.035710969548386 12.861487102709663
      vertex 235.3 31.659999999999997 12.8
    endloop
  endfacet
  facet normal -1 0 0
    outer loop
      vertex 235.3 3.6599999999999966 4
      vertex 235.3 30.43541301643171 13.043585495963882
      vertex 235.3 31.035710969548386 12.861487102709663
    endloop
  endfacet
  facet normal -1 0 0
    outer loop
      vertex 235.3 3.6599999999999966 4
      vertex 235.3 29.88217525433727 13.339297240631854
      vertex 235.3 30.43541301643171 13.043585495963882
    endloop
  endfacet
  facet normal -1 0 0
    outer loop
      vertex 235.3 3.6599999999999966 4
      vertex 235.3 29.397258300203042 13.737258300203047
      vertex 235.3 29.88217525433727 13.339297240631854
    endloop
  endfacet
  facet normal 1 0 0
    outer loop
      vertex 241.3 3.6599999999999966 4
      vertex 241.3 31.659999999999997 14.3
      vertex 241.3 31.32834645257258 14.332665023314508
    endloop
  endfacet
  facet normal 1 0 0
    outer loop
      vertex 241.3 3.6599999999999966 4
      vertex 241.3 31.32834645257258 14.332665023314508
      vertex 241.3 31.009438164979343 14.429404794730813
    endloop
  endfacet
  facet normal 1 0 0
    outer loop
      vertex 241.3 3.6599999999999966 4
      vertex 241.3 31.009438164979343 14.429404794730813
      vertex 241.3 30.715530603866675 14.586501659085673
    endloop
  endfacet
  facet normal 1 0 0
    outer loop
      vertex 241.3 3.6599999999999966 4
      vertex 241.3 30.715530603866675 14.586501659085673
      vertex 241.3 30.457918471982865 14.79791847198287
    endloop
  endfacet
  facet normal 1 0 0
    outer loop
      vertex 241.3 3.6599999999999966 4
      vertex 241.3 30.457918471982865 14.79791847198287
      vertex 241.3 30.24650165908567 15.055530603866677
    endloop
  endfacet
  facet normal 1 0 0
    outer loop
      vertex 241.3 3.6599999999999966 4
      vertex 241.3 30.24650165908567 15.055530603866677
      vertex 241.3 30.08940479473081 15.349438164979347
    endloop
  endfacet
  facet normal -1 0 0
    outer loop
      vertex 235.3 3.6599999999999966 4
      vertex 235.3 28.99929724063185 14.222175254337273
      vertex 235.3 29.397258300203042 13.737258300203047
    endloop
  endfacet
  facet normal -1 0 0
    outer loop
      vertex 235.3 3.6599999999999966 4
      vertex 235.3 28.70358549596388 14.775413016431713
      vertex 235.3 28.99929724063185 14.222175254337273
    endloop
  endfacet
  facet normal -1 0 0
    outer loop
      vertex 235.3 3.6599999999999966 4
      vertex 235.3 28.52148710270966 15.37571096954839
      vertex 235.3 28.70358549596388 14.775413016431713
    endloop
  endfacet
  facet normal -1 0 0
    outer loop
      vertex 235.3 3.6599999999999966 4
      vertex 235.3 28.459999999999997 16
      vertex 235.3 28.52148710270966 15.37571096954839
    endloop
  endfacet
  facet normal -1 0 0
    outer loop
      vertex 235.3 3.6599999999999966 4
      vertex 235.3 28.52148710270966 16.62428903045161
      vertex 235.3 28.459999999999997 16
    endloop
  endfacet
  facet normal -1 0 0
    outer loop
      vertex 235.3 3.6599999999999966 4
      vertex 235.3 28.70358549596388 17.224586983568287
      vertex 235.3 28.52148710270966 16.62428903045161
    endloop
  endfacet
  facet normal 1 0 0
    outer loop
      vertex 241.3 3.6599999999999966 4
      vertex 241.3 30.08940479473081 15.349438164979347
      vertex 241.3 24.659999999999997 29
    endloop
  endfacet
  facet normal -1 0 0
    outer loop
      vertex 235.3 3.6599999999999966 4
      vertex 235.3 28.70358549596388 58.77541301643171
      vertex 235.3 28.70358549596388 17.224586983568287
    endloop
  endfacet
  facet normal 1 0 0
    outer loop
      vertex 241.3 3.6599999999999966 4
      vertex 241.3 24.659999999999997 29
      vertex 241.3 24.401180954897477 29.03407417371093
    endloop
  endfacet
  facet normal 1 0 0
    outer loop
      vertex 241.3 3.6599999999999966 4
      vertex 241.3 24.401180954897477 29.03407417371093
      vertex 241.3 24.159999999999997 29.133974596215563
    endloop
  endfacet
  facet normal 1 0 0
    outer loop
      vertex 241.3 3.6599999999999966 4
      vertex 241.3 24.159999999999997 29.133974596215563
      vertex 241.3 23.95289321881345 29.292893218813454
    endloop
  endfacet
  facet normal 1 0 0
    outer loop
      vertex 241.3 3.6599999999999966 4
      vertex 241.3 23.95289321881345 29.292893218813454
      vertex 241.3 23.79397459621556 29.5
    endloop
  endfacet
  facet normal 1 0 0
    outer loop
      vertex 241.3 3.6599999999999966 4
      vertex 241.3 23.79397459621556 29.5
      vertex 241.3 23.694074173710927 29.74118095489748
    endloop
  endfacet
  facet normal -1 0 0
    outer loop
      vertex 235.3 3.6599999999999966 4
      vertex 235.3 28.52148710270966 59.375710969548386
      vertex 235.3 28.70358549596388 58.77541301643171
    endloop
  endfacet
  facet normal -1 0 0
    outer loop
      vertex 235.3 3.6599999999999966 4
      vertex 235.3 28.459999999999997 60
      vertex 235.3 28.52148710270966 59.375710969548386
    endloop
  endfacet
  facet normal -1 0 0
    outer loop
      vertex 235.3 3.6599999999999966 4
      vertex 235.3 28.52148710270966 60.624289030451614
      vertex 235.3 28.459999999999997 60
    endloop
  endfacet
  facet normal 1 0 0
    outer loop
      vertex 241.3 3.6599999999999966 116
      vertex 241.3 33.23059520526918 16.650561835020653
      vertex 241.3 33.32733497668549 16.33165354742742
    endloop
  endfacet
  facet normal 1 0 0
    outer loop
      vertex 241.3 3.6599999999999966 116
      vertex 241.3 33.07349834091433 16.944469396133325
      vertex 241.3 33.23059520526918 16.650561835020653
    endloop
  endfacet
  facet normal 1 0 0
    outer loop
      vertex 241.3 3.6599999999999966 116
      vertex 241.3 32.86208152801713 17.202081528017132
      vertex 241.3 33.07349834091433 16.944469396133325
    endloop
  endfacet
  facet normal 1 0 0
    outer loop
      vertex 241.3 3.6599999999999966 116
      vertex 241.3 32.60446939613332 17.413498340914327
      vertex 241.3 32.86208152801713 17.202081528017132
    endloop
  endfacet
  facet normal 1 0 0
    outer loop
      vertex 241.3 3.6599999999999966 116
      vertex 241.3 25.526025403784434 30.5
      vertex 241.3 32.60446939613332 17.413498340914327
    endloop
  endfacet
  facet normal 0 -1 0
    outer loop
      vertex 241.3 3.6599999999999966 4
      vertex 241.3 3.6599999999999966 116
      vertex 235.3 3.6599999999999966 4
    endloop
  endfacet
  facet normal 1 0 0
    outer loop
      vertex 241.3 3.6599999999999966 4
      vertex 241.3 23.694074173710927 29.74118095489748
      vertex 241.3 3.6599999999999966 116
    endloop
  endfacet
  facet normal 1 0 0
    outer loop
      vertex 241.3 40.66 4
      vertex 241.3 40.66 116
      vertex 241.3 33.32733497668549 59.668346452572585
    endloop
  endfacet
  facet normal -1 0 0
    outer loop
      vertex 235.3 40.66 4
      vertex 235.3 34.79851289729034 60.624289030451614
      vertex 235.3 40.66 116
    endloop
  endfacet
  facet normal 1 0 0
    outer loop
      vertex 241.3 40.66 116
      vertex 241.3 33.36 60
      vertex 241.3 33.32733497668549 59.668346452572585
    endloop
  endfacet
  facet normal 1 0 0
    outer loop
      vertex 241.3 40.66 116
      vertex 241.3 33.32733497668549 60.331653547427415
      vertex 241.3 33.36 60
    endloop
  endfacet
  facet normal -1 0 0
    outer loop
      vertex 235.3 40.66 116
      vertex 235.3 34.79851289729034 60.624289030451614
      vertex 235.3 34.616414504036115 61.22458698356829
    endloop
  endfacet
  facet normal -1 0 0
    outer loop
      vertex 235.3 40.66 116
      vertex 235.3 34.616414504036115 61.22458698356829
      vertex 235.3 34.320702759368146 61.77782474566273
    endloop
  endfacet
  facet normal -1 0 0
    outer loop
      vertex 235.3 40.66 116
      vertex 235.3 34.320702759368146 61.77782474566273
      vertex 235.3 33.92274169979695 62.262741699796955
    endloop
  endfacet
  facet normal -1 0 0
    outer loop
      vertex 235.3 40.66 116
      vertex 235.3 33.92274169979695 62.262741699796955
      vertex 235.3 33.437824745662724 62.66070275936814
    endloop
  endfacet
  facet normal 1 0 0
    outer loop
      vertex 241.3 40.66 4
      vertex 241.3 23.79397459621556 89.5
      vertex 241.3 23.694074173710927 89.74118095489747
    endloop
  endfacet
  facet normal -1 0 0
    outer loop
      vertex 235.3 3.6599999999999966 4
      vertex 235.3 40.66 116
      vertex 235.3 28.52148710270966 60.624289030451614
    endloop
  endfacet
  facet normal 1 0 0
    outer loop
      vertex 241.3 31.009438164979343 61.570595205269186
      vertex 241.3 24.659999999999997 89
      vertex 241.3 30.715530603866675 61.41349834091433
    endloop
  endfacet
  facet normal 1 0 0
    outer loop
      vertex 241.3 30.24650165908567 60.94446939613332
      vertex 241.3 24.659999999999997 89
      vertex 241.3 30.08940479473081 60.65056183502065
    endloop
  endfacet
  facet normal 1 0 0
    outer loop
      vertex 241.3 30.715530603866675 61.41349834091433
      vertex 241.3 24.659999999999997 89
      vertex 241.3 30.457918471982865 61.20208152801713
    endloop
  endfacet
  facet normal 1 0 0
    outer loop
      vertex 241.3 30.457918471982865 61.20208152801713
      vertex 241.3 24.659999999999997 89
      vertex 241.3 30.24650165908567 60.94446939613332
    endloop
  endfacet
  facet normal 1 0 0
    outer loop
      vertex 241.3 31.659999999999997 61.7
      vertex 241.3 24.918819045102516 89.03407417371093
      vertex 241.3 31.32834645257258 61.66733497668549
    endloop
  endfacet
  facet normal 1 0 0
    outer loop
      vertex 241.3 31.32834645257258 61.66733497668549
      vertex 241.3 24.918819045102516 89.03407417371093
      vertex 241.3 31.009438164979343 61.570595205269186
    endloop
  endfacet
  facet normal 1 0 0
    outer loop
      vertex 241.3 29.959999999999997 60
      vertex 241.3 24.659999999999997 89
      vertex 241.3 29.992665023314505 59.668346452572585
    endloop
  endfacet
  facet normal 1 0 0
    outer loop
      vertex 241.3 29.959999999999997 60
      vertex 241.3 29.992665023314505 60.331653547427415
      vertex 241.3 24.659999999999997 89
    endloop
  endfacet
  facet normal 1 0 0
    outer loop
      vertex 241.3 30.08940479473081 60.65056183502065
      vertex 241.3 24.659999999999997 89
      vertex 241.3 29.992665023314505 60.331653547427415
    endloop
  endfacet
  facet normal -1 0 0
    outer loop
      vertex 235.3 3.6599999999999966 4
      vertex 235.3 33.92274169979695 101.73725830020305
      vertex 235.3 34.320702759368146 102.22217525433727
    endloop
  endfacet
  facet normal -1 0 0
    outer loop
      vertex 235.3 3.6599999999999966 4
      vertex 235.3 34.320702759368146 102.22217525433727
      vertex 235.3 34.616414504036115 102.77541301643171
    endloop
  endfacet
  facet normal 1 0 0
    outer loop
      vertex 241.3 33.23059520526918 60.65056183502065
      vertex 241.3 33.23059520526918 103.34943816497935
      vertex 241.3 33.07349834091433 60.94446939613332
    endloop
  endfacet
  facet normal 1 0 0
    outer loop
      vertex 241.3 33.07349834091433 60.94446939613332
      vertex 241.3 33.07349834091433 103.05553060386667
      vertex 241.3 32.86208152801713 61.20208152801713
    endloop
  endfacet
  facet normal 1 0 0
    outer loop
      vertex 241.3 40.66 116
      vertex 241.3 33.23059520526918 60.65056183502065
      vertex 241.3 33.32733497668549 60.331653547427415
    endloop
  endfacet
  facet normal -1 0 0
    outer loop
      vertex 235.3 40.66 116
      vertex 235.3 28.99929724063185 61.77782474566273
      vertex 235.3 28.70358549596388 61.22458698356829
    endloop
  endfacet
  facet normal 1 0 0
    outer loop
      vertex 241.3 32.86208152801713 61.20208152801713
      vertex 241.3 31.659999999999997 102.3
      vertex 241.3 32.60446939613332 61.41349834091433
    endloop
  endfacet
  facet normal 1 0 0
    outer loop
      vertex 241.3 32.60446939613332 61.41349834091433
      vertex 241.3 31.659999999999997 102.3
      vertex 241.3 32.31056183502065 61.570595205269186
    endloop
  endfacet
  facet normal 1 0 0
    outer loop
      vertex 241.3 32.31056183502065 61.570595205269186
      vertex 241.3 31.659999999999997 102.3
      vertex 241.3 31.991653547427415 61.66733497668549
    endloop
  endfacet
  facet normal 1 0 0
    outer loop
      vertex 241.3 31.991653547427415 61.66733497668549
      vertex 241.3 31.659999999999997 102.3
      vertex 241.3 31.659999999999997 61.7
    endloop
  endfacet
  facet normal -1 0 0
    outer loop
      vertex 235.3 40.66 116
      vertex 235.3 28.70358549596388 61.22458698356829
      vertex 235.3 28.52148710270966 60.624289030451614
    endloop
  endfacet
  facet normal -1 0 0
    outer loop
      vertex 235.3 40.66 116
      vertex 235.3 33.437824745662724 62.66070275936814
      vertex 235.3 32.88458698356828 62.95641450403612
    endloop
  endfacet
  facet normal -1 0 0
    outer loop
      vertex 235.3 40.66 116
      vertex 235.3 32.88458698356828 62.95641450403612
      vertex 235.3 32.2842890304516 63.13851289729034
    endloop
  endfacet
  facet normal -1 0 0
    outer loop
      vertex 235.3 40.66 116
      vertex 235.3 32.2842890304516 63.13851289729034
      vertex 235.3 31.659999999999997 63.2
    endloop
  endfacet
  facet normal -1 0 0
    outer loop
      vertex 235.3 40.66 116
      vertex 235.3 31.659999999999997 63.2
      vertex 235.3 31.035710969548386 63.13851289729034
    endloop
  endfacet
  facet normal -1 0 0
    outer loop
      vertex 235.3 40.66 116
      vertex 235.3 30.43541301643171 62.95641450403612
      vertex 235.3 29.88217525433727 62.66070275936814
    endloop
  endfacet
  facet normal -1 0 0
    outer loop
      vertex 235.3 40.66 116
      vertex 235.3 31.035710969548386 63.13851289729034
      vertex 235.3 30.43541301643171 62.95641450403612
    endloop
  endfacet
  facet normal -1 0 0
    outer loop
      vertex 235.3 40.66 116
      vertex 235.3 29.88217525433727 62.66070275936814
      vertex 235.3 29.397258300203042 62.262741699796955
    endloop
  endfacet
  facet normal -1 0 0
    outer loop
      vertex 235.3 40.66 116
      vertex 235.3 29.397258300203042 62.262741699796955
      vertex 235.3 28.99929724063185 61.77782474566273
    endloop
  endfacet
  facet normal -1 0 0
    outer loop
      vertex 235.3 3.6599999999999966 4
      vertex 235.3 34.616414504036115 102.77541301643171
      vertex 235.3 40.66 116
    endloop
  endfacet
  facet normal 1 0 0
    outer loop
      vertex 241.3 29.992665023314505 59.668346452572585
      vertex 241.3 24.659999999999997 89
      vertex 241.3 24.401180954897477 89.03407417371093
    endloop
  endfacet
  facet normal 1 0 0
    outer loop
      vertex 241.3 29.992665023314505 59.668346452572585
      vertex 241.3 24.401180954897477 89.03407417371093
      vertex 241.3 24.159999999999997 89.13397459621557
    endloop
  endfacet
  facet normal 1 0 0
    outer loop
      vertex 241.3 29.992665023314505 59.668346452572585
      vertex 241.3 24.159999999999997 89.13397459621557
      vertex 241.3 23.95289321881345 89.29289321881345
    endloop
  endfacet
  facet normal 1 0 0
    outer loop
      vertex 241.3 29.992665023314505 59.668346452572585
      vertex 241.3 23.95289321881345 89.29289321881345
      vertex 241.3 23.79397459621556 89.5
    endloop
  endfacet
  facet normal 1 0 0
    outer loop
      vertex 241.3 31.659999999999997 61.7
      vertex 241.3 25.526025403784434 89.5
      vertex 241.3 25.367106781186543 89.29289321881345
    endloop
  endfacet
  facet normal 1 0 0
    outer loop
      vertex 241.3 31.659999999999997 61.7
      vertex 241.3 25.367106781186543 89.29289321881345
      vertex 241.3 25.159999999999997 89.13397459621557
    endloop
  endfacet
  facet normal 1 0 0
    outer loop
      vertex 241.3 31.659999999999997 61.7
      vertex 241.3 25.159999999999997 89.13397459621557
      vertex 241.3 24.918819045102516 89.03407417371093
    endloop
  endfacet
  facet normal 1 0 0
    outer loop
      vertex 241.3 31.009438164979343 61.570595205269186
      vertex 241.3 24.918819045102516 89.03407417371093
      vertex 241.3 24.659999999999997 89
    endloop
  endfacet
  facet normal 1 0 0
    outer loop
      vertex 241.3 31.659999999999997 61.7
      vertex 241.3 31.659999999999997 102.3
      vertex 241.3 25.526025403784434 89.5
    endloop
  endfacet
  facet normal 1 0 0
    outer loop
      vertex 241.3 40.66 116
      vertex 241.3 33.36 104
      vertex 241.3 33.32733497668549 103.66834645257258
    endloop
  endfacet
  facet normal 1 0 0
    outer loop
      vertex 241.3 40.66 116
      vertex 241.3 33.32733497668549 104.33165354742742
      vertex 241.3 33.36 104
    endloop
  endfacet
  facet normal -1 0 0
    outer loop
      vertex 235.3 40.66 116
      vertex 235.3 34.616414504036115 102.77541301643171
      vertex 235.3 34.79851289729034 103.3757109695484
    endloop
  endfacet
  facet normal -1 0 0
    outer loop
      vertex 235.3 40.66 116
      vertex 235.3 34.79851289729034 103.3757109695484
      vertex 235.3 34.86 104
    endloop
  endfacet
  facet normal -1 0 0
    outer loop
      vertex 235.3 40.66 116
      vertex 235.3 34.86 104
      vertex 235.3 34.79851289729034 104.6242890304516
    endloop
  endfacet
  facet normal -1 0 0
    outer loop
      vertex 235.3 40.66 116
      vertex 235.3 34.79851289729034 104.6242890304516
      vertex 235.3 34.616414504036115 105.22458698356829
    endloop
  endfacet
  facet normal -1 0 0
    outer loop
      vertex 235.3 40.66 116
      vertex 235.3 34.616414504036115 105.22458698356829
      vertex 235.3 34.320702759368146 105.77782474566273
    endloop
  endfacet
  facet normal -1 0 0
    outer loop
      vertex 235.3 40.66 116
      vertex 235.3 34.320702759368146 105.77782474566273
      vertex 235.3 33.92274169979695 106.26274169979695
    endloop
  endfacet
  facet normal -1 0 0
    outer loop
      vertex 235.3 40.66 116
      vertex 235.3 33.92274169979695 106.26274169979695
      vertex 235.3 33.437824745662724 106.66070275936815
    endloop
  endfacet
  facet normal 1 0 0
    outer loop
      vertex 241.3 33.07349834091433 60.94446939613332
      vertex 241.3 33.23059520526918 103.34943816497935
      vertex 241.3 33.07349834091433 103.05553060386667
    endloop
  endfacet
  facet normal 1 0 0
    outer loop
      vertex 241.3 32.86208152801713 61.20208152801713
      vertex 241.3 33.07349834091433 103.05553060386667
      vertex 241.3 32.86208152801713 102.79791847198287
    endloop
  endfacet
  facet normal 1 0 0
    outer loop
      vertex 241.3 32.86208152801713 61.20208152801713
      vertex 241.3 32.86208152801713 102.79791847198287
      vertex 241.3 32.60446939613332 102.58650165908567
    endloop
  endfacet
  facet normal 1 0 0
    outer loop
      vertex 241.3 40.66 116
      vertex 241.3 33.23059520526918 103.34943816497935
      vertex 241.3 33.23059520526918 60.65056183502065
    endloop
  endfacet
  facet normal 1 0 0
    outer loop
      vertex 241.3 32.86208152801713 61.20208152801713
      vertex 241.3 32.60446939613332 102.58650165908567
      vertex 241.3 32.31056183502065 102.42940479473081
    endloop
  endfacet
  facet normal 1 0 0
    outer loop
      vertex 241.3 32.86208152801713 61.20208152801713
      vertex 241.3 32.31056183502065 102.42940479473081
      vertex 241.3 31.991653547427415 102.3326650233145
    endloop
  endfacet
  facet normal 1 0 0
    outer loop
      vertex 241.3 32.86208152801713 61.20208152801713
      vertex 241.3 31.991653547427415 102.3326650233145
      vertex 241.3 31.659999999999997 102.3
    endloop
  endfacet
  facet normal 1 0 0
    outer loop
      vertex 241.3 31.659999999999997 102.3
      vertex 241.3 25.659999999999997 90
      vertex 241.3 25.625925826289066 89.74118095489747
    endloop
  endfacet
  facet normal 1 0 0
    outer loop
      vertex 241.3 31.659999999999997 102.3
      vertex 241.3 25.625925826289066 89.74118095489747
      vertex 241.3 25.526025403784434 89.5
    endloop
  endfacet
  facet normal 1 0 0
    outer loop
      vertex 241.3 31.659999999999997 102.3
      vertex 241.3 25.625925826289066 90.25881904510253
      vertex 241.3 25.659999999999997 90
    endloop
  endfacet
  facet normal 1 0 0
    outer loop
      vertex 241.3 31.659999999999997 102.3
      vertex 241.3 25.526025403784434 90.5
      vertex 241.3 25.625925826289066 90.25881904510253
    endloop
  endfacet
  facet normal 1 0 0
    outer loop
      vertex 241.3 31.659999999999997 102.3
      vertex 241.3 25.367106781186543 90.70710678118655
      vertex 241.3 25.526025403784434 90.5
    endloop
  endfacet
  facet normal 1 0 0
    outer loop
      vertex 241.3 31.32834645257258 102.3326650233145
      vertex 241.3 25.159999999999997 90.86602540378443
      vertex 241.3 25.367106781186543 90.70710678118655
    endloop
  endfacet
  facet normal 1 0 0
    outer loop
      vertex 241.3 30.715530603866675 102.58650165908567
      vertex 241.3 24.918819045102516 90.96592582628907
      vertex 241.3 25.159999999999997 90.86602540378443
    endloop
  endfacet
  facet normal 1 0 0
    outer loop
      vertex 241.3 31.659999999999997 102.3
      vertex 241.3 31.32834645257258 102.3326650233145
      vertex 241.3 25.367106781186543 90.70710678118655
    endloop
  endfacet
  facet normal 1 0 0
    outer loop
      vertex 241.3 31.32834645257258 102.3326650233145
      vertex 241.3 31.009438164979343 102.42940479473081
      vertex 241.3 25.159999999999997 90.86602540378443
    endloop
  endfacet
  facet normal 1 0 0
    outer loop
      vertex 241.3 30.715530603866675 102.58650165908567
      vertex 241.3 25.159999999999997 90.86602540378443
      vertex 241.3 31.009438164979343 102.42940479473081
    endloop
  endfacet
  facet normal 1 0 0
    outer loop
      vertex 241.3 30.715530603866675 102.58650165908567
      vertex 241.3 30.457918471982865 102.79791847198287
      vertex 241.3 24.918819045102516 90.96592582628907
    endloop
  endfacet
  facet normal 1 0 0
    outer loop
      vertex 241.3 30.24650165908567 103.05553060386667
      vertex 241.3 24.659999999999997 91
      vertex 241.3 30.457918471982865 102.79791847198287
    endloop
  endfacet
  facet normal 1 0 0
    outer loop
      vertex 241.3 30.08940479473081 103.34943816497935
      vertex 241.3 24.401180954897477 90.96592582628907
      vertex 241.3 30.24650165908567 103.05553060386667
    endloop
  endfacet
  facet normal 1 0 0
    outer loop
      vertex 241.3 29.992665023314505 103.66834645257258
      vertex 241.3 24.159999999999997 90.86602540378443
      vertex 241.3 30.08940479473081 103.34943816497935
    endloop
  endfacet
  facet normal 1 0 0
    outer loop
      vertex 241.3 29.992665023314505 103.66834645257258
      vertex 241.3 29.959999999999997 104
      vertex 241.3 24.159999999999997 90.86602540378443
    endloop
  endfacet
  facet normal 1 0 0
    outer loop
      vertex 241.3 30.457918471982865 102.79791847198287
      vertex 241.3 24.659999999999997 91
      vertex 241.3 24.918819045102516 90.96592582628907
    endloop
  endfacet
  facet normal 1 0 0
    outer loop
      vertex 241.3 30.24650165908567 103.05553060386667
      vertex 241.3 24.401180954897477 90.96592582628907
      vertex 241.3 24.659999999999997 91
    endloop
  endfacet
  facet normal 1 0 0
    outer loop
      vertex 241.3 30.08940479473081 103.34943816497935
      vertex 241.3 24.159999999999997 90.86602540378443
      vertex 241.3 24.401180954897477 90.96592582628907
    endloop
  endfacet
  facet normal 1 0 0
    outer loop
      vertex 241.3 29.959999999999997 104
      vertex 241.3 23.95289321881345 90.70710678118655
      vertex 241.3 24.159999999999997 90.86602540378443
    endloop
  endfacet
  facet normal 1 0 0
    outer loop
      vertex 241.3 40.66 116
      vertex 241.3 33.32733497668549 103.66834645257258
      vertex 241.3 33.23059520526918 103.34943816497935
    endloop
  endfacet
  facet normal 1 0 0
    outer loop
      vertex 241.3 40.66 116
      vertex 241.3 33.23059520526918 104.65056183502065
      vertex 241.3 33.32733497668549 104.33165354742742
    endloop
  endfacet
  facet normal 1 0 0
    outer loop
      vertex 241.3 40.66 116
      vertex 241.3 33.07349834091433 104.94446939613333
      vertex 241.3 33.23059520526918 104.65056183502065
    endloop
  endfacet
  facet normal 1 0 0
    outer loop
      vertex 241.3 40.66 116
      vertex 241.3 32.86208152801713 105.20208152801713
      vertex 241.3 33.07349834091433 104.94446939613333
    endloop
  endfacet
  facet normal 1 0 0
    outer loop
      vertex 241.3 40.66 116
      vertex 241.3 32.60446939613332 105.41349834091433
      vertex 241.3 32.86208152801713 105.20208152801713
    endloop
  endfacet
  facet normal 1 0 0
    outer loop
      vertex 241.3 40.66 116
      vertex 241.3 32.31056183502065 105.57059520526919
      vertex 241.3 32.60446939613332 105.41349834091433
    endloop
  endfacet
  facet normal -1 0 0
    outer loop
      vertex 235.3 40.66 116
      vertex 235.3 33.437824745662724 106.66070275936815
      vertex 235.3 32.88458698356828 106.95641450403612
    endloop
  endfacet
  facet normal -1 0 0
    outer loop
      vertex 235.3 40.66 116
      vertex 235.3 32.88458698356828 106.95641450403612
      vertex 235.3 32.2842890304516 107.13851289729034
    endloop
  endfacet
  facet normal -1 0 0
    outer loop
      vertex 235.3 40.66 116
      vertex 235.3 32.2842890304516 107.13851289729034
      vertex 235.3 31.659999999999997 107.2
    endloop
  endfacet
  facet normal 0 0 1
    outer loop
      vertex 241.3 40.66 116
      vertex 235.3 40.66 116
      vertex 235.3 3.6599999999999966 116
    endloop
  endfacet
  facet normal 1 0 0
    outer loop
      vertex 241.3 40.66 116
      vertex 241.3 3.6599999999999966 116
      vertex 241.3 32.31056183502065 105.57059520526919
    endloop
  endfacet
  facet normal -1 0 0
    outer loop
      vertex 235.3 40.66 116
      vertex 235.3 31.659999999999997 107.2
      vertex 235.3 3.6599999999999966 116
    endloop
  endfacet
  facet normal 1 0 0
    outer loop
      vertex 241.3 3.6599999999999966 116
      vertex 241.3 25.367106781186543 30.707106781186546
      vertex 241.3 25.526025403784434 30.5
    endloop
  endfacet
  facet normal 1 0 0
    outer loop
      vertex 241.3 3.6599999999999966 116
      vertex 241.3 25.159999999999997 30.866025403784437
      vertex 241.3 25.367106781186543 30.707106781186546
    endloop
  endfacet
  facet normal 1 0 0
    outer loop
      vertex 241.3 3.6599999999999966 116
      vertex 241.3 24.918819045102516 30.96592582628907
      vertex 241.3 25.159999999999997 30.866025403784437
    endloop
  endfacet
  facet normal -1 0 0
    outer loop
      vertex 235.3 3.6599999999999966 4
      vertex 235.3 32.88458698356828 101.04358549596388
      vertex 235.3 33.437824745662724 101.33929724063185
    endloop
  endfacet
  facet normal -1 0 0
    outer loop
      vertex 235.3 3.6599999999999966 4
      vertex 235.3 32.2842890304516 100.86148710270966
      vertex 235.3 32.88458698356828 101.04358549596388
    endloop
  endfacet
  facet normal -1 0 0
    outer loop
      vertex 235.3 3.6599999999999966 4
      vertex 235.3 31.659999999999997 100.8
      vertex 235.3 32.2842890304516 100.86148710270966
    endloop
  endfacet
  facet normal -1 0 0
    outer loop
      vertex 235.3 3.6599999999999966 4
      vertex 235.3 31.035710969548386 100.86148710270966
      vertex 235.3 31.659999999999997 100.8
    endloop
  endfacet
  facet normal -1 0 0
    outer loop
      vertex 235.3 3.6599999999999966 4
      vertex 235.3 30.43541301643171 101.04358549596388
      vertex 235.3 31.035710969548386 100.86148710270966
    endloop
  endfacet
  facet normal -1 0 0
    outer loop
      vertex 235.3 3.6599999999999966 4
      vertex 235.3 29.88217525433727 101.33929724063185
      vertex 235.3 30.43541301643171 101.04358549596388
    endloop
  endfacet
  facet normal 1 0 0
    outer loop
      vertex 241.3 40.66 4
      vertex 241.3 23.694074173710927 89.74118095489747
      vertex 241.3 3.6599999999999966 116
    endloop
  endfacet
  facet normal -1 0 0
    outer loop
      vertex 235.3 3.6599999999999966 4
      vertex 235.3 33.437824745662724 101.33929724063185
      vertex 235.3 33.92274169979695 101.73725830020305
    endloop
  endfacet
  facet normal -1 0 0
    outer loop
      vertex 235.3 3.6599999999999966 4
      vertex 235.3 29.397258300203042 101.73725830020305
      vertex 235.3 29.88217525433727 101.33929724063185
    endloop
  endfacet
  facet normal -1 0 0
    outer loop
      vertex 235.3 3.6599999999999966 4
      vertex 235.3 28.99929724063185 102.22217525433727
      vertex 235.3 29.397258300203042 101.73725830020305
    endloop
  endfacet
  facet normal -1 0 0
    outer loop
      vertex 235.3 3.6599999999999966 4
      vertex 235.3 28.70358549596388 102.77541301643171
      vertex 235.3 28.99929724063185 102.22217525433727
    endloop
  endfacet
  facet normal -1 0 0
    outer loop
      vertex 235.3 3.6599999999999966 4
      vertex 235.3 28.52148710270966 103.3757109695484
      vertex 235.3 28.70358549596388 102.77541301643171
    endloop
  endfacet
  facet normal -1 0 0
    outer loop
      vertex 235.3 3.6599999999999966 4
      vertex 235.3 28.459999999999997 104
      vertex 235.3 28.52148710270966 103.3757109695484
    endloop
  endfacet
  facet normal -1 0 0
    outer loop
      vertex 235.3 3.6599999999999966 4
      vertex 235.3 28.52148710270966 104.6242890304516
      vertex 235.3 28.459999999999997 104
    endloop
  endfacet
  facet normal 1 0 0
    outer loop
      vertex 241.3 3.6599999999999966 116
      vertex 241.3 24.659999999999997 31
      vertex 241.3 24.918819045102516 30.96592582628907
    endloop
  endfacet
  facet normal 1 0 0
    outer loop
      vertex 241.3 3.6599999999999966 116
      vertex 241.3 24.401180954897477 30.96592582628907
      vertex 241.3 24.659999999999997 31
    endloop
  endfacet
  facet normal 1 0 0
    outer loop
      vertex 241.3 3.6599999999999966 116
      vertex 241.3 24.159999999999997 30.866025403784437
      vertex 241.3 24.401180954897477 30.96592582628907
    endloop
  endfacet
  facet normal 1 0 0
    outer loop
      vertex 241.3 3.6599999999999966 116
      vertex 241.3 23.79397459621556 30.5
      vertex 241.3 23.95289321881345 30.707106781186546
    endloop
  endfacet
  facet normal 1 0 0
    outer loop
      vertex 241.3 3.6599999999999966 116
      vertex 241.3 23.95289321881345 30.707106781186546
      vertex 241.3 24.159999999999997 30.866025403784437
    endloop
  endfacet
  facet normal 1 0 0
    outer loop
      vertex 241.3 3.6599999999999966 116
      vertex 241.3 23.694074173710927 29.74118095489748
      vertex 241.3 23.659999999999997 30
    endloop
  endfacet
  facet normal 1 0 0
    outer loop
      vertex 241.3 3.6599999999999966 116
      vertex 241.3 23.659999999999997 30
      vertex 241.3 23.694074173710927 30.25881904510252
    endloop
  endfacet
  facet normal 1 0 0
    outer loop
      vertex 241.3 3.6599999999999966 116
      vertex 241.3 23.694074173710927 30.25881904510252
      vertex 241.3 23.79397459621556 30.5
    endloop
  endfacet
  facet normal -1 0 0
    outer loop
      vertex 235.3 3.6599999999999966 4
      vertex 235.3 3.6599999999999966 116
      vertex 235.3 28.52148710270966 104.6242890304516
    endloop
  endfacet
  facet normal 0 -1 0
    outer loop
      vertex 235.3 3.6599999999999966 4
      vertex 241.3 3.6599999999999966 116
      vertex 235.3 3.6599999999999966 116
    endloop
  endfacet
  facet normal 1 0 0
    outer loop
      vertex 241.3 3.6599999999999966 116
      vertex 241.3 23.79397459621556 90.5
      vertex 241.3 23.95289321881345 90.70710678118655
    endloop
  endfacet
  facet normal 1 0 0
    outer loop
      vertex 241.3 3.6599999999999966 116
      vertex 241.3 23.694074173710927 89.74118095489747
      vertex 241.3 23.659999999999997 90
    endloop
  endfacet
  facet normal 1 0 0
    outer loop
      vertex 241.3 3.6599999999999966 116
      vertex 241.3 23.659999999999997 90
      vertex 241.3 23.694074173710927 90.25881904510253
    endloop
  endfacet
  facet normal 1 0 0
    outer loop
      vertex 241.3 3.6599999999999966 116
      vertex 241.3 23.694074173710927 90.25881904510253
      vertex 241.3 23.79397459621556 90.5
    endloop
  endfacet
  facet normal 1 0 0
    outer loop
      vertex 241.3 3.6599999999999966 116
      vertex 241.3 30.24650165908567 104.94446939613333
      vertex 241.3 30.457918471982865 105.20208152801713
    endloop
  endfacet
  facet normal 1 0 0
    outer loop
      vertex 241.3 3.6599999999999966 116
      vertex 241.3 29.992665023314505 104.33165354742742
      vertex 241.3 30.08940479473081 104.65056183502065
    endloop
  endfacet
  facet normal 1 0 0
    outer loop
      vertex 241.3 3.6599999999999966 116
      vertex 241.3 30.08940479473081 104.65056183502065
      vertex 241.3 30.24650165908567 104.94446939613333
    endloop
  endfacet
  facet normal 1 0 0
    outer loop
      vertex 241.3 3.6599999999999966 116
      vertex 241.3 29.959999999999997 104
      vertex 241.3 29.992665023314505 104.33165354742742
    endloop
  endfacet
  facet normal 1 0 0
    outer loop
      vertex 241.3 3.6599999999999966 116
      vertex 241.3 23.95289321881345 90.70710678118655
      vertex 241.3 29.959999999999997 104
    endloop
  endfacet
  facet normal -1 0 0
    outer loop
      vertex 235.3 3.6599999999999966 116
      vertex 235.3 28.70358549596388 105.22458698356829
      vertex 235.3 28.52148710270966 104.6242890304516
    endloop
  endfacet
  facet normal 1 0 0
    outer loop
      vertex 241.3 3.6599999999999966 116
      vertex 241.3 31.991653547427415 105.6673349766855
      vertex 241.3 32.31056183502065 105.57059520526919
    endloop
  endfacet
  facet normal 1 0 0
    outer loop
      vertex 241.3 3.6599999999999966 116
      vertex 241.3 31.659999999999997 105.7
      vertex 241.3 31.991653547427415 105.6673349766855
    endloop
  endfacet
  facet normal 1 0 0
    outer loop
      vertex 241.3 3.6599999999999966 116
      vertex 241.3 31.32834645257258 105.6673349766855
      vertex 241.3 31.659999999999997 105.7
    endloop
  endfacet
  facet normal 1 0 0
    outer loop
      vertex 241.3 3.6599999999999966 116
      vertex 241.3 31.009438164979343 105.57059520526919
      vertex 241.3 31.32834645257258 105.6673349766855
    endloop
  endfacet
  facet normal 1 0 0
    outer loop
      vertex 241.3 3.6599999999999966 116
      vertex 241.3 30.715530603866675 105.41349834091433
      vertex 241.3 31.009438164979343 105.57059520526919
    endloop
  endfacet
  facet normal 1 0 0
    outer loop
      vertex 241.3 3.6599999999999966 116
      vertex 241.3 30.457918471982865 105.20208152801713
      vertex 241.3 30.715530603866675 105.41349834091433
    endloop
  endfacet
  facet normal -1 0 0
    outer loop
      vertex 235.3 3.6599999999999966 116
      vertex 235.3 31.659999999999997 107.2
      vertex 235.3 31.035710969548386 107.13851289729034
    endloop
  endfacet
  facet normal -1 0 0
    outer loop
      vertex 235.3 3.6599999999999966 116
      vertex 235.3 31.035710969548386 107.13851289729034
      vertex 235.3 30.43541301643171 106.95641450403612
    endloop
  endfacet
  facet normal -1 0 0
    outer loop
      vertex 235.3 3.6599999999999966 116
      vertex 235.3 29.88217525433727 106.66070275936815
      vertex 235.3 29.397258300203042 106.26274169979695
    endloop
  endfacet
  facet normal -1 0 0
    outer loop
      vertex 235.3 3.6599999999999966 116
      vertex 235.3 30.43541301643171 106.95641450403612
      vertex 235.3 29.88217525433727 106.66070275936815
    endloop
  endfacet
  facet normal -1 0 0
    outer loop
      vertex 235.3 3.6599999999999966 116
      vertex 235.3 29.397258300203042 106.26274169979695
      vertex 235.3 28.99929724063185 105.77782474566273
    endloop
  endfacet
  facet normal -1 0 0
    outer loop
      vertex 235.3 3.6599999999999966 116
      vertex 235.3 28.99929724063185 105.77782474566273
      vertex 235.3 28.70358549596388 105.22458698356829
    endloop
  endfacet
  facet normal 0 0 1
    outer loop
      vertex 241.3 40.66 116
      vertex 235.3 3.6599999999999966 116
      vertex 241.3 3.6599999999999966 116
    endloop
  endfacet
  facet normal -1 0 0
    outer loop
      vertex 17.5 40.66 4
      vertex 17.5 3.6599999999999966 4
      vertex 17.5 40.66 107.6
    endloop
  endfacet
  facet normal 1 0 0
    outer loop
      vertex 20.5 40.66 4
      vertex 20.5 3.6599999999999966 116
      vertex 20.5 3.6599999999999966 4
    endloop
  endfacet
  facet normal 0 -1 0
    outer loop
      vertex 20.5 3.6599999999999966 4
      vertex 20.5 3.6599999999999966 116
      vertex 17.5 3.6599999999999966 4
    endloop
  endfacet
  facet normal 1 0 0
    outer loop
      vertex 20.5 40.66 4
      vertex 20.5 40.66 116
      vertex 20.5 3.6599999999999966 116
    endloop
  endfacet
  facet normal -1 0 0
    outer loop
      vertex 17.5 43.66 116
      vertex 17.5 40.66 107.6
      vertex 17.5 40.66 116
    endloop
  endfacet
  facet normal -1 0 0
    outer loop
      vertex 17.5 40.66 107.6
      vertex 17.5 3.6599999999999966 116
      vertex 17.5 40.66 116
    endloop
  endfacet
  facet normal 0 0 1
    outer loop
      vertex 20.5 40.66 116
      vertex 17.5 40.66 116
      vertex 17.5 3.6599999999999966 116
    endloop
  endfacet
  facet normal -1 0 0
    outer loop
      vertex 17.5 3.6599999999999966 4
      vertex 17.5 3.6599999999999966 116
      vertex 17.5 40.66 107.6
    endloop
  endfacet
  facet normal 0 -1 0
    outer loop
      vertex 17.5 3.6599999999999966 4
      vertex 20.5 3.6599999999999966 116
      vertex 17.5 3.6599999999999966 116
    endloop
  endfacet
  facet normal 0 0 1
    outer loop
      vertex 20.5 40.66 116
      vertex 17.5 3.6599999999999966 116
      vertex 20.5 3.6599999999999966 116
    endloop
  endfacet
  facet normal -0.2334453638559151 -0.9723699203976743 -6.521654249519346e-19
    outer loop
      vertex 9.800657780874815 40.93859215540352 0
      vertex 9.281877181136792 41.06314035802347 4
      vertex 9.281877181136792 41.06314035802347 0
    endloop
  endfacet
  facet normal -0.07845909572783945 -0.9969173337331285 -7.087050427594052e-19
    outer loop
      vertex 9.281877181136792 41.06314035802347 0
      vertex 8.75 41.105 4
      vertex 8.75 41.105 0
    endloop
  endfacet
  facet normal 0.07845909572783945 -0.9969173337331285 7.087050427594052e-19
    outer loop
      vertex 8.75 41.105 0
      vertex 8.218122818863208 41.06314035802347 4
      vertex 8.218122818863208 41.06314035802347 0
    endloop
  endfacet
  facet normal 0.2334453638559151 -0.9723699203976743 6.521654249519346e-19
    outer loop
      vertex 8.218122818863208 41.06314035802347 0
      vertex 7.699342219125185 40.93859215540352 4
      vertex 7.699342219125185 40.93859215540352 0
    endloop
  endfacet
  facet normal -0.522498564715938 -0.8526401643540988 2.439089043925585e-18
    outer loop
      vertex 10.748469857794419 40.455657780874816 0
      vertex 10.293567699114448 40.73442218224045 4
      vertex 10.293567699114448 40.73442218224045 0
    endloop
  endfacet
  facet normal -0.3826834323650886 -0.9238795325112872 0
    outer loop
      vertex 9.800657780874815 40.93859215540352 0
      vertex 10.293567699114448 40.73442218224045 0
      vertex 9.800657780874815 40.93859215540352 4
    endloop
  endfacet
  facet normal -0.6494480483301842 -0.7604059656000305 -4.081560001611617e-18
    outer loop
      vertex 11.154163056034264 40.10916305603426 0
      vertex 10.748469857794419 40.455657780874816 4
      vertex 10.748469857794419 40.455657780874816 0
    endloop
  endfacet
  facet normal -0.2334453638559151 -0.9723699203976743 0
    outer loop
      vertex 9.800657780874815 40.93859215540352 0
      vertex 9.800657780874815 40.93859215540352 4
      vertex 9.281877181136792 41.06314035802347 4
    endloop
  endfacet
  facet normal -0.07845909572783945 -0.9969173337331285 0
    outer loop
      vertex 9.281877181136792 41.06314035802347 4
      vertex 8.75 41.105 4
      vertex 9.281877181136792 41.06314035802347 0
    endloop
  endfacet
  facet normal 0.07845909572783945 -0.9969173337331285 0
    outer loop
      vertex 8.75 41.105 0
      vertex 8.75 41.105 4
      vertex 8.218122818863208 41.06314035802347 4
    endloop
  endfacet
  facet normal 0.2334453638559151 -0.9723699203976743 0
    outer loop
      vertex 8.218122818863208 41.06314035802347 0
      vertex 8.218122818863208 41.06314035802347 4
      vertex 7.699342219125185 40.93859215540352 4
    endloop
  endfacet
  facet normal -0.3826834323650886 -0.9238795325112872 0
    outer loop
      vertex 10.293567699114448 40.73442218224045 0
      vertex 10.293567699114448 40.73442218224045 4
      vertex 9.800657780874815 40.93859215540352 4
    endloop
  endfacet
  facet normal -0.522498564715938 -0.8526401643540988 0
    outer loop
      vertex 10.748469857794419 40.455657780874816 0
      vertex 10.748469857794419 40.455657780874816 4
      vertex 10.293567699114448 40.73442218224045 4
    endloop
  endfacet
  facet normal -0.6494480483301842 -0.7604059656000305 0
    outer loop
      vertex 11.154163056034264 40.10916305603426 0
      vertex 11.154163056034264 40.10916305603426 4
      vertex 10.748469857794419 40.455657780874816 4
    endloop
  endfacet
  facet normal -0.8526401643541115 -0.522498564715917 0
    outer loop
      vertex 11.500657780874832 39.70346985779441 0
      vertex 11.779422182240438 39.24856769911446 0
      vertex 11.500657780874832 39.70346985779441 4
    endloop
  endfacet
  facet normal -0.923879532511275 -0.382683432365118 0
    outer loop
      vertex 11.779422182240438 39.24856769911446 0
      vertex 11.983592155403528 38.75565778087482 0
      vertex 11.779422182240438 39.24856769911446 4
    endloop
  endfacet
  facet normal -0.7604059656000228 -0.649448048330193 0
    outer loop
      vertex 11.500657780874832 39.70346985779441 0
      vertex 11.500657780874832 39.70346985779441 4
      vertex 11.154163056034264 40.10916305603426 4
    endloop
  endfacet
  facet normal -0.8526401643541115 -0.522498564715917 0
    outer loop
      vertex 11.779422182240438 39.24856769911446 0
      vertex 11.779422182240438 39.24856769911446 4
      vertex 11.500657780874832 39.70346985779441 4
    endloop
  endfacet
  facet normal -0.923879532511275 -0.382683432365118 0
    outer loop
      vertex 11.983592155403528 38.75565778087482 0
      vertex 11.983592155403528 38.75565778087482 4
      vertex 11.779422182240438 39.24856769911446 4
    endloop
  endfacet
  facet normal -0.7604059656000228 -0.649448048330193 0
    outer loop
      vertex 11.154163056034264 40.10916305603426 0
      vertex 11.500657780874832 39.70346985779441 0
      vertex 11.154163056034264 40.10916305603426 4
    endloop
  endfacet
  facet normal 0.3826834323650886 -0.9238795325112872 -4.453384260731901e-19
    outer loop
      vertex 7.699342219125185 40.93859215540352 0
      vertex 7.206432300885552 40.73442218224045 4
      vertex 7.206432300885552 40.73442218224045 0
    endloop
  endfacet
  facet normal 0.522498564715938 -0.8526401643540988 -2.439089043925585e-18
    outer loop
      vertex 7.206432300885552 40.73442218224045 0
      vertex 6.751530142205581 40.455657780874816 4
      vertex 6.751530142205581 40.455657780874816 0
    endloop
  endfacet
  facet normal 0.6494480483301842 -0.7604059656000305 4.081560001611617e-18
    outer loop
      vertex 6.751530142205581 40.455657780874816 0
      vertex 6.345836943965736 40.10916305603426 4
      vertex 6.345836943965736 40.10916305603426 0
    endloop
  endfacet
  facet normal 0.3826834323650886 -0.9238795325112872 0
    outer loop
      vertex 7.699342219125185 40.93859215540352 4
      vertex 7.206432300885552 40.73442218224045 4
      vertex 7.699342219125185 40.93859215540352 0
    endloop
  endfacet
  facet normal 0.522498564715938 -0.8526401643540988 0
    outer loop
      vertex 7.206432300885552 40.73442218224045 0
      vertex 7.206432300885552 40.73442218224045 4
      vertex 6.751530142205581 40.455657780874816 4
    endloop
  endfacet
  facet normal 0.6494480483301842 -0.7604059656000305 0
    outer loop
      vertex 6.751530142205581 40.455657780874816 0
      vertex 6.751530142205581 40.455657780874816 4
      vertex 6.345836943965736 40.10916305603426 4
    endloop
  endfacet
  facet normal 0.7604059656000228 -0.649448048330193 0
    outer loop
      vertex 5.999342219125168 39.70346985779441 0
      vertex 6.345836943965736 40.10916305603426 0
      vertex 5.999342219125168 39.70346985779441 4
    endloop
  endfacet
  facet normal 0.8526401643541115 -0.522498564715917 -1.2798891010136447e-18
    outer loop
      vertex 5.999342219125168 39.70346985779441 0
      vertex 5.720577817759562 39.24856769911446 4
      vertex 5.720577817759562 39.24856769911446 0
    endloop
  endfacet
  facet normal 0.923879532511275 -0.382683432365118 0
    outer loop
      vertex 5.516407844596472 38.75565778087482 0
      vertex 5.720577817759562 39.24856769911446 0
      vertex 5.516407844596472 38.75565778087482 4
    endloop
  endfacet
  facet normal 0.7604059656000228 -0.649448048330193 0
    outer loop
      vertex 6.345836943965736 40.10916305603426 0
      vertex 6.345836943965736 40.10916305603426 4
      vertex 5.999342219125168 39.70346985779441 4
    endloop
  endfacet
  facet normal 0.8526401643541115 -0.522498564715917 0
    outer loop
      vertex 5.999342219125168 39.70346985779441 0
      vertex 5.999342219125168 39.70346985779441 4
      vertex 5.720577817759562 39.24856769911446 4
    endloop
  endfacet
  facet normal 0.923879532511275 -0.382683432365118 0
    outer loop
      vertex 5.720577817759562 39.24856769911446 0
      vertex 5.720577817759562 39.24856769911446 4
      vertex 5.516407844596472 38.75565778087482 4
    endloop
  endfacet
  facet normal -0.9723699203976818 -0.23344536385588388 0
    outer loop
      vertex 11.983592155403528 38.75565778087482 0
      vertex 12.108140358023462 38.236877181136784 0
      vertex 11.983592155403528 38.75565778087482 4
    endloop
  endfacet
  facet normal -0.9969173337331262 -0.07845909572786695 0
    outer loop
      vertex 12.108140358023462 38.236877181136784 0
      vertex 12.150000000000006 37.705 0
      vertex 12.108140358023462 38.236877181136784 4
    endloop
  endfacet
  facet normal -0.9969173337331262 0.07845909572786695 0
    outer loop
      vertex 12.150000000000006 37.705 0
      vertex 12.108140358023462 37.17312281886321 0
      vertex 12.150000000000006 37.705 4
    endloop
  endfacet
  facet normal -0.9723699203976818 -0.23344536385588388 0
    outer loop
      vertex 12.108140358023462 38.236877181136784 0
      vertex 12.108140358023462 38.236877181136784 4
      vertex 11.983592155403528 38.75565778087482 4
    endloop
  endfacet
  facet normal -0.9969173337331262 -0.07845909572786695 -4.492178955559932e-19
    outer loop
      vertex 12.108140358023462 38.236877181136784 4
      vertex 12.150000000000006 37.705 0
      vertex 12.150000000000006 37.705 4
    endloop
  endfacet
  facet normal -0.9969173337331262 0.07845909572786695 0
    outer loop
      vertex 12.108140358023462 37.17312281886321 0
      vertex 12.108140358023462 37.17312281886321 4
      vertex 12.150000000000006 37.705 4
    endloop
  endfacet
  facet normal -0.9723699203976818 0.23344536385588388 0
    outer loop
      vertex 12.108140358023462 37.17312281886321 0
      vertex 11.983592155403528 36.654342219125176 0
      vertex 12.108140358023462 37.17312281886321 4
    endloop
  endfacet
  facet normal -0.923879532511275 0.382683432365118 0
    outer loop
      vertex 11.983592155403528 36.654342219125176 0
      vertex 11.779422182240438 36.16143230088554 0
      vertex 11.983592155403528 36.654342219125176 4
    endloop
  endfacet
  facet normal -0.8526401643541115 0.522498564715917 0
    outer loop
      vertex 11.779422182240438 36.16143230088554 0
      vertex 11.500657780874832 35.70653014220559 0
      vertex 11.779422182240438 36.16143230088554 4
    endloop
  endfacet
  facet normal -0.9723699203976818 0.23344536385588388 0
    outer loop
      vertex 11.983592155403528 36.654342219125176 0
      vertex 11.983592155403528 36.654342219125176 4
      vertex 12.108140358023462 37.17312281886321 4
    endloop
  endfacet
  facet normal -0.923879532511275 0.382683432365118 -2.756079652194039e-18
    outer loop
      vertex 11.983592155403528 36.654342219125176 4
      vertex 11.779422182240438 36.16143230088554 0
      vertex 11.779422182240438 36.16143230088554 4
    endloop
  endfacet
  facet normal -0.8526401643541115 0.522498564715917 0
    outer loop
      vertex 11.500657780874832 35.70653014220559 0
      vertex 11.500657780874832 35.70653014220559 4
      vertex 11.779422182240438 36.16143230088554 4
    endloop
  endfacet
  facet normal 0.9723699203976818 -0.23344536385588388 0
    outer loop
      vertex 5.391859641976538 38.236877181136784 0
      vertex 5.516407844596472 38.75565778087482 0
      vertex 5.391859641976538 38.236877181136784 4
    endloop
  endfacet
  facet normal 0.9969173337331262 -0.07845909572786695 4.492178955559932e-19
    outer loop
      vertex 5.391859641976538 38.236877181136784 0
      vertex 5.349999999999994 37.705 4
      vertex 5.349999999999994 37.705 0
    endloop
  endfacet
  facet normal 0.9969173337331262 0.07845909572786695 0
    outer loop
      vertex 5.391859641976538 37.17312281886321 0
      vertex 5.349999999999994 37.705 0
      vertex 5.391859641976538 37.17312281886321 4
    endloop
  endfacet
  facet normal 0.9723699203976818 -0.23344536385588388 0
    outer loop
      vertex 5.516407844596472 38.75565778087482 0
      vertex 5.516407844596472 38.75565778087482 4
      vertex 5.391859641976538 38.236877181136784 4
    endloop
  endfacet
  facet normal 0.9969173337331262 -0.07845909572786695 4.492178955559932e-19
    outer loop
      vertex 5.349999999999994 37.705 4
      vertex 5.391859641976538 38.236877181136784 0
      vertex 5.391859641976538 38.236877181136784 4
    endloop
  endfacet
  facet normal 0.9969173337331262 0.07845909572786695 0
    outer loop
      vertex 5.349999999999994 37.705 0
      vertex 5.349999999999994 37.705 4
      vertex 5.391859641976538 37.17312281886321 4
    endloop
  endfacet
  facet normal 0.9723699203976818 0.23344536385588388 0
    outer loop
      vertex 5.516407844596472 36.654342219125176 0
      vertex 5.391859641976538 37.17312281886321 0
      vertex 5.516407844596472 36.654342219125176 4
    endloop
  endfacet
  facet normal 0.8526401643541115 0.522498564715917 0
    outer loop
      vertex 5.999342219125168 35.70653014220559 0
      vertex 5.720577817759562 36.16143230088554 0
      vertex 5.999342219125168 35.70653014220559 4
    endloop
  endfacet
  facet normal 0.923879532511275 0.382683432365118 0
    outer loop
      vertex 5.720577817759562 36.16143230088554 0
      vertex 5.516407844596472 36.654342219125176 0
      vertex 5.720577817759562 36.16143230088554 4
    endloop
  endfacet
  facet normal 0.9723699203976818 0.23344536385588388 0
    outer loop
      vertex 5.391859641976538 37.17312281886321 0
      vertex 5.391859641976538 37.17312281886321 4
      vertex 5.516407844596472 36.654342219125176 4
    endloop
  endfacet
  facet normal 0.923879532511275 0.382683432365118 0
    outer loop
      vertex 5.516407844596472 36.654342219125176 0
      vertex 5.516407844596472 36.654342219125176 4
      vertex 5.720577817759562 36.16143230088554 4
    endloop
  endfacet
  facet normal 0.8526401643541115 0.522498564715917 0
    outer loop
      vertex 5.720577817759562 36.16143230088554 0
      vertex 5.720577817759562 36.16143230088554 4
      vertex 5.999342219125168 35.70653014220559 4
    endloop
  endfacet
  facet normal -0.7604059656000228 0.649448048330193 0
    outer loop
      vertex 11.500657780874832 35.70653014220559 0
      vertex 11.154163056034264 35.300836943965734 0
      vertex 11.500657780874832 35.70653014220559 4
    endloop
  endfacet
  facet normal -0.6494480483301842 0.7604059656000305 0
    outer loop
      vertex 11.154163056034264 35.300836943965734 0
      vertex 10.748469857794419 34.95434221912518 0
      vertex 11.154163056034264 35.300836943965734 4
    endloop
  endfacet
  facet normal -0.522498564715938 0.8526401643540988 0
    outer loop
      vertex 10.748469857794419 34.95434221912518 0
      vertex 10.293567699114448 34.675577817759546 0
      vertex 10.748469857794419 34.95434221912518 4
    endloop
  endfacet
  facet normal -0.3826834323650886 0.9238795325112872 -4.453384260731901e-19
    outer loop
      vertex 9.800657780874815 34.47140784459648 0
      vertex 10.293567699114448 34.675577817759546 4
      vertex 10.293567699114448 34.675577817759546 0
    endloop
  endfacet
  facet normal -0.2334453638559151 0.9723699203976743 6.521654249519346e-19
    outer loop
      vertex 9.281877181136792 34.34685964197653 0
      vertex 9.800657780874815 34.47140784459648 4
      vertex 9.800657780874815 34.47140784459648 0
    endloop
  endfacet
  facet normal -0.07845909572783945 0.9969173337331285 7.087050427594052e-19
    outer loop
      vertex 8.75 34.305 0
      vertex 9.281877181136792 34.34685964197653 4
      vertex 9.281877181136792 34.34685964197653 0
    endloop
  endfacet
  facet normal 0.07845909572783945 0.9969173337331285 -7.087050427594052e-19
    outer loop
      vertex 8.218122818863208 34.34685964197653 0
      vertex 8.75 34.305 4
      vertex 8.75 34.305 0
    endloop
  endfacet
  facet normal 0.2334453638559151 0.9723699203976743 -6.521654249519346e-19
    outer loop
      vertex 7.699342219125185 34.47140784459648 0
      vertex 8.218122818863208 34.34685964197653 4
      vertex 8.218122818863208 34.34685964197653 0
    endloop
  endfacet
  facet normal -0.7604059656000228 0.649448048330193 0
    outer loop
      vertex 11.154163056034264 35.300836943965734 0
      vertex 11.154163056034264 35.300836943965734 4
      vertex 11.500657780874832 35.70653014220559 4
    endloop
  endfacet
  facet normal -0.6494480483301842 0.7604059656000305 0
    outer loop
      vertex 10.748469857794419 34.95434221912518 0
      vertex 10.748469857794419 34.95434221912518 4
      vertex 11.154163056034264 35.300836943965734 4
    endloop
  endfacet
  facet normal -0.522498564715938 0.8526401643540988 0
    outer loop
      vertex 10.293567699114448 34.675577817759546 0
      vertex 10.293567699114448 34.675577817759546 4
      vertex 10.748469857794419 34.95434221912518 4
    endloop
  endfacet
  facet normal -0.3826834323650886 0.9238795325112872 0
    outer loop
      vertex 9.800657780874815 34.47140784459648 0
      vertex 9.800657780874815 34.47140784459648 4
      vertex 10.293567699114448 34.675577817759546 4
    endloop
  endfacet
  facet normal -0.2334453638559151 0.9723699203976743 0
    outer loop
      vertex 9.281877181136792 34.34685964197653 0
      vertex 9.281877181136792 34.34685964197653 4
      vertex 9.800657780874815 34.47140784459648 4
    endloop
  endfacet
  facet normal -0.07845909572783945 0.9969173337331285 0
    outer loop
      vertex 8.75 34.305 0
      vertex 8.75 34.305 4
      vertex 9.281877181136792 34.34685964197653 4
    endloop
  endfacet
  facet normal 0.07845909572783945 0.9969173337331285 0
    outer loop
      vertex 8.218122818863208 34.34685964197653 0
      vertex 8.218122818863208 34.34685964197653 4
      vertex 8.75 34.305 4
    endloop
  endfacet
  facet normal 0.2334453638559151 0.9723699203976743 0
    outer loop
      vertex 7.699342219125185 34.47140784459648 0
      vertex 7.699342219125185 34.47140784459648 4
      vertex 8.218122818863208 34.34685964197653 4
    endloop
  endfacet
  facet normal 0.7604059656000228 0.649448048330193 3.493463183630529e-18
    outer loop
      vertex 5.999342219125168 35.70653014220559 0
      vertex 6.345836943965736 35.300836943965734 4
      vertex 6.345836943965736 35.300836943965734 0
    endloop
  endfacet
  facet normal 0.6494480483301842 0.7604059656000305 -4.081560001611617e-18
    outer loop
      vertex 6.345836943965736 35.300836943965734 0
      vertex 6.751530142205581 34.95434221912518 4
      vertex 6.751530142205581 34.95434221912518 0
    endloop
  endfacet
  facet normal 0.522498564715938 0.8526401643540988 2.439089043925585e-18
    outer loop
      vertex 6.751530142205581 34.95434221912518 0
      vertex 7.206432300885552 34.675577817759546 4
      vertex 7.206432300885552 34.675577817759546 0
    endloop
  endfacet
  facet normal 0.3826834323650886 0.9238795325112872 4.453384260731901e-19
    outer loop
      vertex 7.206432300885552 34.675577817759546 0
      vertex 7.699342219125185 34.47140784459648 4
      vertex 7.699342219125185 34.47140784459648 0
    endloop
  endfacet
  facet normal 0.7604059656000228 0.649448048330193 0
    outer loop
      vertex 5.999342219125168 35.70653014220559 0
      vertex 5.999342219125168 35.70653014220559 4
      vertex 6.345836943965736 35.300836943965734 4
    endloop
  endfacet
  facet normal 0.6494480483301842 0.7604059656000305 0
    outer loop
      vertex 6.345836943965736 35.300836943965734 0
      vertex 6.345836943965736 35.300836943965734 4
      vertex 6.751530142205581 34.95434221912518 4
    endloop
  endfacet
  facet normal 0.522498564715938 0.8526401643540988 0
    outer loop
      vertex 6.751530142205581 34.95434221912518 0
      vertex 6.751530142205581 34.95434221912518 4
      vertex 7.206432300885552 34.675577817759546 4
    endloop
  endfacet
  facet normal 0.3826834323650886 0.9238795325112872 0
    outer loop
      vertex 7.206432300885552 34.675577817759546 0
      vertex 7.206432300885552 34.675577817759546 4
      vertex 7.699342219125185 34.47140784459648 4
    endloop
  endfacet
  facet normal -0.2334453638559151 -0.9723699203976743 -6.521654249519346e-19
    outer loop
      vertex 9.800657780874815 9.18859215540352 0
      vertex 9.281877181136792 9.313140358023468 4
      vertex 9.281877181136792 9.313140358023468 0
    endloop
  endfacet
  facet normal -0.3826834323650886 -0.9238795325112872 4.453384260731901e-19
    outer loop
      vertex 10.293567699114448 8.98442218224045 0
      vertex 9.800657780874815 9.18859215540352 4
      vertex 9.800657780874815 9.18859215540352 0
    endloop
  endfacet
  facet normal -0.07845909572783945 -0.9969173337331285 -7.087050427594052e-19
    outer loop
      vertex 9.281877181136792 9.313140358023468 0
      vertex 8.75 9.354999999999997 4
      vertex 8.75 9.354999999999997 0
    endloop
  endfacet
  facet normal 0.07845909572783945 -0.9969173337331285 7.087050427594052e-19
    outer loop
      vertex 8.75 9.354999999999997 0
      vertex 8.218122818863208 9.313140358023468 4
      vertex 8.218122818863208 9.313140358023468 0
    endloop
  endfacet
  facet normal 0.2334453638559151 -0.9723699203976743 6.521654249519346e-19
    outer loop
      vertex 8.218122818863208 9.313140358023468 0
      vertex 7.699342219125185 9.18859215540352 4
      vertex 7.699342219125185 9.18859215540352 0
    endloop
  endfacet
  facet normal -0.2334453638559151 -0.9723699203976743 0
    outer loop
      vertex 9.800657780874815 9.18859215540352 0
      vertex 9.800657780874815 9.18859215540352 4
      vertex 9.281877181136792 9.313140358023468 4
    endloop
  endfacet
  facet normal -0.3826834323650886 -0.9238795325112872 0
    outer loop
      vertex 10.293567699114448 8.98442218224045 0
      vertex 10.293567699114448 8.98442218224045 4
      vertex 9.800657780874815 9.18859215540352 4
    endloop
  endfacet
  facet normal -0.07845909572783945 -0.9969173337331285 0
    outer loop
      vertex 9.281877181136792 9.313140358023468 4
      vertex 8.75 9.354999999999997 4
      vertex 9.281877181136792 9.313140358023468 0
    endloop
  endfacet
  facet normal 0.07845909572783945 -0.9969173337331285 0
    outer loop
      vertex 8.75 9.354999999999997 0
      vertex 8.75 9.354999999999997 4
      vertex 8.218122818863208 9.313140358023468 4
    endloop
  endfacet
  facet normal 0.2334453638559151 -0.9723699203976743 0
    outer loop
      vertex 8.218122818863208 9.313140358023468 0
      vertex 8.218122818863208 9.313140358023468 4
      vertex 7.699342219125185 9.18859215540352 4
    endloop
  endfacet
  facet normal 0.3826834323650886 -0.9238795325112872 -4.453384260731901e-19
    outer loop
      vertex 7.699342219125185 9.18859215540352 0
      vertex 7.206432300885552 8.98442218224045 4
      vertex 7.206432300885552 8.98442218224045 0
    endloop
  endfacet
  facet normal 0.3826834323650886 -0.9238795325112872 0
    outer loop
      vertex 7.699342219125185 9.18859215540352 0
      vertex 7.699342219125185 9.18859215540352 4
      vertex 7.206432300885552 8.98442218224045 4
    endloop
  endfacet
  facet normal -0.8526401643541115 -0.522498564715917 0
    outer loop
      vertex 11.500657780874832 7.95346985779441 0
      vertex 11.779422182240438 7.49856769911446 0
      vertex 11.500657780874832 7.95346985779441 4
    endloop
  endfacet
  facet normal -0.7604059656000228 -0.649448048330193 0
    outer loop
      vertex 11.500657780874832 7.95346985779441 0
      vertex 11.500657780874832 7.95346985779441 4
      vertex 11.154163056034264 8.359163056034262 4
    endloop
  endfacet
  facet normal -0.8526401643541115 -0.522498564715917 0
    outer loop
      vertex 11.779422182240438 7.49856769911446 0
      vertex 11.779422182240438 7.49856769911446 4
      vertex 11.500657780874832 7.95346985779441 4
    endloop
  endfacet
  facet normal -0.522498564715938 -0.8526401643540988 2.439089043925585e-18
    outer loop
      vertex 10.748469857794419 8.705657780874816 0
      vertex 10.293567699114448 8.98442218224045 4
      vertex 10.293567699114448 8.98442218224045 0
    endloop
  endfacet
  facet normal -0.6494480483301842 -0.7604059656000305 -4.081560001611617e-18
    outer loop
      vertex 11.154163056034264 8.359163056034262 0
      vertex 10.748469857794419 8.705657780874816 4
      vertex 10.748469857794419 8.705657780874816 0
    endloop
  endfacet
  facet normal -0.7604059656000228 -0.649448048330193 0
    outer loop
      vertex 11.154163056034264 8.359163056034262 0
      vertex 11.500657780874832 7.95346985779441 0
      vertex 11.154163056034264 8.359163056034262 4
    endloop
  endfacet
  facet normal -0.522498564715938 -0.8526401643540988 0
    outer loop
      vertex 10.748469857794419 8.705657780874816 0
      vertex 10.748469857794419 8.705657780874816 4
      vertex 10.293567699114448 8.98442218224045 4
    endloop
  endfacet
  facet normal -0.6494480483301842 -0.7604059656000305 0
    outer loop
      vertex 11.154163056034264 8.359163056034262 0
      vertex 11.154163056034264 8.359163056034262 4
      vertex 10.748469857794419 8.705657780874816 4
    endloop
  endfacet
  facet normal -0.923879532511275 -0.382683432365118 0
    outer loop
      vertex 11.779422182240438 7.49856769911446 0
      vertex 11.983592155403528 7.00565778087482 0
      vertex 11.779422182240438 7.49856769911446 4
    endloop
  endfacet
  facet normal -0.9723699203976818 -0.23344536385588388 0
    outer loop
      vertex 11.983592155403528 7.00565778087482 0
      vertex 12.108140358023462 6.486877181136784 0
      vertex 11.983592155403528 7.00565778087482 4
    endloop
  endfacet
  facet normal -0.9969173337331262 -0.07845909572786695 0
    outer loop
      vertex 12.108140358023462 6.486877181136784 0
      vertex 12.150000000000006 5.954999999999998 0
      vertex 12.108140358023462 6.486877181136784 4
    endloop
  endfacet
  facet normal -0.923879532511275 -0.382683432365118 0
    outer loop
      vertex 11.983592155403528 7.00565778087482 0
      vertex 11.983592155403528 7.00565778087482 4
      vertex 11.779422182240438 7.49856769911446 4
    endloop
  endfacet
  facet normal -0.9723699203976818 -0.23344536385588388 0
    outer loop
      vertex 12.108140358023462 6.486877181136784 0
      vertex 12.108140358023462 6.486877181136784 4
      vertex 11.983592155403528 7.00565778087482 4
    endloop
  endfacet
  facet normal -0.9969173337331262 -0.07845909572786695 0
    outer loop
      vertex 12.150000000000006 5.954999999999998 0
      vertex 12.150000000000006 5.954999999999998 4
      vertex 12.108140358023462 6.486877181136784 4
    endloop
  endfacet
  facet normal 0.522498564715938 -0.8526401643540988 -2.439089043925585e-18
    outer loop
      vertex 7.206432300885552 8.98442218224045 0
      vertex 6.751530142205581 8.705657780874816 4
      vertex 6.751530142205581 8.705657780874816 0
    endloop
  endfacet
  facet normal 0.6494480483301842 -0.7604059656000305 4.081560001611617e-18
    outer loop
      vertex 6.751530142205581 8.705657780874816 0
      vertex 6.345836943965736 8.359163056034262 4
      vertex 6.345836943965736 8.359163056034262 0
    endloop
  endfacet
  facet normal 0.7604059656000228 -0.649448048330193 0
    outer loop
      vertex 5.999342219125168 7.95346985779441 0
      vertex 6.345836943965736 8.359163056034262 0
      vertex 5.999342219125168 7.95346985779441 4
    endloop
  endfacet
  facet normal 0.8526401643541115 -0.522498564715917 0
    outer loop
      vertex 5.720577817759562 7.49856769911446 0
      vertex 5.999342219125168 7.95346985779441 0
      vertex 5.720577817759562 7.49856769911446 4
    endloop
  endfacet
  facet normal 0.522498564715938 -0.8526401643540988 0
    outer loop
      vertex 7.206432300885552 8.98442218224045 0
      vertex 7.206432300885552 8.98442218224045 4
      vertex 6.751530142205581 8.705657780874816 4
    endloop
  endfacet
  facet normal 0.6494480483301842 -0.7604059656000305 0
    outer loop
      vertex 6.751530142205581 8.705657780874816 0
      vertex 6.751530142205581 8.705657780874816 4
      vertex 6.345836943965736 8.359163056034262 4
    endloop
  endfacet
  facet normal 0.7604059656000228 -0.649448048330193 0
    outer loop
      vertex 6.345836943965736 8.359163056034262 0
      vertex 6.345836943965736 8.359163056034262 4
      vertex 5.999342219125168 7.95346985779441 4
    endloop
  endfacet
  facet normal 0.8526401643541115 -0.522498564715917 0
    outer loop
      vertex 5.999342219125168 7.95346985779441 0
      vertex 5.999342219125168 7.95346985779441 4
      vertex 5.720577817759562 7.49856769911446 4
    endloop
  endfacet
  facet normal 0.923879532511275 -0.382683432365118 -2.756079652194039e-18
    outer loop
      vertex 5.720577817759562 7.49856769911446 0
      vertex 5.516407844596472 7.00565778087482 4
      vertex 5.516407844596472 7.00565778087482 0
    endloop
  endfacet
  facet normal 0.9723699203976818 -0.23344536385588388 0
    outer loop
      vertex 5.391859641976538 6.486877181136784 0
      vertex 5.516407844596472 7.00565778087482 0
      vertex 5.391859641976538 6.486877181136784 4
    endloop
  endfacet
  facet normal 0.9969173337331262 -0.07845909572786695 0
    outer loop
      vertex 5.349999999999994 5.954999999999998 0
      vertex 5.391859641976538 6.486877181136784 0
      vertex 5.349999999999994 5.954999999999998 4
    endloop
  endfacet
  facet normal 0.923879532511275 -0.382683432365118 0
    outer loop
      vertex 5.720577817759562 7.49856769911446 0
      vertex 5.720577817759562 7.49856769911446 4
      vertex 5.516407844596472 7.00565778087482 4
    endloop
  endfacet
  facet normal 0.9723699203976818 -0.23344536385588388 0
    outer loop
      vertex 5.516407844596472 7.00565778087482 0
      vertex 5.516407844596472 7.00565778087482 4
      vertex 5.391859641976538 6.486877181136784 4
    endloop
  endfacet
  facet normal 0.9969173337331262 -0.07845909572786695 0
    outer loop
      vertex 5.391859641976538 6.486877181136784 0
      vertex 5.391859641976538 6.486877181136784 4
      vertex 5.349999999999994 5.954999999999998 4
    endloop
  endfacet
  facet normal -0.9969173337331262 0.07845909572786695 0
    outer loop
      vertex 12.150000000000006 5.954999999999998 0
      vertex 12.108140358023462 5.423122818863213 0
      vertex 12.150000000000006 5.954999999999998 4
    endloop
  endfacet
  facet normal -0.9723699203976818 0.23344536385588388 0
    outer loop
      vertex 12.108140358023462 5.423122818863213 0
      vertex 11.983592155403528 4.904342219125176 0
      vertex 12.108140358023462 5.423122818863213 4
    endloop
  endfacet
  facet normal -0.923879532511275 0.382683432365118 0
    outer loop
      vertex 11.983592155403528 4.904342219125176 0
      vertex 11.779422182240438 4.4114323008855365 0
      vertex 11.983592155403528 4.904342219125176 4
    endloop
  endfacet
  facet normal -0.9969173337331262 0.07845909572786695 0
    outer loop
      vertex 12.108140358023462 5.423122818863213 0
      vertex 12.108140358023462 5.423122818863213 4
      vertex 12.150000000000006 5.954999999999998 4
    endloop
  endfacet
  facet normal -0.9723699203976818 0.23344536385588388 0
    outer loop
      vertex 11.983592155403528 4.904342219125176 0
      vertex 11.983592155403528 4.904342219125176 4
      vertex 12.108140358023462 5.423122818863213 4
    endloop
  endfacet
  facet normal -0.923879532511275 0.382683432365118 0
    outer loop
      vertex 11.779422182240438 4.4114323008855365 0
      vertex 11.779422182240438 4.4114323008855365 4
      vertex 11.983592155403528 4.904342219125176 4
    endloop
  endfacet
  facet normal -0.8526401643541115 0.522498564715917 0
    outer loop
      vertex 11.779422182240438 4.4114323008855365 0
      vertex 11.500657780874832 3.9565301422055867 0
      vertex 11.779422182240438 4.4114323008855365 4
    endloop
  endfacet
  facet normal -0.7604059656000228 0.649448048330193 0
    outer loop
      vertex 11.500657780874832 3.9565301422055867 0
      vertex 11.154163056034264 3.5508369439657343 0
      vertex 11.500657780874832 3.9565301422055867 4
    endloop
  endfacet
  facet normal -0.8526401643541115 0.522498564715917 0
    outer loop
      vertex 11.500657780874832 3.9565301422055867 0
      vertex 11.500657780874832 3.9565301422055867 4
      vertex 11.779422182240438 4.4114323008855365 4
    endloop
  endfacet
  facet normal -0.6494480483301842 0.7604059656000305 0
    outer loop
      vertex 11.154163056034264 3.5508369439657343 0
      vertex 10.748469857794419 3.2043422191251807 0
      vertex 11.154163056034264 3.5508369439657343 4
    endloop
  endfacet
  facet normal -0.522498564715938 0.8526401643540988 -2.439089043925585e-18
    outer loop
      vertex 10.293567699114448 2.925577817759546 0
      vertex 10.748469857794419 3.2043422191251807 4
      vertex 10.748469857794419 3.2043422191251807 0
    endloop
  endfacet
  facet normal -0.7604059656000228 0.649448048330193 0
    outer loop
      vertex 11.154163056034264 3.5508369439657343 0
      vertex 11.154163056034264 3.5508369439657343 4
      vertex 11.500657780874832 3.9565301422055867 4
    endloop
  endfacet
  facet normal -0.6494480483301842 0.7604059656000305 0
    outer loop
      vertex 10.748469857794419 3.2043422191251807 0
      vertex 10.748469857794419 3.2043422191251807 4
      vertex 11.154163056034264 3.5508369439657343 4
    endloop
  endfacet
  facet normal -0.522498564715938 0.8526401643540988 0
    outer loop
      vertex 10.293567699114448 2.925577817759546 0
      vertex 10.293567699114448 2.925577817759546 4
      vertex 10.748469857794419 3.2043422191251807 4
    endloop
  endfacet
  facet normal 0.9969173337331262 0.07845909572786695 -4.492178955559932e-19
    outer loop
      vertex 5.349999999999994 5.954999999999998 0
      vertex 5.391859641976538 5.423122818863213 4
      vertex 5.391859641976538 5.423122818863213 0
    endloop
  endfacet
  facet normal 0.9723699203976818 0.23344536385588388 0
    outer loop
      vertex 5.516407844596472 4.904342219125176 0
      vertex 5.391859641976538 5.423122818863213 0
      vertex 5.516407844596472 4.904342219125176 4
    endloop
  endfacet
  facet normal 0.923879532511275 0.382683432365118 0
    outer loop
      vertex 5.720577817759562 4.4114323008855365 0
      vertex 5.516407844596472 4.904342219125176 0
      vertex 5.720577817759562 4.4114323008855365 4
    endloop
  endfacet
  facet normal 0.9969173337331262 0.07845909572786695 -4.492178955559932e-19
    outer loop
      vertex 5.391859641976538 5.423122818863213 4
      vertex 5.349999999999994 5.954999999999998 0
      vertex 5.349999999999994 5.954999999999998 4
    endloop
  endfacet
  facet normal 0.9723699203976818 0.23344536385588388 0
    outer loop
      vertex 5.391859641976538 5.423122818863213 0
      vertex 5.391859641976538 5.423122818863213 4
      vertex 5.516407844596472 4.904342219125176 4
    endloop
  endfacet
  facet normal 0.923879532511275 0.382683432365118 0
    outer loop
      vertex 5.516407844596472 4.904342219125176 0
      vertex 5.516407844596472 4.904342219125176 4
      vertex 5.720577817759562 4.4114323008855365 4
    endloop
  endfacet
  facet normal 0.8526401643541115 0.522498564715917 1.2798891010136447e-18
    outer loop
      vertex 5.720577817759562 4.4114323008855365 0
      vertex 5.999342219125168 3.9565301422055867 4
      vertex 5.999342219125168 3.9565301422055867 0
    endloop
  endfacet
  facet normal 0.7604059656000228 0.649448048330193 3.493463183630529e-18
    outer loop
      vertex 5.999342219125168 3.9565301422055867 0
      vertex 6.345836943965736 3.5508369439657343 4
      vertex 6.345836943965736 3.5508369439657343 0
    endloop
  endfacet
  facet normal 0.6494480483301842 0.7604059656000305 -4.081560001611617e-18
    outer loop
      vertex 6.345836943965736 3.5508369439657343 0
      vertex 6.751530142205581 3.2043422191251807 4
      vertex 6.751530142205581 3.2043422191251807 0
    endloop
  endfacet
  facet normal 0.522498564715938 0.8526401643540988 2.439089043925585e-18
    outer loop
      vertex 6.751530142205581 3.2043422191251807 0
      vertex 7.206432300885552 2.925577817759546 4
      vertex 7.206432300885552 2.925577817759546 0
    endloop
  endfacet
  facet normal 0.8526401643541115 0.522498564715917 0
    outer loop
      vertex 5.720577817759562 4.4114323008855365 0
      vertex 5.720577817759562 4.4114323008855365 4
      vertex 5.999342219125168 3.9565301422055867 4
    endloop
  endfacet
  facet normal 0.7604059656000228 0.649448048330193 0
    outer loop
      vertex 5.999342219125168 3.9565301422055867 0
      vertex 5.999342219125168 3.9565301422055867 4
      vertex 6.345836943965736 3.5508369439657343 4
    endloop
  endfacet
  facet normal 0.6494480483301842 0.7604059656000305 0
    outer loop
      vertex 6.345836943965736 3.5508369439657343 0
      vertex 6.345836943965736 3.5508369439657343 4
      vertex 6.751530142205581 3.2043422191251807 4
    endloop
  endfacet
  facet normal 0.522498564715938 0.8526401643540988 0
    outer loop
      vertex 6.751530142205581 3.2043422191251807 0
      vertex 6.751530142205581 3.2043422191251807 4
      vertex 7.206432300885552 2.925577817759546 4
    endloop
  endfacet
  facet normal -0.3826834323650886 0.9238795325112872 -4.453384260731901e-19
    outer loop
      vertex 9.800657780874815 2.7214078445964773 0
      vertex 10.293567699114448 2.925577817759546 4
      vertex 10.293567699114448 2.925577817759546 0
    endloop
  endfacet
  facet normal -0.2334453638559151 0.9723699203976743 6.521654249519346e-19
    outer loop
      vertex 9.281877181136792 2.596859641976529 0
      vertex 9.800657780874815 2.7214078445964773 4
      vertex 9.800657780874815 2.7214078445964773 0
    endloop
  endfacet
  facet normal 0.2334453638559151 0.9723699203976743 -6.521654249519346e-19
    outer loop
      vertex 7.699342219125185 2.7214078445964773 0
      vertex 8.218122818863208 2.596859641976529 4
      vertex 8.218122818863208 2.596859641976529 0
    endloop
  endfacet
  facet normal -0.07845909572783945 0.9969173337331285 7.087050427594052e-19
    outer loop
      vertex 8.75 2.5549999999999997 0
      vertex 9.281877181136792 2.596859641976529 4
      vertex 9.281877181136792 2.596859641976529 0
    endloop
  endfacet
  facet normal 0.07845909572783945 0.9969173337331285 -7.087050427594052e-19
    outer loop
      vertex 8.218122818863208 2.596859641976529 0
      vertex 8.75 2.5549999999999997 4
      vertex 8.75 2.5549999999999997 0
    endloop
  endfacet
  facet normal -0.3826834323650886 0.9238795325112872 0
    outer loop
      vertex 9.800657780874815 2.7214078445964773 0
      vertex 9.800657780874815 2.7214078445964773 4
      vertex 10.293567699114448 2.925577817759546 4
    endloop
  endfacet
  facet normal -0.2334453638559151 0.9723699203976743 0
    outer loop
      vertex 9.281877181136792 2.596859641976529 0
      vertex 9.281877181136792 2.596859641976529 4
      vertex 9.800657780874815 2.7214078445964773 4
    endloop
  endfacet
  facet normal 0.2334453638559151 0.9723699203976743 0
    outer loop
      vertex 7.699342219125185 2.7214078445964773 0
      vertex 7.699342219125185 2.7214078445964773 4
      vertex 8.218122818863208 2.596859641976529 4
    endloop
  endfacet
  facet normal -0.07845909572783945 0.9969173337331285 0
    outer loop
      vertex 8.75 2.5549999999999997 0
      vertex 8.75 2.5549999999999997 4
      vertex 9.281877181136792 2.596859641976529 4
    endloop
  endfacet
  facet normal 0.07845909572783945 0.9969173337331285 0
    outer loop
      vertex 8.218122818863208 2.596859641976529 0
      vertex 8.218122818863208 2.596859641976529 4
      vertex 8.75 2.5549999999999997 4
    endloop
  endfacet
  facet normal 0.3826834323650886 0.9238795325112872 4.453384260731901e-19
    outer loop
      vertex 7.206432300885552 2.925577817759546 0
      vertex 7.699342219125185 2.7214078445964773 4
      vertex 7.699342219125185 2.7214078445964773 0
    endloop
  endfacet
  facet normal 0.3826834323650886 0.9238795325112872 0
    outer loop
      vertex 7.206432300885552 2.925577817759546 0
      vertex 7.206432300885552 2.925577817759546 4
      vertex 7.699342219125185 2.7214078445964773 4
    endloop
  endfacet
  facet normal -0.19509032201612495 0 0.9807852804032311
    outer loop
      vertex 79.77835429045638 47.66 10.445150584360892
      vertex 79.30000000000001 47.66 10.350000000000001
      vertex 79.77835429045638 40.66 10.445150584360892
    endloop
  endfacet
  facet normal -0.5555702330196003 -1.6745223528702324e-18 0.8314696123025466
    outer loop
      vertex 79.77835429045638 47.66 10.445150584360892
      vertex 80.1838834764832 40.66 10.716116523516817
      vertex 80.1838834764832 47.66 10.716116523516817
    endloop
  endfacet
  facet normal 0.19509032201612495 0 0.9807852804032311
    outer loop
      vertex 79.30000000000001 47.66 10.350000000000001
      vertex 78.82164570954365 47.66 10.445150584360892
      vertex 79.30000000000001 40.66 10.350000000000001
    endloop
  endfacet
  facet normal 0.5555702330196003 0 0.8314696123025466
    outer loop
      vertex 78.82164570954365 47.66 10.445150584360892
      vertex 78.41611652351682 47.66 10.716116523516817
      vertex 78.82164570954365 40.66 10.445150584360892
    endloop
  endfacet
  facet normal 0.8314696123025409 0 0.5555702330196087
    outer loop
      vertex 78.41611652351682 47.66 10.716116523516817
      vertex 78.14515058436089 47.66 11.121645709543639
      vertex 78.41611652351682 40.66 10.716116523516817
    endloop
  endfacet
  facet normal -0.8314696123025409 1.473157994201767e-19 0.5555702330196087
    outer loop
      vertex 80.1838834764832 47.66 10.716116523516817
      vertex 80.45484941563913 40.66 11.121645709543639
      vertex 80.45484941563913 47.66 11.121645709543639
    endloop
  endfacet
  facet normal -0.980785280403235 6.067110715243041e-19 0.19509032201610532
    outer loop
      vertex 80.45484941563913 47.66 11.121645709543639
      vertex 80.55000000000001 40.66 11.600000000000001
      vertex 80.55000000000001 47.66 11.600000000000001
    endloop
  endfacet
  facet normal -0.980785280403235 -6.067110715243041e-19 -0.19509032201610532
    outer loop
      vertex 80.55000000000001 47.66 11.600000000000001
      vertex 80.45484941563913 40.66 12.078354290456364
      vertex 80.45484941563913 47.66 12.078354290456364
    endloop
  endfacet
  facet normal -0.8314696123025409 -1.473157994201767e-19 -0.5555702330196087
    outer loop
      vertex 80.45484941563913 47.66 12.078354290456364
      vertex 80.1838834764832 40.66 12.483883476483186
      vertex 80.1838834764832 47.66 12.483883476483186
    endloop
  endfacet
  facet normal -0.5555702330196003 0 -0.8314696123025466
    outer loop
      vertex 79.77835429045638 47.66 12.75484941563911
      vertex 80.1838834764832 47.66 12.483883476483186
      vertex 79.77835429045638 40.66 12.75484941563911
    endloop
  endfacet
  facet normal -0.19509032201612495 0 -0.9807852804032311
    outer loop
      vertex 79.30000000000001 47.66 12.850000000000001
      vertex 79.77835429045638 47.66 12.75484941563911
      vertex 79.30000000000001 40.66 12.850000000000001
    endloop
  endfacet
  facet normal 0.980785280403235 -6.067110715243041e-19 0.19509032201610532
    outer loop
      vertex 78.05000000000001 47.66 11.600000000000001
      vertex 78.14515058436089 40.66 11.121645709543639
      vertex 78.14515058436089 47.66 11.121645709543639
    endloop
  endfacet
  facet normal 0.980785280403235 6.067110715243041e-19 -0.19509032201610532
    outer loop
      vertex 78.14515058436089 47.66 12.078354290456364
      vertex 78.05000000000001 40.66 11.600000000000001
      vertex 78.05000000000001 47.66 11.600000000000001
    endloop
  endfacet
  facet normal 0.8314696123025409 1.473157994201767e-19 -0.5555702330196087
    outer loop
      vertex 78.41611652351682 47.66 12.483883476483186
      vertex 78.14515058436089 40.66 12.078354290456364
      vertex 78.14515058436089 47.66 12.078354290456364
    endloop
  endfacet
  facet normal 0.5555702330196003 0 -0.8314696123025466
    outer loop
      vertex 78.41611652351682 47.66 12.483883476483186
      vertex 78.82164570954365 47.66 12.75484941563911
      vertex 78.41611652351682 40.66 12.483883476483186
    endloop
  endfacet
  facet normal 0.19509032201612495 0 -0.9807852804032311
    outer loop
      vertex 78.82164570954365 47.66 12.75484941563911
      vertex 79.30000000000001 47.66 12.850000000000001
      vertex 78.82164570954365 40.66 12.75484941563911
    endloop
  endfacet
  facet normal -0.8314696123025409 0 0.5555702330196087
    outer loop
      vertex 80.1838834764832 47.66 10.716116523516817
      vertex 80.1838834764832 40.66 10.716116523516817
      vertex 80.45484941563913 40.66 11.121645709543639
    endloop
  endfacet
  facet normal -0.19509032201612495 0 0.9807852804032311
    outer loop
      vertex 79.30000000000001 47.66 10.350000000000001
      vertex 79.30000000000001 40.66 10.350000000000001
      vertex 79.77835429045638 40.66 10.445150584360892
    endloop
  endfacet
  facet normal -0.5555702330196003 0 0.8314696123025466
    outer loop
      vertex 79.77835429045638 47.66 10.445150584360892
      vertex 79.77835429045638 40.66 10.445150584360892
      vertex 80.1838834764832 40.66 10.716116523516817
    endloop
  endfacet
  facet normal 0.19509032201612495 0 0.9807852804032311
    outer loop
      vertex 78.82164570954365 47.66 10.445150584360892
      vertex 78.82164570954365 40.66 10.445150584360892
      vertex 79.30000000000001 40.66 10.350000000000001
    endloop
  endfacet
  facet normal 0.5555702330196003 0 0.8314696123025466
    outer loop
      vertex 78.41611652351682 47.66 10.716116523516817
      vertex 78.41611652351682 40.66 10.716116523516817
      vertex 78.82164570954365 40.66 10.445150584360892
    endloop
  endfacet
  facet normal -0.980785280403235 0 0.19509032201610532
    outer loop
      vertex 80.45484941563913 47.66 11.121645709543639
      vertex 80.45484941563913 40.66 11.121645709543639
      vertex 80.55000000000001 40.66 11.600000000000001
    endloop
  endfacet
  facet normal -0.980785280403235 0 -0.19509032201610532
    outer loop
      vertex 80.55000000000001 47.66 11.600000000000001
      vertex 80.55000000000001 40.66 11.600000000000001
      vertex 80.45484941563913 40.66 12.078354290456364
    endloop
  endfacet
  facet normal -0.8314696123025409 0 -0.5555702330196087
    outer loop
      vertex 80.45484941563913 47.66 12.078354290456364
      vertex 80.45484941563913 40.66 12.078354290456364
      vertex 80.1838834764832 40.66 12.483883476483186
    endloop
  endfacet
  facet normal -0.5555702330196003 0 -0.8314696123025466
    outer loop
      vertex 80.1838834764832 47.66 12.483883476483186
      vertex 80.1838834764832 40.66 12.483883476483186
      vertex 79.77835429045638 40.66 12.75484941563911
    endloop
  endfacet
  facet normal -0.19509032201612495 0 -0.9807852804032311
    outer loop
      vertex 79.77835429045638 47.66 12.75484941563911
      vertex 79.77835429045638 40.66 12.75484941563911
      vertex 79.30000000000001 40.66 12.850000000000001
    endloop
  endfacet
  facet normal 0.8314696123025409 0 0.5555702330196087
    outer loop
      vertex 78.14515058436089 47.66 11.121645709543639
      vertex 78.14515058436089 40.66 11.121645709543639
      vertex 78.41611652351682 40.66 10.716116523516817
    endloop
  endfacet
  facet normal 0.980785280403235 0 0.19509032201610532
    outer loop
      vertex 78.05000000000001 47.66 11.600000000000001
      vertex 78.05000000000001 40.66 11.600000000000001
      vertex 78.14515058436089 40.66 11.121645709543639
    endloop
  endfacet
  facet normal 0.8314696123025409 0 -0.5555702330196087
    outer loop
      vertex 78.41611652351682 47.66 12.483883476483186
      vertex 78.41611652351682 40.66 12.483883476483186
      vertex 78.14515058436089 40.66 12.078354290456364
    endloop
  endfacet
  facet normal 0.5555702330196003 0 -0.8314696123025466
    outer loop
      vertex 78.82164570954365 47.66 12.75484941563911
      vertex 78.82164570954365 40.66 12.75484941563911
      vertex 78.41611652351682 40.66 12.483883476483186
    endloop
  endfacet
  facet normal 0.980785280403235 0 -0.19509032201610532
    outer loop
      vertex 78.14515058436089 47.66 12.078354290456364
      vertex 78.14515058436089 40.66 12.078354290456364
      vertex 78.05000000000001 40.66 11.600000000000001
    endloop
  endfacet
  facet normal 0.19509032201612495 0 -0.9807852804032311
    outer loop
      vertex 79.30000000000001 47.66 12.850000000000001
      vertex 79.30000000000001 40.66 12.850000000000001
      vertex 78.82164570954365 40.66 12.75484941563911
    endloop
  endfacet
  facet normal -0.19509032201613197 0 0.9807852804032298
    outer loop
      vertex 79.77835429045638 40.66 103.2451505843609
      vertex 79.77835429045638 47.66 103.2451505843609
      vertex 79.30000000000001 47.66 103.15
    endloop
  endfacet
  facet normal -0.8314696123025431 0 0.5555702330196053
    outer loop
      vertex 80.45484941563913 40.66 103.92164570954364
      vertex 80.45484941563913 47.66 103.92164570954364
      vertex 80.1838834764832 47.66 103.51611652351681
    endloop
  endfacet
  facet normal -0.5555702330195852 5.7572824394008755e-19 0.8314696123025566
    outer loop
      vertex 79.77835429045638 47.66 103.2451505843609
      vertex 80.1838834764832 40.66 103.51611652351681
      vertex 80.1838834764832 47.66 103.51611652351681
    endloop
  endfacet
  facet normal -0.9807852804032353 0 0.19509032201610393
    outer loop
      vertex 80.55000000000001 40.66 104.4
      vertex 80.55000000000001 47.66 104.4
      vertex 80.45484941563913 47.66 103.92164570954364
    endloop
  endfacet
  facet normal -0.9807852804032353 0 -0.19509032201610393
    outer loop
      vertex 80.45484941563913 40.66 104.87835429045637
      vertex 80.45484941563913 47.66 104.87835429045637
      vertex 80.55000000000001 47.66 104.4
    endloop
  endfacet
  facet normal 0.19509032201613197 0 0.9807852804032298
    outer loop
      vertex 79.30000000000001 40.66 103.15
      vertex 79.30000000000001 47.66 103.15
      vertex 78.82164570954365 47.66 103.2451505843609
    endloop
  endfacet
  facet normal 0.5555702330195852 0 0.8314696123025566
    outer loop
      vertex 78.82164570954365 40.66 103.2451505843609
      vertex 78.82164570954365 47.66 103.2451505843609
      vertex 78.41611652351682 47.66 103.51611652351681
    endloop
  endfacet
  facet normal 0.8314696123025431 0 0.5555702330196053
    outer loop
      vertex 78.41611652351682 47.66 103.51611652351681
      vertex 78.14515058436089 47.66 103.92164570954364
      vertex 78.41611652351682 40.66 103.51611652351681
    endloop
  endfacet
  facet normal 0.9807852804032353 0 0.19509032201610393
    outer loop
      vertex 78.14515058436089 40.66 103.92164570954364
      vertex 78.14515058436089 47.66 103.92164570954364
      vertex 78.05000000000001 47.66 104.4
    endloop
  endfacet
  facet normal 0.8314696123025431 0 -0.5555702330196053
    outer loop
      vertex 78.14515058436089 40.66 104.87835429045637
      vertex 78.14515058436089 47.66 104.87835429045637
      vertex 78.41611652351682 47.66 105.2838834764832
    endloop
  endfacet
  facet normal 0.9807852804032353 0 -0.19509032201610393
    outer loop
      vertex 78.05000000000001 40.66 104.4
      vertex 78.05000000000001 47.66 104.4
      vertex 78.14515058436089 47.66 104.87835429045637
    endloop
  endfacet
  facet normal -0.8314696123025431 0 -0.5555702330196053
    outer loop
      vertex 80.1838834764832 40.66 105.2838834764832
      vertex 80.1838834764832 47.66 105.2838834764832
      vertex 80.45484941563913 47.66 104.87835429045637
    endloop
  endfacet
  facet normal -0.5555702330195852 0 -0.8314696123025566
    outer loop
      vertex 79.77835429045638 40.66 105.55484941563911
      vertex 79.77835429045638 47.66 105.55484941563911
      vertex 80.1838834764832 47.66 105.2838834764832
    endloop
  endfacet
  facet normal -0.19509032201613197 0 -0.9807852804032298
    outer loop
      vertex 79.30000000000001 40.66 105.65
      vertex 79.30000000000001 47.66 105.65
      vertex 79.77835429045638 47.66 105.55484941563911
    endloop
  endfacet
  facet normal 0.5555702330195852 0 -0.8314696123025566
    outer loop
      vertex 78.41611652351682 40.66 105.2838834764832
      vertex 78.41611652351682 47.66 105.2838834764832
      vertex 78.82164570954365 47.66 105.55484941563911
    endloop
  endfacet
  facet normal 0.19509032201613197 0 -0.9807852804032298
    outer loop
      vertex 78.82164570954365 40.66 105.55484941563911
      vertex 78.82164570954365 47.66 105.55484941563911
      vertex 79.30000000000001 47.66 105.65
    endloop
  endfacet
  facet normal -0.19509032201613197 0 0.9807852804032298
    outer loop
      vertex 79.30000000000001 47.66 103.15
      vertex 79.30000000000001 40.66 103.15
      vertex 79.77835429045638 40.66 103.2451505843609
    endloop
  endfacet
  facet normal -0.8314696123025431 1.6402623152169325e-18 0.5555702330196053
    outer loop
      vertex 80.45484941563913 40.66 103.92164570954364
      vertex 80.1838834764832 47.66 103.51611652351681
      vertex 80.1838834764832 40.66 103.51611652351681
    endloop
  endfacet
  facet normal -0.9807852804032353 3.173382394309452e-20 0.19509032201610393
    outer loop
      vertex 80.55000000000001 40.66 104.4
      vertex 80.45484941563913 47.66 103.92164570954364
      vertex 80.45484941563913 40.66 103.92164570954364
    endloop
  endfacet
  facet normal -0.5555702330195852 0 0.8314696123025566
    outer loop
      vertex 79.77835429045638 40.66 103.2451505843609
      vertex 80.1838834764832 40.66 103.51611652351681
      vertex 79.77835429045638 47.66 103.2451505843609
    endloop
  endfacet
  facet normal -0.9807852804032353 -3.173382394309452e-20 -0.19509032201610393
    outer loop
      vertex 80.45484941563913 40.66 104.87835429045637
      vertex 80.55000000000001 47.66 104.4
      vertex 80.55000000000001 40.66 104.4
    endloop
  endfacet
  facet normal -0.8314696123025431 -1.6402623152169325e-18 -0.5555702330196053
    outer loop
      vertex 80.1838834764832 40.66 105.2838834764832
      vertex 80.45484941563913 47.66 104.87835429045637
      vertex 80.45484941563913 40.66 104.87835429045637
    endloop
  endfacet
  facet normal 0.19509032201613197 0 0.9807852804032298
    outer loop
      vertex 78.82164570954365 40.66 103.2451505843609
      vertex 79.30000000000001 40.66 103.15
      vertex 78.82164570954365 47.66 103.2451505843609
    endloop
  endfacet
  facet normal 0.5555702330195852 0 0.8314696123025566
    outer loop
      vertex 78.41611652351682 40.66 103.51611652351681
      vertex 78.82164570954365 40.66 103.2451505843609
      vertex 78.41611652351682 47.66 103.51611652351681
    endloop
  endfacet
  facet normal 0.8314696123025431 -1.6402623152169325e-18 0.5555702330196053
    outer loop
      vertex 78.41611652351682 40.66 103.51611652351681
      vertex 78.14515058436089 47.66 103.92164570954364
      vertex 78.14515058436089 40.66 103.92164570954364
    endloop
  endfacet
  facet normal 0.9807852804032353 -3.173382394309452e-20 0.19509032201610393
    outer loop
      vertex 78.14515058436089 40.66 103.92164570954364
      vertex 78.05000000000001 47.66 104.4
      vertex 78.05000000000001 40.66 104.4
    endloop
  endfacet
  facet normal 0.9807852804032353 3.173382394309452e-20 -0.19509032201610393
    outer loop
      vertex 78.05000000000001 40.66 104.4
      vertex 78.14515058436089 47.66 104.87835429045637
      vertex 78.14515058436089 40.66 104.87835429045637
    endloop
  endfacet
  facet normal -0.5555702330195852 0 -0.8314696123025566
    outer loop
      vertex 80.1838834764832 40.66 105.2838834764832
      vertex 79.77835429045638 40.66 105.55484941563911
      vertex 80.1838834764832 47.66 105.2838834764832
    endloop
  endfacet
  facet normal -0.19509032201613197 0 -0.9807852804032298
    outer loop
      vertex 79.77835429045638 40.66 105.55484941563911
      vertex 79.30000000000001 40.66 105.65
      vertex 79.77835429045638 47.66 105.55484941563911
    endloop
  endfacet
  facet normal 0.8314696123025431 1.6402623152169325e-18 -0.5555702330196053
    outer loop
      vertex 78.14515058436089 40.66 104.87835429045637
      vertex 78.41611652351682 47.66 105.2838834764832
      vertex 78.41611652351682 40.66 105.2838834764832
    endloop
  endfacet
  facet normal 0.5555702330195852 0 -0.8314696123025566
    outer loop
      vertex 78.82164570954365 40.66 105.55484941563911
      vertex 78.41611652351682 40.66 105.2838834764832
      vertex 78.82164570954365 47.66 105.55484941563911
    endloop
  endfacet
  facet normal 0.19509032201613197 0 -0.9807852804032298
    outer loop
      vertex 79.30000000000001 40.66 105.65
      vertex 78.82164570954365 40.66 105.55484941563911
      vertex 79.30000000000001 47.66 105.65
    endloop
  endfacet
  facet normal 0 -0.4713967368260016 0.8819212643483529
    outer loop
      vertex 238.3 32.31056183502065 14.429404794730813
      vertex 241.3 32.31056183502065 14.429404794730813
      vertex 241.3 32.60446939613332 14.586501659085673
    endloop
  endfacet
  facet normal 0 -0.29028467725446266 0.9569403357322087
    outer loop
      vertex 238.3 31.991653547427415 14.332665023314508
      vertex 241.3 31.991653547427415 14.332665023314508
      vertex 241.3 32.31056183502065 14.429404794730813
    endloop
  endfacet
  facet normal 0 -0.29028467725446266 0.9569403357322087
    outer loop
      vertex 238.3 32.31056183502065 14.429404794730813
      vertex 238.3 31.991653547427415 14.332665023314508
      vertex 241.3 32.31056183502065 14.429404794730813
    endloop
  endfacet
  facet normal 0 -0.098017140329558 0.9951847266721972
    outer loop
      vertex 238.3 31.659999999999997 14.3
      vertex 241.3 31.659999999999997 14.3
      vertex 241.3 31.991653547427415 14.332665023314508
    endloop
  endfacet
  facet normal 0 0.098017140329558 0.9951847266721972
    outer loop
      vertex 238.3 31.32834645257258 14.332665023314508
      vertex 241.3 31.32834645257258 14.332665023314508
      vertex 241.3 31.659999999999997 14.3
    endloop
  endfacet
  facet normal 0 -0.098017140329558 0.9951847266721972
    outer loop
      vertex 238.3 31.991653547427415 14.332665023314508
      vertex 238.3 31.659999999999997 14.3
      vertex 241.3 31.991653547427415 14.332665023314508
    endloop
  endfacet
  facet normal 0 0.098017140329558 0.9951847266721972
    outer loop
      vertex 238.3 31.659999999999997 14.3
      vertex 238.3 31.32834645257258 14.332665023314508
      vertex 241.3 31.659999999999997 14.3
    endloop
  endfacet
  facet normal 0 0.29028467725446266 0.9569403357322087
    outer loop
      vertex 238.3 31.009438164979343 14.429404794730813
      vertex 241.3 31.009438164979343 14.429404794730813
      vertex 241.3 31.32834645257258 14.332665023314508
    endloop
  endfacet
  facet normal 0 0.29028467725446266 0.9569403357322087
    outer loop
      vertex 238.3 31.32834645257258 14.332665023314508
      vertex 238.3 31.009438164979343 14.429404794730813
      vertex 241.3 31.32834645257258 14.332665023314508
    endloop
  endfacet
  facet normal 0 0.4713967368260016 0.8819212643483529
    outer loop
      vertex 238.3 31.009438164979343 14.429404794730813
      vertex 238.3 30.715530603866675 14.586501659085673
      vertex 241.3 31.009438164979343 14.429404794730813
    endloop
  endfacet
  facet normal 0 -0.7730104533627337 0.6343932841636495
    outer loop
      vertex 238.3 32.86208152801713 14.79791847198287
      vertex 241.3 32.86208152801713 14.79791847198287
      vertex 241.3 33.07349834091433 15.055530603866677
    endloop
  endfacet
  facet normal 0 -0.8819212643483607 0.4713967368259869
    outer loop
      vertex 238.3 33.07349834091433 15.055530603866677
      vertex 241.3 33.07349834091433 15.055530603866677
      vertex 241.3 33.23059520526918 15.349438164979347
    endloop
  endfacet
  facet normal 0 -0.9951847266721972 0.098017140329558
    outer loop
      vertex 238.3 33.32733497668549 15.668346452572582
      vertex 241.3 33.32733497668549 15.668346452572582
      vertex 241.3 33.36 16
    endloop
  endfacet
  facet normal 0 -0.9569403357322043 0.2902846772544773
    outer loop
      vertex 238.3 33.23059520526918 15.349438164979347
      vertex 241.3 33.23059520526918 15.349438164979347
      vertex 241.3 33.32733497668549 15.668346452572582
    endloop
  endfacet
  facet normal 0 -0.9951847266721972 -0.098017140329558
    outer loop
      vertex 238.3 33.36 16
      vertex 241.3 33.36 16
      vertex 241.3 33.32733497668549 16.33165354742742
    endloop
  endfacet
  facet normal 0 -0.8819212643483607 0.4713967368259869
    outer loop
      vertex 238.3 33.23059520526918 15.349438164979347
      vertex 238.3 33.07349834091433 15.055530603866677
      vertex 241.3 33.23059520526918 15.349438164979347
    endloop
  endfacet
  facet normal 0 -0.634393284163641 0.7730104533627405
    outer loop
      vertex 238.3 32.86208152801713 14.79791847198287
      vertex 238.3 32.60446939613332 14.586501659085673
      vertex 241.3 32.86208152801713 14.79791847198287
    endloop
  endfacet
  facet normal -2.1501344282353647e-18 -0.7730104533627337 0.6343932841636495
    outer loop
      vertex 238.3 32.86208152801713 14.79791847198287
      vertex 241.3 33.07349834091433 15.055530603866677
      vertex 238.3 33.07349834091433 15.055530603866677
    endloop
  endfacet
  facet normal 8.639096994249569e-19 -0.9569403357322043 0.2902846772544773
    outer loop
      vertex 238.3 33.23059520526918 15.349438164979347
      vertex 241.3 33.32733497668549 15.668346452572582
      vertex 238.3 33.32733497668549 15.668346452572582
    endloop
  endfacet
  facet normal 5.945868179446666e-19 -0.9951847266721972 0.098017140329558
    outer loop
      vertex 238.3 33.32733497668549 15.668346452572582
      vertex 241.3 33.36 16
      vertex 238.3 33.36 16
    endloop
  endfacet
  facet normal -5.945868179446666e-19 -0.9951847266721972 -0.098017140329558
    outer loop
      vertex 238.3 33.36 16
      vertex 241.3 33.32733497668549 16.33165354742742
      vertex 238.3 33.32733497668549 16.33165354742742
    endloop
  endfacet
  facet normal 0 -0.9569403357322043 -0.2902846772544773
    outer loop
      vertex 238.3 33.32733497668549 16.33165354742742
      vertex 241.3 33.32733497668549 16.33165354742742
      vertex 241.3 33.23059520526918 16.650561835020653
    endloop
  endfacet
  facet normal 0 -0.8819212643483619 -0.4713967368259847
    outer loop
      vertex 238.3 33.23059520526918 16.650561835020653
      vertex 241.3 33.23059520526918 16.650561835020653
      vertex 241.3 33.07349834091433 16.944469396133325
    endloop
  endfacet
  facet normal 0 -0.7730104533627337 -0.6343932841636495
    outer loop
      vertex 238.3 33.07349834091433 16.944469396133325
      vertex 241.3 33.07349834091433 16.944469396133325
      vertex 241.3 32.86208152801713 17.202081528017132
    endloop
  endfacet
  facet normal 0 -0.6343932841636378 -0.7730104533627432
    outer loop
      vertex 238.3 32.86208152801713 17.202081528017132
      vertex 241.3 32.86208152801713 17.202081528017132
      vertex 241.3 32.60446939613332 17.413498340914327
    endloop
  endfacet
  facet normal -8.639096994249569e-19 -0.9569403357322043 -0.2902846772544773
    outer loop
      vertex 238.3 33.32733497668549 16.33165354742742
      vertex 241.3 33.23059520526918 16.650561835020653
      vertex 238.3 33.23059520526918 16.650561835020653
    endloop
  endfacet
  facet normal 2.6029533975377196e-18 -0.8819212643483619 -0.4713967368259847
    outer loop
      vertex 238.3 33.23059520526918 16.650561835020653
      vertex 241.3 33.07349834091433 16.944469396133325
      vertex 238.3 33.07349834091433 16.944469396133325
    endloop
  endfacet
  facet normal 2.1501344282353647e-18 -0.7730104533627337 -0.6343932841636495
    outer loop
      vertex 238.3 33.07349834091433 16.944469396133325
      vertex 241.3 32.86208152801713 17.202081528017132
      vertex 238.3 32.86208152801713 17.202081528017132
    endloop
  endfacet
  facet normal 0 -0.634393284163641 0.7730104533627405
    outer loop
      vertex 238.3 32.60446939613332 14.586501659085673
      vertex 241.3 32.60446939613332 14.586501659085673
      vertex 241.3 32.86208152801713 14.79791847198287
    endloop
  endfacet
  facet normal 0 -0.4713967368260016 0.8819212643483529
    outer loop
      vertex 238.3 32.60446939613332 14.586501659085673
      vertex 238.3 32.31056183502065 14.429404794730813
      vertex 241.3 32.60446939613332 14.586501659085673
    endloop
  endfacet
  facet normal 0 -0.4713967368259974 -0.8819212643483552
    outer loop
      vertex 238.3 32.60446939613332 17.413498340914327
      vertex 241.3 32.60446939613332 17.413498340914327
      vertex 241.3 32.31056183502065 17.570595205269186
    endloop
  endfacet
  facet normal 0 -0.29028467725446755 -0.9569403357322073
    outer loop
      vertex 238.3 32.31056183502065 17.570595205269186
      vertex 241.3 32.31056183502065 17.570595205269186
      vertex 241.3 31.991653547427415 17.667334976685492
    endloop
  endfacet
  facet normal -2.65121445124962e-19 -0.6343932841636378 -0.7730104533627432
    outer loop
      vertex 238.3 32.86208152801713 17.202081528017132
      vertex 241.3 32.60446939613332 17.413498340914327
      vertex 238.3 32.60446939613332 17.413498340914327
    endloop
  endfacet
  facet normal 2.2762193230678674e-18 -0.4713967368259974 -0.8819212643483552
    outer loop
      vertex 238.3 32.60446939613332 17.413498340914327
      vertex 241.3 32.31056183502065 17.570595205269186
      vertex 238.3 32.31056183502065 17.570595205269186
    endloop
  endfacet
  facet normal 1.0866587858768817e-18 -0.29028467725446755 -0.9569403357322073
    outer loop
      vertex 238.3 32.31056183502065 17.570595205269186
      vertex 241.3 31.991653547427415 17.667334976685492
      vertex 238.3 31.991653547427415 17.667334976685492
    endloop
  endfacet
  facet normal 0 -0.098017140329558 -0.9951847266721972
    outer loop
      vertex 238.3 31.991653547427415 17.667334976685492
      vertex 241.3 31.991653547427415 17.667334976685492
      vertex 241.3 31.659999999999997 17.7
    endloop
  endfacet
  facet normal 0 0.098017140329558 -0.9951847266721972
    outer loop
      vertex 238.3 31.659999999999997 17.7
      vertex 241.3 31.659999999999997 17.7
      vertex 241.3 31.32834645257258 17.667334976685492
    endloop
  endfacet
  facet normal -5.945868179446666e-19 -0.098017140329558 -0.9951847266721972
    outer loop
      vertex 238.3 31.991653547427415 17.667334976685492
      vertex 241.3 31.659999999999997 17.7
      vertex 238.3 31.659999999999997 17.7
    endloop
  endfacet
  facet normal 5.945868179446666e-19 0.098017140329558 -0.9951847266721972
    outer loop
      vertex 238.3 31.659999999999997 17.7
      vertex 241.3 31.32834645257258 17.667334976685492
      vertex 238.3 31.32834645257258 17.667334976685492
    endloop
  endfacet
  facet normal 0 0.4713967368260016 0.8819212643483529
    outer loop
      vertex 238.3 30.715530603866675 14.586501659085673
      vertex 241.3 30.715530603866675 14.586501659085673
      vertex 241.3 31.009438164979343 14.429404794730813
    endloop
  endfacet
  facet normal 0 0.634393284163641 0.7730104533627405
    outer loop
      vertex 238.3 30.457918471982865 14.79791847198287
      vertex 241.3 30.457918471982865 14.79791847198287
      vertex 241.3 30.715530603866675 14.586501659085673
    endloop
  endfacet
  facet normal 0 0.634393284163641 0.7730104533627405
    outer loop
      vertex 238.3 30.715530603866675 14.586501659085673
      vertex 238.3 30.457918471982865 14.79791847198287
      vertex 241.3 30.715530603866675 14.586501659085673
    endloop
  endfacet
  facet normal 0 0.7730104533627389 0.634393284163643
    outer loop
      vertex 238.3 30.24650165908567 15.055530603866677
      vertex 241.3 30.24650165908567 15.055530603866677
      vertex 241.3 30.457918471982865 14.79791847198287
    endloop
  endfacet
  facet normal 0 0.8819212643483563 0.4713967368259952
    outer loop
      vertex 238.3 30.08940479473081 15.349438164979347
      vertex 241.3 30.08940479473081 15.349438164979347
      vertex 241.3 30.24650165908567 15.055530603866677
    endloop
  endfacet
  facet normal 0 0.9569403357322073 0.29028467725446755
    outer loop
      vertex 238.3 29.992665023314505 15.668346452572582
      vertex 241.3 29.992665023314505 15.668346452572582
      vertex 241.3 30.08940479473081 15.349438164979347
    endloop
  endfacet
  facet normal 0 0.9951847266721972 -0.098017140329558
    outer loop
      vertex 238.3 29.992665023314505 16.33165354742742
      vertex 241.3 29.992665023314505 16.33165354742742
      vertex 241.3 29.959999999999997 16
    endloop
  endfacet
  facet normal 0 0.9951847266721972 0.098017140329558
    outer loop
      vertex 238.3 29.959999999999997 16
      vertex 241.3 29.959999999999997 16
      vertex 241.3 29.992665023314505 15.668346452572582
    endloop
  endfacet
  facet normal 0 0.7730104533627389 0.634393284163643
    outer loop
      vertex 238.3 30.457918471982865 14.79791847198287
      vertex 238.3 30.24650165908567 15.055530603866677
      vertex 241.3 30.457918471982865 14.79791847198287
    endloop
  endfacet
  facet normal 0 0.8819212643483563 0.4713967368259952
    outer loop
      vertex 238.3 30.24650165908567 15.055530603866677
      vertex 238.3 30.08940479473081 15.349438164979347
      vertex 241.3 30.24650165908567 15.055530603866677
    endloop
  endfacet
  facet normal 0 0.9569403357322073 0.29028467725446755
    outer loop
      vertex 238.3 30.08940479473081 15.349438164979347
      vertex 238.3 29.992665023314505 15.668346452572582
      vertex 241.3 30.08940479473081 15.349438164979347
    endloop
  endfacet
  facet normal 0 0.9951847266721972 0.098017140329558
    outer loop
      vertex 238.3 29.992665023314505 15.668346452572582
      vertex 238.3 29.959999999999997 16
      vertex 241.3 29.992665023314505 15.668346452572582
    endloop
  endfacet
  facet normal 0 0.9951847266721972 -0.098017140329558
    outer loop
      vertex 238.3 29.959999999999997 16
      vertex 238.3 29.992665023314505 16.33165354742742
      vertex 241.3 29.959999999999997 16
    endloop
  endfacet
  facet normal 0 0.29028467725446755 -0.9569403357322073
    outer loop
      vertex 238.3 31.32834645257258 17.667334976685492
      vertex 241.3 31.32834645257258 17.667334976685492
      vertex 241.3 31.009438164979343 17.570595205269186
    endloop
  endfacet
  facet normal 0 0.4713967368259974 -0.8819212643483552
    outer loop
      vertex 238.3 31.009438164979343 17.570595205269186
      vertex 241.3 31.009438164979343 17.570595205269186
      vertex 241.3 30.715530603866675 17.413498340914327
    endloop
  endfacet
  facet normal 0 0.6343932841636378 -0.7730104533627432
    outer loop
      vertex 238.3 30.715530603866675 17.413498340914327
      vertex 241.3 30.715530603866675 17.413498340914327
      vertex 241.3 30.457918471982865 17.202081528017132
    endloop
  endfacet
  facet normal -1.0866587858768817e-18 0.29028467725446755 -0.9569403357322073
    outer loop
      vertex 238.3 31.32834645257258 17.667334976685492
      vertex 241.3 31.009438164979343 17.570595205269186
      vertex 238.3 31.009438164979343 17.570595205269186
    endloop
  endfacet
  facet normal 0 0.4713967368259974 -0.8819212643483552
    outer loop
      vertex 238.3 30.715530603866675 17.413498340914327
      vertex 238.3 31.009438164979343 17.570595205269186
      vertex 241.3 30.715530603866675 17.413498340914327
    endloop
  endfacet
  facet normal 2.65121445124962e-19 0.6343932841636378 -0.7730104533627432
    outer loop
      vertex 238.3 30.715530603866675 17.413498340914327
      vertex 241.3 30.457918471982865 17.202081528017132
      vertex 238.3 30.457918471982865 17.202081528017132
    endloop
  endfacet
  facet normal 0 0.7730104533627389 -0.634393284163643
    outer loop
      vertex 238.3 30.457918471982865 17.202081528017132
      vertex 241.3 30.457918471982865 17.202081528017132
      vertex 241.3 30.24650165908567 16.944469396133325
    endloop
  endfacet
  facet normal 0 0.8819212643483575 -0.471396736825993
    outer loop
      vertex 238.3 30.24650165908567 16.944469396133325
      vertex 241.3 30.24650165908567 16.944469396133325
      vertex 241.3 30.08940479473081 16.650561835020653
    endloop
  endfacet
  facet normal 0 0.9569403357322073 -0.29028467725446755
    outer loop
      vertex 238.3 30.08940479473081 16.650561835020653
      vertex 241.3 30.08940479473081 16.650561835020653
      vertex 241.3 29.992665023314505 16.33165354742742
    endloop
  endfacet
  facet normal 0 0.7730104533627389 -0.634393284163643
    outer loop
      vertex 238.3 30.24650165908567 16.944469396133325
      vertex 238.3 30.457918471982865 17.202081528017132
      vertex 241.3 30.24650165908567 16.944469396133325
    endloop
  endfacet
  facet normal 0 0.9569403357322073 -0.29028467725446755
    outer loop
      vertex 238.3 29.992665023314505 16.33165354742742
      vertex 238.3 30.08940479473081 16.650561835020653
      vertex 241.3 29.992665023314505 16.33165354742742
    endloop
  endfacet
  facet normal 0 0.8819212643483575 -0.471396736825993
    outer loop
      vertex 238.3 30.08940479473081 16.650561835020653
      vertex 238.3 30.24650165908567 16.944469396133325
      vertex 241.3 30.08940479473081 16.650561835020653
    endloop
  endfacet
  facet normal -5.6245799574132245e-18 -0.8819212643483578 0.47139673682599254
    outer loop
      vertex 238.3 34.616414504036115 14.775413016431713
      vertex 235.3 34.320702759368146 14.222175254337273
      vertex 238.3 34.320702759368146 14.222175254337273
    endloop
  endfacet
  facet normal -1 0 0
    outer loop
      vertex 238.3 34.320702759368146 14.222175254337273
      vertex 238.3 32.31056183502065 14.429404794730813
      vertex 238.3 32.60446939613332 14.586501659085673
    endloop
  endfacet
  facet normal -1 0 0
    outer loop
      vertex 238.3 34.320702759368146 14.222175254337273
      vertex 238.3 31.991653547427415 14.332665023314508
      vertex 238.3 32.31056183502065 14.429404794730813
    endloop
  endfacet
  facet normal -3.4007872412814127e-18 -0.6343932841636435 0.7730104533627387
    outer loop
      vertex 238.3 33.92274169979695 13.737258300203047
      vertex 235.3 33.437824745662724 13.339297240631854
      vertex 238.3 33.437824745662724 13.339297240631854
    endloop
  endfacet
  facet normal 4.934712753032332e-18 -0.7730104533627361 0.6343932841636466
    outer loop
      vertex 238.3 34.320702759368146 14.222175254337273
      vertex 235.3 33.92274169979695 13.737258300203047
      vertex 238.3 33.92274169979695 13.737258300203047
    endloop
  endfacet
  facet normal 0 -0.7730104533627361 0.6343932841636466
    outer loop
      vertex 238.3 34.320702759368146 14.222175254337273
      vertex 235.3 34.320702759368146 14.222175254337273
      vertex 235.3 33.92274169979695 13.737258300203047
    endloop
  endfacet
  facet normal 0 -0.6343932841636435 0.7730104533627387
    outer loop
      vertex 238.3 33.92274169979695 13.737258300203047
      vertex 235.3 33.92274169979695 13.737258300203047
      vertex 235.3 33.437824745662724 13.339297240631854
    endloop
  endfacet
  facet normal 0 -0.4713967368259969 0.8819212643483554
    outer loop
      vertex 238.3 33.437824745662724 13.339297240631854
      vertex 235.3 33.437824745662724 13.339297240631854
      vertex 235.3 32.88458698356828 13.043585495963882
    endloop
  endfacet
  facet normal 0 -0.4713967368259969 0.8819212643483554
    outer loop
      vertex 238.3 32.88458698356828 13.043585495963882
      vertex 238.3 33.437824745662724 13.339297240631854
      vertex 235.3 32.88458698356828 13.043585495963882
    endloop
  endfacet
  facet normal -1 0 0
    outer loop
      vertex 238.3 32.88458698356828 13.043585495963882
      vertex 238.3 29.88217525433727 13.339297240631854
      vertex 238.3 33.437824745662724 13.339297240631854
    endloop
  endfacet
  facet normal -1 0 0
    outer loop
      vertex 238.3 34.320702759368146 14.222175254337273
      vertex 238.3 31.659999999999997 14.3
      vertex 238.3 31.991653547427415 14.332665023314508
    endloop
  endfacet
  facet normal -1 0 0
    outer loop
      vertex 238.3 34.320702759368146 14.222175254337273
      vertex 238.3 33.92274169979695 13.737258300203047
      vertex 238.3 28.99929724063185 14.222175254337273
    endloop
  endfacet
  facet normal -1 0 0
    outer loop
      vertex 238.3 33.92274169979695 13.737258300203047
      vertex 238.3 33.437824745662724 13.339297240631854
      vertex 238.3 29.397258300203042 13.737258300203047
    endloop
  endfacet
  facet normal -1 0 0
    outer loop
      vertex 238.3 32.88458698356828 13.043585495963882
      vertex 238.3 32.2842890304516 12.861487102709663
      vertex 238.3 30.43541301643171 13.043585495963882
    endloop
  endfacet
  facet normal -1 0 0
    outer loop
      vertex 238.3 32.2842890304516 12.861487102709663
      vertex 238.3 31.659999999999997 12.8
      vertex 238.3 31.035710969548386 12.861487102709663
    endloop
  endfacet
  facet normal -1 0 0
    outer loop
      vertex 238.3 34.320702759368146 14.222175254337273
      vertex 238.3 28.99929724063185 14.222175254337273
      vertex 238.3 31.659999999999997 14.3
    endloop
  endfacet
  facet normal -3.079164774426354e-18 -0.29028467725445883 0.9569403357322099
    outer loop
      vertex 238.3 32.88458698356828 13.043585495963882
      vertex 235.3 32.2842890304516 12.861487102709663
      vertex 238.3 32.2842890304516 12.861487102709663
    endloop
  endfacet
  facet normal 0 -0.29028467725445883 0.9569403357322099
    outer loop
      vertex 238.3 32.88458698356828 13.043585495963882
      vertex 235.3 32.88458698356828 13.043585495963882
      vertex 235.3 32.2842890304516 12.861487102709663
    endloop
  endfacet
  facet normal 0 -0.09801714032956128 0.9951847266721968
    outer loop
      vertex 238.3 32.2842890304516 12.861487102709663
      vertex 235.3 32.2842890304516 12.861487102709663
      vertex 235.3 31.659999999999997 12.8
    endloop
  endfacet
  facet normal 5.427934442137045e-19 -0.09801714032956128 0.9951847266721968
    outer loop
      vertex 238.3 32.2842890304516 12.861487102709663
      vertex 235.3 31.659999999999997 12.8
      vertex 238.3 31.659999999999997 12.8
    endloop
  endfacet
  facet normal 0 0.09801714032956073 0.9951847266721969
    outer loop
      vertex 238.3 31.659999999999997 12.8
      vertex 235.3 31.659999999999997 12.8
      vertex 235.3 31.035710969548386 12.861487102709663
    endloop
  endfacet
  facet normal -1 0 0
    outer loop
      vertex 238.3 32.2842890304516 12.861487102709663
      vertex 238.3 31.035710969548386 12.861487102709663
      vertex 238.3 30.43541301643171 13.043585495963882
    endloop
  endfacet
  facet normal -1 0 0
    outer loop
      vertex 238.3 32.88458698356828 13.043585495963882
      vertex 238.3 30.43541301643171 13.043585495963882
      vertex 238.3 29.88217525433727 13.339297240631854
    endloop
  endfacet
  facet normal -1 0 0
    outer loop
      vertex 238.3 33.437824745662724 13.339297240631854
      vertex 238.3 29.88217525433727 13.339297240631854
      vertex 238.3 29.397258300203042 13.737258300203047
    endloop
  endfacet
  facet normal -1 0 0
    outer loop
      vertex 238.3 33.92274169979695 13.737258300203047
      vertex 238.3 29.397258300203042 13.737258300203047
      vertex 238.3 28.99929724063185 14.222175254337273
    endloop
  endfacet
  facet normal -1 0 0
    outer loop
      vertex 238.3 31.659999999999997 14.3
      vertex 238.3 28.99929724063185 14.222175254337273
      vertex 238.3 31.32834645257258 14.332665023314508
    endloop
  endfacet
  facet normal -1 0 0
    outer loop
      vertex 238.3 31.32834645257258 14.332665023314508
      vertex 238.3 28.99929724063185 14.222175254337273
      vertex 238.3 31.009438164979343 14.429404794730813
    endloop
  endfacet
  facet normal -1 0 0
    outer loop
      vertex 238.3 31.009438164979343 14.429404794730813
      vertex 238.3 28.99929724063185 14.222175254337273
      vertex 238.3 30.715530603866675 14.586501659085673
    endloop
  endfacet
  facet normal 1.3693583310301829e-18 0.09801714032956073 0.9951847266721969
    outer loop
      vertex 238.3 31.659999999999997 12.8
      vertex 235.3 31.035710969548386 12.861487102709663
      vertex 238.3 31.035710969548386 12.861487102709663
    endloop
  endfacet
  facet normal 2.5622400506482883e-19 0.2902846772544604 0.9569403357322095
    outer loop
      vertex 238.3 31.035710969548386 12.861487102709663
      vertex 235.3 30.43541301643171 13.043585495963882
      vertex 238.3 30.43541301643171 13.043585495963882
    endloop
  endfacet
  facet normal 0 0.2902846772544604 0.9569403357322095
    outer loop
      vertex 238.3 31.035710969548386 12.861487102709663
      vertex 235.3 31.035710969548386 12.861487102709663
      vertex 235.3 30.43541301643171 13.043585495963882
    endloop
  endfacet
  facet normal 0 0.4713967368259969 0.8819212643483554
    outer loop
      vertex 238.3 30.43541301643171 13.043585495963882
      vertex 235.3 30.43541301643171 13.043585495963882
      vertex 235.3 29.88217525433727 13.339297240631854
    endloop
  endfacet
  facet normal -6.387069150943919e-18 0.4713967368259969 0.8819212643483554
    outer loop
      vertex 238.3 30.43541301643171 13.043585495963882
      vertex 235.3 29.88217525433727 13.339297240631854
      vertex 238.3 29.88217525433727 13.339297240631854
    endloop
  endfacet
  facet normal 0 0.6343932841636435 0.7730104533627387
    outer loop
      vertex 238.3 29.88217525433727 13.339297240631854
      vertex 235.3 29.88217525433727 13.339297240631854
      vertex 235.3 29.397258300203042 13.737258300203047
    endloop
  endfacet
  facet normal 3.4007872412814127e-18 0.6343932841636435 0.7730104533627387
    outer loop
      vertex 238.3 29.88217525433727 13.339297240631854
      vertex 235.3 29.397258300203042 13.737258300203047
      vertex 238.3 29.397258300203042 13.737258300203047
    endloop
  endfacet
  facet normal -3.911609453470962e-18 0.7730104533627388 0.6343932841636432
    outer loop
      vertex 238.3 29.397258300203042 13.737258300203047
      vertex 235.3 28.99929724063185 14.222175254337273
      vertex 238.3 28.99929724063185 14.222175254337273
    endloop
  endfacet
  facet normal 0 0.7730104533627388 0.6343932841636432
    outer loop
      vertex 238.3 29.397258300203042 13.737258300203047
      vertex 235.3 29.397258300203042 13.737258300203047
      vertex 235.3 28.99929724063185 14.222175254337273
    endloop
  endfacet
  facet normal 0 0.8819212643483554 0.4713967368259969
    outer loop
      vertex 238.3 28.99929724063185 14.222175254337273
      vertex 235.3 28.99929724063185 14.222175254337273
      vertex 235.3 28.70358549596388 14.775413016431713
    endloop
  endfacet
  facet normal -1 0 0
    outer loop
      vertex 238.3 34.79851289729034 15.37571096954839
      vertex 238.3 33.32733497668549 15.668346452572582
      vertex 238.3 34.86 16
    endloop
  endfacet
  facet normal -1 0 0
    outer loop
      vertex 238.3 34.86 16
      vertex 238.3 33.36 16
      vertex 238.3 34.79851289729034 16.62428903045161
    endloop
  endfacet
  facet normal 0 -0.9569403357322079 0.2902846772544656
    outer loop
      vertex 238.3 34.616414504036115 14.775413016431713
      vertex 238.3 34.79851289729034 15.37571096954839
      vertex 235.3 34.616414504036115 14.775413016431713
    endloop
  endfacet
  facet normal 0 -0.9569403357322079 0.2902846772544656
    outer loop
      vertex 238.3 34.79851289729034 15.37571096954839
      vertex 235.3 34.79851289729034 15.37571096954839
      vertex 235.3 34.616414504036115 14.775413016431713
    endloop
  endfacet
  facet normal 0 -0.8819212643483578 0.47139673682599254
    outer loop
      vertex 238.3 34.616414504036115 14.775413016431713
      vertex 235.3 34.616414504036115 14.775413016431713
      vertex 235.3 34.320702759368146 14.222175254337273
    endloop
  endfacet
  facet normal 0 -0.9951847266721969 0.09801714032956073
    outer loop
      vertex 238.3 34.79851289729034 15.37571096954839
      vertex 238.3 34.86 16
      vertex 235.3 34.79851289729034 15.37571096954839
    endloop
  endfacet
  facet normal 0 -0.9951847266721969 -0.09801714032956073
    outer loop
      vertex 238.3 34.86 16
      vertex 238.3 34.79851289729034 16.62428903045161
      vertex 235.3 34.86 16
    endloop
  endfacet
  facet normal 0 -0.9951847266721969 0.09801714032956073
    outer loop
      vertex 238.3 34.86 16
      vertex 235.3 34.86 16
      vertex 235.3 34.79851289729034 15.37571096954839
    endloop
  endfacet
  facet normal 0 -0.9569403357322079 -0.2902846772544656
    outer loop
      vertex 238.3 34.79851289729034 16.62428903045161
      vertex 238.3 34.616414504036115 17.224586983568287
      vertex 235.3 34.79851289729034 16.62428903045161
    endloop
  endfacet
  facet normal 0 -0.9951847266721969 -0.09801714032956073
    outer loop
      vertex 238.3 34.79851289729034 16.62428903045161
      vertex 235.3 34.79851289729034 16.62428903045161
      vertex 235.3 34.86 16
    endloop
  endfacet
  facet normal 0 -0.9569403357322079 -0.2902846772544656
    outer loop
      vertex 238.3 34.616414504036115 17.224586983568287
      vertex 235.3 34.616414504036115 17.224586983568287
      vertex 235.3 34.79851289729034 16.62428903045161
    endloop
  endfacet
  facet normal 0 -0.8819212643483578 -0.47139673682599254
    outer loop
      vertex 238.3 34.616414504036115 17.224586983568287
      vertex 238.3 34.320702759368146 17.777824745662727
      vertex 235.3 34.616414504036115 17.224586983568287
    endloop
  endfacet
  facet normal 0 -0.8819212643483578 -0.47139673682599254
    outer loop
      vertex 238.3 34.320702759368146 17.777824745662727
      vertex 235.3 34.320702759368146 17.777824745662727
      vertex 235.3 34.616414504036115 17.224586983568287
    endloop
  endfacet
  facet normal -1 0 0
    outer loop
      vertex 238.3 34.616414504036115 14.775413016431713
      vertex 238.3 33.23059520526918 15.349438164979347
      vertex 238.3 34.79851289729034 15.37571096954839
    endloop
  endfacet
  facet normal -1 0 0
    outer loop
      vertex 238.3 34.616414504036115 14.775413016431713
      vertex 238.3 34.320702759368146 14.222175254337273
      vertex 238.3 32.60446939613332 14.586501659085673
    endloop
  endfacet
  facet normal -1 0 0
    outer loop
      vertex 238.3 34.616414504036115 14.775413016431713
      vertex 238.3 32.86208152801713 14.79791847198287
      vertex 238.3 33.07349834091433 15.055530603866677
    endloop
  endfacet
  facet normal -1 0 0
    outer loop
      vertex 238.3 34.616414504036115 14.775413016431713
      vertex 238.3 33.07349834091433 15.055530603866677
      vertex 238.3 33.23059520526918 15.349438164979347
    endloop
  endfacet
  facet normal -1 0 0
    outer loop
      vertex 238.3 34.79851289729034 15.37571096954839
      vertex 238.3 33.23059520526918 15.349438164979347
      vertex 238.3 33.32733497668549 15.668346452572582
    endloop
  endfacet
  facet normal -1 0 0
    outer loop
      vertex 238.3 34.86 16
      vertex 238.3 33.32733497668549 15.668346452572582
      vertex 238.3 33.36 16
    endloop
  endfacet
  facet normal -1 0 0
    outer loop
      vertex 238.3 34.616414504036115 14.775413016431713
      vertex 238.3 32.60446939613332 14.586501659085673
      vertex 238.3 32.86208152801713 14.79791847198287
    endloop
  endfacet
  facet normal -1 0 0
    outer loop
      vertex 238.3 34.79851289729034 16.62428903045161
      vertex 238.3 33.23059520526918 16.650561835020653
      vertex 238.3 34.616414504036115 17.224586983568287
    endloop
  endfacet
  facet normal -1 0 0
    outer loop
      vertex 238.3 34.79851289729034 16.62428903045161
      vertex 238.3 33.36 16
      vertex 238.3 33.32733497668549 16.33165354742742
    endloop
  endfacet
  facet normal -1 0 0
    outer loop
      vertex 238.3 34.79851289729034 16.62428903045161
      vertex 238.3 33.32733497668549 16.33165354742742
      vertex 238.3 33.23059520526918 16.650561835020653
    endloop
  endfacet
  facet normal -1 0 0
    outer loop
      vertex 238.3 33.23059520526918 16.650561835020653
      vertex 238.3 33.07349834091433 16.944469396133325
      vertex 238.3 34.616414504036115 17.224586983568287
    endloop
  endfacet
  facet normal -1 0 0
    outer loop
      vertex 238.3 34.616414504036115 17.224586983568287
      vertex 238.3 33.07349834091433 16.944469396133325
      vertex 238.3 32.86208152801713 17.202081528017132
    endloop
  endfacet
  facet normal -1 0 0
    outer loop
      vertex 238.3 34.616414504036115 17.224586983568287
      vertex 238.3 32.60446939613332 17.413498340914327
      vertex 238.3 34.320702759368146 17.777824745662727
    endloop
  endfacet
  facet normal -1 0 0
    outer loop
      vertex 238.3 34.616414504036115 17.224586983568287
      vertex 238.3 32.86208152801713 17.202081528017132
      vertex 238.3 32.60446939613332 17.413498340914327
    endloop
  endfacet
  facet normal -1 0 0
    outer loop
      vertex 238.3 34.320702759368146 17.777824745662727
      vertex 238.3 32.60446939613332 17.413498340914327
      vertex 238.3 32.31056183502065 17.570595205269186
    endloop
  endfacet
  facet normal -1 0 0
    outer loop
      vertex 238.3 34.320702759368146 17.777824745662727
      vertex 238.3 32.31056183502065 17.570595205269186
      vertex 238.3 31.991653547427415 17.667334976685492
    endloop
  endfacet
  facet normal 0 -0.773010453362735 -0.634393284163648
    outer loop
      vertex 238.3 34.320702759368146 17.777824745662727
      vertex 238.3 33.92274169979695 18.26274169979695
      vertex 235.3 34.320702759368146 17.777824745662727
    endloop
  endfacet
  facet normal 0 -0.773010453362735 -0.634393284163648
    outer loop
      vertex 238.3 33.92274169979695 18.26274169979695
      vertex 235.3 33.92274169979695 18.26274169979695
      vertex 235.3 34.320702759368146 17.777824745662727
    endloop
  endfacet
  facet normal 0 -0.6343932841636453 -0.7730104533627372
    outer loop
      vertex 238.3 33.92274169979695 18.26274169979695
      vertex 238.3 33.437824745662724 18.660702759368146
      vertex 235.3 33.92274169979695 18.26274169979695
    endloop
  endfacet
  facet normal 0 -0.6343932841636453 -0.7730104533627372
    outer loop
      vertex 238.3 33.437824745662724 18.660702759368146
      vertex 235.3 33.437824745662724 18.660702759368146
      vertex 235.3 33.92274169979695 18.26274169979695
    endloop
  endfacet
  facet normal 0 -0.4713967368259969 -0.8819212643483554
    outer loop
      vertex 238.3 33.437824745662724 18.660702759368146
      vertex 238.3 32.88458698356828 18.95641450403612
      vertex 235.3 33.437824745662724 18.660702759368146
    endloop
  endfacet
  facet normal 0 -0.4713967368259969 -0.8819212643483554
    outer loop
      vertex 238.3 32.88458698356828 18.95641450403612
      vertex 235.3 32.88458698356828 18.95641450403612
      vertex 235.3 33.437824745662724 18.660702759368146
    endloop
  endfacet
  facet normal -1 0 0
    outer loop
      vertex 238.3 34.320702759368146 17.777824745662727
      vertex 238.3 31.991653547427415 17.667334976685492
      vertex 238.3 31.659999999999997 17.7
    endloop
  endfacet
  facet normal -1 0 0
    outer loop
      vertex 238.3 34.320702759368146 17.777824745662727
      vertex 238.3 29.397258300203042 18.26274169979695
      vertex 238.3 33.92274169979695 18.26274169979695
    endloop
  endfacet
  facet normal -1 0 0
    outer loop
      vertex 238.3 34.320702759368146 17.777824745662727
      vertex 238.3 31.659999999999997 17.7
      vertex 238.3 28.99929724063185 17.777824745662727
    endloop
  endfacet
  facet normal -1 0 0
    outer loop
      vertex 238.3 30.715530603866675 14.586501659085673
      vertex 238.3 28.70358549596388 14.775413016431713
      vertex 238.3 30.457918471982865 14.79791847198287
    endloop
  endfacet
  facet normal -1 0 0
    outer loop
      vertex 238.3 30.457918471982865 14.79791847198287
      vertex 238.3 28.70358549596388 14.775413016431713
      vertex 238.3 30.24650165908567 15.055530603866677
    endloop
  endfacet
  facet normal -1 0 0
    outer loop
      vertex 238.3 34.320702759368146 17.777824745662727
      vertex 238.3 28.99929724063185 17.777824745662727
      vertex 238.3 29.397258300203042 18.26274169979695
    endloop
  endfacet
  facet normal -1 0 0
    outer loop
      vertex 238.3 31.659999999999997 17.7
      vertex 238.3 31.32834645257258 17.667334976685492
      vertex 238.3 28.99929724063185 17.777824745662727
    endloop
  endfacet
  facet normal -1 0 0
    outer loop
      vertex 238.3 30.24650165908567 16.944469396133325
      vertex 238.3 28.70358549596388 17.224586983568287
      vertex 238.3 30.457918471982865 17.202081528017132
    endloop
  endfacet
  facet normal -1 0 0
    outer loop
      vertex 238.3 30.715530603866675 17.413498340914327
      vertex 238.3 28.99929724063185 17.777824745662727
      vertex 238.3 31.009438164979343 17.570595205269186
    endloop
  endfacet
  facet normal -1 0 0
    outer loop
      vertex 238.3 31.32834645257258 17.667334976685492
      vertex 238.3 31.009438164979343 17.570595205269186
      vertex 238.3 28.99929724063185 17.777824745662727
    endloop
  endfacet
  facet normal -1 0 0
    outer loop
      vertex 238.3 30.715530603866675 17.413498340914327
      vertex 238.3 30.457918471982865 17.202081528017132
      vertex 238.3 28.70358549596388 17.224586983568287
    endloop
  endfacet
  facet normal -1 0 0
    outer loop
      vertex 238.3 33.92274169979695 18.26274169979695
      vertex 238.3 29.88217525433727 18.660702759368146
      vertex 238.3 33.437824745662724 18.660702759368146
    endloop
  endfacet
  facet normal -1 0 0
    outer loop
      vertex 238.3 33.437824745662724 18.660702759368146
      vertex 238.3 30.43541301643171 18.95641450403612
      vertex 238.3 32.88458698356828 18.95641450403612
    endloop
  endfacet
  facet normal -1 0 0
    outer loop
      vertex 238.3 32.88458698356828 18.95641450403612
      vertex 238.3 31.035710969548386 19.138512897290337
      vertex 238.3 32.2842890304516 19.138512897290337
    endloop
  endfacet
  facet normal -1 0 0
    outer loop
      vertex 238.3 32.88458698356828 18.95641450403612
      vertex 238.3 30.43541301643171 18.95641450403612
      vertex 238.3 31.035710969548386 19.138512897290337
    endloop
  endfacet
  facet normal -1 0 0
    outer loop
      vertex 238.3 32.2842890304516 19.138512897290337
      vertex 238.3 31.035710969548386 19.138512897290337
      vertex 238.3 31.659999999999997 19.2
    endloop
  endfacet
  facet normal 0 -0.29028467725445883 -0.9569403357322099
    outer loop
      vertex 238.3 32.88458698356828 18.95641450403612
      vertex 238.3 32.2842890304516 19.138512897290337
      vertex 235.3 32.88458698356828 18.95641450403612
    endloop
  endfacet
  facet normal 0 -0.29028467725445883 -0.9569403357322099
    outer loop
      vertex 238.3 32.2842890304516 19.138512897290337
      vertex 235.3 32.2842890304516 19.138512897290337
      vertex 235.3 32.88458698356828 18.95641450403612
    endloop
  endfacet
  facet normal 0 -0.09801714032956128 -0.9951847266721968
    outer loop
      vertex 238.3 32.2842890304516 19.138512897290337
      vertex 238.3 31.659999999999997 19.2
      vertex 235.3 32.2842890304516 19.138512897290337
    endloop
  endfacet
  facet normal 0 -0.09801714032956128 -0.9951847266721968
    outer loop
      vertex 238.3 31.659999999999997 19.2
      vertex 235.3 31.659999999999997 19.2
      vertex 235.3 32.2842890304516 19.138512897290337
    endloop
  endfacet
  facet normal 0 0.09801714032956073 -0.9951847266721969
    outer loop
      vertex 238.3 31.659999999999997 19.2
      vertex 238.3 31.035710969548386 19.138512897290337
      vertex 235.3 31.659999999999997 19.2
    endloop
  endfacet
  facet normal -1 0 0
    outer loop
      vertex 238.3 33.92274169979695 18.26274169979695
      vertex 238.3 29.397258300203042 18.26274169979695
      vertex 238.3 29.88217525433727 18.660702759368146
    endloop
  endfacet
  facet normal -1 0 0
    outer loop
      vertex 238.3 33.437824745662724 18.660702759368146
      vertex 238.3 29.88217525433727 18.660702759368146
      vertex 238.3 30.43541301643171 18.95641450403612
    endloop
  endfacet
  facet normal 0 0.2902846772544604 -0.9569403357322095
    outer loop
      vertex 238.3 30.43541301643171 18.95641450403612
      vertex 235.3 30.43541301643171 18.95641450403612
      vertex 235.3 31.035710969548386 19.138512897290337
    endloop
  endfacet
  facet normal 0 0.09801714032956073 -0.9951847266721969
    outer loop
      vertex 238.3 31.035710969548386 19.138512897290337
      vertex 235.3 31.035710969548386 19.138512897290337
      vertex 235.3 31.659999999999997 19.2
    endloop
  endfacet
  facet normal 0 0.2902846772544604 -0.9569403357322095
    outer loop
      vertex 238.3 31.035710969548386 19.138512897290337
      vertex 238.3 30.43541301643171 18.95641450403612
      vertex 235.3 31.035710969548386 19.138512897290337
    endloop
  endfacet
  facet normal 0 0.4713967368259969 -0.8819212643483554
    outer loop
      vertex 238.3 30.43541301643171 18.95641450403612
      vertex 238.3 29.88217525433727 18.660702759368146
      vertex 235.3 30.43541301643171 18.95641450403612
    endloop
  endfacet
  facet normal 0 0.4713967368259969 -0.8819212643483554
    outer loop
      vertex 238.3 29.88217525433727 18.660702759368146
      vertex 235.3 29.88217525433727 18.660702759368146
      vertex 235.3 30.43541301643171 18.95641450403612
    endloop
  endfacet
  facet normal -1 0 0
    outer loop
      vertex 238.3 30.715530603866675 14.586501659085673
      vertex 238.3 28.99929724063185 14.222175254337273
      vertex 238.3 28.70358549596388 14.775413016431713
    endloop
  endfacet
  facet normal -1 0 0
    outer loop
      vertex 238.3 30.24650165908567 15.055530603866677
      vertex 238.3 28.70358549596388 14.775413016431713
      vertex 238.3 30.08940479473081 15.349438164979347
    endloop
  endfacet
  facet normal -1 0 0
    outer loop
      vertex 238.3 30.08940479473081 15.349438164979347
      vertex 238.3 28.70358549596388 14.775413016431713
      vertex 238.3 28.52148710270966 15.37571096954839
    endloop
  endfacet
  facet normal -1 0 0
    outer loop
      vertex 238.3 30.08940479473081 15.349438164979347
      vertex 238.3 28.52148710270966 15.37571096954839
      vertex 238.3 29.992665023314505 15.668346452572582
    endloop
  endfacet
  facet normal -1 0 0
    outer loop
      vertex 238.3 29.992665023314505 15.668346452572582
      vertex 238.3 28.52148710270966 15.37571096954839
      vertex 238.3 29.959999999999997 16
    endloop
  endfacet
  facet normal -1 0 0
    outer loop
      vertex 238.3 29.959999999999997 16
      vertex 238.3 28.459999999999997 16
      vertex 238.3 29.992665023314505 16.33165354742742
    endloop
  endfacet
  facet normal -1 0 0
    outer loop
      vertex 238.3 29.959999999999997 16
      vertex 238.3 28.52148710270966 15.37571096954839
      vertex 238.3 28.459999999999997 16
    endloop
  endfacet
  facet normal -1 0 0
    outer loop
      vertex 238.3 29.992665023314505 16.33165354742742
      vertex 238.3 28.52148710270966 16.62428903045161
      vertex 238.3 30.08940479473081 16.650561835020653
    endloop
  endfacet
  facet normal -1 0 0
    outer loop
      vertex 238.3 30.08940479473081 16.650561835020653
      vertex 238.3 28.70358549596388 17.224586983568287
      vertex 238.3 30.24650165908567 16.944469396133325
    endloop
  endfacet
  facet normal -1 0 0
    outer loop
      vertex 238.3 30.08940479473081 16.650561835020653
      vertex 238.3 28.52148710270966 16.62428903045161
      vertex 238.3 28.70358549596388 17.224586983568287
    endloop
  endfacet
  facet normal -1 0 0
    outer loop
      vertex 238.3 30.715530603866675 17.413498340914327
      vertex 238.3 28.70358549596388 17.224586983568287
      vertex 238.3 28.99929724063185 17.777824745662727
    endloop
  endfacet
  facet normal -1 0 0
    outer loop
      vertex 238.3 29.992665023314505 16.33165354742742
      vertex 238.3 28.459999999999997 16
      vertex 238.3 28.52148710270966 16.62428903045161
    endloop
  endfacet
  facet normal -6.387069150943919e-18 0.8819212643483554 0.4713967368259969
    outer loop
      vertex 238.3 28.99929724063185 14.222175254337273
      vertex 235.3 28.70358549596388 14.775413016431713
      vertex 238.3 28.70358549596388 14.775413016431713
    endloop
  endfacet
  facet normal 2.5622400506482883e-19 0.9569403357322095 0.2902846772544604
    outer loop
      vertex 238.3 28.70358549596388 14.775413016431713
      vertex 235.3 28.52148710270966 15.37571096954839
      vertex 238.3 28.52148710270966 15.37571096954839
    endloop
  endfacet
  facet normal 0 0.9569403357322095 0.2902846772544604
    outer loop
      vertex 238.3 28.70358549596388 14.775413016431713
      vertex 235.3 28.70358549596388 14.775413016431713
      vertex 235.3 28.52148710270966 15.37571096954839
    endloop
  endfacet
  facet normal 1.3693583310301829e-18 0.9951847266721969 0.09801714032956073
    outer loop
      vertex 238.3 28.52148710270966 15.37571096954839
      vertex 235.3 28.459999999999997 16
      vertex 238.3 28.459999999999997 16
    endloop
  endfacet
  facet normal 0 0.9951847266721969 0.09801714032956073
    outer loop
      vertex 238.3 28.52148710270966 15.37571096954839
      vertex 235.3 28.52148710270966 15.37571096954839
      vertex 235.3 28.459999999999997 16
    endloop
  endfacet
  facet normal 0 0.9951847266721969 -0.09801714032956073
    outer loop
      vertex 238.3 28.459999999999997 16
      vertex 235.3 28.459999999999997 16
      vertex 235.3 28.52148710270966 16.62428903045161
    endloop
  endfacet
  facet normal 0 0.7730104533627377 -0.6343932841636446
    outer loop
      vertex 238.3 29.397258300203042 18.26274169979695
      vertex 238.3 28.99929724063185 17.777824745662727
      vertex 235.3 29.397258300203042 18.26274169979695
    endloop
  endfacet
  facet normal 0 0.7730104533627377 -0.6343932841636446
    outer loop
      vertex 238.3 28.99929724063185 17.777824745662727
      vertex 235.3 28.99929724063185 17.777824745662727
      vertex 235.3 29.397258300203042 18.26274169979695
    endloop
  endfacet
  facet normal -1.3693583310301829e-18 0.9951847266721969 -0.09801714032956073
    outer loop
      vertex 238.3 28.459999999999997 16
      vertex 235.3 28.52148710270966 16.62428903045161
      vertex 238.3 28.52148710270966 16.62428903045161
    endloop
  endfacet
  facet normal -2.5622400506482883e-19 0.9569403357322095 -0.2902846772544604
    outer loop
      vertex 238.3 28.52148710270966 16.62428903045161
      vertex 235.3 28.70358549596388 17.224586983568287
      vertex 238.3 28.70358549596388 17.224586983568287
    endloop
  endfacet
  facet normal 0 0.9569403357322095 -0.2902846772544604
    outer loop
      vertex 238.3 28.52148710270966 16.62428903045161
      vertex 235.3 28.52148710270966 16.62428903045161
      vertex 235.3 28.70358549596388 17.224586983568287
    endloop
  endfacet
  facet normal 6.387069150943919e-18 0.8819212643483554 -0.4713967368259969
    outer loop
      vertex 238.3 28.70358549596388 17.224586983568287
      vertex 235.3 28.99929724063185 17.777824745662727
      vertex 238.3 28.99929724063185 17.777824745662727
    endloop
  endfacet
  facet normal 0 0.8819212643483554 -0.4713967368259969
    outer loop
      vertex 238.3 28.70358549596388 17.224586983568287
      vertex 235.3 28.70358549596388 17.224586983568287
      vertex 235.3 28.99929724063185 17.777824745662727
    endloop
  endfacet
  facet normal -2.8892355914990392e-18 0.6343932841636453 -0.7730104533627372
    outer loop
      vertex 238.3 29.397258300203042 18.26274169979695
      vertex 235.3 29.88217525433727 18.660702759368146
      vertex 238.3 29.88217525433727 18.660702759368146
    endloop
  endfacet
  facet normal 0 0.6343932841636453 -0.7730104533627372
    outer loop
      vertex 238.3 29.397258300203042 18.26274169979695
      vertex 235.3 29.397258300203042 18.26274169979695
      vertex 235.3 29.88217525433727 18.660702759368146
    endloop
  endfacet
  facet normal 0 -0.773010453362738 0.6343932841636443
    outer loop
      vertex 238.3 32.86208152801713 58.79791847198287
      vertex 241.3 32.86208152801713 58.79791847198287
      vertex 241.3 33.07349834091433 59.05553060386668
    endloop
  endfacet
  facet normal 0 -0.995184726672197 0.09801714032955904
    outer loop
      vertex 238.3 33.32733497668549 59.668346452572585
      vertex 241.3 33.32733497668549 59.668346452572585
      vertex 241.3 33.36 60
    endloop
  endfacet
  facet normal 0 -0.9569403357322052 0.2902846772544744
    outer loop
      vertex 238.3 33.23059520526918 59.34943816497935
      vertex 241.3 33.23059520526918 59.34943816497935
      vertex 241.3 33.32733497668549 59.668346452572585
    endloop
  endfacet
  facet normal 0 -0.8819212643483596 0.47139673682598915
    outer loop
      vertex 238.3 33.07349834091433 59.05553060386668
      vertex 241.3 33.07349834091433 59.05553060386668
      vertex 241.3 33.23059520526918 59.34943816497935
    endloop
  endfacet
  facet normal 0 -0.6343932841636443 0.773010453362738
    outer loop
      vertex 238.3 32.86208152801713 58.79791847198287
      vertex 238.3 32.60446939613332 58.58650165908567
      vertex 241.3 32.86208152801713 58.79791847198287
    endloop
  endfacet
  facet normal 0 -0.8819212643483596 0.47139673682598915
    outer loop
      vertex 238.3 33.23059520526918 59.34943816497935
      vertex 238.3 33.07349834091433 59.05553060386668
      vertex 241.3 33.23059520526918 59.34943816497935
    endloop
  endfacet
  facet normal 1.0774187263117404e-18 -0.9569403357322052 0.2902846772544744
    outer loop
      vertex 238.3 33.23059520526918 59.34943816497935
      vertex 241.3 33.32733497668549 59.668346452572585
      vertex 238.3 33.32733497668549 59.668346452572585
    endloop
  endfacet
  facet normal -4.468894245751017e-19 -0.773010453362738 0.6343932841636443
    outer loop
      vertex 238.3 32.86208152801713 58.79791847198287
      vertex 241.3 33.07349834091433 59.05553060386668
      vertex 238.3 33.07349834091433 59.05553060386668
    endloop
  endfacet
  facet normal 0 -0.995184726672197 -0.09801714032955904
    outer loop
      vertex 238.3 33.36 60
      vertex 241.3 33.36 60
      vertex 241.3 33.32733497668549 60.331653547427415
    endloop
  endfacet
  facet normal 0 -0.9569403357322052 -0.2902846772544744
    outer loop
      vertex 238.3 33.32733497668549 60.331653547427415
      vertex 241.3 33.32733497668549 60.331653547427415
      vertex 241.3 33.23059520526918 60.65056183502065
    endloop
  endfacet
  facet normal 0 -0.8819212643483596 -0.47139673682598915
    outer loop
      vertex 238.3 33.23059520526918 60.65056183502065
      vertex 241.3 33.23059520526918 60.65056183502065
      vertex 241.3 33.07349834091433 60.94446939613332
    endloop
  endfacet
  facet normal 0 -0.773010453362738 -0.6343932841636443
    outer loop
      vertex 238.3 33.07349834091433 60.94446939613332
      vertex 241.3 33.07349834091433 60.94446939613332
      vertex 241.3 32.86208152801713 61.20208152801713
    endloop
  endfacet
  facet normal 0 -0.6343932841636443 -0.773010453362738
    outer loop
      vertex 238.3 32.86208152801713 61.20208152801713
      vertex 241.3 32.86208152801713 61.20208152801713
      vertex 241.3 32.60446939613332 61.41349834091433
    endloop
  endfacet
  facet normal 7.716244239198019e-19 -0.995184726672197 0.09801714032955904
    outer loop
      vertex 238.3 33.32733497668549 59.668346452572585
      vertex 241.3 33.36 60
      vertex 238.3 33.36 60
    endloop
  endfacet
  facet normal -7.716244239198019e-19 -0.995184726672197 -0.09801714032955904
    outer loop
      vertex 238.3 33.36 60
      vertex 241.3 33.32733497668549 60.331653547427415
      vertex 238.3 33.32733497668549 60.331653547427415
    endloop
  endfacet
  facet normal -1.0774187263117404e-18 -0.9569403357322052 -0.2902846772544744
    outer loop
      vertex 238.3 33.32733497668549 60.331653547427415
      vertex 241.3 33.23059520526918 60.65056183502065
      vertex 238.3 33.23059520526918 60.65056183502065
    endloop
  endfacet
  facet normal -1.3281590920333047e-18 -0.8819212643483596 -0.47139673682598915
    outer loop
      vertex 238.3 33.23059520526918 60.65056183502065
      vertex 241.3 33.07349834091433 60.94446939613332
      vertex 238.3 33.07349834091433 60.94446939613332
    endloop
  endfacet
  facet normal 4.468894245751017e-19 -0.773010453362738 -0.6343932841636443
    outer loop
      vertex 238.3 33.07349834091433 60.94446939613332
      vertex 241.3 32.86208152801713 61.20208152801713
      vertex 238.3 32.86208152801713 61.20208152801713
    endloop
  endfacet
  facet normal 0 -0.6343932841636443 0.773010453362738
    outer loop
      vertex 238.3 32.60446939613332 58.58650165908567
      vertex 241.3 32.60446939613332 58.58650165908567
      vertex 241.3 32.86208152801713 58.79791847198287
    endloop
  endfacet
  facet normal 0 -0.47139673682598915 0.8819212643483596
    outer loop
      vertex 238.3 32.31056183502065 58.429404794730814
      vertex 241.3 32.31056183502065 58.429404794730814
      vertex 241.3 32.60446939613332 58.58650165908567
    endloop
  endfacet
  facet normal 0 -0.2902846772544578 0.9569403357322103
    outer loop
      vertex 238.3 31.991653547427415 58.33266502331451
      vertex 241.3 31.991653547427415 58.33266502331451
      vertex 241.3 32.31056183502065 58.429404794730814
    endloop
  endfacet
  facet normal 1.3281590920333047e-18 -0.47139673682598915 0.8819212643483596
    outer loop
      vertex 238.3 32.31056183502065 58.429404794730814
      vertex 241.3 32.60446939613332 58.58650165908567
      vertex 238.3 32.60446939613332 58.58650165908567
    endloop
  endfacet
  facet normal 0 -0.2902846772544578 0.9569403357322103
    outer loop
      vertex 238.3 32.31056183502065 58.429404794730814
      vertex 238.3 31.991653547427415 58.33266502331451
      vertex 241.3 32.31056183502065 58.429404794730814
    endloop
  endfacet
  facet normal 0 -0.09801714032957912 0.995184726672195
    outer loop
      vertex 238.3 31.659999999999997 58.3
      vertex 241.3 31.659999999999997 58.3
      vertex 241.3 31.991653547427415 58.33266502331451
    endloop
  endfacet
  facet normal 0 0.09801714032957912 0.995184726672195
    outer loop
      vertex 238.3 31.32834645257258 58.33266502331451
      vertex 241.3 31.32834645257258 58.33266502331451
      vertex 241.3 31.659999999999997 58.3
    endloop
  endfacet
  facet normal 0 -0.09801714032957912 0.995184726672195
    outer loop
      vertex 238.3 31.991653547427415 58.33266502331451
      vertex 238.3 31.659999999999997 58.3
      vertex 241.3 31.991653547427415 58.33266502331451
    endloop
  endfacet
  facet normal 0 0.09801714032957912 0.995184726672195
    outer loop
      vertex 238.3 31.659999999999997 58.3
      vertex 238.3 31.32834645257258 58.33266502331451
      vertex 241.3 31.659999999999997 58.3
    endloop
  endfacet
  facet normal 0 -0.47139673682598915 -0.8819212643483596
    outer loop
      vertex 238.3 32.60446939613332 61.41349834091433
      vertex 241.3 32.60446939613332 61.41349834091433
      vertex 241.3 32.31056183502065 61.570595205269186
    endloop
  endfacet
  facet normal 0 -0.2902846772544578 -0.9569403357322103
    outer loop
      vertex 238.3 32.31056183502065 61.570595205269186
      vertex 241.3 32.31056183502065 61.570595205269186
      vertex 241.3 31.991653547427415 61.66733497668549
    endloop
  endfacet
  facet normal 4.468894245751017e-19 -0.6343932841636443 -0.773010453362738
    outer loop
      vertex 238.3 32.86208152801713 61.20208152801713
      vertex 241.3 32.60446939613332 61.41349834091433
      vertex 238.3 32.60446939613332 61.41349834091433
    endloop
  endfacet
  facet normal -1.3281590920333047e-18 -0.47139673682598915 -0.8819212643483596
    outer loop
      vertex 238.3 32.60446939613332 61.41349834091433
      vertex 241.3 32.31056183502065 61.570595205269186
      vertex 238.3 32.31056183502065 61.570595205269186
    endloop
  endfacet
  facet normal 0 0.2902846772544578 0.9569403357322103
    outer loop
      vertex 238.3 31.009438164979343 58.429404794730814
      vertex 241.3 31.009438164979343 58.429404794730814
      vertex 241.3 31.32834645257258 58.33266502331451
    endloop
  endfacet
  facet normal 0 0.47139673682598915 0.8819212643483596
    outer loop
      vertex 238.3 30.715530603866675 58.58650165908567
      vertex 241.3 30.715530603866675 58.58650165908567
      vertex 241.3 31.009438164979343 58.429404794730814
    endloop
  endfacet
  facet normal 0 0.6343932841636443 0.773010453362738
    outer loop
      vertex 238.3 30.457918471982865 58.79791847198287
      vertex 241.3 30.457918471982865 58.79791847198287
      vertex 241.3 30.715530603866675 58.58650165908567
    endloop
  endfacet
  facet normal 0 0.2902846772544578 0.9569403357322103
    outer loop
      vertex 238.3 31.32834645257258 58.33266502331451
      vertex 238.3 31.009438164979343 58.429404794730814
      vertex 241.3 31.32834645257258 58.33266502331451
    endloop
  endfacet
  facet normal 0 0.47139673682598915 0.8819212643483596
    outer loop
      vertex 238.3 31.009438164979343 58.429404794730814
      vertex 238.3 30.715530603866675 58.58650165908567
      vertex 241.3 31.009438164979343 58.429404794730814
    endloop
  endfacet
  facet normal 0 0.6343932841636443 0.773010453362738
    outer loop
      vertex 238.3 30.715530603866675 58.58650165908567
      vertex 238.3 30.457918471982865 58.79791847198287
      vertex 241.3 30.715530603866675 58.58650165908567
    endloop
  endfacet
  facet normal 0 0.7730104533627432 0.6343932841636378
    outer loop
      vertex 238.3 30.24650165908567 59.05553060386668
      vertex 241.3 30.24650165908567 59.05553060386668
      vertex 241.3 30.457918471982865 58.79791847198287
    endloop
  endfacet
  facet normal 0 0.8819212643483552 0.4713967368259974
    outer loop
      vertex 238.3 30.08940479473081 59.34943816497935
      vertex 241.3 30.08940479473081 59.34943816497935
      vertex 241.3 30.24650165908567 59.05553060386668
    endloop
  endfacet
  facet normal 0 0.9569403357322082 0.2902846772544646
    outer loop
      vertex 238.3 29.992665023314505 59.668346452572585
      vertex 241.3 29.992665023314505 59.668346452572585
      vertex 241.3 30.08940479473081 59.34943816497935
    endloop
  endfacet
  facet normal 0 0.7730104533627432 0.6343932841636378
    outer loop
      vertex 238.3 30.457918471982865 58.79791847198287
      vertex 238.3 30.24650165908567 59.05553060386668
      vertex 241.3 30.457918471982865 58.79791847198287
    endloop
  endfacet
  facet normal 0 0.8819212643483552 0.4713967368259974
    outer loop
      vertex 238.3 30.24650165908567 59.05553060386668
      vertex 238.3 30.08940479473081 59.34943816497935
      vertex 241.3 30.24650165908567 59.05553060386668
    endloop
  endfacet
  facet normal 0 0.9569403357322082 0.2902846772544646
    outer loop
      vertex 238.3 30.08940479473081 59.34943816497935
      vertex 238.3 29.992665023314505 59.668346452572585
      vertex 241.3 30.08940479473081 59.34943816497935
    endloop
  endfacet
  facet normal 0 0.995184726672197 0.09801714032955904
    outer loop
      vertex 238.3 29.992665023314505 59.668346452572585
      vertex 238.3 29.959999999999997 60
      vertex 241.3 29.992665023314505 59.668346452572585
    endloop
  endfacet
  facet normal 0 0.47139673682598915 -0.8819212643483596
    outer loop
      vertex 238.3 31.009438164979343 61.570595205269186
      vertex 241.3 31.009438164979343 61.570595205269186
      vertex 241.3 30.715530603866675 61.41349834091433
    endloop
  endfacet
  facet normal 0 0.6343932841636443 -0.773010453362738
    outer loop
      vertex 238.3 30.715530603866675 61.41349834091433
      vertex 241.3 30.715530603866675 61.41349834091433
      vertex 241.3 30.457918471982865 61.20208152801713
    endloop
  endfacet
  facet normal 4.33001067365093e-19 0.2902846772544578 -0.9569403357322103
    outer loop
      vertex 238.3 31.32834645257258 61.66733497668549
      vertex 241.3 31.009438164979343 61.570595205269186
      vertex 238.3 31.009438164979343 61.570595205269186
    endloop
  endfacet
  facet normal 1.3281590920333047e-18 0.47139673682598915 -0.8819212643483596
    outer loop
      vertex 238.3 31.009438164979343 61.570595205269186
      vertex 241.3 30.715530603866675 61.41349834091433
      vertex 238.3 30.715530603866675 61.41349834091433
    endloop
  endfacet
  facet normal -4.468894245751017e-19 0.6343932841636443 -0.773010453362738
    outer loop
      vertex 238.3 30.715530603866675 61.41349834091433
      vertex 241.3 30.457918471982865 61.20208152801713
      vertex 238.3 30.457918471982865 61.20208152801713
    endloop
  endfacet
  facet normal 0 0.995184726672197 -0.09801714032955904
    outer loop
      vertex 238.3 29.992665023314505 60.331653547427415
      vertex 241.3 29.992665023314505 60.331653547427415
      vertex 241.3 29.959999999999997 60
    endloop
  endfacet
  facet normal 0 0.995184726672197 0.09801714032955904
    outer loop
      vertex 238.3 29.959999999999997 60
      vertex 241.3 29.959999999999997 60
      vertex 241.3 29.992665023314505 59.668346452572585
    endloop
  endfacet
  facet normal 0 0.9569403357322082 -0.2902846772544646
    outer loop
      vertex 238.3 30.08940479473081 60.65056183502065
      vertex 241.3 30.08940479473081 60.65056183502065
      vertex 241.3 29.992665023314505 60.331653547427415
    endloop
  endfacet
  facet normal 0 0.7730104533627432 -0.6343932841636378
    outer loop
      vertex 238.3 30.457918471982865 61.20208152801713
      vertex 241.3 30.457918471982865 61.20208152801713
      vertex 241.3 30.24650165908567 60.94446939613332
    endloop
  endfacet
  facet normal 0 0.8819212643483552 -0.4713967368259974
    outer loop
      vertex 238.3 30.24650165908567 60.94446939613332
      vertex 241.3 30.24650165908567 60.94446939613332
      vertex 241.3 30.08940479473081 60.65056183502065
    endloop
  endfacet
  facet normal 0 0.995184726672197 -0.09801714032955904
    outer loop
      vertex 238.3 29.959999999999997 60
      vertex 238.3 29.992665023314505 60.331653547427415
      vertex 241.3 29.959999999999997 60
    endloop
  endfacet
  facet normal 0 0.9569403357322082 -0.2902846772544646
    outer loop
      vertex 238.3 29.992665023314505 60.331653547427415
      vertex 238.3 30.08940479473081 60.65056183502065
      vertex 241.3 29.992665023314505 60.331653547427415
    endloop
  endfacet
  facet normal 0 0.7730104533627432 -0.6343932841636378
    outer loop
      vertex 238.3 30.24650165908567 60.94446939613332
      vertex 238.3 30.457918471982865 61.20208152801713
      vertex 241.3 30.24650165908567 60.94446939613332
    endloop
  endfacet
  facet normal -2.2762193230678674e-18 0.8819212643483552 -0.4713967368259974
    outer loop
      vertex 238.3 30.24650165908567 60.94446939613332
      vertex 241.3 30.08940479473081 60.65056183502065
      vertex 238.3 30.08940479473081 60.65056183502065
    endloop
  endfacet
  facet normal -4.33001067365093e-19 -0.2902846772544578 -0.9569403357322103
    outer loop
      vertex 238.3 32.31056183502065 61.570595205269186
      vertex 241.3 31.991653547427415 61.66733497668549
      vertex 238.3 31.991653547427415 61.66733497668549
    endloop
  endfacet
  facet normal 0 -0.09801714032957912 -0.995184726672195
    outer loop
      vertex 238.3 31.991653547427415 61.66733497668549
      vertex 241.3 31.991653547427415 61.66733497668549
      vertex 241.3 31.659999999999997 61.7
    endloop
  endfacet
  facet normal 0 0.09801714032957912 -0.995184726672195
    outer loop
      vertex 238.3 31.659999999999997 61.7
      vertex 241.3 31.659999999999997 61.7
      vertex 241.3 31.32834645257258 61.66733497668549
    endloop
  endfacet
  facet normal 3.5464163481541175e-19 -0.09801714032957912 -0.995184726672195
    outer loop
      vertex 238.3 31.991653547427415 61.66733497668549
      vertex 241.3 31.659999999999997 61.7
      vertex 238.3 31.659999999999997 61.7
    endloop
  endfacet
  facet normal -3.5464163481541175e-19 0.09801714032957912 -0.995184726672195
    outer loop
      vertex 238.3 31.659999999999997 61.7
      vertex 241.3 31.32834645257258 61.66733497668549
      vertex 238.3 31.32834645257258 61.66733497668549
    endloop
  endfacet
  facet normal 0 0.2902846772544578 -0.9569403357322103
    outer loop
      vertex 238.3 31.32834645257258 61.66733497668549
      vertex 241.3 31.32834645257258 61.66733497668549
      vertex 241.3 31.009438164979343 61.570595205269186
    endloop
  endfacet
  facet normal -2.8892355914990392e-18 -0.7730104533627372 0.6343932841636453
    outer loop
      vertex 238.3 34.320702759368146 58.22217525433727
      vertex 235.3 33.92274169979695 57.737258300203045
      vertex 238.3 33.92274169979695 57.737258300203045
    endloop
  endfacet
  facet normal -4.9354421906285446e-18 -0.6343932841636385 0.7730104533627428
    outer loop
      vertex 238.3 33.92274169979695 57.737258300203045
      vertex 235.3 33.437824745662724 57.33929724063186
      vertex 238.3 33.437824745662724 57.33929724063186
    endloop
  endfacet
  facet normal 0 -0.6343932841636385 0.7730104533627428
    outer loop
      vertex 238.3 33.92274169979695 57.737258300203045
      vertex 235.3 33.92274169979695 57.737258300203045
      vertex 235.3 33.437824745662724 57.33929724063186
    endloop
  endfacet
  facet normal 0 -0.47139673682600136 0.8819212643483532
    outer loop
      vertex 238.3 33.437824745662724 57.33929724063186
      vertex 235.3 33.437824745662724 57.33929724063186
      vertex 235.3 32.88458698356828 57.04358549596388
    endloop
  endfacet
  facet normal 3.650247820489784e-18 -0.47139673682600136 0.8819212643483532
    outer loop
      vertex 238.3 33.437824745662724 57.33929724063186
      vertex 235.3 32.88458698356828 57.04358549596388
      vertex 238.3 32.88458698356828 57.04358549596388
    endloop
  endfacet
  facet normal -1 0 0
    outer loop
      vertex 238.3 33.437824745662724 57.33929724063186
      vertex 238.3 32.88458698356828 57.04358549596388
      vertex 238.3 29.88217525433727 57.33929724063186
    endloop
  endfacet
  facet normal -1 0 0
    outer loop
      vertex 238.3 33.92274169979695 57.737258300203045
      vertex 238.3 33.437824745662724 57.33929724063186
      vertex 238.3 29.397258300203042 57.737258300203045
    endloop
  endfacet
  facet normal -1 0 0
    outer loop
      vertex 238.3 32.2842890304516 56.86148710270966
      vertex 238.3 30.43541301643171 57.04358549596388
      vertex 238.3 32.88458698356828 57.04358549596388
    endloop
  endfacet
  facet normal -1 0 0
    outer loop
      vertex 238.3 32.2842890304516 56.86148710270966
      vertex 238.3 31.659999999999997 56.8
      vertex 238.3 31.035710969548386 56.86148710270966
    endloop
  endfacet
  facet normal 0 -0.290284677254464 0.9569403357322084
    outer loop
      vertex 238.3 32.2842890304516 56.86148710270966
      vertex 238.3 32.88458698356828 57.04358549596388
      vertex 235.3 32.2842890304516 56.86148710270966
    endloop
  endfacet
  facet normal 0 -0.290284677254464 0.9569403357322084
    outer loop
      vertex 238.3 32.88458698356828 57.04358549596388
      vertex 235.3 32.88458698356828 57.04358549596388
      vertex 235.3 32.2842890304516 56.86148710270966
    endloop
  endfacet
  facet normal 0 -0.09801714032956128 0.9951847266721968
    outer loop
      vertex 238.3 32.2842890304516 56.86148710270966
      vertex 235.3 32.2842890304516 56.86148710270966
      vertex 235.3 31.659999999999997 56.8
    endloop
  endfacet
  facet normal 5.427934442137045e-19 -0.09801714032956128 0.9951847266721968
    outer loop
      vertex 238.3 32.2842890304516 56.86148710270966
      vertex 235.3 31.659999999999997 56.8
      vertex 238.3 31.659999999999997 56.8
    endloop
  endfacet
  facet normal 0 0.09801714032956073 0.9951847266721969
    outer loop
      vertex 238.3 31.659999999999997 56.8
      vertex 235.3 31.659999999999997 56.8
      vertex 235.3 31.035710969548386 56.86148710270966
    endloop
  endfacet
  facet normal -1 0 0
    outer loop
      vertex 238.3 32.2842890304516 56.86148710270966
      vertex 238.3 31.035710969548386 56.86148710270966
      vertex 238.3 30.43541301643171 57.04358549596388
    endloop
  endfacet
  facet normal -1 0 0
    outer loop
      vertex 238.3 32.88458698356828 57.04358549596388
      vertex 238.3 30.43541301643171 57.04358549596388
      vertex 238.3 29.88217525433727 57.33929724063186
    endloop
  endfacet
  facet normal -1 0 0
    outer loop
      vertex 238.3 33.437824745662724 57.33929724063186
      vertex 238.3 29.88217525433727 57.33929724063186
      vertex 238.3 29.397258300203042 57.737258300203045
    endloop
  endfacet
  facet normal -1 0 0
    outer loop
      vertex 238.3 33.92274169979695 57.737258300203045
      vertex 238.3 29.397258300203042 57.737258300203045
      vertex 238.3 28.99929724063185 58.22217525433727
    endloop
  endfacet
  facet normal 1.3693583310301829e-18 0.09801714032956073 0.9951847266721969
    outer loop
      vertex 238.3 31.659999999999997 56.8
      vertex 235.3 31.035710969548386 56.86148710270966
      vertex 238.3 31.035710969548386 56.86148710270966
    endloop
  endfacet
  facet normal 2.643440942944734e-18 0.2902846772544656 0.9569403357322079
    outer loop
      vertex 238.3 31.035710969548386 56.86148710270966
      vertex 235.3 30.43541301643171 57.04358549596388
      vertex 238.3 30.43541301643171 57.04358549596388
    endloop
  endfacet
  facet normal 0 0.2902846772544656 0.9569403357322079
    outer loop
      vertex 238.3 31.035710969548386 56.86148710270966
      vertex 235.3 31.035710969548386 56.86148710270966
      vertex 235.3 30.43541301643171 57.04358549596388
    endloop
  endfacet
  facet normal 0 0.47139673682600136 0.8819212643483532
    outer loop
      vertex 238.3 30.43541301643171 57.04358549596388
      vertex 235.3 30.43541301643171 57.04358549596388
      vertex 235.3 29.88217525433727 57.33929724063186
    endloop
  endfacet
  facet normal -3.650247820489784e-18 0.47139673682600136 0.8819212643483532
    outer loop
      vertex 238.3 30.43541301643171 57.04358549596388
      vertex 235.3 29.88217525433727 57.33929724063186
      vertex 238.3 29.88217525433727 57.33929724063186
    endloop
  endfacet
  facet normal 4.9354421906285446e-18 0.6343932841636385 0.7730104533627428
    outer loop
      vertex 238.3 29.88217525433727 57.33929724063186
      vertex 235.3 29.397258300203042 57.737258300203045
      vertex 238.3 29.397258300203042 57.737258300203045
    endloop
  endfacet
  facet normal 0 0.6343932841636385 0.7730104533627428
    outer loop
      vertex 238.3 29.88217525433727 57.33929724063186
      vertex 235.3 29.88217525433727 57.33929724063186
      vertex 235.3 29.397258300203042 57.737258300203045
    endloop
  endfacet
  facet normal 0 0.77301045336274 0.6343932841636418
    outer loop
      vertex 238.3 29.397258300203042 57.737258300203045
      vertex 235.3 29.397258300203042 57.737258300203045
      vertex 235.3 28.99929724063185 58.22217525433727
    endloop
  endfacet
  facet normal -1 0 0
    outer loop
      vertex 238.3 34.79851289729034 59.375710969548386
      vertex 238.3 33.36 60
      vertex 238.3 34.86 60
    endloop
  endfacet
  facet normal -1 0 0
    outer loop
      vertex 238.3 34.86 60
      vertex 238.3 33.32733497668549 60.331653547427415
      vertex 238.3 34.79851289729034 60.624289030451614
    endloop
  endfacet
  facet normal 0 -0.8819212643483578 0.47139673682599254
    outer loop
      vertex 238.3 34.320702759368146 58.22217525433727
      vertex 238.3 34.616414504036115 58.77541301643171
      vertex 235.3 34.320702759368146 58.22217525433727
    endloop
  endfacet
  facet normal 0 -0.8819212643483578 0.47139673682599254
    outer loop
      vertex 238.3 34.616414504036115 58.77541301643171
      vertex 235.3 34.616414504036115 58.77541301643171
      vertex 235.3 34.320702759368146 58.22217525433727
    endloop
  endfacet
  facet normal 0 -0.9569403357322075 0.29028467725446716
    outer loop
      vertex 238.3 34.616414504036115 58.77541301643171
      vertex 238.3 34.79851289729034 59.375710969548386
      vertex 235.3 34.616414504036115 58.77541301643171
    endloop
  endfacet
  facet normal 0 -0.9951847266721969 0.09801714032956017
    outer loop
      vertex 238.3 34.79851289729034 59.375710969548386
      vertex 238.3 34.86 60
      vertex 235.3 34.79851289729034 59.375710969548386
    endloop
  endfacet
  facet normal 0 -0.9569403357322075 0.29028467725446716
    outer loop
      vertex 238.3 34.79851289729034 59.375710969548386
      vertex 235.3 34.79851289729034 59.375710969548386
      vertex 235.3 34.616414504036115 58.77541301643171
    endloop
  endfacet
  facet normal 0 -0.9951847266721969 0.09801714032956017
    outer loop
      vertex 238.3 34.86 60
      vertex 235.3 34.86 60
      vertex 235.3 34.79851289729034 59.375710969548386
    endloop
  endfacet
  facet normal 0 -0.9951847266721969 -0.09801714032956017
    outer loop
      vertex 238.3 34.86 60
      vertex 238.3 34.79851289729034 60.624289030451614
      vertex 235.3 34.86 60
    endloop
  endfacet
  facet normal 0 -0.9951847266721969 -0.09801714032956017
    outer loop
      vertex 238.3 34.79851289729034 60.624289030451614
      vertex 235.3 34.79851289729034 60.624289030451614
      vertex 235.3 34.86 60
    endloop
  endfacet
  facet normal 0 -0.9569403357322075 -0.29028467725446716
    outer loop
      vertex 238.3 34.79851289729034 60.624289030451614
      vertex 238.3 34.616414504036115 61.22458698356829
      vertex 235.3 34.79851289729034 60.624289030451614
    endloop
  endfacet
  facet normal 0 -0.9569403357322075 -0.29028467725446716
    outer loop
      vertex 238.3 34.616414504036115 61.22458698356829
      vertex 235.3 34.616414504036115 61.22458698356829
      vertex 235.3 34.79851289729034 60.624289030451614
    endloop
  endfacet
  facet normal 0 -0.8819212643483578 -0.47139673682599254
    outer loop
      vertex 238.3 34.616414504036115 61.22458698356829
      vertex 238.3 34.320702759368146 61.77782474566273
      vertex 235.3 34.616414504036115 61.22458698356829
    endloop
  endfacet
  facet normal 0 -0.8819212643483578 -0.47139673682599254
    outer loop
      vertex 238.3 34.320702759368146 61.77782474566273
      vertex 235.3 34.320702759368146 61.77782474566273
      vertex 235.3 34.616414504036115 61.22458698356829
    endloop
  endfacet
  facet normal -1 0 0
    outer loop
      vertex 238.3 34.320702759368146 58.22217525433727
      vertex 238.3 32.86208152801713 58.79791847198287
      vertex 238.3 34.616414504036115 58.77541301643171
    endloop
  endfacet
  facet normal -1 0 0
    outer loop
      vertex 238.3 34.616414504036115 58.77541301643171
      vertex 238.3 32.86208152801713 58.79791847198287
      vertex 238.3 33.07349834091433 59.05553060386668
    endloop
  endfacet
  facet normal -1 0 0
    outer loop
      vertex 238.3 34.616414504036115 58.77541301643171
      vertex 238.3 33.32733497668549 59.668346452572585
      vertex 238.3 34.79851289729034 59.375710969548386
    endloop
  endfacet
  facet normal -1 0 0
    outer loop
      vertex 238.3 34.616414504036115 58.77541301643171
      vertex 238.3 33.23059520526918 59.34943816497935
      vertex 238.3 33.32733497668549 59.668346452572585
    endloop
  endfacet
  facet normal -1 0 0
    outer loop
      vertex 238.3 34.616414504036115 58.77541301643171
      vertex 238.3 33.07349834091433 59.05553060386668
      vertex 238.3 33.23059520526918 59.34943816497935
    endloop
  endfacet
  facet normal -1 0 0
    outer loop
      vertex 238.3 34.79851289729034 59.375710969548386
      vertex 238.3 33.32733497668549 59.668346452572585
      vertex 238.3 33.36 60
    endloop
  endfacet
  facet normal -1 0 0
    outer loop
      vertex 238.3 34.320702759368146 58.22217525433727
      vertex 238.3 32.60446939613332 58.58650165908567
      vertex 238.3 32.86208152801713 58.79791847198287
    endloop
  endfacet
  facet normal -1 0 0
    outer loop
      vertex 238.3 34.320702759368146 58.22217525433727
      vertex 238.3 32.31056183502065 58.429404794730814
      vertex 238.3 32.60446939613332 58.58650165908567
    endloop
  endfacet
  facet normal -1 0 0
    outer loop
      vertex 238.3 34.320702759368146 58.22217525433727
      vertex 238.3 31.991653547427415 58.33266502331451
      vertex 238.3 32.31056183502065 58.429404794730814
    endloop
  endfacet
  facet normal -1 0 0
    outer loop
      vertex 238.3 34.86 60
      vertex 238.3 33.36 60
      vertex 238.3 33.32733497668549 60.331653547427415
    endloop
  endfacet
  facet normal -1 0 0
    outer loop
      vertex 238.3 34.79851289729034 60.624289030451614
      vertex 238.3 33.32733497668549 60.331653547427415
      vertex 238.3 33.23059520526918 60.65056183502065
    endloop
  endfacet
  facet normal -1 0 0
    outer loop
      vertex 238.3 34.79851289729034 60.624289030451614
      vertex 238.3 33.07349834091433 60.94446939613332
      vertex 238.3 34.616414504036115 61.22458698356829
    endloop
  endfacet
  facet normal -1 0 0
    outer loop
      vertex 238.3 34.79851289729034 60.624289030451614
      vertex 238.3 33.23059520526918 60.65056183502065
      vertex 238.3 33.07349834091433 60.94446939613332
    endloop
  endfacet
  facet normal -1 0 0
    outer loop
      vertex 238.3 34.616414504036115 61.22458698356829
      vertex 238.3 33.07349834091433 60.94446939613332
      vertex 238.3 32.86208152801713 61.20208152801713
    endloop
  endfacet
  facet normal -1 0 0
    outer loop
      vertex 238.3 34.616414504036115 61.22458698356829
      vertex 238.3 32.31056183502065 61.570595205269186
      vertex 238.3 34.320702759368146 61.77782474566273
    endloop
  endfacet
  facet normal -1 0 0
    outer loop
      vertex 238.3 34.616414504036115 61.22458698356829
      vertex 238.3 32.86208152801713 61.20208152801713
      vertex 238.3 32.60446939613332 61.41349834091433
    endloop
  endfacet
  facet normal -1 0 0
    outer loop
      vertex 238.3 34.616414504036115 61.22458698356829
      vertex 238.3 32.60446939613332 61.41349834091433
      vertex 238.3 32.31056183502065 61.570595205269186
    endloop
  endfacet
  facet normal 0 -0.7730104533627372 0.6343932841636453
    outer loop
      vertex 238.3 34.320702759368146 58.22217525433727
      vertex 235.3 34.320702759368146 58.22217525433727
      vertex 235.3 33.92274169979695 57.737258300203045
    endloop
  endfacet
  facet normal -1 0 0
    outer loop
      vertex 238.3 34.320702759368146 61.77782474566273
      vertex 238.3 32.31056183502065 61.570595205269186
      vertex 238.3 31.991653547427415 61.66733497668549
    endloop
  endfacet
  facet normal 0 -0.7730104533627372 -0.6343932841636453
    outer loop
      vertex 238.3 34.320702759368146 61.77782474566273
      vertex 238.3 33.92274169979695 62.262741699796955
      vertex 235.3 34.320702759368146 61.77782474566273
    endloop
  endfacet
  facet normal 0 -0.7730104533627372 -0.6343932841636453
    outer loop
      vertex 238.3 33.92274169979695 62.262741699796955
      vertex 235.3 33.92274169979695 62.262741699796955
      vertex 235.3 34.320702759368146 61.77782474566273
    endloop
  endfacet
  facet normal 0 -0.6343932841636385 -0.7730104533627428
    outer loop
      vertex 238.3 33.92274169979695 62.262741699796955
      vertex 238.3 33.437824745662724 62.66070275936814
      vertex 235.3 33.92274169979695 62.262741699796955
    endloop
  endfacet
  facet normal 0 -0.6343932841636385 -0.7730104533627428
    outer loop
      vertex 238.3 33.437824745662724 62.66070275936814
      vertex 235.3 33.437824745662724 62.66070275936814
      vertex 235.3 33.92274169979695 62.262741699796955
    endloop
  endfacet
  facet normal 0 -0.47139673682600136 -0.8819212643483532
    outer loop
      vertex 238.3 33.437824745662724 62.66070275936814
      vertex 238.3 32.88458698356828 62.95641450403612
      vertex 235.3 33.437824745662724 62.66070275936814
    endloop
  endfacet
  facet normal 0 -0.47139673682600136 -0.8819212643483532
    outer loop
      vertex 238.3 32.88458698356828 62.95641450403612
      vertex 235.3 32.88458698356828 62.95641450403612
      vertex 235.3 33.437824745662724 62.66070275936814
    endloop
  endfacet
  facet normal -1 0 0
    outer loop
      vertex 238.3 34.320702759368146 58.22217525433727
      vertex 238.3 31.659999999999997 58.3
      vertex 238.3 31.991653547427415 58.33266502331451
    endloop
  endfacet
  facet normal -1 0 0
    outer loop
      vertex 238.3 34.320702759368146 58.22217525433727
      vertex 238.3 33.92274169979695 57.737258300203045
      vertex 238.3 28.99929724063185 58.22217525433727
    endloop
  endfacet
  facet normal -1 0 0
    outer loop
      vertex 238.3 34.320702759368146 58.22217525433727
      vertex 238.3 28.99929724063185 58.22217525433727
      vertex 238.3 31.659999999999997 58.3
    endloop
  endfacet
  facet normal -1 0 0
    outer loop
      vertex 238.3 31.659999999999997 58.3
      vertex 238.3 28.99929724063185 58.22217525433727
      vertex 238.3 31.32834645257258 58.33266502331451
    endloop
  endfacet
  facet normal -1 0 0
    outer loop
      vertex 238.3 31.32834645257258 58.33266502331451
      vertex 238.3 28.99929724063185 58.22217525433727
      vertex 238.3 31.009438164979343 58.429404794730814
    endloop
  endfacet
  facet normal -1 0 0
    outer loop
      vertex 238.3 31.009438164979343 58.429404794730814
      vertex 238.3 28.70358549596388 58.77541301643171
      vertex 238.3 30.715530603866675 58.58650165908567
    endloop
  endfacet
  facet normal -1 0 0
    outer loop
      vertex 238.3 30.715530603866675 58.58650165908567
      vertex 238.3 28.70358549596388 58.77541301643171
      vertex 238.3 30.457918471982865 58.79791847198287
    endloop
  endfacet
  facet normal -1 0 0
    outer loop
      vertex 238.3 30.457918471982865 58.79791847198287
      vertex 238.3 28.70358549596388 58.77541301643171
      vertex 238.3 30.24650165908567 59.05553060386668
    endloop
  endfacet
  facet normal -1 0 0
    outer loop
      vertex 238.3 31.009438164979343 61.570595205269186
      vertex 238.3 30.715530603866675 61.41349834091433
      vertex 238.3 28.99929724063185 61.77782474566273
    endloop
  endfacet
  facet normal -1 0 0
    outer loop
      vertex 238.3 30.24650165908567 60.94446939613332
      vertex 238.3 28.70358549596388 61.22458698356829
      vertex 238.3 30.457918471982865 61.20208152801713
    endloop
  endfacet
  facet normal -1 0 0
    outer loop
      vertex 238.3 30.715530603866675 61.41349834091433
      vertex 238.3 30.457918471982865 61.20208152801713
      vertex 238.3 28.99929724063185 61.77782474566273
    endloop
  endfacet
  facet normal -1 0 0
    outer loop
      vertex 238.3 34.320702759368146 61.77782474566273
      vertex 238.3 31.991653547427415 61.66733497668549
      vertex 238.3 31.659999999999997 61.7
    endloop
  endfacet
  facet normal -1 0 0
    outer loop
      vertex 238.3 34.320702759368146 61.77782474566273
      vertex 238.3 29.397258300203042 62.262741699796955
      vertex 238.3 33.92274169979695 62.262741699796955
    endloop
  endfacet
  facet normal -1 0 0
    outer loop
      vertex 238.3 33.92274169979695 62.262741699796955
      vertex 238.3 29.88217525433727 62.66070275936814
      vertex 238.3 33.437824745662724 62.66070275936814
    endloop
  endfacet
  facet normal -1 0 0
    outer loop
      vertex 238.3 33.437824745662724 62.66070275936814
      vertex 238.3 30.43541301643171 62.95641450403612
      vertex 238.3 32.88458698356828 62.95641450403612
    endloop
  endfacet
  facet normal -1 0 0
    outer loop
      vertex 238.3 32.88458698356828 62.95641450403612
      vertex 238.3 31.035710969548386 63.13851289729034
      vertex 238.3 32.2842890304516 63.13851289729034
    endloop
  endfacet
  facet normal -1 0 0
    outer loop
      vertex 238.3 34.320702759368146 61.77782474566273
      vertex 238.3 31.659999999999997 61.7
      vertex 238.3 28.99929724063185 61.77782474566273
    endloop
  endfacet
  facet normal -1 0 0
    outer loop
      vertex 238.3 32.2842890304516 63.13851289729034
      vertex 238.3 31.035710969548386 63.13851289729034
      vertex 238.3 31.659999999999997 63.2
    endloop
  endfacet
  facet normal -1 0 0
    outer loop
      vertex 238.3 32.88458698356828 62.95641450403612
      vertex 238.3 30.43541301643171 62.95641450403612
      vertex 238.3 31.035710969548386 63.13851289729034
    endloop
  endfacet
  facet normal 0 -0.290284677254464 -0.9569403357322084
    outer loop
      vertex 238.3 32.88458698356828 62.95641450403612
      vertex 238.3 32.2842890304516 63.13851289729034
      vertex 235.3 32.88458698356828 62.95641450403612
    endloop
  endfacet
  facet normal 0 -0.290284677254464 -0.9569403357322084
    outer loop
      vertex 238.3 32.2842890304516 63.13851289729034
      vertex 235.3 32.2842890304516 63.13851289729034
      vertex 235.3 32.88458698356828 62.95641450403612
    endloop
  endfacet
  facet normal 0 -0.09801714032956128 -0.9951847266721968
    outer loop
      vertex 238.3 32.2842890304516 63.13851289729034
      vertex 238.3 31.659999999999997 63.2
      vertex 235.3 32.2842890304516 63.13851289729034
    endloop
  endfacet
  facet normal 0 -0.09801714032956128 -0.9951847266721968
    outer loop
      vertex 238.3 31.659999999999997 63.2
      vertex 235.3 31.659999999999997 63.2
      vertex 235.3 32.2842890304516 63.13851289729034
    endloop
  endfacet
  facet normal 0 0.09801714032956073 -0.9951847266721969
    outer loop
      vertex 238.3 31.659999999999997 63.2
      vertex 238.3 31.035710969548386 63.13851289729034
      vertex 235.3 31.659999999999997 63.2
    endloop
  endfacet
  facet normal -1 0 0
    outer loop
      vertex 238.3 34.320702759368146 61.77782474566273
      vertex 238.3 28.99929724063185 61.77782474566273
      vertex 238.3 29.397258300203042 62.262741699796955
    endloop
  endfacet
  facet normal -1 0 0
    outer loop
      vertex 238.3 33.92274169979695 62.262741699796955
      vertex 238.3 29.397258300203042 62.262741699796955
      vertex 238.3 29.88217525433727 62.66070275936814
    endloop
  endfacet
  facet normal -1 0 0
    outer loop
      vertex 238.3 31.659999999999997 61.7
      vertex 238.3 31.32834645257258 61.66733497668549
      vertex 238.3 28.99929724063185 61.77782474566273
    endloop
  endfacet
  facet normal -1 0 0
    outer loop
      vertex 238.3 33.437824745662724 62.66070275936814
      vertex 238.3 29.88217525433727 62.66070275936814
      vertex 238.3 30.43541301643171 62.95641450403612
    endloop
  endfacet
  facet normal -1 0 0
    outer loop
      vertex 238.3 31.32834645257258 61.66733497668549
      vertex 238.3 31.009438164979343 61.570595205269186
      vertex 238.3 28.99929724063185 61.77782474566273
    endloop
  endfacet
  facet normal 0 0.09801714032956073 -0.9951847266721969
    outer loop
      vertex 238.3 31.035710969548386 63.13851289729034
      vertex 235.3 31.035710969548386 63.13851289729034
      vertex 235.3 31.659999999999997 63.2
    endloop
  endfacet
  facet normal 0 0.2902846772544656 -0.9569403357322079
    outer loop
      vertex 238.3 31.035710969548386 63.13851289729034
      vertex 238.3 30.43541301643171 62.95641450403612
      vertex 235.3 31.035710969548386 63.13851289729034
    endloop
  endfacet
  facet normal 0 0.2902846772544656 -0.9569403357322079
    outer loop
      vertex 238.3 30.43541301643171 62.95641450403612
      vertex 235.3 30.43541301643171 62.95641450403612
      vertex 235.3 31.035710969548386 63.13851289729034
    endloop
  endfacet
  facet normal 3.650247820489784e-18 0.47139673682600136 -0.8819212643483532
    outer loop
      vertex 238.3 29.88217525433727 62.66070275936814
      vertex 235.3 30.43541301643171 62.95641450403612
      vertex 238.3 30.43541301643171 62.95641450403612
    endloop
  endfacet
  facet normal 0 0.47139673682600136 -0.8819212643483532
    outer loop
      vertex 238.3 29.88217525433727 62.66070275936814
      vertex 235.3 29.88217525433727 62.66070275936814
      vertex 235.3 30.43541301643171 62.95641450403612
    endloop
  endfacet
  facet normal -1 0 0
    outer loop
      vertex 238.3 31.009438164979343 58.429404794730814
      vertex 238.3 28.99929724063185 58.22217525433727
      vertex 238.3 28.70358549596388 58.77541301643171
    endloop
  endfacet
  facet normal -1 0 0
    outer loop
      vertex 238.3 30.24650165908567 59.05553060386668
      vertex 238.3 28.52148710270966 59.375710969548386
      vertex 238.3 30.08940479473081 59.34943816497935
    endloop
  endfacet
  facet normal -1 0 0
    outer loop
      vertex 238.3 30.08940479473081 59.34943816497935
      vertex 238.3 28.52148710270966 59.375710969548386
      vertex 238.3 29.992665023314505 59.668346452572585
    endloop
  endfacet
  facet normal -1 0 0
    outer loop
      vertex 238.3 30.24650165908567 59.05553060386668
      vertex 238.3 28.70358549596388 58.77541301643171
      vertex 238.3 28.52148710270966 59.375710969548386
    endloop
  endfacet
  facet normal -1 0 0
    outer loop
      vertex 238.3 29.992665023314505 59.668346452572585
      vertex 238.3 28.52148710270966 59.375710969548386
      vertex 238.3 28.459999999999997 60
    endloop
  endfacet
  facet normal -1 0 0
    outer loop
      vertex 238.3 29.992665023314505 59.668346452572585
      vertex 238.3 28.459999999999997 60
      vertex 238.3 29.959999999999997 60
    endloop
  endfacet
  facet normal -1 0 0
    outer loop
      vertex 238.3 29.959999999999997 60
      vertex 238.3 28.52148710270966 60.624289030451614
      vertex 238.3 29.992665023314505 60.331653547427415
    endloop
  endfacet
  facet normal -1 0 0
    outer loop
      vertex 238.3 30.24650165908567 60.94446939613332
      vertex 238.3 30.08940479473081 60.65056183502065
      vertex 238.3 28.70358549596388 61.22458698356829
    endloop
  endfacet
  facet normal -1 0 0
    outer loop
      vertex 238.3 29.992665023314505 60.331653547427415
      vertex 238.3 28.70358549596388 61.22458698356829
      vertex 238.3 30.08940479473081 60.65056183502065
    endloop
  endfacet
  facet normal -1 0 0
    outer loop
      vertex 238.3 29.992665023314505 60.331653547427415
      vertex 238.3 28.52148710270966 60.624289030451614
      vertex 238.3 28.70358549596388 61.22458698356829
    endloop
  endfacet
  facet normal -1 0 0
    outer loop
      vertex 238.3 30.457918471982865 61.20208152801713
      vertex 238.3 28.70358549596388 61.22458698356829
      vertex 238.3 28.99929724063185 61.77782474566273
    endloop
  endfacet
  facet normal -1 0 0
    outer loop
      vertex 238.3 29.959999999999997 60
      vertex 238.3 28.459999999999997 60
      vertex 238.3 28.52148710270966 60.624289030451614
    endloop
  endfacet
  facet normal 3.9123388910637885e-18 0.77301045336274 0.6343932841636418
    outer loop
      vertex 238.3 29.397258300203042 57.737258300203045
      vertex 235.3 28.99929724063185 58.22217525433727
      vertex 238.3 28.99929724063185 58.22217525433727
    endloop
  endfacet
  facet normal -6.387069150943919e-18 0.8819212643483554 0.4713967368259969
    outer loop
      vertex 238.3 28.99929724063185 58.22217525433727
      vertex 235.3 28.70358549596388 58.77541301643171
      vertex 238.3 28.70358549596388 58.77541301643171
    endloop
  endfacet
  facet normal 0 0.8819212643483554 0.4713967368259969
    outer loop
      vertex 238.3 28.99929724063185 58.22217525433727
      vertex 235.3 28.99929724063185 58.22217525433727
      vertex 235.3 28.70358549596388 58.77541301643171
    endloop
  endfacet
  facet normal -2.566716764296727e-18 0.956940335732209 0.290284677254462
    outer loop
      vertex 238.3 28.70358549596388 58.77541301643171
      vertex 235.3 28.52148710270966 59.375710969548386
      vertex 238.3 28.52148710270966 59.375710969548386
    endloop
  endfacet
  facet normal -4.056075034287462e-19 0.9951847266721969 0.09801714032956017
    outer loop
      vertex 238.3 28.52148710270966 59.375710969548386
      vertex 235.3 28.459999999999997 60
      vertex 238.3 28.459999999999997 60
    endloop
  endfacet
  facet normal 0 0.956940335732209 0.290284677254462
    outer loop
      vertex 238.3 28.70358549596388 58.77541301643171
      vertex 235.3 28.70358549596388 58.77541301643171
      vertex 235.3 28.52148710270966 59.375710969548386
    endloop
  endfacet
  facet normal 0 0.9951847266721969 0.09801714032956017
    outer loop
      vertex 238.3 28.52148710270966 59.375710969548386
      vertex 235.3 28.52148710270966 59.375710969548386
      vertex 235.3 28.459999999999997 60
    endloop
  endfacet
  facet normal 4.056075034287462e-19 0.9951847266721969 -0.09801714032956017
    outer loop
      vertex 238.3 28.459999999999997 60
      vertex 235.3 28.52148710270966 60.624289030451614
      vertex 238.3 28.52148710270966 60.624289030451614
    endloop
  endfacet
  facet normal 0 0.9951847266721969 -0.09801714032956017
    outer loop
      vertex 238.3 28.459999999999997 60
      vertex 235.3 28.459999999999997 60
      vertex 235.3 28.52148710270966 60.624289030451614
    endloop
  endfacet
  facet normal 6.387069150943919e-18 0.8819212643483554 -0.4713967368259969
    outer loop
      vertex 238.3 28.70358549596388 61.22458698356829
      vertex 235.3 28.99929724063185 61.77782474566273
      vertex 238.3 28.99929724063185 61.77782474566273
    endloop
  endfacet
  facet normal 0 0.8819212643483554 -0.4713967368259969
    outer loop
      vertex 238.3 28.70358549596388 61.22458698356829
      vertex 235.3 28.70358549596388 61.22458698356829
      vertex 235.3 28.99929724063185 61.77782474566273
    endloop
  endfacet
  facet normal 2.566716764296727e-18 0.956940335732209 -0.290284677254462
    outer loop
      vertex 238.3 28.52148710270966 60.624289030451614
      vertex 235.3 28.70358549596388 61.22458698356829
      vertex 238.3 28.70358549596388 61.22458698356829
    endloop
  endfacet
  facet normal 0 0.956940335732209 -0.290284677254462
    outer loop
      vertex 238.3 28.52148710270966 60.624289030451614
      vertex 235.3 28.52148710270966 60.624289030451614
      vertex 235.3 28.70358549596388 61.22458698356829
    endloop
  endfacet
  facet normal 0 0.6343932841636385 -0.7730104533627428
    outer loop
      vertex 238.3 29.88217525433727 62.66070275936814
      vertex 238.3 29.397258300203042 62.262741699796955
      vertex 235.3 29.88217525433727 62.66070275936814
    endloop
  endfacet
  facet normal 0 0.6343932841636385 -0.7730104533627428
    outer loop
      vertex 238.3 29.397258300203042 62.262741699796955
      vertex 235.3 29.397258300203042 62.262741699796955
      vertex 235.3 29.88217525433727 62.66070275936814
    endloop
  endfacet
  facet normal 0 0.77301045336274 -0.6343932841636418
    outer loop
      vertex 238.3 29.397258300203042 62.262741699796955
      vertex 238.3 28.99929724063185 61.77782474566273
      vertex 235.3 29.397258300203042 62.262741699796955
    endloop
  endfacet
  facet normal 0 0.77301045336274 -0.6343932841636418
    outer loop
      vertex 238.3 28.99929724063185 61.77782474566273
      vertex 235.3 28.99929724063185 61.77782474566273
      vertex 235.3 29.397258300203042 62.262741699796955
    endloop
  endfacet
  facet normal 0 -0.8819212643483643 0.4713967368259802
    outer loop
      vertex 238.3 33.07349834091433 103.05553060386667
      vertex 241.3 33.07349834091433 103.05553060386667
      vertex 241.3 33.23059520526918 103.34943816497935
    endloop
  endfacet
  facet normal 0 -0.7730104533627293 0.6343932841636547
    outer loop
      vertex 238.3 32.86208152801713 102.79791847198287
      vertex 241.3 32.86208152801713 102.79791847198287
      vertex 241.3 33.07349834091433 103.05553060386667
    endloop
  endfacet
  facet normal 0 -0.8819212643483643 0.4713967368259802
    outer loop
      vertex 238.3 33.23059520526918 103.34943816497935
      vertex 238.3 33.07349834091433 103.05553060386667
      vertex 241.3 33.23059520526918 103.34943816497935
    endloop
  endfacet
  facet normal 0 -0.6343932841636443 0.773010453362738
    outer loop
      vertex 238.3 32.86208152801713 102.79791847198287
      vertex 238.3 32.60446939613332 102.58650165908567
      vertex 241.3 32.86208152801713 102.79791847198287
    endloop
  endfacet
  facet normal 3.0870772451920244e-18 -0.7730104533627293 0.6343932841636547
    outer loop
      vertex 238.3 32.86208152801713 102.79791847198287
      vertex 241.3 33.07349834091433 103.05553060386667
      vertex 238.3 33.07349834091433 103.05553060386667
    endloop
  endfacet
  facet normal 0 -0.9569403357322034 0.29028467725448026
    outer loop
      vertex 238.3 33.23059520526918 103.34943816497935
      vertex 241.3 33.23059520526918 103.34943816497935
      vertex 241.3 33.32733497668549 103.66834645257258
    endloop
  endfacet
  facet normal 0 -0.9951847266721973 0.09801714032955695
    outer loop
      vertex 238.3 33.32733497668549 103.66834645257258
      vertex 241.3 33.32733497668549 103.66834645257258
      vertex 241.3 33.36 104
    endloop
  endfacet
  facet normal 0 -0.9951847266721973 -0.09801714032955695
    outer loop
      vertex 238.3 33.36 104
      vertex 241.3 33.36 104
      vertex 241.3 33.32733497668549 104.33165354742742
    endloop
  endfacet
  facet normal 0 -0.9569403357322034 -0.29028467725448026
    outer loop
      vertex 238.3 33.32733497668549 104.33165354742742
      vertex 241.3 33.32733497668549 104.33165354742742
      vertex 241.3 33.23059520526918 104.65056183502065
    endloop
  endfacet
  facet normal 0 -0.8819212643483643 -0.4713967368259802
    outer loop
      vertex 238.3 33.23059520526918 104.65056183502065
      vertex 241.3 33.23059520526918 104.65056183502065
      vertex 241.3 33.07349834091433 104.94446939613333
    endloop
  endfacet
  facet normal 0 -0.7730104533627293 -0.6343932841636547
    outer loop
      vertex 238.3 33.07349834091433 104.94446939613333
      vertex 241.3 33.07349834091433 104.94446939613333
      vertex 241.3 32.86208152801713 105.20208152801713
    endloop
  endfacet
  facet normal 6.50400672538169e-19 -0.9569403357322034 0.29028467725448026
    outer loop
      vertex 238.3 33.23059520526918 103.34943816497935
      vertex 241.3 33.32733497668549 103.66834645257258
      vertex 238.3 33.32733497668549 103.66834645257258
    endloop
  endfacet
  facet normal 4.175492119695351e-19 -0.9951847266721973 0.09801714032955695
    outer loop
      vertex 238.3 33.32733497668549 103.66834645257258
      vertex 241.3 33.36 104
      vertex 238.3 33.36 104
    endloop
  endfacet
  facet normal -4.175492119695351e-19 -0.9951847266721973 -0.09801714032955695
    outer loop
      vertex 238.3 33.36 104
      vertex 241.3 33.32733497668549 104.33165354742742
      vertex 238.3 33.32733497668549 104.33165354742742
    endloop
  endfacet
  facet normal -6.50400672538169e-19 -0.9569403357322034 -0.29028467725448026
    outer loop
      vertex 238.3 33.32733497668549 104.33165354742742
      vertex 241.3 33.23059520526918 104.65056183502065
      vertex 238.3 33.23059520526918 104.65056183502065
    endloop
  endfacet
  facet normal -4.0639078997895458e-19 -0.8819212643483643 -0.4713967368259802
    outer loop
      vertex 238.3 33.23059520526918 104.65056183502065
      vertex 241.3 33.07349834091433 104.94446939613333
      vertex 238.3 33.07349834091433 104.94446939613333
    endloop
  endfacet
  facet normal -3.0870772451920244e-18 -0.7730104533627293 -0.6343932841636547
    outer loop
      vertex 238.3 33.07349834091433 104.94446939613333
      vertex 241.3 32.86208152801713 105.20208152801713
      vertex 238.3 32.86208152801713 105.20208152801713
    endloop
  endfacet
  facet normal 0 -0.6343932841636443 -0.773010453362738
    outer loop
      vertex 238.3 32.86208152801713 105.20208152801713
      vertex 241.3 32.86208152801713 105.20208152801713
      vertex 241.3 32.60446939613332 105.41349834091433
    endloop
  endfacet
  facet normal 0 -0.2902846772544773 0.9569403357322043
    outer loop
      vertex 238.3 31.991653547427415 102.3326650233145
      vertex 241.3 31.991653547427415 102.3326650233145
      vertex 241.3 32.31056183502065 102.42940479473081
    endloop
  endfacet
  facet normal 0 -0.6343932841636443 0.773010453362738
    outer loop
      vertex 238.3 32.60446939613332 102.58650165908567
      vertex 241.3 32.60446939613332 102.58650165908567
      vertex 241.3 32.86208152801713 102.79791847198287
    endloop
  endfacet
  facet normal 0 -0.47139673682598915 0.8819212643483596
    outer loop
      vertex 238.3 32.31056183502065 102.42940479473081
      vertex 241.3 32.31056183502065 102.42940479473081
      vertex 241.3 32.60446939613332 102.58650165908567
    endloop
  endfacet
  facet normal 0 -0.2902846772544773 0.9569403357322043
    outer loop
      vertex 238.3 32.31056183502065 102.42940479473081
      vertex 238.3 31.991653547427415 102.3326650233145
      vertex 241.3 32.31056183502065 102.42940479473081
    endloop
  endfacet
  facet normal 0 -0.47139673682598915 0.8819212643483596
    outer loop
      vertex 238.3 32.60446939613332 102.58650165908567
      vertex 238.3 32.31056183502065 102.42940479473081
      vertex 241.3 32.60446939613332 102.58650165908567
    endloop
  endfacet
  facet normal 0 -0.098017140329558 0.9951847266721972
    outer loop
      vertex 238.3 31.659999999999997 102.3
      vertex 241.3 31.659999999999997 102.3
      vertex 241.3 31.991653547427415 102.3326650233145
    endloop
  endfacet
  facet normal 0 0.098017140329558 0.9951847266721972
    outer loop
      vertex 238.3 31.32834645257258 102.3326650233145
      vertex 241.3 31.32834645257258 102.3326650233145
      vertex 241.3 31.659999999999997 102.3
    endloop
  endfacet
  facet normal 0 -0.098017140329558 0.9951847266721972
    outer loop
      vertex 238.3 31.991653547427415 102.3326650233145
      vertex 238.3 31.659999999999997 102.3
      vertex 241.3 31.991653547427415 102.3326650233145
    endloop
  endfacet
  facet normal 0 0.098017140329558 0.9951847266721972
    outer loop
      vertex 238.3 31.659999999999997 102.3
      vertex 238.3 31.32834645257258 102.3326650233145
      vertex 241.3 31.659999999999997 102.3
    endloop
  endfacet
  facet normal 0 0.2902846772544773 0.9569403357322043
    outer loop
      vertex 238.3 31.009438164979343 102.42940479473081
      vertex 241.3 31.009438164979343 102.42940479473081
      vertex 241.3 31.32834645257258 102.3326650233145
    endloop
  endfacet
  facet normal 0 0.47139673682598915 0.8819212643483596
    outer loop
      vertex 238.3 30.715530603866675 102.58650165908567
      vertex 241.3 30.715530603866675 102.58650165908567
      vertex 241.3 31.009438164979343 102.42940479473081
    endloop
  endfacet
  facet normal 0 0.6343932841636443 0.773010453362738
    outer loop
      vertex 238.3 30.457918471982865 102.79791847198287
      vertex 241.3 30.457918471982865 102.79791847198287
      vertex 241.3 30.715530603866675 102.58650165908567
    endloop
  endfacet
  facet normal 0 0.2902846772544773 0.9569403357322043
    outer loop
      vertex 238.3 31.32834645257258 102.3326650233145
      vertex 238.3 31.009438164979343 102.42940479473081
      vertex 241.3 31.32834645257258 102.3326650233145
    endloop
  endfacet
  facet normal 0 0.47139673682598915 0.8819212643483596
    outer loop
      vertex 238.3 31.009438164979343 102.42940479473081
      vertex 238.3 30.715530603866675 102.58650165908567
      vertex 241.3 31.009438164979343 102.42940479473081
    endloop
  endfacet
  facet normal 0 0.6343932841636443 0.773010453362738
    outer loop
      vertex 238.3 30.715530603866675 102.58650165908567
      vertex 238.3 30.457918471982865 102.79791847198287
      vertex 241.3 30.715530603866675 102.58650165908567
    endloop
  endfacet
  facet normal 0 0.7730104533627346 0.6343932841636483
    outer loop
      vertex 238.3 30.24650165908567 103.05553060386667
      vertex 241.3 30.24650165908567 103.05553060386667
      vertex 241.3 30.457918471982865 102.79791847198287
    endloop
  endfacet
  facet normal 0 0.8819212643483598 0.47139673682598854
    outer loop
      vertex 238.3 30.08940479473081 103.34943816497935
      vertex 241.3 30.08940479473081 103.34943816497935
      vertex 241.3 30.24650165908567 103.05553060386667
    endloop
  endfacet
  facet normal 0 0.7730104533627346 0.6343932841636483
    outer loop
      vertex 238.3 30.457918471982865 102.79791847198287
      vertex 238.3 30.24650165908567 103.05553060386667
      vertex 241.3 30.457918471982865 102.79791847198287
    endloop
  endfacet
  facet normal 0 0.8819212643483598 0.47139673682598854
    outer loop
      vertex 238.3 30.24650165908567 103.05553060386667
      vertex 238.3 30.08940479473081 103.34943816497935
      vertex 241.3 30.24650165908567 103.05553060386667
    endloop
  endfacet
  facet normal 0 0.9569403357322064 0.29028467725447055
    outer loop
      vertex 238.3 29.992665023314505 103.66834645257258
      vertex 241.3 29.992665023314505 103.66834645257258
      vertex 241.3 30.08940479473081 103.34943816497935
    endloop
  endfacet
  facet normal 0 0.9951847266721973 0.09801714032955695
    outer loop
      vertex 238.3 29.959999999999997 104
      vertex 241.3 29.959999999999997 104
      vertex 241.3 29.992665023314505 103.66834645257258
    endloop
  endfacet
  facet normal 0 0.7730104533627346 -0.6343932841636483
    outer loop
      vertex 238.3 30.457918471982865 105.20208152801713
      vertex 241.3 30.457918471982865 105.20208152801713
      vertex 241.3 30.24650165908567 104.94446939613333
    endloop
  endfacet
  facet normal 0 0.8819212643483598 -0.47139673682598854
    outer loop
      vertex 238.3 30.24650165908567 104.94446939613333
      vertex 241.3 30.24650165908567 104.94446939613333
      vertex 241.3 30.08940479473081 104.65056183502065
    endloop
  endfacet
  facet normal 0 0.9951847266721973 -0.09801714032955695
    outer loop
      vertex 238.3 29.992665023314505 104.33165354742742
      vertex 241.3 29.992665023314505 104.33165354742742
      vertex 241.3 29.959999999999997 104
    endloop
  endfacet
  facet normal 0 0.9569403357322064 -0.29028467725447055
    outer loop
      vertex 238.3 30.08940479473081 104.65056183502065
      vertex 241.3 30.08940479473081 104.65056183502065
      vertex 241.3 29.992665023314505 104.33165354742742
    endloop
  endfacet
  facet normal 0 0.9569403357322064 0.29028467725447055
    outer loop
      vertex 238.3 30.08940479473081 103.34943816497935
      vertex 238.3 29.992665023314505 103.66834645257258
      vertex 241.3 30.08940479473081 103.34943816497935
    endloop
  endfacet
  facet normal 0 0.9951847266721973 0.09801714032955695
    outer loop
      vertex 238.3 29.992665023314505 103.66834645257258
      vertex 238.3 29.959999999999997 104
      vertex 241.3 29.992665023314505 103.66834645257258
    endloop
  endfacet
  facet normal 0 0.9951847266721973 -0.09801714032955695
    outer loop
      vertex 238.3 29.959999999999997 104
      vertex 238.3 29.992665023314505 104.33165354742742
      vertex 241.3 29.959999999999997 104
    endloop
  endfacet
  facet normal 0 0.7730104533627346 -0.6343932841636483
    outer loop
      vertex 238.3 30.24650165908567 104.94446939613333
      vertex 238.3 30.457918471982865 105.20208152801713
      vertex 241.3 30.24650165908567 104.94446939613333
    endloop
  endfacet
  facet normal 0 0.9569403357322064 -0.29028467725447055
    outer loop
      vertex 238.3 29.992665023314505 104.33165354742742
      vertex 238.3 30.08940479473081 104.65056183502065
      vertex 241.3 29.992665023314505 104.33165354742742
    endloop
  endfacet
  facet normal 0 0.8819212643483598 -0.47139673682598854
    outer loop
      vertex 238.3 30.08940479473081 104.65056183502065
      vertex 238.3 30.24650165908567 104.94446939613333
      vertex 241.3 30.08940479473081 104.65056183502065
    endloop
  endfacet
  facet normal 0 -0.47139673682598915 -0.8819212643483596
    outer loop
      vertex 238.3 32.60446939613332 105.41349834091433
      vertex 241.3 32.60446939613332 105.41349834091433
      vertex 241.3 32.31056183502065 105.57059520526919
    endloop
  endfacet
  facet normal 0 -0.2902846772544773 -0.9569403357322043
    outer loop
      vertex 238.3 32.31056183502065 105.57059520526919
      vertex 241.3 32.31056183502065 105.57059520526919
      vertex 241.3 31.991653547427415 105.6673349766855
    endloop
  endfacet
  facet normal 4.468894245751017e-19 -0.6343932841636443 -0.773010453362738
    outer loop
      vertex 238.3 32.86208152801713 105.20208152801713
      vertex 241.3 32.60446939613332 105.41349834091433
      vertex 238.3 32.60446939613332 105.41349834091433
    endloop
  endfacet
  facet normal -1.3281590920333047e-18 -0.47139673682598915 -0.8819212643483596
    outer loop
      vertex 238.3 32.60446939613332 105.41349834091433
      vertex 241.3 32.31056183502065 105.57059520526919
      vertex 238.3 32.31056183502065 105.57059520526919
    endloop
  endfacet
  facet normal -8.639096994249569e-19 -0.2902846772544773 -0.9569403357322043
    outer loop
      vertex 238.3 32.31056183502065 105.57059520526919
      vertex 241.3 31.991653547427415 105.6673349766855
      vertex 238.3 31.991653547427415 105.6673349766855
    endloop
  endfacet
  facet normal 0 -0.098017140329558 -0.9951847266721972
    outer loop
      vertex 238.3 31.991653547427415 105.6673349766855
      vertex 241.3 31.991653547427415 105.6673349766855
      vertex 241.3 31.659999999999997 105.7
    endloop
  endfacet
  facet normal 0 0.098017140329558 -0.9951847266721972
    outer loop
      vertex 238.3 31.659999999999997 105.7
      vertex 241.3 31.659999999999997 105.7
      vertex 241.3 31.32834645257258 105.6673349766855
    endloop
  endfacet
  facet normal -5.945868179446666e-19 -0.098017140329558 -0.9951847266721972
    outer loop
      vertex 238.3 31.991653547427415 105.6673349766855
      vertex 241.3 31.659999999999997 105.7
      vertex 238.3 31.659999999999997 105.7
    endloop
  endfacet
  facet normal 5.945868179446666e-19 0.098017140329558 -0.9951847266721972
    outer loop
      vertex 238.3 31.659999999999997 105.7
      vertex 241.3 31.32834645257258 105.6673349766855
      vertex 238.3 31.32834645257258 105.6673349766855
    endloop
  endfacet
  facet normal 0 0.47139673682598915 -0.8819212643483596
    outer loop
      vertex 238.3 31.009438164979343 105.57059520526919
      vertex 241.3 31.009438164979343 105.57059520526919
      vertex 241.3 30.715530603866675 105.41349834091433
    endloop
  endfacet
  facet normal 0 0.2902846772544773 -0.9569403357322043
    outer loop
      vertex 238.3 31.32834645257258 105.6673349766855
      vertex 241.3 31.32834645257258 105.6673349766855
      vertex 241.3 31.009438164979343 105.57059520526919
    endloop
  endfacet
  facet normal 0 0.6343932841636443 -0.773010453362738
    outer loop
      vertex 238.3 30.715530603866675 105.41349834091433
      vertex 241.3 30.715530603866675 105.41349834091433
      vertex 241.3 30.457918471982865 105.20208152801713
    endloop
  endfacet
  facet normal 8.639096994249569e-19 0.2902846772544773 -0.9569403357322043
    outer loop
      vertex 238.3 31.32834645257258 105.6673349766855
      vertex 241.3 31.009438164979343 105.57059520526919
      vertex 238.3 31.009438164979343 105.57059520526919
    endloop
  endfacet
  facet normal 0 0.47139673682598915 -0.8819212643483596
    outer loop
      vertex 238.3 30.715530603866675 105.41349834091433
      vertex 238.3 31.009438164979343 105.57059520526919
      vertex 241.3 30.715530603866675 105.41349834091433
    endloop
  endfacet
  facet normal -4.468894245751017e-19 0.6343932841636443 -0.773010453362738
    outer loop
      vertex 238.3 30.715530603866675 105.41349834091433
      vertex 241.3 30.457918471982865 105.20208152801713
      vertex 238.3 30.457918471982865 105.20208152801713
    endloop
  endfacet
  facet normal -8.430289923695627e-19 -0.6343932841636519 0.7730104533627317
    outer loop
      vertex 238.3 33.92274169979695 101.73725830020305
      vertex 235.3 33.437824745662724 101.33929724063185
      vertex 238.3 33.437824745662724 101.33929724063185
    endloop
  endfacet
  facet normal 0 -0.47139673682599254 0.8819212643483578
    outer loop
      vertex 238.3 33.437824745662724 101.33929724063185
      vertex 235.3 33.437824745662724 101.33929724063185
      vertex 235.3 32.88458698356828 101.04358549596388
    endloop
  endfacet
  facet normal 0 -0.47139673682599254 0.8819212643483578
    outer loop
      vertex 238.3 32.88458698356828 101.04358549596388
      vertex 238.3 33.437824745662724 101.33929724063185
      vertex 235.3 32.88458698356828 101.04358549596388
    endloop
  endfacet
  facet normal -1 0 0
    outer loop
      vertex 238.3 32.88458698356828 101.04358549596388
      vertex 238.3 29.88217525433727 101.33929724063185
      vertex 238.3 33.437824745662724 101.33929724063185
    endloop
  endfacet
  facet normal -1 0 0
    outer loop
      vertex 238.3 32.88458698356828 101.04358549596388
      vertex 238.3 32.2842890304516 100.86148710270966
      vertex 238.3 30.43541301643171 101.04358549596388
    endloop
  endfacet
  facet normal -1 0 0
    outer loop
      vertex 238.3 32.2842890304516 100.86148710270966
      vertex 238.3 31.659999999999997 100.8
      vertex 238.3 31.035710969548386 100.86148710270966
    endloop
  endfacet
  facet normal 1.90785350710605e-18 -0.290284677254464 0.9569403357322084
    outer loop
      vertex 238.3 32.88458698356828 101.04358549596388
      vertex 235.3 32.2842890304516 100.86148710270966
      vertex 238.3 32.2842890304516 100.86148710270966
    endloop
  endfacet
  facet normal 0 -0.290284677254464 0.9569403357322084
    outer loop
      vertex 238.3 32.88458698356828 101.04358549596388
      vertex 235.3 32.88458698356828 101.04358549596388
      vertex 235.3 32.2842890304516 100.86148710270966
    endloop
  endfacet
  facet normal 0 -0.09801714032956128 0.9951847266721968
    outer loop
      vertex 238.3 32.2842890304516 100.86148710270966
      vertex 235.3 32.2842890304516 100.86148710270966
      vertex 235.3 31.659999999999997 100.8
    endloop
  endfacet
  facet normal 5.427934442137045e-19 -0.09801714032956128 0.9951847266721968
    outer loop
      vertex 238.3 32.2842890304516 100.86148710270966
      vertex 235.3 31.659999999999997 100.8
      vertex 238.3 31.659999999999997 100.8
    endloop
  endfacet
  facet normal 0 0.09801714032956073 0.9951847266721969
    outer loop
      vertex 238.3 31.659999999999997 100.8
      vertex 235.3 31.659999999999997 100.8
      vertex 235.3 31.035710969548386 100.86148710270966
    endloop
  endfacet
  facet normal -1 0 0
    outer loop
      vertex 238.3 32.2842890304516 100.86148710270966
      vertex 238.3 31.035710969548386 100.86148710270966
      vertex 238.3 30.43541301643171 101.04358549596388
    endloop
  endfacet
  facet normal -1 0 0
    outer loop
      vertex 238.3 32.88458698356828 101.04358549596388
      vertex 238.3 30.43541301643171 101.04358549596388
      vertex 238.3 29.88217525433727 101.33929724063185
    endloop
  endfacet
  facet normal -1 0 0
    outer loop
      vertex 238.3 33.437824745662724 101.33929724063185
      vertex 238.3 29.88217525433727 101.33929724063185
      vertex 238.3 29.397258300203042 101.73725830020305
    endloop
  endfacet
  facet normal 1.3693583310301829e-18 0.09801714032956073 0.9951847266721969
    outer loop
      vertex 238.3 31.659999999999997 100.8
      vertex 235.3 31.035710969548386 100.86148710270966
      vertex 238.3 31.035710969548386 100.86148710270966
    endloop
  endfacet
  facet normal 2.643440942944734e-18 0.2902846772544656 0.9569403357322079
    outer loop
      vertex 238.3 31.035710969548386 100.86148710270966
      vertex 235.3 30.43541301643171 101.04358549596388
      vertex 238.3 30.43541301643171 101.04358549596388
    endloop
  endfacet
  facet normal 0 0.2902846772544656 0.9569403357322079
    outer loop
      vertex 238.3 31.035710969548386 100.86148710270966
      vertex 235.3 31.035710969548386 100.86148710270966
      vertex 235.3 30.43541301643171 101.04358549596388
    endloop
  endfacet
  facet normal 0 0.47139673682599254 0.8819212643483578
    outer loop
      vertex 238.3 30.43541301643171 101.04358549596388
      vertex 235.3 30.43541301643171 101.04358549596388
      vertex 235.3 29.88217525433727 101.33929724063185
    endloop
  endfacet
  facet normal 5.6245799574132245e-18 0.47139673682599254 0.8819212643483578
    outer loop
      vertex 238.3 30.43541301643171 101.04358549596388
      vertex 235.3 29.88217525433727 101.33929724063185
      vertex 238.3 29.88217525433727 101.33929724063185
    endloop
  endfacet
  facet normal 0 0.6343932841636519 0.7730104533627317
    outer loop
      vertex 238.3 29.88217525433727 101.33929724063185
      vertex 235.3 29.88217525433727 101.33929724063185
      vertex 235.3 29.397258300203042 101.73725830020305
    endloop
  endfacet
  facet normal -1 0 0
    outer loop
      vertex 238.3 34.79851289729034 103.3757109695484
      vertex 238.3 33.32733497668549 103.66834645257258
      vertex 238.3 34.86 104
    endloop
  endfacet
  facet normal -1 0 0
    outer loop
      vertex 238.3 34.86 104
      vertex 238.3 33.32733497668549 104.33165354742742
      vertex 238.3 34.79851289729034 104.6242890304516
    endloop
  endfacet
  facet normal 0 -0.9569403357322084 0.290284677254464
    outer loop
      vertex 238.3 34.616414504036115 102.77541301643171
      vertex 238.3 34.79851289729034 103.3757109695484
      vertex 235.3 34.616414504036115 102.77541301643171
    endloop
  endfacet
  facet normal 0 -0.9569403357322084 0.290284677254464
    outer loop
      vertex 238.3 34.79851289729034 103.3757109695484
      vertex 235.3 34.79851289729034 103.3757109695484
      vertex 235.3 34.616414504036115 102.77541301643171
    endloop
  endfacet
  facet normal -5.6245799574132245e-18 -0.8819212643483578 0.47139673682599254
    outer loop
      vertex 238.3 34.616414504036115 102.77541301643171
      vertex 235.3 34.320702759368146 102.22217525433727
      vertex 238.3 34.320702759368146 102.22217525433727
    endloop
  endfacet
  facet normal 0 -0.8819212643483578 0.47139673682599254
    outer loop
      vertex 238.3 34.616414504036115 102.77541301643171
      vertex 235.3 34.616414504036115 102.77541301643171
      vertex 235.3 34.320702759368146 102.22217525433727
    endloop
  endfacet
  facet normal 0 -0.9951847266721968 0.09801714032956128
    outer loop
      vertex 238.3 34.79851289729034 103.3757109695484
      vertex 238.3 34.86 104
      vertex 235.3 34.79851289729034 103.3757109695484
    endloop
  endfacet
  facet normal 0 -0.9951847266721968 -0.09801714032956128
    outer loop
      vertex 238.3 34.86 104
      vertex 238.3 34.79851289729034 104.6242890304516
      vertex 235.3 34.86 104
    endloop
  endfacet
  facet normal 0 -0.9951847266721968 0.09801714032956128
    outer loop
      vertex 238.3 34.86 104
      vertex 235.3 34.86 104
      vertex 235.3 34.79851289729034 103.3757109695484
    endloop
  endfacet
  facet normal 0 -0.9569403357322084 -0.290284677254464
    outer loop
      vertex 238.3 34.79851289729034 104.6242890304516
      vertex 238.3 34.616414504036115 105.22458698356829
      vertex 235.3 34.79851289729034 104.6242890304516
    endloop
  endfacet
  facet normal 0 -0.9951847266721968 -0.09801714032956128
    outer loop
      vertex 238.3 34.79851289729034 104.6242890304516
      vertex 235.3 34.79851289729034 104.6242890304516
      vertex 235.3 34.86 104
    endloop
  endfacet
  facet normal 0 -0.9569403357322084 -0.290284677254464
    outer loop
      vertex 238.3 34.616414504036115 105.22458698356829
      vertex 235.3 34.616414504036115 105.22458698356829
      vertex 235.3 34.79851289729034 104.6242890304516
    endloop
  endfacet
  facet normal -1 0 0
    outer loop
      vertex 238.3 34.616414504036115 102.77541301643171
      vertex 238.3 34.320702759368146 102.22217525433727
      vertex 238.3 32.86208152801713 102.79791847198287
    endloop
  endfacet
  facet normal -1 0 0
    outer loop
      vertex 238.3 34.616414504036115 102.77541301643171
      vertex 238.3 33.32733497668549 103.66834645257258
      vertex 238.3 34.79851289729034 103.3757109695484
    endloop
  endfacet
  facet normal -1 0 0
    outer loop
      vertex 238.3 34.616414504036115 102.77541301643171
      vertex 238.3 33.23059520526918 103.34943816497935
      vertex 238.3 33.32733497668549 103.66834645257258
    endloop
  endfacet
  facet normal -1 0 0
    outer loop
      vertex 238.3 34.616414504036115 102.77541301643171
      vertex 238.3 33.07349834091433 103.05553060386667
      vertex 238.3 33.23059520526918 103.34943816497935
    endloop
  endfacet
  facet normal -1 0 0
    outer loop
      vertex 238.3 34.616414504036115 102.77541301643171
      vertex 238.3 32.86208152801713 102.79791847198287
      vertex 238.3 33.07349834091433 103.05553060386667
    endloop
  endfacet
  facet normal -1 0 0
    outer loop
      vertex 238.3 34.320702759368146 102.22217525433727
      vertex 238.3 31.991653547427415 102.3326650233145
      vertex 238.3 32.31056183502065 102.42940479473081
    endloop
  endfacet
  facet normal -1 0 0
    outer loop
      vertex 238.3 34.320702759368146 102.22217525433727
      vertex 238.3 32.60446939613332 102.58650165908567
      vertex 238.3 32.86208152801713 102.79791847198287
    endloop
  endfacet
  facet normal -1 0 0
    outer loop
      vertex 238.3 34.320702759368146 102.22217525433727
      vertex 238.3 32.31056183502065 102.42940479473081
      vertex 238.3 32.60446939613332 102.58650165908567
    endloop
  endfacet
  facet normal -1 0 0
    outer loop
      vertex 238.3 33.32733497668549 103.66834645257258
      vertex 238.3 33.36 104
      vertex 238.3 34.86 104
    endloop
  endfacet
  facet normal -1 0 0
    outer loop
      vertex 238.3 34.86 104
      vertex 238.3 33.36 104
      vertex 238.3 33.32733497668549 104.33165354742742
    endloop
  endfacet
  facet normal -1 0 0
    outer loop
      vertex 238.3 34.79851289729034 104.6242890304516
      vertex 238.3 33.07349834091433 104.94446939613333
      vertex 238.3 34.616414504036115 105.22458698356829
    endloop
  endfacet
  facet normal -1 0 0
    outer loop
      vertex 238.3 34.79851289729034 104.6242890304516
      vertex 238.3 33.32733497668549 104.33165354742742
      vertex 238.3 33.23059520526918 104.65056183502065
    endloop
  endfacet
  facet normal -1 0 0
    outer loop
      vertex 238.3 34.79851289729034 104.6242890304516
      vertex 238.3 33.23059520526918 104.65056183502065
      vertex 238.3 33.07349834091433 104.94446939613333
    endloop
  endfacet
  facet normal -1 0 0
    outer loop
      vertex 238.3 34.616414504036115 105.22458698356829
      vertex 238.3 33.07349834091433 104.94446939613333
      vertex 238.3 32.86208152801713 105.20208152801713
    endloop
  endfacet
  facet normal 0 -0.7730104533627327 0.6343932841636507
    outer loop
      vertex 238.3 33.92274169979695 101.73725830020305
      vertex 238.3 34.320702759368146 102.22217525433727
      vertex 235.3 33.92274169979695 101.73725830020305
    endloop
  endfacet
  facet normal 0 -0.7730104533627327 0.6343932841636507
    outer loop
      vertex 238.3 34.320702759368146 102.22217525433727
      vertex 235.3 34.320702759368146 102.22217525433727
      vertex 235.3 33.92274169979695 101.73725830020305
    endloop
  endfacet
  facet normal 0 -0.6343932841636519 0.7730104533627317
    outer loop
      vertex 238.3 33.92274169979695 101.73725830020305
      vertex 235.3 33.92274169979695 101.73725830020305
      vertex 235.3 33.437824745662724 101.33929724063185
    endloop
  endfacet
  facet normal 0 -0.8819212643483578 -0.47139673682599254
    outer loop
      vertex 238.3 34.616414504036115 105.22458698356829
      vertex 238.3 34.320702759368146 105.77782474566273
      vertex 235.3 34.616414504036115 105.22458698356829
    endloop
  endfacet
  facet normal 0 -0.8819212643483578 -0.47139673682599254
    outer loop
      vertex 238.3 34.320702759368146 105.77782474566273
      vertex 235.3 34.320702759368146 105.77782474566273
      vertex 235.3 34.616414504036115 105.22458698356829
    endloop
  endfacet
  facet normal -1 0 0
    outer loop
      vertex 238.3 34.616414504036115 105.22458698356829
      vertex 238.3 32.31056183502065 105.57059520526919
      vertex 238.3 34.320702759368146 105.77782474566273
    endloop
  endfacet
  facet normal -1 0 0
    outer loop
      vertex 238.3 34.616414504036115 105.22458698356829
      vertex 238.3 32.86208152801713 105.20208152801713
      vertex 238.3 32.60446939613332 105.41349834091433
    endloop
  endfacet
  facet normal -1 0 0
    outer loop
      vertex 238.3 34.616414504036115 105.22458698356829
      vertex 238.3 32.60446939613332 105.41349834091433
      vertex 238.3 32.31056183502065 105.57059520526919
    endloop
  endfacet
  facet normal -1 0 0
    outer loop
      vertex 238.3 34.320702759368146 105.77782474566273
      vertex 238.3 32.31056183502065 105.57059520526919
      vertex 238.3 31.991653547427415 105.6673349766855
    endloop
  endfacet
  facet normal 0 -0.7730104533627327 -0.6343932841636507
    outer loop
      vertex 238.3 34.320702759368146 105.77782474566273
      vertex 238.3 33.92274169979695 106.26274169979695
      vertex 235.3 34.320702759368146 105.77782474566273
    endloop
  endfacet
  facet normal 0 -0.7730104533627327 -0.6343932841636507
    outer loop
      vertex 238.3 33.92274169979695 106.26274169979695
      vertex 235.3 33.92274169979695 106.26274169979695
      vertex 235.3 34.320702759368146 105.77782474566273
    endloop
  endfacet
  facet normal 0 -0.6343932841636519 -0.7730104533627317
    outer loop
      vertex 238.3 33.92274169979695 106.26274169979695
      vertex 238.3 33.437824745662724 106.66070275936815
      vertex 235.3 33.92274169979695 106.26274169979695
    endloop
  endfacet
  facet normal 0 -0.6343932841636519 -0.7730104533627317
    outer loop
      vertex 238.3 33.437824745662724 106.66070275936815
      vertex 235.3 33.437824745662724 106.66070275936815
      vertex 235.3 33.92274169979695 106.26274169979695
    endloop
  endfacet
  facet normal 0 -0.47139673682599254 -0.8819212643483578
    outer loop
      vertex 238.3 33.437824745662724 106.66070275936815
      vertex 238.3 32.88458698356828 106.95641450403612
      vertex 235.3 33.437824745662724 106.66070275936815
    endloop
  endfacet
  facet normal 0 -0.47139673682599254 -0.8819212643483578
    outer loop
      vertex 238.3 32.88458698356828 106.95641450403612
      vertex 235.3 32.88458698356828 106.95641450403612
      vertex 235.3 33.437824745662724 106.66070275936815
    endloop
  endfacet
  facet normal -1 0 0
    outer loop
      vertex 238.3 34.320702759368146 102.22217525433727
      vertex 238.3 31.659999999999997 102.3
      vertex 238.3 31.991653547427415 102.3326650233145
    endloop
  endfacet
  facet normal -1 0 0
    outer loop
      vertex 238.3 33.92274169979695 101.73725830020305
      vertex 238.3 28.99929724063185 102.22217525433727
      vertex 238.3 34.320702759368146 102.22217525433727
    endloop
  endfacet
  facet normal -1 0 0
    outer loop
      vertex 238.3 33.92274169979695 101.73725830020305
      vertex 238.3 33.437824745662724 101.33929724063185
      vertex 238.3 29.397258300203042 101.73725830020305
    endloop
  endfacet
  facet normal -1 0 0
    outer loop
      vertex 238.3 34.320702759368146 102.22217525433727
      vertex 238.3 28.99929724063185 102.22217525433727
      vertex 238.3 31.659999999999997 102.3
    endloop
  endfacet
  facet normal -1 0 0
    outer loop
      vertex 238.3 33.92274169979695 101.73725830020305
      vertex 238.3 29.397258300203042 101.73725830020305
      vertex 238.3 28.99929724063185 102.22217525433727
    endloop
  endfacet
  facet normal -1 0 0
    outer loop
      vertex 238.3 31.659999999999997 102.3
      vertex 238.3 28.99929724063185 102.22217525433727
      vertex 238.3 31.32834645257258 102.3326650233145
    endloop
  endfacet
  facet normal -1 0 0
    outer loop
      vertex 238.3 31.32834645257258 102.3326650233145
      vertex 238.3 28.99929724063185 102.22217525433727
      vertex 238.3 31.009438164979343 102.42940479473081
    endloop
  endfacet
  facet normal -1 0 0
    outer loop
      vertex 238.3 31.009438164979343 102.42940479473081
      vertex 238.3 28.70358549596388 102.77541301643171
      vertex 238.3 30.715530603866675 102.58650165908567
    endloop
  endfacet
  facet normal -1 0 0
    outer loop
      vertex 238.3 30.715530603866675 102.58650165908567
      vertex 238.3 28.70358549596388 102.77541301643171
      vertex 238.3 30.457918471982865 102.79791847198287
    endloop
  endfacet
  facet normal -1 0 0
    outer loop
      vertex 238.3 30.457918471982865 102.79791847198287
      vertex 238.3 28.70358549596388 102.77541301643171
      vertex 238.3 30.24650165908567 103.05553060386667
    endloop
  endfacet
  facet normal -1 0 0
    outer loop
      vertex 238.3 30.24650165908567 104.94446939613333
      vertex 238.3 28.70358549596388 105.22458698356829
      vertex 238.3 30.457918471982865 105.20208152801713
    endloop
  endfacet
  facet normal -1 0 0
    outer loop
      vertex 238.3 34.320702759368146 105.77782474566273
      vertex 238.3 31.991653547427415 105.6673349766855
      vertex 238.3 31.659999999999997 105.7
    endloop
  endfacet
  facet normal -1 0 0
    outer loop
      vertex 238.3 34.320702759368146 105.77782474566273
      vertex 238.3 29.397258300203042 106.26274169979695
      vertex 238.3 33.92274169979695 106.26274169979695
    endloop
  endfacet
  facet normal -1 0 0
    outer loop
      vertex 238.3 33.92274169979695 106.26274169979695
      vertex 238.3 29.88217525433727 106.66070275936815
      vertex 238.3 33.437824745662724 106.66070275936815
    endloop
  endfacet
  facet normal -1 0 0
    outer loop
      vertex 238.3 33.437824745662724 106.66070275936815
      vertex 238.3 30.43541301643171 106.95641450403612
      vertex 238.3 32.88458698356828 106.95641450403612
    endloop
  endfacet
  facet normal -1 0 0
    outer loop
      vertex 238.3 34.320702759368146 105.77782474566273
      vertex 238.3 31.659999999999997 105.7
      vertex 238.3 28.99929724063185 105.77782474566273
    endloop
  endfacet
  facet normal -1 0 0
    outer loop
      vertex 238.3 32.88458698356828 106.95641450403612
      vertex 238.3 31.035710969548386 107.13851289729034
      vertex 238.3 32.2842890304516 107.13851289729034
    endloop
  endfacet
  facet normal -1 0 0
    outer loop
      vertex 238.3 32.2842890304516 107.13851289729034
      vertex 238.3 31.035710969548386 107.13851289729034
      vertex 238.3 31.659999999999997 107.2
    endloop
  endfacet
  facet normal -1 0 0
    outer loop
      vertex 238.3 32.88458698356828 106.95641450403612
      vertex 238.3 30.43541301643171 106.95641450403612
      vertex 238.3 31.035710969548386 107.13851289729034
    endloop
  endfacet
  facet normal 0 -0.290284677254464 -0.9569403357322084
    outer loop
      vertex 238.3 32.88458698356828 106.95641450403612
      vertex 238.3 32.2842890304516 107.13851289729034
      vertex 235.3 32.88458698356828 106.95641450403612
    endloop
  endfacet
  facet normal 0 -0.290284677254464 -0.9569403357322084
    outer loop
      vertex 238.3 32.2842890304516 107.13851289729034
      vertex 235.3 32.2842890304516 107.13851289729034
      vertex 235.3 32.88458698356828 106.95641450403612
    endloop
  endfacet
  facet normal 0 -0.09801714032956128 -0.9951847266721968
    outer loop
      vertex 238.3 32.2842890304516 107.13851289729034
      vertex 238.3 31.659999999999997 107.2
      vertex 235.3 32.2842890304516 107.13851289729034
    endloop
  endfacet
  facet normal 0 -0.09801714032956128 -0.9951847266721968
    outer loop
      vertex 238.3 31.659999999999997 107.2
      vertex 235.3 31.659999999999997 107.2
      vertex 235.3 32.2842890304516 107.13851289729034
    endloop
  endfacet
  facet normal 0 0.09801714032956073 -0.9951847266721969
    outer loop
      vertex 238.3 31.659999999999997 107.2
      vertex 238.3 31.035710969548386 107.13851289729034
      vertex 235.3 31.659999999999997 107.2
    endloop
  endfacet
  facet normal -1 0 0
    outer loop
      vertex 238.3 34.320702759368146 105.77782474566273
      vertex 238.3 28.99929724063185 105.77782474566273
      vertex 238.3 29.397258300203042 106.26274169979695
    endloop
  endfacet
  facet normal -1 0 0
    outer loop
      vertex 238.3 31.659999999999997 105.7
      vertex 238.3 31.32834645257258 105.6673349766855
      vertex 238.3 28.99929724063185 105.77782474566273
    endloop
  endfacet
  facet normal -1 0 0
    outer loop
      vertex 238.3 33.92274169979695 106.26274169979695
      vertex 238.3 29.397258300203042 106.26274169979695
      vertex 238.3 29.88217525433727 106.66070275936815
    endloop
  endfacet
  facet normal -1 0 0
    outer loop
      vertex 238.3 33.437824745662724 106.66070275936815
      vertex 238.3 29.88217525433727 106.66070275936815
      vertex 238.3 30.43541301643171 106.95641450403612
    endloop
  endfacet
  facet normal -1 0 0
    outer loop
      vertex 238.3 31.32834645257258 105.6673349766855
      vertex 238.3 31.009438164979343 105.57059520526919
      vertex 238.3 28.99929724063185 105.77782474566273
    endloop
  endfacet
  facet normal -1 0 0
    outer loop
      vertex 238.3 30.715530603866675 105.41349834091433
      vertex 238.3 28.99929724063185 105.77782474566273
      vertex 238.3 31.009438164979343 105.57059520526919
    endloop
  endfacet
  facet normal -1 0 0
    outer loop
      vertex 238.3 30.715530603866675 105.41349834091433
      vertex 238.3 30.457918471982865 105.20208152801713
      vertex 238.3 28.99929724063185 105.77782474566273
    endloop
  endfacet
  facet normal 0 0.47139673682599254 -0.8819212643483578
    outer loop
      vertex 238.3 30.43541301643171 106.95641450403612
      vertex 238.3 29.88217525433727 106.66070275936815
      vertex 235.3 30.43541301643171 106.95641450403612
    endloop
  endfacet
  facet normal 0 0.47139673682599254 -0.8819212643483578
    outer loop
      vertex 238.3 29.88217525433727 106.66070275936815
      vertex 235.3 29.88217525433727 106.66070275936815
      vertex 235.3 30.43541301643171 106.95641450403612
    endloop
  endfacet
  facet normal 0 0.09801714032956073 -0.9951847266721969
    outer loop
      vertex 238.3 31.035710969548386 107.13851289729034
      vertex 235.3 31.035710969548386 107.13851289729034
      vertex 235.3 31.659999999999997 107.2
    endloop
  endfacet
  facet normal 0 0.2902846772544656 -0.9569403357322079
    outer loop
      vertex 238.3 31.035710969548386 107.13851289729034
      vertex 238.3 30.43541301643171 106.95641450403612
      vertex 235.3 31.035710969548386 107.13851289729034
    endloop
  endfacet
  facet normal 0 0.2902846772544656 -0.9569403357322079
    outer loop
      vertex 238.3 30.43541301643171 106.95641450403612
      vertex 235.3 30.43541301643171 106.95641450403612
      vertex 235.3 31.035710969548386 107.13851289729034
    endloop
  endfacet
  facet normal -1 0 0
    outer loop
      vertex 238.3 31.009438164979343 102.42940479473081
      vertex 238.3 28.99929724063185 102.22217525433727
      vertex 238.3 28.70358549596388 102.77541301643171
    endloop
  endfacet
  facet normal -1 0 0
    outer loop
      vertex 238.3 30.24650165908567 103.05553060386667
      vertex 238.3 28.52148710270966 103.3757109695484
      vertex 238.3 30.08940479473081 103.34943816497935
    endloop
  endfacet
  facet normal -1 0 0
    outer loop
      vertex 238.3 30.24650165908567 103.05553060386667
      vertex 238.3 28.70358549596388 102.77541301643171
      vertex 238.3 28.52148710270966 103.3757109695484
    endloop
  endfacet
  facet normal -1 0 0
    outer loop
      vertex 238.3 30.08940479473081 103.34943816497935
      vertex 238.3 28.52148710270966 103.3757109695484
      vertex 238.3 29.992665023314505 103.66834645257258
    endloop
  endfacet
  facet normal -1 0 0
    outer loop
      vertex 238.3 29.992665023314505 103.66834645257258
      vertex 238.3 28.459999999999997 104
      vertex 238.3 29.959999999999997 104
    endloop
  endfacet
  facet normal -1 0 0
    outer loop
      vertex 238.3 29.959999999999997 104
      vertex 238.3 28.459999999999997 104
      vertex 238.3 29.992665023314505 104.33165354742742
    endloop
  endfacet
  facet normal -1 0 0
    outer loop
      vertex 238.3 30.08940479473081 104.65056183502065
      vertex 238.3 28.70358549596388 105.22458698356829
      vertex 238.3 30.24650165908567 104.94446939613333
    endloop
  endfacet
  facet normal -1 0 0
    outer loop
      vertex 238.3 29.992665023314505 104.33165354742742
      vertex 238.3 28.70358549596388 105.22458698356829
      vertex 238.3 30.08940479473081 104.65056183502065
    endloop
  endfacet
  facet normal -1 0 0
    outer loop
      vertex 238.3 29.992665023314505 104.33165354742742
      vertex 238.3 28.52148710270966 104.6242890304516
      vertex 238.3 28.70358549596388 105.22458698356829
    endloop
  endfacet
  facet normal -1 0 0
    outer loop
      vertex 238.3 29.992665023314505 103.66834645257258
      vertex 238.3 28.52148710270966 103.3757109695484
      vertex 238.3 28.459999999999997 104
    endloop
  endfacet
  facet normal -1 0 0
    outer loop
      vertex 238.3 29.992665023314505 104.33165354742742
      vertex 238.3 28.459999999999997 104
      vertex 238.3 28.52148710270966 104.6242890304516
    endloop
  endfacet
  facet normal 8.430289923695627e-19 0.6343932841636519 0.7730104533627317
    outer loop
      vertex 238.3 29.88217525433727 101.33929724063185
      vertex 235.3 29.397258300203042 101.73725830020305
      vertex 238.3 29.397258300203042 101.73725830020305
    endloop
  endfacet
  facet normal 2.1134863905473005e-18 0.7730104533627354 0.6343932841636474
    outer loop
      vertex 238.3 29.397258300203042 101.73725830020305
      vertex 235.3 28.99929724063185 102.22217525433727
      vertex 238.3 28.99929724063185 102.22217525433727
    endloop
  endfacet
  facet normal 0 0.7730104533627354 0.6343932841636474
    outer loop
      vertex 238.3 29.397258300203042 101.73725830020305
      vertex 235.3 29.397258300203042 101.73725830020305
      vertex 235.3 28.99929724063185 102.22217525433727
    endloop
  endfacet
  facet normal -6.387069150943919e-18 0.8819212643483554 0.4713967368259969
    outer loop
      vertex 238.3 28.99929724063185 102.22217525433727
      vertex 235.3 28.70358549596388 102.77541301643171
      vertex 238.3 28.70358549596388 102.77541301643171
    endloop
  endfacet
  facet normal 0 0.8819212643483554 0.4713967368259969
    outer loop
      vertex 238.3 28.99929724063185 102.22217525433727
      vertex 235.3 28.99929724063185 102.22217525433727
      vertex 235.3 28.70358549596388 102.77541301643171
    endloop
  endfacet
  facet normal 3.079164774426354e-18 0.9569403357322099 0.29028467725445883
    outer loop
      vertex 238.3 28.70358549596388 102.77541301643171
      vertex 235.3 28.52148710270966 103.3757109695484
      vertex 238.3 28.52148710270966 103.3757109695484
    endloop
  endfacet
  facet normal 0 0.9569403357322099 0.29028467725445883
    outer loop
      vertex 238.3 28.70358549596388 102.77541301643171
      vertex 235.3 28.70358549596388 102.77541301643171
      vertex 235.3 28.52148710270966 103.3757109695484
    endloop
  endfacet
  facet normal -5.427934442137045e-19 0.9951847266721968 0.09801714032956128
    outer loop
      vertex 238.3 28.52148710270966 103.3757109695484
      vertex 235.3 28.459999999999997 104
      vertex 238.3 28.459999999999997 104
    endloop
  endfacet
  facet normal 0 0.9951847266721968 0.09801714032956128
    outer loop
      vertex 238.3 28.52148710270966 103.3757109695484
      vertex 235.3 28.52148710270966 103.3757109695484
      vertex 235.3 28.459999999999997 104
    endloop
  endfacet
  facet normal 0 0.9951847266721968 -0.09801714032956128
    outer loop
      vertex 238.3 28.459999999999997 104
      vertex 235.3 28.459999999999997 104
      vertex 235.3 28.52148710270966 104.6242890304516
    endloop
  endfacet
  facet normal 5.427934442137045e-19 0.9951847266721968 -0.09801714032956128
    outer loop
      vertex 238.3 28.459999999999997 104
      vertex 235.3 28.52148710270966 104.6242890304516
      vertex 238.3 28.52148710270966 104.6242890304516
    endloop
  endfacet
  facet normal -3.079164774426354e-18 0.9569403357322099 -0.29028467725445883
    outer loop
      vertex 238.3 28.52148710270966 104.6242890304516
      vertex 235.3 28.70358549596388 105.22458698356829
      vertex 238.3 28.70358549596388 105.22458698356829
    endloop
  endfacet
  facet normal 0 0.9569403357322099 -0.29028467725445883
    outer loop
      vertex 238.3 28.52148710270966 104.6242890304516
      vertex 235.3 28.52148710270966 104.6242890304516
      vertex 235.3 28.70358549596388 105.22458698356829
    endloop
  endfacet
  facet normal -1 0 0
    outer loop
      vertex 238.3 30.457918471982865 105.20208152801713
      vertex 238.3 28.70358549596388 105.22458698356829
      vertex 238.3 28.99929724063185 105.77782474566273
    endloop
  endfacet
  facet normal 0 0.7730104533627354 -0.6343932841636474
    outer loop
      vertex 238.3 28.99929724063185 105.77782474566273
      vertex 235.3 28.99929724063185 105.77782474566273
      vertex 235.3 29.397258300203042 106.26274169979695
    endloop
  endfacet
  facet normal 0 0.6343932841636519 -0.7730104533627317
    outer loop
      vertex 238.3 29.88217525433727 106.66070275936815
      vertex 238.3 29.397258300203042 106.26274169979695
      vertex 235.3 29.88217525433727 106.66070275936815
    endloop
  endfacet
  facet normal 0 0.6343932841636519 -0.7730104533627317
    outer loop
      vertex 238.3 29.397258300203042 106.26274169979695
      vertex 235.3 29.397258300203042 106.26274169979695
      vertex 235.3 29.88217525433727 106.66070275936815
    endloop
  endfacet
  facet normal 0 0.7730104533627354 -0.6343932841636474
    outer loop
      vertex 238.3 29.397258300203042 106.26274169979695
      vertex 238.3 28.99929724063185 105.77782474566273
      vertex 235.3 29.397258300203042 106.26274169979695
    endloop
  endfacet
  facet normal 6.387069150943919e-18 0.8819212643483554 -0.4713967368259969
    outer loop
      vertex 238.3 28.70358549596388 105.22458698356829
      vertex 235.3 28.99929724063185 105.77782474566273
      vertex 238.3 28.99929724063185 105.77782474566273
    endloop
  endfacet
  facet normal 0 0.8819212643483554 -0.4713967368259969
    outer loop
      vertex 238.3 28.70358549596388 105.22458698356829
      vertex 235.3 28.70358549596388 105.22458698356829
      vertex 235.3 28.99929724063185 105.77782474566273
    endloop
  endfacet
  facet normal 0 -0.7933533402912327 0.6087614290087238
    outer loop
      vertex 236.3 25.367106781186543 29.292893218813454
      vertex 241.3 25.367106781186543 29.292893218813454
      vertex 241.3 25.526025403784434 29.5
    endloop
  endfacet
  facet normal 0 -0.923879532511284 0.3826834323650964
    outer loop
      vertex 236.3 25.526025403784434 29.5
      vertex 241.3 25.526025403784434 29.5
      vertex 241.3 25.625925826289066 29.74118095489748
    endloop
  endfacet
  facet normal 0 -0.9914448613738109 0.13052619222004735
    outer loop
      vertex 236.3 25.625925826289066 29.74118095489748
      vertex 241.3 25.625925826289066 29.74118095489748
      vertex 241.3 25.659999999999997 30
    endloop
  endfacet
  facet normal 0 -0.9914448613738109 -0.13052619222004735
    outer loop
      vertex 236.3 25.659999999999997 30
      vertex 241.3 25.659999999999997 30
      vertex 241.3 25.625925826289066 30.25881904510252
    endloop
  endfacet
  facet normal 0 -0.923879532511284 -0.3826834323650964
    outer loop
      vertex 236.3 25.625925826289066 30.25881904510252
      vertex 241.3 25.625925826289066 30.25881904510252
      vertex 241.3 25.526025403784434 30.5
    endloop
  endfacet
  facet normal 0 -0.7933533402912327 -0.6087614290087238
    outer loop
      vertex 236.3 25.526025403784434 30.5
      vertex 241.3 25.526025403784434 30.5
      vertex 241.3 25.367106781186543 30.707106781186546
    endloop
  endfacet
  facet normal 0 -0.7933533402912327 0.6087614290087238
    outer loop
      vertex 236.3 25.526025403784434 29.5
      vertex 236.3 25.367106781186543 29.292893218813454
      vertex 241.3 25.526025403784434 29.5
    endloop
  endfacet
  facet normal 1.0678797507612338e-18 -0.923879532511284 0.3826834323650964
    outer loop
      vertex 236.3 25.526025403784434 29.5
      vertex 241.3 25.625925826289066 29.74118095489748
      vertex 236.3 25.625925826289066 29.74118095489748
    endloop
  endfacet
  facet normal 3.7483786512090347e-19 -0.9914448613738109 0.13052619222004735
    outer loop
      vertex 236.3 25.625925826289066 29.74118095489748
      vertex 241.3 25.659999999999997 30
      vertex 236.3 25.659999999999997 30
    endloop
  endfacet
  facet normal -3.7483786512090347e-19 -0.9914448613738109 -0.13052619222004735
    outer loop
      vertex 236.3 25.659999999999997 30
      vertex 241.3 25.625925826289066 30.25881904510252
      vertex 236.3 25.625925826289066 30.25881904510252
    endloop
  endfacet
  facet normal -1.0678797507612338e-18 -0.923879532511284 -0.3826834323650964
    outer loop
      vertex 236.3 25.625925826289066 30.25881904510252
      vertex 241.3 25.526025403784434 30.5
      vertex 236.3 25.526025403784434 30.5
    endloop
  endfacet
  facet normal 1.235939957764063e-18 -0.7933533402912327 -0.6087614290087238
    outer loop
      vertex 236.3 25.526025403784434 30.5
      vertex 241.3 25.367106781186543 30.707106781186546
      vertex 236.3 25.367106781186543 30.707106781186546
    endloop
  endfacet
  facet normal 0 -0.6087614290087238 0.7933533402912327
    outer loop
      vertex 236.3 25.159999999999997 29.133974596215563
      vertex 241.3 25.159999999999997 29.133974596215563
      vertex 241.3 25.367106781186543 29.292893218813454
    endloop
  endfacet
  facet normal 0 -0.3826834323650964 0.923879532511284
    outer loop
      vertex 236.3 24.918819045102516 29.03407417371093
      vertex 241.3 24.918819045102516 29.03407417371093
      vertex 241.3 25.159999999999997 29.133974596215563
    endloop
  endfacet
  facet normal 0 -0.13052619222004735 0.9914448613738109
    outer loop
      vertex 236.3 24.659999999999997 29
      vertex 241.3 24.659999999999997 29
      vertex 241.3 24.918819045102516 29.03407417371093
    endloop
  endfacet
  facet normal 0 -0.6087614290087238 -0.7933533402912327
    outer loop
      vertex 236.3 25.367106781186543 30.707106781186546
      vertex 241.3 25.367106781186543 30.707106781186546
      vertex 241.3 25.159999999999997 30.866025403784437
    endloop
  endfacet
  facet normal -1.235939957764063e-18 -0.6087614290087238 0.7933533402912327
    outer loop
      vertex 236.3 25.159999999999997 29.133974596215563
      vertex 241.3 25.367106781186543 29.292893218813454
      vertex 236.3 25.367106781186543 29.292893218813454
    endloop
  endfacet
  facet normal 0 -0.3826834323650964 0.923879532511284
    outer loop
      vertex 236.3 25.159999999999997 29.133974596215563
      vertex 236.3 24.918819045102516 29.03407417371093
      vertex 241.3 25.159999999999997 29.133974596215563
    endloop
  endfacet
  facet normal 0 -0.13052619222004735 0.9914448613738109
    outer loop
      vertex 236.3 24.918819045102516 29.03407417371093
      vertex 236.3 24.659999999999997 29
      vertex 241.3 24.918819045102516 29.03407417371093
    endloop
  endfacet
  facet normal 0 0.13052619222004735 0.9914448613738109
    outer loop
      vertex 236.3 24.401180954897477 29.03407417371093
      vertex 241.3 24.401180954897477 29.03407417371093
      vertex 241.3 24.659999999999997 29
    endloop
  endfacet
  facet normal 0 0.3826834323650964 0.923879532511284
    outer loop
      vertex 236.3 24.159999999999997 29.133974596215563
      vertex 241.3 24.159999999999997 29.133974596215563
      vertex 241.3 24.401180954897477 29.03407417371093
    endloop
  endfacet
  facet normal 0 0.6087614290087238 0.7933533402912327
    outer loop
      vertex 236.3 23.95289321881345 29.292893218813454
      vertex 241.3 23.95289321881345 29.292893218813454
      vertex 241.3 24.159999999999997 29.133974596215563
    endloop
  endfacet
  facet normal 0 0.7933533402912327 0.6087614290087238
    outer loop
      vertex 236.3 23.79397459621556 29.5
      vertex 241.3 23.79397459621556 29.5
      vertex 241.3 23.95289321881345 29.292893218813454
    endloop
  endfacet
  facet normal 0 0.7933533402912327 -0.6087614290087238
    outer loop
      vertex 236.3 23.95289321881345 30.707106781186546
      vertex 241.3 23.95289321881345 30.707106781186546
      vertex 241.3 23.79397459621556 30.5
    endloop
  endfacet
  facet normal 0 0.13052619222004735 0.9914448613738109
    outer loop
      vertex 236.3 24.659999999999997 29
      vertex 236.3 24.401180954897477 29.03407417371093
      vertex 241.3 24.659999999999997 29
    endloop
  endfacet
  facet normal 0 0.3826834323650964 0.923879532511284
    outer loop
      vertex 236.3 24.401180954897477 29.03407417371093
      vertex 236.3 24.159999999999997 29.133974596215563
      vertex 241.3 24.401180954897477 29.03407417371093
    endloop
  endfacet
  facet normal 0 0.6087614290087238 0.7933533402912327
    outer loop
      vertex 236.3 24.159999999999997 29.133974596215563
      vertex 236.3 23.95289321881345 29.292893218813454
      vertex 241.3 24.159999999999997 29.133974596215563
    endloop
  endfacet
  facet normal 0 0.7933533402912327 0.6087614290087238
    outer loop
      vertex 236.3 23.95289321881345 29.292893218813454
      vertex 236.3 23.79397459621556 29.5
      vertex 241.3 23.95289321881345 29.292893218813454
    endloop
  endfacet
  facet normal -1.235939957764063e-18 0.6087614290087238 -0.7933533402912327
    outer loop
      vertex 236.3 24.159999999999997 30.866025403784437
      vertex 241.3 23.95289321881345 30.707106781186546
      vertex 236.3 23.95289321881345 30.707106781186546
    endloop
  endfacet
  facet normal -1.235939957764063e-18 0.7933533402912327 -0.6087614290087238
    outer loop
      vertex 236.3 23.95289321881345 30.707106781186546
      vertex 241.3 23.79397459621556 30.5
      vertex 236.3 23.79397459621556 30.5
    endloop
  endfacet
  facet normal 0 -0.3826834323650964 -0.923879532511284
    outer loop
      vertex 236.3 25.159999999999997 30.866025403784437
      vertex 241.3 25.159999999999997 30.866025403784437
      vertex 241.3 24.918819045102516 30.96592582628907
    endloop
  endfacet
  facet normal 0 -0.13052619222004735 -0.9914448613738109
    outer loop
      vertex 236.3 24.918819045102516 30.96592582628907
      vertex 241.3 24.918819045102516 30.96592582628907
      vertex 241.3 24.659999999999997 31
    endloop
  endfacet
  facet normal 1.235939957764063e-18 -0.6087614290087238 -0.7933533402912327
    outer loop
      vertex 236.3 25.367106781186543 30.707106781186546
      vertex 241.3 25.159999999999997 30.866025403784437
      vertex 236.3 25.159999999999997 30.866025403784437
    endloop
  endfacet
  facet normal -1.0678797507612338e-18 -0.3826834323650964 -0.923879532511284
    outer loop
      vertex 236.3 25.159999999999997 30.866025403784437
      vertex 241.3 24.918819045102516 30.96592582628907
      vertex 236.3 24.918819045102516 30.96592582628907
    endloop
  endfacet
  facet normal -3.7483786512090347e-19 -0.13052619222004735 -0.9914448613738109
    outer loop
      vertex 236.3 24.918819045102516 30.96592582628907
      vertex 241.3 24.659999999999997 31
      vertex 236.3 24.659999999999997 31
    endloop
  endfacet
  facet normal 0 0.13052619222004735 -0.9914448613738109
    outer loop
      vertex 236.3 24.659999999999997 31
      vertex 241.3 24.659999999999997 31
      vertex 241.3 24.401180954897477 30.96592582628907
    endloop
  endfacet
  facet normal 0 0.3826834323650964 -0.923879532511284
    outer loop
      vertex 236.3 24.401180954897477 30.96592582628907
      vertex 241.3 24.401180954897477 30.96592582628907
      vertex 241.3 24.159999999999997 30.866025403784437
    endloop
  endfacet
  facet normal 0 0.6087614290087238 -0.7933533402912327
    outer loop
      vertex 236.3 24.159999999999997 30.866025403784437
      vertex 241.3 24.159999999999997 30.866025403784437
      vertex 241.3 23.95289321881345 30.707106781186546
    endloop
  endfacet
  facet normal 3.7483786512090347e-19 0.13052619222004735 -0.9914448613738109
    outer loop
      vertex 236.3 24.659999999999997 31
      vertex 241.3 24.401180954897477 30.96592582628907
      vertex 236.3 24.401180954897477 30.96592582628907
    endloop
  endfacet
  facet normal 0 0.3826834323650964 -0.923879532511284
    outer loop
      vertex 236.3 24.159999999999997 30.866025403784437
      vertex 236.3 24.401180954897477 30.96592582628907
      vertex 241.3 24.159999999999997 30.866025403784437
    endloop
  endfacet
  facet normal 1 0 0
    outer loop
      vertex 236.3 25.526025403784434 29.5
      vertex 236.3 23.95289321881345 29.292893218813454
      vertex 236.3 25.367106781186543 29.292893218813454
    endloop
  endfacet
  facet normal 1 0 0
    outer loop
      vertex 236.3 25.526025403784434 29.5
      vertex 236.3 25.625925826289066 29.74118095489748
      vertex 236.3 23.79397459621556 29.5
    endloop
  endfacet
  facet normal 1 0 0
    outer loop
      vertex 236.3 25.625925826289066 29.74118095489748
      vertex 236.3 25.659999999999997 30
      vertex 236.3 23.694074173710927 29.74118095489748
    endloop
  endfacet
  facet normal 1 0 0
    outer loop
      vertex 236.3 25.159999999999997 29.133974596215563
      vertex 236.3 25.367106781186543 29.292893218813454
      vertex 236.3 24.159999999999997 29.133974596215563
    endloop
  endfacet
  facet normal 1 0 0
    outer loop
      vertex 236.3 25.159999999999997 29.133974596215563
      vertex 236.3 24.401180954897477 29.03407417371093
      vertex 236.3 24.918819045102516 29.03407417371093
    endloop
  endfacet
  facet normal 1 0 0
    outer loop
      vertex 236.3 24.918819045102516 29.03407417371093
      vertex 236.3 24.401180954897477 29.03407417371093
      vertex 236.3 24.659999999999997 29
    endloop
  endfacet
  facet normal 1 0 0
    outer loop
      vertex 236.3 25.659999999999997 30
      vertex 236.3 25.625925826289066 30.25881904510252
      vertex 236.3 23.659999999999997 30
    endloop
  endfacet
  facet normal 1 0 0
    outer loop
      vertex 236.3 25.625925826289066 30.25881904510252
      vertex 236.3 25.526025403784434 30.5
      vertex 236.3 23.694074173710927 30.25881904510252
    endloop
  endfacet
  facet normal 1 0 0
    outer loop
      vertex 236.3 25.526025403784434 30.5
      vertex 236.3 25.367106781186543 30.707106781186546
      vertex 236.3 23.79397459621556 30.5
    endloop
  endfacet
  facet normal 1 0 0
    outer loop
      vertex 236.3 25.367106781186543 30.707106781186546
      vertex 236.3 25.159999999999997 30.866025403784437
      vertex 236.3 23.95289321881345 30.707106781186546
    endloop
  endfacet
  facet normal 1 0 0
    outer loop
      vertex 236.3 25.159999999999997 29.133974596215563
      vertex 236.3 24.159999999999997 29.133974596215563
      vertex 236.3 24.401180954897477 29.03407417371093
    endloop
  endfacet
  facet normal 1 0 0
    outer loop
      vertex 236.3 25.367106781186543 29.292893218813454
      vertex 236.3 23.95289321881345 29.292893218813454
      vertex 236.3 24.159999999999997 29.133974596215563
    endloop
  endfacet
  facet normal 1 0 0
    outer loop
      vertex 236.3 25.526025403784434 29.5
      vertex 236.3 23.79397459621556 29.5
      vertex 236.3 23.95289321881345 29.292893218813454
    endloop
  endfacet
  facet normal 1 0 0
    outer loop
      vertex 236.3 25.625925826289066 29.74118095489748
      vertex 236.3 23.694074173710927 29.74118095489748
      vertex 236.3 23.79397459621556 29.5
    endloop
  endfacet
  facet normal 1 0 0
    outer loop
      vertex 236.3 25.659999999999997 30
      vertex 236.3 23.659999999999997 30
      vertex 236.3 23.694074173710927 29.74118095489748
    endloop
  endfacet
  facet normal 1 0 0
    outer loop
      vertex 236.3 23.659999999999997 30
      vertex 236.3 25.625925826289066 30.25881904510252
      vertex 236.3 23.694074173710927 30.25881904510252
    endloop
  endfacet
  facet normal 1 0 0
    outer loop
      vertex 236.3 25.526025403784434 30.5
      vertex 236.3 23.79397459621556 30.5
      vertex 236.3 23.694074173710927 30.25881904510252
    endloop
  endfacet
  facet normal 1 0 0
    outer loop
      vertex 236.3 25.367106781186543 30.707106781186546
      vertex 236.3 23.95289321881345 30.707106781186546
      vertex 236.3 23.79397459621556 30.5
    endloop
  endfacet
  facet normal 1 0 0
    outer loop
      vertex 236.3 25.159999999999997 30.866025403784437
      vertex 236.3 24.918819045102516 30.96592582628907
      vertex 236.3 24.159999999999997 30.866025403784437
    endloop
  endfacet
  facet normal 1 0 0
    outer loop
      vertex 236.3 24.918819045102516 30.96592582628907
      vertex 236.3 24.659999999999997 31
      vertex 236.3 24.401180954897477 30.96592582628907
    endloop
  endfacet
  facet normal 1 0 0
    outer loop
      vertex 236.3 24.918819045102516 30.96592582628907
      vertex 236.3 24.401180954897477 30.96592582628907
      vertex 236.3 24.159999999999997 30.866025403784437
    endloop
  endfacet
  facet normal 1 0 0
    outer loop
      vertex 236.3 25.159999999999997 30.866025403784437
      vertex 236.3 24.159999999999997 30.866025403784437
      vertex 236.3 23.95289321881345 30.707106781186546
    endloop
  endfacet
  facet normal 0 0.923879532511284 0.3826834323650964
    outer loop
      vertex 236.3 23.694074173710927 29.74118095489748
      vertex 241.3 23.694074173710927 29.74118095489748
      vertex 241.3 23.79397459621556 29.5
    endloop
  endfacet
  facet normal 0 0.9914448613738109 0.13052619222004735
    outer loop
      vertex 236.3 23.659999999999997 30
      vertex 241.3 23.659999999999997 30
      vertex 241.3 23.694074173710927 29.74118095489748
    endloop
  endfacet
  facet normal 0 0.9914448613738109 -0.13052619222004735
    outer loop
      vertex 236.3 23.694074173710927 30.25881904510252
      vertex 241.3 23.694074173710927 30.25881904510252
      vertex 241.3 23.659999999999997 30
    endloop
  endfacet
  facet normal 0 0.923879532511284 -0.3826834323650964
    outer loop
      vertex 236.3 23.79397459621556 30.5
      vertex 241.3 23.79397459621556 30.5
      vertex 241.3 23.694074173710927 30.25881904510252
    endloop
  endfacet
  facet normal 0 0.923879532511284 0.3826834323650964
    outer loop
      vertex 236.3 23.79397459621556 29.5
      vertex 236.3 23.694074173710927 29.74118095489748
      vertex 241.3 23.79397459621556 29.5
    endloop
  endfacet
  facet normal 0 0.9914448613738109 0.13052619222004735
    outer loop
      vertex 236.3 23.694074173710927 29.74118095489748
      vertex 236.3 23.659999999999997 30
      vertex 241.3 23.694074173710927 29.74118095489748
    endloop
  endfacet
  facet normal 0 0.9914448613738109 -0.13052619222004735
    outer loop
      vertex 236.3 23.659999999999997 30
      vertex 236.3 23.694074173710927 30.25881904510252
      vertex 241.3 23.659999999999997 30
    endloop
  endfacet
  facet normal 0 0.923879532511284 -0.3826834323650964
    outer loop
      vertex 236.3 23.694074173710927 30.25881904510252
      vertex 236.3 23.79397459621556 30.5
      vertex 241.3 23.694074173710927 30.25881904510252
    endloop
  endfacet
  facet normal 0 -0.92387953251128 0.382683432365106
    outer loop
      vertex 236.3 25.526025403784434 89.5
      vertex 241.3 25.526025403784434 89.5
      vertex 241.3 25.625925826289066 89.74118095489747
    endloop
  endfacet
  facet normal 0 -0.7933533402912428 0.6087614290087107
    outer loop
      vertex 236.3 25.367106781186543 89.29289321881345
      vertex 241.3 25.367106781186543 89.29289321881345
      vertex 241.3 25.526025403784434 89.5
    endloop
  endfacet
  facet normal 0 -0.9914448613738115 0.13052619222004383
    outer loop
      vertex 236.3 25.625925826289066 89.74118095489747
      vertex 241.3 25.625925826289066 89.74118095489747
      vertex 241.3 25.659999999999997 90
    endloop
  endfacet
  facet normal 0 -0.9914448613738115 -0.13052619222004383
    outer loop
      vertex 236.3 25.659999999999997 90
      vertex 241.3 25.659999999999997 90
      vertex 241.3 25.625925826289066 90.25881904510253
    endloop
  endfacet
  facet normal 0 -0.92387953251128 -0.382683432365106
    outer loop
      vertex 236.3 25.625925826289066 90.25881904510253
      vertex 241.3 25.625925826289066 90.25881904510253
      vertex 241.3 25.526025403784434 90.5
    endloop
  endfacet
  facet normal 0 -0.7933533402912428 -0.6087614290087107
    outer loop
      vertex 236.3 25.526025403784434 90.5
      vertex 241.3 25.526025403784434 90.5
      vertex 241.3 25.367106781186543 90.70710678118655
    endloop
  endfacet
  facet normal -5.164895368125772e-19 -0.92387953251128 0.382683432365106
    outer loop
      vertex 236.3 25.526025403784434 89.5
      vertex 241.3 25.625925826289066 89.74118095489747
      vertex 236.3 25.625925826289066 89.74118095489747
    endloop
  endfacet
  facet normal 0 -0.7933533402912428 0.6087614290087107
    outer loop
      vertex 236.3 25.526025403784434 89.5
      vertex 236.3 25.367106781186543 89.29289321881345
      vertex 241.3 25.526025403784434 89.5
    endloop
  endfacet
  facet normal -1.995453683950649e-19 -0.9914448613738115 0.13052619222004383
    outer loop
      vertex 236.3 25.625925826289066 89.74118095489747
      vertex 241.3 25.659999999999997 90
      vertex 236.3 25.659999999999997 90
    endloop
  endfacet
  facet normal 1.995453683950649e-19 -0.9914448613738115 -0.13052619222004383
    outer loop
      vertex 236.3 25.659999999999997 90
      vertex 241.3 25.625925826289066 90.25881904510253
      vertex 236.3 25.625925826289066 90.25881904510253
    endloop
  endfacet
  facet normal 5.164895368125772e-19 -0.92387953251128 -0.382683432365106
    outer loop
      vertex 236.3 25.625925826289066 90.25881904510253
      vertex 241.3 25.526025403784434 90.5
      vertex 236.3 25.526025403784434 90.5
    endloop
  endfacet
  facet normal 0 -0.6087614290086981 0.7933533402912525
    outer loop
      vertex 236.3 25.159999999999997 89.13397459621557
      vertex 241.3 25.159999999999997 89.13397459621557
      vertex 241.3 25.367106781186543 89.29289321881345
    endloop
  endfacet
  facet normal 0 -0.3826834323650964 0.923879532511284
    outer loop
      vertex 236.3 24.918819045102516 89.03407417371093
      vertex 241.3 24.918819045102516 89.03407417371093
      vertex 241.3 25.159999999999997 89.13397459621557
    endloop
  endfacet
  facet normal 0 -0.1305261922200607 0.991444861373809
    outer loop
      vertex 236.3 24.659999999999997 89
      vertex 241.3 24.659999999999997 89
      vertex 241.3 24.918819045102516 89.03407417371093
    endloop
  endfacet
  facet normal -1.8526912972180566e-18 -0.6087614290086981 0.7933533402912525
    outer loop
      vertex 236.3 25.159999999999997 89.13397459621557
      vertex 241.3 25.367106781186543 89.29289321881345
      vertex 236.3 25.367106781186543 89.29289321881345
    endloop
  endfacet
  facet normal 0 -0.3826834323650964 0.923879532511284
    outer loop
      vertex 236.3 25.159999999999997 89.13397459621557
      vertex 236.3 24.918819045102516 89.03407417371093
      vertex 241.3 25.159999999999997 89.13397459621557
    endloop
  endfacet
  facet normal 0 -0.1305261922200607 0.991444861373809
    outer loop
      vertex 236.3 24.918819045102516 89.03407417371093
      vertex 236.3 24.659999999999997 89
      vertex 241.3 24.918819045102516 89.03407417371093
    endloop
  endfacet
  facet normal 0 0.1305261922200607 0.991444861373809
    outer loop
      vertex 236.3 24.401180954897477 89.03407417371093
      vertex 241.3 24.401180954897477 89.03407417371093
      vertex 241.3 24.659999999999997 89
    endloop
  endfacet
  facet normal 0 0.3826834323650964 0.923879532511284
    outer loop
      vertex 236.3 24.159999999999997 89.13397459621557
      vertex 241.3 24.159999999999997 89.13397459621557
      vertex 241.3 24.401180954897477 89.03407417371093
    endloop
  endfacet
  facet normal 0 0.6087614290086981 0.7933533402912525
    outer loop
      vertex 236.3 23.95289321881345 89.29289321881345
      vertex 241.3 23.95289321881345 89.29289321881345
      vertex 241.3 24.159999999999997 89.13397459621557
    endloop
  endfacet
  facet normal 0 0.7933533402912428 0.6087614290087107
    outer loop
      vertex 236.3 23.79397459621556 89.5
      vertex 241.3 23.79397459621556 89.5
      vertex 241.3 23.95289321881345 89.29289321881345
    endloop
  endfacet
  facet normal 0 0.1305261922200607 0.991444861373809
    outer loop
      vertex 236.3 24.659999999999997 89
      vertex 236.3 24.401180954897477 89.03407417371093
      vertex 241.3 24.659999999999997 89
    endloop
  endfacet
  facet normal 0 0.3826834323650964 0.923879532511284
    outer loop
      vertex 236.3 24.401180954897477 89.03407417371093
      vertex 236.3 24.159999999999997 89.13397459621557
      vertex 241.3 24.401180954897477 89.03407417371093
    endloop
  endfacet
  facet normal 0 0.6087614290086981 0.7933533402912525
    outer loop
      vertex 236.3 24.159999999999997 89.13397459621557
      vertex 236.3 23.95289321881345 89.29289321881345
      vertex 241.3 24.159999999999997 89.13397459621557
    endloop
  endfacet
  facet normal 0 0.7933533402912428 0.6087614290087107
    outer loop
      vertex 236.3 23.95289321881345 89.29289321881345
      vertex 236.3 23.79397459621556 89.5
      vertex 241.3 23.95289321881345 89.29289321881345
    endloop
  endfacet
  facet normal -2.657093571457812e-18 0.7933533402912428 -0.6087614290087107
    outer loop
      vertex 236.3 23.95289321881345 90.70710678118655
      vertex 241.3 23.79397459621556 90.5
      vertex 236.3 23.79397459621556 90.5
    endloop
  endfacet
  facet normal 1 0 0
    outer loop
      vertex 236.3 25.526025403784434 89.5
      vertex 236.3 23.95289321881345 89.29289321881345
      vertex 236.3 25.367106781186543 89.29289321881345
    endloop
  endfacet
  facet normal 1 0 0
    outer loop
      vertex 236.3 25.526025403784434 89.5
      vertex 236.3 25.625925826289066 89.74118095489747
      vertex 236.3 23.79397459621556 89.5
    endloop
  endfacet
  facet normal 1 0 0
    outer loop
      vertex 236.3 25.159999999999997 89.13397459621557
      vertex 236.3 25.367106781186543 89.29289321881345
      vertex 236.3 24.159999999999997 89.13397459621557
    endloop
  endfacet
  facet normal 1 0 0
    outer loop
      vertex 236.3 25.159999999999997 89.13397459621557
      vertex 236.3 24.401180954897477 89.03407417371093
      vertex 236.3 24.918819045102516 89.03407417371093
    endloop
  endfacet
  facet normal 1 0 0
    outer loop
      vertex 236.3 24.918819045102516 89.03407417371093
      vertex 236.3 24.401180954897477 89.03407417371093
      vertex 236.3 24.659999999999997 89
    endloop
  endfacet
  facet normal 1 0 0
    outer loop
      vertex 236.3 25.625925826289066 89.74118095489747
      vertex 236.3 25.659999999999997 90
      vertex 236.3 23.694074173710927 89.74118095489747
    endloop
  endfacet
  facet normal 1 0 0
    outer loop
      vertex 236.3 25.659999999999997 90
      vertex 236.3 25.625925826289066 90.25881904510253
      vertex 236.3 23.659999999999997 90
    endloop
  endfacet
  facet normal 1 0 0
    outer loop
      vertex 236.3 25.625925826289066 90.25881904510253
      vertex 236.3 25.526025403784434 90.5
      vertex 236.3 23.694074173710927 90.25881904510253
    endloop
  endfacet
  facet normal 1 0 0
    outer loop
      vertex 236.3 25.526025403784434 90.5
      vertex 236.3 25.367106781186543 90.70710678118655
      vertex 236.3 23.79397459621556 90.5
    endloop
  endfacet
  facet normal 1 0 0
    outer loop
      vertex 236.3 25.159999999999997 89.13397459621557
      vertex 236.3 24.159999999999997 89.13397459621557
      vertex 236.3 24.401180954897477 89.03407417371093
    endloop
  endfacet
  facet normal 1 0 0
    outer loop
      vertex 236.3 25.367106781186543 89.29289321881345
      vertex 236.3 23.95289321881345 89.29289321881345
      vertex 236.3 24.159999999999997 89.13397459621557
    endloop
  endfacet
  facet normal 1 0 0
    outer loop
      vertex 236.3 25.526025403784434 89.5
      vertex 236.3 23.79397459621556 89.5
      vertex 236.3 23.95289321881345 89.29289321881345
    endloop
  endfacet
  facet normal 1 0 0
    outer loop
      vertex 236.3 25.625925826289066 89.74118095489747
      vertex 236.3 23.694074173710927 89.74118095489747
      vertex 236.3 23.79397459621556 89.5
    endloop
  endfacet
  facet normal 1 0 0
    outer loop
      vertex 236.3 25.659999999999997 90
      vertex 236.3 23.659999999999997 90
      vertex 236.3 23.694074173710927 89.74118095489747
    endloop
  endfacet
  facet normal 1 0 0
    outer loop
      vertex 236.3 25.625925826289066 90.25881904510253
      vertex 236.3 23.694074173710927 90.25881904510253
      vertex 236.3 23.659999999999997 90
    endloop
  endfacet
  facet normal 1 0 0
    outer loop
      vertex 236.3 23.694074173710927 90.25881904510253
      vertex 236.3 25.526025403784434 90.5
      vertex 236.3 23.79397459621556 90.5
    endloop
  endfacet
  facet normal 2.657093571457812e-18 -0.7933533402912428 -0.6087614290087107
    outer loop
      vertex 236.3 25.526025403784434 90.5
      vertex 241.3 25.367106781186543 90.70710678118655
      vertex 236.3 25.367106781186543 90.70710678118655
    endloop
  endfacet
  facet normal 0 -0.6087614290086981 -0.7933533402912525
    outer loop
      vertex 236.3 25.367106781186543 90.70710678118655
      vertex 241.3 25.367106781186543 90.70710678118655
      vertex 241.3 25.159999999999997 90.86602540378443
    endloop
  endfacet
  facet normal 0 -0.3826834323650964 -0.923879532511284
    outer loop
      vertex 236.3 25.159999999999997 90.86602540378443
      vertex 241.3 25.159999999999997 90.86602540378443
      vertex 241.3 24.918819045102516 90.96592582628907
    endloop
  endfacet
  facet normal 0 -0.1305261922200607 -0.991444861373809
    outer loop
      vertex 236.3 24.918819045102516 90.96592582628907
      vertex 241.3 24.918819045102516 90.96592582628907
      vertex 241.3 24.659999999999997 91
    endloop
  endfacet
  facet normal 1.8526912972180566e-18 -0.6087614290086981 -0.7933533402912525
    outer loop
      vertex 236.3 25.367106781186543 90.70710678118655
      vertex 241.3 25.159999999999997 90.86602540378443
      vertex 236.3 25.159999999999997 90.86602540378443
    endloop
  endfacet
  facet normal -1.0678797507612338e-18 -0.3826834323650964 -0.923879532511284
    outer loop
      vertex 236.3 25.159999999999997 90.86602540378443
      vertex 241.3 24.918819045102516 90.96592582628907
      vertex 236.3 24.918819045102516 90.96592582628907
    endloop
  endfacet
  facet normal -4.564457020512369e-19 -0.1305261922200607 -0.991444861373809
    outer loop
      vertex 236.3 24.918819045102516 90.96592582628907
      vertex 241.3 24.659999999999997 91
      vertex 236.3 24.659999999999997 91
    endloop
  endfacet
  facet normal 0 0.1305261922200607 -0.991444861373809
    outer loop
      vertex 236.3 24.659999999999997 91
      vertex 241.3 24.659999999999997 91
      vertex 241.3 24.401180954897477 90.96592582628907
    endloop
  endfacet
  facet normal 0 0.3826834323650964 -0.923879532511284
    outer loop
      vertex 236.3 24.401180954897477 90.96592582628907
      vertex 241.3 24.401180954897477 90.96592582628907
      vertex 241.3 24.159999999999997 90.86602540378443
    endloop
  endfacet
  facet normal 0 0.6087614290086981 -0.7933533402912525
    outer loop
      vertex 236.3 24.159999999999997 90.86602540378443
      vertex 241.3 24.159999999999997 90.86602540378443
      vertex 241.3 23.95289321881345 90.70710678118655
    endloop
  endfacet
  facet normal 0 0.7933533402912428 -0.6087614290087107
    outer loop
      vertex 236.3 23.95289321881345 90.70710678118655
      vertex 241.3 23.95289321881345 90.70710678118655
      vertex 241.3 23.79397459621556 90.5
    endloop
  endfacet
  facet normal 4.564457020512369e-19 0.1305261922200607 -0.991444861373809
    outer loop
      vertex 236.3 24.659999999999997 91
      vertex 241.3 24.401180954897477 90.96592582628907
      vertex 236.3 24.401180954897477 90.96592582628907
    endloop
  endfacet
  facet normal 1.0678797507612338e-18 0.3826834323650964 -0.923879532511284
    outer loop
      vertex 236.3 24.401180954897477 90.96592582628907
      vertex 241.3 24.159999999999997 90.86602540378443
      vertex 236.3 24.159999999999997 90.86602540378443
    endloop
  endfacet
  facet normal 0 0.6087614290086981 -0.7933533402912525
    outer loop
      vertex 236.3 23.95289321881345 90.70710678118655
      vertex 236.3 24.159999999999997 90.86602540378443
      vertex 241.3 23.95289321881345 90.70710678118655
    endloop
  endfacet
  facet normal 1 0 0
    outer loop
      vertex 236.3 25.367106781186543 90.70710678118655
      vertex 236.3 25.159999999999997 90.86602540378443
      vertex 236.3 23.95289321881345 90.70710678118655
    endloop
  endfacet
  facet normal 1 0 0
    outer loop
      vertex 236.3 25.159999999999997 90.86602540378443
      vertex 236.3 24.918819045102516 90.96592582628907
      vertex 236.3 24.159999999999997 90.86602540378443
    endloop
  endfacet
  facet normal 1 0 0
    outer loop
      vertex 236.3 24.918819045102516 90.96592582628907
      vertex 236.3 24.659999999999997 91
      vertex 236.3 24.401180954897477 90.96592582628907
    endloop
  endfacet
  facet normal 1 0 0
    outer loop
      vertex 236.3 25.159999999999997 90.86602540378443
      vertex 236.3 24.159999999999997 90.86602540378443
      vertex 236.3 23.95289321881345 90.70710678118655
    endloop
  endfacet
  facet normal 1 0 0
    outer loop
      vertex 236.3 24.918819045102516 90.96592582628907
      vertex 236.3 24.401180954897477 90.96592582628907
      vertex 236.3 24.159999999999997 90.86602540378443
    endloop
  endfacet
  facet normal 1 0 0
    outer loop
      vertex 236.3 25.367106781186543 90.70710678118655
      vertex 236.3 23.95289321881345 90.70710678118655
      vertex 236.3 23.79397459621556 90.5
    endloop
  endfacet
  facet normal 0 0.92387953251128 0.382683432365106
    outer loop
      vertex 236.3 23.694074173710927 89.74118095489747
      vertex 241.3 23.694074173710927 89.74118095489747
      vertex 241.3 23.79397459621556 89.5
    endloop
  endfacet
  facet normal 0 0.9914448613738115 0.13052619222004383
    outer loop
      vertex 236.3 23.659999999999997 90
      vertex 241.3 23.659999999999997 90
      vertex 241.3 23.694074173710927 89.74118095489747
    endloop
  endfacet
  facet normal 0 0.9914448613738115 -0.13052619222004383
    outer loop
      vertex 236.3 23.694074173710927 90.25881904510253
      vertex 241.3 23.694074173710927 90.25881904510253
      vertex 241.3 23.659999999999997 90
    endloop
  endfacet
  facet normal 0 0.92387953251128 -0.382683432365106
    outer loop
      vertex 236.3 23.79397459621556 90.5
      vertex 241.3 23.79397459621556 90.5
      vertex 241.3 23.694074173710927 90.25881904510253
    endloop
  endfacet
  facet normal 0 0.92387953251128 0.382683432365106
    outer loop
      vertex 236.3 23.79397459621556 89.5
      vertex 236.3 23.694074173710927 89.74118095489747
      vertex 241.3 23.79397459621556 89.5
    endloop
  endfacet
  facet normal 0 0.9914448613738115 0.13052619222004383
    outer loop
      vertex 236.3 23.694074173710927 89.74118095489747
      vertex 236.3 23.659999999999997 90
      vertex 241.3 23.694074173710927 89.74118095489747
    endloop
  endfacet
  facet normal 0 0.9914448613738115 -0.13052619222004383
    outer loop
      vertex 236.3 23.659999999999997 90
      vertex 236.3 23.694074173710927 90.25881904510253
      vertex 241.3 23.659999999999997 90
    endloop
  endfacet
  facet normal 0 0.92387953251128 -0.382683432365106
    outer loop
      vertex 236.3 23.694074173710927 90.25881904510253
      vertex 236.3 23.79397459621556 90.5
      vertex 241.3 23.694074173710927 90.25881904510253
    endloop
  endfacet
  facet normal 0 -1 0
    outer loop
      vertex 183.10000000000002 7.859999999999999 4
      vertex 195.5 7.859999999999999 0
      vertex 195.5 7.859999999999999 4
    endloop
  endfacet
  facet normal -1 0 0
    outer loop
      vertex 195.5 3.460000000000001 0
      vertex 195.5 7.859999999999999 4
      vertex 195.5 7.859999999999999 0
    endloop
  endfacet
  facet normal -1 0 0
    outer loop
      vertex 195.5 7.859999999999999 4.1000000000000005
      vertex 195.5 7.859999999999999 4
      vertex 195.5 3.460000000000001 0
    endloop
  endfacet
  facet normal 0 -1 0
    outer loop
      vertex 183.10000000000002 7.859999999999999 4
      vertex 183.10000000000002 7.859999999999999 0
      vertex 195.5 7.859999999999999 0
    endloop
  endfacet
  facet normal 1 0 0
    outer loop
      vertex 183.10000000000002 3.460000000000001 4
      vertex 183.10000000000002 7.859999999999999 0
      vertex 183.10000000000002 7.859999999999999 4
    endloop
  endfacet
  facet normal -1 0 0
    outer loop
      vertex 195.5 7.859999999999999 4.1000000000000005
      vertex 195.5 3.460000000000001 0
      vertex 195.5 3.460000000000001 4
    endloop
  endfacet
  facet normal 0 1 0
    outer loop
      vertex 195.5 3.460000000000001 0
      vertex 183.10000000000002 3.460000000000001 0
      vertex 195.5 3.460000000000001 4
    endloop
  endfacet
  facet normal -1 0 0
    outer loop
      vertex 195.5 3.460000000000001 4
      vertex 195.5 3.460000000000001 4.1000000000000005
      vertex 195.5 7.859999999999999 4.1000000000000005
    endloop
  endfacet
  facet normal 1 0 0
    outer loop
      vertex 183.10000000000002 7.859999999999999 0
      vertex 183.10000000000002 3.460000000000001 4
      vertex 183.10000000000002 3.460000000000001 0
    endloop
  endfacet
  facet normal 0 1 0
    outer loop
      vertex 195.5 3.460000000000001 4
      vertex 183.10000000000002 3.460000000000001 0
      vertex 183.10000000000002 3.460000000000001 4
    endloop
  endfacet
  facet normal -1 0 0
    outer loop
      vertex 103.30000000000001 43.66 4
      vertex 103.30000000000001 43.66 0
      vertex 103.30000000000001 40.66 4
    endloop
  endfacet
  facet normal -1 0 0
    outer loop
      vertex 103.30000000000001 43.66 4
      vertex 103.30000000000001 40.66 4.1000000000000005
      vertex 103.30000000000001 43.66 4.1000000000000005
    endloop
  endfacet
  facet normal -1 0 0
    outer loop
      vertex 103.30000000000001 43.66 4
      vertex 103.30000000000001 40.66 4
      vertex 103.30000000000001 40.66 4.1000000000000005
    endloop
  endfacet
  facet normal 0 0 -1
    outer loop
      vertex 103.30000000000001 43.66 4.1000000000000005
      vertex 55.30000000000001 40.66 4.1000000000000005
      vertex 55.30000000000001 43.66 4.1000000000000005
    endloop
  endfacet
  facet normal 0 0 -1
    outer loop
      vertex 103.30000000000001 43.66 4.1000000000000005
      vertex 103.30000000000001 40.66 4.1000000000000005
      vertex 55.30000000000001 40.66 4.1000000000000005
    endloop
  endfacet
  facet normal -1 0 0
    outer loop
      vertex 103.30000000000001 15.659999999999997 0
      vertex 103.30000000000001 40.66 4
      vertex 103.30000000000001 43.66 0
    endloop
  endfacet
  facet normal -1 0 0
    outer loop
      vertex 103.30000000000001 40.66 4
      vertex 103.30000000000001 15.659999999999997 0
      vertex 103.30000000000001 15.659999999999997 4
    endloop
  endfacet
  facet normal 1 0 0
    outer loop
      vertex 55.30000000000001 40.66 4
      vertex 55.30000000000001 43.66 0
      vertex 55.30000000000001 43.66 4
    endloop
  endfacet
  facet normal 1 0 0
    outer loop
      vertex 55.30000000000001 43.66 4
      vertex 55.30000000000001 43.66 4.1000000000000005
      vertex 55.30000000000001 40.66 4
    endloop
  endfacet
  facet normal 1 0 0
    outer loop
      vertex 55.30000000000001 40.66 4
      vertex 55.30000000000001 43.66 4.1000000000000005
      vertex 55.30000000000001 40.66 4.1000000000000005
    endloop
  endfacet
  facet normal 1 0 0
    outer loop
      vertex 55.30000000000001 40.66 4
      vertex 55.30000000000001 15.659999999999997 4
      vertex 55.30000000000001 43.66 0
    endloop
  endfacet
  facet normal 1 0 0
    outer loop
      vertex 55.30000000000001 43.66 0
      vertex 55.30000000000001 15.659999999999997 4
      vertex 55.30000000000001 15.659999999999997 0
    endloop
  endfacet
  facet normal 0 1 0
    outer loop
      vertex 103.30000000000001 15.659999999999997 4
      vertex 103.30000000000001 15.659999999999997 0
      vertex 55.30000000000001 15.659999999999997 4
    endloop
  endfacet
  facet normal 0 1 0
    outer loop
      vertex 103.30000000000001 15.659999999999997 0
      vertex 55.30000000000001 15.659999999999997 0
      vertex 55.30000000000001 15.659999999999997 4
    endloop
  endfacet
endsolid OpenSCAD_Model
